﻿,Titles,Polarity,Positive,Neutral,Negative
0,Prologis Continues Green Building Leadership with LEED v4 Volume Program,0.794,0.066,0.883,0.051
1,Prologis Continues Green Building Leadership with LEED v4 Volume Program,0.794,0.066,0.883,0.051
2,Were Hedge Funds Right About Piling Into Fiserv (FISV)?,0.999,0.107,0.871,0.022
3,"The Zacks Analyst Blog Highlights: Steel Dynamics, Harley-Davidson, Prologis and Sterling Bancorp",0.999,0.126,0.849,0.026
4,"The Zacks Analyst Blog Highlights: Steel Dynamics, Harley-Davidson, Prologis and Sterling Bancorp",0.999,0.126,0.849,0.026
