﻿,Titles,Polarity,Positive,Neutral,Negative
0,"Lifshitz Law PLLC Announces Investigations of Steel Connect, Inc. (NASDAQCM: STCN), Prologis, Inc. (NYSE: PLD), Electro-Sensors, Inc. (NASDAQCM: ELSE), Duke Realty Corporation (NYSE: DRE)",0.992,0.128,0.858,0.014
1,Prologis to Acquire Duke Realty in $26 Billion Deal,0.727,0.217,0.783,0.0
2,Prologis agrees to acquire competitor Duke Realty for $26 billion,0.494,0.046,0.954,0.0
3,U.S. Stocks Extend Sell-Off As S&amp;P 500 Falls Back Into Bear Market; These IBD 50 Stocks Fall Below 50-Day Line,-0.691,0.0,0.717,0.283
4,Prologis to merge with Duke Realty in $26 billion all-stock deal,0.758,0.102,0.898,0.0
5,"Amazon Builds Property Empire, Quietly Buying Land Across the US",0.999,0.12,0.832,0.048
6,Prologis to Buy Duke Realty in $26 Billion Deal,0.494,0.132,0.868,0.0
7,Here's Why You Should Retain Realty Income (O) Stock Now,0.993,0.094,0.878,0.028
8,Duke Realty stock jumps after Prologis buyout bid implies 12% premium and market cap of $21.4 billion,0.943,0.226,0.747,0.026
9,Warehouse giant Prologis agrees $26 billion merger with Duke Realty,0.954,0.09,0.88,0.031
10,Prologis to Combine with Duke Realty in $26 Billion All-Stock Transaction,0.999,0.103,0.86,0.037
