﻿,Titles,Polarity,Positive,Neutral,Negative
0,"Top Research Reports for salesforce, Shopify &amp; AstraZeneca",1.0,0.212,0.752,0.037
1,"Top Research Reports for salesforce, Shopify &amp; AstraZeneca",1.0,0.212,0.752,0.037
2,"Here is What Hedge Funds Think About The TJX Companies, Inc. (TJX)",0.997,0.094,0.886,0.02
3,"Here is What Hedge Funds Think About The TJX Companies, Inc. (TJX)",0.997,0.094,0.886,0.02
4,Have You Missed This Reopening Stock?,0.823,0.135,0.865,0.0
5,Have You Missed This Reopening Stock?,0.823,0.135,0.865,0.0
