﻿,Titles,Polarity,Positive,Neutral,Negative
0,"Hamilton Capital, LLC Buys Vanguard S&amp;P 500 Value ETF, iShares Core S&amp;P Mid-Cap ETF, ...",0.997,0.074,0.921,0.006
1,"Ninepoint Partners LP Buys Crescent Point Energy Corp, Enerplus Corp, iShares iBoxx USD High ...",0.996,0.072,0.914,0.014
2,Was The Smart Money Right About GlaxoSmithKline plc (GSK)?,0.999,0.119,0.864,0.018
3,Prologis sells Palm Beach County warehouses for $41M,0.772,0.143,0.857,0.0
4,"WFA of San Diego, LLC Buys Lincoln Electric Holdings Inc, Invesco BulletShares 2024 High Yield ...",0.988,0.049,0.932,0.019
5,"DT Investment Partners, LLC Buys BTC iShares Intermediate Government/Credit Bond ET, Amgen Inc, ...",0.995,0.066,0.923,0.011
6,Was The Smart Money Right About Prologis Inc (PLD)?,0.998,0.118,0.857,0.025
