﻿,Titles,Polarity,Positive,Neutral,Negative
0,Duke Realty Stock Is Soaring. The Prologis Buyout Offer Is ‘Insufficient.’,-0.052,0.122,0.748,0.13
1,Duke Realty Rejects Nearly $24 Billion Buyout Offer From Prologis,0.0,0.0,1.0,0.0
2,Duke Realty stock rallies after it calls Prologis' latest buyout bid 'insufficient',0.943,0.198,0.802,0.0
3,Duke Realty rejects 'insufficient' Prologis' $23.7 bln buyout offer,0.511,0.057,0.913,0.03
4,Duke Realty Rebuffs Prologis’s $24 Billion Bid as ‘Insufficient’,0.867,0.08,0.871,0.048
5,"Duke Realty Responds to Acquisition Proposal from Prologis, Inc.",-0.948,0.071,0.858,0.071
6,"Duke Realty Responds to Acquisition Proposal from Prologis, Inc.",-0.899,0.075,0.855,0.07
7,These Real Estate Trends Aren't Going Away: How You Can Profit,0.961,0.241,0.759,0.0
8,Prologis Proposes Almost $24B Acquisition Deal For Duke Realty,0.992,0.19,0.792,0.018
9,Five things to know about Prologis' hostile bid for Duke Realty,0.0,0.0,1.0,0.0
