﻿,Titles,Polarity,Positive,Neutral,Negative
0,"RBA Wealth Management, LLC Buys UnitedHealth Group Inc, Microsoft Corp, Prologis Inc, Sells ...",0.998,0.122,0.863,0.015
1,Did Hedge Funds Catch A Break With Lockheed Martin Corporation (LMT)?,0.999,0.133,0.84,0.027
2,"Did Hedge Funds Get Airbnb, Inc. (ABNB) Right?",0.999,0.113,0.863,0.024
3,Did The Smart Money Play Atlassian Corporation Plc (TEAM) Correctly?,0.997,0.096,0.882,0.023
4,"Hengehold Capital Management Llc Buys Schwab US Aggregate Bond ETF, iShares National Muni Bond ...",0.996,0.059,0.938,0.004
5,These 2 REITs Are Getting Humongous Rent Increases,0.44,0.121,0.879,0.0
6,4 Reasons Industrial Real Estate Is Unstoppable in 2022,0.813,0.251,0.749,0.0
7,Was The Smart Money Right About Booking Holdings Inc. (BKNG)?,0.998,0.115,0.863,0.022
