﻿,Titles,Polarity,Positive,Neutral,Negative
0,Prologis Inc (PLD) Q1 2021 Earnings Call Transcript,0.0,0.0,1.0,0.0
1,"Prologis (PLD) Surpasses Q1 FFO Estimates, Raises 2021 View",0.997,0.1,0.879,0.022
2,Prologis to Host Earnings Call,0.727,0.04,0.96,0.0
3,Prologis to Host Earnings Call,0.727,0.04,0.96,0.0
4,Prologis (PLD) Q1 FFO and Revenues Top Estimates,0.995,0.105,0.889,0.006
5,"Prologis beats profit expectations, raises guidance on continuing 'robust demand'",0.967,0.115,0.878,0.007
6,Prologis Reports First Quarter 2021 Earnings Results,1.0,0.118,0.837,0.045
7,Prologis Reports First Quarter 2021 Earnings Results,1.0,0.118,0.837,0.045
