﻿,Titles,Polarity,Positive,Neutral,Negative
0,"SITE Centers (SITC) Refinances Credit Facility, Stock Up",0.994,0.127,0.837,0.036
1,"This Industrial REIT Is Seeing ""Unprecedented"" Rent Growth",0.44,0.127,0.873,0.0
2,Wall Street Analysts Think Prologis (PLD) Could Surge 30%: Read This Before Placing a Bet,0.999,0.173,0.793,0.034
3,"The Zacks Analyst Blog Highlights Citigroup, Prologis, Automatic Data Processing, Keurig Dr Pepper and CrowdStrike Holdings",0.998,0.129,0.845,0.026
4,"Terreno Realty (TRNO) Leases Kent Property, Sees Solid Demand",0.995,0.119,0.869,0.013
5,5 Reasons to Add Prologis (PLD) Stock to Your Portfolio,0.999,0.16,0.828,0.013
