﻿,Titles,Polarity,Positive,Neutral,Negative
0,"Prologis buys 322,000-square-foot office campus in Orange County",0.511,0.099,0.901,0.0
1,"Hartline Investment Corp Buys PayPal Holdings Inc, Cloudflare Inc, Snowflake Inc, Sells ...",0.991,0.054,0.937,0.009
2,"Paradigm, Strategies in Wealth Management, LLC Buys iShares iBonds Dec 2023 Term Corporate ETF, ...",0.999,0.122,0.874,0.004
3,"Financial Avengers, Inc. Buys Berkshire Hathaway Inc, Dropbox Inc, Adobe Inc, Sells AT&amp;T ...",0.993,0.053,0.943,0.004
4,"AMF Tjanstepension AB Buys Berkshire Hathaway Inc, IQVIA Holdings Inc, Lam Research Corp, Sells ...",0.991,0.044,0.946,0.01
5,These 7 Companies' Profit Beat Everyone's Wildest Dreams,0.44,0.121,0.879,0.0
6,REITs Grew Over 40% in 2021. Will That Trend Continue?,0.91,0.19,0.81,0.0
7,Seven Companies' Profits Beat Everyone's Wildest Dreams,0.44,0.121,0.879,0.0
