﻿,Titles,Polarity,Positive,Neutral,Negative
0,"Despite slowdown fears, East Bay industrial market recorded 2021-level growth in Q2",0.612,0.161,0.839,0.0
1,Prologis (PLD) Q2 2022 Earnings Call Transcript,-0.026,0.128,0.774,0.098
2,"Prologis (PLD) Q2 FFO &amp; Revenues Grow Y/Y, 2022 View Up",0.997,0.112,0.87,0.018
3,Prologis (PLD) Lags Q2 FFO and Revenue Estimates,0.996,0.104,0.882,0.013
4,Prologis Sees Its Charts Improve Ahead of Higher Quarterly Results,0.296,0.115,0.885,0.0
5,Prologis Reports Second Quarter 2022 Earnings Results,0.999,0.093,0.864,0.044
6,"Zacks Industry Outlook Highlights Prologis, Extra Space Storage and Host Hotels &amp; Resorts",1.0,0.161,0.808,0.031
