﻿,Titles,Polarity,Positive,Neutral,Negative
0,Prologis Sees Record Rent Growth For Logistics Space,0.961,0.063,0.912,0.025
1,"Prologis, inc (PLD) Q2 2021 Earnings Call Transcript",0.0,0.0,1.0,0.0
2,"Prologis (PLD) Beats Q2 FFO Estimates, Raises 2021 Guidance",0.994,0.086,0.897,0.017
3,"Prologis Sees Logistics Real Estate Markets Tighten Further In Q2, Raises Guidance",0.99,0.113,0.872,0.015
4,Prologis (PLD) Q2 FFO Top Estimates,0.995,0.105,0.886,0.009
5,Prologis Reports Second Quarter 2021 Earnings Results,1.0,0.113,0.842,0.045
6,Dow Futures Fall 370 Points; Rising Covid Cases Weigh on Sentiment,-0.957,0.044,0.871,0.085
7,"Covid Risk-Off Wave, England Freedom Day, OPEC Peace Deal - What's Moving Markets",-0.628,0.078,0.832,0.09
