﻿,Titles,Polarity,Positive,Neutral,Negative
0,"Prologis, inc (PLD) Q3 2021 Earnings Call Transcript",-0.153,0.0,0.949,0.051
1,"No More Room at the Logistics Warehouse Inn, Prologis Says",0.951,0.073,0.915,0.012
2,Health Care Sector Appears to Be a Drag on Positive UnitedHealth Earnings,0.99,0.111,0.803,0.087
3,"Prologis (PLD) Beats Q3 FFO Estimates, Raises 2021 Guidance",0.99,0.076,0.908,0.017
4,Prologis (PLD) Tops Q3 FFO and Revenue Estimates,0.996,0.116,0.878,0.006
5,"Prologis stock jumps after earnings beat expectations, amid record increases in market rents",0.967,0.275,0.725,0.0
6,Prologis Reports Third Quarter 2021 Earnings Results,1.0,0.112,0.845,0.044
7,"Prologis Stock Rises After Q3 Profit Doubles, FFO Beats Estimate",0.296,0.115,0.885,0.0
