﻿,Titles,Polarity,Positive,Neutral,Negative
0,Prologis (PLD) Dips More Than Broader Markets: What You Should Know,0.987,0.097,0.874,0.029
1,Cedar Fair sold the land beneath Great America to Prologis for $310M and intends to eventually close the park,0.836,0.319,0.681,0.0
2,Cedar Fair Capitalizes on Opportunity to Sell Its Land at California’s Great America Amusement Park,0.998,0.125,0.846,0.029
3,2 Real Estate Stocks That Are Practically Money Machines,0.889,0.17,0.83,0.0
4,"REITs Monday Morning Movement: Realty Income Down, Medical Properties Trust Up",0.99,0.145,0.828,0.027
