﻿,Titles,Polarity,Positive,Neutral,Negative
0,"Gilead Sciences, Inc. (GILD) Fell Out Of Favor With Hedge Funds",0.999,0.111,0.862,0.027
1,"Is Fiserv, Inc. (FISV) Going to Burn These Hedge Funds?",0.998,0.105,0.874,0.021
2,"Is Fiserv, Inc. (FISV) Going to Burn These Hedge Funds?",0.998,0.105,0.874,0.021
3,Hedge Funds Can’t Stop Buying Snap Inc. (SNAP),0.997,0.088,0.896,0.017
4,Earnings Growth &amp; Price Strength Make Prologis (PLD) a Stock to Watch,0.999,0.146,0.851,0.003
5,Earnings Growth &amp; Price Strength Make Prologis (PLD) a Stock to Watch,0.999,0.146,0.851,0.003
