﻿,Titles,Polarity,Positive,Neutral,Negative
0,"Prologis (PLD) Tops Q4 FFO Estimates on Occupancy, Rent Growth",0.991,0.078,0.899,0.022
1,"Cardinal Capital Management, Inc. Buys Alimentation Couche-Tard Inc, Sony Group Corp, Medtronic ...",0.99,0.06,0.934,0.005
2,Prologis (PLD) Beats Q4 FFO and Revenue Estimates,0.997,0.106,0.887,0.008
3,Prologis Reports Fourth Quarter and Full Year 2021 Earnings Results,1.0,0.111,0.845,0.044
4,"""Inflation Everywhere"", P&amp;G Earnings, Sony in Shock - What's Moving Markets",-0.949,0.042,0.898,0.06
