﻿,Titles,Polarity,Positive,Neutral,Negative
0,Prologis to Announce Second Quarter 2022 Results July 18,0.025,0.064,0.876,0.061
1,"Slowing of home price growth ‘is certainly a welcome change,’ economist says",0.0,0.0,1.0,0.0
2,"INVESTIGATION NOTICE: Halper Sadeh LLP Investigates DRE, PLD, ZEN, USAK",0.926,0.1,0.857,0.043
3,3 REITs You'll Want to Own in a Market Correction,0.542,0.087,0.881,0.032
4,5 questions to answer about the land sale beneath California's Great America,0.851,0.263,0.737,0.0
5,5 questions about what's going to happen to California's Great America,0.851,0.263,0.737,0.0
