﻿,Titles,Polarity,Positive,Neutral,Negative
0,Prologis Bids on Blackstone’s European Warehouses,0.961,0.121,0.826,0.053
1,Prologis launches bid for Blackstone's 21 billion euros warehouse portfolio - FT,0.718,0.06,0.932,0.008
2,Prologis launches bid for Blackstone's 21 bln euros warehouse portfolio - FT,0.718,0.059,0.933,0.008
3,Prologis (PLD) Dips More Than Broader Markets: What You Should Know,0.992,0.101,0.887,0.012
4,Prologis enters hunt for Blackstone’s €21bn warehouse portfolio,0.511,0.064,0.936,0.0
5,Amazon to open new Prince George’s delivery station — built for it from the ground up,0.361,0.045,0.955,0.0
