﻿,Titles,Polarity,Positive,Neutral,Negative
0,Prologis Offers to Buy Duke Realty in Nearly $24 Billion Deal,0.0,0.0,1.0,0.0
1,Why Duke Realty Stock Rallied as Much as 18% in Early Trading Today,0.34,0.118,0.882,0.0
2,Duke Realty Stock Is Surging.  Prologis Wants to Buy the REIT.,0.765,0.22,0.78,0.0
3,Warehouse Owner Prologis Offers to Buy Duke Realty for $24 Billion,0.983,0.102,0.854,0.044
4,UPDATE 2-Prologis offers to buy Duke Realty in $23.7 bln deal as warehouse demand soars,0.796,0.067,0.896,0.037
5,Prologis offers to buy Duke Realty in $23.7 billion deal as warehouse demand soars,0.796,0.068,0.894,0.038
6,Prologis makes new offer to acquire Duke Realty for $61.68 in an all-stock deal,0.818,0.109,0.891,0.0
7,Prologis Proposes to Acquire Duke Realty in All-Stock Transaction Valued at $61.68 Per Share,0.999,0.102,0.869,0.029
8,"Wall Street Opens Sharply Higher, Rebounding from Monday Rout; Dow up 410 Points",-0.866,0.055,0.864,0.081
