﻿,Titles,Polarity,Positive,Neutral,Negative
0,Prologis (PLD) Q1 2022 Earnings Call Transcript,0.34,0.165,0.759,0.076
1,"Dow Jones Futures: Stock Market Rally Rebounds, Netflix Crashes On Subscriber Fall, Tesla Earnings On Tap",-0.296,0.0,0.885,0.115
2,"Prologis (PLD) Beats Q1 FFO Estimates, Issues Upbeat View",0.993,0.085,0.894,0.021
3,Prologis (PLD) Q1 FFO Surpass Estimates,0.995,0.099,0.887,0.014
4,"Prologis stock rallies after earnings beat, raised outlook amid 'record demand'",0.902,0.188,0.794,0.018
5,Prologis Reports First Quarter 2022 Earnings Results,0.998,0.097,0.859,0.045
