﻿,Titles,Polarity,Positive,Neutral,Negative
0,"Terreno Realty (TRNO) Sees Demand, Pre-leases Elizabeth Asset",0.996,0.119,0.873,0.009
1,Why Is Alexandria Real Estate Equities (ARE) Up 0.8% Since Last Earnings Report?,0.996,0.089,0.897,0.014
2,Key Factors Why Host Hotels (HST) Stock Jumped 17.8% QTD,0.999,0.149,0.843,0.008
3,Does Prologis (PLD) Have the Potential to Rally 27% as Wall Street Analysts Expect?,0.999,0.173,0.792,0.035
4,"Skybox, Prologis buy 200-plus acres outside Austin for data center campus",0.0,0.0,1.0,0.0
