﻿,Highest Category,Polarity,PosOrNeg
1/4/2021,Neutral,0.44,Positive
1/5/2021,Neutral,0.44,Positive
1/6/2021,Neutral,0.44,Positive
1/7/2021,Neutral,0.44,Positive
1/8/2021,Neutral,0.44,Positive
1/11/2021,Neutral,0.999,Positive
1/12/2021,Neutral,0.999,Positive
1/13/2021,Neutral,0.999,Positive
1/14/2021,Neutral,0.999,Positive
1/15/2021,Neutral,0.923,Positive
1/19/2021,Neutral,0.994,Positive
1/20/2021,Neutral,0.476,Positive
1/21/2021,Neutral,0.476,Positive
1/22/2021,Neutral,0.476,Positive
1/25/2021,Neutral,0.9675,Positive
1/26/2021,Neutral,0.8634999999999999,Positive
1/27/2021,Neutral,0.9109999999999999,Positive
1/28/2021,Neutral,0.996,Positive
1/29/2021,Neutral,0.996,Positive
2/1/2021,Neutral,0.382,Positive
2/2/2021,Neutral,0.743,Positive
2/3/2021,Neutral,0.4865,Positive
2/4/2021,Neutral,0.992,Positive
2/5/2021,Neutral,0.992,Positive
2/8/2021,Neutral,0.064,Positive
2/9/2021,Neutral,0.064,Positive
2/10/2021,Neutral,0.064,Positive
2/11/2021,Neutral,0.064,Positive
2/12/2021,Neutral,0.064,Positive
2/16/2021,Neutral,0.064,Positive
2/17/2021,Neutral,0.064,Positive
2/18/2021,Neutral,0.999,Positive
2/19/2021,Neutral,0.999,Positive
2/22/2021,Neutral,-0.027,Positive
2/23/2021,Neutral,-0.027,Positive
2/24/2021,Neutral,-0.027,Positive
2/25/2021,Neutral,-0.04,Positive
2/26/2021,Neutral,-0.04,Positive
3/1/2021,Neutral,0.436,Positive
3/2/2021,Neutral,1.0,Positive
3/3/2021,Neutral,1.0,Positive
3/4/2021,Neutral,1.0,Positive
3/5/2021,Neutral,1.0,Positive
3/8/2021,Neutral,-0.148,Positive
3/9/2021,Neutral,0.226,Positive
3/10/2021,Neutral,0.226,Positive
3/11/2021,Neutral,0.995,Positive
3/12/2021,Neutral,0.995,Positive
3/15/2021,Neutral,0.646,Positive
3/16/2021,Neutral,0.646,Positive
3/17/2021,Neutral,0.646,Positive
3/18/2021,Neutral,0.646,Positive
3/19/2021,Neutral,0.646,Positive
3/22/2021,Neutral,0.6890000000000001,Positive
3/23/2021,Neutral,0.7475,Positive
3/24/2021,Neutral,0.995,Positive
3/25/2021,Neutral,0.025,Positive
3/26/2021,Neutral,0.025,Positive
3/29/2021,Neutral,0.999,Positive
3/30/2021,Neutral,0.999,Positive
3/31/2021,Neutral,0.999,Positive
4/1/2021,Neutral,-0.52,Negative
4/2/2021,Neutral,-0.52,Negative
4/5/2021,Neutral,-0.52,Negative
4/6/2021,Neutral,0.9964999999999999,Positive
4/7/2021,Neutral,0.996,Positive
4/8/2021,Neutral,0.899,Positive
4/9/2021,Neutral,0.899,Positive
4/12/2021,Neutral,0.999,Positive
4/13/2021,Neutral,0.999,Positive
4/14/2021,Neutral,0.999,Positive
4/15/2021,Neutral,0.998,Positive
4/16/2021,Neutral,0.9983333333333334,Positive
4/19/2021,Neutral,0.801625,Positive
4/20/2021,Neutral,0.999,Positive
4/21/2021,Neutral,0.917,Positive
4/22/2021,Neutral,0.917,Positive
4/23/2021,Neutral,0.917,Positive
4/26/2021,Neutral,0.5245,Positive
4/27/2021,Neutral,0.999,Positive
4/28/2021,Neutral,0.999,Positive
4/29/2021,Neutral,0.4285,Positive
4/30/2021,Neutral,0.9,Positive
5/3/2021,Neutral,0.997,Positive
5/4/2021,Neutral,0.999,Positive
5/5/2021,Neutral,0.999,Positive
5/6/2021,Neutral,0.753,Positive
5/7/2021,Neutral,0.753,Positive
5/10/2021,Neutral,0.996,Positive
5/11/2021,Neutral,0.99,Positive
5/12/2021,Neutral,0.996,Positive
5/13/2021,Neutral,0.996,Positive
5/14/2021,Neutral,0.996,Positive
5/17/2021,Neutral,0.996,Positive
5/18/2021,Neutral,0.7045,Positive
5/19/2021,Neutral,0.9964999999999999,Positive
5/20/2021,Neutral,0.9964999999999999,Positive
5/21/2021,Neutral,0.9964999999999999,Positive
5/24/2021,Neutral,0.883,Positive
5/25/2021,Neutral,1.0,Positive
5/26/2021,Neutral,1.0,Positive
5/27/2021,Neutral,1.0,Positive
5/28/2021,Neutral,1.0,Positive
6/1/2021,Neutral,0.807,Positive
6/2/2021,Neutral,1.0,Positive
6/3/2021,Neutral,0.977,Positive
6/4/2021,Neutral,0.977,Positive
6/7/2021,Neutral,0.404,Positive
6/8/2021,Neutral,0.404,Positive
6/9/2021,Neutral,0.404,Positive
6/10/2021,Neutral,0.879,Positive
6/11/2021,Neutral,0.879,Positive
6/14/2021,Neutral,0.9983333333333332,Positive
6/15/2021,Neutral,0.9400000000000001,Positive
6/16/2021,Neutral,0.9400000000000001,Positive
6/17/2021,Neutral,0.9400000000000001,Positive
6/21/2021,Neutral,0.9400000000000001,Positive
6/22/2021,Neutral,0.997,Positive
6/23/2021,Neutral,0.994,Positive
6/24/2021,Neutral,0.994,Positive
6/25/2021,Neutral,0.994,Positive
6/28/2021,Neutral,0.511,Positive
6/29/2021,Neutral,0.999,Positive
6/30/2021,Neutral,0.992,Positive
7/1/2021,Neutral,1.0,Positive
7/2/2021,Neutral,1.0,Positive
7/6/2021,Neutral,1.0,Positive
7/7/2021,Neutral,1.0,Positive
7/8/2021,Neutral,0.718,Positive
7/9/2021,Neutral,0.718,Positive
7/12/2021,Neutral,0.718,Positive
7/13/2021,Neutral,0.9984999999999999,Positive
7/14/2021,Neutral,0.997,Positive
7/15/2021,Neutral,0.9986666666666667,Positive
7/16/2021,Neutral,0.999,Positive
7/19/2021,Neutral,0.419375,Positive
7/20/2021,Neutral,0.419375,Positive
7/21/2021,Neutral,0.419375,Positive
7/22/2021,Neutral,0.419375,Positive
7/23/2021,Neutral,0.612,Positive
7/26/2021,Neutral,0.735,Positive
7/27/2021,Neutral,0.735,Positive
7/28/2021,Neutral,1.0,Positive
7/29/2021,Neutral,0.8675,Positive
7/30/2021,Neutral,0.8605,Positive
8/2/2021,Neutral,0.999,Positive
8/3/2021,Neutral,0.762,Positive
8/4/2021,Neutral,0.762,Positive
8/5/2021,Neutral,0.8895,Positive
8/6/2021,Neutral,0.8895,Positive
8/9/2021,Neutral,0.998,Positive
8/10/2021,Neutral,0.998,Positive
8/11/2021,Neutral,0.998,Positive
8/12/2021,Neutral,0.998,Positive
8/13/2021,Neutral,0.998,Positive
8/16/2021,Neutral,0.998,Positive
8/17/2021,Neutral,0.9984999999999999,Positive
8/18/2021,Neutral,0.9923333333333333,Positive
8/19/2021,Neutral,0.9923333333333333,Positive
8/20/2021,Neutral,-0.178,Negative
8/23/2021,Neutral,-0.178,Negative
8/24/2021,Neutral,0.996,Positive
8/25/2021,Neutral,0.996,Positive
8/26/2021,Neutral,0.997,Positive
8/27/2021,Neutral,0.997,Positive
8/30/2021,Neutral,0.997,Positive
8/31/2021,Neutral,0.1755,Positive
9/1/2021,Neutral,0.1755,Positive
9/2/2021,Neutral,0.999,Positive
9/3/2021,Neutral,0.999,Positive
9/7/2021,Neutral,-0.142,Positive
9/8/2021,Neutral,-0.142,Positive
9/9/2021,Neutral,-0.142,Positive
9/10/2021,Neutral,-0.142,Positive
9/13/2021,Neutral,0.0,Positive
9/14/2021,Neutral,0.0,Positive
9/15/2021,Neutral,0.996,Positive
9/16/2021,Neutral,0.996,Positive
9/17/2021,Neutral,0.998,Positive
9/20/2021,Neutral,0.0,Positive
9/21/2021,Neutral,0.422,Positive
9/22/2021,Neutral,0.997,Positive
9/23/2021,Neutral,0.6629999999999999,Positive
9/24/2021,Neutral,0.6629999999999999,Positive
9/27/2021,Neutral,0.6629999999999999,Positive
9/28/2021,Neutral,0.999,Positive
9/29/2021,Neutral,0.999,Positive
9/30/2021,Neutral,0.71,Positive
10/1/2021,Neutral,0.71,Positive
10/4/2021,Neutral,-0.115,Negative
10/5/2021,Neutral,0.754,Positive
10/6/2021,Neutral,0.848,Positive
10/7/2021,Neutral,0.848,Positive
10/8/2021,Neutral,0.848,Positive
10/12/2021,Neutral,0.998,Positive
10/13/2021,Neutral,0.999,Positive
10/14/2021,Neutral,0.625,Positive
10/15/2021,Neutral,0.7546250000000001,Positive
10/18/2021,Neutral,0.9973333333333333,Positive
10/19/2021,Neutral,0.8826666666666666,Positive
10/20/2021,Neutral,0.8826666666666666,Positive
10/21/2021,Neutral,0.735,Positive
10/22/2021,Neutral,0.735,Positive
10/25/2021,Neutral,0.997,Positive
10/26/2021,Neutral,0.869,Positive
10/27/2021,Neutral,0.9783333333333332,Positive
10/28/2021,Neutral,0.62,Positive
10/29/2021,Neutral,-0.452,Negative
11/1/2021,Neutral,0.9963333333333333,Positive
11/2/2021,Neutral,0.9963333333333333,Positive
11/3/2021,Neutral,0.992,Positive
11/4/2021,Neutral,0.40625,Positive
11/5/2021,Neutral,0.40625,Positive
11/8/2021,Neutral,0.931,Positive
11/9/2021,Neutral,0.931,Positive
11/10/2021,Neutral,0.9975,Positive
11/12/2021,Neutral,0.4995,Positive
11/15/2021,Neutral,0.727,Positive
11/16/2021,Neutral,0.727,Positive
11/17/2021,Neutral,0.997,Positive
11/18/2021,Neutral,0.997,Positive
11/19/2021,Neutral,0.999,Positive
11/22/2021,Neutral,0.5115,Positive
11/23/2021,Neutral,0.71,Positive
11/24/2021,Neutral,-0.422,Negative
11/26/2021,Neutral,-0.422,Negative
11/29/2021,Neutral,-0.422,Negative
11/30/2021,Neutral,0.0,Positive
12/1/2021,Neutral,-0.142,Positive
12/2/2021,Neutral,0.758,Positive
12/3/2021,Neutral,0.9160000000000001,Positive
12/6/2021,Neutral,0.323,Positive
12/7/2021,Neutral,0.997,Positive
12/8/2021,Neutral,0.804,Positive
12/9/2021,Neutral,0.998,Positive
12/10/2021,Neutral,0.7964,Positive
12/13/2021,Neutral,0.159,Positive
12/14/2021,Neutral,0.7927500000000001,Positive
12/15/2021,Neutral,0.6726666666666666,Positive
12/16/2021,Neutral,0.6726666666666666,Positive
12/17/2021,Neutral,0.9975,Positive
12/20/2021,Neutral,0.9973333333333333,Positive
12/21/2021,Neutral,0.9976666666666666,Positive
12/22/2021,Neutral,0.5785,Positive
12/23/2021,Neutral,0.666,Positive
12/27/2021,Neutral,0.998,Positive
12/28/2021,Neutral,0.998,Positive
12/29/2021,Neutral,0.999,Positive
12/30/2021,Neutral,0.9746666666666667,Positive
1/3/2022,Neutral,0.999,Positive
1/4/2022,Neutral,0.9773333333333333,Positive
1/5/2022,Neutral,0.9773333333333333,Positive
1/6/2022,Neutral,0.997,Positive
1/7/2022,Neutral,0.997,Positive
1/10/2022,Neutral,0.997,Positive
1/11/2022,Neutral,0.993,Positive
1/12/2022,Neutral,0.995,Positive
1/13/2022,Neutral,0.9955,Positive
1/14/2022,Neutral,0.8295,Positive
1/18/2022,Neutral,0.9984999999999999,Positive
1/19/2022,Neutral,0.6058,Positive
1/20/2022,Neutral,0.6996666666666665,Positive
1/21/2022,Neutral,0.6555,Positive
1/24/2022,Neutral,0.863,Positive
1/25/2022,Neutral,0.6636666666666667,Positive
1/26/2022,Neutral,0.999,Positive
1/27/2022,Neutral,0.9904999999999999,Positive
1/28/2022,Neutral,0.977,Positive
1/31/2022,Neutral,0.999,Positive
2/1/2022,Neutral,0.827,Positive
2/2/2022,Neutral,0.905,Positive
2/3/2022,Neutral,0.8106666666666666,Positive
2/4/2022,Neutral,0.8260000000000001,Positive
2/7/2022,Neutral,0.9635714285714287,Positive
2/8/2022,Neutral,0.784375,Positive
2/9/2022,Neutral,0.784375,Positive
2/10/2022,Neutral,0.7185,Positive
2/11/2022,Neutral,0.7185,Positive
2/14/2022,Neutral,0.7185,Positive
2/15/2022,Neutral,0.4935,Positive
2/16/2022,Neutral,0.9975,Positive
2/17/2022,Neutral,1.0,Positive
2/18/2022,Neutral,0.992,Positive
2/22/2022,Neutral,0.933,Positive
2/23/2022,Neutral,0.99,Positive
2/24/2022,Neutral,0.9530000000000001,Positive
2/25/2022,Neutral,0.9530000000000001,Positive
2/28/2022,Neutral,0.477,Positive
3/1/2022,Neutral,0.989,Positive
3/2/2022,Neutral,0.997,Positive
3/3/2022,Neutral,0.498,Positive
3/4/2022,Neutral,0.261,Positive
3/7/2022,Neutral,0.991,Positive
3/8/2022,Neutral,0.991,Positive
3/9/2022,Neutral,0.9496666666666668,Positive
3/10/2022,Neutral,0.999,Positive
3/11/2022,Neutral,0.999,Positive
3/14/2022,Neutral,0.996,Positive
3/15/2022,Neutral,0.9460000000000001,Positive
3/16/2022,Neutral,-0.26,Negative
3/17/2022,Neutral,0.999,Positive
3/18/2022,Neutral,0.999,Positive
3/21/2022,Neutral,0.7101666666666667,Positive
3/22/2022,Neutral,0.74,Positive
3/23/2022,Neutral,0.1315,Positive
3/24/2022,Neutral,0.902,Positive
3/25/2022,Neutral,0.9079999999999999,Positive
3/28/2022,Neutral,0.9079999999999999,Positive
3/29/2022,Neutral,0.735,Positive
3/30/2022,Neutral,0.9955,Positive
3/31/2022,Neutral,0.7455,Positive
4/1/2022,Neutral,0.6646666666666666,Positive
4/4/2022,Neutral,0.755,Positive
4/5/2022,Neutral,0.9964999999999999,Positive
4/6/2022,Neutral,0.7535000000000001,Positive
4/7/2022,Neutral,0.999,Positive
4/8/2022,Neutral,0.999,Positive
4/11/2022,Neutral,0.998,Positive
4/12/2022,Neutral,0.7935,Positive
4/13/2022,Neutral,0.7935,Positive
4/14/2022,Neutral,0.998,Positive
4/15/2022,Neutral,0.6356666666666667,Positive
4/18/2022,Neutral,0.999,Positive
4/19/2022,Neutral,0.6553333333333334,Positive
4/20/2022,Neutral,0.6553333333333334,Positive
4/21/2022,Neutral,0.552,Positive
4/22/2022,Neutral,0.994,Positive
4/25/2022,Neutral,0.436,Positive
4/26/2022,Neutral,0.908,Positive
4/27/2022,Neutral,0.908,Positive
4/28/2022,Neutral,0.908,Positive
4/29/2022,Neutral,0.908,Positive
5/2/2022,Neutral,0.47733333333333333,Positive
5/3/2022,Neutral,-0.34,Negative
5/4/2022,Neutral,0.5489999999999999,Positive
5/5/2022,Neutral,0.5489999999999999,Positive
5/6/2022,Neutral,0.5489999999999999,Positive
5/9/2022,Neutral,0.927,Positive
5/10/2022,Neutral,0.5145555555555555,Positive
5/11/2022,Neutral,0.2375,Positive
5/12/2022,Neutral,0.9984999999999999,Positive
5/13/2022,Neutral,0.667,Positive
5/16/2022,Neutral,0.647,Positive
5/17/2022,Neutral,0.9316666666666666,Positive
5/18/2022,Neutral,0.9904999999999999,Positive
5/19/2022,Neutral,0.9946666666666667,Positive
5/20/2022,Neutral,0.6636666666666667,Positive
5/23/2022,Neutral,0.7637499999999999,Positive
5/24/2022,Neutral,0.993,Positive
5/25/2022,Neutral,0.998,Positive
5/26/2022,Neutral,0.5722499999999999,Positive
5/27/2022,Neutral,0.878,Positive
5/31/2022,Neutral,0.9935,Positive
6/1/2022,Neutral,0.996,Positive
6/2/2022,Neutral,0.8986000000000001,Positive
6/3/2022,Neutral,0.996,Positive
6/6/2022,Neutral,0.49099999999999994,Positive
6/7/2022,Neutral,0.7290000000000001,Positive
6/8/2022,Neutral,0.9041666666666667,Positive
6/9/2022,Neutral,0.995,Positive
6/10/2022,Neutral,0.8115,Positive
6/13/2022,Neutral,0.6965454545454545,Positive
6/14/2022,Neutral,0.30075,Positive
6/15/2022,Neutral,0.7344999999999999,Positive
6/16/2022,Neutral,0.9804999999999999,Positive
6/17/2022,Neutral,0.9936666666666666,Positive
6/21/2022,Neutral,0.9975,Positive
6/22/2022,Neutral,0.7213333333333334,Positive
6/23/2022,Neutral,0.9936666666666666,Positive
6/24/2022,Neutral,0.9936666666666666,Positive
6/27/2022,Neutral,0.9400000000000001,Positive
6/28/2022,Neutral,0.5325000000000001,Positive
6/29/2022,Neutral,0.977,Positive
6/30/2022,Neutral,0.977,Positive
7/1/2022,Neutral,0.883,Positive
7/5/2022,Neutral,0.991,Positive
7/6/2022,Neutral,0.8733333333333334,Positive
7/7/2022,Neutral,0.9155,Positive
7/8/2022,Neutral,0.998,Positive
7/11/2022,Neutral,0.9716666666666667,Positive
7/12/2022,Neutral,0.9984999999999999,Positive
7/13/2022,Neutral,0.999,Positive
7/14/2022,Neutral,0.999,Positive
7/15/2022,Neutral,0.998,Positive
7/18/2022,Neutral,0.6962857142857143,Positive
7/19/2022,Neutral,0.872,Positive
7/20/2022,Neutral,0.888,Positive
7/21/2022,Neutral,0.888,Positive
7/22/2022,Neutral,0.807,Positive
7/25/2022,Neutral,0.999,Positive
7/26/2022,Neutral,0.9995,Positive
7/27/2022,Neutral,0.6456666666666666,Positive
7/28/2022,Neutral,0.9093333333333332,Positive
7/29/2022,Neutral,0.778,Positive
8/1/2022,Neutral,1.0,Positive
8/2/2022,Neutral,0.382,Positive
8/3/2022,Neutral,0.382,Positive
8/4/2022,Neutral,0.6095,Positive
8/5/2022,Neutral,0.869,Positive
8/8/2022,Neutral,0.998,Positive
8/9/2022,Neutral,0.6366666666666667,Positive
8/10/2022,Neutral,0.998,Positive
8/11/2022,Neutral,0.999,Positive
8/12/2022,Neutral,0.7993333333333333,Positive
8/15/2022,Neutral,0.9275,Positive
8/16/2022,Neutral,0.999,Positive
8/17/2022,Neutral,0.997,Positive
8/18/2022,Neutral,0.0,Positive
8/19/2022,Neutral,0.67825,Positive
8/22/2022,Neutral,0.67825,Positive
8/23/2022,Neutral,0.998,Positive
8/24/2022,Neutral,0.798,Positive
8/25/2022,Neutral,0.738,Positive
8/26/2022,Neutral,0.738,Positive
8/29/2022,Neutral,0.9966666666666667,Positive
8/30/2022,Neutral,0.6783333333333333,Positive
8/31/2022,Neutral,0.9750000000000001,Positive
9/1/2022,Neutral,0.423,Positive
9/2/2022,Neutral,0.423,Positive
9/6/2022,Neutral,0.976,Positive
9/7/2022,Neutral,0.976,Positive
9/8/2022,Neutral,0.9964999999999999,Positive
9/9/2022,Neutral,0.15400000000000003,Positive
9/12/2022,Neutral,0.9633333333333334,Positive
9/13/2022,Neutral,0.999,Positive
9/14/2022,Neutral,0.999,Positive
9/15/2022,Neutral,0.997,Positive
9/16/2022,Neutral,0.53875,Positive
9/19/2022,Neutral,0.9936666666666666,Positive
9/20/2022,Neutral,0.8973333333333334,Positive
