﻿,Titles,Polarity,Positive,Neutral,Negative
0,"Stocks: AMC, Zoom, Peloton, Tesla, Affirm big movers this week",0.71,0.082,0.873,0.044
1,Elon Musk Wants to End Mobile Dead Zones (There's a Big Hurdle),-0.402,0.0,0.856,0.144
2,Tesla argues California's EV mandate should be stricter,0.984,0.076,0.883,0.042
3,The 7 Best Battery Stocks to Buy Now,1.0,0.157,0.828,0.015
4,Tesla’s Berlin Gigafactory Should Drive Down Costs. Here’s What It’s Like.,0.689,0.088,0.912,0.0
5,Elon Musk Says the World Has a Bigger Problem than Global Warming,-0.477,0.0,0.846,0.154
6,Dow Jones Falls As Powell Warns Of 'Some Pain' To Fight Inflation,-0.848,0.0,0.625,0.375
7,10 American Stocks with High Exposure to China,0.999,0.107,0.873,0.02
8,Elon Musk deploys team of lawyers to scrub damaging Tesla self-driving video from internet,0.727,0.057,0.892,0.051
9,Tesla Could Deliver More Than 2 Million Vehicles in 2023,0.84,0.345,0.655,0.0
10,Tesla Supplier Eyes Additional $4B EV Battery Plant in US: Report,0.984,0.133,0.845,0.021
11,Should Investors Buy the Dip on Tesla Stock?,0.772,0.108,0.892,0.0
12,"Following the Tesla Stock Split, This Widely Owned Stock Should Be Next to Split",0.0,0.108,0.784,0.108
13,Panasonic plans additional $4 billion U.S. EV battery plant - WSJ,0.468,0.04,0.943,0.018
14,UPDATE 2-Panasonic plans additional $4 bln U.S. EV battery plant - WSJ,0.468,0.038,0.945,0.017
15,Elon Musk and Tesla Face a Surprise and Tough Opponent,-0.361,0.077,0.765,0.158
16,Tesla Supplier Panasonic Plans Additional $4 Billion EV Battery Plant in U.S.,0.0,0.0,1.0,0.0
17,Beyond Drought: The Coming Water Shortage Is a Threat From Main Street to Wall Street,0.527,0.215,0.691,0.094
18,Elon Musk's New Technology Promise Hinges on a Big Question Mark,-0.402,0.0,0.856,0.144
