﻿,Titles,Polarity,Positive,Neutral,Negative
0,"UPDATE 1-Tesla stops taking bitcoin, cites fossil fuel use in 'mining' cybercurrency",-0.183,0.02,0.955,0.026
1,Asian Stocks Down After Bigger-Than-Expected Rise in U.S. Consumer Prices,0.935,0.081,0.867,0.052
2,Tesla stock and bitcoin drop after Elon Musk says car sales with crypto will be halted due to energy usage of mining,0.296,0.056,0.944,0.0
3,"Tesla stops taking bitcoin, cites fossil fuel use in 'mining' cybercurrency",-0.183,0.02,0.953,0.027
4,"Tesla: April China Deliveries Look Soft, But the Bull Thesis Remains Intact, Says Analyst",0.951,0.082,0.875,0.043
5,Police Arrest Tesla Driver for Operating Car From Back Seat,-0.542,0.0,0.8,0.2
6,"Dow Jones Futures: Market Rally At Key Level As Sell-Off Intensifies On Inflation Fears; Apple, Microsoft, Tesla, Amazon Break Support",-0.637,0.102,0.602,0.297
7,Tesla Is Getting Closer to an Autonomous Vehicle. Just Ask Elon Musk.,0.0,0.0,1.0,0.0
8,Tesla Announces Augmented Autonomous Driving Technology Launch Shortly: Reuters,0.733,0.07,0.886,0.044
9,Musk Tweets Tesla Won't Take Bitcoin Anymore,0.103,0.065,0.879,0.055
10,UPDATE 1-U.S. safety agency opens probe of Tesla fatal crash in California,-0.902,0.067,0.817,0.116
11,U.S. safety agency opens probe of Tesla fatal crash in California,-0.902,0.068,0.813,0.118
12,"Is Cash King, And Are You Aware Of Tesla, Apple, and Bitcoin Chart Patterns?",0.998,0.135,0.81,0.055
13,Tesla Endorses Chinese Auto Industry Calibration Under New Rules: Reuters,0.823,0.076,0.9,0.024
14,Is There A Huge Naked Short on Helium Explorer Avanti Energy?,0.999,0.111,0.847,0.042
15,"Dow Jones Slides, Tech Stocks Tumble As Yields Jump On Accelerating Inflation; Apple, Tesla Sell Off",0.202,0.067,0.933,0.0
16,UPDATE 1-Tesla says it supports standardisation of China auto industry,0.832,0.078,0.904,0.017
17,Tesla says it supports standardisation of China auto industry,0.832,0.081,0.902,0.018
18,"Zacks Industry Outlook Highlights: Polaris, Harley-Davidson, Fox Factory and Tesla",1.0,0.148,0.83,0.022
19,Tesla to roll out improved self-driving technology in coming weeks- Musk,0.866,0.075,0.9,0.025
20,What's Behind Elon Musk's Success? Lessons In Leadership,0.691,0.169,0.831,0.0
21,Exclusive: Tesla seeks entry into U.S. renewable fuel credit market - sources,0.995,0.133,0.84,0.028
22,3 Stocks That Could Be Worth More Than Apple by 2035,0.44,0.172,0.828,0.0
23,SoftBank’s Masayoshi Son Isn’t So Sure About Bitcoin,0.982,0.153,0.825,0.021
24,"Dow Jones Futures Fall As Inflation Report Looms After Market Rally Whipsaws; Tesla, Apple Lead 8 Stocks At Key Levels",-0.422,0.0,0.906,0.094
25,"Dow Jones Futures Await Inflation Data After Market Rally Whipsaws; Tesla, Apple Lead 8 Stocks At Key Levels",-0.625,0.0,0.805,0.195
26,Musk Asks in Twitter Poll if Tesla Should Take Dogecoin,0.877,0.173,0.827,0.0
27,3 Stocks That Could Win Big From Biden’s $2 Trillion Infrastructure Plan,1.0,0.158,0.809,0.033
28,Shift to electric vehicles poses threat to US union jobs,0.557,0.067,0.933,0.0
