﻿,Titles,Polarity,Positive,Neutral,Negative
0,Dow Jones Futures: Market Rally Takes Bullish Ride; Tesla Leads 5 Stocks In Buy Zones Before FSD Beta Launch,-0.422,0.0,0.896,0.104
1,Elon Musk says he and singer Grimes have ‘semi-separated’ after three years,0.178,0.04,0.93,0.03
2,"Dow Jones Futures: Stock Market Rally Takes Bullish Ride; Tesla Breaks Out Before FSD Beta Launch; AMD, Snap, Microsoft, Google Also In Buy Zones",-0.422,0.0,0.896,0.104
3,"4 Top Stock Trades for Monday: Bitcoin, Dogecoin, COST, TSLA",0.993,0.097,0.866,0.037
4,Nio Stock’s Slide Likely Isn’t Over as Broader Correction Looms,0.981,0.105,0.838,0.057
5,Why These 10 Stocks Are Moving on Friday,0.989,0.072,0.902,0.026
6,New vehicle sales hit record high for fifth-straight month,0.0,0.0,1.0,0.0
7,Dow Jones Gains As Pelosi Hints At Spending Bill Changes; Tesla CEO Elon Musk Touts Chips,-0.34,0.0,0.906,0.094
8,Dow Jones Struggles As Pelosi Hints At Spending Bill 'Changes'; Tesla CEO Elon Musk Touts Chips,-0.34,0.0,0.902,0.098
9,"3 Mega-Cap, Most-Shorted Stocks to Buy",0.993,0.11,0.821,0.069
10,Charging Up Your Portfolio with Electric Vehicles,0.999,0.11,0.873,0.017
11,Tesla Stock Races Past Buy Point As Musk Predicts Chip Shortage Will Be Over Soon; FSD Update Expected,-0.25,0.0,0.913,0.087
12,Tesla Is Bringing Self-Driving No Matter What. Regulators Need to Adapt.,0.0,0.0,1.0,0.0
13,Fireside Chat: The Commercial Future of Lidar is Vehicle Safety — For Now,1.0,0.111,0.866,0.024
14,Tesla Stock Up As Musk Predicts Chip Shortage Will Be Over Soon; FSD Update Expected,-0.25,0.0,0.913,0.087
15,Tesla Ceiling Approaching and Investors are Demanding a Return,0.987,0.084,0.879,0.036
16,Tesla Breaks Out,-0.09,0.047,0.9,0.053
17,Weekend reads: Retirement locations in six states,0.0,0.0,1.0,0.0
18,Can Intuitive Surgical Be the Tesla of Healthcare?,0.743,0.259,0.684,0.057
19,"Move over, Cathie Wood: 3 picks from Goldman Sachs' new ETF that could smash Ark",0.998,0.132,0.863,0.006
20,Dow Jones Reverses As Evergrande Misses Interest Payment; Bitcoin Tumbles On China Ban,0.202,0.124,0.785,0.091
21,Buy Lucid Stock as an Acknowledgement That Mass Adoption Is Hard,0.99,0.067,0.914,0.019
22,Dow Jones Drops As Evergrande Misses Interest Payment; Bitcoin Tumbles On China Ban,0.202,0.124,0.785,0.091
23,Hedge Funds are Selling Tesla (TSLA) and Buying These 10 EV Stocks Instead,0.996,0.066,0.917,0.018
24,"The Zacks Analyst Blog Highlights: Nikola Corp, Hyliion Holdings, Tesla, Ford and General Motors",0.998,0.088,0.901,0.012
25,Dow Jones Futures Fall As Evergrande Misses Interest Payment; Bitcoin Tumbles On China Ban,0.202,0.135,0.766,0.099
26,UPDATE 1-New semiconductor plants will end global auto chip shortage next year -Tesla's Musk,0.925,0.086,0.878,0.036
27,New semiconductor plants will end global auto chip shortage next year -Tesla's Musk,0.925,0.088,0.876,0.037
28,Tesla's Musk Calls Chip Shortage 'Short-Term' Problem,-0.572,0.0,0.783,0.217
