﻿,Titles,Polarity,Positive,Neutral,Negative
0,"Dow Jones Futures: Market Rally Resilient, Tesla Strong Amid ARK Sales; 5 Stocks Flash Buy Signals",0.103,0.2,0.615,0.185
1,Why Is Tesla Mad About New EV Tax Credits?,0.916,0.203,0.737,0.06
2,"Dow Jones Futures: Stock Market Rally Resilient, Tesla Strong Amid ARK Sales; Palantir, Macy's, AMAT Stock Flash Buy Signals",0.103,0.2,0.615,0.185
3,Lucid is a combo of 'Tesla and Ferrari': BofA analyst,0.937,0.051,0.944,0.005
4,Why Lucid Group Stock Is Higher Today,0.691,0.08,0.92,0.0
5,"US STOCKS-Wall Street slips as tech, energy stocks drop",-0.973,0.059,0.849,0.092
6,Lucid Motors rebounds on Bank of America bullish outlook,0.0,0.0,1.0,0.0
7,'Space X is by far the most diversified of all of these space companies:' CEO of space ETF,0.942,0.034,0.96,0.006
8,How Facebook plans to ‘earn people’s trust’ with its Novi digital wallet,0.0,0.0,1.0,0.0
9,Cathie Wood unloads $62 million of Tesla shares,0.997,0.091,0.89,0.019
10,"Dow Jones Falls As Jobless Claims Rise, Retail Sales Jump; Apple, Tesla Slide",-0.318,0.0,0.897,0.103
11,SpaceX launches all-civilian crew into space,0.0,0.0,1.0,0.0
12,10 New Penny Stocks Redditors are Buying,0.998,0.084,0.908,0.008
13,"House Democrats plan EV tax credits of up to $12,500, as Republicans, Tesla, Toyota voice objections",0.361,0.077,0.923,0.0
14,"Ford Gains as Demand for F-150 Lightning Outpaces Capacity, Firm to Boost Output",0.983,0.123,0.854,0.023
15,"Tesla Opens Store on Tribal Land in New Mexico, Avoids Dealer Rule",0.0,0.0,1.0,0.0
16,"Instead of Buying Dogecoin, Invest in These 3 Companies That Are Bullish on Blockchain Technology",0.422,0.167,0.833,0.0
17,Detroit’s Hopes to Be Valued More Like Tesla Hit Roadblocks,0.361,0.106,0.894,0.0
18,Lucid Gains as Air Dream Edition Range Gets Longest-range EV Tag from EPA,0.923,0.099,0.878,0.023
19,Cathie Wood Likes Tesla. But Her ARK Funds Keep Selling the Stock.,0.765,0.192,0.808,0.0
20,Metaverse raises ‘scary’ question on surveillance of users: Kai-Fu Lee,0.99,0.158,0.821,0.021
21,Cathie Wood's Ark Dumps $62 Million More of Tesla Shares,0.625,0.221,0.779,0.0
22,"Moderna, Electronic Arts Rise Premarket; Tesla, Beyond Meat Fall",-0.674,0.047,0.885,0.067
23,"Cathie Wood Keeps Selling Tesla, Unloading $62 Million of Shares",0.974,0.178,0.822,0.0
