﻿,Titles,Polarity,Positive,Neutral,Negative
0,Tesla Stock Price Slides After Musk Promises on Twitter to Sell $21 Billion Stake,0.625,0.169,0.831,0.0
1,"Dogecoin (DOGE) Fee-Reduction Upgrade Is Live, Price Remains Bullish",0.988,0.107,0.869,0.025
2,Dow Jones Futures: Is Stock Market Rally Overheating? Roblox Skyrockets 36% On Earnings,0.0,0.0,1.0,0.0
3,"S&amp;P 500 ends at record for 8th day in a row, the longest streak of records since 1997, on renewed optimism",0.778,0.191,0.809,0.0
4,Why These 10 Stocks Are Trending on Monday,0.993,0.089,0.887,0.024
5,Ford’s Shares Close Above $20 for the First Time in 20 Years,0.504,0.065,0.884,0.052
6,Is Tesla Stock a Buy Right Now? This Is What You Need to Know,0.989,0.088,0.903,0.01
7,The 'SPAC king' just warned investors that tech stocks could get 'really pummeled' soon ⁠— here are the 3 areas he wants to be in right now,0.997,0.127,0.852,0.022
8,Public documents tie Elon Musk associate to hundreds of acres near Tesla,0.0,0.0,1.0,0.0
9,Here's Who Will Own Tesla After Elon Musk Sells,0.0,0.0,1.0,0.0
10,Dow Jones Gains; AMD Rockets On Facebook Deal; Tesla Stock Falls As Elon Musk Does This,0.7,0.216,0.784,0.0
11,"The Funded: A Tesla rival could raise $10B in an IPO this week, which would be the biggest offering in 7 years",0.521,0.098,0.902,0.0
12,Tesla buyers take out the longest auto loans,0.077,0.029,0.945,0.026
13,"Elon Musk tweeting about selling Tesla stock is 'a branding event,' Oppenheimer analyst says",0.0,0.0,1.0,0.0
14,"Elon Musk’s Twitter Poll Is No ‘Funding Secured,’ Legally Speaking",0.16,0.062,0.88,0.059
15,Stocks edge higher after Dow hits intraday record,0.778,0.212,0.788,0.0
16,"Rivian IPO On Tap As EV Startup Seeks To Cash In With Tesla, Lucid Soaring",0.0,0.0,1.0,0.0
17,Nio Tests Early Entry With Tesla Rival's Earnings On Tap,-0.273,0.061,0.842,0.098
18,Geely Flares Up Tesla Rivalry With Electric Truck Debut,0.769,0.065,0.901,0.034
19,Cadillac is dropping hundreds of dealers who aren’t ready for electric cars,-0.273,0.0,0.913,0.087
20,"Column: Thank you, Elon Musk. You've just proved why a billionaires tax is essential",0.994,0.107,0.831,0.062
21,Tesla Falls as Musk Says He May Sell Portion of Holdings,0.226,0.073,0.927,0.0
22,Musk’s Latest Twitter Gambit Opens Way to Paying Billions to IRS,0.989,0.097,0.864,0.039
23,"Options Craze Is Rewriting Rules of VIX, S&amp;P 500 Relationship",0.858,0.059,0.892,0.049
24,XPeng Stock Has Both Short and Long-Term Strength Today,0.999,0.136,0.825,0.039
25,Why Nio Stock Popped Monday,0.832,0.154,0.846,0.0
26,US STOCKS-Dow hits record high as infrastructure bill lifts cyclicals,0.994,0.109,0.87,0.021
27,Stocks pare gains after Dow hits intraday record,0.778,0.212,0.788,0.0
28,Pepsi CEO Expects Tesla Semi-Truck Delivery This Quarter,-0.072,0.0,0.906,0.094
29,Here’s Why Miller Value Partners See General Motors (GM) as an ‘Attractive Investment Opportunity’,0.997,0.102,0.878,0.02
30,Mutual Fund Capital Gains Taxes Could Be a Handful,0.999,0.183,0.752,0.066
31,Tesla Is Set to Shake Up a New Market,0.0,0.0,1.0,0.0
32,Earnings season has given ‘market participants a shot in the arm’: Strategist,0.153,0.082,0.859,0.059
33,Why Tesla Stock Fell on Monday,0.557,0.094,0.872,0.035
34,"S&amp;P 500 Ekes Record Close Above 4,700 as Bulls Ride Melt-Up in Materials",0.991,0.111,0.857,0.031
35,Tesla Stock Drops As CEO Musk Promises Sale Of 10% Stake In 'Bizarre' Twitter Poll,0.0,0.0,1.0,0.0
36,Elon Musk Shows How Crypto May Start Ruining Stock Traders’ Weekends,-0.205,0.061,0.884,0.056
37,10 Best EV Stocks for the Long Term,0.999,0.097,0.878,0.024
38,Dow up 160 points in record territory to start second week of trade in November,0.778,0.206,0.794,0.0
39,Indexes Higher As Stock Market Finds Its Next Hot Sector; Tesla Gaps Down,0.791,0.258,0.742,0.0
40,Fisker Stock Remains One of the More Interesting EV Plays,0.99,0.078,0.879,0.043
41,CORRECTED-US STOCKS-Dow hits record high as infrastructure bill lifts cyclicals,0.967,0.066,0.909,0.025
42,"5 Top Stock Decliners for Monday - Tesla, Live Nation, Peloton",-0.026,0.0,0.968,0.032
43,"EV stocks pop after Congress passes infrastructure bill, Tesla falls on Musk tweet",0.999,0.098,0.875,0.027
44,"Dow Jones Rallies As Bitcoin Surges Above $66,000; Tesla Skids On Potential Elon Musk Stock Sale",0.0,0.0,1.0,0.0
45,PepsiCo to take delivery of Tesla electric trucks in fourth quarter - CNBC,0.44,0.023,0.977,0.0
46,"Join Co-CEOs of Altus Power, CEO of CBRE Acquisition Holdings in Fireside Chat Nov 15 at 2PM ET",0.988,0.07,0.928,0.002
47,"S&amp;P 500 Eases From Record, but Bullish Bets on Cyclicals Fuel Gains",0.997,0.146,0.813,0.041
