﻿,Titles,Polarity,Positive,Neutral,Negative
0,3 Large-Cap Stocks to Buy for the Long-Haul,0.996,0.096,0.877,0.028
1,"Tesla, Elon Musk Open Austin Gigafactory With ‘Cyber Rodeo’",0.0,0.0,1.0,0.0
2,Tesla (TSLA) Outpaces Stock Market Gains: What You Should Know,0.993,0.104,0.893,0.003
3,Here Are The Key Electric Vehicles Set To Challenge Tesla In China,0.0,0.0,1.0,0.0
4,Dow Jones Futures: Stock Market Rally Reverses Higher; Tesla Austin 'Cyber Rodeo' Looms,-0.238,0.09,0.775,0.136
5,Tesla’s ‘Cyber Rodeo’ Begins. Why Its New Factory Is a Big Deal.,0.0,0.0,1.0,0.0
6,Are Stock Splits A Catalyst?,0.99,0.133,0.858,0.009
7,Will Howard Schultz Stick Around at Starbucks?,0.178,0.126,0.776,0.098
8,"US STOCKS-S&amp;P 500 ends higher, lifted by Tesla",0.983,0.09,0.862,0.049
9,"Tesla, Costco lead stocks into the green at the close",0.0,0.0,1.0,0.0
10,"Can Rivian, Lucid and Lordstown Survive in the World of Tesla?",0.999,0.148,0.814,0.038
11,"US STOCKS-S&amp;P 500 ends higher, lifted by Microsoft",0.981,0.091,0.861,0.048
12,10 Best ETFs to Invest In for Retirement,1.0,0.137,0.845,0.018
13,"EVs: Biden admin holds meeting with Elon Musk, other auto execs on charging stations",0.997,0.099,0.885,0.016
14,Elon Musk celebrates opening of Tesla gigafactory at ‘Cyber Rodeo’ in Texas,0.996,0.101,0.881,0.018
15,A Safer Bet on $145 for Cloudflare Stock,0.96,0.106,0.815,0.079
16,"Markets check: Stocks edging higher, Chinese stocks under pressure",0.273,0.087,0.913,0.0
17,Dow Jones Rallies; New Warren Buffett Stock Explodes; Tesla Gains Ahead Of Cyber Rodeo,0.0,0.0,1.0,0.0
18,Amazon Follows Apple and Tesla With a Big Move,0.718,0.152,0.781,0.067
19,Tesla’s Austin Gigafactory Opening Isn’t the Biggest EV Party This Week,0.0,0.0,1.0,0.0
20,GM Restarts Output of Tesla Killer (a Bolt From the Blue?),0.0,0.0,1.0,0.0
21,Why did Elon Musk spend $2.9 billion to join Twitter’s board of directors? Here are 3 likely reasons,0.998,0.114,0.862,0.024
22,"UPDATE 1-Like Tesla, Toyota develops self-driving tech with low-cost cameras",0.988,0.095,0.886,0.018
23,Tesla Set To Launch Austin Plant Amid Extended China Factory Closure,0.0,0.0,1.0,0.0
24,Why Tesla Stock Was Riding High This Morning,0.402,0.04,0.928,0.032
25,3 Hypergrowth Tech Stocks to Buy for Huge Upside Potential,0.997,0.091,0.898,0.012
26,"Gamestop Stock Could Be a Long-Term Buy, but Avoid It for Now",0.972,0.08,0.882,0.038
27,Controversial SEC proposal would rein in large shareholders like Elon Musk,0.984,0.078,0.887,0.035
28,Is Gores Guggenheim a Buy?,0.772,0.064,0.936,0.0
29,"Market check: Stocks mixed in early trading, tech gains, oil rebounds",0.0,0.0,1.0,0.0
30,Tesla’s ‘Cyber Rodeo’ Begins Today. Everything You Need to Know.,0.0,0.0,1.0,0.0
31,Tesla's Musk Ready to Ride High in Cyber Rodeo,0.637,0.257,0.743,0.0
32,Tesla Musk Ready to Ride High in Cyber Rodeo,0.637,0.257,0.743,0.0
33,Dow Jones Drops After Market Sell-Off; HP Soars On Warren Buffett Stake,0.226,0.083,0.917,0.0
34,Tesla to open Texas factory critical to growth ambitions,0.75,0.055,0.899,0.046
35,Dow Jones Futures Drop After Market Sell-Off; HP Soars On Warren Buffett Stake,-0.077,0.082,0.823,0.095
36,Tesla’s Austin Gigafactory Opening Isn’t the Biggest EV Party This Week,0.875,0.164,0.836,0.0
37,Tesla Stock Gains on ‘Cyber Rodeo’ Day,0.778,0.201,0.799,0.0
38,"Tesla to recall 127,785 Model 3s in China due to potential faults with chip components: Reuters",-0.459,0.026,0.911,0.062
39,Dow Jones Futures Lower After Market Sell-Off; HP Soars On Warren Buffett Stake,-0.077,0.082,0.823,0.095
40,Sonic Automotive (SAH) Adds Raleigh to its EchoPark Footprint,0.996,0.11,0.878,0.012
41,Everything You Need to Know About Tesla’s ‘Cyber Rodeo’ and Its Austin Plant Opening,0.0,0.0,1.0,0.0
42,UPDATE 1-Elon Musk's arrival stirs fears among some Twitter employees,0.978,0.099,0.832,0.069
43,"Dow Jones Futures Rise After Federal Reserve Fears Strain Market Rally; Tesla, Nvidia Make Key Moves",-0.422,0.0,0.865,0.135
44,Ford Stock Catches a Downgrade. The Problems Are Wide in the Auto Industry.,-0.128,0.105,0.766,0.129
45,How Tesla's Engineering-First Approach Beats the Competition,0.882,0.188,0.812,0.0
46,Why Investors Should Stay Away from Mullen Automotive Stock,0.997,0.098,0.874,0.028
47,Elon Musk's arrival stirs fears among some Twitter employees,0.978,0.099,0.832,0.069
