﻿,Titles,Polarity,Positive,Neutral,Negative
0,Lithium Developer Liontown Adds Ford Pact After Deal With Tesla,0.904,0.073,0.884,0.043
1,Tesla Stock Slides With Deliveries Due After Shanghai Production Woes; Hundreds Of U.S.-Based Autopilot Workers Laid Off,-0.44,0.099,0.673,0.229
2,"China EV Sales Due: Tesla Rival BYD Extends Gains After Breakout, EV Startups Lag",-0.511,0.0,0.842,0.158
3,Dow Jones Futures: Market Rally Flashes Very Bearish Signal; 5 Stocks To Watch,-0.889,0.0,0.753,0.247
4,"Nasdaq hits session lows, megacap stocks among biggest market laggards",0.0,0.0,1.0,0.0
5,Volkswagen Gets a Big Boost in Its Fight Against Tesla,0.0,0.0,1.0,0.0
6,"Uber, Lyft drivers shift to Teslas amid high gas prices",0.511,0.235,0.765,0.0
7,SCOTUS abortion ruling: Employers expand mental health benefits for workers following decision,0.382,0.069,0.931,0.0
8,Cathie Wood's flagship fund has taken in over $600 million since mid-June,0.743,0.07,0.869,0.061
9,Tesla workers are returning to office only to find there aren’t enough desks or parking spots for them,0.557,0.06,0.885,0.054
10,Market check: Stocks under pressure as software sector drags down Nasdaq,-0.357,0.0,0.873,0.127
11,Why Tesla Stock Hit the Brakes Today,-0.484,0.031,0.867,0.103
12,Tesla stock lower ahead of second-quarter sales,0.0,0.0,1.0,0.0
13,"Uber, Lyft drivers switch to Teslas amid high gas prices",0.0,0.0,1.0,0.0
14,Who are the 50 people influencing markets the most this year? Tell MarketWatch what you think.,0.0,0.0,1.0,0.0
15,ARKK ETF sees inflow streak as Cathie Wood acknowledges inflation,0.0,0.0,1.0,0.0
16,'They Have So Much Power Over The White House' - Elon Musk Explains About One Particular Group,0.995,0.144,0.831,0.026
17,3 Reasons Tesla Could Soar After Its Stock Split,0.815,0.231,0.679,0.09
18,Tesla’s Delivery Results Are Coming. Why the Number Is Anyone’s Guess.,-0.128,0.0,0.914,0.086
19,"China EV Sales Set For June Jump: BYD Surges After Breakout, Li Eases Near Buy Point",-0.511,0.0,0.842,0.158
20,"Microsoft, Netflix offer LGBTQ care in addition to abortion travel benefits",0.923,0.417,0.583,0.0
21,"The Zacks Analyst Blog Highlights Ford, BMW AG  Tesla, General Motors and Toyota",0.999,0.097,0.889,0.013
22,"Tech Leaders: SNOW, NEXCF, TSLA, AIMLF; Visionary CEOs Advancing Next Wave of Multi-Billion Dollar Growth Opportunities in Web 3.0, Electric Vehicles, AI, Wearables, and Big Data",1.0,0.176,0.805,0.019
23,VW chief claims carmaker can overtake ‘weakening’ Tesla by 2025,0.571,0.052,0.931,0.017
24,Polestar’s Lukewarm Debut Sends Troubling Signal for EV Makers,0.883,0.078,0.86,0.062
25,Dow Jones Rallies As Nike Falls On Weak Sales Guidance,-0.681,0.0,0.772,0.228
26,"Uber, Lyft Drivers Switch to Teslas as High Gas Prices Squeeze Profit",0.995,0.077,0.889,0.034
27,Dow Jones Futures Climb But Nike Slides On Weak Sales Guidance,-0.681,0.0,0.772,0.228
28,Easing chip shortages to help Volkswagen in H2 - CEO,0.954,0.132,0.849,0.019
29,Where Is Elon Musk?,0.0,0.0,1.0,0.0
30,7 Long-Term Growth Stocks That Wall Street Analysts Still Love,0.999,0.148,0.792,0.06
31,"Volkswagen, Siemens, Others Invest Over $700M For Hassle-Free, Cheaper EV Charging",0.981,0.117,0.874,0.009
32,Easing chip shortages to help Volkswagen in H2 - CEO,0.954,0.13,0.851,0.019
33,My Top Electric Car Stock to Buy and Hold Forever,0.649,0.126,0.816,0.058
34,Here's a Stock Split That You Probably Missed Entirely,0.064,0.105,0.804,0.091
35,Tesla CEO Predicts Recession: How Retirement Savers Should Prepare,-0.026,0.095,0.809,0.096
36,Elon Musk Achieves a Big Feat,0.488,0.143,0.857,0.0
