﻿,Titles,Polarity,Positive,Neutral,Negative
0,US STOCKS-The S&amp;P 500 ends down as Russia-Ukraine tensions heat up,-0.982,0.052,0.856,0.092
1,"EV shares rise on Super Bowl visibility, Netflix up from popular documentaries, BlockFi fined by SEC",-0.077,0.14,0.702,0.158
2,US STOCKS-The S&amp;P 500 ends down as Russia-Ukraine tensions heat up,-0.962,0.042,0.887,0.071
3,"7 Stocks to Love for a Long, Long Time",1.0,0.149,0.798,0.054
4,Tesla Sales Of China-Made EVs Fall In January; TSLA Stock Rises,-0.422,0.0,0.887,0.113
5,7 Top Stocks for February Ready for V-Shaped Bounce,1.0,0.14,0.83,0.03
6,‘It is absolutely another cumulative crisis that you're adding on to the stack’: CAR Research Director,-0.226,0.0,0.913,0.087
7,7 Monster Growth Stocks to Buy for 2022 and Beyond,1.0,0.152,0.809,0.039
8,EV-maker Polestar's ad ribbing Musk most popular at Super Bowl,0.973,0.111,0.852,0.037
9,Why Tesla could end up paying a 'huge settlement' in racial bias case,-0.999,0.042,0.814,0.144
10,Why Tesla Stock Raced Ahead on Monday,0.895,0.118,0.862,0.02
11,"Twilio Stock Has Disaster Stats, But It Also Has Great Potential",0.991,0.124,0.792,0.084
12,Nio’s Results Should Show the Tesla Competitor is Real Competition,0.991,0.075,0.906,0.019
13,Why many Fortune 500 companies are embracing Web3,0.0,0.0,1.0,0.0
14,"Goodyear (GT) Tops Q4 Earnings Estimates, Reports Solid Sales",0.996,0.106,0.883,0.011
15,"Dow Jones Falls After Stock Market Sell-Off; Apple, Tesla Drop",-0.727,0.0,0.757,0.243
16,"Magna's (MGA) Q4 Earnings Surpass Estimates, Decline Y/Y",0.972,0.075,0.868,0.056
17,"American Axle (AXL) Q4 Earnings &amp; Sales Lag Estimates, Down Y/Y",0.99,0.077,0.905,0.018
18,Jim Simons’ Quant Hedge Fund Is Selling These 10 Stocks,1.0,0.12,0.855,0.024
19,"Dow Jones Futures Aimless After Stock Market Sell-Off; Apple, Tesla Drop",-0.402,0.0,0.876,0.124
20,Tesla Bulls and Bears Both Think Its Self-Driving Cars Will Take Longer to Develop,0.296,0.091,0.909,0.0
21,"Got $3,000? 4 Tech Stocks to Buy and Hold for the Long Term",0.691,0.173,0.772,0.054
22,Dow Jones Futures Erase Losses On Russia Comments; Market Rally At Key Level,0.153,0.138,0.75,0.113
23,Tesla Stock Higher After Data Shows Slowing January China Sales,-0.296,0.0,0.905,0.095
24,Dow Jones Futures Pare Losses On Russia Comments; Market Rally At Key Level,0.153,0.138,0.75,0.113
25,Dow Jones Futures Signal Market Rally To Break Key Level With Russia In Focus,0.153,0.138,0.75,0.113
26,"Dow Jones Futures Fall On Russia Fears, Market Rally Breaking Key Levels; Tesla China Sales Strong",-0.296,0.123,0.672,0.205
27,Inflation May Raise Corporate America's Profits: 5 Top Picks,0.999,0.14,0.827,0.032
28,"Nio stock falls after downbeat China auto sales data, Tesla shares also take a hit",0.0,0.072,0.856,0.072
29,Tesla Gains on Piper Sandler’s New Target But China-Made Sales Fall,-0.685,0.068,0.849,0.083
30,"Dow Jones Futures Fall With Russia In Focus, Market Rally Struggling; Tesla China Sales Strong",-0.296,0.123,0.672,0.205
31,China Auto Sales Decline as Covid-19 Outbreaks Hurt Production,-0.625,0.023,0.89,0.087
