﻿,Titles,Polarity,Positive,Neutral,Negative
0,Cathie Wood just dumped $270 million in Tesla — 3 cheap EV stocks to buy instead,0.998,0.134,0.855,0.011
1,Tesla and Hibbet are Aggressive Growth Stocks,0.934,0.183,0.783,0.034
2,Replay: Leading the EV Charge: SES President in Fireside Chat,0.382,0.018,0.982,0.0
3,Why These 10 Stocks Are in the Spotlight on Tuesday,0.991,0.097,0.871,0.032
4,Rivian IPO: 5 things to know about the Amazon-backed electric-vehicle maker,0.785,0.247,0.753,0.0
5,"Electric Vehicle Checkpoint: Ford's a Favorite, Tesla Sees Strong Quarter",0.202,0.076,0.924,0.0
6,"Dow Jones Surges 475 Points After Market Sell-Off; Apple, Microsoft Bounce",0.0,0.0,1.0,0.0
7,"Tesla to pay out $137M to ex-worker, Rent the Runway files for IPO, IATSE votes to strike",0.0,0.0,1.0,0.0
8,"Chip Crunch Hit US Auto Sales in Q3: ETFs, Stocks in Focus",0.999,0.163,0.802,0.035
9,Rising Oil Prices and Yields Makes Market Navigation More Complex,0.993,0.099,0.836,0.065
10,Why Shiba Inu Is Skyrocketing Today,0.296,0.131,0.783,0.086
11,"Dow Jones Rallies After Market Sell-Off; Apple, Microsoft Bounce",0.0,0.0,1.0,0.0
12,BHP Group (BHP) to Supply Nickel to EV Battery Manufacturer,0.996,0.115,0.858,0.027
13,"Dow Jones Today, Techs Rise After Market Sell-Off: Tesla, Devon Rise; Facebook Hearing In Spotlight",0.0,0.0,1.0,0.0
14,Activist Fund Takes Stake in General Motors Because Tesla Can’t Do It All,0.382,0.115,0.818,0.067
15,"Company News for Oct 5, 2021",0.985,0.197,0.803,0.0
16,"Car talk: Tesla deliveries surprise, Engine No. 1 bets on GM",-0.052,0.079,0.833,0.087
17,How Tesla Avoided the Chip Problems That Hit GM and Other Car Makers,-0.318,0.066,0.817,0.117
18,'Tesla is not enough': activist firm Engine No. 1 bets on GM as electric vehicles boom,0.996,0.094,0.871,0.035
19,Tesla's Surging Sales: 5 Must-See Metrics,0.0,0.09,0.82,0.09
20,Tesla Faces $130 Million Payout to Black Former Employee Over Racial Hostility,-0.883,0.07,0.711,0.219
21,Tesla Draws Analyst Applause After Record Delivery Numbers,0.557,0.146,0.854,0.0
22,"Dow Jones Today, Tech Futures Rise After Market Sell-Off: Tesla, Devon Rise; Facebook Hearing In Spotlight",0.0,0.0,1.0,0.0
23,"Tesla, Becton, Dickinson and Co, Computer Programs and Systems, AutoNation and Paycom Software highlighted as Zacks Bull and Bear of the Day",1.0,0.128,0.827,0.045
24,"CIBC launches five more Canadian Depositary Receipts (""CDRs"") on the NEO Exchange",0.996,0.115,0.881,0.003
25,11 Best Auto Stocks To Invest In,0.997,0.076,0.902,0.022
26,Tesla Reportedly Faces $130 Million Payout to Black Former Employee Over Racial Hostility,0.0,0.0,1.0,0.0
27,Bull Of The Day: Tesla (TSLA),0.998,0.135,0.829,0.035
28,"Tekion Valued at $3.5 Billion as Durable, Alkeon, Hyundai Invest",0.902,0.056,0.914,0.03
29,Tesla Prepares for Wider Release of Its Driver-Assistance Software,-0.226,0.0,0.94,0.06
30,"PepsiCo, Facebook And J&amp;J Rise Premarket; Lordstown Motors Slumps",-0.778,0.035,0.903,0.062
31,"Stocks Recover, Oil at Fresh Highs, Facebook Drama - What's Moving Markets",-0.996,0.057,0.816,0.128
32,Tesla Trades Higher Amid Legal Damages in Another Racial Abuse Case,-0.898,0.075,0.817,0.108
33,UPDATE 1-Tesla ordered to pay over $130 mln to Black former worker over racism -WSJ,-0.971,0.059,0.825,0.116
34,Tesla is ordered to pay former worker $137 million for racism at plant,-0.331,0.089,0.822,0.088
35,Black Former Tesla Worker Awarded More Than $130 Million in Damages,-0.382,0.0,0.809,0.191
36,Tesla ordered to pay over $130 million to Black former worker over racism -WSJ,-0.937,0.018,0.888,0.095
37,Tesla ordered to pay over $130 mln to Black former worker over racism -WSJ,-0.937,0.017,0.888,0.094
38,Dow Jones Futures Fall As Stock Market Sell-Off Worsens; These 5 Tech Giants Tumble,-0.625,0.0,0.758,0.242
