﻿,Titles,Polarity,Positive,Neutral,Negative
0,Tesla Stock Fell After a Day of Confusion. China Numbers Might Be Worse Than First Blush.,-0.402,0.0,0.903,0.097
1,"Dow Jones Futures Fall After Market Rally Whipsaws On Inflation Fears; Tesla, Apple Lead 8 Stocks At Key Levels",-0.625,0.0,0.805,0.195
2,"Dow Jones Futures: Market Rally Whipsaws On Inflation Fears; Tesla, Apple Lead 8 Stocks At Key Levels",-0.625,0.0,0.805,0.195
3,"Dow Jones Futures: Stock Market Rally Whipsaws Ahead Of Key Inflation Data; Tesla, Apple Lead 8 Stocks At Key Levels",-0.625,0.0,0.805,0.195
4,"Amazon, Most Punished Tech Stocks Stage Rebound After Slump",0.622,0.099,0.823,0.078
5,"Earnings Roundup: Tesla, Nucor, Enphase, and UPS",0.611,0.122,0.833,0.045
6,"Tesla China Sales Drop, Exports Increase in April",-0.202,0.061,0.88,0.059
7,Why Tesla Stock Tumbled Again Today,-0.128,0.022,0.935,0.043
8,"Thiel Sets Sights On New Crypto Exchange, After Musk Sends Dogecoin Reeling",0.026,0.068,0.932,0.0
9,Tech stocks get pounded — here are a few simple reasons why,0.975,0.088,0.857,0.055
10,Cathie Wood’s ARK Wasn’t Built for a Flood,0.273,0.1,0.9,0.0
11,"S&amp;P 500 Closes Lower, But Tech Shows Signs of Life on Dip-Buying",0.988,0.111,0.826,0.063
12,Tesla Stock Falls As Ominous Signs Emerge From China,0.0,0.0,1.0,0.0
13,Momentus to the Moon? Retail Investors Need to Vote 3% of Shares by Wednesday Night to Save Deal,0.998,0.174,0.791,0.034
14,Why Shares Of Tesla Are Down By 10% This Week?,0.734,0.114,0.789,0.097
15,"Dow Jones Dives 500 Points As Apple, Tesla Sell Off; Virgin Galactic Plunges 20% On Earnings",-0.586,0.0,0.806,0.194
16,S&amp;P 500 Off Lows as Traders Snap Up Battered Tech Stocks,0.992,0.119,0.825,0.056
17,Why NIO Stock Was Lower Tuesday,0.0,0.0,1.0,0.0
18,"Tech Downturn Advances, With Apple, Tesla Coming Under Early Pressure",0.997,0.094,0.855,0.051
19,Peloton (PTON): Fear or Cheer?,0.94,0.095,0.827,0.078
20,"Dow Jones Today, Nasdaq Slide As Tesla Leads Tech Stock Retreat; These 5 High RS Leaders In Buy Ranges",-0.103,0.0,0.94,0.06
21,Tesla Stock Is Dropping Again. Now It Might Have a China Problem.,-0.542,0.0,0.885,0.115
22,3 Reasons Why Fund Managers Are Selling Tesla,0.402,0.032,0.968,0.0
23,Tesla stock falls again after downbeat China sales data,-0.361,0.063,0.831,0.106
24,Is Tesla Stock Near a Bottom? A Look at the Charts,0.402,0.251,0.586,0.163
25,"Dow Jones Today, Futures Slide As Tesla Leads Tech Stock Retreat; These 5 High RS Leaders In Buy Ranges",0.318,0.097,0.856,0.047
26,Use dogecoin to buy a Model Y? Elon Musk wants to know if Tesla should accept the crypto,0.0,0.0,1.0,0.0
27,Cathie Wood’s Misery Mounts as ARKK Assets Dip Below $20 Billion,0.963,0.106,0.857,0.037
28,BMW is quietly stealing the buzz from Tesla—and investors are electrified,0.995,0.144,0.809,0.047
29,30 Highest Paying Jobs with an Associate’s Degree in 2021,1.0,0.092,0.872,0.036
30,"Tesla Falls as China Sales Dip, Musk Polls Followers on Dogecoin",0.045,0.066,0.872,0.062
31,Wall Street Slumps at Open as Correction Broadens; Dow Down 380 Pts,-0.92,0.064,0.851,0.085
32,Dogecoin In Focus as Musk Asks Whether Tesla Should Accept It,0.612,0.185,0.815,0.0
33,UPDATE 1-'Do you want Tesla to accept Doge?' Musk asks Twitter users,0.889,0.117,0.866,0.017
34,'Do you want Tesla to accept Doge?' Musk asks Twitter users,0.775,0.066,0.913,0.021
35,"Premarket Movers Tuesday - Tesla, Palantir, Novavax, Virgin Galactic",0.0,0.0,1.0,0.0
36,"Tesla Falls 7% On Plans To Halt Expansion In China, ARK Innovation Drops Too",-0.802,0.051,0.877,0.072
37,Dogecoin Rises Again as Musk Asks Whether Tesla Should Accept It,0.382,0.098,0.902,0.0
38,"Tech Sell-Off, Chinese PPI,  Crypto's Colonial Jitters - What's Moving Markets",-0.985,0.067,0.835,0.098
39,Tesla Slides on Shanghai Expansion Halt Report: Musk Polls On Dogecoin,0.44,0.187,0.813,0.0
40,"Tesla, Palantir, ARK and Apple, Wynn - 5 Things You Must Know Tuesday",-0.44,0.061,0.771,0.168
41,FTX Surges Toward Top of Trading Ranks,0.128,0.035,0.965,0.0
