﻿,Titles,Polarity,Positive,Neutral,Negative
0,Oil Investors Shrug Off EV 'Revolution',0.998,0.132,0.812,0.056
1,10 Biggest Bitcoin Predictions in 2021,0.999,0.113,0.858,0.028
2,Why Marathon Digital Holdings Stock Fell 33% in May,0.477,0.068,0.904,0.028
3,Column: More proof that a wealth tax on billionaires is desperately needed,1.0,0.18,0.751,0.069
4,"ProPublica bombshell reveals how little Bezos, Musk pay in taxes",0.361,0.106,0.894,0.0
5,The Boring Company Begins Operations at Las Vegas Loop,-0.511,0.0,0.942,0.058
6,This Robot-Run ETF Favors a Meme Stock Over Tesla and Amazon. Here’s What Else It Bought.,0.0,0.0,1.0,0.0
7,Former Tesla Exec's Swedish Battery Company Northvolt Raises $2.75B In Funding Round: Bloomberg,0.942,0.082,0.898,0.02
8,ChargePoint Stock: Stop and Think Before Charging Ahead,0.996,0.115,0.861,0.023
9,"This robot-run fund thinks GameStop stock will soar in June, and predicts a fall for Tesla and Amazon",0.718,0.206,0.794,0.0
10,Ferrari Hires IPhone Innovator as CEO to Hasten Tilt to Tech,0.996,0.1,0.87,0.03
11,"The Zacks Analyst Blog Highlights: Toyota, Ford, Stellantis, Tesla and General Motors",0.999,0.143,0.813,0.044
12,"The Zacks Analyst Blog Highlights: Amazon, Tesla, UnitedHealth Group, T-Mobile and Moderna",0.998,0.142,0.835,0.022
13,Apple In Talks With Chinese Manufacturers Over U.S. EV Battery Plant – Report,0.968,0.078,0.898,0.023
