﻿,Titles,Polarity,Positive,Neutral,Negative
0,The wealth tax proposal is back again — and this time it could go to the voters,-0.402,0.0,0.875,0.125
1,Tesla Tells Federal Judge That SEC Is Harassing Elon Musk and the Company,-0.318,0.082,0.776,0.142
2,Dow Jones Futures: Stock Market Is Minefield As Biden Sees 'Very High' Russia Risk; Roku Sells Off On Sales Miss,-0.335,0.0,0.889,0.111
3,The Sky Is the Limit For Lithium Prices,0.998,0.107,0.857,0.036
4,Tesla Stock Falls As NHTSA Launches 'Phantom Braking' Probe,0.0,0.0,1.0,0.0
5,Dow Jones Dives As Ukraine Tensions Rise; Tesla Stock Falls Amid Elon Musk Move; Nvidia Plunges,-0.402,0.0,0.881,0.119
6,Ford Takes a Major Award Away From Tesla's Model 3,0.743,0.092,0.908,0.0
7,Meta Loses Top-10 Ranking by Market Value Amid Worst Month Ever,0.115,0.075,0.855,0.07
8,"Electric vehicles: 'Battery technology is the main differentiator,' Nissan COO says",-0.023,0.0,0.971,0.029
9,Tesla lawyers accuse SEC of chilling Elon Musk’s right to free speech,-0.181,0.038,0.907,0.055
10,Elon Musk Compares Justin Trudeau to Hitler in Since-Deleted Tweet,-0.226,0.0,0.932,0.068
11,"REFILE-UPDATE 1-Elon Musk tweets, then deletes, meme comparing Trudeau to Hitler",0.786,0.079,0.864,0.056
12,10 Best Index Funds to Invest In 2022,0.999,0.091,0.883,0.026
13,"AAPL, TSLA, FB, PLTR: Why Are Stocks Crashing Today?",-0.899,0.071,0.839,0.089
14,Tesla and Nvidia Fall as Ukraine and Russia Trade Ceasefire Violations Accusations,-0.557,0.0,0.833,0.167
15,Tesla ‘Phantom Braking’ Complaints Prompt U.S. Auto-Safety Probe,0.0,0.0,1.0,0.0
16,Why Tesla Stock Tanked Today,-0.112,0.064,0.881,0.055
17,Tesla’s Elon Musk to SEC: Stop trying to ‘muzzle and harass’,-0.202,0.0,0.913,0.087
18,Tesla’s Latest Challenge? Consumer Reports Cut the Brand’s Ranking.,-0.548,0.056,0.818,0.126
19,Is Virgin Galactic Right for Your Portfolio?,0.977,0.076,0.882,0.042
20,Elon Musk tweets meme comparing Trudeau to Hitler over vaccine protests,0.146,0.075,0.855,0.07
21,Tesla CEO Elon Musk blasts SEC over 'unrelenting investigation',0.0,0.0,1.0,0.0
22,Tesla dips below $900 after NHTSA 'phantom braking' news,0.296,0.092,0.843,0.065
23,Is Rivian Stock A Buy As New Production Exec Installed?,0.0,0.0,1.0,0.0
24,"LKQ's Q4 Earnings and Sales Beat Estimates, Increase Y/Y",0.99,0.077,0.901,0.023
25,"Copart's (CPRT) Q2 Earnings Surpass Estimates, Sales Surge Y/Y",0.986,0.081,0.904,0.015
26,World’s Largest Pension Fund GPIF to Reassess Stock-Lending Halt,0.988,0.094,0.871,0.036
27,"Genuine Parts (GPC) Q4 Earnings &amp; Sales Top Estimates, Up Y/Y",0.997,0.123,0.87,0.006
28,Biden nears reinstatement of waiver for California and other states to set own vehicle emissions standards,0.511,0.147,0.853,0.0
29,Tesla's Elon Musk Sparks Another Controversy,0.318,0.133,0.867,0.0
30,"Odd steering wheel and controls trip up Tesla, rivals -Consumer Reports",0.87,0.061,0.913,0.026
31,Tesla CEO Elon Musk Presents Hitler Meme in Canadian Vaccine Tweets,0.392,0.108,0.892,0.0
32,Why ChargePoint Is My Favorite EV Charging Stock Right Now,0.697,0.101,0.878,0.021
33,Tesla lawyers say SEC investigations of Elon Musk constitute harassment -- WSJ,-0.422,0.054,0.87,0.076
34,Musk: Buffett Partner Munger Said Tesla Would Fail,-0.103,0.0,0.924,0.076
35,Musk Says SEC Out to ‘Chill’ His Speech With ‘Endless’ Probe,-0.735,0.054,0.879,0.067
36,"UPDATE 1-Elon Musk, Tesla attack SEC for 'unrelenting' probe",-0.818,0.053,0.854,0.093
37,"Elon Musk, Tesla attack SEC for 'unrelenting' probe",-0.818,0.055,0.85,0.096
38,Tesla ‘Phantom Braking’ Is Focus of Latest NHTSA Investigation,0.422,0.177,0.823,0.0
39,Tesla Braking Issue Spurs Second U.S. Probe Related to Autopilot,0.946,0.085,0.849,0.066
40,"UPDATE 2-U.S. investigates 416,000 Tesla vehicles over unexpected braking reports",0.697,0.056,0.889,0.055
41,Influencers with Andy Serwer: Frances Haugen,-0.402,0.0,0.938,0.062
42,"The Zacks Analyst Blog Highlights: Apple Inc., Tesla Inc. , Advanced Micro Devices Inc., Texas Instruments Inc. and ON Semiconductor Corp",1.0,0.141,0.845,0.014
43,Elon Musk’s $5.7 billion secret — why we may never find out who benefited from his Tesla stock donation,0.026,0.084,0.916,0.0
44,Tesla sued over alleged suspension failure in fatal Florida crash,-0.99,0.042,0.796,0.162
