﻿,Titles,Polarity,Positive,Neutral,Negative
0,"Tesla Earnings Beat On Bitcoin, Regulatory Credit Sales, Musk Blasts 'Extremely Deceptive' Media Reports",0.361,0.143,0.857,0.0
1,"Tesla Q1 earnings: The wheels are churning, the pebbles are flying, but TSLA is going nowhere",0.994,0.117,0.848,0.035
2,"Elon Musk, Dave Portnoy Spar Over Bitcoin Sale on Twitter",0.0,0.0,1.0,0.0
3,Tesla (TSLA) Beats on Top &amp; Bottom Lines; Guidance Expected,0.997,0.134,0.848,0.018
4,Are Electric Vehicles Safer Than Gas Cars? IIHS Study Weighs In,0.973,0.139,0.796,0.065
5,Tesla Earnings: What Happened with TSLA,0.0,0.0,1.0,0.0
6,Tesla Slips After Hours Despite Q1 Earnings Beat,0.557,0.194,0.806,0.0
7,Tesla (TSLA) Q1 Earnings and Revenues Surpass Estimates,0.994,0.1,0.894,0.006
8,"Tesla Skirts Chip Shortage As Earnings Beat; Bitcoin, Regulatory Credit Sales Total $800 Mil",0.361,0.143,0.857,0.0
9,Dow Jones Futures: Tech Stocks Jump Ahead Of Fed Meeting; Tesla Slides Despite Earnings Beat,0.0,0.0,1.0,0.0
10,Tesla Leaves Traders Wanting as Stock Down After Profit Beat,0.997,0.143,0.84,0.017
11,Tesla Earnings Beat Expectations. Why Its Stock Is Dropping.,0.785,0.182,0.818,0.0
12,Tesla down after posting earnings,0.978,0.129,0.818,0.053
13,Dave Portnoy and Elon Musk Fight Over Bitcoin Sale on Twitter,0.0,0.0,1.0,0.0
14,"US STOCKS-S&amp;P 500, Nasdaq close at record highs ahead of tech earnings wave",0.98,0.096,0.862,0.042
15,Tesla Leads Off This Week's Must-See Earnings Charts,0.999,0.213,0.767,0.019
16,"Dow Jones Dips, Nasdaq Hits Record; Biden Admin Defends Tax Hike; Tesla Falls Late",0.625,0.212,0.788,0.0
17,Tesla’s first-quarter sales rise more than 70%,-0.351,0.071,0.768,0.161
18,Ford Is Moving in the Right Direction,1.0,0.141,0.821,0.038
19,"Tesla edges past Wall Street revenue target, boosted by regulatory credits, China demand",0.922,0.086,0.866,0.049
20,Tesla Releases First Quarter 2021 Financial Results,0.318,0.02,0.98,0.0
21,Apple Pledges $1 Billion for New North Carolina Engineering Hub,0.996,0.106,0.886,0.008
22,"US STOCKS-S&amp;P 500, Nasdaq close at record highs ahead of tech earnings wave",0.977,0.099,0.868,0.033
23,All Eyes on Tesla Stock Ahead of Earnings Today,0.991,0.097,0.894,0.008
24,Dow Jones Slips; Biden Administration Defends Tax Hike; Tesla Up With Earnings Due,0.625,0.212,0.788,0.0
25,US STOCKS-Tesla lifts S&amp;P 500 ahead of tech earnings wave,0.973,0.097,0.86,0.043
26,Tesla earnings will be a ‘blockbuster blowout’: 10MinuteStockTrader Founder,0.0,0.0,1.0,0.0
27,Tesla Has Some Major PR Issues. What They Mean for the Stock.,-0.807,0.03,0.83,0.14
28,"Top Research Reports for Tesla, Visa &amp; Exxon Mobil",1.0,0.187,0.752,0.061
29,UPDATE 1-Three U.S. senators want driver monitoring systems mandated,0.853,0.095,0.837,0.068
30,What Wall Street Is Saying About Tesla’s Recent Issues,-0.807,0.03,0.83,0.14
31,Tesla assures Chinese car owners after auto show protest,-0.906,0.047,0.85,0.103
32,REFILE-Tesla assures Chinese car owners after auto show protest,-0.906,0.046,0.852,0.102
33,Tesla earnings to put focus on 2021 deliveries target,0.0,0.0,1.0,0.0
34,US STOCKS-Tesla lifts Wall Street as big tech earnings set to roll in,0.972,0.091,0.871,0.038
35,Will American Consumers Get A Charge Out Of Electric Vehicles?,0.996,0.094,0.89,0.016
36,These Top Hedge Funds are Buying Coinbase and Other Bitcoin Stocks,0.999,0.098,0.885,0.016
37,Dow Jones Near Record Highs As Stocks Rise Ahead Of Fed; Tesla Earnings On Tap,0.0,0.0,1.0,0.0
38,"S&amp;P 500, Nasdaq Closes at Record Ahead of Market Moving Earnings",0.944,0.069,0.9,0.032
39,"Microsoft Profit, Tesla Reaction, Consumer Confidence: 3 Things to Watch",0.979,0.098,0.878,0.025
40,Tesla Earnings Preview: China Demand To Drive Revenues Past $10 Billion,0.226,0.188,0.654,0.158
41,"Dow Jones Rallies As Bitcoin Surges Above $54,000; Tesla Jumps Before Earnings, While Coinbase Climbs",0.0,0.0,1.0,0.0
42,Tesla Has Headline Headaches. Wall Street Weighs In.,-0.807,0.03,0.83,0.14
43,Don't Get Bogged Down in Earnings Bonanza,0.802,0.265,0.735,0.0
44,Listen to the Tesla Q1 Earnings Webcast After the Close,0.0,0.0,1.0,0.0
45,"Dow Rallies As Bitcoin Surges Above $54,000; Tesla Jumps Before Earnings, While Coinbase Climbs",0.0,0.0,1.0,0.0
