﻿,Titles,Polarity,Positive,Neutral,Negative
0,"Dow Jones Futures: Amazon, Apple Suppliers Among Earnings Movers After Whipsaw Market Rally; Tesla Rival Nio On Tap",0.178,0.082,0.918,0.0
1,Straddle Option Price Useful For Earnings Move Estimates,-0.098,0.0,0.921,0.079
2,"Dow Rallies, Tech Stocks Slide As Apple Breakout Fades; Tesla Skids Again, While Nio, Twitter Set To Report",0.0,0.0,1.0,0.0
3,Saudi Arabia Considers Starting Homegrown Electric-Car Maker,0.988,0.105,0.895,0.0
4,"Dow, Tech Stocks Slide As Apple Breakout Fades; Tesla Skids Again, While Nio, Twitter Set To Report",0.0,0.0,1.0,0.0
5,Tesla's $293 Million of Free Cash Flow in Q1 Was an Incredible Year-Over-Year Improvement,0.19,0.104,0.896,0.0
6,1 Metric From Tesla Earnings Shows Bears Are Framing Competition the Wrong Way,-0.743,0.041,0.759,0.2
7,10 Best Undervalued Stocks to Buy Now,1.0,0.135,0.841,0.024
8,"Apple, Facebook Shares Both Get Boost From Solid Earnings, With Amazon Up Next",0.999,0.113,0.827,0.06
9,"Dow Rallies As Apple Breaks Out On Blowout Earnings; Facebook Surges, While Nio, Twitter Set To Report",0.0,0.0,1.0,0.0
10,Nio Earnings Due As Chinese EV Maker Nears Entry Into Europe,-0.612,0.0,0.821,0.179
11,Thinking of Buying Fisker Stock? Here's What You Need to Know,0.402,0.163,0.837,0.0
12,The (near) future of driving: Cars that watch you watch them steer,0.957,0.069,0.877,0.054
13,How to make smart cars safer: Let them watch you drive,0.957,0.069,0.877,0.054
14,Tesla Stock Has Many Risks. EV Credits Isn’t One of Them.,0.383,0.236,0.674,0.09
15,"Global Chip Drought Hits Apple, BMW, Ford as Crisis Worsens",-0.861,0.059,0.858,0.083
16,Influencers with Andy Serwer: Lynn Good,0.727,0.272,0.728,0.0
17,20 Best Countries to Live Considering Climate Change,1.0,0.131,0.825,0.045
18,Tesla Haters Are Harping on Emissions Credit Sales. Investors Shouldn’t Worry.,0.383,0.236,0.674,0.09
19,UPDATE 1-China drafts rules to secure data from connected vehicles,0.888,0.083,0.901,0.015
20,UPDATE 1-German regulator warns Binance over stock tokens,0.009,0.062,0.876,0.062
21,"Dow Jones Futures Extend Gains As Biden Touts Agenda, Tax Hikes; Apple, Facebook, Qualcomm Flash Buy Signals",0.0,0.0,1.0,0.0
22,15 Billionaires Who Came From Nothing,0.999,0.125,0.829,0.045
23,"Dow Jones Futures Rise As Apple, Facebook, Qualcomm Flash Buy Signals; Biden Touts Tax Hike Plans",0.0,0.0,1.0,0.0
24,Tesla’s Earnings Note a New Risk,0.296,0.075,0.925,0.0
