﻿,Titles,Polarity,Positive,Neutral,Negative
0,"Dow Jones Futures: Stock Market Rallies On Biden Infrastructure Plan; Micron In Buy Range; Tesla, Nio Deliveries On Tap",-0.226,0.0,0.913,0.087
1,The Nasdaq Rallied Today. Here's Why.,0.81,0.086,0.856,0.058
2,Kimbal Musk Says the Future of Tesla Is Bright,0.34,0.076,0.924,0.0
3,Goldman Sachs Is the Latest to Join the Bitcoin Stampede,0.9,0.467,0.533,0.0
4,"Nio, China EV Stocks To Report Sales Amid Production Slowdown",0.34,0.061,0.939,0.0
5,Why Tesla Stock Jumped on Wednesday,0.0,0.0,1.0,0.0
6,March Madness on Wall Street: stocks to watch,1.0,0.139,0.816,0.044
7,"UBS upgrades Apple, predicts it will take a big share of the electric vehicle market",0.981,0.1,0.883,0.017
8,"Xpeng's Autonomous P7 Vehicle Fleet Drives 3,600 Kms, Sets Record",0.84,0.048,0.927,0.025
9,Biden Infrastructure Plan Could Be Boon For These EV Stocks,0.557,0.204,0.796,0.0
10,Goldman to offer investments in digital assets for wealth management clients,0.963,0.094,0.906,0.0
11,Why 2020’s winning trades are this year’s losing trades,-0.625,0.0,0.769,0.231
12,"Biden infrastructure plan includes pitch for electric vehicle rebates — Tesla, GM, Nikola shares gain",0.459,0.167,0.833,0.0
13,Canada's Gratomic Enters EV Battery Supply Chain With Forge Nano,0.382,0.046,0.923,0.031
14,"Dow Falls, Tech Stocks Jump Ahead Of Biden Infrastructure Plan; Apple, Boeing, Tesla Rally",0.0,0.0,1.0,0.0
15,Biden’s Economic Plan Is Great for EVs. It’s Even Better for Tesla Stock.,0.625,0.177,0.823,0.0
16,"Dow, Tech Stocks Rise Ahead Of Biden Infrastructure Plan; Apple, Boeing, Tesla Rally",0.0,0.0,1.0,0.0
17,"S&amp;P 500 on Cusp of Historic 4,000 Level as Tech Leads Advance",0.996,0.132,0.84,0.027
18,"Dow Futures Fall, Tech Futures Jump Ahead Of Biden Infrastructure Plan; Apple, Boeing, Tesla Set To Rally",0.0,0.0,1.0,0.0
19,Tesla Could Be One of the Big Winners in Biden’s $2 Trillion Infrastructure Plan,0.178,0.072,0.928,0.0
20,Forget Voltswagen.  Volkswagen Isn’t Changing Its Name.,-0.25,0.087,0.787,0.126
21,Tesla Team Identified And Fixed A Bug In Open Source Crypto Processor,0.968,0.119,0.872,0.009
22,"Stock Splits From Apple, Tesla: Reminders Of Qualcomm Warning",0.026,0.097,0.811,0.093
23,Self-Driving Cars Head Toward Collision With Insurance Status Quo,0.103,0.124,0.876,0.0
24,"Biden Infrastructure Plan Targets Electric Cars, Clean Power",0.998,0.151,0.833,0.017
25,Tesla’s Delivery Numbers Are Always a Big Deal. The Stakes Are Higher Now.,-0.318,0.054,0.795,0.151
26,GRAPHIC-Markets in Q1: Riding a tiger and waking some bears,0.992,0.128,0.8,0.072
27,"Tesla To Miss Street Estimate On Q1 Deliveries But Don't Be Alarmed, Says Munster",-0.392,0.036,0.921,0.043
28,"Apple 'Betrayed' My Trust, Says iPhone User Who Lost $1M To Scam Bitcoin App",-0.989,0.05,0.82,0.129
29,Volkswagen U.S. Name Change Was April Fool’s Joke Gone Awry,0.936,0.067,0.897,0.036
30,Tesla Aims To Build 5 Semi Trucks A Week At New Production Line Near Giga Nevada: Report,0.906,0.05,0.936,0.014
31,"Tesla's First-Quarter Deliveries Seen at More Muted 174,000",0.141,0.075,0.925,0.0
32,"Cathie Wood's Ark Space Exploration ETF Has 'No Reason' To Exist, Says Cramer",0.993,0.132,0.845,0.023
33,Phonemaker Xiaomi Plans to Plow $10 Billion into Electric Cars,0.988,0.074,0.9,0.025
34,"Tesla Q1 Deliveries To Beat Street Estimates, Says Wedbush",0.962,0.061,0.922,0.017
