﻿,Titles,Polarity,Positive,Neutral,Negative
0,It’s an EV Revolution. What So Many Cars Mean for Investors.,0.128,0.081,0.86,0.059
1,A bitcoin revolution is underway and MarketWatch is gathering a cast of crypto experts to explain what it all means. Sign up today!,0.422,0.104,0.896,0.0
2,Demand Concerns Continue To Plague Oil Markets,0.953,0.073,0.88,0.047
3,Elon’s brother Kimbal Musk pockets more than $7 million from Tesla stock trades,0.296,0.053,0.947,0.0
4,Self-Driving Stock Innoviz Is Jumping. Here’s Why.,0.0,0.0,1.0,0.0
5,Innoviz is ‘ahead of the pack’ in the lidar space: CEO,0.0,0.0,1.0,0.0
6,"Tesla Stock Could Surge 51% to $1,000 According to This Analyst",0.153,0.026,0.974,0.0
7,The Zacks Analyst Blog Highlights: Tesla,0.996,0.097,0.882,0.021
8,Dow Turns Positive As Tesla Reverses; 3 Tech Giants In Buy Range After Breakouts,0.296,0.084,0.916,0.0
9,Tesla's Vehicle Deliveries Growth Rate Is Accelerating,0.96,0.296,0.704,0.0
10,Origin Materials Makes Big Corporate Net-Zero Pledges Plausible,0.997,0.089,0.905,0.007
11,"S&amp;P 500  Flirts With Record, But 'Overbought' Jitters Keep Lid on Gains",0.994,0.13,0.822,0.048
12,"Can Tesla Stock Drive to $1,000?",0.758,0.112,0.861,0.028
13,"Amazon's Bezos, Tesla's Musk Top Forbes' Billionaires List",0.778,0.158,0.795,0.047
14,"Auto Stock Roundup: TSLA Q1 Deliveries Solid, KMX Q4 Earnings Beat &amp; More",0.998,0.12,0.857,0.023
15,Two Companies Will Reach $2 Trillion Next (Tesla Isn't One),0.706,0.196,0.804,0.0
16,Tesla Stock Is Down More Than 23% From Its Recent Highs -- Here's Why,0.886,0.263,0.737,0.0
17,Dow Futures Signal Modest Losses; 3 Tech Giants Break Out Above Buy Points,-0.296,0.0,0.919,0.081
18,Tesla Is Offering 50% Night Discount On Supercharging In California,0.992,0.123,0.858,0.019
19,Tesla Shares Rise Over 4% on Stronger-Than-Anticipated Q1 Deliveries,0.928,0.048,0.936,0.016
20,UPDATE 1-Audio app Clubhouse floats payments feature for creators,-0.866,0.029,0.902,0.069
