﻿,Titles,Polarity,Positive,Neutral,Negative
0,3 Moonshot Stocks For 2022,0.998,0.082,0.891,0.026
1,Ford Turns to Tesla for Talent,-0.296,0.11,0.732,0.159
2,A Seat on a Virgin Galactic Space Trip Costs 10 Tesla Cars,0.0,0.0,1.0,0.0
3,Why Tesla Stock Dropped on Wednesday,0.844,0.119,0.881,0.0
4,Novavax Stock Is at Risk Despite Positive Poll Results,0.994,0.1,0.851,0.048
5,"Nio Stock A Buy? China EV Startup Will Double Its Lineup Of Electric Cars, Challenging Tesla",0.0,0.0,1.0,0.0
6,The future is now? Even DeLorean will have an EV offering this year,-0.44,0.0,0.861,0.139
7,Tesla Hits the Brakes on Its New Big Thing,0.542,0.241,0.664,0.095
8,Li Auto Could Be Losing a Key Player. What It Means for the Stock.,0.0,0.0,1.0,0.0
9,BorgWarner (BWA) Electrification Efforts to Bolster Capabilities,0.999,0.122,0.878,0.0
10,"Tesla Not Working on $25K EV a Potential Risk, Says Bernstein",-0.431,0.073,0.842,0.085
11,"Jaguar Land Rover, Nvidia ally in vehicle software arms race",0.519,0.043,0.928,0.029
12,"Tesla’s Decision to Not Develop a Lower-Priced Car Is Risky, Says Analyst",-0.273,0.0,0.896,0.104
13,Tesla Revenue Up 65% -- Beating Wall Street Estimates by Over $1 Billion,0.743,0.1,0.869,0.031
14,"Tesla Front-Runs Another Regulator, This Time in a Race Case",-0.987,0.041,0.875,0.085
15,Top 5 Nasdaq Composite Stocks Amid Index's YTD Bloodbath,0.999,0.153,0.836,0.011
16,Tesla Enters 5-Year Deal With Australian Lithium Supplier Liontown Resources,0.586,0.035,0.955,0.011
17,Volkswagen works council sees Q1 decision on new Wolfsburg plant,0.255,0.038,0.921,0.041
18,"The 2022 Ford Mustang Mach-E—practical and high tech, with performance that lives up to its name",0.557,0.258,0.636,0.106
19,UPDATE 1-S.Korea weighs penalty against Tesla for exaggerating mileage,-0.542,0.029,0.911,0.06
