﻿,Titles,Polarity,Positive,Neutral,Negative
0,Supply chain challenges finally caught up to Tesla,0.045,0.035,0.965,0.0
1,Elon Musk scores hat trick of Tesla compensation goals worth $23 billion,0.977,0.105,0.87,0.026
2,Musk Appeals for More Lithium Production to Meet Battery Demand,-0.178,0.091,0.816,0.093
3,Tesla Has a New Car Without a Steering Wheel or Pedals for 2024,0.875,0.139,0.861,0.0
4,"Cramer's Mad Money Recap 4/20: Netflix, Disney, Tesla",0.863,0.282,0.718,0.0
5,Tesla Posts Record $3.3 Billion Quarterly Profit,0.0,0.0,1.0,0.0
6,Judge rejects gag order in lawsuit over 2018 Elon Musk tweets,-0.751,0.0,0.807,0.193
7,"Asian Stocks Mixed, Peak-Inflation Debate Continues",0.959,0.099,0.84,0.061
8,"Tesla (TSLA) Zooms Past Q1 Estimates, CSX Also Beats",0.996,0.14,0.845,0.015
9,"Dow Jones Futures: Tesla Jumps On Accelerating Earnings Growth After Netflix, Facebook Slam Nasdaq",0.527,0.253,0.747,0.0
10,Tesla (TSLA) Surpasses Q1 Earnings and Revenue Estimates,0.994,0.089,0.899,0.012
11,Tesla earnings are ‘being outdone by production disruption in China’: Analyst,0.318,0.059,0.941,0.0
12,Tesla earnings rise as it weathers supply chain shocks,0.361,0.305,0.599,0.096
13,Tesla Earnings: What Happened with TSLA,-0.296,0.0,0.896,0.104
14,"Tesla posts record profit, Q1 sales jump 81% despite supply-chain disruptions",0.052,0.081,0.843,0.076
15,Rivian and Lucid Rise in Late Trading as Tesla Tops Expectations,-0.953,0.084,0.797,0.119
16,"Tesla’s Earnings Crushed Expectations, Setting More Records. The Stock Is Up.",0.527,0.196,0.804,0.0
17,Tesla Should Take a Cue From Netflix. Competition Matters.,-0.077,0.144,0.7,0.156
18,"The Nasdaq Closed in the Red, the Dow Rose—and What Else Happened in the Stock Market Today",-0.637,0.0,0.809,0.191
19,"4 Top Stock Trades for Thursday: DIS, TSLA, PYPL, PEP",0.986,0.102,0.837,0.061
20,Tesla Stock Jumps After Hours As Earnings Top Views; Regulatory-Credits Revenue Swells,0.0,0.0,1.0,0.0
21,"Tesla Crushes Q1 Earnings Forecast With Record Sales, Rising Profit Margins",0.796,0.252,0.748,0.0
22,Tesla Q1 earnings show beat on both top and bottom lines,0.0,0.0,1.0,0.0
23,Tech’s Endless Growth Machine Sputters as Investors Lose Faith,0.988,0.136,0.782,0.082
24,"Stocks end the day mixed with Netflix, Peloton, and Tesla among biggest laggards",0.0,0.0,1.0,0.0
25,Tesla races ahead of rising raw material costs on price hikes,0.96,0.078,0.892,0.031
26,Tesla Releases First Quarter 2022 Financial Results,0.318,0.02,0.98,0.0
27,UPDATE 1-Elon Musk: Don't censor me in Tesla shareholder lawsuit,0.555,0.088,0.838,0.074
28,Elon Musk hints at ‘tender’ offer to buy Twitter through cryptic tweet,0.0,0.0,1.0,0.0
29,"US STOCKS-Nasdaq closes lower as Netflix weighs, sends ripples through tech",0.981,0.099,0.849,0.052
30,"Earnings preview: Tesla, Procter &amp; Gamble, Verizon set to report this week",0.687,0.065,0.911,0.024
31,Why Investors Are Selling Tesla Ahead of Today's Earnings,0.026,0.034,0.933,0.033
32,Tesla to report Q1 earnings as Musk targets Twitter,-0.968,0.034,0.881,0.085
33,"Dow futures Rise, Tesla up 4% After Earnings",0.924,0.085,0.87,0.044
34,Tesla stock-option 'straddle' priced for post-earnings move of more than $66,-0.026,0.031,0.936,0.033
35,Should You Buy Tesla Stock Ahead of Q1 Earnings? Morgan Stanley Weighs In,0.985,0.091,0.88,0.029
36,Musk to Judge in Go-Private Tweet Fight: Don’t Muzzle Me,-0.979,0.078,0.791,0.131
37,BMW Has a Defiant Message for Elon Musk and Tesla,0.459,0.123,0.807,0.07
38,US STOCKS-Nasdaq slides after bleak Netflix results,0.914,0.072,0.877,0.05
39,"Stock Market Today: Dow Sidesteps Netflix Crash as IBM, Procter &amp; Gamble Climb",-0.361,0.074,0.85,0.076
40,Cathie Wood Says Bitcoin is Worth $1 Million. Can It Get There?,0.967,0.072,0.907,0.021
41,Tesla News Gives Nio Stock a Much-Needed Boost,0.978,0.104,0.843,0.052
42,"NY Auto Show's top trends: Electric vehicles, indoor tracks, and one hot hatch",0.995,0.071,0.901,0.028
43,US STOCKS-Nasdaq slides as bleak Netflix report hurts growth stocks,0.981,0.081,0.874,0.045
44,Elon Musk Goes Looking for Financing for His $43 Billion Twitter Bid,0.918,0.123,0.799,0.079
45,S&amp;P 500 Gives Up Gains as Netflix Crater Sours Sentiment,0.202,0.078,0.856,0.066
