﻿,Titles,Polarity,Positive,Neutral,Negative
0,"Dow Jones Futures: Big Fed Rate Hike On Tap, But Look For This; Tesla Flirts With Buy Points",-0.052,0.0,0.954,0.046
1,Tesla and Apple lead Robinhood's investor index,0.956,0.177,0.823,0.0
2,Elon Musk is getting ready to unleash an army of humanoid robots. Here's what he wants to use them for,0.899,0.06,0.924,0.016
3,"Dow Jones, Nasdaq Lower; Tesla Nears Buy Points; Ford Sinks",0.103,0.114,0.789,0.096
4,These 10 Stocks Can Crash After Federal Reserve’s Latest Rate Hike,0.994,0.074,0.882,0.045
5,UPDATE 2-PG&amp;E's Tesla battery facility catches fire in California,-0.914,0.041,0.867,0.092
6,Musk’s Grammar or a Tesla Robot: One Is Pushing Up the EV Stock,0.0,0.0,1.0,0.0
7,FOCUS-Elon Musk faces skeptics as Tesla gets ready to unveil 'Optimus' robot,0.966,0.076,0.872,0.051
8,Is Tesla Stock Recession-Proof?,0.865,0.159,0.81,0.031
9,Dow Jones Sells Off Ahead Of Fed Meeting; Treasury Yields Jump; Ford Dives 10% On Inflation Warning,0.0,0.0,1.0,0.0
10,"Stocks: Tesla, Amazon dip ahead of Fed decision, Apple rises",0.713,0.052,0.926,0.022
11,Elon Musk Makes a Major Promise to Iranians and Cubans,0.581,0.209,0.726,0.065
12,Ford just shocked investors like FedEx — here's what Wall Street is saying,0.938,0.077,0.861,0.063
13,Clock is ticking on Texas' Chapter 313 incentives — and major projects may lose out,0.318,0.035,0.965,0.0
14,Dow Jones Futures Fall Ahead Of Fed Meeting; Treasury Yields Jump; Ford Tumbles On Inflation Warning,0.202,0.087,0.913,0.0
15,7 Battery Stocks That Could 10X by 2030,1.0,0.145,0.846,0.008
16,Elon Musk faces skeptics as Tesla gets ready to unveil 'Optimus' robot,0.966,0.077,0.871,0.052
17,"Factbox-The challenges automakers, and now Tesla, face with humanoid robots",0.929,0.081,0.873,0.046
18,This Ultra-High-Yield Stock-Split Stock Is a Smarter Buy Than Tesla or Shopify,0.296,0.115,0.885,0.0
