﻿,Titles,Polarity,Positive,Neutral,Negative
0,Why NC law kept Amazon-backed automaker from putting $5B plant here,-0.511,0.0,0.864,0.136
1,Tesla May Have a Path to a $4 Trillion Market Value. Here’s Why.,0.402,0.08,0.92,0.0
2,"Dow Jones Falls; Elon Musk Issues Challenge, Tesla Stock Does This; These Stocks Hit After Russia Attack",-0.691,0.056,0.687,0.258
3,Dow Jones Falls; Tesla Steady After Elon Musk Issues Challenge; These Stocks Hit After Russia Attack,-0.691,0.049,0.722,0.228
4,Why These 10 Stocks Are Moving on Friday,0.986,0.077,0.885,0.038
5,Elon Musk and a Top Chinese Diplomat Take a Ride,0.34,0.046,0.954,0.0
6,The Top 10 TikTok Stocks on the App Right Now,0.999,0.119,0.838,0.043
7,"Carvana Is More Like Tesla Than Peloton, Says Analyst",0.296,0.078,0.922,0.0
8,Volkswagen to Build $2.2 Billion New EV Plant to Keep Up With Tesla,0.827,0.079,0.859,0.062
9,"Tesla CEO Elon Musk should give me a call, says US Labor Secretary",0.988,0.14,0.834,0.027
10,When and Why Block Stock Is at Historic Low Levels,-0.951,0.081,0.821,0.098
11,Tesla wins approval for first European gigafactory,0.0,0.0,1.0,0.0
12,Tesla Gets Approval to Start EV Production in Germany,0.66,0.167,0.833,0.0
13,"Market check: Financial, tech, travel stocks under pressure",0.0,0.0,1.0,0.0
14,"Tesla Stock Active As Berlin Approves Gigafactory, Musk Invites Union Vote In California",0.25,0.071,0.929,0.0
15,"U.S. Labor Secretary: ‘Aside from inflation, we have a really strong economy’",0.273,0.055,0.945,0.0
16,Panasonic Has News That Will Delight Tesla Fans,0.0,0.0,1.0,0.0
17,"Stocks open lower after strong jobs report, bond yields fall, Tesla shares rise",0.0,0.113,0.773,0.113
18,ARK Invest Stocks To Watch: 7 Stocks That Cathie Wood's ARK ETFs Own; Tesla Rises,0.572,0.183,0.817,0.0
19,Volkswagen Unveils Plan to Build $2.2 Billion EV Plant,0.931,0.069,0.931,0.0
20,"Tesla Stock Gains As Berlin Approves Gigafactory, Musk Invites Union Vote In California",0.25,0.071,0.929,0.0
21,Dow Jones Sells Off Despite Strong Jobs Report; Russia Seizes Ukrainian Nuclear Power Plant,0.0,0.0,1.0,0.0
22,Microsoft and Pepsi top list that scores greenhouse gas-emissions progress. Tesla and others are ‘failing’,0.0,0.0,1.0,0.0
23,Cryptocurrencies After Russia-Ukraine War: Top 10 Gainers,1.0,0.177,0.778,0.045
24,Grid Dynamics and AppFolio have been highlighted as Zacks Bull and Bear of the Day,1.0,0.131,0.837,0.032
25,Dow Jones Futures Sell Off Despite Strong Jobs Report; Russia Seizes Ukrainian Nuclear Power Plant,0.0,0.0,1.0,0.0
26,Sony and Honda Partner on EVs. Big Tech Needs Big Auto for Its Apple-Car-Like Ambitions.,0.788,0.118,0.882,0.0
27,"Russian Nuclear Power Plant Attack, Jobs Report, Oil Surge, Costco Earnings, Tesla Union Vote - Five Things To Know",0.026,0.114,0.773,0.113
28,Microsoft and Pepsi top this list that scores greenhouse gas emissions progress. Tesla and others are ‘failing’,0.0,0.0,1.0,0.0
29,Ford Tricked Tesla Over the Model E Name,0.0,0.0,1.0,0.0
