﻿,Titles,Polarity,Positive,Neutral,Negative
0,Dow Jones Futures: What To Do As Bear Market Intensifies; Tesla Rival Leads 5 Key Stocks,-0.542,0.085,0.688,0.227
1,"Tesla, SpaceX, and Musk sued by dogecoin investor for $258 billion",0.844,0.065,0.892,0.043
2,"IBD Stock Of The Day: Warren Buffett EV Play BYD Races Higher, Takes On Tesla",0.34,0.145,0.855,0.0
3,"GM hikes Hummer EV price by over $6,000 as commodity, shipping costs rise",0.077,0.013,0.97,0.017
4,Why Tesla Stock Jumped on Friday,0.0,0.0,1.0,0.0
5,Musk Has a Huge Plan for the Las Vegas Strip (That Keeps Getting Bigger),-0.178,0.129,0.711,0.16
6,"Electric vehicle prices and range, not cost of gas, top concerns for prospective buyers",0.842,0.058,0.906,0.036
7,SpaceX Fires Employees That Were Critical of Elon Musk,-0.637,0.068,0.714,0.218
8,60% of CEOs expect recession by 2023: Conference Board,0.412,0.064,0.874,0.061
9,"Tesla (TSLA) Hikes Prices of EVs Again, Model X Up by $6,000",0.994,0.109,0.88,0.01
10,"Tesla stock hits rough patch amid supply chain constraints, price hikes",-0.44,0.0,0.884,0.116
11,"Dow Jones Falls, Techs Lead After Market Sell-Off; Alibaba, These China Stocks Gain",0.34,0.118,0.882,0.0
12,Market check: Stocks bounce back from Thursday’s steep losses,0.0,0.0,1.0,0.0
13,Tesla Stock Active Amid Reports Of North American Layoffs After Musk Job Cut Warning,-0.178,0.171,0.603,0.225
14,"Dow Jones Rises, Techs Jump Market Sell-Off; Alibaba, These China Stocks Jump",0.34,0.112,0.888,0.0
15,"Company News for Jun 17, 2022",0.758,0.13,0.808,0.061
16,"Dow Jones Futures Slash Gains On Powell Comments; Alibaba, These China Stocks Jump",-0.649,0.105,0.644,0.251
17,Tesla Stock Slides Amid Reports Of North American Layoffs After Musk Job Cut Warning,-0.178,0.171,0.603,0.225
18,Hedge Funds Were Right About MicroStrategy Incorporated (MSTR) and 9 Other Tech Stocks,0.998,0.092,0.853,0.055
19,7 Lithium Stocks to Sell if You Believe the Boom Is Over,0.997,0.093,0.854,0.053
20,Tesla Has an Inflation Problem. So Do All the Car Makers.,0.296,0.128,0.872,0.0
21,"Dow Jones Futures Rise After Big Sell-Off; Alibaba, These China Stocks Jump",-0.649,0.109,0.632,0.26
22,5 EV Stocks to Sell Before the Fed Kills Them,0.998,0.106,0.845,0.049
23,Looking for the Next FAANG Stocks? 4 Growth Stocks to Buy Now and Hold Forever,0.477,0.097,0.903,0.0
24,The Fed’s Old Hotel Shower Is Already Getting Hot. But Not Hot Enough.,-0.772,0.0,0.806,0.194
25,Elon Musk Is Furious,-0.841,0.018,0.849,0.134
26,The Investors Putting Billions Into Climate Tech Don't Plan to Stop Now,0.762,0.085,0.853,0.063
27,SpaceX Clears Major FAA Hurdle to Launch Starship in Texas,0.0,0.0,1.0,0.0
28,Dow Jones Futures Rise After Stock Market Dives To Near Key Support On Recession Fears,-0.026,0.115,0.766,0.119
29,"GM Teases a $200,000 Cadillac Electric Supercar. Just Don’t Call It a Tesla Fighter.",-0.228,0.058,0.874,0.068
30,"Twitter, Tesla, Roku Rise Premarket; Adobe Falls",0.885,0.105,0.827,0.068
31,Dow Futures Rise 180 Pts; Industrial Production Data and Powell Speech in Focus,-0.989,0.038,0.853,0.11
32,"Bitcoin Evangelists Musk, Saylor and Winklevoss React to Crypto Crash",-0.527,0.0,0.761,0.239
33,"Tesla investor sues Musk, board over accusation of workplace discrimination",-0.994,0.015,0.792,0.193
34,Tesla raises prices for some Model Y cars in China - website,0.296,0.05,0.923,0.027
35,Elon Musk gave Twitter employees a vision full of contradictions,-0.077,0.104,0.777,0.119
36,Elon Musk Faces $258bn Lawsuit for Dogecoin (DOGE) Promoting,0.928,0.071,0.88,0.049
