﻿,Titles,Polarity,Positive,Neutral,Negative
0,Dow Jones Futures: Is Market Rally Action Bullish? Tesla Has 'Super Bad' Sell-Off; Apple In Focus,-0.361,0.177,0.563,0.26
1,"U.S. auto sales have reached 'recessionary levels,' new report states",-0.077,0.11,0.769,0.121
2,Why the 2023 Chevrolet Bolt is the cheapest EV in America,0.0,0.0,1.0,0.0
3,President Biden reacts to Elon Musk's comments about the U.S. economy,-0.273,0.0,0.94,0.06
4,US STOCKS-Wall St ends down with strong jobs data keeping the pressure on for rate hikes,0.973,0.09,0.85,0.06
5,"Tesla, Apple, Microsoft, Peloton: All of tech companies hitting the brakes on hiring",0.995,0.088,0.865,0.047
6,"Why Shopify, Upstart, and DraftKings Fell Today",-0.625,0.049,0.712,0.24
7,US STOCKS-Wall St ends down with strong jobs data keeping the pressure on for rate hikes,0.982,0.103,0.845,0.051
8,President Biden Chooses to Ease Tensions With Tesla's Musk,-0.477,0.079,0.803,0.117
9,3 Nasdaq 100 Stocks to Beat the Market,0.991,0.11,0.849,0.041
10,"Why Nvidia, Amazon, and Apple Stocks Slumped Friday",-0.861,0.015,0.85,0.135
11,‘Lots of luck on his trip to the moon’: Biden dismisses Elon Musk’s comment about having a ‘super bad feeling’ about the economy,0.775,0.063,0.884,0.053
12,US STOCKS-Wall St slides as solid jobs data supports rate hike bets,0.984,0.09,0.865,0.045
13,Tesla layoffs catch the attention of U.S. Labor Secretary Marty Walsh,0.993,0.123,0.869,0.008
14,Musk Promises a Working Humanoid Robot in September,0.625,0.118,0.882,0.0
15,Elon Musk Says Tesla Plans to Cut 10% of Salaried Staff,-0.572,0.0,0.764,0.236
16,Twitter Says Antitrust Waiting Period for Elon Musk Deal Has Passed,-0.527,0.0,0.839,0.161
17,"Why Nikola, Rivian, and Lucid Stocks Dropped Today",0.402,0.073,0.901,0.026
18,Bidenomics: Maybe it will all work out?,-0.886,0.0,0.743,0.257
19,Analysis - Musk's warning could be auto industry's 'canary in the coal mine' moment,-0.386,0.061,0.864,0.075
20,Dow Jones Falls As Apple Crumbles; Tesla Stock Plunges As Elon Musk Does This; 2 Leaders Make Bullish Moves,0.612,0.179,0.821,0.0
21,Which Direction Is Tesla Headed Next?,0.234,0.058,0.923,0.019
22,US STOCKS-Wall St slides as solid jobs data supports rate hike bets,0.849,0.076,0.864,0.06
23,Australian billionaire slams Elon Musk’s return to work order right as his $48 billion firm discloses a huge security flaw,-0.066,0.074,0.859,0.067
24,Why Tesla Stock Was Down Today,-0.296,0.0,0.833,0.167
25,"Musk Seeks Tesla Job Cuts, But This 'Elephant In The Room' Remains",-0.273,0.0,0.913,0.087
26,Bad news about hiring trends in tech is 'misleading': Economist,-0.289,0.053,0.901,0.046
27,Dow slumps 300 points as stocks turn lower for week after strong May jobs report,0.459,0.115,0.885,0.0
28,Tough Road Ahead For Rivian: Analyst; Is RIVN Stock A Buy?,-0.402,0.074,0.736,0.19
29,Stock Market Today: Dow Slips on Fears Strong Jobs Data to Power Fed Hikes,-0.949,0.062,0.848,0.091
30,UPDATE 1-Biden wishes Elon Musk 'luck' on trip to the moon after job cut remark,0.981,0.152,0.791,0.057
31,"Stock Market Rally Falls As Fed Signals More Big Rate Hikes; Salesforce, Tesla In Focus: Weekly Review",-0.296,0.141,0.66,0.199
32,"Biden dismisses Elon Musk’s ‘super bad feeling’ about economy, wishes SpaceX CEO ‘lots of luck on his trip to the moon’",-0.128,0.038,0.918,0.044
33,Biden wishes Elon Musk 'luck' on trip to the moon after job cut remark,0.981,0.155,0.787,0.058
34,Did Elon Musk Just Issue a Warning About Tesla Stock?,0.422,0.113,0.887,0.0
35,Why Nio Shares Are Sinking Today,0.681,0.102,0.898,0.0
36,Analysis-Elon Musk opens door to a Tesla talent exodus,0.852,0.078,0.848,0.074
37,'Lots of Luck on His Trip to the Moon': Biden Dismisses Musk's Concerns on the Economy,-0.831,0.062,0.849,0.089
38,Tesla and Microsoft Stock Are Why One Manager Predicts More Market Pain,0.796,0.281,0.678,0.041
39,The Jobs Report Is Bad News for Anyone Betting on a Less-Aggressive Fed,0.395,0.118,0.882,0.0
40,Ford and Tesla Send a Big Warning to India,0.0,0.0,1.0,0.0
41,Musk Backs Billionaire Developer Caruso for LA Mayor,0.976,0.106,0.842,0.052
42,US STOCKS-Wall St slides as solid jobs data supports rate hike bets,0.274,0.05,0.898,0.052
43,"Tesla and Apple drive down tech stocks, Coinbase among biggest crypto laggards",0.202,0.054,0.91,0.035
44,Did Tesla's Elon Musk Just Predict the Next Recession?,0.128,0.084,0.84,0.076
45,Twitter Says Regulatory Waiting Period for Musk’s Acquisition Bid Has Expired,0.077,0.071,0.929,0.0
46,"Stock Market Today - 6/3: Stocks Lower After Jobs Data: Tesla,  Apple, Micron Drag Tech",0.637,0.268,0.652,0.08
47,"U.S. stocks fall after stronger-than-forecast payrolls data, with possible Tesla job cut worries also weighing",0.202,0.09,0.843,0.066
48,Strong Dollar Is Latest Headache for Pricey Software Stocks,0.971,0.086,0.853,0.061
