﻿,Titles,Polarity,Positive,Neutral,Negative
0,Oil Prices Bounce Back As Market Demand Recovers,0.934,0.075,0.858,0.067
1,"Why Tesla, Nio, and Nikola Stocks Dropped Today",0.0,0.026,0.948,0.026
2,Tesla (TSLA) Delays Cybertruck to 2022,-0.329,0.0,0.914,0.086
3,"Tesla Stock Rebounds From Near Buy Point Amid July China Sales, Booming Exports",0.0,0.0,1.0,0.0
4,"Dow Jones Rallies, Tech Stocks Fall As Senate Expected To Pass $1 Trillion Infrastructure Bill; Tesla Slides On July China Sales",0.0,0.0,1.0,0.0
5,10 Best EV Materials Stocks to Buy,0.999,0.084,0.896,0.02
6,Dow Jones Rallies As Senate Expected To Pass $1 Trillion Infrastructure Bill; Tesla Falls On July China Sales,0.0,0.0,1.0,0.0
7,"Tesla Stock Falls Toward Buy Point Amid July China Sales, Booming Exports",0.0,0.0,1.0,0.0
8,12 Best Artificial Intelligence Stocks To Invest In Right Now,1.0,0.141,0.83,0.029
9,Renault Is Going After China,0.917,0.045,0.938,0.017
10,The EV Era Is Coming Sooner Than Expected,0.998,0.136,0.841,0.023
11,"Tesla Stock Holds In Buy Zone Amid July China Sales, Booming Exports",0.296,0.128,0.872,0.0
12,Tesla’s Deliveries Came Up Short in China. Why the Stock Market Doesn’t Care—and You Shouldn’t Either.,0.077,0.061,0.939,0.0
13,2 Cathie Wood Growth Stocks to Buy Now,0.44,0.103,0.832,0.064
14,"Morning Bell With Jim Cramer: Mortgages, Tesla and Ford",0.0,0.0,1.0,0.0
15,Dow Jones Futures Rise: Tesla Retakes Buy Point With China Sales Due; AMC Stock Surges On Earnings,0.0,0.0,1.0,0.0
