﻿,Titles,Polarity,Positive,Neutral,Negative
0,Dow Jones Futures Rally: Tesla Hits $1 Trillion; Donald Trump SPAC Dives; Facebook Jumps On Earnings Beat,0.34,0.098,0.902,0.0
1,Tesla joins elite club as its market cap passes $1 trillion for the first time,0.975,0.087,0.896,0.016
2,Tesla Passes Facebook to Become 5th-Largest U.S. Public Company,0.943,0.131,0.814,0.055
3,Top Investors’ Stock Portfolio: 10 Mid-cap Stocks To Buy,0.999,0.098,0.886,0.016
4,Dow Jones Futures: Tesla Hits $1 Trillion; Donald Trump SPAC Dives; Facebook Jumps On Earnings Beat,0.34,0.098,0.902,0.0
5,NTSB chief wants Tesla to limit where Autopilot can operate,0.625,0.121,0.879,0.0
6,Stock Market Today: Trillion-Dollar Tesla Leads Monday Market Charge,0.998,0.142,0.846,0.011
7,Tesla's $1 trillion value a double bonanza for Musk,0.936,0.089,0.892,0.018
8,"How Much $10,000 Invested In Tesla Stock 10 Years Ago Is Worth Now",0.889,0.38,0.575,0.045
9,"US STOCKS-S&amp;P 500, Dow close at new highs as Facebook starts heavy earnings week",0.992,0.091,0.881,0.028
10,"US STOCKS-S&amp;P 500, Dow close at new highs as Facebook set to start heavy earnings week",0.991,0.097,0.878,0.025
11,"As it speeds toward opening Austin-area factory, Tesla strikes huge deal with Hertz",0.318,0.047,0.953,0.0
12,Dow Jones Gains As Tesla Hits $1 Trillion Mark; Donald Trump SPAC Plummets; 3 Stocks Pass Buy Points,0.382,0.11,0.89,0.0
13,Tesla’s Market Cap Hit $1 Trillion. Here’s the Math.,0.0,0.0,1.0,0.0
14,Why Tesla and Cloudflare Soared to All-Time Highs Monday,0.74,0.184,0.723,0.092
15,Cathie Wood's ARKK Wagers Overshadow Tesla's 45% Surge This Year,0.938,0.081,0.875,0.045
16,"Top Stock Picks for Week of October 25, 2021",0.991,0.156,0.814,0.03
17,"Ford, GM earnings preview: How well did they manage supply-chain snags?",0.0,0.0,1.0,0.0
18,"US STOCKS-S&amp;P 500, Dow hit new highs with heavy week of earnings on tap",0.997,0.131,0.833,0.037
19,Xpeng Soars Above Buy Point After Showcasing Flying Car Ahead Of Tesla,-0.153,0.0,0.94,0.06
20,The Trillion Dollar Club - Tesla (NASDAQ:TSLA) Rockets After Earnings,0.999,0.204,0.791,0.006
21,Elon Musk’s Fortune Surges $29 Billion on Hertz Order,0.989,0.13,0.856,0.014
22,Tesla Is the First Junk-Rated Company to Get a $1 Trillion Valuation,0.986,0.119,0.862,0.019
23,"Dow Jones Rises, Nasdaq Leads Upside; Tesla Stock Reaches $1 Trillion Milestone; Facebook Rises Ahead Of Earnings",0.0,0.0,1.0,0.0
24,Tesla Crosses $1 Trillion Market Cap Thanks to Hertz,0.202,0.091,0.909,0.0
25,Tesla Is the First U.S. Auto Maker With a $1 Trillion Market Cap,0.296,0.078,0.922,0.0
26,Tesla briefly hits $1 trillion market cap as shares rally to record high,0.986,0.071,0.915,0.014
27,UPDATE 1-Veoneer says Cummings to resign from board after NHTSA appointment,0.984,0.138,0.816,0.047
28,"US STOCKS-S&amp;P 500, Dow hit new highs; Big Tech struggles ahead of earnings",0.947,0.073,0.887,0.041
29,Tesla Touches Trillion Dollar Mark as EVs Go Mainstream,0.99,0.081,0.902,0.017
30,Tesla Stock Soars To $1 Trillion Valuation On Deal With Rental Car Giant Hertz,0.0,0.0,1.0,0.0
31,WRAPUP 1-Tesla drives over $1 trillion as investors bet the EV future is now,0.994,0.096,0.87,0.034
32,Why Xpeng Shares Are Rising,0.878,0.089,0.898,0.013
33,"S&amp;P 500, Dow Close at Record Highs as Tesla Accelerates to Join $1T Club",0.968,0.076,0.893,0.031
34,Xpeng Soars To Buy Point After Showcasing Flying Car Ahead Of Tesla,-0.153,0.0,0.94,0.06
35,Why Nio Shares Are Rising,0.959,0.123,0.866,0.011
36,"Nasdaq Leads Stock Market Higher As Tesla Rallies, PayPal Denies Pinterest Reports",0.0,0.0,1.0,0.0
37,Why Li Auto Shares Are Rising,0.964,0.128,0.861,0.011
38,"Tesla sets sights on $1 trillion valuation after Hertz’s plan to buy 100,000 Tesla EVs",0.296,0.056,0.944,0.0
39,MicroVision Stock Is a Solid Long-Term Bet for Speculative Investors,0.987,0.1,0.848,0.052
40,"EV Roundup: TM's $3.4B Investment, TSLA's Blowout Q3 &amp; More",0.995,0.095,0.88,0.025
41,Hertz Shares Gain on Tesla Order. Why the Deal Makes Sense for Both Companies.,0.904,0.157,0.828,0.015
42,"Auto Stock Roundup: AN Inks Deal to Buy Priority 1, MGA Trims '21 View &amp; More",0.996,0.087,0.874,0.038
43,4 Top Auto Stocks to Buy for the Long Haul,0.202,0.101,0.899,0.0
44,Why Tesla Stock (and Hertz stock) Is Jumping Higher on Monday,0.881,0.134,0.866,0.0
45,S&amp;P 500 Rises to Record Ahead of Big Tech Earnings; Tesla Hits $1T Market Cap,0.981,0.084,0.892,0.024
46,Dow Jones Rallies As Tesla Surges To Record High; Donald Trump SPAC Slashes Gains; Facebook Earnings On Deck,0.0,0.0,1.0,0.0
47,UPDATE 1-Tesla submits partial response in U.S. auto safety probe - memo,0.459,0.058,0.894,0.048
