﻿,Titles,Polarity,Positive,Neutral,Negative
0,Why Index Funds Often Buy Stocks Like Tesla High and Sell Low,0.0,0.0,1.0,0.0
1,Why Churchill Capital IV Stock Soared This Week,0.402,0.091,0.909,0.0
2,Index Funds Routinely Buy High and Sell Low. Tesla Is Just One Example.,0.0,0.0,1.0,0.0
3,Can China's EV Players Catch Up to Tesla?,0.527,0.152,0.848,0.0
4,"Nio Stock, Xpeng Give Up Gains Despite Strong Q2 EV Sales",0.318,0.148,0.762,0.09
5,Elon Musk is wrong about bitcoin mining sustainability: VBit CEO,0.867,0.06,0.894,0.045
6,10 Best Cryptocurrencies to Invest in According to Reddit,1.0,0.157,0.823,0.02
7,"Nio’s strong Q2 sales, Xpeng raises $1.8 billion, ViacomCBS C-suite changes",0.999,0.132,0.849,0.019
8,Tesla Trading Pattern Looks Bleak After Tough Start to 2021,-0.514,0.088,0.83,0.082
9,"Elon Musk Thrusts Baby Doge Into the Spotlight, Meme Coin Soars",0.989,0.088,0.906,0.006
10,"Dow Jones Futures Rise In Market Rally As Oil Hits $75: Nio, Xpeng Sales Jump With Tesla Deliveries Due",0.103,0.139,0.761,0.101
11,Is GM Stock A Buy? General Motors Doubles EV Van Output; Big News Awaits,0.0,0.0,1.0,0.0
12,"Dow Jones Futures Rise In Market Rally As Oil Hits $75: Nio, Xpeng Sales Jump With Tesla Deliveries Due",0.103,0.139,0.761,0.101
13,Tesla to Report Q2 Deliveries: What to Expect,0.382,0.157,0.843,0.0
14,"Dow Jones Futures Rise, Techs Fall In Market Rally As Oil Hits $75: Nio, Xpeng Sales Jump With Tesla Deliveries Due",0.103,0.139,0.761,0.101
15,"Dow Jones Futures Rise: Nio, Xpeng Sales Jump As Tesla Deliveries Loom; Apple Tests Buy Point In Market Rally, Micron Earnings Jump",0.103,0.139,0.761,0.101
16,"Nio Stock, Xpeng Extend Gains On Strong Q2 EV Sales",0.318,0.121,0.806,0.073
17,The Top 50 Robinhood Stocks in July,-0.382,0.038,0.883,0.079
18,Influencers with Andy Serwer: Sarah Levy,1.0,0.165,0.815,0.02
19,"Tesla boss Elon Musk praises China's 'amazing' prosperity, infrastructure as Communist Party celebrates 100th birthday",0.99,0.082,0.884,0.034
20,"Tesla's Deliveries Seen at More Than 200,000 in Second Quarter",0.077,0.038,0.962,0.0
