﻿,Titles,Polarity,Positive,Neutral,Negative
0,UPDATE 1-North Carolina county zoning changes to affect Piedmont Lithium project,-0.103,0.045,0.905,0.049
1,Musk says Biden's EV policy 'controlled by unions'-Code Conference,0.799,0.046,0.923,0.03
2,Musk says Biden administration's EV policy 'controlled by unions'-Code Conference,-0.52,0.0,0.943,0.057
3,Tesla (TSLA) Stock Moves -1.74%: What You Should Know,0.986,0.088,0.895,0.017
4,Tesla to Store Data in China: What New Rules Mean for the Auto Industry,-0.273,0.0,0.954,0.046
5,Replay – Green Energy and Better Batteries: ESS CEO in Fireside Chat on Sept. 28,0.99,0.116,0.881,0.003
6,Tesla (TSLA) Turns On the Charm in China,0.226,0.118,0.802,0.08
7,"Dow Jones Dives; Schumer Makes Move As Yellen Issues Warning; Microsoft Falls, Tesla Makes Stand",-0.791,0.0,0.643,0.357
8,Why These 10 Stocks Are on the Move on Tuesday,0.992,0.096,0.868,0.036
9,Why Tesla Shares Are Falling,0.869,0.093,0.874,0.033
10,Why Tesla Stock Dropped Today,0.743,0.108,0.892,0.0
11,"Top Analyst Reports for Tesla, JPMorgan &amp; Oracle",0.998,0.178,0.809,0.013
12,Tesla sued over crash that injured Houston-area police officers,-0.758,0.0,0.706,0.294
13,"Tesla Stock Down As It Delays Next FSD Software Launch, Slows Wider Rollout",-0.115,0.0,0.947,0.053
14,Has Tesla (TSLA) Outpaced Other Auto-Tires-Trucks Stocks This Year?,0.996,0.156,0.844,0.0
15,Ford Rises As 'Biggest Investment Ever' Amps Up EV Shift,0.0,0.0,1.0,0.0
16,Tesla Reports Q3 Deliveries This Week: What To Expect,0.977,0.069,0.902,0.028
17,Tesla Delivery Numbers Are Coming. Wall Street Expects a Record.,0.0,0.0,1.0,0.0
18,Tesla Is Sued Over Autopilot Feature Used by Alleged Drunk Driver,0.103,0.157,0.699,0.143
19,Ford Steps Ahead To Lead America's EV Revolution,0.997,0.087,0.903,0.01
20,9 Best Clean Energy Stocks To Buy Today,1.0,0.158,0.822,0.02
21,Ford CEO: Semiconductor shortage is improving but will extend into next year,0.887,0.067,0.895,0.038
22,Hedge Funds Aren’t Crazy About Tesla Inc. (TSLA) Anymore,0.997,0.091,0.89,0.02
23,Options Trading Hits Record Highs,0.477,0.193,0.807,0.0
24,Ford Just Went All-In on EVs. It Will Have a Megacampus to Compete With Tesla’s Gigafactories.,0.273,0.08,0.92,0.0
25,"Tesla, Facebook Lead $130 Billion Tech Selloff on Rising Yields",-0.73,0.068,0.856,0.076
26,Tesla set to post strong deliveries after production spurt - analysts,0.934,0.064,0.918,0.018
27,"Dow Jones Futures Fall, Techs Tumble As Oil Prices, Yields Keep Running; Pelosi Makes Key Infrastructure Decision",0.202,0.091,0.909,0.0
28,What's Happening in the Electric Vehicle Industry,-0.44,0.0,0.838,0.162
29,"Tesla's Q3 Will Be 'Strongest Quarter Ever,' Piper Sandler Says",0.671,0.234,0.766,0.0
30,"Ford Gains as it Goes Big on EV With Four Factories for Batteries, Vehicles",0.382,0.041,0.927,0.032
31,Australia Plans $1.5 Billion Boost in Race for Critical Minerals,0.776,0.105,0.821,0.074
32,Tesla Megapack fire in Australia blamed on undetected coolant leak,0.422,0.09,0.831,0.079
33,UPDATE 1-Tesla Megapack fire in Australia blamed on undetected coolant leak,0.422,0.085,0.841,0.075
34,RPT-Neoen-run Australia energy storage project approved to resume battery testing,0.719,0.099,0.832,0.07
35,Ford Is Building EV Megacampuses to Compete With Tesla’s Gigafactories,0.273,0.08,0.92,0.0
36,Neoen-run Australia energy storage project approved to resume battery testing,0.803,0.102,0.836,0.063
