﻿,Titles,Polarity,Positive,Neutral,Negative
0,Why Investors Lost Their Taste for Apple Today,0.852,0.161,0.787,0.052
1,Why Tesla Thumped the Market Today,0.872,0.131,0.869,0.0
2,Audi Says Popularity of Electric Vehicles Is Creating a Challenge,0.0,0.0,1.0,0.0
3,UPDATE 1-Elon Musk accuses Twitter of security lapses in court filing,0.872,0.112,0.812,0.077
4,"ORA Stock Eyes Buy Point With 'Strong Tailwind' At Its Back, Tesla In Rearview",0.66,0.252,0.748,0.0
5,Crypto Finally Goes Green!,-0.676,0.095,0.58,0.325
6,Elon Musk accuses Twitter of security lapses in court filing,0.807,0.113,0.801,0.085
7,REPLAY – Solar Meets Wind for Carbon-Free Electricity: Join CEO of KiNRG in Fireside,0.999,0.147,0.837,0.016
8,"As Tesla Stock Wavers, Iron Condor Option Trade Could Return 34%",0.0,0.0,1.0,0.0
9,12 Best New Tech Stocks to Buy Now,0.999,0.091,0.889,0.02
10,"These 20 stocks have short interest of 19% or more, and AMC and GameStop are not even in the top half",-0.304,0.072,0.825,0.103
11,Tesla Is Exploring Building a Lithium Refining Plant in Texas,0.361,0.031,0.969,0.0
12,What Investors Should Know About Single Stock ETFs,0.987,0.167,0.833,0.0
13,General Motors (GM) Inks New Supply Contract to Boost EV Game,0.999,0.16,0.828,0.012
14,Municipal Committee Balks Tesla's (TSLA) Giga Berlin Expansion,0.973,0.058,0.918,0.024
15,GM Gets Into a New Industry to One-Up Tesla and Ford,-0.273,0.0,0.905,0.095
16,Tesla Stock Got an Upgrade for an Unusual Reason,0.025,0.106,0.755,0.14
17,Tesla Lost a Crown to Apple. It’s Probably Happy to See It Go.,0.273,0.13,0.87,0.0
18,Dow Jones Reverses After Key Economic Data; 10-Year Treasury Yield Nears 11-Year High,0.202,0.083,0.917,0.0
19,"Tesla has one less bear after Needham upgrades, citing several reasons to expect a stock rally",0.765,0.202,0.798,0.0
20,"Stocks slide as investors mull economic data, Tesla stock in the green",0.0,0.0,1.0,0.0
21,Dow Jones Falls After Key Economic Data; 10-Year Treasury Yield Nears 11-Year High,0.202,0.079,0.921,0.0
22,"Company News for Sep 15, 2022",0.981,0.23,0.733,0.038
23,Is Tesla the Next Sleeping Giant in Advertising?,0.06,0.035,0.965,0.0
24,Dow Jones Futures Fall After Key Economic Data; 10-Year Treasury Yield Nears 11-Year High,0.202,0.087,0.913,0.0
25,Dow Jones Futures Rise After Key Economic Data; 10-Year Treasury Yield Nears 11-Year High,0.202,0.087,0.913,0.0
26,"Dow Jones Futures: Market Tries To Rebound; Exxon, Tesla Stock Near Buy Points",0.0,0.0,1.0,0.0
27,"Dow Jones Futures Fall As Market Tries To Rebound; Exxon, Tesla Stock Near Buy Points",0.0,0.0,1.0,0.0
28,Musk gets weekly reports on Tesla staff who don’t turn up to work in the office,-0.612,0.035,0.912,0.053
29,"1 Widely Held Stock-Split Stock That Could Plunge 92%, According to Wall Street",0.542,0.143,0.857,0.0
30,UPDATE 2-German minister has no information on any change in Tesla plans,0.496,0.038,0.935,0.027
31,Exclusive-Tesla weighs reset for China retail strategy even as sales boom,-0.825,0.034,0.924,0.042
32,"Lawsuit accuses Tesla of overstating Autopilot, Full Self Driving capabilities",-0.318,0.073,0.769,0.158
33,Apple Overtakes Tesla as Most-Shorted in U.S. Market,0.644,0.114,0.847,0.039
34,"Dow Jones Futures Rise As Market Tries To Rebound; Exxon, Tesla Stock Near Buy Points",0.0,0.0,1.0,0.0
