﻿,Titles,Polarity,Positive,Neutral,Negative
0,Senate expands tax credit for EV drivers,0.989,0.105,0.879,0.017
1,Here’s How the New US Climate Deal Could Make Energy Bills Cheaper,0.998,0.115,0.841,0.044
2,Cathie Wood’s Top 10 Buys in July,0.997,0.091,0.878,0.031
3,These 10 Stocks are Gaining After Announcing Share Buybacks,0.999,0.117,0.872,0.011
4,"How Tesla, GM could benefit from deal to expand EV tax credits",0.987,0.089,0.883,0.028
5,"Are we in a recession? No, JP Morgan strategist explains",0.948,0.093,0.845,0.062
6,"EV, Solar Stocks Rally As Energy Bill Provides Broad, Deep Incentives",0.852,0.485,0.515,0.0
7,"Tesla, GM, Other EV Makers Get Potential Win in Senate Deal",0.612,0.203,0.743,0.054
8,"Why Tesla, Nikola, and Lordstown Motors Stocks Are Rising Today",0.917,0.155,0.845,0.0
9,"Stocks slip, bitcoin rallies following GDP reading",0.0,0.0,1.0,0.0
10,‘We absolutely have too many people’: Ford ready to wield the axe as U.S. economy slips into technical recession,-0.9,0.042,0.897,0.061
11,Cathie Wood’s Top 15 Small-Cap Stock Picks,0.999,0.098,0.871,0.031
12,Is Ford Finally Ready to Take On Tesla?,0.285,0.093,0.907,0.0
13,This Key Tesla Supplier Clocked 110% Revenue Growth In Q1,0.983,0.156,0.828,0.016
14,Why Did Elon Musk Sell Tesla's Bitcoin?,0.0,0.0,1.0,0.0
15,'We have woefully surrendered our energy independence': Bob Nardelli,0.0,0.0,1.0,0.0
16,Influencers with Andy Serwer: Bob Nardelli,-0.361,0.033,0.895,0.072
17,5 Monster Growth Stocks Begging to Be Bought,0.649,0.249,0.751,0.0
18,"Wary shoppers muddy outlook for tech, auto firms in Asia",-0.847,0.077,0.829,0.094
19,"WRAPUP 1-Wary shoppers muddy outlook for tech, auto firms in Asia",-0.955,0.074,0.824,0.102
20,"UPDATE 1-Panasonic posts 39% drop in Q1 operating profit, misses estimate",0.866,0.097,0.839,0.064
21,UPDATE 3-Pricing buoys Stellantis as fight for electric markets heats up,0.981,0.091,0.874,0.035
22,"What’s in the Manchin-Schumer Deal on Taxes, Climate and Energy",0.993,0.124,0.812,0.063
