﻿,Titles,Polarity,Positive,Neutral,Negative
0,Musk Gets a Potential Boost With Twitter Whistle-Blower’s Claims,-0.994,0.056,0.838,0.106
1,"Dow Jones Futures: Market Rally Awaits Powell; Apple Carving Handle, 5 EV Plays Near Buy Points",-0.326,0.0,0.945,0.055
2,Yellow (YELL) and Tesla (TSLA) Are Aggressive Growth Stocks,0.992,0.147,0.831,0.021
3,Elon Musk may have 'waived due diligence' in Twitter deal lawsuit: Lawyer,0.963,0.079,0.876,0.045
4,Tesla Stock Splits 3-For-1: Is Now The Time To Buy?,0.178,0.061,0.939,0.0
5,Tesla Stock Is Rising Ahead of Its Stock Split,0.727,0.178,0.778,0.044
6,General Electric Wins Big in the New Climate Change Law. Wind Power Gets a Tax Credit.,0.382,0.216,0.648,0.136
7,"Dow Jones Reverses Lower; Tech, Energy, IBD 50 Rise; Elon Musk-Twitter Saga Shifts",0.557,0.096,0.904,0.0
8,Tesla Cash Hoard Could Hit a Half-Trillion by 2030. What All That Money Could Do.,0.273,0.095,0.905,0.0
9,"UPDATE 1-Volkswagen, Mercedes-Benz team up with Canada in battery materials push",0.96,0.09,0.891,0.019
10,"Stock Market Bounce Stalls, Twitter Tide Turns As Elon Musk Gets Smoking Gun; Tesla Gains",-0.637,0.04,0.841,0.119
11,"Stock Market Glows Green, Twitter Tide Turns As Elon Musk Gets Smoking Gun; Tesla Gains",0.273,0.092,0.832,0.076
12,"Got $2,500? These 2 Small-Cap Monsters Are Crushing Tesla Stock",-0.005,0.05,0.911,0.038
13,Volkswagen teams up with Canada in battery materials push,0.966,0.111,0.873,0.017
14,"These Investment Wines Have Outperformed Apple, Ford And Tesla Over The Past Year",0.99,0.119,0.837,0.044
15,Dow Jones Falls After Stock Market Plunge; Zoom Video Dives On Earnings,0.0,0.0,1.0,0.0
16,"XPeng Dives As China EV Startup Misses On Earnings, Guidance",-0.402,0.11,0.661,0.229
17,EV Winners and Losers From Inflation Reduction Act. Hint: Tesla Is a Winner.,0.765,0.258,0.742,0.0
18,Elon Musk Subpoenas Jack Dorsey as Twitter Legal Fight Heats Up,-0.477,0.0,0.914,0.086
19,Why Tesla's Stock Split Could Be a Bigger Deal Than Amazon's,0.681,0.187,0.813,0.0
20,Dow Jones Futures Fall After Stock Market Plunge; Zoom Video Dives On Earnings,-0.296,0.0,0.896,0.104
21,UPDATE 1-Twitter's former security head claims company misled regulators about bot accounts - reports,-0.601,0.079,0.826,0.095
22,Why Tesla's Rapid Growth Could Accelerate in Q3,0.494,0.208,0.792,0.0
23,"Tesla Challenged Claims That Accused EV Maker For Racial Bias, California Agency Denied It",-0.849,0.097,0.773,0.13
24,7 Top-Rated Large-Cap Stocks to Buy and Hold,0.998,0.112,0.85,0.039
25,5 Top Stocks Likely to Beat Earnings Estimates,1.0,0.202,0.79,0.008
26,"The Zacks Analyst Blog Highlights Tesla, Airbnb, Fortinet, Oracle and Schlumberger",1.0,0.145,0.832,0.023
27,Jack Dorsey Subpoenaed as Musk-Twitter Buyout Battle Heats Up,-0.477,0.0,0.914,0.086
28,Hyundai is catching up with Tesla in the global EV race,0.361,0.163,0.736,0.101
