﻿,Titles,Polarity,Positive,Neutral,Negative
0,RPT-FOCUS-Power Play: Volkswagen abruptly pulls plug on South Korean battery makers,0.969,0.077,0.874,0.049
1,Three Commodities Set To Boom As The Global Economy Recovers,0.999,0.109,0.852,0.039
2,Lordstown Discloses SEC Inquiry Over Short-Seller Report,-0.273,0.118,0.675,0.207
3,Investors really hate tech stocks right now— but should they?,0.995,0.131,0.805,0.064
4,Tesla Driving On Autopilot Crashes Into Michigan State Police Vehicle,-0.891,0.065,0.819,0.115
5,VW Becomes Germany’s Most Valuable Company on EV Enthusiasm,0.982,0.116,0.853,0.031
6,Should You Buy Tesla (TSLA) Stock Before It’s Too Late?,0.998,0.173,0.81,0.017
7,"Dow Rallies, Tech Stocks Tumble As Treasury Yields Jump Ahead Of Fed Decision; Plug Power Dives, Tesla Skids",0.202,0.073,0.927,0.0
8,Why Volkswagen Stock Is Suddenly Skyrocketing,0.527,0.043,0.957,0.0
9,"Volkswagen shares extend rally, taking five-day advance to 20%",0.557,0.078,0.922,0.0
10,Lordstown Motors earnings: here's what we can expect,0.979,0.065,0.901,0.034
11,Commodities market in early stages of a long-term bull market: strategist,0.999,0.112,0.851,0.037
12,"Dow Jones Futures Steady, Tech Futures Tumble As Treasury Yields Pop Before Fed Meeting; Plug Power Dives On Accounting",-0.153,0.081,0.811,0.108
13,From Sputnik to Elon Musk: How the Space Race Took Shape,0.382,0.12,0.88,0.0
14,PLUG Stock A Buy Now? Plug Power Tumbles On Accounting Errors,-0.077,0.079,0.83,0.091
15,"Tesla 'Going Down' In 2021 As Investors Wake Up To Reality On Incumbents' Potential, Says Fund Manager",0.959,0.072,0.912,0.016
16,"Tesla Down 2.6% As Competition Looms, Fund Manager Warns",0.369,0.071,0.869,0.06
17,VW CEO’s Embrace of Elon Musk’s Playbook Sends Stock Soaring,0.994,0.095,0.886,0.019
18,FOCUS-Power Play: Volkswagen abruptly pulls plug on South Korean battery makers,0.971,0.078,0.874,0.048
19,"Hacker Of Elon Musk, Bill Gates, Barack Obama, Apple Twitter Accounts To Spend 3 Years In Prison",-0.884,0.063,0.857,0.08
20,Why Lucid CEO Doesn't See Apple Car As Threat To EV Makers Like His Company And Tesla,0.735,0.036,0.953,0.011
21,"Elon Musk-Dogecoin Twitter Verified Profile Scam Cost This Man Over $500,000",-0.934,0.105,0.782,0.113
