﻿,Titles,Polarity,Positive,Neutral,Negative
0,Why Tesla Stock Popped Today,0.891,0.169,0.831,0.0
1,Bridge Creek Capital Management LLC Buys Amazon. ...,0.983,0.06,0.93,0.01
2,"4 Top Stock Trades for Thursday: TSLA, PG, Ethereum, BA",0.993,0.118,0.823,0.059
3,Tesla stock is 'a confidence gauge' for markets: Strategist,0.965,0.077,0.901,0.022
4,"Dow Jones Futures: Market Rally Pauses But Tesla, AMAT Pop; Apple Chipmaker Near Buy Point With Earnings Due",0.665,0.19,0.81,0.0
5,"Dow Jones Gains As Inflation Explodes; Tesla Stock, Rivian Charge Higher; Covid Test Stock Plunges",0.202,0.116,0.804,0.08
6,Market check: Stocks close higher after gaining steam in final hour,0.511,0.155,0.845,0.0
7,GM Has Lost Its EV Mojo to Ford. Can It Get It Back?,0.273,0.084,0.916,0.0
8,ARK Invest’s Cathie Wood shrugs off inflation pressures,-0.382,0.0,0.915,0.085
9,Lucid Looks Like a Long-term Winner and a Buy,0.997,0.118,0.846,0.036
10,"Cramer's Mad Money Recap 1/12: Tesla, Ford, GM",0.0,0.0,1.0,0.0
11,Rivian Stock May Have Bottomed Out but It’s Still Not a Bargain,0.997,0.117,0.844,0.038
12,"Third-Party Software for Teslas Can Be Hacked, German Teen Says",-0.758,0.06,0.871,0.069
13,"Stock Market Pares Gains As Inflation Hits 40-Year High; Microsoft, Tesla Lead",0.718,0.261,0.739,0.0
14,TBJ Plus: More hype for Triangle housing market; New businesses soar in NC; Wolfpack's time to shine in 2022?,-0.026,0.065,0.867,0.068
15,"UPDATE 2-Britain's Octopus grabs nearly 100,000 German energy customers",0.987,0.112,0.864,0.024
16,Tesla stock is 'a confidence gauge' for markets: Strategist,0.652,0.165,0.835,0.0
17,3 Bear Markets to Buy as Traders Adjust,0.998,0.12,0.844,0.037
18,"Market check: China stocks gain, Tesla shares climb, bitcoin recovers",0.0,0.0,1.0,0.0
19,"S&amp;P 500 Takes Red-Hot Inflation in Stride as Materials, Tech Shine",0.71,0.067,0.884,0.049
20,"CORRECTED-UPDATE 1-Britain's Octopus grabs nearly 100,000 German energy customers",0.984,0.103,0.879,0.018
21,S&amp;P 500 Inches Higher Following Hottest Inflation Report in Decades,0.7,0.067,0.884,0.049
22,"Dow Jones Rallies As Inflation Hits Highest Level Since 1982; Apple, Tesla Climb",0.0,0.0,1.0,0.0
23,Tesla to Ford Shine in EV Race as SPAC Bubble Bursts,0.968,0.078,0.885,0.037
24,A Teenager Says He Has Hacked Tesla Vehicles,0.491,0.115,0.826,0.059
25,"Old Port Advisors Buys IDEXX Laboratories Inc, Exxon Mobil Corp, iShares Core S&amp;P 500 ETF, ...",0.997,0.07,0.924,0.006
26,Tesla Near its All-Time High: Bull Vs. Bear,-0.413,0.0,0.949,0.051
27,"Dow Jones Futures Rally As Inflation Hits Highest Level Since 1982; Apple, Tesla Climb",-0.44,0.0,0.879,0.121
28,Dow Jones Futures Rise Ahead Of Key Inflation Report; Jefferies Slides On Sales Miss,-0.44,0.0,0.861,0.139
29,"After Exxon win, Engine No. 1 turns to diversity, workforce issues",0.979,0.087,0.892,0.021
30,UPDATE 1-Mercedes-Benz to assemble flagship electric sedan in India,0.144,0.027,0.94,0.033
31,"'Perfect Storm in 2022' For Tesla, Says New Street Research",0.973,0.132,0.853,0.015
32,Tesla leading autos 'biggest transformation since the 1950s': Wedbush's Ives,0.95,0.049,0.94,0.011
33,XPeng Stock: Here’s Why I Don’t Feel the Love That Others Do,0.973,0.074,0.878,0.049
34,Mercedes-Benz to assemble its EQS electric luxury sedan in India,-0.485,0.005,0.967,0.028
35,California DMV reviewing approach to regulating Tesla's public self-driving test - report,-0.925,0.022,0.906,0.073
36,DMV 'revisiting' its approach to regulating Tesla's public self-driving test,-0.922,0.046,0.891,0.063
