﻿,Titles,Polarity,Positive,Neutral,Negative
0,Former California regulator Steven Cliff tapped to run highway safety agency,0.422,0.083,0.917,0.0
1,Why Nikola Stock Popped by Nearly 5% Today,0.494,0.064,0.913,0.024
2,"Dow Jones Futures: Apple Leads Market Rally, As Bitcoin, Tesla Near Highs; Netflix Subscriber Growth Tops Views",0.0,0.0,1.0,0.0
3,Exclusive: Biden to tap No. 2 official to head U.S. auto safety agency -source,0.866,0.063,0.918,0.019
4,What to expect from Tesla's Q3 earnings,0.494,0.127,0.873,0.0
5,"Tesla Earnings On Tap As EV Demand Surges Amid Chip Shortage, Supply-Chain Woes",0.511,0.163,0.837,0.0
6,Goldman Sachs Stock Portfolio: Top 10 Stocks,0.999,0.091,0.888,0.021
7,"New York, San Francisco See Tech Salaries Slip Amid Remote Work",0.952,0.064,0.894,0.042
8,"Tesla Stock Is Creeping Towards a Record High. Earnings Estimates Are Rising, Too.",0.527,0.115,0.885,0.0
9,"WRAPUP 1-Diapers to yogurt, global firms face higher costs amid supply-chain woes",0.108,0.066,0.869,0.065
10,Judge Allows Nikola to Proceed with $2Bln Tesla Lawsuit,0.173,0.069,0.848,0.082
11,Tesla Poised to Beat on Q3 Earnings: ETFs to Buy,0.999,0.146,0.838,0.017
12,Minerd Likens Crypto ‘Garbage’ to Dot-Com Bubble: Milken Update,-0.898,0.059,0.851,0.09
13,Tesla price target upped to $900 at B. of A. Securities,0.875,0.138,0.862,0.0
14,Morgan Stanley Keeps $900 Tesla Price Target Ahead of Earnings,0.902,0.077,0.891,0.032
15,Tesla market share slipping as sales and delivery wait times grow,0.0,0.0,1.0,0.0
16,Here's My Top Value Stock to Buy Right Now,0.178,0.028,0.972,0.0
17,Chrysler Invests In EV Batteries. Car Companies Are Planning Lots of Capacity.,0.422,0.167,0.833,0.0
18,Dow Jones Rallies As Bitcoin ETF Debuts; 4 Tech Stocks To Buy And Watch,0.0,0.0,1.0,0.0
19,Expectations for Tesla Earnings Creep Higher as Stock Edges Toward New High,0.527,0.115,0.885,0.0
20,"The Zacks Analyst Blog Highlights: Tesla, Berkshire Hathaway and Walmart",0.987,0.103,0.822,0.075
21,Is a Surprise Coming for Tesla (TSLA) This Earnings Season?,0.997,0.192,0.808,0.0
22,Dow Jones Futures Rally As Bitcoin ETF Debuts; 4 Tech Stocks To Buy And Watch,0.0,0.0,1.0,0.0
23,Tesla and 15 Other EV Makers Account for Almost Half of the Auto Industry’s Value,0.34,0.088,0.912,0.0
24,Dow Jones Futures Rally On Strong Earnings Results; 3 Tech Titans In New Buy Zones,0.0,0.0,1.0,0.0
25,Tesla Earnings: What to Look For From TSLA,0.542,0.208,0.707,0.085
26,INSIGHT-Car-centric Austin is building transit. Will anyone ride it?,0.98,0.091,0.838,0.071
27,Dow Jones Futures Rally 150 Points; 3 Tech Titans In New Buy Zones,0.0,0.0,1.0,0.0
28,"The Zacks Analyst Blog Highlights: NextEra Energy, Tesla, Advanced Micro Devices, Alphabet and Texas Instruments",1.0,0.135,0.846,0.019
29,Tesla stock rises toward a 7th straight gain a day ahead of earnings report,0.758,0.085,0.915,0.0
30,Don't give up on the bull case just yet: Morning Brief,0.995,0.105,0.841,0.054
31,Dow Jones Futures Fall As Stock Market Rally Strengthens: First Bitcoin ETF To Debut; Tesla Nears Record High,0.0,0.0,1.0,0.0
32,"Dow Jones Futures Rise, As Stock Market Rally Strengthens: First Bitcoin ETF To Debut; Tesla Nears Record High",0.0,0.0,1.0,0.0
