﻿,Titles,Polarity,Positive,Neutral,Negative
0,"Texas governor touts Tesla HQ win, claps back at Gavin Newsom at conservative conference",0.624,0.151,0.849,0.0
1,Dow Jones Futures: Market Rally Faces Key Inflation Report; Covid Vaccine Maker Crashes On Earnings,0.0,0.0,1.0,0.0
2,Which EVs qualify for the Inflation Reduction Act tax credit,0.382,0.091,0.909,0.0
3,"Tech product lifespans are bad for consumers, ‘huge problem’ for the environment: Expert",-0.772,0.0,0.835,0.165
4,Inflation Reduction Act is 'a foot in the door' for Democrats' future legislation: Expert,0.625,0.13,0.87,0.0
5,Stocks search for direction after losing intraday gains,0.98,0.122,0.836,0.042
6,"Tesla Is Miles Ahead of the Competition, Says Analyst",0.981,0.08,0.901,0.019
7,Dow Jones Fades; Tesla Up After Elon Musk Issues This Twitter Challenge; AMC Stock Rockets,0.649,0.24,0.76,0.0
8,Dow Jones Gains Fade; Tesla Up After Elon Musk Issues This Twitter Challenge; AMC Stock Rockets,0.649,0.24,0.76,0.0
9,Dow Jones Dips; Tesla Up After Elon Musk Issues This Twitter Challenge; AMC Stock Rockets,0.649,0.24,0.76,0.0
10,Here's Why Tesla Stock Popped Today,0.889,0.123,0.877,0.0
11,Bed Bath &amp; Beyond leads rally in ‘meme’ stocks as Reddit group appears to be jumping back on board,-0.459,0.057,0.807,0.135
12,How top-selling electric vehicles will be affected by new tax credit,0.994,0.093,0.874,0.033
13,"Fuel cell, EV and solar stocks rally as climate bill makes ‘alternative’ energy more ‘in the money’",0.612,0.122,0.878,0.0
14,Stock Market Today: Dow Ekes Out Gain After Losing Steam on Nvidia Slide,0.099,0.109,0.784,0.107
15,Tesla Shareholders Approved a 3-for-1 Stock Split -- Is the Stock a Buy?,0.913,0.205,0.76,0.035
16,S&amp;P 500 Gives Up Gains as Nvidia Drags Down Tech,-0.035,0.083,0.841,0.077
17,Rivian Stock Pops Ahead Of Earnings Report; Is RIVN Stock A Buy?,-0.402,0.074,0.736,0.19
18,Tesla (TSLA) Stock Split With Stock Dividend to Aid Share Price,0.991,0.082,0.9,0.019
19,Tesla Announces 3-For-1 Stock Split Date: Is Now The Time To Buy?,0.178,0.059,0.941,0.0
20,"Tesla, Plug Power, and Other Clean Energy Stocks Rise on Climate Bill’s Senate Passage",0.494,0.189,0.811,0.0
21,"The US senate just passed a massive $430 billion bill to fight climate change, lower drug costs — and these stocks are buzzing because of it",0.997,0.14,0.824,0.037
22,Tesla Leads Green Stocks Rally as Senate Passes Climate Bill,0.957,0.143,0.782,0.075
23,Tesla CEO Elon Musk predicts the EV maker will produce 100 million cars in 10 years,0.0,0.0,1.0,0.0
24,"Dow Jones Rises As Senate Passes Climate, Healthcare And Tax Bill; Nvidia Dives On Revenue Warning",0.0,0.0,1.0,0.0
25,"Dow Jones Futures Rise As Senate Passes Climate, Healthcare And Tax Bill",0.0,0.0,1.0,0.0
26,"Tesla, Inc. (TSLA) is Attracting Investor Attention: Here is What You Should Know",0.999,0.131,0.862,0.008
27,Tesla and 9 Other Companies That Would Take a Hit From a 15% Minimum Corporate Tax,-0.052,0.102,0.789,0.109
28,"Tesla unveils timing of 3-for-1 stock split, stock up 1.7% premarket",-0.262,0.044,0.912,0.044
29,"‘Clean energy’ hiring in solar, wind and EVs expands in red and blue states. Enter your zip code to see where the jobs are.",0.436,0.111,0.889,0.0
30,The 4 Most Undervalued EV Charging Stocks to Buy Now,0.998,0.108,0.875,0.017
31,"Dow Jones Futures Rise: Market Rally Resilient; Apple, Tesla, These 5 Chip Stocks Could Use This",0.0,0.0,1.0,0.0
32,"Tesla, Palantir, Berkshire Hathaway and More Stock Market Movers Monday",0.0,0.0,1.0,0.0
33,7 Growth Stocks With Multibagger Potential by 2025,0.998,0.144,0.78,0.076
34,The EV Race Is Turning a Gold Rush Haven Into a Battery Hub,0.972,0.075,0.878,0.048
35,"This Is, Hands Down, the Top Stock-Split Stock to Buy Right Now",-0.468,0.052,0.816,0.132
36,Indonesia says Tesla strikes $5 billion deal to buy nickel products - media,0.973,0.121,0.841,0.038
37,Climate bill that’s headed to House keeps U.S. ‘within striking distance’ of halving emissions by 2030,0.542,0.143,0.857,0.0
