﻿,Titles,Polarity,Positive,Neutral,Negative
0,"4 Top Stock Trades for Wednesday: Oil, TSLA, COUP, BABA",0.991,0.099,0.856,0.045
1,Volkswagen Considers Making Electric Truck in U.S.,-0.128,0.0,0.93,0.07
2,"Stocks close in the green, led by Amazon, Tesla, and Microsoft",0.273,0.057,0.943,0.0
3,Why Rivian Stock Rebounded Sharply Today,0.422,0.107,0.814,0.079
4,There’s No Reason to Buy Vinco Ventures Stock Here,0.995,0.116,0.848,0.037
5,"Stocks near session highs as investors await Fed rate decision, oil falls",0.273,0.058,0.942,0.0
6,Tesla's Elon Musk May Be Heading to The White House Soon,0.202,0.087,0.913,0.0
7,UPDATE 1-Mercedes to continue EV investments despite Ukraine war disruptions,0.909,0.053,0.924,0.023
8,Tesla's First SUV May Launch in 2022,0.103,0.085,0.915,0.0
9,Tesla Receives More Bad News for Its Driver-assist Autopilot,-0.226,0.0,0.894,0.106
10,Elon Musk Recommends Investing In 'Physical Things' - Here Are 3 Physical Assets That Perform Well During High Inflation,0.996,0.129,0.86,0.011
11,Tesla price increases may just be the beginning for electric vehicle industry: Analyst,0.854,0.045,0.927,0.029
12,Rivian Makes a Major Bet - Will It Pay Off?,0.273,0.199,0.693,0.108
13,Why Tesla Stock Jumped Today,0.625,0.059,0.941,0.0
14,"Oil prices: The 'good, bad &amp; ugly' scenarios, according to a BofA strategist",-0.942,0.052,0.849,0.099
15,"Volkswagen Slips After Ukraine Warning, Key EV Target Miss",-0.599,0.0,0.804,0.196
16,Tesla Stock Pops As EV Maker Hikes Prices Ahead Of Berlin Factory Opening,0.0,0.0,1.0,0.0
17,"Mercedes takes on Tesla with new U.S. battery plant, electric SUV",0.878,0.044,0.956,0.0
18,Ford (F) Impresses With New Electrification Efforts in Europe,0.997,0.082,0.916,0.002
19,"Mercedes takes on Tesla with new U.S. battery plant, electric SUV",0.878,0.044,0.956,0.0
20,Austin Mayor Adler on the city’s appeal: ‘The tolerance for taking risks is higher’,0.361,0.079,0.921,0.0
21,Ford Makes a Bold Move Tesla and Volkswagen Need to Watch,0.296,0.036,0.964,0.0
22,GM and Tesla Make a Tough Call That Rivals May Follow,0.153,0.144,0.743,0.114
23,"Suppliers' Prices Jump 10% Since Last Year, Level Off in 2022",0.0,0.0,1.0,0.0
24,Yahoo Finance Presents: SXSW: Austin Mayor Steve Adler,0.0,0.0,1.0,0.0
25,"Tesla raises prices again in U.S., China amid inflation",0.0,0.0,1.0,0.0
26,The Beatdown in Nio Stock Could Be a Solid Buy Opportunity,0.968,0.085,0.859,0.056
27,"Tesla Stock Active Amid Second U.S. and China Price Hike, Shanghai Covid Surge",-0.087,0.066,0.858,0.076
28,Musk expected at Tesla gigafactory's first delivery on March 22 -paper,0.273,0.031,0.953,0.016
29,Dow Jones Rallies As Fed Meeting Kicks Off; Tesla Raises Car Prices,0.0,0.0,1.0,0.0
30,Dow Jones Futures Rise Ahead Of Fed Meeting; Tesla Raises Car Prices,0.0,0.0,1.0,0.0
31,7 U.S.-listed China Stocks Trading At Extremely Cheap Valuations,0.998,0.088,0.876,0.036
32,"Tesla reportedly raises prices again, after Elon Musk tweets about 'significant recent inflation'",0.077,0.058,0.897,0.046
33,Dow Jones Futures Rise After Nasdaq Breaks Lower; China Covid Shutdowns Are New X Factor,-0.318,0.0,0.864,0.136
34,Tesla Raises Prices Again. Inflation Is Biting Everyone.,0.34,0.079,0.921,0.0
35,"The Zacks Analyst Blog Highlights Chevron, Exxon Mobil, Tesla, Target Corp, and Marriott International",0.999,0.128,0.829,0.043
36,3 Reasons to Buy Amazon Stock Before Its Stock Split,0.361,0.113,0.842,0.044
37,Dow Jones Futures Fall After Nasdaq Breaks Lower; China Covid Shutdowns Are New X Factor,-0.318,0.0,0.864,0.136
38,"Tesla Stock Slides Amid Second U.S. and China Price Hike, Shanghai Covid Surge",-0.087,0.066,0.858,0.076
39,"Ford’s electric Mustang Mach-E is hot, and it’s becoming scarce",0.202,0.122,0.827,0.051
40,"Stocks Edge Lower, Oil Slumps, Nickel Returns, Tesla Boosts Prices and Fund Managers See Bear Market - 5 Things You Must Know",-0.382,0.041,0.854,0.105
41,Tesla's (NASDAQ:TSLA) Fundamental Snapshot: A High Performer with Justified Revenue Growth,0.999,0.16,0.812,0.029
42,"Tesla, Airlines, Gitlab Rise in Premarket; Exxon, Chevron Slump",-0.875,0.052,0.879,0.07
43,"Tesla Raises Prices Across Lineup; Cheapest Model Is Now $46,990",-0.927,0.053,0.849,0.098
44,"UPDATE 2-Tesla raises China, U.S. prices for second time within a week",0.226,0.068,0.878,0.054
45,"Tesla raises China, U.S. prices for second time within a week",0.226,0.071,0.873,0.056
