﻿,Titles,Polarity,Positive,Neutral,Negative
0,"California regulator claims Tesla falsely advertised Autopilot, Full Self-Driving",-0.925,0.043,0.883,0.074
1,California DMV Accuses Tesla of False Advertising,-0.077,0.075,0.846,0.08
2,"Alex Jones Is the Latest Big Defamation Case, Here Are Five Others You Should Know",-0.997,0.059,0.828,0.113
3,"Dow Jones Futures: Market Rally Resilient; Apple, Tesla, These 5 Chip Stocks Could Use This",0.0,0.0,1.0,0.0
4,Tesla sets Aug 25 as trading day for three-for-one split shares,0.945,0.112,0.846,0.043
5,Inflation Reduction Act: What's in the (now Sinema approved) bill aimed at lowering costs for Americans,0.999,0.128,0.827,0.046
6,Elon Musk Says Only Two Things Could Make Him Leave Tesla,0.649,0.127,0.829,0.044
7,Tesla Announces a Three-for-One Stock Split,0.723,0.077,0.888,0.035
8,US STOCKS-S&amp;P 500 ends down as jobs data rekindles rate hike fear,0.748,0.069,0.869,0.062
9,"Tesla sets EV production goals for 2030, Cybertruck pricing expected to rise",0.972,0.081,0.869,0.049
10,California DMV accuses Tesla of falsely advertising Autopilot and Full Self-Driving features,-0.918,0.044,0.888,0.067
11,EV demand reportedly wanes amid declining gas prices,0.34,0.122,0.813,0.065
12,US STOCKS-Wall Street ends down as jobs data rekindles rate hike fear,-0.326,0.062,0.868,0.071
13,Elon Musk Says Tesla's About to Do Something Extra Special,0.45,0.156,0.844,0.0
14,US STOCKS-Wall Street drops as jobs data rekindles rate hike fear,-0.604,0.055,0.875,0.07
15,Dow Jones Up Despite Fed Fears After Jobs Report; Biden Bill Progress Lifts Solar; Tesla Stock Falls,0.226,0.135,0.764,0.102
16,"Stock Market Today: Dow Rises on Energy, Banks Boost After Blowout Jobs Dent Tech",0.829,0.115,0.788,0.097
17,What Does the Schumer-Manchin Climate Deal Mean for Tesla Stock?,0.999,0.156,0.802,0.042
18,Why Tesla Stock Is Losing Ground Today,0.202,0.044,0.927,0.028
19,"New EV Tax Credits May Be Coming, But Rivian Won't Qualify For Most; Is Rivian Stock A Buy?",-0.402,0.074,0.736,0.19
20,"Tesla: Musk talks production, pricing and Cybertruck at the company's annual meeting",-0.193,0.042,0.929,0.03
21,Twitter Stock Is Downgraded. This Analyst Needs Just One Sentence to Explain Why.,0.0,0.0,1.0,0.0
22,S&amp;P 500 Slips as Surging U.S. Yields Dent Tech Amid Blowout Jobs Report,0.046,0.093,0.819,0.088
23,Elon Musk Says He Won't Leave Tesla Unless This Happens (It's Unlikely),0.649,0.127,0.829,0.044
24,"Tesla shareholders approve 3-for-1 stock split, Musk teases Cybertruck",0.954,0.088,0.874,0.038
25,Elon Musk accuses Twitter of fraud in countersuit,0.0,0.0,1.0,0.0
26,Is Tesla Stock a Buy Now Before the 3-for-1 Stock Split?,-0.202,0.0,0.909,0.091
27,"Elon Musk Predicts ‘Mild Recession’ for 18 Months, Says Inflation Has Peaked",-0.128,0.082,0.819,0.1
28,"Midday Movers: Warner Bros. Discovery, Carvana, iRobot and More",0.888,0.113,0.82,0.067
29,Dow Jones Slides On Strong Jobs Report; Square Stock Dives On Earnings; Tesla Stock Split Approved,0.727,0.253,0.747,0.0
30,10 Best German Stocks to Buy Now,0.999,0.106,0.864,0.03
31,10 American Stocks That Will Benefit from China’s Economic Slowdown,0.999,0.104,0.855,0.041
32,Better Buy Right Now: Tesla or Ford?,0.743,0.313,0.687,0.0
33,Dow Jones Futures Fall On Strong Jobs Report; Square Stock Dives On Earnings; Tesla Stock Split Approved,0.599,0.241,0.672,0.087
34,Dow Jones Futures Rise Ahead Of Jobs Report; Square Stock Dives On Earnings; Tesla Stock Split Approved,0.422,0.123,0.877,0.0
35,Biden Bill Compels Barra to Put GM Before Business Roundtable,0.994,0.119,0.839,0.042
36,11 Big $600-A-Share Stocks Really Ought To Split After Tesla,0.751,0.218,0.782,0.0
37,"Twitter stock falls after analyst downgrades, citing 'uncertainty and disruption' surrounding Elon Musk buyout deal",-0.612,0.064,0.806,0.13
38,"DraftKings, Zillow, Lyft, AMC and Other Stock Market Movers",-0.153,0.0,0.959,0.041
39,"July Jobs Data, Tesla's Ambitions, Boring Big Board, Nasdaq Shines, Oil Slips",0.459,0.222,0.778,0.0
40,New Buyback Tax Will Force Companies to Think Twice on How to Use Cash,0.34,0.123,0.813,0.064
41,Elon Musk Alleges Twitter Fraud in Countersuit Filed in Delaware,0.273,0.084,0.916,0.0
42,Musk Says Inflation Is ‘Past Peak’ as Parts Costs Trend Down,-0.991,0.025,0.872,0.103
43,Elon Musk Has Bad News About Tesla's Cybertruck,-0.516,0.051,0.872,0.077
44,Twitter Denies Elon Musk Claim That It Tricked Him Into Signing Deal,-0.477,0.0,0.89,0.11
