﻿,Titles,Polarity,Positive,Neutral,Negative
0,7 Best Robinhood Stocks to Buy in July,0.999,0.12,0.84,0.04
1,Elon Musk’s Twitter deal reportedly in ‘serious jeopardy’,-0.226,0.066,0.841,0.093
2,Twitter says it removes 1 million spam accounts a day,-0.681,0.0,0.865,0.135
3,Dow Jones Futures: Market Rallies To Big Trouble Area As Jobs Report Looms,-0.34,0.0,0.876,0.124
4,"Elon Musk teases Tesla Robovan concept, confirms he had twins with Neuralink executive",-0.103,0.055,0.879,0.067
5,UPDATE 1-U.S. opens special probe into fatal Tesla pedestrian crash in California,-0.988,0.069,0.783,0.148
6,"Markets close in the green, energy and technology stocks among biggest gainers",0.273,0.095,0.905,0.0
7,"Why EV Stocks Lucid Group, Hyzon Motors, and Canoo Were Up Big Today",0.572,0.058,0.942,0.0
8,Yahoo Finance says 'until next time' to Emily McCormick,0.422,0.094,0.906,0.0
9,Elon Musk's Boring Company Accepts Dogecoin,0.103,0.129,0.762,0.11
10,"Tesla, Amazon, and Apple led short bets in June — but short interest declined overall",0.992,0.102,0.865,0.033
11,Elon Musk responds to news he has secret twin babies by saying he’s just doing his part to curb ‘the underpopulation crisis’,0.679,0.07,0.865,0.065
12,Twitter Gains as Officials Explain Bot Math in Response to Elon Musk,0.729,0.089,0.848,0.064
13,"UPDATE 1-Volkswagen, partners to invest $20 bln in car battery business",0.791,0.043,0.941,0.016
14,"Tesla, other EV stocks rally after China signals support for its auto industry",0.785,0.223,0.777,0.0
15,Why Tesla's Stock Is Inching Higher Today,0.814,0.169,0.792,0.038
16,3 EV Charging Stocks to Buy for Huge Gains in the 2020s,0.997,0.099,0.883,0.018
17,"Tesla, Amazon, Apple were the most profitable shorted stocks in June",0.0,0.0,1.0,0.0
18,"Leave your job at your own peril, layoffs are picking up",-0.296,0.0,0.896,0.104
19,Tesla Inc (TSLA) and 9 Other Consumer Discretionary Stocks That Have Wowed Billionaire Philippe Laffont,0.999,0.11,0.861,0.029
20,GM vehicle sales in China drop 35.5% year over year,0.273,0.08,0.92,0.0
21,"Elon Musk, You're Cordially Invited To The Benzinga Cannabis Capital Conference In Chicago, No Need To RSVP, See You There?",0.992,0.131,0.823,0.045
22,The 3 Best Retirement Stocks for Gen-Z Investors,0.999,0.181,0.785,0.035
23,"Biden grants $1 billion for airports, Apple upgrades watch screen, Elon Musk fathered twins",0.796,0.207,0.793,0.0
24,Is Tesla the most important stock in the market?,0.998,0.139,0.824,0.037
25,Dow Jones Rises After Jobs Data; U.S. Payrolls Report On Deck,0.0,0.0,1.0,0.0
26,Better Buy: Tesla or Rivian?,0.0,0.0,1.0,0.0
27,Toyota Loses Big Advantage to Tesla and GM,0.883,0.486,0.514,0.0
28,Dow Jones Futures Rise After Jobs Data; U.S. Payroll Report On Deck,0.0,0.0,1.0,0.0
29,Tesla cannot unsynch from the politics of US-China relations,0.34,0.118,0.882,0.0
30,Dow Jones Futures Rise As Key Economic Signal Rebounds; Tesla Rivals In Buy Zones,0.202,0.083,0.917,0.0
31,Here’s What’s Driving Tesla Stock. It’s Not Elon Musk’s Twins.,0.34,0.112,0.888,0.0
32,"VW Shares Rise After Carmaker, Partners Unveil €20B Battery Firm Investment",0.97,0.077,0.91,0.013
33,A Stock Trader's Guide to Navigating the Chip Industry,0.636,0.09,0.817,0.093
34,Andrew Yang: My third party would be 'a natural home' for Elon Musk,0.402,0.137,0.863,0.0
35,Influencers with Andy Serwer: Andrew Yang,0.077,0.056,0.894,0.05
36,Dethrone Tesla? One Car Maker With a Shot.,-0.557,0.0,0.859,0.141
37,Tesla Can Take 1 Step to Create Billions in Value,0.0,0.0,1.0,0.0
38,Tesla Can Take 1 Easy Step to Create Billions in Value,0.0,0.0,1.0,0.0
39,"Musk Fathered Children With Neuralink Employee, Report Says",0.153,0.101,0.804,0.095
40,UPDATE 1-Elon Musk had twins last year with one of his top executives - Business Insider,0.859,0.05,0.932,0.018
41,Elon Musk had twins last year with one of his top executives - Business Insider,0.859,0.051,0.931,0.018
