﻿,Titles,Polarity,Positive,Neutral,Negative
0,E-mini NASDAQ-100 Index (NQ) Futures Technical Analysis – Momentum Shifts Lower on Trade Through 15301.00,0.964,0.068,0.906,0.026
1,US STOCKS-S&amp;P 500 climbs to record closing high; IBM weighs on the Dow,0.452,0.076,0.854,0.07
2,Stock Market Today: The S&amp;P Squeaks Out a Record Close,0.998,0.128,0.839,0.033
3,Dow Jones Pares Loss; Nasdaq Gains In Wake Of Tesla Earnings; Growth Stocks Outperform,-0.296,0.0,0.901,0.099
4,CORRECTED-US STOCKS-IBM weighs on the Dow; Nasdaq and S&amp;P gain ground,0.912,0.092,0.843,0.065
5,"Dow Jones Lags, Nasdaq Gains In Wake Of Tesla Earnings; Growth Stocks Outperform",-0.296,0.0,0.901,0.099
6,Tesla's autonomy program will 'drive the stock higher:' Analyst,0.992,0.126,0.863,0.011
7,"WeWork pops in SPAC debut, Tesla nears record high after Q3 earnings beat",0.0,0.0,1.0,0.0
8,Tesla Stock’s Gains Are Slipping Because of German Plant Delay,-0.318,0.0,0.887,0.113
9,Dow Jones Dips; Donald Trump SPAC Explodes; Tesla Stock Nears Buy Point As Demand Surges,0.0,0.0,1.0,0.0
10,NTSB probe finds a driver was behind the wheel during fatal Texas Tesla crash,-0.66,0.0,0.86,0.14
11,"Trump-tied SPAC soars more than 270%, retail traders pile on",0.922,0.083,0.876,0.041
12,"UPDATE 1-Robotaxi fleets on roads likely 10 years away, Lucid CEO says",0.839,0.051,0.94,0.009
13,Why Tesla Stock Jumped on Thursday,0.202,0.196,0.655,0.149
14,Is Qualcomm Building a New Operating System for Cars?,0.0,0.0,1.0,0.0
15,10 Stocks Making Moves on Financial Results,0.996,0.096,0.87,0.034
16,"US STOCKS-Dow hit by IBM results, Nasdaq rises on gains in Big Tech",0.959,0.098,0.83,0.072
17,Tesla Stock’s Surge Is Lifting Ford and NIO,0.0,0.0,1.0,0.0
18,Tesla will deliver despite supply chain challenges: Analyst,0.0,0.0,1.0,0.0
19,"S&amp;P 500 Notches New All-Time High as Big Tech, Tesla Shine",0.93,0.078,0.875,0.047
20,"Tesla, GE, and the One Number That Indicates What’s Coming Next for a Stock.",-0.25,0.0,0.92,0.08
21,Economic Reports Reflect Labor Shortages and Moderate Economic Growth,0.999,0.136,0.819,0.045
22,"Tesla just did something stunning, analysts say",0.938,0.063,0.897,0.04
23,Inside Elon Musk’s Last Silicon Valley Home—and the Weird Reason It Hasn’t Sold Yet,0.532,0.07,0.93,0.0
24,With Third-Quarter Results Beating Expectations Is Tesla Stock A Buy?,0.0,0.0,1.0,0.0
25,Why Tesla Shares Are Rising Today,0.933,0.047,0.947,0.005
26,Is Rivian Stock A Buy As Fund Advisor Presses ESG Issues Ahead Of Rivian IPO?,0.0,0.0,1.0,0.0
27,2 Companies Accelerating the Race Toward EVs,0.0,0.0,1.0,0.0
28,3 Top Cathie Wood Stocks to Buy Right Now,-0.402,0.012,0.938,0.05
29,"UPDATE 1-U.S. safety board says driver, passenger seats occupied during fatal Tesla crash",-0.989,0.018,0.844,0.139
30,"Tesla Crash Probe Finds Driver at Wheel, Muting Autopilot Worry",-0.967,0.054,0.838,0.107
31,Tesla Solid Q3 Earnings Put These ETFs in Focus,0.999,0.133,0.839,0.027
32,"U.S. safety board says driver, passenger seats occupied during fatal Tesla crash",-0.527,0.029,0.908,0.063
33,How Tesla plans to compete in China's intense EV market,0.557,0.155,0.845,0.0
34,S&amp;P 500 Fights Back From Session Lows to Keep Record in Sight,0.361,0.059,0.889,0.052
35,Tesla Posted Record Earnings. It Has Reached ‘Escape Velocity.’,0.7,0.266,0.734,0.0
36,Autonation CEO: We’re ‘fully embracing’ electric vehicles,0.318,0.069,0.931,0.0
37,"Dow Jones Falls As Yields Rise; Tesla Reverses On Earnings, While Chipotle, Snap Set To Report",0.202,0.083,0.917,0.0
38,"Tesla logs third straight record quarterly profit, optimistic on growth",0.318,0.134,0.798,0.068
39,Tesla looks to pave the way for Chinese battery makers to come to U.S.,0.994,0.113,0.854,0.033
40,"US STOCKS-Wall St set for lower open after Tesla, IBM quarterly results",-0.778,0.046,0.886,0.068
41,"5 Top Stock Gainers for Thursday: Tesla, HP, Netflix",0.908,0.211,0.789,0.0
42,"‘Electric profits.’ Wall Street analysts race to lift Tesla price targets with Wedbush sitting at $1,100 a share",0.499,0.12,0.88,0.0
43,"Dow Jones Futures Fall As Tesla Skids On Earnings; Chipotle, Snap Set To Report",-0.171,0.0,0.9,0.1
44,Dutch forensic lab says it has decoded Tesla's driving data,-0.926,0.062,0.856,0.082
