﻿,Titles,Polarity,Positive,Neutral,Negative
0,Elon Musk’s $21 Billion Mystery: Where Will He Get Cash for Twitter?,0.975,0.079,0.882,0.039
1,Dow Jones Futures: What To Do As Stock Market Correction Continues; Elon Musk To Buy Twitter,0.34,0.107,0.893,0.0
2,General Motors Earnings On Deck As Ford Plots An Electric Strike,-0.422,0.0,0.872,0.128
3,"4 Top Stock Trades for Tuesday: TSLA, Dogecoin, KO, PEP",0.943,0.066,0.904,0.03
4,10 Trending Stocks Today,0.987,0.069,0.904,0.027
5,Tesla Sinks After CEO Musk Agrees to Buy Twitter in $44 Billion Deal,-0.879,0.065,0.847,0.088
6,Elon Musk Lands Deal to Take Twitter Private for $44 Billion,0.846,0.076,0.864,0.06
7,Dow Futures Tick Lower Ahead of Major Tech Earnings,0.863,0.056,0.916,0.028
8,"Elon Musk's bid for Twitter is 'the beginning of a wave,' expert says",0.989,0.093,0.886,0.02
9,Stock Market Today: Dow in Turnaround as Tech Dip Finds Buyers Ahead of Earnings,-0.975,0.05,0.841,0.109
10,How Elon Musk’s $43 Billion Twitter Offer Went From No Go to Possibility,0.0,0.0,1.0,0.0
11,"Crypto: Bitcoin under pressure, dogecoin up on Musk’s Twitter bid",0.0,0.0,1.0,0.0
12,NIO Is Charging Up for a Rebound Rally,0.983,0.093,0.836,0.071
13,"Big Tech earnings ‘will be a mixed bag,’ analyst says",0.361,0.094,0.906,0.0
14,Deleting Twitter if Musk wins is the new moving to Canada,0.19,0.088,0.859,0.053
15,"Energy stocks decline, Coca-Cola stock gains on earnings, Tesla stock dips",0.806,0.072,0.88,0.048
16,Elon Musk’s Twitter bid could prompt wave of ‘copycat activists’: Lawyer,0.994,0.087,0.872,0.041
17,Elon Musk’s Portfolio: 10 Biggest Investments,0.999,0.125,0.84,0.035
18,Stock of SPAC buying Trump's Truth Social extends plunge after reports Twitter buyout deal is close,0.681,0.104,0.871,0.025
19,"Auto Roundup: Sneak Peek Into TSLA, GPC, LAD, AN &amp; CVNA's Q1 Results",0.998,0.114,0.839,0.047
20,"EV Roundup: Tesla (TSLA) Q1 Earnings Smasher, Toyota (TM) $383M Outlay &amp; More",0.998,0.099,0.886,0.014
21,"An Earnings Week in Review: NFLX, TSLA, BAC, IBM, JNJ",1.0,0.136,0.832,0.032
22,"Dow Jones Extends Losses; Twitter, Elon Musk Set To Strike Deal",-0.494,0.0,0.833,0.167
23,Twitter reportedly close to finalizing deal with Tesla CEO Elon Musk,0.971,0.087,0.862,0.051
24,‘Weak Sauce’: Elon Musk’s 2018 Feud With Saudi Fund Revealed,0.99,0.095,0.845,0.06
25,Scoop: Litquidity To Kick Off IR Business With Twitter Spaces Earnings Call Pilot,0.998,0.118,0.867,0.015
26,"Here is What to Know Beyond Why Tesla, Inc. (TSLA) is a Trending Stock",0.998,0.123,0.867,0.01
27,How Elon Musk’s Twitter Deal Went From No Go to Possible Reality in Just a Few Weeks,0.0,0.0,1.0,0.0
28,"Dow Jones Futures Extend Losses; Twitter, Elon Musk Set To Strike Deal",-0.832,0.0,0.66,0.34
29,Twitter Eyes Deal With Musk as Soon as Monday,0.226,0.064,0.885,0.051
30,UPDATE: Twitter shares jump 5% premarket after Reuters says set to accept Elon Musk's takeover offer,0.872,0.16,0.785,0.056
31,Who’s Got the Crazier Brand Extension: Nio or Apple?,0.997,0.099,0.865,0.037
32,Former Reddit CEO: Elon Musk shouldn't take over Twitter,0.934,0.082,0.856,0.062
33,3 signs that recession fears are wildly overblown: Morning Brief,0.995,0.098,0.839,0.063
34,"Twitter, Coca-Cola, Penn National Gaming Rise Premarket; Philips Slumps",0.25,0.061,0.878,0.061
35,"Twitter, Elon Musk Are in Talks to Strike a Deal",0.0,0.0,1.0,0.0
