﻿,Titles,Polarity,Positive,Neutral,Negative
0,Lockheed Martin And Omnispace Take On SpaceX With Plans For Space-Based Internet,0.93,0.07,0.922,0.008
1,Tesla Supplier AU Optronics In Talks To Manufacture Car Displays In North America: Report,0.625,0.032,0.944,0.024
2,Tesla's in-car cameras raise privacy concerns: Consumer Reports,0.785,0.077,0.876,0.047
3,"How Cathie Wood’s $3,000 Tesla Price Target Compares With the Street",0.0,0.0,1.0,0.0
4,Analyzing Tesla's Unusual Options Activity,0.993,0.12,0.854,0.026
5,Why VW expects a big jolt from its brand new EV,0.98,0.06,0.919,0.021
6,"Dow, Tech Stocks Fall As Powell Calls U.S. Economy 'Much Improved'; Boeing In Buy Range, While Tesla Reverses",-0.296,0.0,0.909,0.091
7,"Unhappy Anniversary: A Year After Pandemic Collapse, Market Looks Ahead To Q1 Earnings",0.998,0.112,0.821,0.068
8,"Thinking About Buying Stock Or Options In Moderna, Netflix, Boeing, Apple Or Tesla?",0.994,0.146,0.849,0.005
9,Cathie Wood Has Billions in Tesla. ARKK Still Struggles With ESG,0.976,0.101,0.865,0.034
10,Dow Jones Futures Fall: Are Tech Stocks Back? 3 Tech Giants Lead Stock Market Rally,-0.226,0.081,0.774,0.145
11,Why Has Electric Vehicle Adoption Accelerated in 2021?,0.382,0.043,0.957,0.0
12,Yahoo Finance Presents: Scott Keogh,1.0,0.113,0.865,0.022
13,"Tesla stock is off its high, but it's not 'on sale': trader",0.339,0.06,0.895,0.045
14,Is Lucid Motors the Best EV Stock?,0.468,0.242,0.605,0.153
15,"Here's How Tesla Could Go About Making Its $25,000 EV A Reality",0.026,0.031,0.938,0.031
16,Are Stocks in a Bubble?,1.0,0.161,0.807,0.031
17,Why Tesla Autopilot Safety Concerns Are Unfounded,-0.554,0.083,0.837,0.08
18,Lucid Says The High-End Version Of Its Air Sedan Is Already Sold Out,0.975,0.108,0.867,0.025
19,Why Cathie Wood's Ark Is Unimpressed With Volkswagen's EV Battery Plans,0.952,0.063,0.927,0.01
20,Elon Musk Says The New Tesla S Plaid Is EV Maker's 'Best Car Ever',0.943,0.062,0.927,0.011
21,Microsoft Said To Be In Discussions To Acquire Discord For Over $10B,-0.794,0.091,0.811,0.098
22,Should Investors Be Wary of Tesla Amid China Military Ban? Analyst Weighs In,0.949,0.082,0.88,0.037
23,Tesla Employee Revelations On Solar Fires Classified As Evidence In Federal Probe: Report,-0.946,0.04,0.868,0.092
24,MicroStrategy CEO Believes His Tweet To Elon Musk Led To Tesla's Bitcoin Investment,0.98,0.095,0.887,0.018
25,China’s Geely challenges Tesla with launch of premium electric car brand,0.743,0.086,0.914,0.0
26,Geely/luxury electrics: paying up to take on Tesla,0.494,0.144,0.792,0.064
