﻿,Titles,Polarity,Positive,Neutral,Negative
0,"Dow Jones Futures: Apple, Amazon, Nvidia Rally Is Mixed Bag; Rivian, Lucid Dive As Applied Materials Leads Earnings Movers",0.743,0.278,0.722,0.0
1,Lucid Stock Makes Tesla Look Cheap,0.973,0.049,0.938,0.013
2,"Ford CEO touts auto maker’s EV plans: ‘Whatever it takes, find a way’",-0.128,0.0,0.939,0.061
3,Innoviz CEO discusses partnerships with Nvidia and BMW on LiDAR technology for autonomous vehicles,0.0,0.0,1.0,0.0
4,3 Stocks to Buy From Catastrophic Price Action,0.999,0.13,0.808,0.063
5,"Apple Accelerates Work on Car Project, Aiming for Fully Autonomous Vehicle",0.998,0.094,0.873,0.033
6,Sell QuantumScape Stock After Recent Rally,0.999,0.133,0.846,0.021
7,"In Los Angeles, Tesla's rivals roll out larger, cheaper electric SUVs",0.962,0.062,0.922,0.016
8,New ‘Twitter Buzz’ Index Launches. Tesla Didn’t Make It.,0.0,0.0,1.0,0.0
9,Cathie Wood’s Latest Stock Picks Under $10,0.999,0.114,0.869,0.017
10,This fund company was an early believer in Tesla — it’s now making these bets,0.422,0.099,0.867,0.034
11,Rivian Stock Slumps For Second Straight Day; Tesla Bucks EV Sell-Off,0.0,0.0,1.0,0.0
12,Tesla's Success Depends on Autonomous Driving Tech,0.718,0.222,0.778,0.0
13,Has Tesla (TSLA) Outpaced Other Auto-Tires-Trucks Stocks This Year?,0.994,0.144,0.841,0.015
14,Why Tesla Shares Popped Thursday Morning,0.929,0.192,0.808,0.0
15,"Tesla, electric SUVs get poor scores from Consumer Reports",-0.283,0.027,0.941,0.032
16,"UPDATE 2-Tesla, electric SUVs get poor scores from Consumer Reports",-0.283,0.026,0.943,0.031
17,Tesla Ranks Next to Last in Consumer Reports Auto Reliability Ratings,0.202,0.032,0.968,0.0
18,Crude oil prices fall as President Biden calls on world leaders to tap petroleum reserves,-0.718,0.0,0.813,0.188
19,GM and Ford 'need to spin off their EV operations ASAP:' DataTrek,0.976,0.081,0.897,0.022
20,Electric Vehicle Checkpoint: EV Market May Quadruple By 2030,0.202,0.079,0.921,0.0
21,"Dow Jones Falls As Nvidia Surges On Earnings; Tesla Rallies, While Lucid, Rivian Dive",0.0,0.0,1.0,0.0
22,"Stock Market News for Nov 18, 2021",0.973,0.114,0.833,0.053
23,"Dow Jones Futures Rise As Apple Hits New Buy Point: Lucid, Rivian Slide, While Nvidia Surges On Earnings",0.0,0.0,1.0,0.0
24,Tesla Stock Faces A $213 Billion Challenge,0.718,0.269,0.731,0.0
25,"Zacks Market Edge Highlights: Microsoft, Cisco, QUALCOMM, NVIDIA and Tesla",0.997,0.111,0.869,0.02
26,"Dow Jones Futures Rise As Nvidia, Tesla Lead; Rivian, Lucid Continue To Reverse",-0.193,0.0,0.949,0.051
27,Lucid Stock: Bull vs. Bear,0.166,0.02,0.98,0.0
28,Rivian Stock: Bull vs. Bear,0.521,0.144,0.856,0.0
29,12 Best Big Stocks To Invest In,1.0,0.107,0.876,0.016
30,Tesla Bull Cathie Wood Sees Big Trouble Ahead for GM and Ford,-0.414,0.0,0.897,0.103
31,"Dow Jones Futures: Apple, Tesla Mask Market Weakness As Rivian Reverses; Nvidia Leads Earnings Movers",0.0,0.0,1.0,0.0
32,Should The Oil Market Be Worried About Skyrocketing EV Sales?,0.983,0.069,0.904,0.027
