﻿,Titles,Polarity,Positive,Neutral,Negative
0,SEC letters claim Tesla failed to oversee Musk's tweets - WSJ,0.402,0.041,0.939,0.02
1,REFILE-SEC letters claim Tesla failed to oversee Musk's tweets - WSJ,0.402,0.039,0.942,0.019
2,Tesla Can Create Its Own Catalyst. Split the Stock Again.,0.141,0.046,0.954,0.0
3,Tesla Could Be Launching Restaurants At Charging Stations: Here's Why,0.848,0.045,0.94,0.015
4,Tesla has raised Model 3 prices by $2500 as the chip shortage drags on,-0.586,0.047,0.766,0.186
5,SEC Says Musk Violated Tweet Settlement: Report,0.399,0.188,0.742,0.07
6,"Airlines get a lift, EV stocks climb, Cloudera set to go private",0.992,0.092,0.888,0.02
7,Investors walking away from tech could be making the ‘mistake of a lifetime’: Expert,0.0,0.0,1.0,0.0
8,Why NIO and XPeng Are Starting June Strong as Markets Hold,0.901,0.163,0.819,0.017
9,"Tesla price increases caused by major issues sourcing critical parts, Elon Musk says",0.026,0.025,0.951,0.024
10,Elon Musk Blames Tesla Price Hikes on a Critical Parts Shortage. Will His Fix Work?,-0.25,0.0,0.913,0.087
11,Elon Musk blames 'supply chain pressures' for rising Tesla prices,-0.026,0.08,0.836,0.084
12,"Inside the Mind of James Anderson, Part 6",0.999,0.157,0.799,0.043
13,Ford's Mustang Mach-E Trounced Tesla in Norway Last Month,0.0,0.0,1.0,0.0
14,"Xpeng Outshines Nio, But Speed Bump From Chip Crunch Seen Short",0.077,0.052,0.903,0.045
15,"Dow Jones Rallies, Tech Stocks Fall As AMC Stock Surges 22%; Baidu, Nio Advance, While Zoom Video Earnings On Tap",0.0,0.0,1.0,0.0
16,"Dow Jones Rallies As AMC Stock Surges 22%; Baidu, Nio, Tesla Advance, While Zoom Video Earnings On Tap",0.0,0.0,1.0,0.0
17,Bitcoin price crash isn't over just yet: JPM,0.758,0.196,0.769,0.035
18,Tesla Isn’t Immune From Rising Commodity Prices. What It Means for the Stock.,0.153,0.066,0.886,0.047
19,Tesla Cars Are Getting More Expensive. Musk Blames Rising Costs.,0.153,0.066,0.886,0.047
20,Tesla Is Turning Cars Into Phones. Other Car Makers Better Catch On.,0.0,0.0,1.0,0.0
21,Tesla (TSLA) Defers Delivery of Model S Plaid by a Week,0.997,0.103,0.865,0.032
22,Ford (F) Raises the EV Bar: Should You Buy the Stock Now?,0.999,0.134,0.846,0.02
23,The Top 50 Robinhood Stocks in June,0.743,0.159,0.841,0.0
24,"Dow Jones Futures Rise As Market Rally Gains Steam; Nvidia, Google Are Buys; Tesla Rivals Nio, Xpeng Report Sales",0.422,0.118,0.882,0.0
25,"From Tesla to GE, See How Much CEOs Made in 2020",-0.103,0.0,0.915,0.085
26,"Cryptocurrency Price Check: Bitcoin, Ethereum, Dogecoin Ease",0.0,0.0,1.0,0.0
27,"Nio Gains As May Sales Almost Double, Citi Upgrades",0.863,0.069,0.91,0.02
28,"Cloudera, Tesla, Zoom Video, J&amp;J - 5 Things You Must Know Tuesday",-0.103,0.118,0.754,0.128
29,"Tesla, Cloudera, Zoom Video, J&amp;J - 5 Things You Must Know Tuesday",-0.153,0.084,0.793,0.123
30,"Tesla's vehicle price increases due to supply chain pressure, Musk says",0.051,0.049,0.887,0.064
