﻿,Titles,Polarity,Positive,Neutral,Negative
0,Tesla (TSLA) Shareholders Approve 3-For-1 Stock Split,0.422,0.128,0.872,0.0
1,"Tesla investors pave way for stock split, vote with company on most proposals",0.422,0.097,0.903,0.0
2,Tesla Investors Clear 3-for-1 Stock Split as Shares Rebound,0.956,0.121,0.787,0.092
3,Tesla Shareholders Approve 3-For-1 Stock Split: Is Now The Time To Buy?,0.178,0.059,0.941,0.0
4,Australian Lithium Stocks Skyrocket on BMW Deal,0.968,0.089,0.893,0.018
5,Dow Jones Futures: Jobs Report Will Test Fed's Soft Landing; Tesla Stock Split Vote Due,-0.153,0.0,0.922,0.078
6,Texas’s Abbott Says Californians Coming to State Tend to Be Conservative,0.542,0.065,0.882,0.053
7,Earnings Continue to Win,0.996,0.097,0.878,0.025
8,Tesla shareholders set to vote on 3-for-1 stock split,0.991,0.113,0.884,0.003
9,Nasdaq maintains gains in mixed market close,0.202,0.091,0.909,0.0
10,Tesla Rivals Get Good News From Biden Administration,0.778,0.106,0.894,0.0
11,Why Tesla and Other EV Stocks Rocketed Higher in July,0.874,0.12,0.88,0.0
12,UPDATE 1-Tesla stock-split proposal to headline annual meeting in Texas,0.983,0.102,0.878,0.021
13,Insatiable Lithium Demand Fuels Investment Boom in Australia,0.994,0.12,0.829,0.051
14,7 Cheap Electric Vehicle Stocks to Buy Before They Boom,0.998,0.074,0.899,0.027
15,Tesla stock-split proposal to headline annual meeting in Texas,0.983,0.103,0.876,0.021
16,"How Tesla Stock Can Rally to $1,000",-0.542,0.0,0.83,0.17
17,Stock Market Today: Dow Wobbles Ahead of Monthly Jobs Report as Energy Loses Steam,0.967,0.096,0.842,0.062
18,Elon Musk Has an Idea for Your Free Time,0.246,0.1,0.816,0.083
19,Elon Musk accuses Twitter of 'burying' his side of the fight over their $44B deal,0.744,0.065,0.886,0.05
20,Fisker CEO: The Inflation Reduction Act will ‘slow down the adoption of EVs’,0.0,0.0,1.0,0.0
21,How To Generate A 13% 'Dividend' In Tesla Stock Using Options,-0.44,0.0,0.847,0.153
22,"Tesla’s Saudi-backed rival just spooked investors by cutting targets in half. But Lucid’s CEO says trust me, I got this",0.998,0.129,0.8,0.071
23,S&amp;P 500 Struggles for Direction Ahead of Jobs Report,0.65,0.058,0.892,0.051
24,Twitter files over a dozen subpoenas amid Elon Musk lawsuit,0.0,0.0,1.0,0.0
25,"U.S. crude oil falls below $90 a barrel, Coinbase stock pops on BlackRock partnership",-0.077,0.085,0.823,0.092
26,Electric Cars’ Surging Prices Mean Fewer Buyers Can Use Tax Credit,-0.723,0.07,0.868,0.062
27,10 Stocks That Will Benefit from CHIPS Act,1.0,0.112,0.862,0.026
28,"Lucid cuts its production forecast, cites supply chain woes",-0.128,0.0,0.903,0.097
29,Dow Jones Falls After Jobless Data; Alibaba Jumps On Earnings,0.103,0.072,0.928,0.0
30,Dow Jones Futures Higher After Jobless Data; Alibaba Jumps On Earnings,0.103,0.076,0.924,0.0
31,Tesla’s Annual Meeting Starts Today. What to Watch.,0.625,0.092,0.908,0.0
32,Montgomery County leaders invite companies in abortion-restricted states to relocate to Maryland,0.0,0.0,1.0,0.0
33,Dow Jones Futures Rise Ahead Of Jobless Data; Alibaba Jumps On Earnings,0.103,0.072,0.928,0.0
34,Auto Makers Ask Congress for Easier Path to Electric-Vehicle Tax Break,0.0,0.0,1.0,0.0
35,Tesla Set to Shed Junk-Bond Stigma as Wall Street’s Doubts Fade,0.995,0.11,0.846,0.044
36,"Proposed Tax Break for Buying Electric Vehicles Is Too Hard to Get, Auto Makers Say",0.0,0.0,1.0,0.0
37,Google Wins Immunity Under This Section From Being Framed For Animal Cruelty: Report,0.488,0.142,0.743,0.115
38,Tesla Shareholders Expected to Clear Path to 3-for-1 Stock Split,0.382,0.06,0.94,0.0
39,Tesla To Vote On 3-For-1 Stock Split: Is Now The Time To Buy?,0.178,0.059,0.941,0.0
40,"Alibaba, Eli Lilly, Walmart and More Stock Market Movers Thursday",0.382,0.077,0.923,0.0
41,Lucid Shares Plunge Premarket,-0.064,0.0,0.982,0.018
42,Tesla Shareholders Expected to Clear Path to 3-for-1 Stock Split,0.0,0.0,1.0,0.0
43,Apple Has Been Dethroned as the Most Held Robinhood Stock: Here's What Replaced It,0.911,0.164,0.836,0.0
44,Booking’s Earnings Top Estimates but the Stock Slips on a Softer Third-Quarter Outlook,0.382,0.115,0.885,0.0
45,Retail Traders Buy Tesla Ahead of Stock-Split Vote,0.637,0.106,0.894,0.0
46,Elon Musk’s response to Twitter lawsuit to be made public by Friday,-0.226,0.0,0.947,0.053
47,"Supply Chain Problems Persist, Hitting a Tesla Competitor Hard",0.318,0.124,0.8,0.076
