﻿,Titles,Polarity,Positive,Neutral,Negative
0,"Dow Jones Futures: Tech Giants Lead Bearish Market Sell-Off; Rivian Dives Late, FedEx Rises",0.0,0.0,1.0,0.0
1,Is Rivian Stock A Buy After It Reports Strong Q3 Sales But Steep Losses?,0.0,0.0,1.0,0.0
2,Sexual harassment allegations at Tesla and SpaceX shed light on company culture under Elon Musk,-0.71,0.0,0.742,0.258
3,Tesla Trounced by Obscure EV Suppliers With 200% Returns,0.978,0.08,0.873,0.047
4,Dow Jones Dips As Fed Rally Falters; Adobe Stock Plummets On This; Tesla Stalls As Ford Gains,-0.296,0.0,0.913,0.087
5,Meta Cracks Down on Companies That Spied on Users in 100 Countries,-0.997,0.058,0.836,0.105
6,Musk says Tesla's Texas factory is $10 billion investment over time,0.273,0.013,0.987,0.0
7,Three Risks All Investors Need To Consider In 2022,-0.988,0.077,0.814,0.109
8,Top 10 Meme Stocks of 2021 and How They’ll Fare in 2022,1.0,0.129,0.845,0.026
9,These companies' values soared since the start of Covid-19,0.0,0.0,1.0,0.0
10,Nio Day Could Jolt Nio Stock To Life While Threatening Tesla's Model 3 In China,0.0,0.0,1.0,0.0
11,3 Spatial Computing Stocks to Buy to Get in on the Next Hot Tech Trend,0.998,0.091,0.898,0.011
12,UPDATE 1-U.S. auto safety nominee seeks to finish probes of Tesla crashes,-0.153,0.078,0.842,0.08
13,"Adobe Falls Hard, But This Stock Could Hold the Key to the Nasdaq's Future",0.235,0.042,0.93,0.027
14,Why Tesla Stock Is Down Sharply Today,0.883,0.235,0.729,0.036
15,Dow Jones Rises But Nasdaq Tumbles As Tech Stocks Fall; Rivian Skids Ahead Of Earnings,0.0,0.0,1.0,0.0
16,Tesla Price Collapse – Contrary Indicator Supports a 90% Decline,-0.716,0.074,0.841,0.085
17,"Facebook/Meta is the worst company of the year, Yahoo Finance audience survey finds",-0.994,0.072,0.811,0.118
18,How Upstart Holdings Stock Can Double From Current Levels,0.996,0.106,0.867,0.027
19,10 Best Technology Stocks to Buy According to Billionaire Dan Loeb,0.995,0.071,0.905,0.023
20,"Dow Jones Rises But Nasdaq Dips; Adobe Dives On Guidance, Tesla Rival Rivian Earnings Loom",0.422,0.128,0.872,0.0
21,Is Ford Stock the New Tesla?,0.434,0.245,0.669,0.086
22,10 Micro-Cap Stocks to Buy According to Hedge Funds,0.999,0.107,0.857,0.036
23,Paris crash Tesla driver says car accelerated on its own - lawyer,-0.985,0.024,0.846,0.13
24,Missed Out on Tesla? Here's What to Buy Now,0.0,0.0,1.0,0.0
25,"Dow Jones Futures Rise, With Apple, AMD, Nvidia Climbing; Adobe, Tesla Rival Rivian Earnings Loom",0.422,0.141,0.859,0.0
26,Cummins (CMI) Sanctions Share-Buyback Program Worth $2B,0.998,0.136,0.849,0.014
27,AutoZone (AZO) Boosts Share Buyback Program on Stellar Results,0.998,0.156,0.831,0.013
28,Here's What 2 Investors Think of Rivian and Its Stock,0.361,0.103,0.822,0.075
29,"Dow Jones Futures Rise After Market Roars On Fed Move; AMD, Nvidia, Lilly Flash Buy Signals",0.35,0.154,0.771,0.074
30,Can Dogecoin Reach $1?,0.202,0.05,0.95,0.0
31,Why Shiba Inu Might Never Recover From This Crash,0.431,0.054,0.946,0.0
32,4 EV Stocks to Buy That Are Likely to Triple in a Year,0.999,0.128,0.85,0.022
33,3 Large-Cap Stocks Whose Days in Bear Markets Are Numbered,0.998,0.123,0.846,0.031
34,Tesla Investors Contemplate a Post-Musk Future Where EVs are Commonplace,0.983,0.081,0.877,0.042
35,Edison and Plug Power Sign a Deal for Hydrogen-Powered City Bus Production,0.909,0.056,0.944,0.0
36,California public companies added more women than men to their boards in 2021. Here's why.,0.542,0.164,0.836,0.0
