﻿,Titles,Polarity,Positive,Neutral,Negative
0,Tesla (TSLA) Dips More Than Broader Markets: What You Should Know,0.991,0.1,0.882,0.018
1,"Dow Jones Futures: Stock Market Rally Pauses; Tesla, Google, Meta Near Trend Line Buy Points",0.361,0.04,0.96,0.0
2,AMC Entertainment is Yahoo Finance's 2021 top trending ticker,0.994,0.09,0.874,0.035
3,Here's Why Lucid Shares Are Down Today,0.625,0.067,0.933,0.0
4,"Cruise stocks up despite COVID-19 outbreaks, bitcoin extends slide, Tesla's 'bullish trend'",-0.402,0.0,0.92,0.08
5,"4 Top Stock Trades for Wednesday: TSLA, AMZN, APPS, BA",0.994,0.105,0.87,0.025
6,Musk Stopped Selling Tesla Stock. But There’s Another Reason Shares Are Up.,0.0,0.0,1.0,0.0
7,Tesla and Ark Innovation Used to Be Joined at the Hip. Not Anymore.,-0.226,0.068,0.821,0.111
8,"Tesla stock in danger of snapping win streak, while Argus Research analyst boosts price target by 30%",0.542,0.11,0.829,0.061
9,"10 Hottest Electric Cars, Trucks And SUVs Of 2022: From Ford F-150 Lightning To Tesla Cybertruck",0.25,0.095,0.905,0.0
10,"Tesla 'ranks no. 1’ in future capability with autonomy, chip building: Innovation expert",0.382,0.085,0.915,0.0
11,Why Tesla Stock Moved Up Again Early Today,0.557,0.066,0.934,0.0
12,Tesla Stock Flirts With Buy Signal As Strong Q4 Deliveries Seen,0.382,0.146,0.854,0.0
13,"S&amp;P 500 Snaps Record Run After Briefly Topping 4,800",0.41,0.08,0.852,0.068
14,Tesla (TSLA) Pushes 2021 Holiday Update to Legacy Model S/X,0.996,0.11,0.877,0.013
15,3 Important Takeaways From Nio's Electric Car Event,-0.485,0.074,0.739,0.187
16,"Lucid, Rivian, and Tesla Are Just the Tip of the EV Stock Iceberg",0.818,0.126,0.874,0.0
17,GM Stock A Buy? Why Jan. 5 Is So Huge For General Motors,0.309,0.077,0.923,0.0
18,S&amp;P 500 Eases From Record as Tech Stumble Offsets Rebound in Travel Stocks,0.907,0.11,0.819,0.071
19,"Market check: Stocks higher at open, mega caps under pressure",0.0,0.0,1.0,0.0
20,"US STOCKS-Wall St rises for fifth day, S&amp;P 500 hits record high",-0.689,0.048,0.889,0.063
21,"AMC, Tesla, GameStop among Yahoo Finance’s most-searched tickers in 2021",0.202,0.083,0.917,0.0
22,Why Tesla Stock Is in a ‘Clear Position of Strength’ Heading Into 2022,-0.128,0.0,0.919,0.081
23,"Stock Market News for Dec 28, 2021",0.995,0.151,0.818,0.031
24,Dow Jones Rises As Tesla Eyes New Buy Point; 5 Top Stocks To Buy And Watch,0.202,0.07,0.93,0.0
25,3 Stocks That Could Beat the Market in 2022,0.47,0.068,0.932,0.0
26,5 Stocks With Immense Earnings Growth Prospects in 2022,1.0,0.209,0.777,0.014
27,3 Cooled-Off Cathie Wood Stocks Set for a Big Rebound in 2022,0.998,0.151,0.806,0.044
28,How to Play These 4 Most-Mentioned WallStreetBets Stocks,1.0,0.151,0.821,0.028
29,Dow Jones Futures Rise As Tesla Eyes New Buy Point; 5 Top Stocks To Buy And Watch,0.202,0.073,0.927,0.0
30,Dow Jones Futures Rally: Tesla Tops New Buy Point; 5 Top Stocks To Buy And Watch,0.0,0.0,1.0,0.0
31,Tesla in a ‘Clear Position of Strength’ Heading Into 2022. Here Are the Catalysts for More Upside.,-0.128,0.0,0.919,0.081
32,China Says It Complained to UN About Musk’s SpaceX Satellites,-0.052,0.048,0.904,0.048
33,"Tesla Has 30% Upside in 2022 on China Demand, Wedbush Says",0.958,0.104,0.839,0.056
34,"Pre-Market Movers: Tesla Pops, Lucid Group Dips, Nvidia and AMD Rise",0.897,0.067,0.893,0.04
35,Tesla Has One Big Problem,0.649,0.223,0.777,0.0
36,15 E-Mobility Stocks That Could Become The New Sector Leaders In 2022,1.0,0.106,0.874,0.02
37,"Tesla Gains as Wedbush Sees Stock at $1,400",0.976,0.113,0.86,0.027
38,"Tesla Stock Gains As Wedbush Says China Demand Is 'Linchpin' To $1,800 Bull Case Price Target",0.178,0.134,0.752,0.114
39,"Tesla, Apple, Boeing, Fauci, Flights And More Gains For Stocks - Five Things You Must Know",0.25,0.091,0.863,0.046
40,"GraniteShares ETF Trust Buys Visa Inc, Comcast Corp, PepsiCo Inc, Sells Tesla Inc, JPMorgan ...",0.999,0.093,0.9,0.007
41,Investors Bet Big on Big Tech Heading Into Year-End,0.826,0.162,0.838,0.0
42,Dow Jones Futures: Tesla Tops New Buy Point; 5 Top Stocks To Buy And Watch,0.0,0.0,1.0,0.0
