﻿,Titles,Polarity,Positive,Neutral,Negative
0,UPDATE 1-Apple sets Sept 5 deadline for employees to return to office - Bloomberg,0.572,0.034,0.958,0.008
1,Druckenmiller Sold Big Tech in Bear Market as Soros Dove Back In,0.845,0.04,0.936,0.024
2,"Dow Jones Futures: Fed Minutes, Home Depot, Walmart Earnings Up Next",0.0,0.0,1.0,0.0
3,Nasdaq 100 surges ahead of this week's retail earnings,0.44,0.048,0.926,0.026
4,Stock Market Extends Gains; S&amp;P 500 Closes In On Key Level Despite Energy Sell-Off; Tesla Makes Bullish Move,-0.128,0.099,0.782,0.119
5,3 Stock Winners and Losers of Biden’s Inflation Reduction Act,0.999,0.148,0.818,0.034
6,Tesla CEO Elon Musk boasts production figure of 3 million EVs,0.968,0.123,0.845,0.032
7,7 Stocks That Love the Biden Climate Deal,0.999,0.138,0.835,0.026
8,Elon Musk Pampers His Ties with China,0.695,0.169,0.78,0.051
9,"Tesla CEO Elon Musk: We've built 3 million EVs, including 1 million in China",0.988,0.069,0.923,0.008
10,Elon Musk Walks a Fine Line With Ties to China,0.695,0.169,0.78,0.051
11,Stock Market Today: Dow in Turnaround as Tech Comeback Offsets Energy Wobble,0.994,0.138,0.844,0.019
12,OPEN Stock: What Will a 2022 Housing Crash Mean for the “Amazon of Real Estate”?,0.996,0.109,0.84,0.05
13,Why Tesla Stock Was Up Again Monday,0.399,0.047,0.953,0.0
14,"Saudi Aramco profit jumps 90%, Tesla surpasses 3 million EVs, Facebook teams up with DoorDash",0.273,0.031,0.946,0.022
15,China’s Real Estate Market Crash Can Affect These 10 American Stocks,0.976,0.086,0.841,0.073
16,"Stocks gaining in early trading: Nvidia, AMD, Tesla, Moderna, Gilead",0.882,0.042,0.948,0.01
17,Dow Jones Falls; Tesla Rival Li Auto Skids On Earnings,0.0,0.0,1.0,0.0
18,The Company That Built Elon Musk's Tiny Home Has Now Raised Over $74 Million From Retail Investors,0.993,0.161,0.808,0.031
19,"Down 62% Year to Date, Is Rivian Stock Worth the Risk Today?",-0.153,0.0,0.929,0.071
20,10 Best Vanguard ETFs to Diversify Your Portfolio,0.999,0.108,0.875,0.016
21,3 Stocks to Avoid This Week,0.422,0.127,0.792,0.081
22,Dow Jones Futures Fall; Tesla Rival Li Auto Skids On Earnings,-0.402,0.0,0.895,0.105
23,"Li Auto, High-End China EV Producer, Misses Views Amid Covid Headwinds",0.0,0.0,1.0,0.0
24,T-Mobile Surprises as Tech Winner in Tough Stock Market,0.995,0.13,0.813,0.057
25,Why Rivian is still no Ford or Tesla: Morning Brief,0.972,0.062,0.901,0.037
26,Ola Founder Plans to Produce Made-in-India Electric Car By 2024,0.889,0.054,0.912,0.034
27,Now Elon Musk Is Telling China’s Censors About His Vision for the Future,0.975,0.091,0.855,0.054
