﻿,Titles,Polarity,Positive,Neutral,Negative
0,Musk Swayed Wall Street by Pitching His Vision for Twitter,0.941,0.062,0.901,0.037
1,Republicans ask Twitter board to preserve records of Elon Musk's bid,0.459,0.115,0.885,0.0
2,Markets check: Stocks extend losses as Dow eyes worst day of 2022,-0.71,0.0,0.796,0.204
3,Why Rivian Stock Crashed This Week and Could Head Even Lower,-0.494,0.118,0.591,0.29
4,A top lithium expert agrees with Elon Musk that there’s not enough of the crucial metal to meet booming demand,-0.87,0.044,0.889,0.068
5,Should Investors Sell Twitter Before Elon Musk Buys It?,0.557,0.077,0.889,0.034
6,Tesla Gains From Rivals’ Ads and 4 More of the Street’s Best Insights on the Earnings,0.0,0.0,1.0,0.0
7,Why Tesla Stock Popped Today,0.718,0.095,0.905,0.0
8,"Climate change ‘is the most important problem,’ former Reddit CEO says",0.0,0.0,1.0,0.0
9,The ‘Muskonomy’ Is Growing. How the Boring Company Can Help Elon Musk’s Tesla.,0.0,0.0,1.0,0.0
10,"Market Rally Hits Resistance; Netflix Crashes, Tesla, Lockheed, United Airlines, Alcoa In Focus: Weekly Review",0.0,0.0,1.0,0.0
11,Tesla Is Crushing Competition -- Here's How,0.0,0.0,1.0,0.0
12,Auto File: Highway Star - Tesla rocks in the first quarter,0.994,0.085,0.879,0.036
13,Tesla Still Expects Big Growth This Year,0.0,0.0,1.0,0.0
14,UPDATE 1-House Republicans ask Twitter board to retain records tied to Musk offer,0.974,0.1,0.869,0.031
15,Weekend reads: How to position your investments before the Federal Reserve causes a bear market,-0.402,0.097,0.725,0.179
16,House Republicans ask Twitter board to retain records tied to Musk offer,0.974,0.101,0.868,0.031
17,10 Cryptocurrencies Millennials are Buying for Retirement,1.0,0.143,0.84,0.017
18,Car Stocks Just Got a Warning From This Auto Parts Company’s Ugly Earnings,0.026,0.106,0.792,0.102
19,Can Fuel Cells Beat Batteries in the Trucking Market?,0.361,0.077,0.868,0.055
20,"1 Growth Stock, 1 Dividend Stock, and 1 Cryptocurrency to Buy Now",0.7,0.134,0.833,0.033
21,"Cathie Wood buys the dip on pandemic darlings Roku, Zoom, Roblox",0.942,0.123,0.824,0.053
22,Why Tesla Could Be a $10 Trillion Company in 20 Years,0.908,0.176,0.794,0.03
23,"Big Businesses like Siemens, Tesla, Basf and Others Play Major Role In Germany To Plug Growing Employee Skill Gap",0.979,0.135,0.819,0.047
24,Could Polestar Become the Next Tesla?,0.535,0.051,0.936,0.013
25,Dow Jones Futures In Focus After Market Rally's Ugly Reversal; Tesla Slashes Sharp Gain,-0.178,0.102,0.723,0.174
26,Big Tesla investors fear that Elon Musk’s Twitter bid will make them unwilling shareholders in his new X Holdings conglomerate,0.683,0.058,0.889,0.053
27,"The Zacks Analyst Blog Highlights Simplify Volt Robocar Disruption and Tech ETF, Consumer Discretionary Select Sector SPDR Fund, Fidelity MSCI Consumer Discretionary Index ETF, Vanguard Consumer Discretionary ETF and MicroSectors FANG+ ETN",0.997,0.105,0.858,0.037
28,Tesla's Market Cap Is Over $1 Trillion -- and It's Still Growing,-0.077,0.051,0.894,0.055
29,"Stocks have weathered surging bond yields but can’t take too much more, this Morgan Stanley strategist warns",0.0,0.0,1.0,0.0
30,Powell the Hawk May Send Stocks Further South,0.402,0.08,0.92,0.0
31,3 Charts That Best Explain the Faith in Tesla,0.599,0.117,0.883,0.0
32,Analysis-Musk tears up buyout playbook with $46.5 billion Twitter financing,0.967,0.072,0.895,0.034
33,"This Growth Investor Is More Optimistic Than Ever. What He Thinks About Tesla, Moderna, and Other Stocks.",0.374,0.093,0.907,0.0
34,Cathie Wood's ARK funds sell nearly $100 million worth of Tesla stock after earnings,0.929,0.211,0.789,0.0
35,Dow Jones Futures Fall After Market Rally's Ugly Reversal; Tesla Slashes Sharp Gain,-0.178,0.102,0.723,0.174
