﻿,Titles,Polarity,Positive,Neutral,Negative
0,Bear Markets Are a Goldmine for Long-Term Investors,0.998,0.127,0.836,0.037
1,Musk/Twitter Deal Hits Major Roadblock,0.0,0.0,1.0,0.0
2,"Dow Jones Futures: S&amp;P 500 Flirts With Bear Market As Apple Breaks, Tesla Tested; These Stocks Rally",-0.422,0.0,0.865,0.135
3,Tesla shares are off more than 35% since Elon Musk’s Twitter deal,-0.103,0.0,0.92,0.08
4,Tesla faces jury in litigation for the first time over fatal car crash,0.924,0.079,0.862,0.059
5,10 Market Movers to Watch on Thursday,0.98,0.069,0.894,0.037
6,Here's Why STMicroelectronics Shares Are Trading Higher Today,0.981,0.157,0.812,0.031
7,Elon Musk seeks to scrap Tesla margin loan with new Twitter funding,0.9,0.056,0.913,0.031
8,Tesla Stock Trades Below $700 As Global Carmakers Face Inflation Reckoning,-0.25,0.07,0.796,0.134
9,Tesla Stock Falls Below $700 As Global Carmakers Face Inflation Reckoning,-0.25,0.07,0.796,0.134
10,Two Twitter executives to leave company ahead of Elon Musk buyout,0.0,0.0,1.0,0.0
11,Rivian Has Its First Recall. Wall Street Doesn’t Care.,0.0,0.0,1.0,0.0
12,"Twitter to Freeze Hiring, Rescind Offers Ahead of Musk Deal",0.686,0.053,0.908,0.039
13,Elon Musk Seeks to Scrap Tesla Margin Loan With New Twitter Funding,0.691,0.053,0.904,0.043
14,Tesla stock hits 8-month low as Shanghai Gigafactory adds drag,-0.681,0.028,0.92,0.052
15,UPDATE 1-Musk looks to scrap Tesla margin loan with new Twitter funding - Bloomberg Law,0.862,0.077,0.916,0.007
16,"UPDATE 1-Renault says split-off electric unit could employ 10,000 staff by 2023",0.953,0.106,0.894,0.0
17,Tesla stock rebounds slightly after shares dipped below $700,0.0,0.0,1.0,0.0
18,Stocks seesaw in midday trading,0.987,0.084,0.887,0.029
19,A timeline of Elon Musk’s Twitter filings being probed by regulators,0.0,0.0,1.0,0.0
20,Analyst Says Rivian Making Progress But Credibility Lags; Is RIVN Stock A Buy Or Sell After Earnings Miss?,-0.402,0.074,0.736,0.19
21,Tesla Stock Drops as Analyst Takes Worst-Case View of EV Economics,-0.077,0.155,0.717,0.128
22,Tesla Might Not Be the Best Way to Play the EV Boom. What to Buy Instead.,0.71,0.294,0.706,0.0
23,"Markets: Stocks fall, U.S. dollar index hits 20-year high",0.0,0.0,1.0,0.0
24,"Market check: Stocks resume losses, Tesla stock declines",0.0,0.0,1.0,0.0
25,Dow Jones Cuts Losses After New Inflation Data; Disney Tumbles On Earnings,-0.477,0.0,0.86,0.14
26,GameStop Stock Should Be Avoided or Shorted,0.971,0.124,0.776,0.1
27,Dow Jones Sells Off After New Inflation Data; Disney Tumbles On Earnings,-0.477,0.0,0.86,0.14
28,Dow Jones Falls After New Inflation Data; Disney Tumbles On Earnings,-0.477,0.0,0.86,0.14
29,Cathie Wood Doubled Her Stakes in These 10 Stocks in 2022,0.999,0.092,0.876,0.032
30,GM and Ford Get Double Downgrades to Sell. Wells Fargo Sours on EVs.,-0.226,0.0,0.921,0.079
31,"Column: Bitcoin, NFTs, SPACs, meme stocks — all those pandemic investment darlings are crashing",0.999,0.103,0.848,0.049
32,"Tesla Recalls 130,000 Vehicles Over Touch Screen Issues",0.0,0.0,1.0,0.0
33,10 Best Automotive Stocks To Invest In Now,1.0,0.108,0.876,0.017
34,Dow Jones Futures Fall After New Inflation Data; Disney Tumbles On Earnings,-0.477,0.0,0.86,0.14
35,Dow Jones Futures Fall Ahead Of Fresh Inflation Data; Disney Tumbles On Earnings,-0.477,0.0,0.866,0.134
36,"Zacks Market Edge Highlights: Meta Platforms, Amazon, Alphabet, Microsoft, and Tesla",0.998,0.101,0.864,0.036
37,"The Zacks Analyst Blog Highlights Tesla, BRP Group, and Dorman Products",0.992,0.09,0.858,0.052
38,Nirenberg: Elon Musk tunnel not high priority for reenergized transportation plan,0.494,0.122,0.817,0.061
39,Dow Jones Futures Extend Stock Market Sell-Off On Hot Inflation; This Should Worry Investors,-0.772,0.0,0.661,0.339
40,Volkswagen's EV business as profitable as combustion engines sooner than planned - CEO,0.945,0.114,0.854,0.033
41,Ukrainian fighter trapped in Mariupol steel plant asks Elon Musk for help,0.875,0.08,0.869,0.05
42,"Crypto Rout, PPI, SEC Probing Musk - What's Moving Markets",-0.989,0.076,0.815,0.108
43,Assisted driving systems struggle with collision tests - study,-0.962,0.024,0.897,0.079
