﻿,Titles,Polarity,Positive,Neutral,Negative
0,Elon Musk Says Tesla Plans Robots Based on its AI Technology,0.891,0.174,0.826,0.0
1,Tesla AI Day Is About To Start. Here’s Some Key Things You Can Expect to Learn.,0.778,0.174,0.826,0.0
2,"Dow Jones Futures: Nvidia, Microsoft, Adobe Lead But Market Rally Narrows; Tesla AI Day On Tap, Applied Materials Earnings Top",0.0,0.0,1.0,0.0
3,Elon Musk Details Tesla Artificial Intelligence Technology,0.758,0.114,0.859,0.027
4,Tesla Falls Ahead Of AI Event As Lawmakers Blast 'Persistently Misrepresented' Claims,0.0,0.0,1.0,0.0
5,Why Tesla will beat competition on autopilot despite probe: analyst,0.714,0.046,0.929,0.026
6,Tesla Is Planning A Model Y With Much More Range: Report,0.966,0.089,0.88,0.031
7,EV battery startup Ample raises $160 million in latest funding round,0.0,0.0,1.0,0.0
8,Join Wallbox &amp; Kensington Capital Acquisition Corp. II Fireside Chat: August 24 at 10AM EDT,0.996,0.084,0.916,0.0
9,"This Shoe Store Company Has A Better One-Year Return Than Amazon, Apple, Disney, Microsoft, Netflix, PayPal and Tesla",0.965,0.096,0.896,0.008
10,Tesla AI Day: What to expect,0.0,0.0,1.0,0.0
11,Why Tesla Shares Dropped Thursday,0.0,0.0,1.0,0.0
12,"Dow Jones Falls As Fed Spooks Investors; Tesla's AI Day, Robinhood Dives On Earnings",0.0,0.0,1.0,0.0
13,"For VW to sell more EVs than Tesla or Nio in China, here’s what needs to change, says analyst",0.0,0.0,1.0,0.0
14,"INVESTIGATION NOTICE: The Schall Law Firm Announces it is Investigating Claims Against Tesla, Inc. and Encourages Investors with Losses to Contact the Firm",-0.908,0.056,0.845,0.099
15,How Will Tesla's Auto Pilot Safety Probe Affect The EV Maker And The Industry?,0.797,0.072,0.878,0.05
16,UPDATE 1-Musk's 'AI Day' confronts tough questions about Tesla's technology,0.968,0.083,0.873,0.044
17,Tesla (TSLA) Just Overtook the 20-Day Moving Average,0.987,0.167,0.8,0.033
18,Tesla (TSLA) Just Overtook the 200-Day Moving Average,0.987,0.177,0.803,0.02
19,Tesla Stock Is Dead Money. AI Day Won’t Change That.,0.526,0.152,0.848,0.0
20,Could This Ethical Technology Company be as Revolutionary as Tesla?,0.998,0.131,0.838,0.031
21,Tesla AI Day Starts Today. Here’s What to Watch.,0.827,0.352,0.648,0.0
22,My Top Robinhood Stock to Buy Right Now,0.0,0.0,1.0,0.0
23,"Dow Jones Futures Extend Stock Market Sell-Off As Fed Moves To Exit; Nvidia, dLocal, Robinhood Earnings Late",-0.455,0.0,0.858,0.142
24,"Tesla, Japanese firms to build energy storage facility in Hokkaido",0.919,0.081,0.919,0.0
25,RPT-Musk's 'AI Day' confronts tough questions about Tesla's technology,0.963,0.078,0.877,0.045
26,Tesla Supplier CATL Said To Be Building Manufacturing Base In Shanghai — Home To EV Maker's China Gigafactory,0.962,0.101,0.89,0.008
27,"Dow Selloff, Nvidia, Tesla AI Day, Robinhood: 5 Things You Must Know Thursday",0.226,0.088,0.85,0.062
28,Tesla Plotting Battery-Storage Entry into Japan’s Power Market,0.992,0.14,0.856,0.004
