﻿,Titles,Polarity,Positive,Neutral,Negative
0,Tesla's Moving Out of Malls...And Into Their Parking Lots,0.0,0.0,1.0,0.0
1,Ford earnings beat Q2 estimates,0.0,0.0,1.0,0.0
2,"Ford Beats With Surprise Profit, Lifts Outlook Despite Chip Woes",-0.25,0.0,0.889,0.111
3,EV Trucks: Will They Fly?,0.996,0.111,0.859,0.03
4,Ford Stock Up Ahead Of Earnings As Industry Struggles To Shake Chip Woes,-0.25,0.0,0.895,0.105
5,"Top Research Reports for Tesla, Disney &amp; Wells Fargo",0.998,0.177,0.786,0.037
6,Tesla Blew Away Earnings. Shares Fell. What Gives?,0.494,0.151,0.849,0.0
7,Tesla (TSLA) Stock Falls Despite Record Earnings Report,-0.226,0.107,0.702,0.191
8,Ford Stock Falls Ahead Of Earnings As Industry Struggles To Shake Chip Woes,-0.25,0.0,0.895,0.105
9,10 Best Low Float Stocks to Buy Now,0.999,0.116,0.848,0.036
10,10 Best Used Car Stocks to Buy,0.999,0.098,0.89,0.013
11,The Next Step In EV Revolution – The Battery,0.964,0.051,0.928,0.021
12,"Is GM Stock A Buy? General Motors Hits Pothole, But Ultium EV Ramp Is Close",0.186,0.076,0.924,0.0
13,Tesla Delivers Another Earnings Spectacle With Record Net Income,0.015,0.057,0.892,0.051
14,WWF International President: Bitcoin ‘is not a currency’,0.361,0.122,0.878,0.0
15,"Average new car price hits record $41,000",-0.141,0.056,0.888,0.056
16,Analysis-Tesla hikes electric car prices in U.S.; holds line in China,0.97,0.077,0.887,0.036
17,Can These Megacap Stocks Double? Wall Street Thinks So,0.818,0.119,0.881,0.0
18,3 High-Growth Stocks That Could Be Worth $1 Trillion in 10 Years -- or Sooner,0.178,0.091,0.909,0.0
19,"Morning Bell With Jim Cramer: General Electric, Tesla's Magic, Delta Blues",-0.572,0.0,0.791,0.209
