﻿,Titles,Polarity,Positive,Neutral,Negative
0,"Is GM Stock A Buy After Strong Earnings? General Motors' EV, AV Plans Race Ahead Despite Chip Woes",0.361,0.102,0.898,0.0
1,Why Li Auto Stock Fell in April,-0.796,0.032,0.822,0.146
2,Tesla’s Bitcoin Holdings Won’t Help Its Credit Rating. Here’s Why.,0.625,0.217,0.783,0.0
3,Stellantis Will Stop Buying EU Tax Credits From Tesla,0.542,0.082,0.887,0.031
4,"GM stock rallies on record first quarter that leaves Ford, Tesla in the dust",0.859,0.28,0.72,0.0
5,10 Best Robinhood Stocks to Buy Right Now,1.0,0.163,0.81,0.027
6,Tesla Is Losing an Emission Credit Partner. What That Means for the Stock.,0.361,0.082,0.918,0.0
7,10 Best Robinhood Stocks to Buy Right Now,1.0,0.157,0.816,0.027
8,"Dow Jones Rallies As Janet Yellen Backs Off Rate Hike Comments; Apple, Tesla Look To Rebound, GM Jumps On Earnings",0.226,0.139,0.861,0.0
9,Check out these stocks: 25 companies that have incredible sales growth — and pricing power,0.493,0.065,0.935,0.0
10,"Dogecoin Eases, but FOMO Fever Remains Ahead of Musk on SNL",0.969,0.118,0.865,0.017
11,"Dow Jones Falls As Janet Yellen Backs Off Rate Hike Comments; Apple, Tesla Look To Rebound, GM Jumps On Earnings",0.226,0.139,0.861,0.0
12,Any business proposition is worthwhile for the right price: Morning Brief,0.361,0.152,0.848,0.0
13,"Lyft, GM Earnings Impress, Lifting Shares Ahead Of Uber's Report Slated For Later",0.999,0.127,0.798,0.075
14,Who Has the Real Power in GM's Charging Network?,-0.215,0.145,0.716,0.139
15,How low can you go? Volkswagen throws down the emissions gauntlet,0.987,0.078,0.878,0.044
16,INSIGHT-How low can you go? Volkswagen throws down the emissions gauntlet,0.987,0.079,0.874,0.047
17,"GM Smashes Earnings Views, Upbeat On Outlook Despite Chip Woes",-0.422,0.0,0.851,0.149
18,Elon Musk Lures Workers To the Office With Wild Horses,-0.511,0.0,0.864,0.136
19,GM Earnings On Tap After Ford's Grim Warning,0.402,0.088,0.912,0.0
20,Tesla Will Lose a Source of Revenue Pivotal to Profit Streak,0.957,0.106,0.86,0.034
21,"Crypto Mania Sends Doge Soaring, Crashes Robinhood Token Trading",0.992,0.111,0.857,0.031
22,"Dow Jones Futures: Janet Yellen Walks Back Rate Hike Warning; Split Market Rally Returns As Apple, Nvidia Lead Tech Sell-Off",0.202,0.06,0.94,0.0
23,"GM/electric cars: love me, love my truck",0.422,0.061,0.939,0.0
24,Tesla to lose hundreds of millions of dollars in emission credit sales,0.077,0.081,0.826,0.093
