﻿,Titles,Polarity,Positive,Neutral,Negative
0,"Dow Jones Futures: Market Rally Holds Key Levels As Chips Lead; Travel Stocks' Baggage, Tesla's Vision Quest",0.296,0.068,0.932,0.0
1,UPDATE 1-Tesla doubles down on camera-based Autopilot system amid growing scrutiny,0.898,0.083,0.905,0.012
2,Tesla Steps Up Change To Autopilot Amid Lidar Test,0.25,0.074,0.926,0.0
3,Tesla doubles down on camera-based Autopilot system amid growing scrutiny,0.898,0.088,0.9,0.012
4,"Lordstown Falls As EV Startup Cuts Production Guidance, Seeks More Capital",-0.273,0.0,0.9,0.1
5,Tesla Steps Up Change To Autopilot Amid Lidar Test,0.25,0.074,0.926,0.0
6,"Sentieo’s AI-Supported Collaboration Hub Builds Teams, Brings in $20 Million Series B",0.987,0.114,0.886,0.0
7,JP Morgan analyst rides Ford F-150 Lightning and is 'blown away' by the experience,0.993,0.099,0.879,0.022
8,25 U.S. cities Most Vulnerable to Climate Change,0.996,0.094,0.83,0.076
9,Forget Bitcoin and Ethereum: 10 Best Cryptocurrencies Redditors are Buying,1.0,0.102,0.888,0.01
10,It’s time for Elon Musk to start telling the truth about autonomous driving,-0.103,0.0,0.945,0.055
11,"Dow Jones Reverses Lower As Nvidia, Tesla Turn Red; Hot IPO Stocks Roblox, UiPath In Focus After Breakouts",-0.296,0.0,0.919,0.081
12,Lordstown Motors plummets on Q1 loss,-0.402,0.0,0.895,0.105
13,"Dow Jones Erases Gains As Nvidia, Tesla Turn Lower; Hot IPO Stocks Roblox, UiPath In Focus After Breakouts",-0.296,0.0,0.919,0.081
14,"Dow Jones Flattens As Nvidia, Tesla Turn Lower; Hot IPO Stocks Roblox, UiPath In Focus After Breakouts",-0.296,0.0,0.919,0.081
15,"Lordstown Sinks As EV Startup Cuts Production Guidance, Seeks More Capital",-0.273,0.0,0.9,0.1
16,UPDATE 1-Tesla sets up China site to store data locally,0.944,0.117,0.883,0.0
17,"For a day, Jeff Bezos wasn’t the world’s richest. Here’s who was.",0.751,0.145,0.802,0.053
18,"Worksport's Bed Covers Charge EV Pickup Trucks from Ford, GM, Rivian and Atlis",0.99,0.066,0.916,0.017
19,"The Zacks Analyst Blog Highlights: Tesla, SolarEdge Technologies, First Solar and General Electric",0.999,0.153,0.836,0.011
20,Could Stock Splits Send the Stock Market to a New High?,-0.273,0.0,0.96,0.04
21,Batteries Are What Will Spark Electrical Vehicle Sales. And Auto Makers Are Buying In.,0.077,0.053,0.947,0.0
22,Tesla Opens China-Based Data Center Amid Deeper Scrutiny From Beijing,0.094,0.144,0.767,0.089
23,Tesla Faces Norwegian Fine over Slow Charging; Stock Jumps 4.4% – Report,0.772,0.066,0.873,0.062
24,"German GDP, Amazon Deal, Bitcoin - What's Moving Markets",-0.972,0.06,0.868,0.072
