﻿,Titles,Polarity,Positive,Neutral,Negative
0,Musk's SpaceX hit by 132 COVID-19 cases,0.758,0.039,0.961,0.0
1,"Dow Jones Futures: Stock Market Rallies On Omicron Covid News; Micron, AMD, Tesla, Expedia Lead",0.0,0.0,1.0,0.0
2,"In the EV Market, Is the Empire Now Striking Back?",0.586,0.055,0.921,0.024
3,Why Tesla Stock Jumped on Tuesday,0.0,0.0,1.0,0.0
4,Investment Opportunity Breakdown: Electric Vehicle Charging Stocks,0.999,0.099,0.885,0.016
5,Rivian Stock: EV Startup Shifting Into High Gear For 2022,0.0,0.0,1.0,0.0
6,10 Tech Stocks to Buy According to Billionaire Philippe Laffont,1.0,0.118,0.85,0.032
7,"Stock market: Investors are underestimating ‘the ferocity of the bull market,’ strategist says",0.0,0.0,1.0,0.0
8,"Watch Out Tesla, the Competition Is Right Behind You",0.99,0.108,0.864,0.028
9,Karat Packaging Plans Logistics Service Expansion; Orders For 10 Tesla Semi Trucks,0.844,0.07,0.916,0.014
10,Stocks rebound after Omicron concerns rattle markets,0.0,0.0,1.0,0.0
11,Rivian Still Isn’t at a Buy Point … Yet,0.991,0.099,0.856,0.045
12,"Dow Jones Surges As Nike Jumps On Earnings; Apple, Nvidia, Tesla Rebound",0.0,0.0,1.0,0.0
13,Top Stock Picks of Michael Burry,0.999,0.108,0.864,0.028
14,How Many Vehicles Will Tesla Deliver in Q4?,0.886,0.148,0.852,0.0
15,Tesla Stock Has Wiped Out Its Post-Hertz Gains. But Here Are 4 Catalysts to Drive Shares Higher.,0.477,0.088,0.912,0.0
16,Elon Musk flaunts 2021 tax tab on social media: ‘I will pay over $11 billion in taxes this year’,0.226,0.068,0.932,0.0
17,"Dow Jones Futures Rally As Nike Jumps On Earnings; Apple, Nvidia, Tesla Set To Rebound",0.511,0.13,0.87,0.0
18,Karat Packaging says it has ordered 10 Tesla Semi Trucks,0.052,0.047,0.921,0.032
19,"Tesla Stock: EV Giant Still In Pole Position, But Beefed-Up Rivals, Regulators Among 2022 Challenges",0.0,0.0,1.0,0.0
20,Exclusive: The economic investments NC missed in 2020 – from Tesla to Crown Holdings,0.763,0.179,0.782,0.039
21,Why Ford's Halt to F-150 Lightning Reservations Could Be Upbeat for Investors,-0.273,0.0,0.829,0.171
22,"Tesla Will See More Competition in Soon, Guggenheim Says",0.511,0.171,0.829,0.0
23,Is Nio Stock A Buy After China's Tesla Sees High Interest In New ET5 Electric Sedan?,0.0,0.0,1.0,0.0
24,Tesla Sends S&amp;P 500 Crowd on a Wild Ride of Surges and Crashes,0.996,0.103,0.863,0.035
25,Elon Musk's SpaceX Has the Largest Covid Outbreak in L.A. County,-0.052,0.099,0.811,0.09
26,Omicron Becomes Dominant U.S. Variant. Don’t Expect Markets to React Yet.,0.599,0.109,0.891,0.0
27,Dow Jones Futures Jump: Is The Stock Market Rally Over? What To Do Now,-0.44,0.0,0.861,0.139
28,"Down 24%, Is Tesla Stock a Smart Buy Right Now?",0.872,0.179,0.821,0.0
29,Should AMC Make a Billion-Dollar Bet on Bitcoin in 2022?,0.527,0.072,0.928,0.0
30,Why CarMax (KMX) is Poised to Beat Q3 Earnings Estimates,0.996,0.109,0.867,0.024
31,General Motors (GM) Extends Production Halt for Bolt EV &amp; EUV,0.984,0.071,0.909,0.02
