﻿,Titles,Polarity,Positive,Neutral,Negative
0,"Rising Competition Is a Key Risk for Tesla Stock, But This Analyst Remains Bullish",0.974,0.071,0.905,0.024
1,Tesla Stock Shifts Higher Monday: Technical Levels To Watch,0.982,0.109,0.869,0.023
2,Dow Jones Futures: First Bitcoin ETF To Debut; Tesla Nears Record High,0.0,0.0,1.0,0.0
3,A Deep Dive into the Netflix (NFLX) and Tesla (TSLA) Earnings Charts,0.991,0.174,0.803,0.024
4,Thiel-Backed Lithium Miner Is Said to Prepare Nasdaq Listing,-0.746,0.044,0.905,0.051
5,Earnings: 2 Hot Stocks to Watch This Week,0.882,0.188,0.812,0.0
6,Is Ford Stock A Buy Now As Automakers Charge Higher?,0.902,0.192,0.808,0.0
7,Here's Why Shiba Inu Was Soaring Today,0.395,0.058,0.942,0.0
8,Why Tesla Stock Jumped on Monday,0.0,0.0,1.0,0.0
9,Cathie Wood’s Top 15 Small-Cap Stock Picks,1.0,0.102,0.878,0.019
10,Top Stock Picks of Billionaire Nicholas J. Pritzker’s Tao Capital,0.999,0.102,0.88,0.018
11,S&amp;P 500 Climbs as Tech in Favor Ahead of Busy Earnings Week,-0.026,0.067,0.868,0.065
12,iPhone Assembler Foxconn Rolls Out EVs. How the Auto Industry Is Changing.,0.0,0.0,1.0,0.0
13,"J&amp;J, Procter &amp; Gamble, Netflix Earnings: 3 Things to Watch",0.836,0.053,0.919,0.028
14,NIO Stock Gains On Expectations It's Set to Unveil New Models,0.938,0.084,0.916,0.0
15,Why Tesla Shares Are Rising,0.96,0.102,0.879,0.019
16,Tesla and 15 Other EV Stocks Are Worth Almost as Much as 50 Traditional Car Makers. How That Makes Sense.,0.34,0.088,0.912,0.0
17,Tesla and Other EV Makers Are Half the Car Industry’s Market Cap. That May Make Sense.,0.34,0.088,0.912,0.0
18,4 Earnings I'm Watching This Week,0.743,0.364,0.636,0.0
19,Rivian Steps On the Pedal,0.997,0.087,0.89,0.023
20,"Netflix earnings, Tesla earning, Airlines earnings — what to expect",0.103,0.037,0.963,0.0
21,"S&amp;P 500 Cuts Losses as Tech, Energy Gain",0.691,0.079,0.854,0.067
22,"EV Roundup: HMC EV Ambitions in China, SOLO-Bosch Partnership &amp; More",0.996,0.096,0.896,0.009
23,Dow Jones Falls On Weak China Data; Apple Sells Off Ahead Of 'Unleashed' Event,-0.382,0.09,0.729,0.181
24,3 Top Electric Vehicle Stocks to Buy for the Long Haul,0.477,0.171,0.829,0.0
25,Here's How Much You'd Have If You Invested $1000 in Tesla a Decade Ago,0.999,0.155,0.83,0.016
26,Will Tesla HQ squeeze Austin’s housing market?,0.039,0.017,0.983,0.0
27,"The Zacks Analyst Blog Highlights: Best Buy, The Gap and Tesla",0.999,0.137,0.844,0.02
28,Dow Jones Futures Fall On Weak China Data; Apple Drops Ahead Of 'Unleashed' Event,-0.382,0.09,0.729,0.181
29,"Netflix, Tesla, Snap, Johnson &amp; Johnson and Procter &amp; Gamble are part of Zacks Earnings Preview",0.997,0.105,0.859,0.035
30,GM Stock A Buy? Why General Motors' Next Few Months Are Huge,0.0,0.0,1.0,0.0
31,"Tesla Accelerating Toward Q3 Earnings, Expecting the Unexpected",0.994,0.123,0.83,0.048
32,Toyota Spending $3.4 Billion for U.S.-Based EV Batteries. Is That Enough?,0.273,0.104,0.896,0.0
33,Carmakers shift up a gear in race to go electric,0.974,0.074,0.908,0.018
34,WRAPUP-Carmakers shift up a gear in race to go electric,0.974,0.073,0.91,0.018
35,"Dow Jones Futures Fall As Yields Rise, Bitcoin ETF Launching; Microsoft, Tesla Rival Xpeng Are Buys In Market Rally",-0.153,0.0,0.904,0.096
36,Wedbush: 'Bar is High' Ahead of Tesla (TSLA) Earnings,0.998,0.117,0.858,0.025
37,Robust Delivery Count to Propel Tesla's (TSLA) Q3 Earnings,0.997,0.121,0.879,0.0
38,Tesla Stock Jumps As Wedbush Forecasts 'Across The Board' Q3 Earnings Beat,0.202,0.065,0.935,0.0
39,Solid Earnings and Economic Data Driving Markets: 5 Top Picks,1.0,0.143,0.84,0.017
40,Why stocks are suddenly back in rally mode: Morning Brief,0.998,0.101,0.843,0.055
41,Tesla Shares Are Roaring Back,0.942,0.083,0.85,0.067
42,Tesla On Track To Beat Q3 Earnings Estimates on Record Deliveries,0.913,0.049,0.927,0.025
43,Apple’s iPhone Partner Foxconn Unveils First Electric Vehicles,0.799,0.056,0.896,0.048
