﻿,Titles,Polarity,Positive,Neutral,Negative
0,"Weekend Wheels: Mercedes EQS to Tesla Model S... Psst, you have company",0.71,0.204,0.796,0.0
1,Gores Guggenheim Now Looks More Likely to Hold Steady,0.996,0.098,0.884,0.017
2,Bill Ackman says inflation could actually be a ‘raging’ 10% — here are 3 creative ways to hedge,0.999,0.155,0.811,0.034
3,"Dow Jones Futures: Why This Market Rally Is So Dangerous; Nio, Microsoft, Tesla, Micron, Nike In Focus",0.0,0.0,1.0,0.0
4,7 Top Meme Stocks to Buy Before the Year End,1.0,0.142,0.803,0.056
5,"Columbia Funds Variable Series Trust II Buys Cintas Corp, Vertex Pharmaceuticals Inc, Fidelity ...",0.999,0.118,0.878,0.004
6,Dow Jones Dips; Tesla Stock Up As Rivian Plunges; J&amp;J Dives On This Covid Move,-0.296,0.0,0.862,0.138
7,Dow Jones Falls; Tesla Stock Gains As Rivian Dives; Donald Trump SPAC Does This,-0.296,0.0,0.862,0.138
8,Ark Picks Advance While JPMorgan Predicts ‘Short Squeeze Rally’,-0.875,0.06,0.859,0.081
9,NIO Stock Fans Eye a Rebound After Nio Day 2022: 7 Things to Know,0.88,0.039,0.946,0.015
10,Why Does Elon Musk Keep Selling Tesla Stock? 3 Experts Evaluate the Sales.,0.976,0.071,0.912,0.017
11,Tesla faces investor lawsuit over Musk tweets on 10% stock sales,-0.636,0.084,0.814,0.101
12,"Robinhood, Rivian, Coinbase: New Constructs CEO looks back at some IPOs this year",0.36,0.07,0.93,0.0
13,"Tesla is bracing for a busy 2022 with new plants and the Cybertruck coming on line, but safety probes may rein in its stock",0.477,0.069,0.901,0.03
14,Market check: Stocks choppy in intraday trading,0.0,0.0,1.0,0.0
15,Don’t Be a Crash Test Dummy in Nio Stock,0.99,0.109,0.833,0.059
16,Cruise CEO Dan Ammann to leave GM’s self-driving car unit,0.0,0.0,1.0,0.0
17,Electric Vehicle Checkpoint: Biden Administration is Very Pro-EV,0.202,0.083,0.917,0.0
18,Genuine Parts (GPC) to Boost Scale &amp; Profits With KDG Buyout,0.998,0.149,0.836,0.015
19,10 Dividend Stocks to Buy According to Billionaire Jim Simons’ Hedge Fund,0.999,0.102,0.866,0.032
20,Tesla Inc (TSLA) CEO Elon Musk Sold $597.8 million of Shares,0.316,0.086,0.857,0.058
21,Elon Musk teases huge job number at Austin-area Tesla factory as analysts brace for major production impact,-0.318,0.0,0.962,0.038
22,"These 5 Stocks Will Make Or Break Nasdaq 100 – Price Volume Analysis on AAPL, MSFT, AMZN, TSLA, NVDA",-0.17,0.072,0.85,0.078
23,Will Tesla Be the First Company to Deploy a Fully Autonomous Vehicle?,0.439,0.053,0.919,0.028
24,"Dow Jones Futures Fall, Tech Sell-Off Continues In Big Test For Market Rally; Rivian Dives, Tesla Nears Round Trip",0.178,0.078,0.922,0.0
25,"Rivian warns supply issues to hit 2021 production, shares fall 10%",0.984,0.125,0.832,0.043
26,"Dow Jones Futures Dip, Tech Retreat Continues In Big Test For Market Rally; Rivian Dives, Tesla Nears Round Trip",0.178,0.078,0.922,0.0
27,7 of the Best Clean Energy Stocks for 2022 to Buy Now,1.0,0.128,0.862,0.01
28,FOCUS-Batteries included? Northvolt goes all out to meet 2021 launch goal,0.997,0.087,0.903,0.01
29,"Tech Rattled, Omicron Advances, German Gloom - What's Moving Markets",-0.979,0.071,0.829,0.1
30,"Rivian Slumps as Losses Widen, Vehicle Output Falls Short",-0.856,0.066,0.83,0.104
31,Elon Musk Keeps Dumping Tesla Stock. He Owns More Now Than He Did When He Started Selling.,0.202,0.086,0.859,0.055
32,Elon Musk Sells Another Batch of Tesla Shares for $884 Million,0.822,0.088,0.857,0.055
33,"Dow Jones Futures: What The Tech Sell-Off Means For The Market Rally; Rivian Dives, FedEx Rises Late",0.0,0.0,1.0,0.0
34,"Dow Jones Futures: Apple, Tesla Lead Tech Beatdown; Rivian Dives Late, FedEx Rises",0.0,0.0,1.0,0.0
