﻿,Titles,Polarity,Positive,Neutral,Negative
0,"Dow Jones Futures: Market Woes Intensify As DocuSign Craters; Apple, Adobe, Tesla, Microsoft, Nvidia In Focus",-0.44,0.0,0.873,0.127
1,Charles Schwab: Don’t fear disaster in 2022 — cash in on these 3 investing trends,0.998,0.137,0.841,0.022
2,"Dow Jones Falls As Nasdaq Dives; Elon Musk Does This, Tesla Plunges; DocuSign Stock Collapses",-0.34,0.0,0.897,0.103
3,Ford ‘could become the second largest EV manufacturer globally’: Analyst,0.296,0.075,0.925,0.0
4,"Even After Doubling, Lucid Stock Still Has Room to Grow",0.999,0.15,0.831,0.019
5,"With Fisker Up 33% in November, Is There Still Room for Growth?",0.996,0.098,0.872,0.029
6,Why Tesla Stock Fell Sharply on Friday,0.671,0.208,0.792,0.0
7,UPDATE 1-Tesla seeks court approval of win in engineer's defamation case,-0.967,0.05,0.829,0.121
8,"Fisker Is One to Buy, But Not Quite Yet",0.998,0.149,0.793,0.058
9,3 Stocks to Buy That Are Blissfully Ignoring the Mayhem,0.997,0.115,0.845,0.04
10,"Dow Jones Reverses Lower, Nasdaq Dives As Tech Stocks Sell Off, Jobs Data Disappoints",-0.66,0.0,0.759,0.241
11,"From Tesla to Nvidia, Wall Street’s Favorites Keep Tumbling",0.337,0.073,0.857,0.07
12,UPDATE 1-Musk says Tesla's Cybertruck will have four-motor variant,-0.921,0.016,0.905,0.079
13,Musk says Tesla's Cybertruck will have four-motor variant,-0.921,0.016,0.903,0.081
14,Tesla seeks court approval of win in engineer's defamation case,-0.957,0.042,0.85,0.108
15,Can Cathie Wood Bounce Back in 2022?,-0.392,0.0,0.852,0.148
16,Why Tesla Launching a Cyberquad for Kids Is Genius,-0.382,0.029,0.911,0.06
17,"FTC sues to block Nvidia’s ARM deal, Musk sells more Tesla stock, Munger critiques stock market",0.0,0.0,1.0,0.0
18,"Dow Jones Reverses, Tech Stocks Sell Off After Weak Jobs Report; Tesla Falls As Elon Musk Sells More Shares",-0.25,0.071,0.821,0.108
19,Is Tesla Stock Out of Juice as Musk Continues to Sell?,0.052,0.09,0.828,0.083
20,"Dow Jones Rallies, Tech Stocks Fall After Weak Jobs Report; Tesla Falls As Elon Musk Sells More Shares",-0.25,0.071,0.821,0.108
21,Dow Jones Rallies After Weak Jobs Report; Tesla Falls As Elon Musk Sells More Shares,-0.25,0.071,0.821,0.108
22,"Elon Musk has now sold more than $10 billion in Tesla stock, part of a record wave of CEOs cashing out",0.956,0.077,0.893,0.03
23,"General Motors (GM) Lifts Profit Projections, Stock Rallies",0.997,0.127,0.854,0.019
24,Dow Jones Futures Extend Gains After Weak Jobs Report; Elon Musk Sells More Tesla Stock,-0.25,0.077,0.806,0.117
25,Dow Jones Futures Rise Ahead Of November Jobs Report; Elon Musk Sells More Tesla Stock,0.226,0.076,0.924,0.0
26,"Dow Jones, Futures Rise Ahead Of November Jobs Report; Elon Musk Sells More Tesla Stock",0.226,0.076,0.924,0.0
27,Dow Jones Futures Rise With Jobs Report Due After Market Rallies; DocuSign Dives; Tesla Rival Reports Booming EV Sales,-0.572,0.0,0.81,0.19
28,Rivian Automotive Stock Will Have a Long Road Back to Its $180 Highs,0.99,0.081,0.889,0.03
29,Rivian: Is the Valuation Justifiable?,0.913,0.154,0.805,0.041
30,"14 Top Stocks Are Now Totally On Sale, Including Tesla",-0.249,0.0,0.85,0.15
31,Elon Musk’s Tesla Stock Sales Resume. But He Can’t Avoid California Tax.,0.0,0.0,1.0,0.0
32,"The Zacks Analyst Blog Highlights: Tesla, Meta Platforms, Abbott Lab, Comcast and 3M",0.998,0.146,0.835,0.019
33,How Ford's new battery plants will compare with Tesla's Giga operations,0.0,0.0,1.0,0.0
34,CNH Industrial (CNHI) to Enrich Portfolio With NX9 Buyout,0.997,0.125,0.861,0.014
35,Dow Jones Futures Await Jobs Report After Market Rallies; DocuSign Dives; Tesla Rival Reports Booming EV Sales,-0.572,0.0,0.81,0.19
36,Didi’s Dramatic Delisting Rings Alarm Bells for Alibaba and Others,-0.44,0.0,0.903,0.097
37,2 Monster Growth Stocks Set to Beat the Market (Again) in 2022,0.273,0.084,0.916,0.0
38,Thinking of a Tesla? Here are answers to some questions about the popular Model 3,0.0,0.0,1.0,0.0
39,Tesla's Musk Unloads $1.01B of Stock; Sales Now Exceed $10B,0.0,0.0,1.0,0.0
40,8 Assets to Inflation-Proof Your Portfolio,0.178,0.116,0.884,0.0
41,"Didi Delists, Shutdown Averted, Musk and Tesla, Jobs Friday - 5 Things You Must Know",-0.077,0.0,0.964,0.036
42,"Elon Musk exercises more options, sells another $1 billion of Tesla stock",0.226,0.076,0.924,0.0
43,Elon Musk’s Tesla Share-Selling Spree Tops $10 Billion,0.0,0.0,1.0,0.0
44,Elon Musk Sells Another $1.01 Billion of Tesla Shares,0.969,0.102,0.876,0.021
