﻿,Titles,Polarity,Positive,Neutral,Negative
0,"Why Tesla Shares Jumped, Then Dropped, Today",0.0,0.0,1.0,0.0
1,Leading the EV Charge: Join SES President in Fireside Chat Oct 5 at 2PM ET,0.382,0.018,0.982,0.0
2,Cathie Wood’s ARK Invest Sold Tesla Stock. Bulls Shouldn’t Worry.,0.681,0.216,0.784,0.0
3,"Dow Jones Rebounds; McConnell Blocks Debt Move, Democrats Do This; Elon Musk Talks Bitcoin",-0.318,0.115,0.716,0.169
4,Dow Jones Rebounds; Democrats Do This After McConnell Blocks Debt Move; Elon Musk Talks Bitcoin,-0.318,0.115,0.716,0.169
5,"Dow Jones, Nasdaq Rebound; McConnell Blocks Debt Move; Elon Musk Boosts Bitcoin, But Gains Fade",-0.318,0.11,0.728,0.161
6,Dow Jones Gains As Nasdaq Struggles; McConnell Blocks Debt Move; Elon Musk Boosts Bitcoin,0.273,0.217,0.608,0.175
7,Why These 10 Stocks Are on the Move on Wednesday,0.988,0.072,0.91,0.018
8,Wall Street Bullish on Tesla (TSLA) Delivery Numbers,0.0,0.0,1.0,0.0
9,"Tesla Stock Could Surge Over 50% From Current Levels, Says Analyst",0.991,0.104,0.873,0.023
10,"Amazon Launches Home Robot, Tesla Works On Its Own: Ready For The Robot Revolution?",0.987,0.126,0.836,0.037
11,German state says no decision yet on Tesla plant,0.153,0.053,0.899,0.048
12,Tesla’s quarterly deliveries are expected to be hit by the chip shortage,-0.128,0.051,0.881,0.068
13,"If You Want to Test Tesla’s New Self-Driving Software, You May Have to Sign an NDA",0.273,0.104,0.896,0.0
14,4 Stocks to Watch in Q4,0.452,0.141,0.859,0.0
15,Lucid Stock Pops As Deliveries Of Its Luxury Sedan Set To Begin,0.0,0.0,1.0,0.0
16,Musk says U.S. government should 'do nothing' to regulate crypto,0.0,0.103,0.794,0.103
17,"Got $10,000? 5 Top Electric Vehicle Stocks to Buy for the Long Term",0.512,0.149,0.82,0.031
18,Elon Musk’s Battle With the Government Is Slowly Escalating. Tesla Investors Should Watch Out.,-0.851,0.0,0.846,0.154
19,"GM Reveals The ""Fuel"" for Its EV Future",0.565,0.051,0.903,0.046
20,Lucid Stock Jumps on Start of Car Output; Sees Deliveries Next Month,0.542,0.2,0.8,0.0
21,Ark’s Cathie Wood sells $270 million in Tesla,0.0,0.0,1.0,0.0
22,Government Shutting Down Cryptocurrency? Elon Musk Doesn’t Think So,-0.915,0.05,0.868,0.082
23,World’s Largest EV Battery Maker to Buy a Lithium Miner. What to Know.,0.273,0.05,0.95,0.0
24,Crypto Knowledge: How to Earn Money in a Highly Volatile Market,0.999,0.221,0.743,0.036
25,2 Hot Stocks to Watch in October,0.44,0.209,0.791,0.0
26,Tesla Battery Supplier CATL Agrees Deal for Lithium Miner,0.273,0.072,0.928,0.0
27,"The Zacks Analyst Blog Highlights: Tesla, JPMorgan, Oracle, Amgen and Lam Research",0.998,0.149,0.831,0.02
28,Cathie Wood Sells $270 Million in Tesla as Bond Rout Hurts Ark,-0.745,0.06,0.877,0.063
29,Silicon Valley Answer to the EV Question Calls for Less Silicon,0.992,0.087,0.867,0.046
30,Option Trade Review: How To Manage These Winning Trades—And Handle Your Losers,0.382,0.156,0.755,0.089
31,"Electric car maker Lucid on track for 2022 production target, CEO says",-0.307,0.039,0.916,0.046
32,"Lucid Begins Producing Cars, Expects Deliveries Next Month",0.542,0.2,0.8,0.0
33,"Lucid to Deliver $169,000 Debut Electric Sedan Next Month",-0.841,0.042,0.895,0.063
34,Tesla Stock Gains As Cathie Wood Dumps $270 Million in Shares Ahead of Q3 Deliveries,-0.128,0.13,0.71,0.16
35,"Lucid, Eli Lilly, Boeing Rise Premarket; Micron Falls",0.637,0.051,0.914,0.035
36,Lucid Soars on Plans to Begin Luxury Electric Sedan Deliveries in October,0.956,0.097,0.893,0.009
37,UPDATE 1-Lucid to start deliveries of electric cars with range exceeding Tesla's in October,0.931,0.052,0.929,0.019
38,"As Tesla pilots self-driving cars, auto insurance may become obsolete",0.97,0.104,0.809,0.086
