﻿,Titles,Polarity,Positive,Neutral,Negative
0,"Electric Vehicle Checkpoint: Ford Tricked Tesla, Speeds its Move Into EVs",0.202,0.083,0.917,0.0
1,19-year-old who irked Elon Musk explains why he’s taking on oligarchs,0.915,0.075,0.875,0.05
2,Cramer Would Bet on Ford's CEO Over Tesla's Elon Musk,0.238,0.059,0.916,0.024
3,"Ford CFO on supply-chain challenges, electric vehicle production",1.0,0.154,0.839,0.007
4,"Ford Aims For 'Startup Speed' With This Move To Outpace Tesla, Nio",0.273,0.035,0.965,0.0
5,Polestar CEO details new concept vehicle and the 'electric age' of sports cars,1.0,0.146,0.852,0.001
6,"Stocks rising today: Intel, Tesla, SoFi",0.999,0.133,0.855,0.012
7,Ford Tricked Tesla Over Model E,0.0,0.0,1.0,0.0
8,Joe Biden Still Won’t Say the Word ‘Tesla.’ Ford CEO Jim Farley Can’t Stop Talking About It.,0.0,0.0,1.0,0.0
9,Ford Tries to Create an Inner Tesla,0.34,0.107,0.893,0.0
10,Nio: The Trip to the Less Bountiful,0.99,0.102,0.842,0.056
11,Why Tesla Stock Sank Today,-0.813,0.063,0.825,0.113
12,Ford just shocked the system: analyst,0.986,0.111,0.869,0.02
13,Nio Stock Is Finding Its Stride Amid a Volatile Global Scenario,-0.816,0.075,0.843,0.081
14,Ford is splitting up its electric and gas-powered vehicle businesses,0.153,0.106,0.894,0.0
15,"Ford Makes Move For 'Startup Speed' As It Aims To Outpace Tesla, Nio",0.273,0.035,0.965,0.0
16,"NIO, XPeng (XPEV), LI Auto (LI) Issue February Delivery Updates",0.996,0.108,0.892,0.0
17,"Tesla CEO Elon Musk, Snubbed Again, Wants Biden to Give Him Credit for EVs",0.926,0.172,0.828,0.0
18,Joe Biden Still Won’t Say ‘Tesla.’ Ford CEO Jim Farley Can’t Stop Talking About It.,0.0,0.0,1.0,0.0
19,Tesla's Musk Fact-Checks Biden's State of the Union,-0.459,0.0,0.9,0.1
20,Millennial And Gen Z Stock Picks: Should You Buy Them Too?,0.287,0.097,0.903,0.0
21,Rivian Stock Is Falling Because EV Prices Are Rising. Investors Aren’t Happy.,0.818,0.16,0.84,0.0
22,Dow Jones Rallies As Powell Set To Raise Rates; Oil Prices Surge Above $112 A Barrel,0.0,0.0,1.0,0.0
23,Stellantis' (STLA) Bold Future Plan Set to Churn Out Big Gains,0.996,0.1,0.894,0.006
24,"The Zacks Analyst Blog Highlights Tesla, Meta Platforms, Johnson &amp; Johnson, Discovery, and PepsiCo",0.998,0.121,0.843,0.037
25,Dow Jones Futures Rise As Powell Set To Raise Rates; Oil Prices Surge Above $112 A Barrel,0.34,0.13,0.87,0.0
26,Ford CEO Jim Farley: Our legacy auto business has been holding us back,0.857,0.059,0.92,0.022
27,Tesla CEO Elon Musk Wants Credit for EVs. Biden Gives Credit to Just Ford and GM.,0.926,0.172,0.828,0.0
28,UPDATE 2-Ford to run EV unit separately as competition heats up,0.878,0.073,0.908,0.02
29,"The Zacks Analyst Blog Highlights Marathon Oil, Occidental Petroleum, Exxon Mobil, Tesla, and Tyson Foods",0.999,0.12,0.845,0.036
30,"Wall Street Stages Modest Bounce at Open After ADP, Powell News; Dow up 210 Pts",-0.758,0.03,0.931,0.039
31,Dow Jones Futures: Oil Prices Spike Amid Russia's Ukraine Invasion Fed Chief Powell On Tap,-0.572,0.0,0.837,0.163
32,"Dow Jones Futures Rise, Oil Prices Spike; Fed Chief Powell On Tap Amid Russia's Ukraine Invasion",-0.572,0.0,0.837,0.163
33,"Ford Gains on Report It Will Separate EV, ICE Operations, Short of Spinoff",0.897,0.077,0.892,0.032
34,"UPDATE 1-Rivian raises vehicle prices by 20%, sparking customer ire",-0.848,0.06,0.861,0.079
