﻿,Titles,Polarity,Positive,Neutral,Negative
0,"Renaissance, other big hedge funds increase stakes in Tesla in Q3",0.983,0.101,0.893,0.007
1,"Dow Jones Futures: Biden, Xi Meeting In Focus; Lucid Motors Jumps On Results; 2 Dow Giants To Report",0.0,0.0,1.0,0.0
2,"4 Top Stock Trades for Tuesday: AMC, TSLA, BA, CRWD",0.932,0.107,0.81,0.084
3,"Replay: Join Blackstone in the “Roof to Socket” Revolution: CEOs of Altus Power, CBRE Acquisition Holdings in Fireside Chat",0.993,0.074,0.922,0.004
4,Dow Jones Lags As Boeing Takes Off; Tesla Falls As Elon Musk Explains This; Lucid Earnings Due,-0.296,0.0,0.901,0.099
5,US STOCKS-Wall Street ends little changed as rising yields weigh on tech,0.967,0.08,0.872,0.047
6,"Stock Market Today: Boeing, Tesla Spice Up a Bland Market Session",0.998,0.134,0.822,0.045
7,US STOCKS-Wall Street ends little changed as rising yields weigh on tech,0.967,0.088,0.864,0.048
8,Don’t Make Any Major Portfolio Changes Until Mid-Week: Here’s Why,0.997,0.122,0.811,0.067
9,UN Food-Aid Chief Responds to Elon Musk Challenge With Famine Plan,0.969,0.133,0.815,0.052
10,Dow Jones Trades At Break-Even; Growth Stocks See Sell-Off; Tesla Stock Makes Intraday Comeback,0.34,0.107,0.893,0.0
11,"Infrastructure bill 'amazing' for electric vehicle industry, Blink Charging CEO says",0.0,0.0,1.0,0.0
12,"As Elon Musk Sells Billions Worth Of Shares, Is Tesla Stock A Buy?",0.0,0.0,1.0,0.0
13,"Stocks mixed midday: Boeing buoys Dow, Walmart dips, Tesla down, Lucid up slightly ahead of earnings",0.0,0.0,1.0,0.0
14,"Big Short’s Michael Burry Closes Bets Against Ark, Tesla and Treasuries",0.965,0.089,0.871,0.04
15,Federal Reserve May Speed Up Taper Amid Inflation Worries; Nasdaq Slips,0.361,0.098,0.902,0.0
16,Are Tesla and CrowdStrike Signaling the End of the Growth Stock Bull Market?,0.649,0.275,0.725,0.0
17,US STOCKS-Wall Street mixed as yields uptick weighs on tech; Boeing soars,0.906,0.068,0.886,0.046
18,Could Lucid Stock Help You Become a Millionaire?,0.361,0.034,0.966,0.0
19,Why Tesla Shares Fell Sharply on Monday,0.801,0.221,0.737,0.043
20,Dow Jones Slightly Higher; Lucid Up Ahead Of Earnings As Rivian Stock Keeps Cruising,-0.477,0.0,0.86,0.14
21,Should Invesco S&amp;P 500 Equal Weight ETF (RSP) Be on Your Investing Radar?,0.994,0.104,0.876,0.019
22,Transportation Secretary Pete Buttigieg on autonomous driving technology: Drivers must still pay attention,0.577,0.079,0.845,0.076
23,US STOCKS-Wall Street muted as high yields weigh on tech; Boeing soars,0.869,0.059,0.899,0.042
24,"Dow Jones Erases Early Gains; Rivian Surges, Lucid Stock Rallies Ahead Of Earnings",0.34,0.098,0.902,0.0
25,"The Dow Is Pausing, Bond Yields Are Popping — and What Else Is Happening in the Stock Market Today",0.0,0.0,1.0,0.0
26,The Big Short’s Michael Burry suggests Elon Musk ‘Just wants to sell Tesla’,0.866,0.081,0.86,0.059
27,"Electric vehicles: Tesla is still 'the king of this transition,' Ross Gerber says",0.052,0.106,0.795,0.099
28,Tesla Shares Approach Bear Market Territory on Prolonged Selloff,0.954,0.103,0.865,0.032
29,"Virgin Galactic Stock Could Be Worth the Gamble, But We Won’t Know for Years",0.996,0.091,0.882,0.027
30,"Tesla’s Elon Musk Weighs In Again: First Taxation, Now Inflation",-0.455,0.0,0.847,0.153
31,Stocks End Flat as Wall Street Focuses on Retail Earnings,0.296,0.099,0.901,0.0
32,Better EV Stock: Lucid Group or Gogoro,0.751,0.084,0.916,0.0
33,S&amp;P 500 Closes Flat Amid Lack of Direction,0.986,0.107,0.849,0.043
34,The infrastructure plan ‘means routing new dollars through old plumbing’: Transportation Sec. Buttigieg,-0.153,0.111,0.764,0.126
35,Tesla drops below $1 trillion market cap,0.936,0.109,0.849,0.042
36,Lucid Air wins MotorTrend's 'Car of the Year' honors,0.714,0.218,0.782,0.0
37,Lucid Makes History by Winning MotorTrend’s Car of the Year. Investors Yawn.,0.671,0.256,0.744,0.0
38,"Why Tesla Stock Is Trying To Settle Below $1,000",0.974,0.13,0.809,0.061
39,Should Invesco S&amp;P 500 Equal Weight ETF (RSP) Be on Your Investing Radar?,0.994,0.107,0.871,0.022
40,Stocks Flat as Wall Street Focuses on Retail Earnings,0.296,0.099,0.901,0.0
41,US STOCKS-Wall Street supported by tech; Tesla extends losses,0.949,0.078,0.87,0.052
42,Lucid stock rises after Lucid Air wins MotorTrend car of the year,0.527,0.124,0.876,0.0
43,Tesla stocks continue to dip after Elon Musk tweets at Bernie Sanders,0.296,0.081,0.919,0.0
44,"Dow Jones Rallies Ahead Of Biden, Xi Meeting; Tesla Skids, Rivian Reverses",0.0,0.0,1.0,0.0
45,Beto O’Rourke to Challenge Abbott in Run for Texas Governor,-0.915,0.074,0.842,0.084
46,S&amp;P 500 Gives Up Gains as Traders Await Further Catalysts,0.987,0.105,0.86,0.035
