﻿,Titles,Polarity,Positive,Neutral,Negative
0,Twitter Sets Shareholder Vote on Musk Deal Before Trial,0.296,0.075,0.925,0.0
1,7 Cathie Wood Stocks Trading at a Discount Right Now,0.998,0.092,0.874,0.034
2,Twitter Shareholders Will Get Say on Elon Musk Deal in September,-0.128,0.069,0.856,0.075
3,UPDATE 1-U.S. probes Tesla crash that killed motorcyclist in Utah,-0.987,0.073,0.767,0.159
4,"Dow closes nearly 250 points lower as worries about big tech earnings, Fed decision bite",-0.875,0.02,0.83,0.15
5,"Nasdaq edges into three-day losing streak, markets settle in the red",0.0,0.0,1.0,0.0
6,U.S. probes Tesla crash that killed motorcyclist in Utah,-0.986,0.076,0.765,0.159
7,"Why Tesla, Lucid, and Nio Stocks Were All Falling Today",-0.671,0.0,0.891,0.109
8,Dow drops nearly 250 points as worries about big tech earnings weigh on stocks,0.612,0.243,0.613,0.145
9,Institutions sold $5 billion bitcoin for the past two months. Where will the crypto head next?,0.155,0.063,0.937,0.0
10,"Auto industry ‘really struggling’ due to chip shortage, analyst says",0.153,0.069,0.878,0.053
11,Shopify stock sinks 15% amid layoffs,0.908,0.069,0.888,0.043
12,General Motors earnings have been ‘one stumble after another’: Analyst,0.0,0.0,1.0,0.0
13,UPDATE 1-Elon Musk asks judge to start Twitter trial on Oct. 17,0.71,0.075,0.868,0.057
14,"Billionaires Musk, Bezos, and Arnault lose $115 billion in bear market",0.0,0.0,1.0,0.0
15,"Dow Jones Falls As Walmart Plunges On Profit Warning; Alphabet, Microsoft Earnings Due",0.128,0.124,0.773,0.103
16,Shopify to Lay Off 10% of Workforce. The Stock Is Plunging.,0.459,0.154,0.779,0.067
17,Russia-Ukraine War Will Affect These 10 Stocks in the Future,0.995,0.11,0.809,0.081
18,"Tesla, Inc. (TSLA) Is a Trending Stock: Facts to Know Before Betting on It",0.999,0.126,0.867,0.007
19,"Eutelsat, OneWeb Brace To Unite To Compete SpaceX: Report",0.991,0.139,0.855,0.006
20,GM Announces Big EV Battery Deals as It Targets Tesla,0.34,0.13,0.87,0.0
21,General Motor's Joint Venture To Receive $2.5B Government Loan For Upcoming Battery Plants In US,0.981,0.115,0.872,0.013
22,"Dow Jones Futures Fall As Walmart Plunges On Profit Warning; Alphabet, Microsoft Earnings Due",0.128,0.124,0.773,0.103
23,Former Tesla Veteran Headed EV Battery Firm Redwood Materials Earmarks $3.5B For Nevada Plant: WSJ,0.974,0.092,0.896,0.012
24,How to Buy Tesla for the Cost of a Penny Stock,0.839,0.183,0.817,0.0
25,3 Elon Musk Comments That Could Change Your Mind About Tesla Stock,0.939,0.209,0.773,0.017
26,Mexico’s ‘Super Peso’ Shocks Traders Who Were Betting on Wipeout,-0.226,0.047,0.91,0.043
27,Another Way to Play Tesla: A Hedged Single-Stock ETF,0.772,0.131,0.838,0.031
