﻿,Titles,Polarity,Positive,Neutral,Negative
0,Biden nears bringing back waiver for California and other states to set tougher vehicle tailpipe standards,0.511,0.147,0.853,0.0
1,Here’s a Prime Parking Spot to Buy Gores Guggenheim,0.994,0.112,0.843,0.045
2,"Why Tesla, Rivian, and Nio Are All Dropping Today",-0.382,0.0,0.86,0.14
3,Tesla Recall Numbers Don’t Tell the Entire Story. The Other Factor to Consider.,-0.296,0.0,0.922,0.078
4,"All stock market sectors decline, commodities rise amid Russia-Ukraine tensions",-0.494,0.113,0.701,0.186
5,Tesla CEO Elon Musk Ramps Up Legal Battle Against SEC,-0.128,0.082,0.818,0.1
6,"Russian Invasion Sparks Stock Selloff, Oil and Gas Jump on Supply Worries",0.7,0.312,0.688,0.0
7,"Dow and S&amp;P slump, Tesla shares slide",0.0,0.0,1.0,0.0
8,Volkswagen Wants to Launch Porsche in Pursuit of Tesla,0.34,0.094,0.906,0.0
9,Elon Musk accuses the SEC of leaking details of its Tesla probe,-0.318,0.0,0.905,0.095
10,Tesla Has Unearthed a New Golden Opportunity,0.765,0.162,0.803,0.035
11,9 Stocks to Buy According to Billionaire Andreas Halvorsen’s Viking Global,1.0,0.152,0.841,0.007
12,Billionaire Paul Singer’s 10 Dividend Stock Picks,0.999,0.105,0.874,0.022
13,"Today's Market: Russian Troops Enter Ukraine, Meritor Surges 45%, Oil Hits $96",0.226,0.091,0.909,0.0
14,Dow Jones Sells Off On Russian Aggression; Home Depot Slides On Earnings,0.0,0.0,1.0,0.0
15,Analysts Are Recommending These 10 Green Energy Stocks for the Future,1.0,0.142,0.837,0.021
16,Nio Stock Is a Buy After Steep Selloff,0.999,0.158,0.789,0.053
17,Dow Jones Futures Fall On Russian Aggression; Home Depot Slides On Earnings,0.0,0.0,1.0,0.0
18,Lucid Shares Fall More Than 4% After Vehicle Recall,-0.919,0.059,0.823,0.119
19,Buy These 5 Stocks With Sales Growth for Robust Returns Now,1.0,0.194,0.789,0.017
20,Dow Jones Futures Off Lows: Putin Recognizes Ukraine Separatist Regions; Germany Halts Nord Stream 2 Pipeline,-0.296,0.0,0.879,0.121
21,Dow Jones Futures Slash Losses; Russia's Putin Recognizes Ukraine Separatist Regions,-0.296,0.0,0.879,0.121
22,"Russian Tanks In Ukraine, Oil, Retail Earnings, Trump and Elon Musk - 5 Things You Must Know",-0.25,0.114,0.732,0.154
23,China Crackdown Risk Roars Back With Probe of Jack Ma’s Empire,0.975,0.076,0.868,0.056
24,Which electric SUVs have the most cargo space? Here’s a full list,0.142,0.061,0.939,0.0
25,Volkswagen Gains as Talk of Porsche IPO Fuels Hope of Value Unlock,0.972,0.121,0.857,0.022
26,Elon Musk Makes a Serious Accusation Against a Top Tesla Regulator,-0.477,0.073,0.729,0.198
