﻿,Titles,Polarity,Positive,Neutral,Negative
0,4 Value Stocks to Add to Your Portfolio in May,0.991,0.088,0.877,0.034
1,Tesla Will Envy the Permit That Baidu Just Received,0.477,0.11,0.89,0.0
2,Tesla CEO Elon Musk attends 2022 Met Gala,0.998,0.17,0.809,0.021
3,"Fed Chair Powell ‘is going to be more aggressive than he says he is,’ analyst says",0.637,0.115,0.885,0.0
4,"Nio’s EV Production Picks Up Pace, Should Hit Record Levels This Year",0.933,0.048,0.938,0.014
5,Baidu Gets a Permit That Tesla Will Envy,0.477,0.11,0.89,0.0
6,"Fisker’s Attractiveness Has Risen, But it Is Still Not a Buy",0.966,0.058,0.921,0.02
7,7 Buy-Worthy Names That Should Be on Any Electric Vehicle Stocks List,0.999,0.095,0.882,0.022
8,Austin mayor to Elon Musk: We would welcome Twitter employees!,0.991,0.124,0.876,0.0
9,"US STOCKS-Banks, Big Tech drive Dow, S&amp;P 500 higher as Fed decision looms",0.939,0.086,0.856,0.059
10,Why Tesla Stock Popped on Tuesday,0.318,0.119,0.881,0.0
11,Cummins' (CMI) Q1 Earnings &amp; Revenues Surpass Estimates,0.979,0.064,0.906,0.029
12,Apple Hires 31-Year Ford Veteran to Ramp Up Electric-Car Work,0.99,0.084,0.882,0.034
13,Media mogul Byron Allen hopes Elon Musk uses Twitter 'for the greater good',0.976,0.141,0.772,0.087
14,"Harley-Davidson (HOG) Q1 Earnings Lag Estimates, Fall Y/Y",0.992,0.077,0.901,0.022
15,"Buffett-Backed BYD Sales Hit Record High, Defying Covid Lockdowns Rocking Tesla's China EV Rivals",0.0,0.0,1.0,0.0
16,"Group 1 (GPI) Earnings &amp; Sales Top Estimates in Q1, Up Y/Y",0.996,0.118,0.834,0.049
17,"Sonic (SAH) Earnings &amp; Sales Miss Estimates in Q1, Up Y/Y",0.983,0.098,0.838,0.064
18,"SCOTUS overturning Roe v. Wade would be ‘a horrible thing,’ Austin Mayor says",0.999,0.131,0.851,0.017
19,Who Is Elon Musk? What Is His Claim to Fame?,0.743,0.08,0.92,0.0
20,Dow Jones Falls Ahead Of Fed Meeting; 7 Key Earnings Movers,0.0,0.0,1.0,0.0
21,Ex-Tesla engineer aims to build next-generation battery materials in U.S.,0.712,0.041,0.933,0.026
22,Why Tesla Stock Plummeted 19% Last Month,0.7,0.11,0.861,0.029
23,Dow Jones Futures Turn Higher Ahead Of Fed Meeting; 7 Key Earnings Movers,0.0,0.0,1.0,0.0
24,Dow Jones Futures Drop Ahead Of Fed Meeting; 7 Key Earnings Movers,0.0,0.0,1.0,0.0
25,Weekly Comic: Elon Musk's Dangerous Distraction,0.961,0.099,0.821,0.08
26,"2 Stock Split Stocks That Crushed Earnings, and 1 That Didn't",0.361,0.143,0.857,0.0
27,ETFs for the Driverless Car Revolution,0.382,0.12,0.88,0.0
28,Tesla Schedules Its Annual Meeting for Early August. A Stock Split Approaches.,0.402,0.125,0.875,0.0
29,Elon Musk keeps investors in dark about Tesla stock split plans after missing SEC deadline,0.991,0.11,0.855,0.035
30,"Stocks Higher, Tesla, Twitter, Logitech, BP And Roe v Wade - Five Things You Must Know",0.542,0.16,0.739,0.101
31,Elon Musk Just Gave Great Investing Advice You Should Absolutely Follow,0.459,0.172,0.758,0.071
32,Buffett casts a long shadow over Berkshire,0.0,0.0,1.0,0.0
33,Rivian Secures $1.5 Billion In Incentives For Georgia Plant; Is Rivian Stock A Buy Now?,-0.402,0.074,0.736,0.19
34,Musk’s Grand Vision for Twitter Faces Reality Check in Asia,0.996,0.117,0.807,0.077
