﻿,Titles,Polarity,Positive,Neutral,Negative
0,Tesla Stock Took a Hit From Nvidia’s Warning About Business With China,0.103,0.033,0.938,0.029
1,"Li Auto’s August Deliveries Were Awful. Tesla Stock Is Falling, Too.",0.0,0.0,1.0,0.0
2,Tesla Stock Lower Following Solid August China Sales Data,0.844,0.117,0.863,0.019
3,"Apple, Tesla and Amazon stocks in danger of 1st closes below 50-DMAs in nearly 2 months",-0.637,0.056,0.83,0.114
4,"Yahoo Finance Presents: Jay Leno, ‘Jay Leno’s Garage’ Host",1.0,0.138,0.84,0.022
5,"Top Millennial Pick Tesla's China August Sales Seen Rebounding To 77,000",0.287,0.097,0.903,0.0
6,"Markets start the month of September in the red, energy stocks among biggest laggards",0.087,0.032,0.941,0.027
7,Is Twitter Stock a Buy Today?,-0.318,0.087,0.809,0.105
8,"Dow Jones Falls Amid Key Economic Data; AMD, Nvidia Tumble On Government Restrictions",0.0,0.0,1.0,0.0
9,11 Best Solar Stocks to Buy Now,1.0,0.117,0.877,0.006
10,Twitter Launches an Edit Button for Paying Subscribers,0.87,0.047,0.938,0.016
11,10 Best Stocks Under $50 According to Hedge Funds,1.0,0.15,0.82,0.03
12,"Dow Jones Futures Fall: China Export Curbs On Nvidia, AMD Hit Chip Stocks",0.0,0.0,1.0,0.0
13,3 EV Stocks to Buy Now at a Discount,0.998,0.1,0.89,0.01
14,Stock Market Sell-Off: 2 Top Stocks to Buy Hand Over Fist,0.649,0.081,0.919,0.0
15,Uber and Moove Join Hands To Augment EV Delivery In London,0.97,0.136,0.806,0.057
