﻿,Titles,Polarity,Positive,Neutral,Negative
0,"Dow Jones Futures Await Fed Chief Powell After Inflation Report Hits Market Rally; Apple, Microsoft Lead, But ARK ETFs Offer Warning",0.0,0.0,1.0,0.0
1,Forget Tesla fundamentals and watch how the technicals are setting up: trader,0.0,0.0,1.0,0.0
2,Why Tesla Stock Just Gave Back Half of Yesterday's Gains,0.727,0.081,0.919,0.0
3,Tesla's China Headache Only Seems to Be Getting Worse,0.318,0.051,0.914,0.035
4,"These big tech stocks, including Square and Tesla, are expected to show the best sales growth as the U.S. economy expands",0.202,0.088,0.861,0.05
5,Elon Musk faces day two of questioning in SolarCity trial,0.0,0.0,1.0,0.0
6,How Sunlight Financial is helping homeowners go solar,0.586,0.134,0.866,0.0
7,"Google fined, Musk defends SolarCity buy, Trump Org parts ways with Weisselberg",0.226,0.114,0.826,0.061
8,UPDATE 1-Musk says didn't set deal terms for Tesla acquisition of SolarCity,-0.548,0.038,0.915,0.047
9,2 Things Tesla Shareholders Need to Know,-0.103,0.035,0.924,0.041
10,10 Best Self Driving Car Stocks to Invest In,1.0,0.121,0.858,0.021
11,4 Growth Stocks to Buy This Week,0.818,0.436,0.564,0.0
12,"Dow Jones Falls On Inflation Fears; Goldman, JPMorgan Slide On Earnings Results",-0.422,0.0,0.851,0.149
13,1 IPO I'm Excited About in 2021,0.318,0.052,0.948,0.0
14,"Dow Jones Futures Fall As Goldman, JPMorgan Report Strong Earnings Results; Tesla Stock Set To Rally",0.0,0.0,1.0,0.0
15,Earnings Season Is Here. Look Beyond the Numbers.,-0.402,0.0,0.906,0.094
16,"Goldman lifts Tesla EPS estimates, driven by higher pricing, cheaper China car",0.813,0.095,0.905,0.0
17,EVs are catching on—registrations were up 95% in early 2021,0.0,0.0,1.0,0.0
18,Bitcoin Miners Navigate Extreme World of Crypto Power-Hunting,0.99,0.058,0.902,0.04
19,Tesla Announces Date for Second Quarter 2021 Financial Results and Webcast,0.318,0.015,0.985,0.0
20,GLOBAL MARKETS-Asia shares track Wall Street higher as investors await earnings,0.696,0.058,0.897,0.045
