﻿,Titles,Polarity,Positive,Neutral,Negative
0,Twitter Calls Musk’s Attempt to Kill $44 Billion Deal ‘Invalid and Wrongful’,0.511,0.17,0.83,0.0
1,Twitter Sends Letter to Elon Musk Saying Effort to Terminate Deal ‘Invalid and Wrongful',0.318,0.097,0.846,0.057
2,Why Twitter Stock Got Crushed Today,-0.696,0.052,0.816,0.131
3,"Dow Jones Futures: Market Rally Hits China Wall; Tesla, Twitter Tumble On This",-0.599,0.0,0.776,0.224
4,Twitter ‘does have the upper hand here’ in legal battle versus Elon Musk: Analyst,0.997,0.105,0.851,0.044
5,"Tech and communication stocks lag, U.S. dollar index reaches 20-year highs",0.681,0.048,0.929,0.024
6,Tesla v. Musk: How a $44B deal turned into a ‘horror show’ that’s just beginning,-0.984,0.06,0.85,0.09
7,"Musk’s Twitter Crusade Was a Waste, But Tesla Stock Is Worth a Look",0.55,0.185,0.815,0.0
8,Rivian Stock Tumbles Amid Report Of Looming Layoffs; Is RIVN Stock A Buy?,-0.402,0.074,0.736,0.19
9,"See You In Court, Again! Elon Musk's Top 10 Lawsuits",-0.998,0.074,0.786,0.14
10,"Twitter-Elon Musk lawsuit: ‘The burden of proof lies with Mr. Musk,’ attorney says",-0.226,0.0,0.951,0.049
11,"Twitter v. Musk, Biden tries to protect abortion, Teva under attack: 3 legal stories to watch",0.226,0.083,0.838,0.079
12,Dow Futures Flat Ahead of Earnings and Key Inflation Data,0.735,0.061,0.899,0.041
13,Musk's Tesla stock sale windfall dwarfs Twitter loss,0.917,0.115,0.798,0.087
14,Twitter deal: These are the legal issues Elon Musk faces after reneging on buyout,0.932,0.066,0.894,0.04
15,Tesla Is Getting Into the Used Car Business,0.0,0.0,1.0,0.0
16,Stock Market Under Pressure Ahead Of CPI And Earnings; Tesla And Twitter Getting Hit Hard,-0.382,0.08,0.752,0.167
17,Why 'Twitter deal meltdown' is a positive for Tesla stock: Analyst,0.995,0.128,0.843,0.028
18,"Why Tesla, Rivian, and Lucid Stocks All Tanked Today",0.178,0.105,0.801,0.095
19,PCAR vs. TSLA: Which Stock Should Value Investors Buy Now?,0.998,0.219,0.776,0.005
20,Tesla Is Facing a Big New Obstacle,0.361,0.128,0.872,0.0
21,"Meta, Amazon, Tesla stocks fall as tech sector under pressure",0.0,0.0,1.0,0.0
22,Tesla (TSLA) Halts Giga Berlin &amp; Shanghai to Increase Capacity,0.981,0.067,0.915,0.017
23,Twitter deal: These are the legal issues Elon Musk faces after reneging on buyout,0.128,0.053,0.947,0.0
24,Twitter v. Musk: Tesla CEO to fight case in court that 'does not defer to billionaires',0.948,0.106,0.809,0.086
25,Electric vehicles: What Ford’s Mustang Mach-E offers drivers,0.0,0.0,1.0,0.0
26,Tesla stock slides after Elon Musk terminates Twitter deal,0.989,0.131,0.827,0.042
27,Don't Overlook These EV Stocks,0.82,0.089,0.911,0.0
28,More Likely to 5X First: General Motors Vs Ford,0.928,0.189,0.786,0.025
29,"When It Comes to Twitter, I'd Rather Trade Tesla",-0.572,0.08,0.797,0.123
30,Phunware (PHUN) Stock Pops as Twitter Deal Falls Through,0.986,0.1,0.867,0.033
31,"Market check: Nasdaq falls, U.S. dollar at highest level since 2002",0.0,0.0,1.0,0.0
32,Elon Musk dealt ‘a huge psychological blow’ to Twitter: Analyst,0.0,0.0,1.0,0.0
33,"Twitter Stock Slumps As Board Lawyers Up, Elon Musk Walks Out On $44 Billion Takeover; Tesla Stock Slides",0.572,0.155,0.845,0.0
34,Market check: Stocks open lower as investors brace for earnings,0.0,0.0,1.0,0.0
35,"Dow Jones Falls, Tech Stocks Dive Ahead Of Earnings Season; Elon Musk Seeks To Terminate Twitter Deal",0.296,0.091,0.909,0.0
36,"Epic Musk legal battle a ‘code red’ and ‘nightmare scenario’ for Twitter, say analysts",0.273,0.141,0.781,0.078
37,“This is When You Get Bullish”: 10 Semiconductor Stocks to Buy Now,1.0,0.126,0.844,0.03
38,Twitter plans to sue Elon Musk over broken buyout contract,0.99,0.094,0.856,0.05
39,Dow Jones Futures Fall Ahead Of Earnings Season; Elon Musk Seeks To Terminate Twitter Deal,0.296,0.091,0.909,0.0
40,Texans Asked to Conserve Electricity as Grid Nears the Brink,-0.917,0.054,0.859,0.087
41,Tesla Rises After Musk Dumps Twitter Deal. It’s What Was Supposed to Happen.,-0.273,0.075,0.796,0.129
42,"Twitter Stock Extends Slide As Board Lawyers Up, Elon Musk Walks Out On $44 Billion Takeover",0.572,0.155,0.845,0.0
43,"NIO, other EV maker stocks drop after China imposes COVID-related restrictions",0.649,0.093,0.876,0.032
44,Citi sees a surprising stock market rally into year-end,0.959,0.1,0.838,0.062
45,"Twitter Shares Sink, With Legal Battle Ahead as Elon Musk Walks Away",-0.931,0.082,0.824,0.094
46,2 Growth Stocks That a Pair of the World's Smartest Investors Are Buying,0.392,0.072,0.886,0.042
47,Elon Musk has turned Twitter into dead money: Morning Brief,0.596,0.096,0.813,0.091
