﻿,Titles,Polarity,Positive,Neutral,Negative
0,Head of Tesla’s Autopilot team announces departure,0.467,0.088,0.851,0.062
1,"Tesla’s top AI exec Andrej Karpathy, who helped develop Autopilot, is leaving",0.25,0.095,0.905,0.0
2,UPDATE 3-Tesla's high-profile Autopilot executive departs,0.969,0.08,0.898,0.022
3,Panasonic Energy set to build $4 billion EV battery factory in Kansas,0.637,0.245,0.755,0.0
4,Twitter says it is not planning big layoffs,0.58,0.063,0.894,0.043
5,"Tesla Autopilot Chief to Depart, Adding to Upheaval in Executive Ranks",0.971,0.08,0.875,0.045
6,The 4 Best Automotive Stocks to Buy Now in July 2022,0.999,0.134,0.841,0.025
7,Tesla's high-profile Autopilot executive departs,0.967,0.078,0.899,0.023
8,Why Tesla Stock Zoomed Ahead Today,0.831,0.102,0.898,0.0
9,Art collective MSCHF sells ‘Eat the Rich’ popsicles in NYC,0.727,0.184,0.816,0.0
10,Ford Takes a Big Step to Deliver On a Big Promise,0.477,0.186,0.814,0.0
11,Twitter CEO Warns Staff of ‘Noise’ Ahead as Company Sues Musk,0.919,0.118,0.789,0.093
12,Groundbreaking judge will oversee Twitter's lawsuit against Musk,0.586,0.084,0.836,0.08
13,"Dow Jones Futures: Market Rally Falls Amid Hot Inflation, 'Everything' Fed Rate Hike Talk",-0.103,0.0,0.935,0.065
14,UPDATE 2-Panasonic to build EV battery plant for Tesla in Kansas,0.986,0.101,0.889,0.011
15,Twitter just made the case for why it's better off without Elon Musk,0.909,0.076,0.863,0.061
16,"Twitter stock surges on hopes of salvaging Musk deal, advertisers slash Facebook spending",0.026,0.074,0.855,0.071
17,"Solar roofing company that rivals Tesla eyes opening $100M, 450K-square-foot facility in Georgetown",0.807,0.158,0.82,0.022
18,Twitter Sues Musk for Plan to Pull Out of $44 Billion Deal,0.103,0.151,0.71,0.139
19,Dow Futures Slip Ahead of Major Bank Earnings,0.061,0.058,0.886,0.057
20,Panasonic to build EV battery plant for Tesla in Kansas -Nikkei,0.552,0.03,0.959,0.011
21,Tesla: Leading the Energy Revolution,0.993,0.115,0.867,0.018
22,EV disruptors hit industry speed bumps that have plagued legacy automakers for years,0.984,0.098,0.835,0.067
23,FOCUS-EV disruptors hit industry speed bumps that have plagued legacy automakers for years,0.984,0.098,0.835,0.067
24,Elon Musk Wants Out. 3 Reasons Twitter Could Make Him Stay.,-0.612,0.11,0.603,0.287
25,Why more Americans are considering electric vehicles: Kelley Blue Book editor,0.998,0.093,0.876,0.031
26,Short-seller Hindenburg Research makes surprising new buy: Twitter,0.895,0.079,0.87,0.051
27,Twitter says Musk has ‘buyer’s remorse’ in suit against the Tesla CEO,0.984,0.083,0.852,0.065
28,EXPLAINER-Can Elon Musk defy a court if ordered to buy Twitter?,0.937,0.082,0.871,0.047
29,Why CEOs are so WTF about WFH,0.386,0.105,0.84,0.056
30,13 fateful tweets: How Elon Musk’s own addiction to Twitter may be used to slap him with his biggest defeat,0.884,0.078,0.862,0.059
31,Twitter’s complaint a 'credible threat to Elon Musk’s empire': Hindenburg Research,0.0,0.0,1.0,0.0
32,Dow Jones Dives On Hot Inflation Report,0.0,0.0,1.0,0.0
33,Twitter sues Elon Musk to enforce $44 billion buyout,0.996,0.119,0.819,0.062
34,Consumer discretionary stocks sink after surprisingly strong inflation data,0.408,0.095,0.853,0.051
35,"Apple, Amazon, Tesla stocks dive into the red after inflation data",-0.077,0.053,0.903,0.045
36,"Twitter and Elon Musk set for ‘Game of Thrones’ legal battle, says Wedbush analyst",0.318,0.107,0.822,0.071
37,Dow Jones Futures Dive On Hot Inflation Report,-0.296,0.0,0.905,0.095
38,Dow Jones Futures Rise Ahead Of Key Inflation Report,0.0,0.0,1.0,0.0
39,Tesla Supplier Panasonic Plans To Improve Battery Density: Reuters,0.984,0.183,0.806,0.011
40,Tesla laying off 229 workers in autopilot analysis unit: Reports,-0.389,0.0,0.954,0.046
41,Twitter Sues Tesla CEO Elon Musk For Bailing on $44 Billion Takeover Deal,0.599,0.191,0.729,0.08
42,5 Best Stocks to Buy if You Have $250 to Spend,0.998,0.104,0.864,0.032
43,Exclusive: Tesla supplier Panasonic eyes 20% jump in battery density by 2030,0.996,0.137,0.824,0.038
44,Twitter’s Lawsuit Against Elon Musk: The Main Points,-0.813,0.0,0.741,0.259
45,Twitter Lawyers Say They Can Prevail Over Musk in Just Four Days,0.989,0.119,0.827,0.054
