﻿,Titles,Polarity,Positive,Neutral,Negative
0,Is Cathie Wood's Robotaxi Thesis Realistic?,0.0,0.0,1.0,0.0
1,"Dow Jones Futures: S&amp;P 500 Hits High With Tesla Model S Plaid Due; Google, RH In Buy Zones As GME, Meme Stocks Skid",-0.095,0.056,0.875,0.069
2,China's Nio Faces Battle Royale After Return From Brink of Ruin,0.999,0.079,0.882,0.038
3,Apple Hires Former BMW Executive for Its Rebooted Car Project,0.985,0.077,0.901,0.023
4,The MGM Deal: Amazon Has the Money and Needs the Content,0.0,0.0,1.0,0.0
5,Tesla Is About To Unveil Its Fastest Car Yet As High-End Rivals Grow,0.0,0.0,1.0,0.0
6,A California Startup Now Offers a Full EV Battery in Just 10 Minutes,0.992,0.056,0.913,0.031
7,"Tesla Stock: Headed to $1,000?",0.422,0.106,0.849,0.045
8,"Dow Jones Jumps, Yields Flatten After Hotter-Than-Expected Inflation Data; Tesla Stock Races Higher",0.202,0.076,0.924,0.0
9,Tesla to Introduce Upgraded Model S to Jump-Start High-End Model Sales,0.44,0.119,0.84,0.041
10,Tesla Hosts a Model S Event. Here’s What That Means for the Stock.,0.0,0.0,1.0,0.0
11,Tesla Could be Geared for Upside,0.998,0.146,0.844,0.009
12,How Many Vehicles Will Tesla Deliver This Quarter?,0.612,0.089,0.887,0.024
13,"Toshiba Sought Ministry Help to Swing Key Vote, Probe Finds",0.842,0.05,0.919,0.031
14,Early Tesla Investor Backs Firm That Tracks Metals Supply Chain,0.992,0.14,0.848,0.012
15,Tesla Battery Supplier Jumps to Record as Green Stocks Rally,0.994,0.167,0.823,0.01
16,Tesla Luxury Model S Plaid Hits the Road With Higher Price Tag,0.0,0.0,1.0,0.0
17,"Electric Vehicle Checkpoint: Jim Cramer on Lordstown Losses, Ford Momentum",0.202,0.076,0.924,0.0
18,"UPDATE 1-Tesla to launch high-end Model S 'Plaid' to fend off Mercedes, Porsche",0.989,0.095,0.893,0.013
