﻿,Titles,Polarity,Positive,Neutral,Negative
0,Elon Musk Takes a Trip That Doesn't Bode Well for Tesla's Rivals,0.0,0.0,1.0,0.0
1,Tesla (TSLA) Gains As Market Dips: What You Should Know,0.992,0.104,0.879,0.017
2,"Keep on Buying Tesla Stock,  Says Analyst Ahead of ‘Master Plan Part 3’",0.99,0.104,0.867,0.029
3,Electric vehicles: Cadillac kicks of Lyriq production in Tennessee,0.994,0.102,0.88,0.018
4,Tesla CEO Elon Musk may become the first trillionaire,0.929,0.096,0.904,0.0
5,Market check: Stocks fall as oil extends gains,-0.572,0.0,0.89,0.11
6,Cathie Wood’s 10 Stock Picks for the Next 5 Years,0.997,0.102,0.856,0.043
7,3 Beaten Momentum Stocks to Buy Ahead of Imminent Breakout Lines,0.997,0.126,0.786,0.087
8,Here's Why OneWeb Resorted To Elon Musk's SpaceX For Satellite Launch,0.972,0.14,0.84,0.02
9,Lithium Prices Have Nearly Doubled In 2022 Amid Insane Commodity Rally,0.941,0.077,0.865,0.058
10,Tesla Stock Posts Five-Day Rally Ahead Of Berlin Factory Launch,0.0,0.0,1.0,0.0
11,S&amp;P 500 Cuts Losses to End Flat as Tech Finds Dip-Buyers Late Into Close,-0.967,0.063,0.828,0.11
12,"Why Tesla Shares Are Up Ahead of ""Delivery Day""",0.0,0.0,1.0,0.0
13,Tesla CEO Elon Musk tweets about ambitious ‘Master Plan Part 3’,0.0,0.0,1.0,0.0
14,GM president: 'We never have one answer' for supply chain risks,0.823,0.059,0.898,0.043
15,Tesla Stock Is Rising. Giga-Berlin Is Ready to Produce EVs.,0.34,0.146,0.854,0.0
16,S&amp;P 500 Slips as Tech Wobbles on Aggressive Fed Rate Hike Fears,-0.946,0.064,0.829,0.107
17,General Motors (GM) to Acquire SoftBank's Stake in Cruise,0.996,0.112,0.878,0.011
18,Hydrogen Stocks Are Set to Soar Off of Today’s Energy Crisis,0.998,0.113,0.841,0.046
19,Who will be the first trillionaire? Study predicts Elon Musk in 2024.,0.997,0.115,0.876,0.009
20,Volkswagen's (VWAGY) Porsche Lays Out Ambitious EV Targets,0.993,0.088,0.908,0.003
21,Volkswagen exec on the electric VW bus: 'I’ve never seen this much demand for a vehicle',-0.25,0.0,0.947,0.053
22,Elon Musk offers first hint at his Master Plan 3 blueprint,0.753,0.051,0.904,0.045
23,Should You Still Consider Buying Tesla (TSLA) Shares?,0.969,0.067,0.925,0.008
24,Is it Still Worth Investing Your Money in Tesla (TSLA)?,0.995,0.162,0.788,0.05
25,"Top Growth Fund Baron Partners Retail Stays The Course, Mostly",0.883,0.392,0.608,0.0
26,Meridian Bioscience and NeuroPace have been highlighted as Zacks Bull and Bear of the Day,0.998,0.087,0.874,0.039
27,Dow Jones Futures: What To Do After Four Market Days That Changed Everything,-0.157,0.0,0.922,0.078
28,Elon Musk lands in Berlin for the opening of Tesla’s new gigafactory,0.0,0.0,1.0,0.0
29,Tesla’s Affordability Problem,0.934,0.086,0.848,0.066
30,Is Invesco S&amp;P 500 Equal Weight ETF (RSP) a Strong ETF Right Now?,0.995,0.104,0.873,0.023
31,Dow Jones Futures Fall After Four Market Days That Changed Everything,-0.157,0.0,0.922,0.078
32,Companies Put Brakes on $25 Billion of Deal-Making as War Rages,-0.973,0.047,0.843,0.11
33,Dow Jones Futures Fall: Four Market Days That Changed Everything; What To Do Now,-0.157,0.0,0.922,0.078
