﻿,Titles,Polarity,Positive,Neutral,Negative
0,ARK Invest's Wood warns upcoming economic downturn in China 'obvious',0.965,0.111,0.871,0.018
1,"US STOCKS-Wall Street closes lower on jitters ahead of earnings, Fed minutes",0.882,0.065,0.891,0.044
2,"2 ""Wide Moat"" Stocks That Can Help You Beat Inflation",-0.422,0.12,0.737,0.143
3,Liability Laden Evergrande Now Eyes China's EV Market: CNBC,0.459,0.047,0.935,0.018
4,"US STOCKS-Wall Street closes lower on jitters ahead of earnings, Fed minutes",0.871,0.085,0.856,0.059
5,Michael Burry's 'mother of all crashes' warning is still in play — but here are 3 stocks he's bullish on,0.998,0.135,0.839,0.026
6,ARK Invest's Wood warns upcoming economic downturn in China 'obvious',0.965,0.11,0.872,0.018
7,"Tesla stock jumps, Micron shares fall, Coinbase planning NFT marketplace launch",0.0,0.0,1.0,0.0
8,Volume Production Is Key to Tesla (TSLA) Success: Analyst,0.34,0.098,0.902,0.0
9,"Space and crypto represent the next investing wave, replacing electric-vehicle companies",-0.318,0.0,0.874,0.126
10,Why These 10 Stocks Are Trending on Tuesday,0.991,0.086,0.899,0.014
11,Tesla Reportedly Invites More Drivers to Full Self-Driving Beta,0.0,0.0,1.0,0.0
12,"GM Stock A Buy? General Motors Could Be Worth This Much, Analyst Says",0.404,0.15,0.85,0.0
13,Lucid aims at concerns about Tesla's 'Full Self-Driving' system with its new driver assistance technology,0.0,0.0,1.0,0.0
14,"JP Morgan, Delta Earnings, Consumer Prices: 3 Things to Watch",0.957,0.066,0.921,0.013
15,Tesla Just Posted a Blowout Month in China. Its Stock Is Breaking Out.,0.0,0.0,1.0,0.0
16,Here's Why Tesla Stock Rose Today,0.296,0.03,0.97,0.0
17,Tesla Stock Nears New Entry Point On Strong China Sales,0.71,0.228,0.772,0.0
18,EV Roundup: General Motors (GM) Steals the Show With Important Updates,0.997,0.085,0.896,0.019
19,Dow Jones Falls As Tesla Climbs On Record China Sales; 3 Tech Giants Eye New Buy Points,-0.296,0.0,0.879,0.121
20,Tesla sees increase in Chinese vehicle deliveries,0.997,0.125,0.856,0.019
21,Dow Jones Rallies As Tesla Climbs On Record China Sales; 3 Tech Giants Eye New Buy Points,0.0,0.0,1.0,0.0
22,"US STOCKS-Futures rise on tech boost, focus turns to earnings",0.882,0.067,0.888,0.046
23,Dow Jones Futures Rally As Tesla Climbs On Record China Sales; 3 Tech Giants Eye New Buy Points,0.0,0.0,1.0,0.0
24,Dow Jones Futures Edge Up As Tesla Climbs On Record China Sales; 3 Tech Giants Eye New Buy Points,0.0,0.0,1.0,0.0
25,"Revolve Group, Ollie's Bargain Outlet, Tesla, General Motors and Ford highlighted as Zacks Bull and Bear of the Day",0.999,0.097,0.876,0.027
26,"5 Growth Stocks That Can Turn $250,000 Into $1 Million by 2030",0.0,0.0,1.0,0.0
27,Tesla Posts a Blowout Month in China. EVs Are Gaining Momentum in the Country.,0.0,0.0,1.0,0.0
28,Tesla Earnings: What to Look For,0.0,0.0,1.0,0.0
29,11 Best Climate Change Stocks To Buy According To Hedge Funds,1.0,0.11,0.879,0.011
30,"Futures rise on tech boost, focus turns to earnings",0.873,0.068,0.886,0.046
31,Dow Jones Futures Rally As Tesla Climbs On Strong China Sales,0.511,0.125,0.875,0.0
32,Tesla Gains on Record Sales of China-Made Cars,0.791,0.057,0.943,0.0
33,Tesla Stock Hits 7-Month High After Record China Sales Tees-Up Q3 Earnings,0.0,0.0,1.0,0.0
34,Tesla Is Pulling Ahead in China with Record Deliveries: Reports,0.0,0.0,1.0,0.0
35,"CureVac Slumps  in Premarket; Tesla, GlaxoSmithKline Rise",0.226,0.059,0.874,0.067
36,Tesla Stock Moves Higher After Record China Sales Tees-Up Q3 Earnings,0.0,0.0,1.0,0.0
37,Bitcoin price rises to highest since 12th May; Shiba Inu surge continues,0.974,0.081,0.907,0.011
