﻿,Titles,Polarity,Positive,Neutral,Negative
0,"Tesla, Ford attract new investments from Soros’s fund",0.0,0.0,1.0,0.0
1,Dow Jones Futures: Market Rally Runs Up To Key Test; 5 Giants Near Buy Points,0.0,0.0,1.0,0.0
2,"Tesla, Amazon Are in Line for a Tax Hit From Inflation Reduction Act",0.0,0.0,1.0,0.0
3,Stock Market Gains On Consumer Optimism; Chips And Tech Lead Charge; Apple Surges,0.818,0.13,0.87,0.0
4,"Why Tesla, Nikola, and Lordstown All Rose Today",0.612,0.167,0.833,0.0
5,You'll Almost Have to Buy an Electric Vehicle if Climate Bill Passes,0.813,0.086,0.889,0.025
6,"Dow Jones, Other Indexes Extend Gains; These 2 Stocks Top Buy Points; Apple Nears Entry",0.459,0.133,0.803,0.064
7,Jeep Maker May Invest Billions to Make EVs in Mexico,0.964,0.062,0.909,0.029
8,The 7 Best Lithium Stocks to Buy Now,0.999,0.118,0.865,0.016
9,UPDATE 1-Top U.S. auto safety regulator stepping down,0.971,0.128,0.807,0.065
10,10 Penny Stocks for Long-Term Profits,0.999,0.131,0.85,0.02
11,Climate portion of IRA would keep U.S. ‘within striking distance’ of halving emissions by 2030,0.542,0.143,0.857,0.0
12,"Li Auto, China's High-End EV Producer, To Report Earnings Monday",0.0,0.0,1.0,0.0
13,Automakers scramble to decode new U.S. EV tax credits,0.993,0.085,0.893,0.022
14,Used EVs: How to navigate the tight market for pre-owned electric vehicles,0.691,0.231,0.769,0.0
15,"Stock Market Rally Rises On Inflation Data; Nvidia, Micron, Tesla, Disney In Focus: Weekly Review",-0.296,0.0,0.901,0.099
16,10 EV Stocks that Will Benefit from Climate Change Bill 2022,1.0,0.131,0.847,0.022
17,California’s Newsom Escalates GOP Jabs to Build National Profile,0.994,0.085,0.867,0.048
18,"Tesla bull issues a $1,150 price target for the stock",-0.477,0.014,0.94,0.046
19,Dow Jones Rises As Apple Stock Nears Buy Point,0.459,0.154,0.846,0.0
20,10 Best One Dollar Stocks To Buy Now,1.0,0.146,0.839,0.015
21,10 Biggest Digital Currencies in the World,1.0,0.129,0.834,0.037
22,US Politicians are Buying These 10 Semiconductor Stocks,0.999,0.106,0.868,0.026
23,Why Index Funds Could Fade,0.0,0.0,1.0,0.0
24,The Big Winners—and Losers —in the Inflation Bill,0.625,0.253,0.676,0.071
25,Dow Jones Futures Rise As Apple Stock Nears Buy Point,0.459,0.16,0.84,0.0
26,Rivian Stock Rises On Mixed Q2; EV Startup Sticks To Production Target,-0.44,0.0,0.873,0.127
27,Buy These 5 Green Energy Stocks That Benefit From the Inflation Reduction Act,0.906,0.307,0.608,0.084
28,Tesla to build new collision center near Dublin,0.402,0.075,0.89,0.036
29,"Battery Giants, Hyundai Concerned by US Moves on China Supplies",0.731,0.056,0.899,0.045
