﻿,Titles,Polarity,Positive,Neutral,Negative
0,Elon Musk Has a Private Secret (It's Joyful and Cute),0.527,0.139,0.861,0.0
1,Why Lucid Group Stock Sank Today,-0.103,0.039,0.887,0.074
2,"Oil prices rise, stocks fall as Russia-Ukraine peace talks fail",-0.128,0.1,0.811,0.088
3,Nio Stock Plunges: Should You Buy Now?,0.557,0.127,0.833,0.04
4,Why These 10 Stocks Are in the Spotlight on Thursday,0.986,0.066,0.909,0.025
5,GRAPHIC-Amazon latest megacap to join stock split squad,0.989,0.102,0.888,0.01
6,Is Roblox Stock a Game Bulls Want to Play?,0.996,0.144,0.799,0.057
7,Tesla Has Some Very Bad News for EV Buyers,-0.459,0.1,0.68,0.22
8,Why Tesla Stock Tanked Today,0.361,0.057,0.893,0.049
9,Why Nio Stock Is Plunging Today,0.852,0.177,0.767,0.056
10,Why Shares of The Metals Company Are Soaring Today,0.758,0.128,0.872,0.0
11,Oshkosh (OSK) Arm Buys CartSeeker to Enhance Tech Capabilities,0.996,0.131,0.838,0.032
12,10 Cryptocurrencies Trending on Reddit in March,1.0,0.139,0.839,0.022
13,Nio Could Be Worth at Least 67% More Based on Forecast Sales,0.995,0.085,0.901,0.014
14,Arrival Stock Has Gotten Crushed in the SPAC Selloff. This Executive Is Optimistic.,0.758,0.228,0.772,0.0
15,Rivian earnings: What to expect,-0.676,0.053,0.887,0.059
16,Nio Stock A Buy? China's Nio To Launch Tesla Model S Rival,0.0,0.0,1.0,0.0
17,Social Media Crown Elon Musk 'Superman' for His Support of Ukraine,0.44,0.182,0.818,0.0
18,"Stocks open lower, oil rises as Russia-Ukraine ceasefire talks stall",0.0,0.0,1.0,0.0
19,Tesla and Elon Musk Make Major New Gestures to Ukraine,0.734,0.158,0.782,0.059
20,Will Amazon’s stock split land it in the Dow Jones Industrial Average?,0.44,0.119,0.881,0.0
21,XPeng Launches New EV in Europe. It’s Low-Priced Competition for Tesla Model 3.,0.296,0.055,0.945,0.0
22,"Amazon Approves 20-for-1 Stock Split, $10B Buyback",0.178,0.108,0.892,0.0
23,My Top Electric Car Stock to Buy and Hold Forever,0.836,0.191,0.77,0.039
24,Should You Buy the Dip In This Top Automotive Chip Company?,0.382,0.05,0.95,0.0
25,3 Meme Stocks That Are Actually Solid Long-Term Picks,0.494,0.151,0.849,0.0
26,7 Stocks to Buy for Their Connection to the Climate Change Fight,0.999,0.125,0.837,0.038
27,Dow Jones Futures Fall After 'Ideal' Market Action; Inflation Report Due,-0.572,0.0,0.829,0.171
28,Xpeng Tumbles as Europe P5 Launch Marks Deeper Global Play,0.488,0.027,0.964,0.009
29,The 7 Best Meme Stocks to Buy Now for March 2022,1.0,0.179,0.785,0.036
30,Nio Puts on a Brave Face Despite EV Slowdown,0.943,0.1,0.81,0.089
31,"Stocks Retreat, Oil Climbs, Amazon, Tesla And Roman Abramovich - 5 Things You Must Know",0.402,0.155,0.766,0.08
32,Countries Are Weaponizing Commodities. Here’s How Investors Should React.,0.743,0.267,0.733,0.0
33,"Amazon, Crowdstrike Rise Premarket; Asana, Marriott Fall",0.128,0.064,0.875,0.061
34,"RPT-Tesla hikes China, U.S. prices for Model 3 and Model Y cars",0.402,0.046,0.92,0.034
35,GM Keeps Its Tesla Killer on Schedule,0.374,0.127,0.792,0.081
36,Elon Musk Has a Conspiracy Theory About Satoshi Nakamoto,0.226,0.077,0.884,0.039
37,Volkswagen's Takes On Tesla With Funky Electric Microbus,0.361,0.057,0.943,0.0
