﻿,Titles,Polarity,Positive,Neutral,Negative
0,UPDATE 1-Tesla says Elon Musk's 2020 compensation was nil,0.402,0.025,0.96,0.015
1,"Tesla seeks to reduce board terms, make other changes in October shareholder meeting",0.0,0.0,1.0,0.0
2,Tesla says Elon Musk's 2020 compensation was nil,0.296,0.019,0.971,0.01
3,"Tesla, EV, and Autonomous-Car Stocks Are Down. Blame Confidence.",0.178,0.194,0.636,0.17
4,"Why Did General Motors Sue Ford Over Its ""BlueCruise"" Hands-Free Driving System?",0.844,0.151,0.811,0.037
5,ESG Investing: Does It Distort the Market?,0.999,0.103,0.877,0.021
6,Chasing Tesla: Here are the current electric vehicle plans of every major car maker,0.494,0.144,0.856,0.0
7,Fisker Shares May Have a Road to Redemption,0.992,0.132,0.778,0.09
8,Forget Tesla (TSLA): 10 Cheap EV Stocks to Buy Now,0.999,0.094,0.881,0.025
9,"Tesla's Berlin factory to fix 'logistical nightmare' for EV maker, Wedbush says",0.751,0.075,0.925,0.0
10,Musk Says Tesla’s Gigafactory Will Begin Producing Cars Soon—Hopefully,0.296,0.064,0.906,0.03
11,"Planes, Paints, and Automobiles",0.934,0.269,0.731,0.0
12,Dow Jones Rallies As Disney Jumps On Earnings; Apple At New Buy Point,0.0,0.0,1.0,0.0
13,All Bets Are Off Whether Lucid Is Ready to Bounce Back,0.995,0.104,0.851,0.045
14,Nio's Differentiation Strategy – From Zero To Hero,0.993,0.096,0.871,0.033
15,Elon Musk Says Tesla’s Delayed Gigafactory Should Open in October. The Shares Are Up.,0.296,0.064,0.906,0.03
16,Thinking of Buying Tesla Stock? Here's What You Need to Know,0.0,0.0,1.0,0.0
17,"Stock Market Near Highs, Treasury Yields Rally; Disney, Several IPOs Jump On Earnings",0.085,0.089,0.839,0.072
18,Tesla Batteries May Last Longer Than You Think,0.026,0.058,0.885,0.057
19,Tesla Pushes Back Berlin Gigafactory Opening to October,-0.226,0.0,0.909,0.091
20,Tesla's Musk hopes to make first cars at Berlin plant in Oct,0.896,0.141,0.859,0.0
