﻿,Titles,Polarity,Positive,Neutral,Negative
0,Why Tesla Stock Dropped -- Again!,0.002,0.033,0.922,0.045
1,Who Is Elon Musk? What Is He Known For?,0.44,0.112,0.826,0.062
2,10 Best EV SPACs to Buy Now,0.999,0.089,0.9,0.011
3,Is Ford Stock A Buy Now? Automaker Tests Support At Key Level After EV-Fueled Surge,0.902,0.187,0.813,0.0
4,"Elon Musk Lives in a $50,000 Home: Will Tesla Fanatics Follow?",0.0,0.0,1.0,0.0
5,"The billionaire space race could benefit regular people, too",0.996,0.072,0.905,0.024
6,What SolarCity case could mean for Elon Musk,0.0,0.0,1.0,0.0
7,Lucid Motors Hits Key Milestone As Luxury EV Rival To Tesla Looms,-0.052,0.0,0.941,0.059
8,Dow Jones Slashes Gains As Powell Reassures Investors; Apple Stock Jumps On iPhone News,0.402,0.119,0.881,0.0
9,10 Hedge Funds that Profited from Reddit’s Meme Stock Craze,1.0,0.139,0.827,0.034
10,Dow Jones Rallies As Powell Reassures Investors; Apple Stock Jumps On iPhone News,0.402,0.119,0.881,0.0
11,Tesla's Musk Defended SolarCity Deal in Delaware Court,0.026,0.133,0.702,0.165
12,"Tesla's Powerwall Backlog Exceeds Production Capacity, Musk Says",0.0,0.0,1.0,0.0
13,"How to Boost Your Portfolio with Top Auto, Tires and Trucks Stocks Set to Beat Earnings",0.999,0.169,0.823,0.008
14,"Tesla, Cal-Maine Foods, Energy Transfer, Magellan Midstream Partners and Plains GP Holdings highlighted as Zacks Bull and Bear of the Day",1.0,0.14,0.818,0.043
15,Bull Of The Day: Tesla (TSLA),0.997,0.138,0.833,0.03
16,Brookfield and Tesla are Teaming up on the Nation's Most Sustainable Community in Austin,0.718,0.108,0.892,0.0
17,Tesla bulls capitalized on a 'classic glass bottom': trader,0.983,0.123,0.822,0.055
18,Here's 1 of the Most Underappreciated Stocks in the Entire Market,0.835,0.178,0.822,0.0
