﻿,Titles,Polarity,Positive,Neutral,Negative
0,Did Tesla Just Confirm That the Robot Takeover Is Here?,0.997,0.099,0.892,0.009
1,"Dow Jones Futures: Market Rally Shows Broad Strength, Affirm Surges On Amazon Deal, Tesla Rival Li Auto On Tap; Shopify, Snap, Palantir Near Buys",0.612,0.227,0.773,0.0
2,Dow Jones Jumps On Powell Speech; Elon Musk Steps Up After Energy Jibe; 5 Stocks Pass Buy,0.718,0.207,0.793,0.0
3,Dow Jones Jumps As Powell Backs This; Tesla Gains As Elon Musk Steps Up; 5 Stocks Pass Buy,0.718,0.207,0.793,0.0
4,EV Truck Maker Rivian Files to Go Public,0.296,0.145,0.855,0.0
5,Tesla’s Elon Musk Wants to Fix Texas’ Utility Problem. Someone Needs To.,-0.402,0.0,0.881,0.119
6,"Rivian Eyes Much Bigger Valuation — Topping GM's, Ford's — As First Deliveries Due Soon",0.0,0.0,1.0,0.0
7,Companies with the most bitcoin on their balance sheets,0.979,0.058,0.936,0.005
8,Texas May Soon Get A New Electricity Supplier: Tesla,0.758,0.089,0.847,0.063
9,What is Rivian?,0.273,0.227,0.773,0.0
10,Musk Goes After Bezos as Billionaire Space Race Intensifies,-0.077,0.087,0.844,0.069
11,HOG or TSLA: Which Is the Better Value Stock Right Now?,0.998,0.228,0.768,0.004
12,Here's Why Tesla (TSLA) is a Strong Momentum Stock,1.0,0.199,0.794,0.007
13,The Car Semiconductor Shortage Is Persisting. What It Means for Auto Stocks.,-0.625,0.0,0.819,0.181
14,Rivian Is Said to File for IPO With $80 Billion Valuation,0.34,0.088,0.912,0.0
15,"Rivian Files for IPO, Seeking About $80 Billion Valuation",0.937,0.063,0.908,0.03
16,"Dow Jones Climbs As Fed Chief Powell Sees Bond Taper By Year End; Workday, Bill.com Soar; Tesla Trades Tightly",0.0,0.0,1.0,0.0
17,Tesla Wants to Become an Electricity Retailer in Texas. What To Know.,0.273,0.091,0.909,0.0
18,It's Time For 9 Stalled Stock Winners To Rally (Tesla Isn't One),0.0,0.0,1.0,0.0
19,"Dow Jones Futures Signal Market Rally Before Fed Chief Powell, 6 Earnings Movers; Tesla Shows Bullish Action",0.0,0.0,1.0,0.0
20,The Meme Lords Who Are Taking Over the C-Suite,0.0,0.0,1.0,0.0
21,Tesla Files to Sell Electricity in Texas Retail Market,0.0,0.0,1.0,0.0
22,Tesla applies to sell electricity to Texas residents: report,0.0,0.0,1.0,0.0
