﻿,Titles,Polarity,Positive,Neutral,Negative
0,The Top Holdings of the Decade's Top-Performing Gurus,0.999,0.14,0.84,0.02
1,Major Tech Supplier Resumes Selling Verkada Cameras,0.861,0.05,0.931,0.019
2,SoftBank Mints New Unicorn by Backing Analytics Firm PatSnap,0.97,0.071,0.91,0.019
3,ElectraMeccanica to establish U.S. base of operations in Arizona,0.999,0.129,0.866,0.006
4,Volkswagen Stock Jumps On Bold Electric Vehicle Sales Target,0.0,0.0,1.0,0.0
5,"Dow Jones Snaps 7-Session Win Streak, But Intel Gives Buy Signal; Former Leaders Tesla, Zoom Video, Peloton Hit Hard",0.586,0.174,0.826,0.0
6,Tesla Model Y Bodies Spotted At Gigafactory Berlin: Has Production Testing Started?,0.807,0.049,0.941,0.009
7,This 118-year-old legendary auto parts maker is going public via a SPAC,0.999,0.161,0.818,0.021
8,"Is Nio Stock A Buy? Chip Shortage, EV Competition Weigh On Outlook",0.153,0.082,0.854,0.063
9,FuelCell Energy Drags Nasdaq Hydrogen Stocks Lower; Can VW Beat Tesla?,0.805,0.138,0.824,0.038
10,Dow Jones Falls As Nasdaq Rallies; Apple Stock Up As Tech Rebounds; Moderna Pops On This,0.0,0.0,1.0,0.0
11,"Dow Falls As Retail Sales Miss; Tesla Slides, While EV Leader Volkswagen Soars 17%",-0.296,0.0,0.913,0.087
12,Volkswagen Is Coming After Tesla. What It Means for Both Stocks.,0.214,0.066,0.934,0.0
13,VW Surges 29% After Laying Plans to Dethrone Tesla by Mid-Decade,0.992,0.104,0.874,0.022
14,"Tesla, Nikola, and the Weirdness in EV Stocks",-0.459,0.0,0.885,0.115
15,Dow Jones Futures Fall As Bitcoin Slides From Record Highs; This EV Leader Surges Again,-0.296,0.0,0.896,0.104
16,"From This Explosion Of New EV Stocks, The Next Tesla May Emerge",0.273,0.123,0.806,0.071
17,Tesla Falls After Analyst Predicts $5K EV in the Future,-0.586,0.034,0.914,0.052
18,5 Stocks That Were Once the Most Held on Robinhood,0.852,0.155,0.845,0.0
19,Xpeng CEO Bought Shares In Rival Nio During 2019 Low,0.945,0.079,0.881,0.04
20,Nikola Looks To Raise $100M Via Stock Sale As It Eyes Completion Of Arizona Factory,0.66,0.057,0.911,0.033
