﻿,Titles,Polarity,Positive,Neutral,Negative
0,7 Stocks to Buy to Build Your Own ‘Elon Musk’ Portfolio,0.999,0.101,0.871,0.028
1,3 Shocking Reasons Nio Stock Crashed Today,-0.296,0.0,0.885,0.115
2,Why Tesla Stock Tumbled Today,0.202,0.03,0.951,0.02
3,"Dow Jones Dives 900 Points On New Covid Variant Fears; Lucid, Rivian, Tesla Fall",-0.422,0.0,0.882,0.118
4,Tesla Forgoes $1.3 Billion German Aid to Counter Critics,0.978,0.111,0.832,0.057
5,Tesla withdraws application for government subsidy for German battery plant,0.0,0.0,1.0,0.0
6,Tesla Withdraws Request for German Aid for Battery Factory,0.0,0.0,1.0,0.0
7,Can Lucid Challenge Tesla's EV Dominance?,0.877,0.242,0.758,0.0
8,"Dow Jones Futures Dive 800 Points On New Covid Variant Fears; Lucid, Rivian, Tesla Fall",-0.612,0.0,0.815,0.185
9,Why Marathon Digital Stock Suddenly Plunged,0.998,0.142,0.812,0.046
10,"Dow Jones Futures, Oil Prices, Treasury Yields Sell Off Hard On Covid Fears",-0.71,0.071,0.627,0.302
11,UPDATE 1-Tesla withdrew state funding application for German battery plant - economy ministry,0.989,0.118,0.882,0.0
12,"The Zacks Analyst Blog Highlights: Tesla, Alphabet, Home Depot, Exxon Mobil and Lowe's",1.0,0.127,0.856,0.017
13,Tesla withdrew state funding application for German battery plant - economy ministry,0.989,0.122,0.878,0.0
14,Tesla to Spend $188 Million to Expand Shanghai Factory,0.0,0.0,1.0,0.0
15,Top 10 Stock Picks of Kenneth Tropin’s Graham Capital Management,0.999,0.122,0.86,0.017
16,"American Airlines, Goldman Sachs, Exxon Mobil Fall Premarket; Peloton, Zoom Rise",0.288,0.055,0.899,0.046
17,Tesla Drops as Musk’s Sale of Shares Crosses Halfway-Point,0.972,0.12,0.853,0.027
18,"Dow Jones Futures Tumble With Oil Prices, Yields On Covid Fears; Market Rally At Key Levels",0.318,0.13,0.81,0.06
19,"Dow Jones Futures Tumble Wil Oil Prices, Yields On Covid Fears With Market Rally At Key Levels",-0.44,0.044,0.864,0.091
20,"Dow Jones Futures Fall With Oil Prices Yields After Market Rally, Tesla Hold Key Levels",-0.44,0.051,0.845,0.104
21,Tesla to invest $188 million to expand Shanghai factory capacity -Beijing Daily,0.637,0.046,0.932,0.022
22,5 Trillion Reasons To Be Bullish On Tesla,0.999,0.116,0.848,0.036
