﻿,Titles,Polarity,Positive,Neutral,Negative
0,Ford Stock Beat Tesla Last Year. Here’s What It Will Do Next.,0.0,0.0,1.0,0.0
1,Yahoo Finance Presents: Jeffrey Gundlach,0.0,0.0,1.0,0.0
2,This Car Stock Beat Tesla Last Year. Here’s What It Does Next.,0.0,0.0,1.0,0.0
3,Nio Stock Shows Its Promise As It Barrels Into 2022,0.995,0.098,0.877,0.026
4,"US STOCKS-Dow posts closing record high for 2nd day, boosted by banks",0.996,0.131,0.84,0.028
5,"RPT-US STOCKS-Dow posts closing record high for 2nd day, boosted by banks",0.91,0.076,0.901,0.022
6,"Dow Jones Futures: Market Rally Divided As Bond Yields Spike; GM, Ford Soar As Tesla Retreats",0.649,0.297,0.608,0.095
7,"Dow Jones Rallies; Tesla Passes Buy Point; GM, Ford Stock Charge As Toyota Snatches Crown",0.0,0.0,1.0,0.0
8,Dow Jones Rallies; GM Stock Surges As Toyota Snatches Its Crown; Tesla Tests Buy Point,0.0,0.0,1.0,0.0
9,Why Nio Stock Slumped Today,0.0,0.0,1.0,0.0
10,"US STOCKS-Dow posts closing record high for 2nd day, boosted by banks",0.92,0.074,0.909,0.017
11,Ford Beats Out Tesla As Top Performing Car Stock Of 2021,0.955,0.08,0.863,0.058
12,"Tesla gathers paperwork to open Austin-area factory, which analysts say is key to '22 production goals",-0.25,0.019,0.947,0.033
13,Ford Wants to Double the Production of its Electric F-150 Lightning Pickup,0.991,0.146,0.818,0.036
14,"US STOCKS-Nasdaq, S&amp;P 500 fall with growth shares; banks boost Dow",0.931,0.064,0.914,0.022
15,The 10 Best Stocks to Buy for a Whole New Year of Returns,1.0,0.118,0.848,0.034
16,"Market check: Chip stocks tumble, electric vehicle stocks pare gains",0.422,0.213,0.709,0.078
17,Tesla Stock: Could This Bullish Iron Condor Return 81%?,0.128,0.041,0.928,0.031
18,Why Lucid Stock Dropped Again Today,-0.502,0.0,0.958,0.042
19,Ford shares rise 11% after news of production increase for electric F-150 Lightning pickup,0.866,0.05,0.937,0.013
20,"CCL, RCL, NCLH, LIND: Why Cruise Stocks Are Up Today",0.98,0.077,0.909,0.015
21,"Market check: Stocks mixed in intraday trading, Pinterest shares plummet",0.052,0.081,0.845,0.074
22,"This is the No.1 risk to the stock market right now, according to Jim Bianco",0.816,0.075,0.866,0.059
23,Why Tesla Shares Dropped Today,-0.202,0.0,0.904,0.096
24,"With Sale Of Shares Done And Shipments Soaring, Is Tesla Stock A Buy?",0.226,0.087,0.913,0.0
25,The Challenges of Debt in Today's Market,-0.855,0.138,0.702,0.159
26,Chinese EV startups turn to Nvidia in the race to catch Tesla,0.958,0.069,0.923,0.008
27,Tesla Stock Is Near a New Record. Wall Street Says It’s Worth 100 Times Earnings.,0.296,0.121,0.879,0.0
28,F vs. TSLA: Which Stock Should Value Investors Buy Now?,0.998,0.218,0.779,0.004
29,Could Tesla Deliveries Double This Year?,0.637,0.084,0.916,0.0
30,Why Ford Stock Is Up By 9% Today,0.986,0.127,0.834,0.039
31,Tesla Is Near a Record High. Wall Street Says the Stock Is Worth 100 Times Earnings.,0.296,0.121,0.879,0.0
32,Major Indexes Start 2022 With New Closing Highs,0.971,0.082,0.893,0.025
33,"With Competitive Models on the Way, Nio Is Down But Not Out",0.999,0.133,0.858,0.008
34,Markets Start the New Year Cruising Higher,0.981,0.085,0.892,0.022
35,"Ford Americas president talks F-150 Lightning demand, chip crisis, and electric vehicle competition",-0.128,0.0,0.949,0.051
36,"Tesla criticized for showroom in China’s Xinjiang region, Walmart clashes with Beijing",0.595,0.057,0.898,0.045
37,Dow Jones Hits Record High As Yields Rise; Apple Eyes New High; Tesla Sets Up For Another Breakout,0.226,0.079,0.921,0.0
38,"Company News for Jan 4, 2022",0.988,0.205,0.795,0.0
39,"How Do Tesla's 2021 Delivery Numbers Stack Up to Ford, GM, and Toyota?",0.834,0.132,0.868,0.0
40,The Awesome ET5 Will Spark Nio’s Recovery,0.987,0.086,0.869,0.046
41,Dow Jones Futures Rally As Yields Rise; Apple Eyes New High; Tesla Sets Up For Another Breakout,0.0,0.0,1.0,0.0
42,Ford to nearly double electric F-150 production,-0.128,0.0,0.952,0.048
43,Explainer-How Tesla weathered global supply chain issues that knocked rivals,0.975,0.073,0.904,0.023
44,Ford Motor Boosts Electric-Pickup Output; Had Better 2021 Than Tesla,0.527,0.064,0.936,0.0
45,Will Lucid Stock Hit $100 a Share in 2022?,0.402,0.144,0.856,0.0
46,Apple’s $3 Trillion Market Cap Is Still More Palatable Than Tesla’s Valuation,0.392,0.122,0.878,0.0
47,Tesla's Blowout Delivery Numbers: These Are Still Early Days,0.296,0.167,0.833,0.0
