﻿,Titles,Polarity,Positive,Neutral,Negative
0,"Henrik Fisker talks autonomous tech, new EV entrants at CES",0.361,0.085,0.915,0.0
1,Why Tesla Stock Is Toast Today,0.796,0.106,0.867,0.027
2,Will Airbnb Start Accepting Bitcoin for Payments? 6 Things to Know.,0.998,0.19,0.801,0.009
3,Why Rivian Stock Tumbled in December and Continues to Fall,0.599,0.072,0.902,0.027
4,"Michigan aims to fend off North Carolina, other states in fight for automakers",0.026,0.068,0.932,0.0
5,"Stocks on the move: Intel, GM, Chinese tech",0.0,0.0,1.0,0.0
6,"Electric vehicles: GM, Chrysler, Mercedes, and Sony reveal new models at CES",0.612,0.143,0.857,0.0
7,GM CEO Mary Barra Presented Six Big Things at CES,0.026,0.018,0.982,0.0
8,"Hall Laurie J Trustee Buys Nestle SA, Trex Co Inc, Tesla Inc, Sells First Republic Bank, ...",0.999,0.091,0.906,0.003
9,All-electric Chevrolet Silverado will debut Spring 2023,0.0,0.0,1.0,0.0
10,Why Rivian Stock Dropped Again Today,-0.392,0.064,0.853,0.083
11,GM unveils Silverado EV pickup at CES,0.459,0.02,0.967,0.013
12,Why Tesla (TSLA) Could Beat Earnings Estimates Again,0.994,0.136,0.837,0.026
13,ChargePoint Stock Is Basing for a Better 2022 Performance,0.998,0.147,0.809,0.044
14,How Qualcomm can transform the automotive industry,0.273,0.068,0.932,0.0
15,"Tesla, Nio, or Rivian? Why Choose When You Can Buy Them All, Says Top Analyst",0.999,0.187,0.776,0.037
16,Virgin Galactic Stock Is Lost in Space and Going Nowhere Soon,0.994,0.11,0.84,0.049
17,"CES 2022: Intel unveils new chips, Chrysler to take on Tesla in EV market",0.0,0.0,1.0,0.0
18,Sony shares pop on news that it intends to 'explore entry into the EV market',0.807,0.032,0.968,0.0
19,Who Are The Car Execs Trying To Topple Elon Musk?,0.273,0.018,0.982,0.0
20,GM’s Electric Chevy Silverado Is Coming Today. Watch the Timing and the Features.,0.0,0.0,1.0,0.0
21,"Dow Jones Rises, Tech Stocks Sell Off Ahead Of Fed Minutes; Tesla Reverses Higher, But EV Leaders Falter",-0.402,0.0,0.881,0.119
22,3 Robinhood Stocks That Are Great Long-Term Picks,0.402,0.17,0.729,0.101
23,CES honoree GAF Energy says its solar shingles undercut Tesla prices by half,0.762,0.213,0.759,0.028
24,"Dow Jones Falls, Tech Stocks Sell Off Ahead Of Fed Minutes; Tesla, EV Leaders Falter",-0.402,0.0,0.881,0.119
25,Ford stock pulls back from two-decade high after December U.S. sales fall 17% from a year ago,0.296,0.026,0.974,0.0
26,Does Ford's (F) Impressive Rally Have Legs?,0.999,0.137,0.848,0.015
27,Missed Out on Tesla's Record Production Numbers? 2 Better EV Stocks to Buy Now,0.669,0.15,0.771,0.079
28,"Ignore Tesla and Apple Stock for Massive Returns in Tech, Says UBS. Look Here Instead.",0.361,0.149,0.851,0.0
29,Chrysler Takes Aim at Tesla. The Auto Maker Plans to Go All-Electric by 2028.,0.0,0.0,1.0,0.0
30,"Dow Jones Futures Waver Ahead Of Fed Minutes; Tesla, EV Leaders Set To Drop",-0.273,0.0,0.905,0.095
31,"Ignore Tesla and Apple for Massive Returns in Tech, Says UBS. Look Here Instead.",0.361,0.149,0.851,0.0
32,"Could Tesla, Lucid, and Rivian Make EVs the Best-Performing Industry of 2022?",0.765,0.102,0.898,0.0
33,"Chrysler Takes Aim at Tesla, Wants All-EV Lineup by 2028",0.0,0.0,1.0,0.0
34,Fisker Stock Looks Better in the Long Term After Its Recent Rally,0.997,0.104,0.871,0.025
35,Tesla Just Gained the Combined Value of Lucid and Rivian in One Day. Time to Sell?,0.655,0.089,0.911,0.0
36,Short Seller Who Bet Against Wirecard Wagers Tesla Is Overpriced,-0.971,0.032,0.873,0.095
37,"Beyond Meat, Pfizer and Nikola Rise Premarket; Adobe, Salesforce Fall",0.338,0.042,0.924,0.034
38,Sony Exploring Commercial Launch of its Own Electric Vehicle,0.0,0.0,1.0,0.0
39,The 10 Best Performing Commodities Of 2021,0.998,0.092,0.856,0.052
