﻿,Titles,Polarity,Positive,Neutral,Negative
0,Could This Be The No.1 EV Stock Of 2021?,1.0,0.141,0.83,0.028
1,Tesla Model 3 Losing Top Safety Designations,0.422,0.157,0.843,0.0
2,UPDATE 1-Consumer Reports drops 'top pick' rating for Tesla Model 3,0.946,0.135,0.787,0.078
3,Watch: Elon Musk’s Other Company Tests Its Tesla Tunnel System in Las Vegas With Real Passengers,0.949,0.07,0.887,0.042
4,Tesla Model 3 loses Consumer Reports’ ‘top pick’ after safety-feature switch,-0.103,0.049,0.892,0.059
5,Consumer Reports drops 'top pick' rating for Tesla Model 3,0.951,0.139,0.786,0.075
6,Tesla Gets a Big Boost in Washington. Investors Don’t Notice.,0.263,0.102,0.835,0.062
7,We Can Learn A Lot from Who’s Selling Bitcoin – And Who’s Buying,0.991,0.094,0.843,0.063
8,10 Best Dividend Stocks to Buy According to Cathie Wood,1.0,0.125,0.861,0.014
9,10 Best Dividend Stocks to Buy According to Michael Burry,0.999,0.119,0.859,0.022
10,Ford’s EV-Fueled Rally Still Leaves Stock Miles Behind Tesla,0.993,0.153,0.841,0.006
11,Should you buy Tesla stock? It depends how far into the future you’re willing to look,0.62,0.064,0.936,0.0
12,Top Growth Stocks for June 2021,0.954,0.25,0.75,0.0
13,Is There A Huge Undisclosed Short In Oil Explorer Reconnaissance Energy Africa?,1.0,0.117,0.826,0.057
14,Tesla Gets Desperate To Secure Chips While GM's Bottleneck Eases,0.128,0.111,0.8,0.089
15,Investment Firms Bet Against Cathie Wood’s Top ETF as Tech Faltered,0.998,0.141,0.835,0.025
16,"Nvidia reports record quarter, crypto mining sales fall",0.0,0.0,1.0,0.0
17,"Cathie Wood Thinks Bitcoin Could Reach $500,000. Is She Right?",0.44,0.078,0.865,0.057
18,Ford Stock Keeps Gaining. Why It’s Up Again Today.,0.542,0.067,0.933,0.0
19,Ford’s EV Plan Impressed Wall Street. Analysts Are Weighing In.,0.0,0.0,1.0,0.0
20,"Dow Jones Futures: Nvidia, Williams-Sonoma Headline Earnings Movers, Econ Data Looms; Ford Leading As Tesla Lags",0.0,0.0,1.0,0.0
21,Cathie Wood Owns Tesla Stock; Should You?,0.34,0.093,0.857,0.05
22,Tesla May Pay Upfront for Chips Amid Global Shortage: FT,0.34,0.098,0.902,0.0
23,June 2 at 2PM EDT: Fireside Chat with The Metals Company to Discuss Merger with Sustainable Opportunities Acquisition Corp.,0.958,0.059,0.925,0.016
24,Is Intuitive Surgical the Tesla of Healthcare?,0.66,0.223,0.72,0.057
25,Influencers with Andy Serwer: Bruce Greenwald,0.34,0.082,0.918,0.0
26,Tesla may pay upfront for chips amid global shortage: FT,-0.02,0.024,0.944,0.032
27,Ford Rises as RBC Boosts Price Target to Highest on Wall Street,0.34,0.082,0.918,0.0
28,Tesla Reportedly Looking to Secure Its Own Chip Stash,0.103,0.091,0.833,0.076
29,UPDATE 1-Cryptos turn choppy as bounce momentum ebbs,0.974,0.131,0.78,0.089
30,"U.S. Senate panel advances EV tax credit of up to $12,500",0.996,0.162,0.815,0.022
31,UPDATE 1-Tesla loses U.S. designation for some advanced safety features,0.924,0.105,0.838,0.057
32,Tesla’s Big News Was Overshadowed by Ford. Its Stock Rose Anyway.,0.0,0.0,1.0,0.0
33,Tesla cashing in on chips,0.758,0.137,0.835,0.029
