﻿,Titles,Polarity,Positive,Neutral,Negative
0,"Apple Talks With Hyundai, Kia on Electric Car Paused Recently",-0.187,0.04,0.913,0.047
1,7 Well-Positioned Battery Stocks to Buy on EV Demand,1.0,0.115,0.872,0.013
2,8 Stocks to Buy for Beginners in a Hot Market,0.997,0.088,0.873,0.039
3,Switchback Energy Stock Is Likely to Get Cheaper,0.997,0.125,0.833,0.042
4,Apple Car Reports Fuel Speculation of Kia or Japan Carmaker Deal,0.988,0.088,0.875,0.037
5,Electric Aircraft Startup Archer to Go Public at Multibillion Dollar Valuation via SPAC – Sources,0.989,0.127,0.865,0.008
