﻿,Titles,Polarity,Positive,Neutral,Negative
0,Tesla Denies Report it Has Lost Another Key Executive,-0.318,0.028,0.902,0.07
1,Manchester United stock jumps after Elon Musk joke about buying team,0.625,0.169,0.831,0.0
2,Dow Jones Dips After Fed Minutes Show This; Elon Musk Claim Boosts Manchester United; Coinbase Dives As Bitcoin Falls,0.422,0.123,0.877,0.0
3,Dow Jones Down As Fed Minutes Show This; Manchester United Pops After Elon Musk Claim; Bitcoin Falls,0.25,0.13,0.787,0.083
4,It’s the Record Date for the Tesla Stock Split. What That Means.,0.0,0.0,1.0,0.0
5,"Rivian Back On Track After 'Horror Show' Start, Analyst Says; Is RIVN Stock A Buy?",-0.402,0.074,0.736,0.19
6,Brief Recession or Complete Economic Collapse? What These Wall Street Veterans Think,0.997,0.139,0.806,0.056
7,"Drought Threatens Tesla, EV Production. Blame It on Climate Change.",0.0,0.0,1.0,0.0
8,Tesla CEO Elon Musk causes stir after joking about buying Manchester United,0.572,0.207,0.793,0.0
9,Dow Jones Slides Ahead Of Fed Minutes; Retail Sales Miss; BBBY Stock Skyrockets 45%,0.0,0.0,1.0,0.0
10,"Midday Movers: Target, Bed Bath &amp; Beyond, Manchester United and More",0.361,0.117,0.791,0.092
11,"Expanded, realigned FM 973 could boost road network near Tesla factory",0.44,0.066,0.934,0.0
12,Gas or Electric? EV Costs Just Got a Lot Better.,0.0,0.0,1.0,0.0
13,Elon Musk Says Buying Manchester United Was a Joke. Tesla Investors Still Have to Care.,0.502,0.14,0.86,0.0
14,"Dow Jones Futures Slide Ahead Of Fed Minutes, Retail Sales; BBBY Stock Surges",0.0,0.0,1.0,0.0
15,5 High-Flying US Bigwigs With Solid Upside Left to Buy Now,1.0,0.175,0.804,0.02
16,Walmart’s Woes Aren’t Over as Fed Gives Clues on Next Move,0.612,0.217,0.783,0.0
17,Elon Musk Briefly Wakes Up a Sleeping Soccer Giant,0.422,0.113,0.887,0.0
18,Dow Jones Futures Fall After S&amp;P 500 Hits Resistance; Elon Musk Scores Own LOL With Manchester United Tweets,0.625,0.203,0.797,0.0
19,"Target, Krispy Kreme, Sanofi Fall Premarket; Lowe's, Bed Bath &amp; Beyond Rise",0.965,0.116,0.833,0.051
20,Elon Musk Says He Was Joking About Buying Manchester United. But Tesla Investors Still Have to Care.,0.392,0.191,0.712,0.098
21,Exclusive-China's EVE to supply BMW with large Tesla-like cylindrical batteries in Europe -sources,0.973,0.059,0.924,0.017
22,Global Water Crisis Prompts Action by Institutional Investors,-0.844,0.096,0.712,0.192
23,Gas or Electric? Lifetime Cost of an EV Just Got a Lot Better.,0.0,0.0,1.0,0.0
24,UPDATE 8-Elon Musk says he was joking about buying Manchester United,0.996,0.113,0.853,0.034
25,Elon Musk Tweets He’s Buying England’s Manchester United Soccer Team,0.153,0.134,0.756,0.109
26,Factbox-'You'll be glad you bought a flamethrower': The tweets of Elon Musk,0.955,0.075,0.896,0.03
27,Elon Musk Says He's Buying Manchester United.  But is He Really?,0.422,0.113,0.887,0.0
28,Musk Tweets He’s Buying Man United While Joking on Politics,0.949,0.119,0.797,0.084
29,Musk says he backs moderate Republicans and Democrats,0.541,0.091,0.85,0.059
30,UPDATE 4-Elon Musk says he is buying Manchester United,0.994,0.162,0.775,0.063
