﻿,Titles,Polarity,Positive,Neutral,Negative
0,Tesla Stock’s Future Looks Bright Thanks to Dogecoin Merch Payments,0.997,0.128,0.846,0.026
1,UPDATE 1-NHTSA evaluating potential safety concerns related to heating issue of Tesla cars,0.153,0.07,0.867,0.063
2,Stocks Fall as Bank Shares Drop and Retail Disappoints,0.0,0.0,1.0,0.0
3,7 of the Best Robinhood Stocks to Buy in January,1.0,0.098,0.882,0.02
4,NHTSA evaluating potential safety concerns related to heating issue of Tesla cars,0.153,0.074,0.861,0.066
5,TBJ Plus: Raleigh rates high for friendliness; Shortages slam Chapel Hill's Sutton's; Girl Scout cookies ahead,0.951,0.407,0.534,0.059
6,NHTSA evaluating potential safety concerns related to heating issue of Tesla cars,0.881,0.147,0.853,0.0
7,"Market check: Stocks fall after retail sales miss, mixed bank earnings",0.054,0.086,0.851,0.063
8,"Stone House Investment Management, LLC Buys iShares TIPS Bond ETF, BTC iShares MSCI EAFE Growth ...",0.996,0.069,0.921,0.01
9,"Avity Investment Management Inc. Buys The Walt Disney Co, Bank of America Corp, Vanguard ...",0.991,0.059,0.934,0.007
10,"Next Capital Management LLC Buys Globus Medical Inc, Tesla Inc, PPG Industries Inc, Sells Apple ...",0.997,0.07,0.926,0.004
11,"MADDEN SECURITIES Corp Buys Pinnacle West Capital Corp, Intel Corp, PayPal Holdings Inc, Sells ...",0.999,0.119,0.873,0.008
12,"Elon Musk’s Tunnel System Works, but the Real Test Is Still to Come",0.916,0.072,0.874,0.054
13,"The Zacks Analyst Blog Highlights: CF Industries, Exxon Mobil, Tesla, Centene Corp. and Southwest Airlines",0.999,0.14,0.844,0.016
14,Tesla (TSLA) Upgraded to Strong Buy: Here's Why,0.997,0.123,0.868,0.01
15,"Tesla stock volatile amid market swings, cybertruck delay, Dogecoin experiment",0.933,0.051,0.93,0.018
16,A Teenager Claims He Remotely Hacked 25 Tesla Cars,0.0,0.0,1.0,0.0
17,Ford stock falls after analysts downgrade the automaker’s shares,0.273,0.171,0.829,0.0
18,Stocks Mixed as Retail Sales Drop Most in 10 Months,0.572,0.087,0.885,0.028
19,3 Best Dividend Stocks for 2022,0.631,0.229,0.771,0.0
20,Ford Stock Has Run Too Far. Why It’s Like Tesla.,0.557,0.092,0.908,0.0
21,"Bank Stocks: What’s Going on With JPM, WFC, BLK and C Today?",0.972,0.078,0.891,0.031
22,2021 China Auto Market Review &amp; 2022 Preview: 3 Stocks to Buy,0.998,0.115,0.85,0.035
23,"Tesla Cybertruck delayed to 2023, Elon Musk begins accepting dogecoin for some merchandise",0.992,0.099,0.879,0.021
24,Tesla Stock Falls Again Because There Are More Cybertruck Questions,-0.153,0.0,0.926,0.074
25,McLean Asset Management Corp Buys Avantis U.S. ...,0.999,0.105,0.885,0.01
26,"Access Financial Services, Inc. Buys BTC iShares U.S. ...",0.996,0.066,0.927,0.007
27,"Dow Jones Sells Off As Citigroup, JPMorgan Tumble On Earnings",-0.178,0.088,0.793,0.119
28,"Dow Jones Futures Fall After Market Sell-Off; Citigroup, JPMorgan Slide On Earnings",0.25,0.111,0.889,0.0
29,Ford just hit a $100 billion market cap — why its stock may crash 52%,0.996,0.132,0.848,0.02
30,"Dow Jones Futures Signal Market Sell-Off To Continue; JPMorgan, Wells Fargo Earnings Top",0.382,0.126,0.874,0.0
31,Are Electric Vehicle Stocks Overhyped?,0.881,0.158,0.816,0.026
32,"After Shattering Expectations, Can Tesla Meet Its Demand?",-0.402,0.072,0.814,0.114
33,Where Will Lucid Group Be in 10 Years?,0.823,0.181,0.765,0.054
34,Tesla Falls on Cybertruck Production Delays,-0.226,0.0,0.917,0.083
35,Why This Top Schwab Portfolio Underweights Tesla,0.794,0.243,0.757,0.0
36,Bull vs. Bear: Could Tesla Be the Best-Performing S&amp;P 500 Stock of 2022?,0.477,0.137,0.788,0.076
37,Dogecoin flies after Elon Musk tweets some Tesla merchandise can be bought with the meme coin,0.0,0.0,1.0,0.0
38,Dogecoin Surges as Tesla Begins Accepting the Crypto for Merchandise Purchases,0.382,0.08,0.92,0.0
39,Elon Musk announced Tesla will accept dogecoin as payment,0.382,0.148,0.852,0.0
40,Dogecoin Takes Off as Musk Accepts the Meme Coin for Tesla Merch,0.361,0.036,0.964,0.0
41,GM Stock Is a Buy. The Company Is Quickly Becoming a Major EV Player.,0.769,0.099,0.901,0.0
42,Dogecoin jumps after Musk tweets Tesla merchandise 'buyable' with the token,0.66,0.049,0.951,0.0
43,Dogecoin jumps after Elon Musk announces that Tesla will accept the meme coin—for merch,0.942,0.083,0.875,0.042
44,Dogecoin Surges as Musk Says It Can Be Used to Buy Tesla Merch,-0.153,0.028,0.941,0.031
45,"Tesla, Las Vegas Sands, Wynn, JPMorgan Earnings and Novak Djokovic - Five Things To Know",0.296,0.073,0.893,0.034
46,Canada opens probe into Tesla's heating system following consumer complaints,0.153,0.07,0.863,0.067
47,Dogecoin (DOGE) Bucks the Thursday Crypto Market Trend on Tesla News,0.202,0.046,0.915,0.038
