﻿,Titles,Polarity,Positive,Neutral,Negative
0,Elon Musk is ‘definitely too influential on Bitcoin prices’ says head of crypto hedge fund—but that may change,0.44,0.077,0.923,0.0
1,"Why Canaan, Ebang, and The9 Were Soaring This Week",0.785,0.136,0.864,0.0
2,It’s ‘too soon’ to declare peak EPS: Investment strategist,0.972,0.076,0.894,0.03
3,FOREX-Dollar falls after U.S. jobs data dims hopes for Fed tightening,-0.03,0.065,0.884,0.051
4,"Tesla bounces back, Musk spooks Bitcoin, Facebook suspends Trump ",0.0,0.0,1.0,0.0
5,These Are The Best EV Stocks To Buy And Watch Now,0.0,0.0,1.0,0.0
6,Ford’s Electric Vehicle Strategy,-0.202,0.024,0.943,0.033
7,Elon Musk Breaks Up With Bitcoin—or Maybe Not. Tesla Shares Surge.,0.0,0.0,1.0,0.0
8,"Li Auto Should Be Worth $30.21, 21% More Than Its Current Price",0.999,0.115,0.879,0.005
9,"Elon Musk is ‘a tourist in crypto,' Celsius Network CEO says",0.965,0.073,0.902,0.025
10,"Stock Market Rally Rebounds On Jobs Report; GM Revs Higher As AMC, Meme Stocks Fly",0.0,0.0,1.0,0.0
11,Jack Dorsey Says Square May Build a Bitcoin Hardware Wallet,0.992,0.129,0.842,0.029
12,"Reddit Stocks: What Are Top Meme Stocks AMC, GME and BB Doing Today?",0.989,0.115,0.854,0.031
13,Why Tesla Stock Bounced Back Today,-0.599,0.047,0.864,0.089
14,Why Tesla Stock Rebounds After Yesterday’s Strong Sell-Off,-0.947,0.071,0.823,0.105
15,10 Billionaires Who Got Even Wealthier During the Pandemic,1.0,0.15,0.831,0.019
16,This CEO says crypto doesn't need Elon Musk to trade higher,0.0,0.0,1.0,0.0
17,Virgin Galactic Shares Can Go Where Few Have Gone Before,0.99,0.117,0.805,0.078
18,CCIV Stock: What the Bulls and Bears Are Saying Ahead of the Lucid Motors Deal,0.992,0.102,0.88,0.018
19,US Indexes End Lower Thursday,-0.807,0.066,0.857,0.077
20,Dogecoin Falls in Sympathy With Broader Market Despite Crypto’s Miami Heat,0.959,0.071,0.9,0.029
21,NCTY Stock: The Clean Crypto Mining Deal That Has The9 Limited Flying Today,0.989,0.094,0.882,0.023
22,"Dow Jones Rallies As U.S. Economy Adds 559,000 Jobs; Tesla Rebounds",0.0,0.0,1.0,0.0
23,"Dow Jones Today, Stocks Rise On Weak Payrolls Data; Ford Gains On Mach-E Milestone",0.0,0.0,1.0,0.0
24,FOREX-Dollar falls from three-week high after U.S. jobs data,0.238,0.062,0.892,0.046
25,7 Stocks Cathie Wood Is Betting On Even as Ark Comes Under Fire,1.0,0.133,0.816,0.051
26,"Dow Jones Today, Futures Rise On Weak Payrolls Data; Ford, Tesla Lead S&amp;P 500",0.0,0.0,1.0,0.0
27,Can Higher Oil Prices Boost EV Sales? Maybe.,0.0,0.031,0.938,0.031
28,Tesla CEO Elon Musk Just Can’t Quit Bitcoin — or Can He?,-0.459,0.0,0.909,0.091
29,How Bitcoin Losses Could Hit Tesla's Earnings,0.271,0.099,0.901,0.0
30,The Wheels Are Coming Off Tesla,0.0,0.0,1.0,0.0
31,Tesla’s China Narrative Swiftly Shifts From Expansion to Exports,0.969,0.092,0.876,0.032
32,FOREX-Dollar at three-week high ahead of U.S. payrolls data,0.883,0.054,0.915,0.031
33,Tesla (NASDAQ:TSLA) Has A Rock Solid Balance Sheet,0.993,0.161,0.72,0.118
34,Tesla (TSLA) Tumbles 5.3% in a Day: What Triggered the Plunge?,0.994,0.098,0.858,0.044
35,Bitcoin Retreats As Musk Tweets Broken-Heart Emoji,0.944,0.088,0.86,0.053
36,FOREX-Dollar steadies near three-week high ahead of U.S. payrolls data,0.84,0.057,0.91,0.033
37,UPDATE 1-Musk 'trolling' puts brakes on bitcoin's rebound,0.84,0.065,0.884,0.051
38,Elon Musk breaks up with bitcoin? Cryptic tweet has some crypto bulls fearing the worst,0.655,0.161,0.839,0.0
39,Musk breakup tweets bruise bitcoin,-0.899,0.032,0.903,0.064
40,"Musk tweet dents bitcoin, but weekly gain in prospect",-0.25,0.061,0.862,0.077
41,Tesla Issues Model 3 and Model Y Recalls in U.S. and China,0.34,0.079,0.921,0.0
