﻿,Titles,Polarity,Positive,Neutral,Negative
0,"News From Tesla, Chipotle, Netflix, and More",-0.25,0.0,0.917,0.083
1,Traders Bet Tesla Stock’s Rally Isn’t Over Just Yet,0.0,0.0,1.0,0.0
2,"GM Stock A Buy? General Motors' Earnings Fall Flat, But Here Comes The Hummer EV",0.0,0.0,1.0,0.0
3,10 Long-term Stocks to Buy for the Next 15 Years,1.0,0.113,0.857,0.029
4,10 Growth Stocks to Buy According to Jay Chen’s Himension Capital,0.999,0.1,0.891,0.009
5,Hertz (HTZZ) Growing Its Presence in EV Market,0.377,0.139,0.861,0.0
6,Why Lucid Group Stock Blasted 45% Higher Today,0.0,0.0,1.0,0.0
7,Why Ford stock may pop another 10%,0.919,0.069,0.916,0.015
8,Why Lucid Motors Shares Are Trading Higher Today,0.966,0.137,0.863,0.0
9,Lucid Stock Soars As CEO Says His Company And Tesla Are Only Two EV Makers To Do This,0.25,0.105,0.895,0.0
10,"EV Stocks: What’s Going on With LCID, GOEV, ZEV, WKHS and RIDE Today?",0.994,0.126,0.861,0.013
11,"S&amp;P 500, Nasdaq Clinch Records as Bulls Ride Big Tech Rally",0.974,0.101,0.848,0.051
12,Why Tesla Stock Jumped on Thursday,0.691,0.113,0.834,0.053
13,Tesla’s Safety Pain Is Luminar’s Gain,0.998,0.123,0.852,0.026
14,"Ford Stock Breaks Out As Auto Giant Resumes Dividend, Hikes Outlook",0.0,0.0,1.0,0.0
15,"Tesla Is Sharply Extended, But Here's A Way To Play The Big EV Rally",0.0,0.0,1.0,0.0
16,Nasdaq Hits Record as Big Tech Gains; Facebook Changes Name,0.96,0.097,0.848,0.055
17,3 Stocks to Buy on Dips While Indices Are Breaking Records,0.905,0.088,0.83,0.082
18,Dow Jones Rallies As Apple Jumps Before Earnings; Tesla Races Higher,0.0,0.0,1.0,0.0
19,Forget Hertz. Buy Tesla Stock Because Drivers Don’t Want Other EVs.,0.339,0.095,0.854,0.052
20,This Time It's Different,-0.31,0.039,0.887,0.074
21,Can Tesla Dominate the World of Data-Driven Auto Insurance?,0.44,0.146,0.792,0.062
22,Volkswagen to submit next 5-year investment plan in December,0.955,0.172,0.801,0.028
23,Why Is Everyone Talking About Electric Vehicle Stocks?,0.625,0.254,0.746,0.0
24,"Dow Jones Today, Futures Hold Gains After Mixed Jobs, GDP Data; Ford, STMicro Eye Breakouts; Tesla Gains On Uber Connection",0.026,0.102,0.8,0.098
25,"Dow Jones Today, Futures Rise With Jobs, GDP Data Due; Ford, STMicro Eye Breakouts; Tesla Gains On Uber Connection",-0.296,0.0,0.905,0.095
26,Tesla Stock Is Surging: Is It a Buy?,0.511,0.079,0.921,0.0
27,"Tesla Dominates The S&amp;P 500, But You Still Might Be Missing Out",0.34,0.098,0.902,0.0
28,"Dow Jones Futures Rise, Ford Signals Breakout, Tesla Jumps; Here Come Apple Earnings",0.026,0.05,0.902,0.048
29,Democrats Want to Tax Unrealized Capital Gains. How Billionaires Like Musk Could Use Options to Cover the Bill.,-0.226,0.0,0.896,0.104
30,The Electric Vehicle Industry Is About to Change Forever -- Here's What Investors Should Keep in Mind,-0.226,0.021,0.949,0.03
31,"Want 50% to 123% Returns? Try These Growth Stocks, Says Wall Street",0.637,0.234,0.766,0.0
32,Tesla Stock Is a Tale of Two Extremes,0.997,0.11,0.846,0.043
33,We may need to start thinking about Tesla at $3 trillion: Morning Brief,0.997,0.084,0.897,0.019
34,The biggest mistakes buyers make when shopping for an electric car,0.0,0.0,1.0,0.0
35,"Ford, Tesla, Comcast Rise Premarket; Ebay, Twilio Fall",0.977,0.118,0.82,0.061
36,"Tesla EV sales boom in Singapore, pushing rivals' models off the streets",0.978,0.1,0.842,0.058
37,Here's how the Democrats' new plan to tax billionaires would hit the richest people in Silicon Valley,0.318,0.127,0.825,0.048
