﻿,Titles,Polarity,Positive,Neutral,Negative
0,‘Space should be for everyone’: Neil deGrasse Tyson,0.0,0.0,1.0,0.0
1,"Dow Jones Futures: Stock Market Rally Falters On Covid-19 Fears; IBM Earnings Beat, Netflix Earnings On Tap",-0.422,0.0,0.877,0.123
2,"Tesla Model Y Demand Drives LG Energy Solutions Battery Sales, Korean Company Becomes Top Vendor In May",0.986,0.106,0.889,0.005
3,Former Astronaut Leroy Chaio explains what Jeff Bezos' can expect in space travel,0.0,0.0,1.0,0.0
4,Tesla (TSLA) Earnings Expected to Grow: Should You Buy?,0.998,0.149,0.803,0.048
5,"10 Times Michael Burry’s Market Crash, Other Predictions were Wrong",0.976,0.091,0.837,0.071
6,"22 stocks, including Carnival and Zoom, that are down 30% or more from 52-week highs",0.863,0.194,0.806,0.0
7,Meme Stock Crash: 10 Worst-Performing Stocks of Reddit’s WallStreetBets,0.999,0.104,0.84,0.056
8,"How Tesla Could Transform the Auto Industry, Again",0.511,0.117,0.883,0.0
9,GM vs. TSLA: Which Stock Should Value Investors Buy Now?,0.998,0.189,0.807,0.004
10,Tesla Stock Has Been Going Nowhere. That Could Change This Week.,0.296,0.078,0.922,0.0
11,"Dow Jones Dives 800 Points On Covid-19 Fears; Apple, Tesla Stock Sell Off",-0.422,0.0,0.882,0.118
12,"Xpeng Prices New EV Aggressively Amid Competition Vs. Tesla, Nio",-0.153,0.0,0.904,0.096
13,2 Bitcoin Stocks I'd Buy Right Now,-0.238,0.099,0.751,0.15
14,XPeng Has Priced Its New Electric Sedan. What to Know.,0.0,0.0,1.0,0.0
15,Demand for new and used cars seen staying hot into 2022: AutoNation CEO,0.934,0.079,0.866,0.056
16,Tesla Stock Slips as Autonomous Driving Hardware Update Draws Ire,-0.382,0.0,0.859,0.141
17,INSIGHT-China frictions steer electric automakers away from rare earth magnets,0.969,0.072,0.866,0.062
18,"Dow Jones Futures Fall: Indexes Weaken, But Stock Market Reality Worse; Tesla FSD, OPEC+ Deal, Zoom Video In Focus",0.202,0.184,0.703,0.113
19,Tesla unveils $199-a-month Full Self-Driving subscription plan — but there’s a catch,0.0,0.0,1.0,0.0
20,Robotaxis: have Google and Amazon backed the wrong technology?,0.625,0.097,0.878,0.024
