﻿,Titles,Polarity,Positive,Neutral,Negative
0,Underrated Factory Efficiency Is a Secret Weapon for TSLA Stock,0.973,0.1,0.869,0.031
1,My Top 5 Surprises This Week,0.998,0.111,0.838,0.05
2,Dow Jones Futures: Five Stocks Showing Strength In Tricky Market Rally; What To Do Now,0.649,0.185,0.815,0.0
3,The Best Is Yet to Come for Innovative EV Play Lucid Group,0.998,0.121,0.859,0.02
4,Lucid Is Ready to Ride Out the Market Storm,0.965,0.099,0.831,0.07
5,Is F Stock a Buy After Earnings Miss? 3 Analysts Weigh In on Ford Price Predictions.,0.985,0.081,0.888,0.03
6,"Meta stock plunge is not a surprise given valuation compared to Berkshire Hathaway and others, asset manager says",0.836,0.284,0.716,0.0
7,Two-Alarm Fire at Tesla California Plant,-0.84,0.0,0.804,0.196
8,Tesla Can Weather the Storm and Rise to the Moon,0.996,0.101,0.855,0.044
9,"Amazon stock on track for largest single-day market cap gain ever, bitcoin price pops",0.0,0.0,1.0,0.0
10,"Amazon, Snap Fuel Tech; Dow Drops on Rate Worries",0.572,0.263,0.737,0.0
11,Tesla's market share is at risk of plunging: analyst,0.96,0.076,0.898,0.025
12,"Bank Pictet &amp; Cie (asia) Ltd Buys Mastercard Inc, Starbucks Corp, Alphabet Inc, Sells ...",0.991,0.056,0.94,0.005
13,Why Tesla Stock Can't Be Stopped on Friday,0.727,0.105,0.856,0.04
14,Why Tesla Stock Slid 11.4% in January,0.71,0.17,0.754,0.077
15,Tesla files for 'Project Cathode' facility near Austin-area EV factory,-0.318,0.0,0.951,0.049
16,General Motors (GM) Option Traders See Downside,-0.25,0.0,0.895,0.105
17,How Tesla Could Be Bigger Than Ford and GM—Combined—in Just 5 Years,-0.422,0.0,0.891,0.109
18,"Ford earnings: ‘Farley is pushing this company faster and farther’ toward EVs, analyst says",1.0,0.138,0.828,0.034
19,"Empirical Finance, LLC Buys Apple Inc, Microsoft Corp, Tesla Inc, Sells Invesco Optimum Yield ...",0.996,0.052,0.945,0.004
20,"Peninsula Wealth, LLC Buys Amazon.com Inc, Microsoft Corp, Visa Inc",0.999,0.139,0.856,0.005
21,"Meritor's (MTOR) Q1 Earnings Beat, Sales Miss, Increase Y/Y",0.991,0.073,0.907,0.02
22,Here's A Way To Profit From Tesla's $338 Billion Wipeout,0.686,0.232,0.768,0.0
23,"Ford (F) Q4 Earnings Miss Estimates, Dividend Reinstated",0.984,0.071,0.883,0.046
24,Elon Musk’s brain-implant startup Neuralink may have misled regulators about Musk’s leadership role,0.746,0.079,0.855,0.066
25,"Tesla's Elon Musk Has a Dire Warning for Nio, Rivian and Lucid",0.0,0.0,1.0,0.0
