﻿,Titles,Polarity,Positive,Neutral,Negative
0,"Is Tesla Stock Headed to $1,400 or $67? Why Predicting Auto Makers’ Performance Is Tricky.",0.382,0.034,0.966,0.0
1,Nikola (NKLA) Teams Up With SAIA and Heniff for BEV Trucks,0.998,0.109,0.889,0.002
2,"Dow Jones Futures: 2022 Market Is Expectation Breaker As Tesla, Apple Skid; What To Do Now",-0.103,0.0,0.94,0.06
3,Tesla Stock Is Closer Than Ever to Its ‘Mega’ Semi Truck Catalyst,0.987,0.09,0.902,0.007
4,"Why Tesla, Rivian, and Lucid Stocks Are All Over the Map Today",0.34,0.116,0.785,0.099
5,The Top 3 Robinhood Stocks of 2021,0.995,0.091,0.882,0.027
6,"Trust Co Of Toledo Na  Buys Entergy Corp, Redwood Trust Inc, Farmers &amp; Merchants Bancorp ...",0.999,0.141,0.85,0.009
7,Why These Stocks Can Benefit Most From Toyota's Latest Announcement,-0.402,0.056,0.838,0.106
8,Stock Market Rally Under Pressure As Bond Yields Hit Pandemic High: Weekly Review,-0.103,0.086,0.81,0.105
9,"Weekend reads: When tech stocks fade, where do you go?",0.637,0.219,0.781,0.0
10,The Same Old Technophobia Is Holding Back Autonomous Vehicles,-0.458,0.056,0.781,0.163
11,Ford's F-150 Plan Sends Investors Into Overdrive,0.982,0.085,0.89,0.025
12,Electric Pickup War is Raging: Meet the Key Contenders,0.998,0.086,0.894,0.02
13,1 Lithium Producer Is Mining Big Gains in the Booming EV Market,0.807,0.14,0.86,0.0
14,People need to spend ‘more time fixing the climate’ than ‘getting into the metaverse’: iPod inventor,0.365,0.054,0.904,0.042
15,"Dow Jones Falls, Treasury Yields Rise After Weak Jobs Report; Tesla Stock Reverses",-0.511,0.072,0.723,0.205
16,Want to Get Richer? 2 Top Growth Stocks to Buy and Hold,0.637,0.091,0.909,0.0
17,10 Crypto Stocks for 2022,1.0,0.13,0.859,0.011
18,"Dow Jones Futures Fall, Treasury Yields Rise After Weak Jobs Report; Tesla Stock Looks To Rebound",-0.273,0.087,0.773,0.14
19,1 Chart Explaining Why Investors Still Pay Up for Tesla,0.707,0.103,0.864,0.032
20,"Dow Jones Futures: Jobs Report Looms; GME Stock Spikes On NFT, Crypto Plans",-0.153,0.0,0.922,0.078
21,"FOCUS-At CES, tech alliances firm up in the self-driving car wars",0.987,0.063,0.924,0.013
22,"Dow Jones Futures Rise After Market Rally Fizzles; GME Stock, Trump Stock DWAC Spike",0.0,0.0,1.0,0.0
23,People need to spend ‘more time fixing the planet’ than ‘getting into the metaverse’: Tony Fadell,0.946,0.1,0.846,0.054
24,Bull of the Day: Ford Motor Company (F),0.997,0.095,0.884,0.02
25,2022 Faces to Watch: Chatham Economic Development Corp. President Michael Smith,0.0,0.0,1.0,0.0
26,Can Tesla Profit From Its Insurance Business?,0.0,0.0,1.0,0.0
