﻿,Titles,Polarity,Positive,Neutral,Negative
0,UPDATE 2-Panasonic plans new massive battery plant in U.S. to supply Tesla -NHK,0.906,0.06,0.925,0.015
1,US STOCKS-Wall Street ends lower as war in Ukraine stirs uncertainty,-0.007,0.076,0.849,0.076
2,Did Elon Musk Just Extend an Olive Branch to Joe Biden?,0.0,0.0,1.0,0.0
3,Tesla Stock: Breakout or Breakdown Ahead? Check the Chart.,0.202,0.147,0.719,0.135
4,Gas prices become increasing liability for Biden administration amid Russia-Ukraine war,0.318,0.081,0.919,0.0
5,"Travel, auto stocks decline on soaring oil prices, supply chain concerns",0.0,0.0,1.0,0.0
6,Tesla CEO Elon Musk invites UAW to hold union vote at California factory,-0.982,0.074,0.816,0.11
7,Why this Ford stock bull sees the price ripping 40% higher,0.975,0.105,0.872,0.023
8,Why Tesla Stock Fell on Thursday,0.527,0.071,0.929,0.0
9,Rivian Steps Back From Price Increases. But Inflation Isn’t Going Away.,0.318,0.108,0.892,0.0
10,One Canadian Moonshots Rising on Insider Interest,0.999,0.133,0.817,0.049
11,Should You Buy Ford (F) Now on Its Ambitious Overhaul Plans?,0.999,0.112,0.869,0.019
12,Rivian CEO Does This After Price Hike Angers Customers; Is Rivian Stock A Buy Now?,-0.361,0.0,0.889,0.111
13,Elon Musk Invites UAW to Hold Union Vote at Tesla,0.422,0.097,0.903,0.0
14,"Market check: Stocks higher at open, Citi upgrades U.S. tech",0.0,0.0,1.0,0.0
15,Tesla Receives a Permit That Will Scare Its Rivals,0.778,0.415,0.585,0.0
16,Ford CFO: We want to be 'a first mover' in the EV space,0.976,0.077,0.914,0.009
17,Dow Jones Rallies Ahead Of Cease-Fire Talks; Snowflake Crashes On Earnings,0.0,0.0,1.0,0.0
18,Tesla’s Elon Musk Invites UAW to Hold Vote in California. He’s Really Talking to Biden.,0.486,0.147,0.853,0.0
19,7 Red Flags for Lucid Group's Future,-0.45,0.0,0.961,0.039
20,Tesla (TSLA) Inks Major Lithium Supply Pact With Core Lithium,0.995,0.11,0.878,0.012
21,Dow Jones Futures Rise Ahead Of Cease-Fire Talks; Snowflake Crashes On Earnings,0.0,0.0,1.0,0.0
22,Tesla Finally Gets German Plant Approval. The Stock Is Falling.,0.0,0.0,1.0,0.0
23,Rivian Could Lose Customers as Inflation Forces Price Hikes. What It Means for the Stock.,-0.586,0.069,0.749,0.183
24,‘Uninvestable’ Russian Stocks Are Officially Ostracized as Oil Surges to New Peak,-0.202,0.12,0.767,0.113
25,Is Invesco S&amp;P 500 Equal Weight Consumer Discretionary ETF (RCD) a Strong ETF Right Now?,0.992,0.085,0.895,0.019
26,7 Favorite Fintech Stocks to Buy After the Correction,0.999,0.09,0.882,0.028
27,"$115 Oil, Rising Rates, Melting Snowflakes, Tesla: Unionized - Five Things You Must Know",0.0,0.0,1.0,0.0
28,3 Supercharged Growth Stocks Billionaires Can't Stop Buying,0.494,0.101,0.854,0.044
29,"Snowflake, Intel, Tesla Fall Premarket; Best Buy, Box Rise",0.985,0.117,0.866,0.017
30,"Tesla Slips as Musk Open to Vote on Union, CEO Faces Trial Over Pay",0.918,0.078,0.882,0.04
31,Musk invites union UAW to hold vote at Tesla California factory,0.303,0.078,0.858,0.064
