﻿,Titles,Polarity,Positive,Neutral,Negative
0,Doctor named as one of victims in fatal Tesla crash in Texas,-0.938,0.057,0.835,0.108
1,Why Growth Stocks’ Rebound Doesn’t Mean Value’s Comeback Is Over,0.572,0.17,0.83,0.0
2,UPDATE 1-Dogecoin cryptocurrency slumps after hashtag-fueled surge to record high,0.996,0.125,0.86,0.015
3,INSIGHT-Tesla drives on Autopilot through a regulatory grey zone,0.965,0.094,0.829,0.077
4,Were Hedge Funds Right About Betting On Alphabet Inc (GOOGL)?,0.995,0.084,0.9,0.016
5,Were Hedge Funds Right About Piling Into Facebook Inc (FB)?,0.998,0.096,0.879,0.024
6,Were Hedge Funds Right About Snapping Up Microsoft Corporation (MSFT)?,0.996,0.086,0.9,0.014
7,"Were Hedge Funds Right About Piling Into Amazon.com, Inc. (AMZN)?",0.999,0.116,0.861,0.023
8,Chip supply shortage won't end in 2021: AutoNation CEO,0.981,0.108,0.839,0.053
9,Tesla's biggest rival in China is all in on flying cars,0.995,0.103,0.876,0.021
10,"Chinese woman's Tesla protest prompts 5-day detention, company apology",-0.913,0.048,0.87,0.082
11,"AUTOSHOW-Chinese woman's Tesla protest prompts 5-day detention, company apology",-0.913,0.047,0.873,0.081
12,Trafigura Bets on Green-Nickel Squeeze in Defiance of China Cure,0.957,0.057,0.916,0.027
13,Dow Jones Sells Off As Apple Slides Ahead Of 'Spring Loaded' Event; Tesla Jumps On Price Target Boost,0.0,0.0,1.0,0.0
14,Tesla Will Be Probed For Vehicle Crash Data By Texas Police – Report,0.494,0.068,0.873,0.058
15,Dow Jones Falls As Apple Reverses Ahead Of 'Spring Loaded' Event; Tesla Jumps On Price Target Boost,0.0,0.0,1.0,0.0
16,Options Trading: Consider A Bull Put Spread For Tesla Stock Ahead Of Q1 Earnings Report,0.0,0.0,1.0,0.0
17,Tesla's (NASDAQ:TSLA) Returns On Capital Are Heading Higher,0.991,0.091,0.887,0.021
18,Strong Results From IBM And Johnson &amp; Johnson Not Enough As Covid Worries Rise,0.998,0.1,0.839,0.061
19,Xpeng Pres. on autonomous driving: Keeping our customers safe is critical,0.128,0.037,0.963,0.0
20,DogeDay hashtags help meme-based cryptocurrency Dogecoin hit new high,0.989,0.101,0.886,0.013
21,White House National Climate Advisor aims to cut U.S. emissions,1.0,0.148,0.828,0.024
22,DogeDay hashtags help meme-based cryptocurrency Dogecoin hit new high,0.989,0.101,0.887,0.013
23,"Tesla stock gets a price target boost ahead of earnings, as Mizuho analyst is upbeat on deliveries outlook",0.599,0.129,0.871,0.0
24,Musk Says Autopilot Not Engaged in Tesla Crash,-0.7,0.0,0.779,0.221
25,Dow Jones Futures Signal Further Losses For 'Hard Penny' Market Rally; Netflix Near Buy With Earnings Due,-0.153,0.0,0.912,0.088
26,GLOBAL MARKETS-World stocks edge back as COVID-19 cases climb,-0.312,0.068,0.86,0.072
27,Tesla's US market share was 'probably close to peak' in 2020: Analyst,0.954,0.078,0.871,0.051
28,"GLOBAL MARKETS-World stocks edge back, bond yields, COVID-19 cases rise",0.135,0.07,0.855,0.074
29,Chinese woman who stormed Tesla display at car show detained for five days,-0.984,0.037,0.825,0.137
30,Elon Musk tweets that Autopilot had not been enabled as Tesla crash brings scrutiny,-0.743,0.0,0.809,0.191
31,"IBM, Netflix, Dogecoin, Tesla, 420 Day - 5 Things You Must Know",0.402,0.091,0.909,0.0
32,"IBM, Netflix, Dogecoin and Weed Day - 5 Things You Must Know Tuesday",0.402,0.091,0.909,0.0
33,Two die in driverless Tesla incident. Where are the regulators?,-0.877,0.067,0.86,0.072
