﻿,Titles,Polarity,Positive,Neutral,Negative
0,Apple is still bigger than all these companies combined,0.981,0.087,0.908,0.005
1,Dow Jones Futures: Stock Market Rally Finds Support Ahead Of Powell Hearing; Tesla Reverses Higher,0.402,0.119,0.881,0.0
2,The top 50 stocks by market cap in the S&amp;P 500,0.521,0.234,0.766,0.0
3,Tesla stock pares losses on bullish Goldman Sachs note,0.0,0.0,1.0,0.0
4,Signal’s Marlinspike Stepping Down as CEO of Messaging App,0.996,0.126,0.858,0.016
5,US STOCKS-Wall Street tumbles with Nasdaq leading declines,0.97,0.07,0.89,0.04
6,The New Solar Roof That Is Half The Price Of Tesla’s,0.991,0.099,0.866,0.035
7,"Stock market is 'massively' overvalued, warns this strategist",0.868,0.066,0.89,0.043
8,'Very important' Tesla factory in Austin nearly ready to produce Model Ys: Wedbush's Dan Ives,0.496,0.024,0.957,0.019
9,US STOCKS-Wall Street tumbles as tech stocks extend slide,0.958,0.054,0.929,0.016
10,Tesla price target raised at Goldman Sachs,0.97,0.086,0.896,0.018
11,"Market check: Dow plunges 500+ points, 10-year yield climbs, crypto stocks sell off",-0.738,0.038,0.919,0.043
12,"Why Tesla Stock First Crashed, Then Bounced Today",0.593,0.161,0.839,0.0
13,GM and Ford Are Tech Companies Now. Just Look at the Stocks.,-0.018,0.189,0.675,0.136
14,"Market check: Stocks fall in early trading, tech renews declines, Tilray shares soar",-0.34,0.079,0.813,0.108
15,"EV Stocks: Why Are TSLA, RIVN, XPEV, RIDE, NKLA and LCID Riding Lower Today?",0.994,0.146,0.81,0.045
16,US STOCKS-Wall Street tumbles as tech stocks extend slide,0.985,0.082,0.898,0.02
17,Tesla Is a Goldman Sachs Top Pick for 2022. The Stock Is Dropping Anyway.,0.273,0.123,0.877,0.0
18,"Dow Jones Sells Off As Yields Rise; AMD, Tesla Slide, While Apple Chipmaker Rises On Strong Sales",-0.128,0.078,0.823,0.1
19,Is BYD Stock a Buy?,0.0,0.0,1.0,0.0
20,"Dow Jones Falls As Yields Rise; AMD, Tesla Sell Off, While Apple Chipmaker Rises On Strong Sales",-0.128,0.078,0.823,0.1
21,Tesla built $1.1B Austin-area factory in a year and a half — here's how it looks now,0.599,0.089,0.911,0.0
22,10 Best EV Battery Stocks To Invest In,0.998,0.079,0.908,0.013
23,"Dow Jones Futures Fall As Yields Rise; AMD, Tesla Fall, While Apple Chipmaker Jumps On Strong Sales",0.637,0.26,0.66,0.08
24,US STOCKS-Nasdaq set to open lower as tech stocks extend declines,0.989,0.1,0.881,0.019
25,Ark Invest CEO Cathie Wood’s Strategic Investments – Report,0.989,0.197,0.756,0.046
26,"Dow Jones Futures Fall, Nasdaq Futures Off Sharply With Market Rally At Key Levels; What To Do Now",-0.103,0.0,0.94,0.06
27,This Robot Trader Is Betting on Big Gains for Tesla and Nvidia Stock. It’s Been Right Before.,0.0,0.0,1.0,0.0
28,"The Zacks Analyst Blog Highlights: Ford, General Motors, Stellantis, Tesla, and Rivian",0.999,0.085,0.891,0.025
29,"US STOCKS-Futures muted, banks extend gains on high yields",0.98,0.098,0.889,0.012
30,"Down 17% in First Week of 2022, Rivian Stock Looks Extremely Undervalued",0.997,0.123,0.841,0.036
31,"UPDATE 3-Ahead of IPO, S.Korea's LG Energy Solution flags market share, profit ambitions",0.996,0.121,0.865,0.014
32,"Wall Street Opens Sharply Lower on Profits, Rates Fears; Dow Down 280 Pts",-0.937,0.067,0.834,0.1
33,Tesla and Nvidia Are Picked for Big Gains by This Robot Trader. It’s Been Right Before.,0.0,0.0,1.0,0.0
34,"Tesla Named 'Top 2022 Pick' At Goldman Sachs, Price Target Set At $1,200",0.422,0.113,0.887,0.0
35,Dow Jones Futures: Market Rally At Key Levels; What To Do Now,-0.103,0.0,0.94,0.06
36,Dow Jones Futures Fall With Market Rally At Key Levels; What To Do Now,-0.103,0.0,0.94,0.06
