﻿,Titles,Polarity,Positive,Neutral,Negative
0,Tesla Moves on With Self-Driving. But Can Auto-Safety Regulators Keep Up?,-0.296,0.118,0.714,0.167
1,Amazon-Backed Electric Pickup Maker Rivian Rolls Out IPO,0.941,0.084,0.872,0.044
2,"Dow Jones Futures: Market Rally Attempt Begins, Netflix Leads 5 Stocks Showing Strength; Tesla Deliveries Loom",0.0,0.0,1.0,0.0
3,ROKU Stock Continues to Create Profits for Loyal Fans,0.995,0.121,0.826,0.052
4,This electric vehicle mines crypto in its free time,0.967,0.053,0.937,0.01
5,Investors Should Not Sell Palantir Stock,0.999,0.148,0.828,0.024
6,"DraftKings Is a Wild Card Now, But It Remains a Solid Long-Term Bet",0.784,0.076,0.85,0.074
7,Why this billionaire investor is all in on one electric vehicle maker,0.98,0.085,0.896,0.018
8,"Nio Doubles Q3 EV Sales Despite Chip Shortage; Xpeng, Li Auto Sales Nearly Triple",-0.612,0.0,0.865,0.135
9,"Lordstown Dives After Confirming Factory Sale, Updating Endurance EV Production Plans",0.0,0.0,1.0,0.0
10,"SPACs are great, as long as not being abused: Alec Gores",0.296,0.053,0.947,0.0
11,Mercedes-Benz parent Daimler disrupts itself as shareholders vote for breakup,0.993,0.105,0.86,0.035
12,"Nio, Li Auto, Xpeng Beat Q3 Delivery Targets Despite Chip Shortage",-0.649,0.023,0.867,0.11
13,"Tesla Vanquished the Short Sellers, But Risks Remain",0.995,0.104,0.858,0.039
14,UPDATE 1-Tesla pushes Norway's EV sales to new record,0.625,0.032,0.954,0.013
15,Tesla pushes Norway's EV sales to new record,0.625,0.033,0.954,0.013
16,Why You Shouldn't Count Fisker Out of the EV Race Yet,0.103,0.017,0.983,0.0
17,Is Moderna the Tesla of Bio Pharmaceuticals?,0.448,0.153,0.761,0.085
18,China's EV Makers Saw Monster Deliveries. Will Tesla Follow Suit?,-0.557,0.0,0.939,0.061
19,Dow Jones Futures Turn Higher On Merck Covid Drug After Latest Stock Market Reversal,-0.402,0.0,0.802,0.198
20,Top 5 Momentum Picks for October After a Tumultuous September,0.999,0.141,0.826,0.033
21,Dow Jones Futures Slash Losses On Merck Covid Drug After Latest Stock Market Reversal,-0.402,0.0,0.802,0.198
22,"Chinese EV Stocks: Nio, Li Auto, Xpeng Beat Delivery Targets",-0.273,0.0,0.943,0.057
23,"3 Reasons to Buy Tesla, and 1 Reason To Sell",0.347,0.103,0.897,0.0
24,All the companies that are making or planning electric vehicles,0.0,0.0,1.0,0.0
25,Cathie Wood is Dumping These 15 Stocks,0.998,0.08,0.89,0.03
26,Foxconn’s Lordstown Deal Sets the Stage for Apple Car Audition,0.983,0.095,0.847,0.057
27,"Chinese EV Stocks: Xpeng Deliveries Crush Targets, Nio, Li Auto On Tap",-0.477,0.0,0.909,0.091
28,XPeng Posts Huge Month For Deliveries. EV Sales in China Remain Hot.,0.778,0.253,0.747,0.0
29,Lordstown to Sell Ohio Plant to Foxconn in $280 Million Deal,0.653,0.054,0.909,0.037
30,Australia's Genex Power signs deal with Tesla for its Queensland project,0.66,0.081,0.875,0.044
