﻿,Titles,Polarity,Positive,Neutral,Negative
0,"Market Recap: Wednesday, December 29",0.0,0.0,1.0,0.0
1,"Tesla Stock Near Buy Point As Musk Sells Shares, With Strong Q4 Deliveries Expected",0.0,0.0,1.0,0.0
2,Recapping Cathie Wood's wild 2021,0.972,0.087,0.876,0.037
3,"Tesla: There’s More Upside Ahead, Says Analyst",0.996,0.125,0.861,0.015
4,Tesla CEO Elon Musk's top market-moving tweets of 2021,0.0,0.0,1.0,0.0
5,Why Tesla Stock Slipped Today,0.128,0.075,0.872,0.053
6,Tesla Inc Insiders are Selling. Investors Should Take Notice,0.959,0.083,0.883,0.034
7,"Dow Jones Aims For New Closing High, But Nasdaq Slips As Tesla Stock Reverses",0.0,0.0,1.0,0.0
8,"Why Tesla stock may be headed to $1,800: analyst",0.935,0.057,0.933,0.01
9,Tesla Remains Above $1000 Despite Musk’s $15 Billion Selling Spree,0.911,0.082,0.883,0.035
10,Stock Market Quiet But 3 Dow Stocks Rise From Support Levels,0.153,0.038,0.962,0.0
11,"Market check: Stocks edge higher, EV companies take hit",-0.153,0.0,0.882,0.118
12,"Ford, GM, JPMorgan, Walmart: The CEOs that met with Biden the most in 2021",-0.422,0.0,0.93,0.07
13,Buy These 4 Popular Robinhood Stocks for 2022,0.999,0.164,0.816,0.02
14,Rivian is a ‘category changer’ but ‘they need to execute flawlessly’: Analyst,0.34,0.123,0.813,0.064
15,"Elon Musk Keeps Selling, but These 2 Stocks Are the Ones to Watch Wednesday",0.718,0.117,0.883,0.0
16,Tesla CEO Elon Musk sells $1 billion more in company stock,0.995,0.087,0.889,0.024
17,Dow Jones Rises; Tesla Rallies — Is Elon Musk Through Selling Shares?,0.0,0.0,1.0,0.0
18,Elon Musk Finished Selling His Tesla Stock. But He Could Sell Again Soon.,0.0,0.0,1.0,0.0
19,Dow Jones Futures Rise; Tesla Rallies — Is Elon Musk Through Selling Shares?,0.0,0.0,1.0,0.0
20,US STOCKS-Wall Street headed for muted opening; Tesla rises,0.979,0.086,0.879,0.034
21,Dow Jones Futures Slip; Tesla Rallies — Is Musk Through Selling Shares?,0.0,0.0,1.0,0.0
22,"Could Tesla Stock Soar to $1,800?",0.823,0.103,0.897,0.0
23,US STOCKS-Futures resume year-end rally in thin trading; Tesla jumps,0.869,0.072,0.878,0.05
24,It Looks Like Elon Musk Is Finally Done Selling Tesla Stock—for This Year,0.44,0.127,0.873,0.0
25,7 Growth Stocks That Analysts Are Loving Right Now,1.0,0.129,0.849,0.022
26,Stock Market Crash Coming? 7 Wall Street Pros Make Their Predictions,0.999,0.116,0.847,0.037
27,Nio Is Worth 33% More Based on Analysts’ Revenue Forecasts,0.998,0.115,0.858,0.026
28,5 Stocks I'd Sell Right Now,0.691,0.108,0.843,0.049
29,"The Zacks Analyst Blog Highlights: Tesla, Costco, Accenture, McDonald's and Advanced Micro Devices",1.0,0.191,0.792,0.017
30,"Tesla (TSLA) CEO Offloads More Shares, Concludes Trading Plan",0.996,0.104,0.884,0.013
31,Elon Musk Sold More Tesla Stock. He Might Not Be Done After All and Here’s Why.,0.0,0.0,1.0,0.0
32,"Tesla, Victoria's Secret, Quidel Rise Premarket; Cal-Maine Falls",0.9,0.065,0.917,0.018
33,U.S. Futures Edge Higher; Omicron Confidence Rises,0.98,0.092,0.867,0.04
34,Tesla Stock Jumps As CEO Elon Musk Exercises Last of His 2022 Stock Options,0.66,0.178,0.822,0.0
35,"Musk Sells More Tesla, Apple Shuts India Plant, Bitcoin Extends Slump, Stocks Resume Santa Rally -Five Things to Know",0.452,0.079,0.921,0.0
36,"Rising Omicron Cases, Tesla Pressure Eases, Bitcoin - What's Moving Markets",-0.975,0.068,0.846,0.086
37,Elon Musk unloads another $1 billion in Tesla stock,0.226,0.064,0.936,0.0
38,Musk Nears Tesla Share Sale Target With $1 Billion Offload,0.972,0.115,0.849,0.037
