﻿,Titles,Polarity,Positive,Neutral,Negative
0,Mercedes-Benz USA CEO on strong 2021 sales and EV future,0.7,0.195,0.805,0.0
1,Replay: EVgo and Climate Change Crisis Real Impact I Acquisition Corporation in Live Fireside Chat to Discuss Merger,0.998,0.111,0.876,0.013
2,Tesla Stock Hits Resistance Even As China Sales Roar Back In May,0.273,0.147,0.756,0.098
3,10 Biggest Cryptocurrency Predictions in 2021,0.999,0.121,0.843,0.036
4,"Top Research Reports for Amazon, Tesla &amp; UnitedHealth",1.0,0.207,0.752,0.041
5,"TESLA Scraps Plans to Make Model S Plaid+, Shares Rise",0.884,0.092,0.856,0.051
6,10 Best Stocks to Buy for Your Child,1.0,0.13,0.856,0.015
7,2 Reasons Why Tesla Has Become An EV Stock Laggard,0.956,0.072,0.898,0.03
8,Tesla Stock Hit Resistance Even As China Sales Roar Back In May,0.273,0.147,0.756,0.098
9,"Dow Jones Falls As Bitcoin Plunges Below $33,000; Tesla Jumps On China Sales",0.0,0.0,1.0,0.0
10,"US STOCKS-Apple, Tesla boost Nasdaq; Inflation in focus",0.973,0.065,0.918,0.018
11,"Dow Jones Today Lags, Nasdaq Tests 14,000 As Tesla Climbs On China Sales, Apple Enters EV Battery Talks",0.0,0.0,1.0,0.0
12,"Auto Stock Roundup: BWA and SMP's Buyout Updates, AAP's Q1 Earnings &amp; More",0.998,0.107,0.881,0.012
13,Tesla China deliveries surge 29% in May after April slump,0.992,0.086,0.88,0.034
14,Tesla Stock Is Gaining Because China Deliveries Rebounded. That’s Really Good News.,0.649,0.358,0.547,0.095
15,"Tesla (TSLA) Pulls the Plug on Model S Plaid Plus, Plaid on Course",0.99,0.088,0.883,0.029
16,"Dow Jones Today Lags, Nasdaq Futures Rise: Tesla Climbs On China Sales; Apple In EV Battery Talks",0.25,0.095,0.905,0.0
17,"US STOCKS-Tesla set to boost Nasdaq; S&amp;P, Dow to open flat",0.982,0.071,0.92,0.009
18,Put This Autonomous Vehicle Stock on Your Radar After Its First-Quarter Update,0.625,0.167,0.734,0.098
19,"Dow Jones Futures: Tesla China Sales Jump, Marvell Joins New Market Rally Breakouts While Bitcoin Dives",0.296,0.095,0.905,0.0
20,Tesla stock rallies after data showing sales in China rebounded in May,0.681,0.064,0.936,0.0
21,"Dow Jones Futures: Tesla China Sales Jump, Marvell Joins New Market Rally Breakouts While Bitcoin Dives",0.296,0.095,0.905,0.0
22,"RPT-US STOCKS-Futures dip with inflation in focus, Tesla gains on strong China sales",0.97,0.092,0.884,0.024
23,Tesla Stock Rises As China Sales Roar Back In May,0.511,0.117,0.883,0.0
24,5 Ultra-Popular Stocks That Should Enact a Stock Split Right Now,0.963,0.276,0.676,0.048
25,"Dow Jones Futures: Marvell Set To Join Market Rally Breakouts, Tesla China Sales Jump After Biogen Skyrockets On Alzheimer's Drug",0.296,0.087,0.913,0.0
26,Apple in Talks with Tesla Supplier CATL for Battery Supply Deal: Report,0.97,0.071,0.907,0.022
27,Tesla Investors Bearish Due to Three New Catalysts,0.969,0.067,0.895,0.038
28,Tesla's China-made vehicle sales surge 29% in May - auto association,0.785,0.033,0.958,0.008
29,Tesla Executive and Top Musk Lieutenant Has Left the Company,0.983,0.066,0.923,0.01
30,UPDATE 2-Tesla's China-made vehicle sales surge 29% in May - auto association,0.785,0.033,0.959,0.008
31,"Tesla Gains as China Sales Surge, Easing Concerns Over Beijing Scrutiny",0.25,0.071,0.929,0.0
32,"Tesla Gains As China Sales Surge, Easing Concerns Over Beijing Scrutiny",0.25,0.071,0.929,0.0
33,"Tesla Trouble, Bitcoin Slips, G-7 Deal Opposition - What's Moving Markets",0.882,0.083,0.841,0.075
34,"Nvidia, Biogen and Tesla - 5 Things You Must Know Tuesday",0.477,0.097,0.903,0.0
35,Faux-Chicken Maker Simulate Valued at More Than $250 Million in New Funding,0.956,0.058,0.942,0.0
36,Faux-Chicken Maker Simulate Is Valued at More Than $250 Million,0.956,0.058,0.942,0.0
37,Tesla Discloses That Heavy Trucking Unit Chief Stepped Down,0.477,0.104,0.851,0.044
38,UPDATE 1-Tesla veteran and trucking chief leaves company,-0.727,0.028,0.926,0.046
39,Wuling: big hopes for mini-electric cars in China,-0.077,0.066,0.881,0.053
40,Carmakers try to spark US love affair with electric pick-up trucks,0.0,0.0,1.0,0.0
41,Carmakers try to electrify US love affair with pick-up truck,0.0,0.0,1.0,0.0
