﻿,Titles,Polarity,Positive,Neutral,Negative
0,Ready to Get Rich in the Stock Market? 5 Investments You Can't Go Wrong With,0.807,0.11,0.89,0.0
1,Tesla hit with new lawsuit over self-driving system,0.402,0.119,0.881,0.0
2,"Dow Jones Futures: What To Do After Lackluster Market Bounce; Exxon, Tesla Stock Near Buy Points",0.0,0.0,1.0,0.0
3,"Luxury Brands Spend More on Marketing, Defying Economic Uncertainty",-0.077,0.115,0.735,0.15
4,10 Best-Performing S&amp;P 500 Stocks in the Last 10 Years,1.0,0.131,0.844,0.024
5,Ford Puts Pressure on Car Dealers in EV Push,-0.103,0.0,0.924,0.076
6,"Ford (F) '23 Mustang Mach-E, Lincoln to Get Driverless Feature",0.996,0.088,0.899,0.014
7,Ford Rolls Out New Commercial Vehicle to Challenge Tesla,-0.077,0.071,0.847,0.081
8,"UPDATE 3-Biden hops into Corvette, declares Detroit 'back' at EV-focused auto show",0.988,0.078,0.907,0.015
9,Tesla changes battery strategy to seek U.S. tax breaks - WSJ,0.872,0.079,0.895,0.026
10,Why Tesla Shares Popped Today,0.671,0.119,0.881,0.0
11,Tesla Shifts Battery Strategy as It Seeks U.S. Tax Credits,0.361,0.088,0.912,0.0
12,Tesla Halts Construction Expansion at German Plant,0.318,0.045,0.955,0.0
13,Beware! The Latest NIO Stock Surge Will Be Short-Lived,0.992,0.107,0.835,0.057
14,Ford Has New Commercial Vehicle to Challenge Tesla,-0.077,0.071,0.847,0.081
15,Tesla plans to expand German plant off table for now - rbb,0.318,0.015,0.985,0.0
16,These 3 Stocks Might Be Getting a Little Too Expensive,0.0,0.0,1.0,0.0
17,2 Robinhood Stocks With Market-Beating Potential,0.197,0.1,0.836,0.064
18,Dow Jones Reverses On Another Key Inflation Report After CPI Sparks Market Plunge,0.0,0.0,1.0,0.0
19,Twitter Chairman Keeps Calm in Chaos of Musk’s Bid to Scrap Deal,0.999,0.084,0.874,0.042
20,Dow Jones Futures Fall Ahead Of Another Key Inflation Report After CPI Sparks Market Plunge,0.0,0.0,1.0,0.0
21,Fisker Hits a Major Milestone on Road to Affordable EVs for All,0.0,0.0,1.0,0.0
22,7 EV Stocks That Can Outrun a Bumpy Market,1.0,0.124,0.864,0.011
23,"If You Invested $10,000 in Tesla for Its IPO in 2010, Here's How Much You'd Have Now",0.66,0.241,0.759,0.0
24,Biden to promote shift to EVs in visit to Detroit auto show,0.992,0.085,0.915,0.0
