﻿,Titles,Polarity,Positive,Neutral,Negative
0,Hydrogen Fueled Cars Are Making A Comeback,0.991,0.09,0.874,0.036
1,San Francisco raises Tesla 'self-driving' safety concerns as public test nears,0.351,0.062,0.898,0.041
2,"NTSB seeks video, photos of deadly Tesla crash near Miami",-0.778,0.075,0.668,0.257
3,Cathie Wood Says This Obscure Rule Proves 'We Are Not In A Bubble',0.612,0.182,0.818,0.0
4,"Cathie Wood, Rob Arnott and Why Value vs. Growth Is the Wrong Topic to Debate",0.73,0.273,0.727,0.0
5,Cathie Wood and Rob Arnott Debate Stock Valuations. Is There a Bubble?,-0.557,0.0,0.882,0.118
6,10 Best Micro-Cap Stocks to Invest In,0.999,0.114,0.852,0.034
7,"Tesla, Fisker earn split views from these analysts",0.612,0.185,0.815,0.0
8,Tesla to open first Arlington dealership,0.0,0.0,1.0,0.0
9,Tesla Is ‘Fundamentally Overvalued.’ Here’s How Many Cars It Needs to Deliver to Justify Its Price.,0.128,0.086,0.914,0.0
10,"GM Makes Self-Driving Bet In China To Catch Up With Nio, Xpeng",-0.226,0.0,0.905,0.095
11,"FDA approves booster shots, Facebook CTO steps down, White House’s chip shortage meeting",0.0,0.0,1.0,0.0
12,"Where Cramer Stands On Tesla, Fisker Following Mixed Analyst Ratings",0.96,0.09,0.891,0.019
13,NIO Stock Is Rising Because It Has a New EV Battery. What Makes This One Special.,0.153,0.13,0.769,0.101
14,"Dow Jones Jumps 400 Points As China Prepares For Potential Evergrande Failure; Costco, Nike To Report",-0.511,0.0,0.852,0.148
15,"Dow Jones Rallies 400 Points As China Prepares For Potential Evergrande Failure; Costco, Nike To Report",-0.511,0.0,0.852,0.148
16,NIO Stock Rises on a New EV Battery. This One Has No Cobalt.,0.0,0.0,1.0,0.0
17,10 Auto Companies Facing Worst Declines Amid Global Chip Shortage,-0.997,0.056,0.846,0.098
18,"Dow Jones Futures Rally As China Prepares For Potential Evergrande Failure; Costco, Nike To Report",-0.34,0.079,0.785,0.136
19,3 Top EV Buys Not Named Tesla,0.0,0.0,1.0,0.0
20,5 Stocks to Watch as EV Adoption Revs Up,0.998,0.097,0.896,0.007
21,"ARK’s Cathie Wood Says She Would Sell Tesla Stock Next Year If It Reaches Her $3,000 Price Target",0.765,0.111,0.889,0.0
22,3 No-Brainer Stocks to Buy in a Correction,0.665,0.189,0.78,0.032
23,Cathie Wood is ready to sell Tesla shares if they hit this big level,0.681,0.234,0.714,0.052
24,"Cathie Wood: I'd Sell Tesla if It Hits $3,000 by End of '22",0.0,0.0,1.0,0.0
25,UPDATE 1-Australia sues Neoen for lack of power from its Tesla battery reserve,-0.691,0.061,0.872,0.067
26,Australia sues Neoen for lack of power from its Tesla battery reserve,-0.899,0.033,0.901,0.066
27,"Cathie Wood Would Sell Tesla Next Year If It Reached $3,000",0.287,0.039,0.931,0.03
