﻿,Titles,Polarity,Positive,Neutral,Negative
0,UPDATE 1-U.S. safety agency discussing Tesla camera replacements,0.25,0.111,0.781,0.108
1,Tesla and Bitcoin to Blame for Exodus From Vietnam’s Stocks,0.991,0.151,0.797,0.052
2,Dow Jones Futures: Market Rally Retreats As Inflation Report Looms; Lucid Dives While Tesla Skids As Cathie Wood Says This,0.382,0.12,0.88,0.0
3,Tesla Stock Dropped Because 12/9 Was Much Ado About Nothing,-0.178,0.077,0.835,0.088
4,Dow Jones Stalls; Donald Trump SPAC Dives; Tesla Stock Reverses As Lucid Sinks,-0.296,0.0,0.849,0.151
5,Dow Jones Stalls As Nasdaq Falls; Tesla Stock Reverses As Lucid Sinks; Donald Trump SPAC Dives,0.0,0.0,1.0,0.0
6,Dow Jones Gains But Nasdaq Falls; Tesla Stock Reverses As Lucid Sinks; Donald Trump SPAC Retreats,0.0,0.0,1.0,0.0
7,Electric vehicle stocks sagging amid mixed market day,0.0,0.0,1.0,0.0
8,"Tesla and Elon Musk have had a wild run this year. Nothing was as crazy, or as intriguing, as the Tesla Bot",0.202,0.083,0.917,0.0
9,Why Tesla Stock Got Dinged Today,0.338,0.126,0.81,0.063
10,Tesla Stock Is Dropping Because 12/9 Is Much Ado About Nothing,-0.477,0.097,0.742,0.161
11,"Apple car unit loses key engineers to Jobi, Archer air taxi upstarts",-0.25,0.016,0.957,0.028
12,Investors Should Get Charged Up About Energy Vault’s Elegant Power Storage,0.999,0.168,0.809,0.024
13,Would You Rather Buy its Car or Invest in Tesla (TSLA) Stock Instead?,0.985,0.085,0.909,0.006
14,Dow Jones Drops As Jobless Claims Fall To 52-Year Low; Apple Hits More Highs; Lucid Motors Dives On Debt Offering,-0.494,0.058,0.75,0.192
15,Ford (F) to Invest $900M for Revamping Thai Auto Plants,0.997,0.114,0.869,0.017
16,Dow Jones Futures Drop As Jobless Claims Fall To 52-Year Low; Lucid Motors Tumbles On Debt Offering,-0.361,0.0,0.878,0.122
17,VW Boosts Spending on New Tech to $101 Billion to Catch Tesla,0.92,0.091,0.848,0.062
18,Why These 2 Electric Car Companies Are Better Bets than Toyota Motor,0.852,0.109,0.867,0.024
19,Dow Jones Futures Fall Ahead Of Jobless Claims; Lucid Motors Tumbles On Debt Offering,-0.361,0.0,0.865,0.135
20,3 Undervalued EV Stocks You Can Buy and Hold for the Next Decade,0.926,0.18,0.82,0.0
21,Lucid Motors Stock Is Priced for Perfection Even If It Continues to Slide Here,0.998,0.131,0.848,0.021
22,Invest in These 3 Stocks? Here's What You Need to Know,0.625,0.111,0.889,0.0
23,Nio Stock Looks to Be a Great Buy Heading Into the New Year,0.991,0.088,0.884,0.029
24,Electric Vehicle Checkpoint: Tesla CEO Elon Musk Knocks Biden's EV Bill,0.202,0.083,0.917,0.0
