﻿,Titles,Polarity,Positive,Neutral,Negative
0,Most Indexes End Shortened Week Lower; Twitter Board Meets,0.99,0.103,0.853,0.044
1,Analysis-Why Musk's Buffett-like playbook won't work on Twitter,0.969,0.094,0.836,0.07
2,Elon Musk Has a Secret Code to Silence Saudi Arabia,0.052,0.131,0.748,0.121
3,Can Elon Musk Buy Twitter?,0.0,0.0,1.0,0.0
4,Dow Jones Futures: Here's A Game Plan And 5 Stocks For A Split Market Rally; Tesla Earnings In Focus,0.103,0.131,0.754,0.115
5,7 Earnings Reports to Watch the Week of April 18,0.999,0.102,0.869,0.029
6,Elon Musk Rebukes Regulators Over 2018 Fraud Settlement,-0.823,0.0,0.744,0.256
7,Mercedes Pulls Off a Feat That Should Worry Tesla,0.0,0.0,1.0,0.0
8,Tesla CEO Elon Musk blasts SEC amid investigation,-0.103,0.053,0.88,0.067
9,Market strategist on Elon Musk’s Twitter offer: ‘I would prefer he not go down this road’,0.772,0.146,0.854,0.0
10,"Stocks end the week under pressure, Twitter and Tesla among laggards",0.0,0.0,1.0,0.0
11,"Dow Jones Falls; Twitter Reverses Amid Elon Musk 'Circus,' Tesla Stock Dives; Shipping Play Offers Entry",-0.296,0.0,0.905,0.095
12,Kevin O’Leary on crypto’s role in the U.S.: ‘We need to catch up with the rest of the world’,0.671,0.155,0.845,0.0
13,These 10 Stocks Are Crashing Today,0.972,0.062,0.897,0.041
14,‘Let the tweet exist’: Elon Musk would make Twitter a free-speech bastion that blocks far fewer posts,-0.119,0.09,0.821,0.089
15,Elon Musk’s Twitter Obsession: What You Need to Know,-0.382,0.121,0.662,0.217
16,Musk says U.S. SEC 'bastards' forced settlement over Tesla tweets,0.261,0.103,0.805,0.091
17,Elon Musk offering to buy Twitter is ‘a significant premium’ to the company: Analyst,0.999,0.121,0.858,0.021
18,"Dow Jones Struggles; Twitter Whipsaws Amid Elon Musk 'Circus,' Tesla Stock Falls; Shipping Play Offers Entry",-0.34,0.0,0.893,0.107
19,VinFast’s electric-vehicle pricing strategy revealed at NY Auto Show,0.981,0.067,0.904,0.03
20,Why Elon Musk is offering to buy Twitter,0.933,0.062,0.918,0.019
21,"Elon Musk says Twitter shareholders should ‘love’ his buyout offer, but Wall Street doesn’t seem to agree",0.0,0.0,1.0,0.0
22,"Tesla Is the ‘Ultimate Battery Capex Play,’ Says Morgan Stanley",0.958,0.08,0.886,0.033
23,"Goldman Sachs, Morgan Stanley Face Off on Musk Bid for Twitter",0.958,0.076,0.877,0.047
24,"Elon Musk Says He Has ""Sufficient"" Assets to Buy Twitter",0.62,0.095,0.86,0.045
25,Do Yourself a Favor and Get Past Alphabet’s Stock Split,0.999,0.161,0.79,0.049
26,Elon Musk wants to destroy Twitter’s rules — that would make it a scary place,0.979,0.099,0.829,0.072
27,Elon Musk’s eccentric Twitter behavior got him saddled with SEC oversight 4 years ago. Mark Cuban says he may be trolling the agency with his takeover bid for the social media giant.,0.908,0.072,0.872,0.055
28,"Elon Musk’s Twitter bid may tempt retail investors to ‘buy the rumor, sell the news’ — Here’s what financial advisers suggest instead",0.527,0.161,0.839,0.0
29,10 Best Stocks Under $20 According to Jim Simons’ Renaissance Technologies,0.998,0.084,0.896,0.02
30,How Snap Stock Has 65% Upside to $58 a Share,0.974,0.079,0.873,0.048
31,Elon Musk is the Twitter board's 'worst nightmare': analyst,0.88,0.1,0.837,0.063
32,"With Twitter in his sights, Musk creates new model of 21st century billionaire",0.961,0.071,0.882,0.047
33,"NEWSMAKER-With Twitter in his sights, Musk creates new model of 21st century billionaire",0.961,0.071,0.883,0.047
34,Trading Tesla and Twitter as Musk Offers to Buy Social Media Platform,0.34,0.112,0.888,0.0
35,"Twitter gave rise to Elon Musk’s fame, and amplified his ideas",-0.511,0.039,0.87,0.092
36,"Top Millennial, Gen Z Stock Picks Shift To Energy Stocks; But Tesla Still No. 1",0.287,0.097,0.903,0.0
37,Musk’s Retail Investor Army Could Offer Twitter Takeover Hope,0.988,0.129,0.805,0.066
38,Tesla's Elon Musk Swears by This Number,0.893,0.293,0.707,0.0
39,Stock Market Today: Dow in Weekly Loss as Surging Yields Put Squeeze on Tech,0.92,0.079,0.875,0.045
40,Toyota (TM) to Recall 460K Vehicles Over Software Glitch,0.977,0.077,0.901,0.022
41,The Market Is Flipping Elon Musk the Bird,0.25,0.248,0.596,0.156
42,How Elon Musk could kill Trump’s social media company,0.995,0.114,0.829,0.058
43,Elon Musk Makes Surprise Offer That Raises Eyebrows,0.62,0.095,0.86,0.045
44,Elon Musk's bid for Twitter probably has Facebook and Google quaking: Mark Cuban,0.983,0.097,0.874,0.029
45,"Nio Resumes Production, Yet Headwinds Remain",-0.309,0.054,0.888,0.058
46,Saudi prince Alwaleed bin Talal rejects Elon Musk's Twitter takeover bid - tweet,0.612,0.071,0.901,0.028
47,"Yahoo Finance Presents: Nick Jordan, Narrative CEO",0.0,0.0,1.0,0.0
