﻿,Titles,Polarity,Positive,Neutral,Negative
0,Wait for the EV Trend to Fizzle Out Before Buying Rivian,0.995,0.094,0.862,0.044
1,Jay Leno: Tesla is ‘probably 8-10 years ahead in battery technology’ compared to competitors,0.962,0.06,0.921,0.02
2,Auto Makers Are Racing to Catch Tesla. One CEO Says Not So Fast.,-0.418,0.0,0.809,0.191
3,Stem Inc. and the Future of Battery Storage,0.273,0.259,0.741,0.0
4,"Tesla’s stock is still cheap, says manager of new ETF who made Musk’s EV company its No. 1 holding",0.84,0.333,0.667,0.0
5,Companies That Will Benefit From Climate Change: 10 Stocks to Watch,1.0,0.144,0.818,0.038
6,"Why Tesla Stock Popped, Then Dropped Today",0.361,0.063,0.908,0.029
7,HOG vs. TSLA: Which Stock Is the Better Value Option?,0.997,0.199,0.797,0.005
8,Tesla Is a Defensive Stock Now. It’s a ‘Twilight Zone World’.,-0.202,0.0,0.917,0.083
9,"Cathie Wood: My Stocks Aren't in a Bubble, but Yours May Be",-0.179,0.0,0.918,0.082
10,"Courts halt Biden’s vaccine mandate, Elon Musk warns of SpaceX bankruptcy, government backs home loans of nearly $1 million",-0.952,0.027,0.893,0.08
11,"Facebook’s Meta Ticker Takes Over in Canada, Ignoring U.S. Delay",0.791,0.044,0.93,0.026
12,How Elon Musk helped Medtronic tackle a ventilator crisis amid COVID-19,0.719,0.077,0.855,0.068
13,"Tesla rivals XPeng, NIO post strong delivery numbers",0.0,0.0,1.0,0.0
14,"Dow Jones Snaps Back From Stock Market Sell-Off; Apple Hits New High, Tesla Rivals Jump On Strong Deliveries",0.0,0.0,1.0,0.0
15,"Dow Jones Futures Snap Back From Stock Market Sell-Off; Apple Set To Hit New High, Tesla Rivals Jump On Strong Deliveries",0.0,0.0,1.0,0.0
16,"The Zacks Analyst Blog Highlights: Tesla, Goodyear Tire, LCI Industries and Harley-Davidson",0.997,0.088,0.89,0.022
17,"Dow Jones Futures Rally Back From Stock Market Sell-Off; Apple Set To Hit New High, Tesla Rivals Jump On Strong Deliveries",0.0,0.0,1.0,0.0
18,Is Rivian Stock a Buy?,0.0,0.0,1.0,0.0
19,3 Cathie Wood Investments That Could Deliver Superior Returns,0.691,0.109,0.891,0.0
20,A Lack of Buzz Makes Lucid’s Valuation All the More Surprising,0.993,0.084,0.895,0.02
21,"Dow Jones Futures Signal Market Rally After Powell Sell-Off; Tesla Rivals Xpeng, Li, Nio Report Strong Sales",0.128,0.126,0.766,0.107
22,Medtronic CEO on partnering with Elon Musk at the height of COVID-19,0.999,0.117,0.863,0.021
23,How a $43B Fund Finds Stocks Like Tesla Before Everybody Else,0.9,0.419,0.581,0.0
24,UPDATE 2-Tesla says Chinese think tank report on its Shanghai production is 'inaccurate',0.281,0.022,0.971,0.007
25,"Tesla's Shanghai factory on track to make 500,000 cars this year - think tank EV100",0.34,0.016,0.984,0.0
