﻿,Titles,Polarity,Positive,Neutral,Negative
0,Tesla (TSLA) Outpaces Stock Market Gains: What You Should Know,0.995,0.12,0.876,0.004
1,"Bitcoin on the Balance Sheet Is an Accounting Headache for Tesla, Others",0.077,0.112,0.791,0.098
2,Dow Jones Futures: Nasdaq On Cusp Of Record Highs As Bitcoin Surges On Elon Musk Tweet; Apple Leads 5 Stocks Near Buy Points,0.0,0.0,1.0,0.0
3,"US STOCKS-S&amp;P 500, Nasdaq hit record closing peaks on eve of Fed meeting",0.989,0.106,0.843,0.051
4,Bitcoin Rises As Musk Sets These Conditions To Accept It Again,0.382,0.14,0.86,0.0
5,"US STOCKS-S&amp;P 500, Nasdaq set record closing highs as Fed meeting looms",0.965,0.095,0.847,0.058
6,"Bitcoin Spikes Above $40,000 After Elon Musk Says Tesla May Accept It Again",-0.103,0.075,0.842,0.082
7,Bitcoin Has Nothing to Do With His Tesla Price Target: Adam Jonas,0.739,0.153,0.847,0.0
8,US STOCKS-S&amp;P 500 and Dow slip as upcoming Fed meeting looms,0.788,0.067,0.879,0.054
9,Lordstown Motors: Here's the next shoe to probably drop on battered investors,-0.918,0.034,0.909,0.057
10,"Why Grayscale Bitcoin Trust, Canaan, and CleanSpark Stocks Just Popped on Elon Musk's Tweet",0.917,0.236,0.764,0.0
11,Bitcoin Stocks Soar Following Elon Musk's Tesla Announcement,0.0,0.0,1.0,0.0
12,"Tesla, MicroStrategy, Riot Blockchain Stocks Up As Bitcoin Regains Strength At $40,000 Level",0.967,0.109,0.873,0.018
13,Dow Jones Drops Despite Apple Stock's Gain; Crox Breaks Out While Bitcoin Soars,-0.179,0.0,0.925,0.075
14,Tesla price target cut to $812 by Canaccord,-0.226,0.06,0.881,0.059
15,Tesla Bull Cuts Price Target Because of Batteries. Shares Rise Anyway.,-0.273,0.0,0.93,0.07
16,3 Stocks to Buy When the Next Market Crash Comes,0.683,0.164,0.763,0.074
17,Why Shares of Diginex Are Rising Today,0.557,0.132,0.818,0.05
18,US STOCKS-S&amp;P 500 dips from record closing high as focus shifts to Fed meet,0.962,0.081,0.873,0.046
19,Why MicroStrategy Stock Skyrocketed Today,0.296,0.109,0.891,0.0
20,Bitcoin Continues to Rack up Gains as Investors Eye Inflation Hedge,0.981,0.104,0.868,0.028
21,Price Of Bitcoin Jumps As Musk Sets These Conditions To Accept It Again,0.382,0.14,0.86,0.0
22,US STOCKS-S&amp;P 500 dips from record closing high as focus shifts to Fed meet,0.88,0.077,0.863,0.06
23,Tesla’s German Gigafactory Project Faces Resistance – Report,0.982,0.112,0.872,0.016
24,"Dow Jones Falls As Bitcoin Surges Above $40,000; Tesla Races Higher, Apple Tests Key Level",0.0,0.0,1.0,0.0
25,"Bitcoin Reaches Highest Level Since May as Chartists Eye $50,000",0.986,0.103,0.881,0.016
26,"Dow Jones Today Lags, Stocks Mixed As Oil, Bitcoin Climb; Adobe, Chipotle Advance; Corsair Gets Meme Stock Wings",0.0,0.0,1.0,0.0
27,10 Penny Stocks Robinhood Traders are Buying in 2021,1.0,0.117,0.861,0.022
28,"Bitcoin Climbs Above $40,000 Again. Yes, It’s Because of Elon Musk.",0.718,0.182,0.818,0.0
29,"Bezos, Musk are not paying taxes : rpt",0.322,0.086,0.857,0.057
30,Elon Musk Says Tesla Might Use Bitcoin Again After All,0.077,0.071,0.929,0.0
31,Tesla Downgraded at Canaccord Over Battery Delay,-0.599,0.0,0.818,0.182
32,Home Solar Is Cheap. The Stocks Have Soared. Buy Both.,0.103,0.076,0.853,0.071
33,"Tesla’s Elon Musk Gives Bitcoin a Bounce, Just Not Enough of One",0.494,0.135,0.865,0.0
34,"Dow Jones Today Lags, Futures Mixed As Oil, Bitcoin Climb; Adobe, Chipotle Advance; Corsair Gets Meme Stock Wings",-0.273,0.0,0.909,0.091
35,"UPDATE 1-Bitcoin climbs near $40,000 after Musk says Tesla could use it again",0.838,0.062,0.889,0.049
36,Tesla Gains On Musk’s Willingness For Another Bitcoin Embrace,0.986,0.156,0.811,0.033
37,"Watch: Jim Cramer on Corsair, Tesla, Bitcoin, Nike and the Fed",0.0,0.0,1.0,0.0
38,"Bitcoin Prices Are Rallying Again. Yes, Elon Musk Tweeted About the Crypto.",0.718,0.182,0.818,0.0
39,"Bitcoin Is Back To The Key Resistance Level At $40,000",0.991,0.11,0.874,0.016
40,Tesla Will Accept Bitcoin Again. On One Condition,0.981,0.105,0.853,0.042
41,Riot Blockchain and Crypto Stocks Rise on Bitcoin Bounce,-0.202,0.134,0.739,0.127
42,Elon Musk’s Tweet Revives Bitcoin Bulls,0.987,0.114,0.869,0.017
