﻿,Titles,Polarity,Positive,Neutral,Negative
0,"As Investing Trends Shift, Be Patient With Churchill Capital IV Stock",0.994,0.107,0.847,0.046
1,The Top Reddit Stocks (And Dogecoin) Have Created Bubbles. Here’s What to Do Next.,0.996,0.087,0.877,0.035
2,3 Most-Shorted Stocks Positioned to Buy,0.996,0.113,0.841,0.046
3,"Ideanomics Is Not a Buy Just Yet, Despite Some Positive News",0.997,0.104,0.871,0.025
4,CCIV Stock: Regulators Torpedo the SPAC Spectacle,0.991,0.093,0.863,0.044
5,Don’t Give Up on Fisker Stock Just Yet,0.983,0.091,0.857,0.052
6,Tesla Earnings In Focus,0.791,0.258,0.742,0.0
7,"Tesla Hits Record Production, Deliveries Despite Global Semiconductor Shortage",0.884,0.085,0.838,0.077
8,"Tesla Can Be Tricked to Drive in Autopilot with an Empty Driver's Seat, Says Consumer Reports",0.542,0.085,0.888,0.027
9,7 Great ETFs to Buy to Ride Out Rough Seas,0.998,0.107,0.873,0.02
10,"Intel, American Express, Honeywell All Under Pressure After Earnings, But Snap Rebounds",0.995,0.094,0.837,0.069
11,10 Best Tech Stocks to Invest in For Long Term,1.0,0.127,0.849,0.024
12,Senators Urge Action After Latest Tesla Crash Over Autopilot Concerns,-0.153,0.209,0.56,0.231
13,Watch Tesla and Peloton as They Face Potential Product Liability Issues,-0.34,0.029,0.9,0.071
14,"Famed Investor Bill Miller Is Roaring Back With Amazon, Bitcoin, and GM",0.153,0.14,0.76,0.1
15,Bitcoin Is Getting Crushed. Why There’s Turmoil in the Crypto Markets.,-0.586,0.0,0.827,0.173
16,"Stock Market Rally Retreats, Bitcoin Dives Amid Biden Capital Gains Tax Plan; Netflix, Snap, United Airlines In Focus",0.178,0.158,0.74,0.103
17,"How Famed Investor Bill Miller Is Roaring Back With Amazon, Bitcoin, and GM",0.153,0.14,0.76,0.1
18,Baidu-Geely Joint Venture Aims $7.7B Investment In Smart Car,0.823,0.048,0.933,0.019
19,"Zacks Value Investor Highlights: Funko, Lennar, Tesla, Wayfair and G-III Apparel",0.998,0.128,0.843,0.029
20,Baidu and Geely Plan $7.7 Billion Smart Car Push,0.975,0.078,0.91,0.012
21,Nidec Slides After Announcing CEO Change and Outlook Misses,0.995,0.149,0.831,0.02
22,UPDATE 1-NASA-SpaceX set to launch next 4-member crew to International Space Station,0.996,0.09,0.905,0.005
23,How To Buy Dogecoin In India,-0.823,0.024,0.938,0.038
24,"Nidec Slumps Most in 13 Months After Forecast Miss, CEO Change",0.995,0.147,0.836,0.017
