﻿,Titles,Polarity,Positive,Neutral,Negative
0,Out-of-the-blue phone call resulted in Tesla's huge Austin land buy,0.217,0.042,0.913,0.045
1,Musk tweets he is in talks with airlines to install Starlink broadband,0.21,0.042,0.926,0.032
2,Has Tesla (TSLA) Outpaced Other Auto-Tires-Trucks Stocks This Year?,0.993,0.13,0.857,0.012
3,"Prince William to Bezos and other space billionaires: ‘Repair this planet, not find the next’",0.178,0.048,0.952,0.0
4,Dow Jones Surges As Yields Fall; 3 Top Growth Stocks To Buy And Watch,0.202,0.096,0.904,0.0
5,Is Rivian Stock A Buy As Ford Leaves Board Ahead Of Rivian IPO?,0.0,0.0,1.0,0.0
6,Dow Jones Jumps 380 Points As Yields Fall; 3 Top Growth Stocks To Buy And Watch,0.202,0.096,0.904,0.0
7,Tesla Is the World’s Most Valuable Car Stock. Even the Haters Think So.,0.747,0.185,0.815,0.0
8,Cummins Can Give Tesla a Run for Its Money as an EV Company,0.0,0.0,1.0,0.0
9,Dow Jones Jumps 425 Points As Yields Fall; 3 Top Growth Stocks To Buy And Watch,0.202,0.096,0.904,0.0
10,Tesla Is the Most Valuable Car Stock. Even the Haters Think So.,0.747,0.185,0.815,0.0
11,Tesla Releases Shareholder Vote Tallies. The Nun’s Proposal Did Better.,0.0,0.0,1.0,0.0
12,New Nintendo Switch’s Japan Debut Bodes Ill for Global Sales,0.991,0.1,0.861,0.039
13,"Barclays analyst lifts price target on Tesla to $300, or 63% below closing price",0.77,0.101,0.899,0.0
14,More electric pickup trucks are coming to market. The question now is who will buy them?,0.852,0.243,0.757,0.0
15,Tesla CEO Elon Musk Slashes Offer Price On California Mansion By 15%,0.691,0.041,0.931,0.028
16,"Tesla Should Have Recalled Cars, Regulator Says. The Stock Keeps Climbing.",0.077,0.091,0.909,0.0
17,Tesla: Strong Deliveries Don’t Alter the Bear Case,0.964,0.071,0.902,0.027
