﻿,Titles,Polarity,Positive,Neutral,Negative
0,Tesla Drops Again. The Stock Might Be Due for a Bounce.,0.296,0.081,0.919,0.0
1,Revel launches Tesla ride-hailing service,0.0,0.0,1.0,0.0
2,Ford EV That Took Market Share From Tesla Hits Sales Slump Amid Chip Woes,0.0,0.0,1.0,0.0
3,"Stellantis to hit emissions target without Tesla's help, says CEO",0.859,0.053,0.923,0.025
4,"Dow Jones Slides, Tech Stocks Dive As Apple Sells Off; Tesla Falls Below Key Level",0.402,0.101,0.899,0.0
5,Why Tesla's China PR Crisis Is Worth Watching Very Closely,-0.095,0.193,0.643,0.164
6,Dow Jones Futures Slide As Apple Nears New Buy Point; Tesla Tests Key Level,0.128,0.118,0.786,0.096
7,Dow Jones Futures Signal Modest Gains Amid Stock Market Rotation As Apple Nears New Buy Point; Tesla Tests Key Level,0.402,0.124,0.876,0.0
8,2 High-Performance Growth Stocks to Buy for May,0.496,0.111,0.825,0.064
9,Dow Jones Futures Fall: Stock Market Rotation? Apple Nears New Buy Point; Tesla Tests Key Level,0.128,0.118,0.786,0.096
10,Dow Jones Futures: Stock Market Rotation? Apple Nears New Buy Point; Tesla Tests Key Level,0.128,0.118,0.786,0.096
