﻿,Titles,Polarity,Positive,Neutral,Negative
0,Mario Gabelli says more companies will catch the 'contagion' to split up — watch for these 4 potentially lucrative breakups,0.997,0.103,0.88,0.017
1,Texas Put Up Millions to Lure a Samsung Plant and Won. Will It Pay Off?,0.998,0.103,0.863,0.034
2,"With Plenty of Positive Catalysts, Trading Canoo Stock Just Makes Sense",0.998,0.116,0.871,0.013
3,Zoom Stock Being Out of Favor Is an Opportunity,0.998,0.168,0.765,0.068
4,S&amp;P 500 Climbs as Bulls Buy Dip in Tech,0.967,0.121,0.792,0.086
5,2 Reasons to Buy Nio Stock Before 2022,0.996,0.103,0.873,0.023
6,7 EV Stocks Set to Soar as the Infrastructure Bill Passes,1.0,0.114,0.875,0.011
7,"Jurors found retail pharmacies responsible in opioid crisis, Google amends vaccine mandate, NASA launches asteroid defense",0.0,0.0,1.0,0.0
8,S&amp;P 500 Erases Losses as Dip-Buying in Tech Sparks Turnaround,0.986,0.136,0.79,0.074
9,Here's Why You Should Hit the Buy Button on AutoNation (AN),1.0,0.179,0.804,0.017
10,"There is ‘very strong momentum’ for electrics vehicles in China, XPeng president says",0.178,0.064,0.936,0.0
11,Binance CEO: We don't need to convince Warren Buffett to invest in crypto,0.957,0.078,0.892,0.029
12,"Dow Jones Slides As Yields Rise; Tesla Skids, While Gap, Nordstrom Plunge On Earnings",0.0,0.0,1.0,0.0
13,3 Top-Ranked Efficient Stocks to Buy Right Now,0.999,0.166,0.823,0.01
14,Implied Volatility Surging for Tesla (TSLA) Stock Options,0.986,0.1,0.882,0.019
15,3 Reasons Rivian Could Be a Great Buy Now,0.414,0.066,0.934,0.0
16,"Dow Jones Futures Fall As Retailers Gap, Nordstrom Plunge On Earnings; Tesla Threatens To Extend Losses",-0.494,0.0,0.833,0.167
17,German union fears new Tesla works council will be top heavy,0.778,0.045,0.933,0.022
18,"A bear market awaits tech stocks, with Tesla at the center, if this selloff continues, strategist warns",0.0,0.0,1.0,0.0
19,"Dow Jones Futures Fall As Market Direction Turns Murky; Tesla Falls, 3 Stocks In Buy Zones",-0.166,0.078,0.81,0.111
20,Thanks to Wall Street for a Wonderful Rally YTD: 5 Top Picks,0.999,0.133,0.852,0.015
21,"Musk Sells Another 934,091 Tesla Shares for $1.05 Billion",0.511,0.234,0.678,0.088
22,Cathie Wood's ARK sold Tesla to buy Zoom after earnings,0.758,0.124,0.876,0.0
23,"Micron Technology Stock Is at the Middle of an Upswing, Not the End",0.982,0.073,0.885,0.041
24,Tesla CEO Elon Musk Told Managers to Obey or Quit. Is That Good Management?,0.0,0.0,1.0,0.0
25,"Tesla, Oil, Gap, Nordstrom Active; Stocks Lower - 5 Things You Must Know",-0.318,0.113,0.729,0.157
26,Ark’s Wood Is Waiting for Valuation ‘Dust to Settle’ in China,0.983,0.139,0.78,0.081
27,Elon Musk sells another $1 billion of Tesla stock; nearly $10 billion sold this month,0.527,0.216,0.784,0.0
28,Tesla’s Musk Is Selling Stock Again. We Think We Know When It Will End.,0.296,0.075,0.925,0.0
29,Musk Has Now Sold More Than Half the Stock He Vowed on Twitter,0.957,0.116,0.827,0.057
