﻿,Titles,Polarity,Positive,Neutral,Negative
0,"Tesla, Inc. -- Moody's upgrades Tesla's corporate family rating to Ba3; outlook is positive.",0.999,0.1,0.855,0.044
1,Is GM Stock A Buy? General Motors Rebounds Bullishly Amid Deeper FedEx Ties,0.802,0.272,0.728,0.0
2,UPDATE 2-Tesla CEO Musk's anti-union tweet from 2018 must be deleted-U.S. labor board,-0.834,0.052,0.879,0.07
3,Nio's Second-gen Battery Swap Station To Come In Two Versions: Report,0.92,0.058,0.934,0.008
4,XPeng Posts Results From Real-World Autonomous Driving Challenge: What EV Investors Need To Know,0.979,0.074,0.921,0.005
5,US STOCKS-Stocks rebound in late-day rally on Wall Street,0.957,0.085,0.875,0.04
6,Options Trader Bets Big On Tesla Delivery Numbers,0.889,0.045,0.95,0.005
7,Top Stocks for April 2021,0.84,0.089,0.911,0.0
8,Goldman Sachs New Investment Product Seeks Bitcoin Exposure Through Ark Innovation ETF,0.957,0.079,0.902,0.019
9,Billionaire Paul Tudor Jones’ Top 10 Stock Picks and Latest Portfolio,0.998,0.082,0.898,0.02
10,Tesla Stock Looks To Find Support: Technical Levels To Watch,0.975,0.105,0.877,0.018
11,Threats of higher taxes could trigger major selling of stocks by the wealthy: strategist,0.988,0.104,0.861,0.035
12,Treasury bonds and the dollar are flashing warning signs for stocks,0.226,0.091,0.909,0.0
13,How to Avoid Traps and Find the Hidden Gem Stocks,0.999,0.199,0.782,0.019
14,"Dow, Tech Stocks Tumble As Bitcoin Dives; Nike Slides On China Boycott Threat And Tesla Skids",-0.557,0.0,0.813,0.187
15,Elon Musk Endorses DeFi Cryptocurrencies With Latest Tweet,0.914,0.071,0.911,0.018
16,Which Stocks Offer Big Returns?,0.984,0.107,0.829,0.064
17,Dow Jones Futures Fall As Market Rally Breaks Key Levels; RH Jumps On Earnings As Nike Faces China Backlash; Tesla Keeps Sliding,-0.557,0.0,0.833,0.167
18,"Is Tesla Stock A Buy After A Giant Run And Transformative, Robust Year?",0.422,0.155,0.776,0.068
19,"EVmo, Inc Announces Delivery of its first Fleet of Tesla Vehicles Under Its Fleet Partnership with Tesla",0.999,0.124,0.861,0.015
20,All-Electric Self-Driving Farm Tractors Are Coming,0.992,0.103,0.887,0.011
21,Bitcoin Slips in Another Sign That Retail Trader Mania Is Fading,0.976,0.103,0.87,0.027
22,"Tesla, Nio, And Riot Blockchain Trump FAANG Stocks For Indian Investors",0.861,0.084,0.871,0.045
23,Bitcoin Slide Adds to Signs of Step Back in Retail Trader Mania,0.978,0.11,0.862,0.028
24,Mining Billionaire Takes on Musk in Hydrogen Versus EVs Debate,0.974,0.077,0.905,0.018
25,RH (RH) Q4 2020 Earnings Call Transcript,0.0,0.0,1.0,0.0
26,Nio Sold $31M Factory Equipment To Tesla To Get Through A Difficult Time,-0.944,0.058,0.858,0.085
27,Tesla Raises Model 3 Prices For Second Time In A Month,0.885,0.051,0.938,0.011
28,How Tesla Plans To Tackle Bitcoin Volatility In Payments For Its Vehicles,0.741,0.053,0.913,0.034
29,Why Tesla Stock Dropped Today,0.586,0.075,0.925,0.0
