﻿,Titles,Polarity,Positive,Neutral,Negative
0,Tesla's too high to buy now; Beyond Meat perking up; GameStop shorts feeling pain: veteran trader,0.997,0.093,0.876,0.031
1,2 Science-Fiction Stocks to Play This Emerging Megatrend,0.999,0.132,0.835,0.033
2,Canoo’s Eccentricities Are Both a Blessing and a Curse,0.988,0.114,0.81,0.076
3,2020 Was a Rough Year for Short Sellers,-0.103,0.134,0.688,0.178
4,5 Best Auto Stocks to Buy In 2021,0.999,0.135,0.839,0.026
5,5 Stocks to Buy in 2021 for Rapid-Fire Growth,1.0,0.179,0.804,0.017
6,9 International Stocks to Buy for Enhanced Diversification,1.0,0.147,0.808,0.045
7,PACCAR (PCAR) Gears Up for Q4 Earnings: Factors at Play,0.996,0.094,0.903,0.004
8,EV Startup Aiways Said to Seek Funds at $2 Billion Value,0.875,0.075,0.897,0.029
