﻿,Titles,Polarity,Positive,Neutral,Negative
0,ARKK has worst trading day in nine sessions,-0.128,0.0,0.914,0.086
1,"Herbert Diess, Volkswagen's disruptor-in-chief, runs out of road",0.979,0.089,0.862,0.049
2,"NEWSMAKER-Herbert Diess, Volkswagen's disruptor-in-chief, runs out of road",0.979,0.089,0.862,0.049
3,Tesla has the largest short in the U.S. market at nearly $2.7 billion,0.896,0.068,0.901,0.031
4,Dow Jones Dips; Nasdaq Slammed As Snap Craters; Twitter Stock Up As It Reveals These Elon Musk Costs,0.34,0.118,0.882,0.0
5,Dow Jones Falls; Nasdaq Slammed On Snap Earnings; Twitter Up As It Blames Elon Musk For This,-0.34,0.0,0.893,0.107
6,Dow Jones Falls; Twitter Gains As It Blames Elon Musk For This; Snap Earnings Hit Nasdaq,-0.34,0.0,0.893,0.107
7,Dow Jones Slumps; Twitter Gains As It Blames Elon Musk For This; Snap Stock Craters,-0.34,0.0,0.897,0.103
8,Elon Musk’s longtime frenemy Herbert Diess sacked as CEO of Volkswagen,0.988,0.1,0.845,0.055
9,Tesla's $100 billion rally costs short sellers at least $1 billion,0.772,0.07,0.878,0.052
10,Why Tesla Shares Are Up on a Market Down Day,0.637,0.114,0.859,0.027
11,"Bitcoin and Twitter are 'black eyes' for Tesla, Wedbush's Dan Ives explains",0.691,0.046,0.929,0.025
12,Tesla Has People in China Talking for the Wrong Reasons,0.265,0.044,0.956,0.0
13,The Force That Can Lift Stocks but Wreck You,-0.392,0.0,0.901,0.099
14,"Stock Market Rally Breaks Higher; Tesla, Netflix, Snap, United Airlines Key Earnings: Weekly Review",-0.141,0.072,0.835,0.093
15,Alphabet Stock Split Lands With a Thud in Worry-Filled Market,0.361,0.068,0.876,0.056
16,"Buzz Aldrin items up for auction, Tesla gets own lane at U.S.-Mexico border, Disney+ adds R-rated movies",0.0,0.0,1.0,0.0
17,3 Explosive Stocks to Buy Right Now,0.671,0.098,0.902,0.0
18,GM’s Cadillac debuts luxury Celestiq electric vehicle,0.0,0.0,1.0,0.0
19,"Snap earnings: We’re in an ‘online ad market recession,’ analyst says",-0.542,0.0,0.889,0.111
20,Tesla's Textbook Breakout Is a Sign of Things to Come,0.572,0.188,0.812,0.0
21,Twitter Sales Miss Estimates Amid Takeover Battle With Musk,-0.936,0.053,0.868,0.079
22,Twitter Posts Surprise Q2 Loss Linked to Elon Musk Takeover Uncertainty,-0.077,0.065,0.862,0.074
23,"Market check: Dow leads indices, energy stocks gain, wheat futures fall",0.0,0.0,1.0,0.0
24,Here's the Next Stock-Split Stock to Buy After Alphabet,0.934,0.274,0.726,0.0
25,"Dow Jones Rises, Tech Stocks Slip As Snap Crashes 33% On Earnings",-0.44,0.0,0.879,0.121
26,"Stock Market News for Jul 22, 2022",0.998,0.142,0.834,0.024
27,"Twitter reports earnings miss, citing Elon Musk's takeover bid",-0.34,0.0,0.821,0.179
28,10 Stocks to Buy Now According to David Einhorn’s Greenlight Capital,1.0,0.112,0.861,0.027
29,10 Companies That Just Smashed Earnings Estimates,0.998,0.119,0.856,0.025
30,5 Electric Vehicle Stocks to Buy on the Dip,0.999,0.12,0.864,0.015
31,Twitter Swings to a Loss but the Focus Is Still on the Elon Musk Case,-0.34,0.0,0.876,0.124
32,Twitter Stock Slides On Surprise Q2 Loss Linked to Elon Musk Takeover Uncertainty,-0.077,0.065,0.862,0.074
33,"Dow Jones Futures Rise, Tech Futures Slip As Snap Crashes 30% On Earnings",-0.44,0.0,0.884,0.116
34,"Twitter misses Q2 expectations, blames economy and Elon Musk",-0.218,0.043,0.913,0.044
35,Tesla Earnings -- the Bear and Bull Case,0.0,0.0,1.0,0.0
36,"Gold Gains as Investors Weigh Growth Concerns, ECB Rate Hike",-0.919,0.046,0.877,0.077
37,Tesla Reports a Huge Increase In Profit Margins as Vehicle Production Ramps Up,0.527,0.134,0.802,0.064
38,Dow Jones Futures: Snap Crash Hits Online Giants After Tesla Drives Market Rally Higher,-0.402,0.0,0.876,0.124
39,3 Electric Vehicle Stocks That Are Too Cheap to Ignore,0.996,0.104,0.87,0.026
40,7 Most Undervalued Electric Vehicle Stocks to Buy Before They Race Higher,0.999,0.122,0.858,0.02
41,7 Electric Vehicle Stocks That Could Outpace Tesla This Year,0.999,0.096,0.88,0.024
42,2 Stock-Split Stocks to Buy Hand Over Fist and 1 to Avoid Like the Plague,0.052,0.11,0.789,0.101
43,"Snapchat Woes, Twitter Earnings, Wheat Deal, PMIs - What's Moving Markets",-0.997,0.083,0.751,0.167
44,Dow Jones Futures Fall: Snap Crash Hits Online Giants After Tesla Drives Market Rally Higher,-0.402,0.0,0.876,0.124
