﻿,Titles,Polarity,Positive,Neutral,Negative
0,U.S. Congress office sees few tax breaks for EVs under Democratic plan,0.966,0.069,0.899,0.033
1,The Best Stocks to Strike It Rich in ‘The Great EV Consolidation’,0.995,0.124,0.855,0.021
2,What Twitter’s Subpoenas to Elon Musk’s Inner Circle Could Yield,0.557,0.235,0.765,0.0
3,Dow Jones Surges Amid Strong Data; Elon Musk Makes This Legal Move Amid Twitter Fight; Apple Stock Pops,0.681,0.275,0.638,0.087
4,Markets accelerate gains into the close bolstered by tech stocks,0.978,0.088,0.912,0.0
5,Tesla Rival Reveals Why People Buy EVs (It's Not Environmental),0.226,0.091,0.909,0.0
6,Twitter subpoenas Binance and a dozen more firms over $44B Musk deal,0.762,0.066,0.884,0.05
7,"Stocks and indices soar after two days of losses, tech stocks lead major gains",0.077,0.144,0.749,0.107
8,Why Tesla Shares Bounced Ahead of Its Stock-Split Vote,0.422,0.149,0.851,0.0
9,Analyst: Tesla stock is far overvalued and could plunge more than 50%,0.967,0.08,0.888,0.032
10,Tesla’s Annual Meeting Is Coming. What to Watch for.,0.625,0.092,0.908,0.0
11,Tesla Has an Annual Meeting Thursday. There’s a Lot to Watch For.,0.625,0.092,0.908,0.0
12,"Stocks rally, oil prices fall after OPEC+ increases output",0.226,0.091,0.909,0.0
13,"Warren Buffett-Backed BYD More Than Triples July Sales, Eclipses 2021 Sales In Rivalry Vs. Tesla",0.511,0.117,0.883,0.0
14,"Tesla Investors Boost Stock for Sixth Day, Unfazed by US-China Tensions",0.949,0.09,0.857,0.053
15,Tesla’s Stock-Split Proposal Tops a Packed Annual Meeting Agenda,-0.842,0.064,0.867,0.069
16,Dow Jones Rallies Amid Key Economic Data; AMD Tumbles On Weak Sales Outlook,-0.44,0.0,0.873,0.127
17,"The Zacks Analyst Blog Highlights Tesla, NextEra Energy, Visa, Chevron and Exxon Mobil",1.0,0.157,0.824,0.018
18,Dow Jones Futures Climb Ahead Of Key Economic Data; AMD Tumbles On Weak Sales Outlook,-0.44,0.0,0.868,0.132
19,GM doubles miles open to its Super Cruise technology,0.994,0.14,0.842,0.017
20,"Tesla Is Slightly Less Great Than Usual, and Amazon Makes a Big Healthcare Buy",-0.103,0.046,0.897,0.057
21,Pelosi Visit Highlights TSMC and Taiwan’s Global Tech Import,0.876,0.08,0.855,0.065
22,"Twitter Subpoenas Musk Deal Investors, Digs Into Andreessen, VCs",-0.743,0.049,0.894,0.057
23,Tesla Challenger Expands U.S. Sales Operations,0.0,0.0,1.0,0.0
