﻿,Titles,Polarity,Positive,Neutral,Negative
0,"Dow Jones Futures: Market Roars On This Fed Move; AMD, Nvidia, Lilly Flash Buy Signals",0.35,0.154,0.771,0.074
1,2 Crypto Stocks To Watch on Meme Coin Madness – And a Crypto to Buy,0.998,0.101,0.849,0.049
2,Electric Vehicle News,0.103,0.058,0.892,0.051
3,"Industrial sector in spotlight: What Tesla, Samsung, other big projects mean for Austin-area manufacturing",0.727,0.083,0.917,0.0
4,10 Best Value Stocks in Warren Buffett’s Portfolio,0.999,0.092,0.885,0.023
5,Why Tesla Stock Dipped on Wednesday,0.66,0.098,0.869,0.033
6,Driver of Tesla taxi involved in Paris accident released from police custody - Le Parisien,-0.967,0.0,0.755,0.245
7,7 Cryptos to Watch as All Eyes Shift to the Federal Reserve,0.998,0.105,0.827,0.068
8,Will Tesla Reach a Trillion-Dollar Valuation Again?,0.296,0.121,0.879,0.0
9,"It’s a Bloodbath for Tesla, NIO and Other EV Stocks. Maybe the Fed Will Rescue Them.",0.44,0.127,0.873,0.0
10,Why Dogecoin Plunged 11% Today,0.557,0.07,0.93,0.0
11,CEO of Battery Startup Awarded ‘Staggering’ Elon Musk-Like Pay Package,0.991,0.144,0.799,0.057
12,"UPDATE 1-Runaway Tesla left trail of destruction in central Paris, say witnesses",-0.996,0.009,0.846,0.145
13,"Despite the big plunge, Cathie Wood sees her plan returning 40% annually in the next 5 years — here are Ark Invest’s latest buys",0.992,0.092,0.891,0.017
14,Why Lithium ETFs Have Surged in 2021,0.979,0.128,0.847,0.025
15,TBJ Plus: What it takes to be 'rich' in Raleigh; Tiger Woods and son Charlie's winning odds? Not so good,0.0,0.0,1.0,0.0
16,Rivian Stock: Analysts Bullish Ahead Of Post-IPO Earnings Report,0.0,0.0,1.0,0.0
17,Elon Musk says he will pay more taxes than any other American in history,0.96,0.085,0.871,0.044
18,XPeng CEO details 'explosion' of electric vehicle adoption in China,0.993,0.096,0.893,0.011
19,S&amp;P 500 Rallies on Tech Turnaround After Fed Speeds Up Taper,-0.691,0.075,0.831,0.094
20,Rivian Picks Up an EV Award From Edmunds. Its Stock Falls Anyway.,0.542,0.171,0.829,0.0
21,The Most Popular Terms of 2021,0.202,0.079,0.921,0.0
22,"After a dazzling 2021, Apple and Tesla stocks are expected to be duds in 2022",0.785,0.223,0.777,0.0
23,Ford Stock Is In the Fast Lane and Here’s How to Trade It,0.999,0.154,0.795,0.052
24,"Runaway Tesla left trail of destruction in central Paris, say witnesses",-0.994,0.008,0.85,0.142
25,"S&amp;P 500 Cut Losses as Fed Speeds Up Taper, Signals Three Hikes in 2022",-0.807,0.085,0.798,0.117
26,Market check: Stocks drift as traders await Fed decision,-0.296,0.0,0.916,0.084
27,"Dow Jones Falls Ahead Of Fed Decision; Tesla, EV Leaders Post Early Losses",-0.599,0.0,0.803,0.197
28,"Company News for Dec 15, 2021",0.991,0.209,0.786,0.005
29,"Dow Jones Futures Fall Ahead Of Fed Decision; Tesla, EV Leaders Post Early Losses",-0.402,0.0,0.876,0.124
30,Factors Deciding the Fate of Winnebago's (WGO) Q1 Earnings,0.997,0.116,0.864,0.02
31,"Dow Jones Futures Rise Ahead Of Fed Decision; Tesla, EV Leaders Post Early Losses",-0.402,0.0,0.876,0.124
32,Could Lucid Group Become the Next Tesla?,0.128,0.021,0.979,0.0
33,4 Robinhood Stocks Investors Can't Get Enough Of,0.0,0.0,1.0,0.0
34,UPDATE 2-FT names Elon Musk as its 'person of the year',0.871,0.073,0.883,0.044
35,FT names Elon Musk as its 'Person of the Year',0.595,0.041,0.933,0.026
36,FT names Elon Musk as 'Person of the Year',-0.494,0.0,0.971,0.029
37,"China EV, battery makers grapple with graphite squeeze",0.973,0.072,0.885,0.042
38,"UPDATE 3-No sign of technical fault in Paris Tesla crash, minister says",-0.997,0.007,0.832,0.162
39,"Large Company Growth Portfolio Buys Tesla Inc, Advanced Micro Devices Inc, Vertex ...",0.999,0.097,0.9,0.003
40,"No sign of technical fault in Paris Tesla crash, minister says",-0.996,0.007,0.829,0.164
41,Elon Musk: 'I Will Pay the Most Taxes of Any American In History',-0.103,0.0,0.949,0.051
42,6 women workers have sued Tesla over alleged sexual harassment at its Fremont factory,-0.202,0.0,0.927,0.073
