﻿,Titles,Polarity,Positive,Neutral,Negative
0,"Palisades Hudson Asset Management, L.P. Buys Vanguard ESG U.S. ...",0.997,0.134,0.854,0.011
1,"Dow Jones Dips As Facebook Pulls Stock Market Lower; Ford, Amazon Post Earnings; Tesla Flexes",0.34,0.198,0.661,0.14
2,Risky Luxury EV Maker Lucid Still Faces an Array of Tough Challenges,0.885,0.071,0.875,0.054
3,"Hey businesses: There's a clear-cut way to increase profit, lure new talent – ESG",0.202,0.095,0.842,0.062
4,"Appleton Partners Inc Buys Alexandria Real Estate Equities Inc, Global X The Global X Video ...",0.996,0.061,0.933,0.006
5,"Manchester Financial Inc Buys First Trust Low Duration Mortgage Opportunities ET, iShares US ...",0.993,0.069,0.911,0.02
6,"Valley Brook Capital Group, Inc. Buys Advanced Micro Devices Inc, Tesla Inc, DuPont de Nemours ...",0.997,0.087,0.908,0.005
7,"Longitude (Cayman) Ltd. Buys Tesla Inc, Meta Platforms Inc, PayPal Holdings Inc, Sells Invitae ...",0.989,0.05,0.944,0.006
8,"First National Trust Co Buys Caterpillar Inc, ViacomCBS Inc, Boston Scientific Corp, Sells ...",0.999,0.107,0.886,0.007
9,"Safeguard Investment Advisory Group, LLC Buys Dimensional U.S. ...",0.999,0.121,0.875,0.004
10,"These U.S. lawmakers rank as the biggest traders of hot stocks like Apple, Tesla and GameStop",0.0,0.0,1.0,0.0
11,Tech stocks tumble following huge Meta earnings miss,0.0,0.0,1.0,0.0
12,7 Electric Vehicle Stocks That Can Outrun Any Market Selloff,1.0,0.102,0.88,0.017
13,Why Tesla Stock Popped Thursday,-0.651,0.078,0.787,0.135
14,Tesla’s Latest U.S. Recall Is the Carmaker’s Ninth Since October,-0.936,0.064,0.845,0.091
15,TMUS Stock: 9 Reasons Why T-Mobile Investors Are Dialing Up Gains Today,0.993,0.121,0.852,0.027
16,Tesla stock shrugs off second over-the-air recall for auto maker this week,0.296,0.113,0.826,0.061
17,Nio Stock Is a Slam-Dunk Buy Under $20,0.997,0.101,0.851,0.047
18,Tesla Recalls More Cars. What It Means for the Stock.,0.0,0.0,1.0,0.0
19,"Oil giant Shell posts huge profit, airlines ask to drop COVID testing, Tesla recalls 817K cars",0.71,0.165,0.835,0.0
20,"Cummins' (CMI) Q4 Earnings Miss Estimates, Decline 15% Y/Y",0.993,0.086,0.88,0.034
21,Market check: Stocks fall as Meta earnings weigh on tech,0.0,0.0,1.0,0.0
22,7 Reddit Stocks That Are Seeing a Surge in WallStreetBets Chatter,0.999,0.105,0.861,0.034
23,"Dow Jones Falls, Tech Stocks Dive As Facebook Crashes On Earnings; Amazon Earnings On Deck",-0.44,0.0,0.854,0.146
24,Forget Rivian Automotive Inc (RIVN): 10 EV Stocks to Buy for Long-Term Gains,1.0,0.125,0.851,0.024
25,"Dow Jones Futures Fall, Tech Futures Dive As Facebook Crashes On Earnings; Amazon Earnings On Deck",-0.625,0.0,0.769,0.231
26,"UPDATE: Tesla to recall 817,143 vehicles because audible chime may not activate if driver's seat belt is not fastened",-0.226,0.079,0.832,0.089
27,"Tesla Sales To Be Larger Than GM and Ford Combined By 2027, Says Morgan Stanley",0.947,0.106,0.854,0.04
28,"Tesla recalls 817,000 vehicles in U.S. over seat belt reminder alert",-0.422,0.067,0.858,0.075
29,"Tesla to recall 817,143 vehicles because audible chime may not activate if driver's seat belt is not fastened",-0.226,0.079,0.832,0.089
30,"UPDATE 1-Tesla recalls 817,000 vehicles in U.S. over seat belt reminder alert",-0.422,0.066,0.86,0.074
31,"Tesla recalls 817,000 U.S. vehicles over seat belt alert",0.66,0.096,0.846,0.057
32,7 Stocks to Buy as Panic Selling Hits Wall Street,0.999,0.122,0.843,0.035
33,"Tesla Recalls Are Racking Up. For Musk and Tesla Fans, It's Personal.",0.422,0.113,0.887,0.0
34,"Meta Platforms, Spotify, Amazon, Tesla and Tech Stocks - Five Things You Must Know",0.542,0.108,0.864,0.028
35,"Mosaic Advisors LLC Buys Apple Inc, Tesla Inc, Alphabet Inc, Sells iShares Core U.S. ...",0.997,0.073,0.923,0.004
36,U.S. safety regulator reviews Tesla driver complaints over false braking,-0.92,0.064,0.823,0.113
