﻿,Titles,Polarity,Positive,Neutral,Negative
0,Nio Stock Up Ahead Of Earnings; Tesla Stock Pops With China Sales Expected To Improve In May,0.0,0.0,1.0,0.0
1,National gas price average nears $5 a gallon,0.273,0.077,0.923,0.0
2,EV sales are becoming increasingly popular in the U.S.,0.0,0.0,1.0,0.0
3,Cathie Wood Called Elon Musk One of These in an Interview,0.836,0.197,0.76,0.043
4,"These 10 Companies Recently Announced Layoffs, Hiring Freeze Amid Recession Fears",1.0,0.119,0.837,0.044
5,"Markets aim to close with losses, ARK components and Chinese stocks make gains",-0.66,0.0,0.833,0.167
6,UPDATE 2-Tesla barred from pausing race bias case while challenging agency's powers,-0.996,0.042,0.796,0.162
7,EU Lawmakers Uphold Ban on New Combustion Engine Cars by 2035,0.978,0.11,0.837,0.053
8,Tesla barred from pausing race bias case while challenging agency's powers,-0.996,0.043,0.793,0.164
9,Cathie Wood Sees Huge Inventories as Evidence Inflation Will Ebb,-0.103,0.052,0.891,0.057
10,Twitter stock inches higher after report indicates company could share more data with Musk,0.557,0.146,0.854,0.0
11,Ford CEO promises he’s ‘not trolling’ Musk by including chargers to help rescue dead Teslas on new electric pickup truck,0.994,0.14,0.842,0.017
12,Twitter set to turn bot data over to Musk: report,0.972,0.082,0.889,0.029
13,Why Tesla and Roku Are Sending the Nasdaq Skyward,0.077,0.09,0.81,0.1
14,Cathie Wood Is Back on the Tesla Bandwagon. She’s Buying the Dip.,0.296,0.078,0.922,0.0
15,11 Best EV Stocks to Buy Now,1.0,0.12,0.866,0.014
16,Executives push back against Elon Musk’s ‘tone-deaf’ return-to-office ultimatum,0.989,0.118,0.845,0.038
17,Why Tesla Stock Bounced Today,0.0,0.0,1.0,0.0
18,"Stocks: Tesla pops, home builders under pressure, ScottsMiracle-Gro falls",0.0,0.0,1.0,0.0
19,"Nio Stock Is Having a Moment, So Relax",0.998,0.121,0.852,0.027
20,Market check: Stocks edge lower on inflation concerns,0.0,0.0,1.0,0.0
21,Are Electric Vehicle Stocks Overhyped?,0.202,0.087,0.913,0.0
22,Dow Jones Falls As Treasury Yields Climb; 6 Top Stocks To Buy And Watch,0.751,0.28,0.72,0.0
23,Dow Jones Futures Fall As Treasury Yields Climb; 6 Top Stocks To Buy And Watch,0.751,0.291,0.709,0.0
24,The 7 Most Undervalued Long-Term Stocks to Buy Now,0.999,0.12,0.821,0.059
25,Tesla Needs Batteries. This Buffett-Backed EV Maker Will Supply Them ‘Very Soon.’,0.382,0.114,0.886,0.0
26,Nio Stock Busts Out of the Blocks Thanks to May Deliveries,0.992,0.102,0.847,0.051
27,4 Supercharged Growth Stocks Billionaires Can't Stop Buying,0.91,0.162,0.811,0.027
28,Rivian Updates Its Growth Plan: Why Investors Should Hit the Brakes,0.202,0.101,0.899,0.0
29,Dow Jones Futures Fall After Bullish Market Action; Tesla To Buy Batteries From Top EV Rival,-0.34,0.0,0.888,0.112
30,Dow Jones Futures Fall: Market Reacts Bullishly To Bearish News; BYD To Supply Batteries To Tesla,-0.34,0.0,0.888,0.112
31,"BYD May Sell Batteries to Tesla, Executive Tells State Media",0.95,0.077,0.887,0.036
32,UPDATE 1-BYD executive says it will supply batteries to Tesla 'very soon',0.9,0.065,0.929,0.006
33,BYD executive says it will supply batteries to Tesla 'very soon',0.9,0.066,0.927,0.006
