﻿,Titles,Polarity,Positive,Neutral,Negative
0,"Dow Jones Futures: Market Rally Retreats On Economic Data, 'Hurricane Dimon'",0.318,0.119,0.881,0.0
1,GM Cuts The Price of Its Anti-Tesla Weapon,0.896,0.179,0.791,0.03
2,Elon Musk wants to end Tesla’s WFH rules. He’s right in the short run but wrong in the medium term,0.886,0.222,0.778,0.0
3,Elon Musk says workers should return to the office or quit. It’s a big gamble: ‘Tesla is kick-starting its own local Great Resignation’,0.0,0.0,1.0,0.0
4,"Tesla Stock: Short-Term Turbulence but Long-Term Upside, Says Analyst",0.986,0.08,0.916,0.004
5,Tesla CEO Elon Musk issues ultimatum to remote workers,-0.128,0.0,0.949,0.051
6,Elon Musk demands Tesla employees show up to the office full-time,-0.103,0.0,0.915,0.085
7,Musk Wants Tesla Employees to Return to the Office. The Move Might Backfire.,0.402,0.063,0.937,0.0
8,Why Tesla Stock Is Still Falling Today,0.296,0.081,0.841,0.078
9,"Ford may slash ad spending, revamp dealers to boost EV profit, CEO says",0.945,0.08,0.895,0.025
10,TBJ Plus: Cary among best markets for starter homes; Famed ice cream spot open in Durham; Lifeguard pay tops $500K!,0.637,0.302,0.698,0.0
11,Tesla CEO Elon Musk tells staff to return to the office or leave,0.967,0.071,0.913,0.016
12,"Inside Twitter, Shuffled Jobs and Elon Musk Tweets Dampen Morale",-0.978,0.067,0.856,0.077
13,UPDATE 3-Elon Musk tells Tesla staff: return to office or leave,0.902,0.053,0.907,0.04
14,Why Is Tesla Still Misunderstood In 2022?,0.077,0.053,0.9,0.047
15,Is Rivian Stock a Buy Now?,0.402,0.059,0.941,0.0
16,Elon Musk tells Tesla workers to return to their workplaces — or quit,-0.796,0.043,0.745,0.211
17,Dow Jones Rallies As Salesforce Surges 11% On Earnings,0.0,0.0,1.0,0.0
18,Tesla vs. Stellantis: Which Is a Better Investment Now?,0.863,0.109,0.875,0.015
19,NIO Deliveries Weren’t Good—but They Were Good Enough for the Stock,0.296,0.051,0.949,0.0
20,NIO Deliveries Weren’t Good — But They Were Good Enough for the Stock,0.296,0.051,0.949,0.0
21,Dow Jones Futures Rise As Salesforce Surges On Earnings,0.0,0.0,1.0,0.0
22,Musk memo to Tesla staff: return to office or leave company,0.78,0.034,0.952,0.014
23,Elon Musk And Tesla Finally Get Good News In June,0.796,0.269,0.731,0.0
24,UPDATE 2-Panasonic sends Tesla new EV battery samples ahead of production surge,0.92,0.054,0.92,0.027
25,"Dow Jones Futures Rise After Market Rally Holds Key Levels, Salesforce Jumps; Don't Fall For This Trap",0.592,0.195,0.805,0.0
26,"Elon Musk’s Boring Co. Pitched Texas on Tunnels for Cars, People and Water",-0.94,0.042,0.899,0.059
27,Tech Sell-Off: 2 Stock Splits That Could Lead the Market Higher,0.691,0.263,0.737,0.0
28,Volkswagen Chief Sees EV War Intensifying With Tesla,0.97,0.141,0.836,0.023
29,‘Pretend to work somewhere else.’ Elon Musk reportedly tells Tesla staff working remotely is no longer an option.,-0.318,0.0,0.905,0.095
30,"NIO, XPeng, and Li Auto’s Deliveries for May Are Good Enough. The Stocks Rise.",0.802,0.146,0.854,0.0
31,"Stocks Edge Higher, Fed, Salesforce, Pfizer And Elon Musk - 5 Things You Must Know",0.758,0.204,0.721,0.074
32,‘Pretend to work somewhere else’: Elon Musk’s leaked email ends remote work privileges for Tesla staff,0.969,0.088,0.863,0.049
33,The truth is out there: We beat up all of the fears and myths about electric cars,-0.438,0.0,0.865,0.135
34,"Volkswagen's race with Tesla will be tight, Diess says",0.947,0.133,0.867,0.0
35,GM CEO Mary Barra on Why the Company Is Winning the EV Marathon,0.0,0.0,1.0,0.0
36,Texas Law That Elon Musk Should Love Hits a Roadblock,0.7,0.137,0.801,0.062
37,"Alibaba, JD.com Jump on Easing Covid Curbs, Economic Data",-0.586,0.07,0.857,0.073
