﻿,Titles,Polarity,Positive,Neutral,Negative
0,UPDATE 1-Rising costs have Lucid CEO eyeing price hike for future electric cars,0.986,0.119,0.823,0.058
1,7 Great Stocks to Buy from the SPDR Portfolio S&amp;P 500 ETF,1.0,0.149,0.839,0.012
2,"4 Top Stock Trades for Friday: XLE, PD, AMZN, TSLA",0.996,0.113,0.86,0.027
3,Tesla stock rises after Elon Musk tweets about company’s ‘Master Plan Part 3’,0.402,0.162,0.838,0.0
4,What the Fed’s Rate Hike Means for the Markets,0.999,0.116,0.848,0.036
5,"Ark Invest down over 30% in 2022, Blue Apron adds breakfast, Buffett spends $1 billion more on Oxy",0.0,0.0,1.0,0.0
6,10 Stocks Gaining Ground on Thursday,0.978,0.072,0.897,0.031
7,"Stocks turn higher, oil has biggest day since November 2020",0.273,0.095,0.905,0.0
8,Dow Jones Gains As Rally Gathers Steam; Warren Buffett Boosts This Energy Stock; Tesla Stock Surges,0.361,0.122,0.878,0.0
9,"Lucid eyes price increases for future models, will honor prices for existing reservations -CEO",0.958,0.096,0.864,0.04
10,Tesla Paused a Bond Sale. Its Stock Is Gaining.,0.361,0.308,0.564,0.128
11,Why Shares of Nio Are Falling Today,-0.026,0.081,0.837,0.082
12,Honda's (HMC) to Invest $1.38B in CR-V Hybrid Model in Canada,0.989,0.082,0.907,0.011
13,Quantumscape Has Limited Prospects Until It Can Produce Sales,0.993,0.081,0.885,0.034
14,​​Dogecoin's Eco Credentials in Tatters: DOGE Consumes as Much Energy as El Salvador,0.748,0.137,0.788,0.075
15,"Robinhood prepares stock lending program, Instagram bans Kanye, Tesla hikes Model Y price in China",0.0,0.0,1.0,0.0
16,What Does Tesla's Delay of Bond Issue Mean for  its Stock?,-0.202,0.061,0.833,0.106
17,Tesla halts $1 billion bond sale,-0.226,0.0,0.894,0.106
18,Tesla Just Paused a Bond Sale. What It Means for the Stock.,0.361,0.308,0.564,0.128
19,Is Tesla (TSLA) A Smart Long-Term Buy?,0.995,0.134,0.848,0.018
20,7 Michael Burry Stocks to Buy as ‘The Big Short’ Investor Makes Moves,0.998,0.092,0.872,0.036
21,The stylish 2022 Kia EV6 takes on Tesla with fast charging and a 310-mile range,-0.851,0.154,0.482,0.364
22,Why You Should Avoid Nio Stock As Delisting Worries Mount,-0.122,0.113,0.775,0.112
23,Influencers with Andy Serwer: Adam Dell,0.0,0.0,1.0,0.0
24,The 10 Most Popular Recurring Investments of Retail Investors,0.0,0.0,1.0,0.0
25,Tesla says it is trying to keep production going at Shanghai factory,0.84,0.103,0.855,0.041
26,Elon Musk Prepares His Fight to End Russian Invasion of Ukraine,-0.382,0.0,0.867,0.133
