﻿,Titles,Polarity,Positive,Neutral,Negative
0,Volkswagen Lays Out Ambitious EV Battery Plans After Partner's Big Breakthrough,0.077,0.067,0.933,0.0
1,The Tesla bubble: Bets on electric cars and the rise of SPACs have led to a new version of the dot-com boom,0.361,0.062,0.938,0.0
2,"In One Chart: The explosion in electric-vehicle funding, valuation and trading",-0.238,0.096,0.756,0.147
3,"Billions poured into electric-vehicle companies, but much more will be needed before the auto industry changes",0.202,0.107,0.893,0.0
4,US STOCKS-Dow hits record high as Wall Street rises,0.976,0.084,0.879,0.037
5,"Dow Jones Rises, Nasdaq Leads; Airlines Soar; Germany, France Suspend Covid Vaccine",-0.526,0.0,0.861,0.139
6,US STOCKS-Wall Street slips on jitters before Fed meeting,0.807,0.077,0.858,0.065
7,"Airlines soar, AMC jumps, Musk’s new title",0.999,0.127,0.852,0.021
8,Holley CEO talks going public via SPAC amid pandemic,0.999,0.154,0.84,0.006
9,"Dow Reverses From All-Time High As Bitcoin Falls From New High; Apple, Tesla Rally",0.0,0.0,1.0,0.0
10,Stock Market Today With Jim Cramer: How to Trade Eli Lilly,0.0,0.0,1.0,0.0
11,"What You Need To Know In Options This Week: Tesla, GameStop, Nike, CrowdStrike, FedEx And More",0.765,0.018,0.972,0.01
12,US STOCKS-Wall Street set for muted open after strong comeback,0.971,0.072,0.906,0.023
13,"Elon Musk adds 'Technoking of Tesla' title, CFO takes 'Master of Coin' title: filing",0.956,0.089,0.89,0.021
14,"Dow Jones Futures: Market Rally Expands, Bitcoin Falls On Crypto Ban Fears; NXP Semi Leads Four Stocks Set To Jump",0.0,0.0,1.0,0.0
15,"Bitcoin Falls Back After Weekend Rally to Record Above $61,000",0.988,0.097,0.899,0.004
16,Xpeng Secures $78M Funding From A Chinese Provincial Government,0.935,0.07,0.925,0.005
