﻿,Titles,Polarity,Positive,Neutral,Negative
0,7 Founder-Led Stocks to Buy and Hold Forever,0.998,0.087,0.872,0.041
1,"Dow Jones Futures: What To Do After Today's Stock Market Plunge; Fed Meeting, Key Inflation Report Next",0.0,0.0,1.0,0.0
2,Elon Musk’s SpaceX pulls another $1.7 billion in funding,0.586,0.167,0.833,0.0
3,‘A confluence of crises’ are ‘colluding’ to take down tech stocks: Analyst,0.998,0.106,0.864,0.03
4,‘We Will Shine’: Cathie Wood’s Optimism and Her 10 Most Ambitious Stock Picks,1.0,0.141,0.827,0.032
5,"Tech stocks hit lows after pandemic peak, Amazon and Apple among biggest laggards",0.0,0.0,1.0,0.0
6,"Elon Musk warns of tough quarter for Tesla, Spotify forms advisory council for harmful content",-0.382,0.0,0.917,0.083
7,"Energy and retail stocks lead markets down, Treasury yields move higher",0.0,0.0,1.0,0.0
8,Dow Jones Slammed; Tesla Stock Dives As Tech Gets Hammered; Bitcoin Plummets Amid Crypto Meltdown,-0.494,0.0,0.766,0.234
9,Dow Jones Dives; Tesla Stock Slammed As Tech Gets Hit; Bitcoin Plummets Amid Crypto Meltdown,-0.494,0.0,0.766,0.234
10,Cathie Wood's ARKK tests pandemic low as market sell-off batters fund,-0.84,0.065,0.851,0.084
11,"Panasonic, in deal code-named 'Project Ocean,' scouted Clarksville before zeroing in on Kansas, Oklahoma sites",0.782,0.116,0.884,0.0
12,"Tesla Stock: Undervalued and Heading to $1,100, Says RBC",0.949,0.083,0.869,0.048
13,Why Shares of Tesla Fell Today,0.25,0.097,0.835,0.068
14,"Amazon, Apple lead tech stocks to the downside",0.0,0.0,1.0,0.0
15,Tesla hired a boss to open up Singapore’s pricy car market — 12 months later he’s axed in Elon Musk’s purge,0.97,0.077,0.883,0.041
16,Rivian Truck Reservation Holders Will Have To Wait Longer For Deliveries: Report; Is RIVN Stock A Buy?,-0.402,0.074,0.736,0.19
17,Tesla and CEO Elon Musk Are Surprised by Some Great News,0.511,0.249,0.751,0.0
18,"Dow Jones Dives, Treasury Yields Surge To New Highs; Bitcoin Crashes Below $24,000",0.202,0.083,0.917,0.0
19,This Analyst Picks a Bad Day to Upgrade Tesla Stock,0.889,0.455,0.545,0.0
20,Mario Gabelli’s 2022 Portfolio: 10 Tech Stock Picks,0.999,0.087,0.888,0.025
21,"Auto Roundup: TSLA's Autopilot Probe, THO's Earnings Beat Streak &amp; More",0.587,0.073,0.857,0.07
22,Is it a Wise Choice to Invest in Tesla (TSLA)?,0.983,0.098,0.882,0.021
23,Tesla’s ‘strong competitive advantage’ earns stock an upgrade,0.273,0.062,0.938,0.0
24,"Midday Movers: Revlon, MicroStrategy, Coinbase and More",-0.103,0.057,0.877,0.066
25,"Apple, Microsoft, Amazon, and Other Tech Stocks Tumble",0.0,0.0,1.0,0.0
26,"Dow Jones Futures Dive, Treasury Yields Surge To New Highs; Bitcoin Crashes Below $24,000",-0.202,0.074,0.82,0.107
27,"Dow Jones Futures Dive, Yields Jump As Recession Risks Mount For Stock Market",-0.273,0.0,0.896,0.104
28,Former Tesla Veteran &amp; EV Battery Specialist Parts Way With QuantumScape In Less Than A Year,0.826,0.107,0.827,0.066
29,The S&amp;P 500 Is About to Enter a Bear Market. Tesla and Apple Are Leading It Lower.,0.0,0.0,1.0,0.0
30,Tesla hiring 500-600 staff a month at German plant - regional economy minister,0.0,0.009,0.983,0.009
31,"Tesla, Coinbase, Amazon and Silvergate Fall Premarket",0.852,0.084,0.879,0.038
32,Is Elon Musk’s support of Dogecoin’s (DOGE) Web69 a Reality?,0.975,0.083,0.876,0.041
33,Dow Jones Futures Signal Sharp Stock Market Losses As Recession Risks Mount,-0.273,0.0,0.909,0.091
