﻿,Titles,Polarity,Positive,Neutral,Negative
0,Elon Musk v. Twitter: a Third Powerful Player Makes Noise,-0.273,0.06,0.837,0.104
1,Eight Leveraged Single-Stock ETFs are Launched,-0.374,0.076,0.72,0.204
2,"Dow Jones Futures: Market Rallies Back As Fed Hawks Say This; Tesla Rival Soars, Dow Giant On Tap",-0.318,0.0,0.864,0.136
3,Tesla and Elon Musk Lose an Important Piece,0.361,0.161,0.839,0.0
4,AXS Launches Single-Stock Leveraged ETFs. They Aren’t for Long-Term Investors.,0.557,0.133,0.867,0.0
5,SEC publishes letter sent to Elon Musk about Twitter deal filings,0.539,0.048,0.911,0.042
6,Inflation: Where prices are coming down,0.273,0.08,0.92,0.0
7,"Texas Power Grid Woes Hit Toyota, Tesla",-0.836,0.0,0.647,0.353
8,"Morgan Stanley ‘constructive’ on GM, Ford ahead of auto earnings",0.518,0.09,0.91,0.0
9,Elon Musk: ‘Lithium Batteries Are the New Oil’,0.273,0.11,0.89,0.0
10,"Morgan Stanley bearish on auto sector, but ""constructive"" on GM, Ford",0.953,0.069,0.881,0.05
11,"Twitter Now Holds the Upper Hand in Battle Against Musk, Says Analyst",0.939,0.089,0.853,0.058
12,UPDATE 1-SEC steps up scrutiny over Musk comments on $44 bln Twitter deal,0.422,0.056,0.895,0.049
13,Tesla earnings preview: Wall Street braces for ‘difficult’ second quarter,0.518,0.157,0.843,0.0
14,Two Warren Buffett Companies Unite For EV Fast-Charging Network,0.0,0.0,1.0,0.0
15,Tesla moves to push lawsuit over mass layoffs out of court,-0.949,0.044,0.854,0.102
16,Tesla and Musk Lose a Key Asset at a Crucial Time,0.361,0.161,0.839,0.0
17,RM Sotheby’s Specialist previews classic car collection ahead of Monterey show,0.0,0.0,1.0,0.0
18,Elon Musk vs Twitter: Get Ready for Months of Legal Wrangling,0.0,0.0,1.0,0.0
19,3 Wildly Oversold Meme Stocks to Buy,0.999,0.145,0.791,0.065
20,Twitter Lawsuit Adds to Musk’s Tesla and SpaceX Challenges,-0.178,0.094,0.794,0.112
21,6 Cathie Wood Stocks to Buy on the Dip,0.996,0.077,0.904,0.019
22,Why Tesla Shares Are Falling Today,0.494,0.07,0.901,0.029
23,Will Tesla (TSLA) Fail to Impress Investors in Q2 Earnings?,0.99,0.089,0.869,0.042
24,"Tesla AI director departs, Novavax COVID vaccine gets EUA, Richard Branson backs trading platform",0.026,0.033,0.967,0.0
25,Tesla (TSLA) &amp; Panasonic Ink Deal for Cell Production Unit,0.998,0.124,0.873,0.004
26,"Morgan Stanley makes cuts across its auto coverage, Tesla price target gets cut",0.988,0.127,0.807,0.066
27,Tesla Rival Polestar's Electric Vehicle Deliveries Soared 123% in the First Half of 2022,0.778,0.075,0.913,0.012
28,"Andrej Karpathy, exec who led Tesla's Autopilot efforts, resigns",0.0,0.0,1.0,0.0
29,"Twitter stock price target boosted more than 50% as skepticism has now ‘flipped’ toward Elon Musk, analyst says",0.052,0.13,0.773,0.097
30,Dow Jones Dives After Hot Inflation Report,0.0,0.0,1.0,0.0
31,The chief brain behind Tesla’s acclaimed self-driving program is out—and that spells trouble for Musk,0.709,0.068,0.876,0.056
32,Dow Jones Futures Sell Off After Hot Inflation Report,-0.296,0.0,0.891,0.109
33,UPDATE: Twitter site is suffering an outage with a message suggesting it was caused by 'internal error',-0.825,0.018,0.852,0.13
34,Cathie Wood’s Fund Starts to Rebound: 10 Stocks to Watch,0.999,0.112,0.867,0.021
35,Europe’s Auto Lobby Exits Reflect Fault Lines in EV Transition,0.945,0.075,0.863,0.062
36,Tesla Loses Exec Who Oversaw Self-Driving Programs,0.477,0.205,0.795,0.0
37,"JPMorgan, Morgan Stanley, Tesla and More Thursday Stock Movers",-0.691,0.0,0.905,0.095
38,US Tech Stocks Are Luring Indian Retail Investors Despite Rout,-0.723,0.071,0.845,0.083
39,Analysis-Chevy's electric Blazer SUV fights to stand out in a crowd,0.975,0.073,0.893,0.033
40,"Stocks Lower, JPMorgan, TSMC, Celsius Network And Tesla In Focus - Five Things To Know",-0.636,0.098,0.7,0.202
41,Influencers with Andy Serwer: Roger McNamee,-0.542,0.0,0.911,0.089
42,Dow Jones Futures Fall Solidly As Fed Ready For 'Everything' Rate Hike; Tesla AI Chief Exits,-0.103,0.0,0.935,0.065
43,Twitter Lawsuit Adds to Elon Musk’s Tesla and SpaceX Challenges,-0.178,0.094,0.794,0.112
44,"Better Stock-Split Stock to Buy Right Now: Amazon, Alphabet, Tesla, or Shopify?",0.791,0.333,0.667,0.0
45,"JPMorgan, Morgan Stanley, Tesla Fall Premarket; AMD, Costco Rise",0.969,0.115,0.833,0.052
46,Tesla Loses Executive Who Was Overseeing Self-Driving Programs,0.477,0.129,0.871,0.0
47,Hyundai Unveils New Model of Cult EV That’s Taking On Tesla,0.852,0.068,0.877,0.055
48,Inverse Tesla Bet Is Among First Single-Stock ETFs to Hit US,0.875,0.053,0.9,0.046
