﻿,Titles,Polarity,Positive,Neutral,Negative
0,Own Tesla Stock? Be Like Elon Musk and Sell,0.296,0.078,0.922,0.0
1,"NIO’s Earnings Were Fine, but Guidance Wasn’t. Wednesday Is a Wild Card for the Stock.",-0.535,0.0,0.81,0.19
2,Elon Musk Loses $50 Billion in Two Days in Record Wealth Plunge,0.901,0.077,0.878,0.045
3,"Dow Jones Futures: Market Rally Pauses As Tesla Dives; Upstart, Coinbase, DoorDash Are Big Earnings Movers With Rivian IPO On Tap",0.631,0.177,0.823,0.0
4,Tesla Stock Keeps Tanking. How an Elon Musk Sale Could Be Good News.,-0.077,0.101,0.783,0.115
5,Tesla Stock Punishes Wary Fund Managers,-0.542,0.074,0.743,0.183
6,Nio Falls Late As Earnings Beat But Tesla Rival's Revenue Outlook Falls Short,-0.593,0.0,0.845,0.155
7,Hertz Shares List on Nasdaq as Investor Enthusiasm for Rental-Car Firms Rises,0.296,0.115,0.885,0.0
8,Why some financial advisers say it’s worth weighing end-of-year stock sales — just like the Tesla CEO is doing and IKEA expands its ‘buy back and resell’ program for used furniture to all U.S. stores,0.861,0.222,0.707,0.071
9,Some Big Tech Stocks Have Gone Bonkers. They’re Not That Expensive.,0.599,0.123,0.877,0.0
10,"Stock Market Today: Tesla Snips S&amp;P, Nasdaq Win Streaks",0.996,0.11,0.864,0.026
11,S&amp;P 500 skids lower Tuesday and misses longest streak of record closes in 66 years as Tesla's stock tumbles 12%,0.832,0.12,0.853,0.026
12,"US STOCKS-Wall Street ends down, snapping run of record highs as inflation worries weigh",0.296,0.056,0.892,0.051
13,The CEO of MicroStrategy just predicted that Bitcoin is 'going up forever' — here are 3 other companies with plenty of crypto on the balance sheet,0.999,0.145,0.845,0.011
14,Dow Jones Dips; Tesla Sell-Off Intensifies After Mooted Elon Musk Sale; Bitcoin Gains Ahead Of Coinbase Earnings,0.0,0.0,1.0,0.0
15,The Best Way to Approach Nio Stock Ahead of Earnings,0.994,0.099,0.868,0.032
16,"REFILE-US STOCKS-Wall Street declines, ending a run of record highs",0.637,0.056,0.898,0.045
17,"Dow Jones, S&amp;P 500 Decline As Tech Stocks Lead Downside; Tesla Stock, PayPal Slide While These Growth Stocks Pop",-0.572,0.0,0.879,0.121
18,Rivian IPO could be one of T. Rowe Price's biggest ever,0.226,0.073,0.927,0.0
19,Hertz CEO on Tesla deal: We want to lead the adoption of electric vehicles,0.989,0.107,0.893,0.0
20,‘Live your life like Elon Musk’: Why some financial advisers say it’s worth weighing end-of-year stock sales — just like the Tesla CEO is doing,0.296,0.104,0.896,0.0
21,Hertz Shares Fall After ‘Re-IPO’ Equity Offering,0.586,0.202,0.798,0.0
22,Market check: Stocks dip in intraday trading after record run,0.919,0.075,0.886,0.04
23,"Tesla stock falls more than 9%, extends losses to third session",-0.226,0.088,0.826,0.087
24,"Fed policy: ‘Dovishness is going to win the day,’ strategist says",0.0,0.0,1.0,0.0
25,Dow Drops 250 Points As 3 Stocks Weigh; Rivian IPO On Tap As Tesla Skids,-0.202,0.0,0.904,0.096
26,Palantir Stock Looks Good On the Balance Sheet And the Technical Chart,0.998,0.14,0.831,0.029
27,Electric truck maker Rivian seeking up to $10 billion in IPO,0.0,0.0,1.0,0.0
28,Amazon is EV startup Rivian’s biggest investor—and its most important customer,0.527,0.227,0.773,0.0
29,Why Tesla Stock Fell Further on Tuesday,0.511,0.07,0.93,0.0
30,S&amp;P 500 Snaps 8-Day Win Streak as Bullish Bets Ease,0.978,0.106,0.836,0.058
31,Tesla Selloff Deepens After Insider Report on Burry’s Tweet,0.685,0.077,0.875,0.048
32,Elon Musk’s Brother Sold $109 Million in Tesla Stock Ahead of Poll,0.973,0.098,0.876,0.026
33,"Hertz CEO Mark Fields on what's next, Tesla deal: 'This is a transformation story'",0.0,0.0,1.0,0.0
34,Tesla Needs More Factories to  Meet Its Growth Goals. Shanghai Could Get the Next One.,0.0,0.0,1.0,0.0
35,Ricky Sandler’s Eminence Capital’s Top 10 Stocks,1.0,0.13,0.851,0.019
36,"Dow Jones Falls As Bitcoin Hits Record High; 3 Key Earnings Movers Include PayPal, Roblox",0.0,0.0,1.0,0.0
37,"S&amp;P 500 Pauses Record Run as Consumer Discretionary, Financials Stumble",0.974,0.099,0.843,0.058
38,"US STOCKS-Wall Street set for subdued open, GE surges on split",0.991,0.101,0.882,0.017
39,"Dow Jones Futures Fall As Bitcoin Hits Record High; 3 Key Earnings Movers Include PayPal, Roblox",0.0,0.0,1.0,0.0
40,What’s Really Behind Elon Musk’s Possible Tesla Stock Sale,0.785,0.24,0.76,0.0
41,10 Best Stocks of 2021,1.0,0.144,0.83,0.026
42,How Investors Just Made An Easy $1.3 Trillion In 7 Days,-0.34,0.0,0.915,0.085
43,EV Roundup: TSLA CEO Musk's Mysterious Tweets Make the Most Noise,0.988,0.058,0.916,0.025
44,4 Top-Ranked Efficient Stocks to Enrich Your Portfolio,0.999,0.173,0.816,0.011
45,"Tim Cook Owns Crypto, but Apple Has No Plans for Digital Currency",0.153,0.147,0.733,0.121
46,"The Zacks Analyst Blog Highlights: Tesla, Nucor, Gartner, ON Semiconductor and CBRE Group",0.999,0.124,0.854,0.023
47,7 Stocks to Buy That Could Be the Next Trillion-Dollar Company,0.999,0.104,0.868,0.028
