﻿,Titles,Polarity,Positive,Neutral,Negative
0,UPDATE 1-Shareholder support rises for arbitration review at Tesla,0.949,0.137,0.805,0.058
1,Investing in Tesla Stock (TSLA),0.0,0.0,1.0,0.0
2,Why This Investor Plans To Hold Tesla Stock Through Earnings Next Week,0.91,0.062,0.924,0.013
3,Tesla releases shareholder meeting's vote tallies,0.0,0.0,1.0,0.0
4,Tesla (TSLA) Earnings Expected to Grow: Should You Buy?,0.997,0.122,0.841,0.036
5,"NHTSA Signals End To Tesla Stealth Recalls, Expands Autopilot Probe",0.904,0.196,0.804,0.0
6,George Soros is finally bullish on 'mainstream' Bitcoin — here are 3 easy ways to jump in,0.998,0.141,0.831,0.028
7,"The Zacks Analyst Blog Highlights: CRM, WMT, TSLA, COST, and MSFT",0.999,0.144,0.834,0.022
8,"The Zacks Analyst Blog Highlights: GM, TSLA, BYDDY, NKLA, and STLA",0.998,0.091,0.891,0.018
9,Auto-Safety Regulator Questions Tesla Over Driver-Assistance Software,0.599,0.197,0.803,0.0
10,Tesla Autopilot Scrutiny Grows as U.S. Asks If Recall Is Planned,0.967,0.094,0.84,0.065
11,Dow Jones Drops As Inflation Heats Up; Apple Sells Off On iPhone News,0.0,0.0,1.0,0.0
12,A Rivian Truck Showed Up at Blue Origin Flight. Jeff Bezos Was Driving.,0.0,0.0,1.0,0.0
13,Tesla Faces Regulatory Tension Over Self-Driving Builds. The Market Doesn’t Care.,0.077,0.091,0.909,0.0
14,Ark Invest Stock Portfolio: Top 10 Picks,1.0,0.121,0.859,0.02
15,UPDATE 1-U.S. asks Tesla why it did not recall Autopilot after software changes,0.976,0.129,0.81,0.06
16,Feds want answers about why Tesla didn’t issue recall notices after update,0.0,0.0,1.0,0.0
17,Winners and Losers From Q3's Car Chip Shortage,-0.689,0.093,0.754,0.154
18,"Tesla Sells Record 56,006 China-Made Vehicles in September — Report",0.975,0.113,0.862,0.025
19,5 Top Tech Stocks to Buy for the Long Haul,0.813,0.187,0.779,0.034
20,Bezos v. Musk: The high-stakes legal disputes between the world’s two richest people,0.999,0.092,0.854,0.054
21,"Used Aston Martin’s $114,500 Price Tag Attests to Chip Squeeze",-0.649,0.053,0.886,0.061
22,UPDATE 1-New Caledonia's Prony to supply nickel to Tesla in multi-year deal,0.987,0.086,0.905,0.009
23,UPDATE 1-Tesla pushing Volkswagen to accelerate electric vehicle shift,0.703,0.03,0.949,0.021
24,ETFs Crowd Into Chinese Electric-Car Space,0.382,0.106,0.894,0.0
25,"Dow Jones Futures Rise: Apple iPhone Woes, Inflation, JPMorgan Earnings In Focus After Market Rally Fizzles Again",-0.7,0.0,0.775,0.225
26,"Volkswagen considering cutting up to 30,000 jobs -Handelsblatt",0.527,0.041,0.927,0.032
27,"Dow Jones Futures: Apple iPhone Woes In Focus After Market Rally Fizzles Again Despite Tesla, Upstart",-0.375,0.0,0.849,0.151
28,Prony Resources says Tesla has agreed to a multi-year nickel purchasing deal,0.888,0.061,0.916,0.024
29,"Chinese Exports Grow Faster Than Expected, While Imports Slow Down",0.98,0.117,0.835,0.048
