﻿,Titles,Polarity,Positive,Neutral,Negative
0,GameStop soars 30% in after-hours on reported NFT plans,0.961,0.067,0.918,0.015
1,"Dow Jones Futures: Market Rally Fizzles, Apple, Tesla Fall; GME Stock, Trump Stock DWAC Spike On News",0.0,0.0,1.0,0.0
2,Mohamed El-Erian says a ‘trifecta’ of dangers will haunt the US economy in 2022 — here’s how to protect your portfolio,0.989,0.088,0.872,0.041
3,U.S. hybrid electric car sales hit record highs,0.99,0.115,0.85,0.035
4,Dow Jones Falls As Yields Rise Again; Alibaba Leads China Stocks Higher; Tesla Stock Does This,-0.103,0.069,0.846,0.085
5,Dow Jones Slips As Nasdaq Falls Late; Alibaba Leads China Stocks Higher; Tesla Stock Lags,-0.103,0.069,0.846,0.085
6,Apple Supplier TDK Looks Beyond Phones in Bid to Double Battery Sales,0.98,0.078,0.89,0.032
7,The Auto Industry Growth Stocks To Watch In 2022,0.999,0.095,0.873,0.032
8,Dow Jones Slips As Yields Rise; Alibaba Leads China Stocks Higher; Tesla Stock Lags,-0.103,0.069,0.846,0.085
9,Advanced Micro Devices Will Start 2022 on a Strong Note With Its Xilinx Deal,0.999,0.146,0.84,0.014
10,7 Lesser-Known EV Stocks to Buy for Their Surprise Potential,0.999,0.117,0.85,0.033
11,Electric Vehicle (EV) Market Becomes Crowded,0.382,0.12,0.88,0.0
12,VCRA Stock: 8 Things for Vocera Investors to Know About the Stryker Deal as Shares Soar,0.987,0.1,0.874,0.026
13,"Stocks: Meta climbs, Tesla rebounds, Rivian under pressure",0.0,0.0,1.0,0.0
14,"Rivian stock tanks, briefly dips below IPO price",0.959,0.089,0.878,0.033
15,Tesla Stock Faces a Tough Road Ahead as Auto Giants Enter the EV Race,0.993,0.099,0.867,0.034
16,Why Tesla Stock Just Keeps Falling,0.708,0.079,0.902,0.019
17,Market check: Stocks mixed after Fed minutes prompt sell-off,0.0,0.0,1.0,0.0
18,Tesla Owners Worry About Winter. The EV Industry Is Working On it.,0.54,0.142,0.858,0.0
19,Tesla Is No Longer Alone With ‘Full Self Driving’ Promises,0.0,0.0,1.0,0.0
20,Cathie Wood’s flagship Ark ETF off to a rough start in 2022 — down 45% from its peak,-0.351,0.038,0.915,0.047
21,Analysis-Jumping on EV wagon represents risky ride for tech pioneer Sony,0.991,0.086,0.885,0.029
22,Manchester United and Big Lots have been highlighted as Zacks Bull and Bear of the Day,1.0,0.151,0.814,0.035
23,Tesla Stock Is Falling Again. Why Shares Are Giving Back Big Delivery Gains.,0.649,0.155,0.793,0.052
24,Cadillac To Feature GM's New Autonomous Driving System,0.0,0.0,1.0,0.0
25,Tesla is 'giving cover to the Chinese government' by doing business in Xinjiang: senator,-0.982,0.077,0.812,0.11
26,What Tesla's Record Production Numbers Mean for Rivian and Lucid,-0.218,0.069,0.851,0.08
27,Here Are the Best Robinhood Stocks to Own in 2022,0.965,0.312,0.688,0.0
28,Tesla Briefly Led the Nasdaq to New Heights. Here's Why It Didn't Last,-0.718,0.106,0.725,0.17
29,"Electric Vehicle Checkpoint: Sony, Chrysler Launch EV Plans",0.202,0.083,0.917,0.0
30,Wall Street Opens Mostly Higher as Tightening Fears Ease a Little; Dow up 15 Pts,0.988,0.118,0.81,0.072
31,Could A Graphite Shortage Derail The $3 Trillion EV Boom?,1.0,0.139,0.821,0.04
