﻿,Titles,Polarity,Positive,Neutral,Negative
0,"Asian Stocks Down, China Keeps Prime Loan Rate Steady",0.706,0.047,0.917,0.036
1,10 Trending Stocks to Watch Today,0.965,0.062,0.899,0.039
2,"My Thoughts on Elon Musk, Tesla and Twitter",0.999,0.143,0.804,0.053
3,"Dow Jones Futures: Stock Market Rally Rebounds, Netflix Crashes On Subscriber Fall, Tesla Earnings On Tap",-0.296,0.0,0.885,0.115
4,A Timeline of How Elon Musk Became Twitter’s Most Influential Investor,0.999,0.124,0.826,0.05
5,"Nasdaq extends gains to session highs, bond markets close in the green",0.273,0.063,0.937,0.0
6,Musk and Tesla Make a Change Their Customers Won't Like,-0.214,0.0,0.928,0.072
7,"Markets check: Dow surges over 400 points, tech stocks among biggest gains",0.0,0.0,1.0,0.0
8,Mercedes Has a Massive New Weapon to One Up Tesla,0.077,0.085,0.915,0.0
9,"Dow Jones Jumps 400 Points, Led by Surging J&amp;J Stock; Tech Stock Gives Rare Buy Signal",0.0,0.0,1.0,0.0
10,Why Nio Stock Is Bouncing Back Today,0.382,0.093,0.849,0.059
11,"Rivian Production Woes Cut 2022 Outlook 50% To 25,000 Vehicles; Is Rivian Stock A Buy Now?",-0.402,0.074,0.736,0.19
12,Why Tesla Stock Popped Before Earnings,0.625,0.081,0.889,0.03
13,One big challenge facing Tesla that has nothing to do with Elon Musk's Twitter bid,0.19,0.053,0.896,0.051
14,Tesla Goes on Offensive in California Race Discrimination Suit,-0.55,0.0,0.876,0.124
15,Why Elon Musk wants Tesla to start mining lithium,0.361,0.07,0.93,0.0
16,"Netflix Earnings, Tesla Earnings, P&amp;G Earnings: 3 Things to Watch",-0.799,0.059,0.872,0.069
17,Stock Market Today: Dow Rallies on Tech Strength as Earnings Season Heats Up,0.98,0.105,0.848,0.047
18,Mercedes-Benz Unveils New Weapon to Challenge Tesla,0.077,0.085,0.915,0.0
19,Here's how much private equity firms could pay in Twitter bidding war with Elon Musk,0.931,0.091,0.865,0.044
20,Elon Musk Twitter bid 'completely unserious': Legal expert,0.987,0.088,0.869,0.042
21,Tesla Set to Beat Estimates in Q1 Earnings: ETFs to Buy,0.998,0.121,0.849,0.03
22,Twitter stock could gain if board ‘engages Musk to sweeten his bid’: Analyst,0.25,0.054,0.946,0.0
23,"S&amp;P 500 Jumps as Dip-Buyers Return to Tech Ahead of Netflix, IBM Earnings",0.954,0.085,0.872,0.044
24,Here’s What Makes Tesla (TSLA) a Great Investment Choice,0.971,0.085,0.891,0.024
25,10 Stocks to Buy Before Their Earnings Reports,0.998,0.084,0.898,0.017
26,Tesla Gets a Target-Price Boost Ahead of Earnings,0.382,0.091,0.909,0.0
27,Record-Breaking Delivery Count to Aid Tesla (TSLA) Q1 Earnings,0.998,0.113,0.863,0.024
28,"Market check: EV and travel stocks rise, crude oil drops",0.0,0.0,1.0,0.0
29,Apollo Global Management considers financing Elon Musk’s Twitter bid,0.0,0.0,1.0,0.0
30,Top 10 Undervalued Tech Stocks,0.999,0.102,0.879,0.019
31,How will Elon Musk finance his Twitter bid? The biggest question facing Tesla shareholders ahead of Q1 results,0.967,0.069,0.892,0.039
32,Elon Musk Says Twitter’s Board Owns Almost No Stock. How It Compares to Tesla and Others.,0.318,0.069,0.931,0.0
33,7 Cheap Stocks to Buy Before the Next Breakout,0.999,0.135,0.799,0.066
34,"The Zacks Analyst Blog Highlights Tesla, Broadcom, Comcast, Sanofi and Infosys",0.999,0.144,0.839,0.018
35,5 Things to Know About Tesla Stock,0.0,0.0,1.0,0.0
36,Tesla earnings under pressure from Shanghai factory halt,0.231,0.042,0.925,0.033
37,Top 5 U.S. Giants Likely to Win Big on Q1 Earnings This Week,0.999,0.146,0.848,0.005
38,Tesla's New Factory in Germany Is Ramping Up Quickly,0.44,0.033,0.967,0.0
39,Tesla Reports Earnings Wednesday. Investors Should Prepare for Disappointment.,0.0,0.0,1.0,0.0
40,IPhone City Is Operating Normally Despite China Covid Lockdowns,-0.153,0.064,0.875,0.06
41,Twitter Stock Edges Lower as Poison Pill Blunts Attack from Musk and Others,-0.963,0.103,0.744,0.153
42,Tesla Probed by EEOC Before California Sued Car Maker Over Alleged Racial Discrimination,0.0,0.0,1.0,0.0
