﻿,Titles,Polarity,Positive,Neutral,Negative
0,"Dow Jones Futures: Stock Market Still In Flux With Fed Set To Speed Up; Apple, Tesla, Rivian In Focus",0.0,0.0,1.0,0.0
1,"The S&amp;P 500 Hit a New Record, U.S. Inflation Data Was Released—and What Else Happened in the Stock Market Friday",0.586,0.255,0.745,0.0
2,3 reasons big-time CEOs sold billions in company stock recently,0.951,0.07,0.903,0.027
3,Elon Musk Continues to Offload Tesla Shares,0.996,0.181,0.778,0.041
4,Can Lucid Motors Stock Hit New Highs Despite SEC Subpoena?,0.966,0.077,0.866,0.056
5,"Portfolio manager what details what she likes right now, what to avoid",0.422,0.118,0.882,0.0
6,Ford founder’s great-grandson spends more than $20 million in new stock purchases,0.938,0.072,0.905,0.024
7,"Bitcoin and ether 'are like cockroaches — they're not going to die,' Ross Gerber says",0.494,0.144,0.856,0.0
8,"Stock Market Rally Attempt Begins As Inflation Runs Hot; Tesla, Broadcom, Oracle In Focus: Weekly Review",0.631,0.172,0.828,0.0
9,Tesla Stock: Model S/X International Orders Halted; NYC Mulls Model 3 Fleet,-0.226,0.0,0.921,0.079
10,UPDATE 1-Tesla's Elon Musk says he is 'thinking of quitting' his jobs,0.934,0.08,0.884,0.037
11,Why executives like Tesla CEO Elon Musk and Meta CEO Mark Zuckerberg are selling company stock,0.0,0.0,1.0,0.0
12,11 Best Manufacturing Stocks to Invest In,0.999,0.095,0.889,0.015
13,"Simplify Exchange Traded Funds Buys Twitter Inc, Amazon. ...",0.986,0.064,0.914,0.023
14,Stocks Waver After U.S. Inflation Data—and What Else Is Happening in the Stock Market Friday,0.586,0.255,0.745,0.0
15,Elon Musk Tweets That He Will Leave Tesla To Become Influencer,0.382,0.08,0.92,0.0
16,Tesla stops taking new orders for flagship models outside North America -Electrek,0.178,0.028,0.958,0.015
17,10 Best Stocks Under $20 According to Jim Simons’ Fund,1.0,0.112,0.872,0.016
18,Stocks Rise After U.S. Inflation Data—and What Else Is Happening in the Stock Market Friday,0.586,0.255,0.745,0.0
19,General Motors' (GM) Silverado Production to Kick off in Early '23,0.995,0.083,0.89,0.027
20,Dow Jones Rallies After Hot Inflation Reading; Tesla Slides As Elon Musk Sells More Shares,0.226,0.079,0.921,0.0
21,S&amp;P 500 Ends at Record; Stocks Gain on Hopes Inflation Has Peaked,0.422,0.08,0.92,0.0
22,"Stocks Higher in Afternoon Trading, Shrugging Off Inflation Data",0.0,0.0,1.0,0.0
23,Why DraftKings Stock Is Worth Watching After a Big Drop,0.993,0.1,0.864,0.036
24,Tesla Inc (TSLA) CEO Elon Musk Sold $555.2 million of Shares,0.316,0.086,0.857,0.058
25,10 Cloud Computing Stocks to Buy According to Cathie Wood,0.999,0.091,0.903,0.006
26,Stock Futures Rise After U.S. Inflation Data—and What Else Is Happening in the Stock Market Friday,0.0,0.0,1.0,0.0
27,Dow Jones Futures Rally After Hot Inflation Reading; Tesla Stock In Focus As Elon Musk Sells More Shares,0.226,0.083,0.917,0.0
28,"American Century Fund Wins With Big Bets On Stocks like Microsoft, Apple",0.751,0.234,0.766,0.0
29,Is Rivian Stock A Buy Ahead Of Earnings Report Next Week?,0.0,0.0,1.0,0.0
30,5 Tech Stocks You Can Buy and Hold for the Next Decade,0.332,0.05,0.95,0.0
31,Dow Jones Futures: Hot Inflation Report Looms As Market Rally Hits Resistance; Elon Musk Sells More Tesla Stock,0.382,0.12,0.88,0.0
32,"Dow, Tech Stocks Turn Lower As Inflation Data, Covid Cases Rattle; Moderna, Oracle Active - Stock Market Today",-0.296,0.0,0.901,0.099
33,Stock Futures Rise Ahead of U.S. Inflation Data—and What Else Is Happening in the Stock Market Friday,0.0,0.0,1.0,0.0
34,Ford Has More Road Ahead Of It,0.996,0.094,0.893,0.013
35,"Dow, Tech Stocks Extend Gains As Inflation Data Matches Forecasts; Moderna, Oracle Active - Stock Market Today",0.34,0.094,0.906,0.0
36,"Wall Street Opens Higher, Shrugging Off CPI Surge; Dow up 150 Pts",-0.932,0.066,0.845,0.089
37,10 Most Popular EV Stocks Among Famous Hedge Funds,1.0,0.138,0.841,0.021
38,Musk Jokes About Quitting Jobs as He Sells More Tesla Shares,0.981,0.123,0.825,0.052
39,"Dow Futures Extend Gains As Inflation Data Matches Forecasts; Moderna, Oracle Active - Stock Market Today",0.34,0.091,0.909,0.0
40,"Tesla Gains on CPI Surprise as Musk Tweets He's ""Thinking of"" Quitting Jobs",-0.099,0.044,0.891,0.065
41,"Oracle, Broadcom Rise Premarket; Tesla, Chewy, Peloton Fall",0.34,0.09,0.826,0.084
42,"Tesla sued by second female worker over sexual harassment, retaliation",-0.983,0.056,0.779,0.165
43,Elon Musk Dumps Another Near-$1 Billion of Tesla Stock,0.637,0.244,0.682,0.075
44,Tesla's Musk says he is 'thinking of' quitting his jobs,0.934,0.098,0.877,0.026
45,3 Investors Weigh In on the Rivian IPO,-0.262,0.044,0.896,0.06
46,Elon Musk Isn’t Done Selling Tesla Stock. Here’s How Much  He Just Sold.,-0.173,0.0,0.91,0.09
47,"With latest sale, Elon Musk has sold nearly $12 billion of Tesla stock in past month",0.527,0.068,0.932,0.0
