﻿,Titles,Polarity,Positive,Neutral,Negative
0,Jeff Bezos Hits Wealth Record of $211 Billion on Pentagon Move,0.992,0.135,0.857,0.007
1,"Dow Jones Futures: Amazon, Shopify Lead 5 Techs Entering Buy Zones; Tesla Reverses In Market Rally As Didi, Energy Stocks Hit Hard",-0.153,0.179,0.66,0.16
2,Why Tesla Stock Got Clobbered Today — and Why It Could Bounce Back,0.816,0.133,0.867,0.0
3,Thai Energy Pioneer Pivots to Electric Buses After Axed Car Deal,0.991,0.087,0.893,0.02
4,10 Stocks Reddit’s WallStreetBets is Buying in July 2021,0.998,0.083,0.903,0.014
5,Berkshire Hathaway EV Investment Had a Great June. How Tesla Stacks Up.,0.402,0.068,0.932,0.0
6,China’s EV Market Is as Hot as Ever. Here’s How Tesla Stacks Up.,0.402,0.068,0.932,0.0
7,"Can Google, Tesla, Microsoft, CrowdStrike, PayPal Keep The Tech Train Rolling?",0.422,0.183,0.817,0.0
8,"Dow Jones Dips, Small Caps Mauled; Apple Rises As Tesla Stalls; AMC Stock Turns Negative",-0.671,0.0,0.792,0.208
9,Why Tesla Stock Fell on Tuesday,-0.491,0.036,0.904,0.061
10,15 Best Clean Energy Stocks to Invest In,1.0,0.152,0.839,0.009
11,"Tesla Affirmed Underweight, Target Raised at J.P. Morgan",0.0,0.0,1.0,0.0
12,"Tesla’s autopilot controversy, Volkswagen’s EV push",0.052,0.042,0.92,0.038
13,Supercar Brand To Go Electric After Merger With EV Startup,-0.026,0.079,0.838,0.084
14,"Investing Strategies: DocuSign CEO Shares Insights, EV Stocks Charge Higher, Big Tech Antitrust Battle Continues",0.915,0.189,0.811,0.0
15,Tesla Breaks Record on Q2 Deliveries: ETFs to Tap,0.999,0.163,0.808,0.029
16,40 of the hottest stocks in the market so far in 2021,0.99,0.091,0.866,0.043
17,2 Reasons Why Fisker's an Electrifying EV Maker,0.777,0.078,0.922,0.0
18,"Fake Tesla, Apple Stocks Have Started Trading on Blockchains",0.997,0.095,0.883,0.023
19,How the EV Industry Is Trying to Fix Its Charging Bottleneck,0.0,0.0,1.0,0.0
20,Bull of the Day: NVIDIA (NVDA),1.0,0.087,0.895,0.017
21,Bitcoin pares gains as China closes company over crypto trading,0.959,0.075,0.893,0.032
22,EV Stocks On The Move: An Analysis Of The Electric Vehicle Landscape,0.791,0.12,0.88,0.0
