﻿,Titles,Polarity,Positive,Neutral,Negative
0,Elon Musk can walk away from Twitter deal by paying $1bn break fee,-0.511,0.086,0.804,0.11
1,Tesla loses $126 billion in value amid Musk Twitter deal funding concern,0.968,0.121,0.823,0.056
2,Snap Is Sitting Out the Social Media Turmoil (and So Should You),0.987,0.111,0.817,0.072
3,Why Dogecoin (DOGE) Is Up 8% Today,0.671,0.136,0.802,0.062
4,"Dow Jones Futures: Nasdaq Breaks Lower, Tesla Dives Amid Musk-Twitter Deal; Microsoft, Google Earnings Late",-0.273,0.0,0.905,0.095
5,Elizabeth Warren and Five More Reasons Tesla and Twitter Are Down,-0.202,0.104,0.755,0.142
6,Twitter Stock Offers 9% Return to Musk’s Takeover Price After Tuesday’s Selloff,0.318,0.113,0.887,0.0
7,Jack Dorsey says Elon Musk is the only person fit to lead Twitter.  Here are four possible reasons why.,0.985,0.079,0.901,0.02
8,GM Earnings Top Views As Auto Giant Sees Chip Supply Improving; Ford F-150 Lightning Unveiled,-0.226,0.096,0.766,0.139
9,"Twitter, Musk Deal Includes $1 Billion Termination Agreement",-0.802,0.071,0.827,0.102
10,10 Stocks Getting Crushed on Tuesday,-0.926,0.043,0.892,0.065
11,"Elon Musk’s Twitter has struggled to turn a profit for years. Now, it’s facing a massive debt that complicates the future.",0.959,0.112,0.798,0.09
12,Microsoft ‘has pretty good guidance going forward’ compared to other tech stocks: Analyst,1.0,0.119,0.864,0.017
13,Tesla Stock Sinks After Twitter Deal,0.296,0.099,0.901,0.0
14,"4 Top Stock Trades for Wednesday: TSLA, MSFT, LCID, GE",0.544,0.069,0.874,0.057
15,US STOCKS-Nasdaq tumbles to lowest close since late 2020,-0.886,0.061,0.852,0.087
16,Tesla valuation slides more than $125bn after Elon Musk’s Twitter deal,0.681,0.144,0.78,0.076
17,Ford CEO on F-150 Lightning: 'We are sold out for at least a year or so',0.763,0.049,0.916,0.035
18,"Stocks fall sharply into the close, Tesla stock sees worst day since November",-0.671,0.042,0.9,0.058
19,GM Earnings Beat Estimates. The Stock Is Rising.,0.511,0.343,0.516,0.141
20,"US STOCKS-Wall Street ends sharply lower, Nasdaq tumbles",-0.802,0.071,0.836,0.092
21,Elon Musk’s Twitter gambit is another reminder that America’s billionaires need to pay more in taxes,-0.103,0.106,0.732,0.163
22,Tesla May Have a Pleasant Surprise by the End of the Year,0.827,0.13,0.87,0.0
23,Markets tumble as investors await Big Tech earnings,0.0,0.0,1.0,0.0
24,"Down 45% From Its Highs, This Is a Great Time to Buy Nvidia Stock",0.99,0.092,0.89,0.018
25,Dow Jones Dives; Tesla Stock Craters After Elon Musk Buys Twitter; Microsoft Earnings Due,-0.296,0.0,0.909,0.091
26,Twitter credit faces a ‘multiple-notch’ downgrade as Musk’s buyout leads to significant spike in debt,-0.128,0.128,0.731,0.141
27,Dow Futures Move Higher Amid Big Tech Earnings,0.758,0.068,0.875,0.057
28,Tesla's Hard Tumble Is Far From Over,-0.649,0.041,0.819,0.14
29,Today's Top 3 Crypto Gainers: Dogecoin Spikes on Elon Musk’s Twitter Deal,0.572,0.084,0.896,0.02
30,Money Moves to Make Now That Elon Musk Is Buying Twitter,0.995,0.083,0.889,0.028
31,US STOCKS-Wall Street tumbles; Alphabet and Microsoft drop ahead of reports,-0.024,0.072,0.847,0.081
32,Musk says you can't save planet and short Tesla; ESG investors disagree,0.974,0.107,0.829,0.065
33,"Tesla, Facebook, Netflix, and Amazon stocks are all wildly overvalued, value investor says",0.855,0.091,0.86,0.049
34,"Cathie Wood Has Bullish Take on Musk, Twitter Saga",0.511,0.148,0.852,0.0
35,"Nasdaq Dives 400 Points As Stock Market Correction Intensifies ; Tesla, Nvidia, AMD Fall Hard",0.273,0.12,0.813,0.067
36,Tesla Is on Pace to Lose $100 Billion in One Day,-0.612,0.092,0.808,0.099
37,Stock Market Tumbles On Poor Earnings And Economic News; Is Tesla's New Base Flawed?,-0.71,0.0,0.718,0.282
38,Why Bezos is worried that a Musk-owned Twitter will cave to China,-0.938,0.054,0.866,0.08
39,Companies are increasingly 'being judged by the health of their supply chain',0.689,0.048,0.917,0.036
40,Ford Has the Perfect EV Car to Conquer The Middle Class,0.318,0.126,0.874,0.0
41,Tesla share slide knocks $97bn off valuation ahead of Twitter takeover,-0.153,0.105,0.762,0.133
42,Why Tesla Stock Just Crashed 7%,0.856,0.142,0.827,0.031
43,Twitter analyst on Musk acquisition: ‘Change is coming’,0.422,0.083,0.879,0.038
44,"Musk’s Free-Speech Twitter Dream Gets EU Warning, Via Twitter",-0.986,0.116,0.737,0.147
45,Cathie Wood Thanks Musk for Twitter Deal Despite Tesla Stock Hit,-0.721,0.073,0.837,0.09
46,7 EV Stocks to Buy Following Toyota’s EV SUV Launch,0.996,0.051,0.938,0.011
47,CEO of Tesla competitor Fisker abandons Twitter hours after Musk offer is accepted,0.571,0.025,0.966,0.008
48,"Tech stocks ‘seeing the bursting of a bubble,’ researcher says",-0.743,0.0,0.799,0.201
