﻿,Titles,Polarity,Positive,Neutral,Negative
0,"GM, IBD Stock Of The Day, In Buy Range As EV Plans Unfold",0.273,0.103,0.831,0.066
1,IBD 50 Growth Stocks Lift This ETF To Nearly 100% Gain Off Coronavirus Lows,0.537,0.188,0.748,0.064
2,Hyliion CEO on bringing ‘electrified solutions to classic commercial vehicles’,0.999,0.097,0.902,0.001
3,"Dow Jumps 600 Points As House Passes Stimulus Bill; Tesla Rebounds, While Nio, Zoom Video To Report Earnings",0.0,0.0,1.0,0.0
4,"Dow Jones Futures Signal Stock Market Rally Isn't Over; Nio, Zoom On Tap",-0.402,0.0,0.886,0.114
5,From EV Batteries To Pod Taxis: India's Richest Man Seems To Prepare For The Elon Musk Challenge,0.93,0.058,0.937,0.005
6,15 Biggest Renewable Energy Companies and Stocks,1.0,0.144,0.851,0.005
7,Rocket Lab Nears Deal To Go Public Via Merger With SPAC Vector Acquisition: WSJ,0.926,0.07,0.912,0.018
