﻿,Titles,Polarity,Positive,Neutral,Negative
0,"Stable Road, Momentus Adjourn Shareholder Meeting to May 13 with 6% of Shares Still Needed – Retail Investors Remain Key to Saving Deal",0.997,0.158,0.808,0.033
1,"Earnings Roundup: Tesla, UPS, Crocs",0.422,0.11,0.833,0.056
2,Cathie Wood’s ARK Innovation ETF Is Selling Off — and It May Get Worse,0.077,0.054,0.898,0.047
3,"Tesla holdings reduced by 40% by Baillie Gifford in the first quarter, filing shows",0.939,0.156,0.844,0.0
4,"Tesla is about to dramatically reverse market-share losses in a key region, according to this analyst",0.724,0.181,0.819,0.0
5,"Dow Jones Rallies, Tech Stocks Reverse As Jobless Claims Fall; Apple At Key Level, While PayPal Jumps On Earnings",0.103,0.1,0.815,0.085
6,Tesla Has Been Losing Market Share in Europe. That May Change Dramatically.,0.296,0.095,0.905,0.0
7,"Dow Jones Erases Gains, Tech Stocks Slide As Jobless Claims Fall; Apple At Key Level, While PayPal Jumps On Earnings",0.103,0.1,0.815,0.085
8,Tesla Stock Just Can’t Seem to Break of Its Slump. Here’s Why.,0.09,0.205,0.604,0.191
9,Tesla Gains on Report It’s Already Sold Out for the Quarter,0.882,0.074,0.917,0.009
10,Tesla Vehicles Reportedly Already Sold Out for Second Quarter,0.0,0.0,1.0,0.0
11,"VW Raises Full-Year Outlook, Warns on Growing Chip Shortage",0.972,0.073,0.882,0.045
12,UPDATE 1-Tesla developing data platform for car owners in China,0.856,0.076,0.924,0.0
13,Chip Shortage Forces Carmakers to Leave Out Some High-End Features,0.94,0.067,0.87,0.062
14,California police investigating fatal Tesla crash,-0.277,0.065,0.856,0.08
