﻿,Titles,Polarity,Positive,Neutral,Negative
0,Deserted Factories Show How China Electric Car Boom Went Too Far,0.439,0.066,0.879,0.056
1,Dow Jones Futures: Stock Market Sells Off On China Property Default Fears; These 4 Top Growth Stocks Tumbled,-0.422,0.0,0.887,0.113
2,Dow Jones Dives 900 Points Amid China Fears; Nvidia Flashes Sell Signal; Tesla Crashes Lower,-0.511,0.064,0.749,0.187
3,Texas Startups Mount Fight Against Abortion Ban—Except Big Tech,0.893,0.088,0.838,0.074
4,Why Tesla Is Leading the Nasdaq Lower Monday,-0.867,0.042,0.801,0.157
5,"How To Make $1,325 In Options With Moderate Tesla Stock Gain",0.848,0.15,0.85,0.0
6,"Here's the biggest risk from the Evergrande crisis, says Goldman Sachs",-0.991,0.056,0.812,0.132
7,Is Li Auto Stock A Buy Or Sell? China Woes Send Shares To Critical Level,-0.077,0.08,0.83,0.09
8,Why Tesla Stock Got Shocked Today,0.422,0.167,0.833,0.0
9,Tesla Stock Tests Buy Point As Federal Safety Agency Head Calls FSD 'Misleading And Irresponsible',0.0,0.0,1.0,0.0
10,Could Ford Electric Vehicles Become Cop Car Of Choice? What Investors Should Know,0.978,0.078,0.914,0.008
11,"EV Roundup: TSLA Under NTSB Scrutiny, WKHS Drops Suit Against USPS &amp; More",0.975,0.081,0.867,0.052
12,Could Hyzon Motors be the Tesla of Hydrogen Vehicles?,0.896,0.16,0.84,0.0
13,Why Rocket Lab is ‘the best space asset’ to hit the market over the last year,0.0,0.0,1.0,0.0
14,Tesla’s Elon Musk Took Another Jab at Biden. It’s a Bad Time for a Fight.,0.0,0.0,1.0,0.0
15,"Tesla dips despite efforts to expand self-driving, Nike shares fall on supply woes",0.0,0.0,1.0,0.0
16,"Dow Jones Plunges 550 Points On China Property Fears; AMD, Apple, Nvidia, Tesla Sell Off",-0.422,0.0,0.877,0.123
17,10 Trending Technology Stocks on Reddit,0.997,0.075,0.905,0.02
18,"This 1 Auto, Tires and Trucks Stock Could Beat Earnings: Why It Should Be on Your Radar",0.999,0.165,0.832,0.003
19,"Dow Jones Futures Dive On China Property Fears; AMD, Apple, Nvidia, Tesla Sell Off",-0.422,0.0,0.891,0.109
20,"Tesla, Nio stocks fall as Li Auto deliveries warning, Evergrande fears weigh",-0.226,0.066,0.836,0.098
21,Tesla (TSLA) Crash in Florida Triggers 2nd NTSB Scrutiny This Year,-0.975,0.077,0.813,0.11
22,It’s Crunchtime for Evergrande. The Market Is Worried.,0.586,0.151,0.789,0.06
23,"Tesla Software Upgrade Isn’t Ready for Drive Time, Says Head of NTSB",0.681,0.196,0.804,0.0
24,Tesla Wider Self-Driving Effort Reportedly Opposed by NTSB Chief,0.612,0.238,0.762,0.0
25,"Tesla, Walt Disney Fall Premarket; AstraZeneca Climbs",0.963,0.121,0.837,0.042
26,Markets Tumble on Evergrande Jitters; Energy Crisis Eases - What's Moving Markets,-0.996,0.067,0.802,0.131
27,Tesla Falls as NTSB Head Wants Gaps in FSD Tech Bridged Before Launch,0.926,0.074,0.894,0.031
28,"Safety Concerns Dog Tesla, But at Least Its EV's Aren't On Fire",0.238,0.085,0.915,0.0
29,"Industry Focus: 2,000 Episodes and Going Strong",0.785,0.277,0.723,0.0
