﻿,Titles,Polarity,Positive,Neutral,Negative
0,7 No-Brainer Blue-Chip Stocks to Buy if You Have Money to Invest,0.999,0.115,0.855,0.03
1,SpaceX Employees Are Fed Up With Elon Musk’s Antics,-0.361,0.0,0.839,0.161
2,"GM Pulls Out a Surprise that Tesla, Mercedes And Lucid Won't Like",0.103,0.034,0.966,0.0
3,These 16 stocks in the S&amp;P 500 crumpled at least 9% a day after the Fed raised rates,0.0,0.0,1.0,0.0
4,SpaceX employees call Elon Musk’s behavior a ‘distraction and embarrassment’ in letter to executives: report,-0.671,0.0,0.756,0.244
5,Dow Jones Futures: Stock Market Dives As Recession Fears Swell; How Low Can It Go?,-0.026,0.115,0.766,0.119
6,Which Stocks &amp; ETFs Do Best When Inflation Spikes?,0.904,0.075,0.873,0.052
7,Dow Jones Plunges As Bears Attack; Tesla Stock Dives Amid Elon Musk Twitter Move; Apple Crumbles,-0.494,0.0,0.862,0.138
8,Senator cites Elon Musk in urging agency heads to end remote work,-0.686,0.03,0.928,0.041
9,FOCUS-Tesla cuts job openings since Elon Musk's economic warning,-0.984,0.039,0.881,0.08
10,"Electric vehicle prices, range the top concerns for prospective buyers",0.103,0.036,0.964,0.0
11,Tesla is leaving the market for low-end electric cars to traditional automakers,0.103,0.074,0.863,0.063
12,"Amazon announces 2022 Prime Day dates, Chipotle pilots cauliflower rice, Tesla raises prices",0.178,0.108,0.892,0.0
13,Elon Musk sets goal for 1 billion daily users at Twitter town hall,0.0,0.0,1.0,0.0
14,Tesla cuts job openings since Elon Musk's economic warning,-0.984,0.039,0.88,0.081
15,Elon Musk plans to use remote work as a reward at Twitter—but only for ‘exceptional’ employees,0.9,0.066,0.891,0.043
16,REFILE-FOCUS-Tesla cuts job openings since Elon Musk's economic warning,-0.984,0.039,0.881,0.08
17,Elon Musk sued for $258 billion over alleged Dogecoin pyramid scheme,0.226,0.078,0.841,0.081
18,Musk leaves biggest Twitter question unanswered: Will he buy the company?,-0.557,0.068,0.864,0.068
19,Dow Futures Tick Higher After Selloff Resumes,-0.856,0.039,0.893,0.069
20,Tesla Stock Falls After U.S. Price Hikes. Here's How to Trade It Now.,-0.296,0.0,0.901,0.099
21,Elon Musk Tells Staff Twitter Should Allow ‘Pretty Outrageous’ Tweets,0.987,0.1,0.848,0.052
22,Why Tesla Stock Sold Off 7% Today,0.43,0.074,0.879,0.047
23,3 Things About Twitter That Smart Investors Know,0.832,0.189,0.811,0.0
24,"Tesla raises EV prices, Ford and GM prepare for economic slowdown",0.273,0.065,0.935,0.0
25,"Stocks plunge to 2022 lows, bitcoin hovers around $21,000",-0.422,0.0,0.872,0.128
26,"Tesla Model X now costs $6,000 more as EV maker hikes prices again",0.971,0.077,0.893,0.03
27,Rivian SUV Reservation Holders To Wait Longer For Deliveries: Report; Is RIVN Stock A Buy?,-0.402,0.074,0.736,0.19
28,Elon Musk's Las Vegas Strip Dream Gets Much Bigger,-0.178,0.129,0.711,0.16
29,Tesla price hikes: Here's how much each model costs now,-0.424,0.043,0.905,0.051
30,Elon Musk to hold Twitter town hall with employees,0.402,0.097,0.903,0.0
31,Musk-Twitter Takeover Drama Takes Another Turn With Town Hall Meeting,0.44,0.121,0.879,0.0
32,NIO Stock Falls 5% on Trademark Lawsuit,-0.868,0.06,0.867,0.073
33,"GM, Ford prepare for economic slowdown as gas prices weigh on auto industry",0.273,0.077,0.923,0.0
34,10 Most Shorted Stocks to Watch in June,0.995,0.089,0.852,0.059
35,Dow Jones Dives After Fed-Fueled Rebound; Tesla Hikes U.S. Prices; Elon Musk-Twitter Meeting Next,0.34,0.107,0.893,0.0
36,UPDATE 2-Tesla to charge more for cars in United States as inflation bites,0.735,0.08,0.853,0.067
37,"Twitter's Employees Can't Go To 'The Happiest Place On Earth' In 2023, Cost Cutting Measures Hit Company Travel",0.972,0.129,0.849,0.022
38,"1 Green Flag for Rivian in 2022, and 1 Red Flag",0.0,0.0,1.0,0.0
39,"Midday Movers: Revlon, Tesla, Carnival and More",-0.958,0.029,0.874,0.097
40,Dow Jones Futures Dive After Fed-Fueled Rebound; Tesla Hikes U.S. Prices; Elon Musk-Twitter Meeting Next,0.34,0.112,0.888,0.0
41,"Tesla, Lucid, and NIO Stock Fall. Analysts Are Worried About EV Sales.",0.178,0.047,0.921,0.032
42,Tesla Just Raised Car Prices. Why It Had Little Choice.,-0.637,0.024,0.904,0.072
43,"In a tough, post-Fed market, strategist finds opportunity knocking in a couple of this year’s hottest sectors",0.273,0.129,0.796,0.075
44,"Shopify Stock Has Taken a Beating, But a Small Position Is a Good Idea",0.993,0.124,0.828,0.047
45,Tesla Stock Has More Than Twitter Weighing on It,0.874,0.095,0.824,0.08
46,Tesla Stock Slides After US Model Price Hikes With Elon Musk Twitter Town Hall In Focus,0.153,0.065,0.935,0.0
47,7 Growth Stocks That Cathie Wood Is Bullish on Right Now,0.997,0.084,0.893,0.024
