﻿,Titles,Polarity,Positive,Neutral,Negative
0,Zuckerberg Gets Trillion-Dollar Gift On Elon Musk's Birthday,0.44,0.132,0.868,0.0
1,Dow Jones Futures: Covid Fears Shake Up Market Rally; Facebook Tops $1 Trillion; Tesla Rival Nio Flashes Buy Signal,-0.494,0.0,0.846,0.154
2,Tesla Owners Are Open to Other Options. What That Means for the Stock.,0.382,0.115,0.885,0.0
3,"'Halftime Report' Traders Weigh In On Square, Twitter And More",0.645,0.049,0.915,0.036
4,The company Tesla booted from the S&amp;P 500 is outperforming it,0.96,0.092,0.839,0.069
5,Volta co-founder on bringing EV trucks to last mile delivery,0.993,0.078,0.893,0.029
6,Facebook And Nvidia Lead The QQQ Higher Monday,0.963,0.126,0.825,0.05
7,Tesla faces 'black eye moment' with recall of cars sold in China,0.0,0.0,1.0,0.0
8,Top Growth Stocks for July 2021,0.954,0.25,0.75,0.0
9,Automakers ‘can’t have a business’ without infrastructure: Beam Global CEO,0.0,0.0,1.0,0.0
10,"Dow Jones Falls As Boeing Drags, But Nasdaq Hits New High As Tech Stocks Rally",-0.262,0.071,0.815,0.114
11,Tesla Buyers Are Fiercely Loyal. New Competition Could Change That.,0.382,0.115,0.885,0.0
12,Why Tesla Stock Jumped on Monday,0.856,0.195,0.805,0.0
13,How these CEOs stepped up during the pandemic,0.997,0.136,0.833,0.032
14,Tesla Stock Rallies Despite Latest 'Black Eye' In China As Q2 Deliveries Report Looms,0.0,0.0,1.0,0.0
15,"Auto Stock Roundup: CNHI-Raven Deal, KMX and WGO's Earnings &amp; More",0.998,0.109,0.878,0.012
16,Tesla Shares Up Despite Ongoing Challenges In China,0.87,0.07,0.886,0.044
17,"Electric Last Mile Solutions CEO on public debut, the future of EVs",0.999,0.095,0.89,0.016
18,Tesla’s China woes persist amid recall,-0.402,0.0,0.909,0.091
19,"NIO Will Surpass Tesla as China's Top EV Maker, Navellier Says",-0.296,0.0,0.916,0.084
20,Tesla (TSLA) Recalls Vehicles in China Over Defective Cruise Control,0.995,0.12,0.833,0.047
21,"Tesla Hits a Speedbump In China. It’s A Very Modern Recall, Though.",0.0,0.0,1.0,0.0
22,Rob Arnott Says He Told You Tesla Would Be a Drag on the S&amp;P 500,0.992,0.101,0.849,0.05
23,"Tesla faces ‘black eye moment’ over China recall, says bullish analyst",0.0,0.0,1.0,0.0
24,Here's Where I Ring the Register on Tesla,-0.34,0.0,0.968,0.032
25,The Elon and Jack Show. The Crypto Space Is Anticipating This Discussion,0.988,0.103,0.881,0.017
26,"Dow Jones Futures: Market Rally Starts To Wane With Amazon Near Buy Point; Tesla, Nio Rebound As Key Data Looms",0.586,0.209,0.791,0.0
27,"Tesla Delivery Preview: 200,000 in Sight but China Demand Stretched",0.153,0.073,0.874,0.052
28,Tesla Fixes Vehicle Safety Issue in China – Report,0.972,0.101,0.855,0.043
29,Bitcoin Acting as a Proxy for COIN Stock Movement,0.996,0.103,0.862,0.035
30,"Boeing, Tesla and Johnson &amp; Johnson Fall Premarket",0.968,0.092,0.88,0.027
31,Tesla Weaker As It Tackles Software Update Issue In China,-0.579,0.057,0.875,0.067
32,"Binance, Tesla, Boeing, Bed Bath &amp; Beyond - 5 Things You Must Know",0.562,0.103,0.859,0.038
33,Tesla/China: software glitch charges up local rivals,0.052,0.1,0.826,0.074
