﻿,Titles,Polarity,Positive,Neutral,Negative
0,"Bitcoin’s Market Value Bursts Past $1 Trillion, but Alt-Coins Could Steal Its Thunder",0.649,0.189,0.811,0.0
1,"Osprey's OBTC: A New, Low-Cost Bitcoin Fund",0.999,0.142,0.827,0.031
2,The Electric Car Buzz Makes Ideanomics Stock a Great Play This Year,0.999,0.191,0.791,0.018
3,3 Alt Energy Stocks to Buy Today,0.996,0.114,0.856,0.03
4,"Riot Blockchain, Canaan, and The9 Stock All Soared Today as Bitcoin Becomes $1 Trillion Asset",0.103,0.046,0.954,0.0
5,The 8 Most Expensive Stocks Worth Buying in 2021,1.0,0.164,0.778,0.059
