﻿,Titles,Polarity,Positive,Neutral,Negative
0,Tesla Q2 Preview: Can Shares Regain Power?,0.991,0.104,0.862,0.034
1,GM Makes Audacious Prediction in Tesla Rivalry,-0.103,0.071,0.851,0.077
2,Tesla is cutting 69 workers in Fremont,-0.296,0.0,0.885,0.115
3,"Dow Jones Futures: Stock Market Stages Nasty Reversal With Netflix, Tesla Earnings Due",-0.557,0.0,0.854,0.146
4,Tesla: Key Earnings Catalysts That Could Push the Stock Higher,0.994,0.124,0.854,0.022
5,"Markets lose earlier gains heading into the close, Apple weighs down tech stocks",0.0,0.0,1.0,0.0
6,Tesla Stock Gives Up Early Gains Ahead Of Q2 Earnings,0.273,0.08,0.92,0.0
7,"Tesla upgraded to Deutsche Bank's 'short-term buy' list, Uber settles disabled passenger lawsuit",0.543,0.13,0.82,0.05
8,Dow Futures Tick Higher As Earnings Season Heats Up,-0.832,0.031,0.911,0.058
9,Value stocks post best stretch in 20 years relative to growth stocks — but that’s starting to change. Why?,0.908,0.146,0.814,0.041
10,Tesla’s Earnings Are Impossible to Predict . Watch These 2 Points Instead.,-0.537,0.082,0.662,0.256
11,What's Going On With Apple Stock Today,0.968,0.149,0.819,0.032
12,Tesla Stock Back Above Key Benchmark Ahead Of Q2 Earnings,0.273,0.084,0.916,0.0
13,"With Its Quarterly Earnings Report Coming Up, Is Tesla Stock A Buy?",0.0,0.0,1.0,0.0
14,"Why Tesla, Rivian, and Nio Stock Popped Today",0.727,0.319,0.681,0.0
15,GM stock gets a downgrade amid worries about a recession,-0.74,0.0,0.805,0.195
16,Video Highlights — Charging Up Europe: Watch CEO of Allego in Fireside,0.996,0.146,0.854,0.0
17,"Twitter-Musk trial, Starbucks closures: Top legal stories to watch",-0.103,0.059,0.866,0.075
18,How to Trade Earnings with Straddles (Featuring Netflix and Tesla),0.178,0.034,0.943,0.023
19,Weak Q2 Deliveries Likely to Impair Tesla's (TSLA) Earnings,0.994,0.088,0.88,0.033
20,"Musk moves to delay Twitter trial, Starbucks eyes sale of UK business, heatwave hits UK, Skittles sued",-0.226,0.0,0.934,0.066
21,"Tesla, Netflix to report earnings this week",0.0,0.0,1.0,0.0
22,"Energy stocks gain, Tesla stock rises, bitcoin and ethereum prices jump",0.0,0.0,1.0,0.0
23,"With no smoking gun, Elon Musk hopes a legal fishing expedition is key to jilting Twitter",-0.981,0.069,0.831,0.1
24,Dow Jones Rallies As Earnings Season Continues; Goldman Sachs Jumps On Earnings,0.0,0.0,1.0,0.0
25,"Twitter-Musk, Starbucks closures, Google and antitrust: 3 legal stories to watch",0.296,0.069,0.873,0.058
26,Tesla plans more construction near gigafactory east of Austin,0.38,0.031,0.969,0.0
27,10 New Stock Picks of Bruce Kovner’s Caxton Associates,1.0,0.114,0.87,0.017
28,UPDATE 1-U.S. investigates California Tesla crash that killed motorcyclist,-0.987,0.073,0.751,0.175
29,12 Best Environmental Stocks to Invest In,1.0,0.128,0.861,0.011
30,"Tesla stock offers 'compelling opportunity' and company could positively surprise on margins, Deutsche Bank says",0.923,0.183,0.793,0.023
31,3 Stocks to Avoid This Week,0.422,0.13,0.79,0.08
32,Dow Jones Futures Rally As Earnings Season Continues; Goldman Sachs Jumps On Earnings,0.0,0.0,1.0,0.0
33,Stock market news live updates: Stock futures jump as earnings season picks up,-0.95,0.025,0.914,0.061
34,Tesla Wants to Lower Its Prices on One Condition,0.0,0.0,1.0,0.0
35,3 Stocks You'll Be Happy You Own When the Bear Market Is Over,0.94,0.246,0.754,0.0
36,"The job market is poised to slow 'sharply,' Goldman warns",0.89,0.092,0.838,0.07
37,Elon Musk says Tesla is integrating the world’s largest PC game marketplace into its cars: ‘Demo probably next month’,0.985,0.103,0.88,0.017
38,Rare Tech Stock Winner in India Taps Niche Demand for EV Design,0.727,0.099,0.815,0.086
39,Tesla’s Chinese Battery Maker Is Scoping Out Factory Sites in Mexico,0.929,0.054,0.912,0.034
