﻿,Titles,Polarity,Positive,Neutral,Negative
0,Elon Musk is sued by shareholders over delay in disclosing Twitter stake,0.697,0.063,0.879,0.058
1,Charging Into the Future With EVs,0.997,0.075,0.92,0.006
2,10 Best Stocks to Buy Now According to Billionaire Nicholas Pritzker’s Tao Capital,0.999,0.103,0.882,0.016
3,"Tesla: Reservations for its new ‘Roadster’ require $50,000 deposit",0.0,0.0,1.0,0.0
4,Dow Jones Futures: Market Rally On Inflation Report Fizzles As Fed Sends This Hawkish Signal; What To Do Now,0.052,0.093,0.825,0.082
5,"Stocks close at session lows, energy stocks among leading performers",0.0,0.0,1.0,0.0
6,Is Tesla Stock A Buy As Elon Musk Orchestrates A Challenging Symphony,0.0,0.0,1.0,0.0
7,The Roadster Is Tesla and Elon Musk's New Cash Machine,0.202,0.101,0.899,0.0
8,Ark's Wood remains bullish on Tesla as U.S. recession fears rise,0.93,0.15,0.773,0.077
9,Dow Futures Tick Higher As Inflation Surges to 41-Year Highs,0.477,0.066,0.874,0.06
10,"Honda Unleashes Heavy Weapons Against Tesla, GM and Ford",0.557,0.07,0.89,0.04
11,"A Lesson About Wealth From Elon Musk, the World’s Richest Human",0.625,0.124,0.876,0.0
12,"How Elon Musk Became the World’s Richest Human, and How You Can Build Wealth, Too",0.625,0.124,0.876,0.0
13,Why Nio Shares Dropped Tuesday,0.0,0.0,1.0,0.0
14,Stock Market Gains Despite Hotter Than Expected Inflation; Consumer Discretionary Stocks Lead,0.727,0.307,0.693,0.0
15,"Why Tesla, Rivian, and Lucid Stocks Moved Up Today",0.296,0.186,0.814,0.0
16,"American Axle (AXL) Inks Deal to Buy Tekfor, Drive EV Growth",0.994,0.106,0.886,0.008
17,Honda (HMC) Pledges $63B Investment for Bold EV Efforts,0.996,0.096,0.899,0.005
18,Tesla’s Shanghai Plant Remains Shut. There Is an Option to Restart.,-0.591,0.027,0.886,0.087
19,"Shopify, Alphabet, Amazon, and Tesla Stocks Are Splitting -- Which Ones Are the Best Buys?",0.671,0.151,0.849,0.0
20,Does It Matter That GameStop's Split Will Be a Stock Dividend?,-0.166,0.0,0.981,0.019
21,3 Electric Vehicle Stocks to Buy As We Ride Into April,0.977,0.071,0.894,0.035
22,Twitter Is Stuck With Elon Musk. 3 Ways It Could Play Out.,0.0,0.0,1.0,0.0
23,Here's How Much You'd Have If You Invested $1000 in Tesla a Decade Ago,0.999,0.173,0.81,0.016
24,Imminent Share Split Makes Restoration Hardware Stock Worth Owning Now,0.997,0.14,0.846,0.014
25,Elon Musk's not-so-secret weapon: An army of Twitter bots touting Tesla,0.988,0.078,0.881,0.04
26,EV Roundup: Updates From Tesla (TSLA) and General Motors (GM) Create Buzz,0.989,0.058,0.914,0.028
27,Better Stock-Split Stock: Amazon vs. Tesla,0.898,0.157,0.814,0.029
28,Twitter’s Life With Elon Musk. Three Stock Scenarios.,0.0,0.0,1.0,0.0
29,The No. 1 factor that will set stocks apart this earnings season: Morning Brief,0.929,0.077,0.868,0.055
30,The Near-500% Rally in Lithium Is Showing Cracks in China,-0.965,0.041,0.866,0.093
31,Elon Musk’s Twitter Stake Is Forcing Tesla Investors to Consider the Key-Man Risk,0.0,0.0,1.0,0.0
