﻿,Titles,Polarity,Positive,Neutral,Negative
0,"Edward Niedermeyer, Portland author of ‘Ludicrous,’ on Tesla and what unites Elon Musk and Donald Trump",-0.265,0.0,0.879,0.121
1,Dow Jones Futures: Stock Market Rally Enters Power Trend; These EV Plays Flash Buy Signals,0.0,0.0,1.0,0.0
2,The Nasdaq’s New Bull Market Could Be a Head Fake,0.077,0.081,0.847,0.071
3,FCC denies SpaceX's Starlink its $1 billion bid on rural broadband expansion,-0.226,0.047,0.898,0.056
4,Elon Musk sells nearly $7 billion of Tesla stock ahead of Twitter deal ruling,0.989,0.076,0.889,0.035
5,"ETFs: Cooling inflation data 'changed the tone' for risk assets, expert says",0.0,0.0,1.0,0.0
6,Dow Jones Pops On Inflation Data; Tesla Gains As Elon Musk Makes This Promise; Coinbase Up As Bitcoin Rallies,0.599,0.182,0.818,0.0
7,"Stock Market Holds Gains As Inflation Cools Off; Small Caps, Nasdaq Lead",0.935,0.266,0.734,0.0
8,Why Today's Jump in Tesla Shares Surprised Investors,0.557,0.1,0.868,0.032
9,Elon Musk/Tesla: defiant CEO’s share sale is pragmatic move,0.584,0.109,0.891,0.0
10,Musk Could Be Raising Cash for a Repriced Twitter Deal,0.612,0.062,0.938,0.0
11,"Stock Market Soars As Inflation Eases; Amazon, Google, Tesla Lead Markets",0.494,0.181,0.819,0.0
12,Stock Market Today: Dow Racks Up Gains as Easing Inflation Triggers Tech Rally,0.925,0.123,0.786,0.091
13,Elon Musk sells Tesla stock amid speculation that the Twitter deal will close,0.977,0.105,0.87,0.024
14,Is Tesla Stock A Buy With Earnings Over And A Stock Split Ahead,0.599,0.189,0.811,0.0
15,Rivian Stock Gains Ahead Of Earnings Report; Is RIVN Stock A Buy?,-0.402,0.074,0.736,0.19
16,Investors Should Wait for These 2 Signals Before Buying Tesla,-0.463,0.0,0.721,0.279
17,Nasdaq Leads Stock Market Surge On Milder Inflation; These IBD 50 Stocks Act Bullishly,0.0,0.0,1.0,0.0
18,S&amp;P 500 Rides Tech Rally as Easing Inflation Pushes U.S. Yields Lower,0.981,0.131,0.797,0.072
19,"Adient (ADNT) Beats on Q3 Earnings &amp; Sales, Revises FY22 View",0.993,0.079,0.899,0.022
20,3 of the S&amp;P 500's Top-Performing Stocks in July,0.929,0.214,0.786,0.0
21,Amazon Joins Deal Revival Spurred by Lower Valuation: Tech Watch,-0.952,0.05,0.879,0.071
22,Elon Musk sells $6.88 billion worth of Tesla shares,0.993,0.112,0.852,0.036
23,Dow Jones Surges On Cool CPI Inflation Data; Elon Musk Sells More Tesla Stock,0.494,0.167,0.833,0.0
24,This Analyst is Bullish on 8 Auto Stocks for the Rest of 2022,0.997,0.091,0.867,0.042
25,"Tesla 500 mile range Semi truck to start shipping this year, followed by the Cybertruck next year, Elon Musk tweets",0.671,0.099,0.872,0.028
26,Dow Jones Futures Surge On Cool CPI Inflation Data; Elon Musk Sells More Tesla Stock,0.494,0.167,0.833,0.0
27,"The Ultimate Growth Stocks to Buy With $1,000 Right Now",0.586,0.103,0.836,0.062
28,Dow Jones Futures Rise Ahead Of CPI Inflation Data; Elon Musk Sells More Tesla Stock,0.226,0.076,0.924,0.0
29,"Nikola CEO Mark Russell to retire at the end of the year, stock gains",0.866,0.121,0.879,0.0
30,I'll Share This Investing Tip Until I'm Blue in the Face,0.71,0.219,0.781,0.0
31,"Tesla Semi Truck Deliveries to Start This Year, Cybertruck to Follow, Musk Says",0.0,0.0,1.0,0.0
32,Musk Sells Tesla Stock Once Again. It’s the Risk of Paying Up for Twitter.,-0.103,0.0,0.952,0.048
33,5 Undervalued Auto Stocks to Buy Before They Zoom Higher,0.999,0.119,0.865,0.016
34,Stock Market Today - 8/10: Stocks Higher As July Inflation Data Looms; Elon Musk Tesla Sale Boosts Twitter,0.0,0.0,1.0,0.0
35,"Coinbase, Roblox, Tesla, Trade Desk and Other Stock Market Movers Wednesday",0.0,0.0,1.0,0.0
36,Meta’s Susan Li will join a growing group of Fortune 500 CFOs under 40,0.986,0.064,0.933,0.003
37,"Eddie Alterman Talks About Cars, Autonomous and Not",0.0,0.0,1.0,0.0
38,"Tesla 500 million mile range Semi truck to start shipping this year, followed by the Cybertruck next year, Elon Musk tweets",0.671,0.099,0.872,0.028
39,"Tesla Stock Higher As Elon Musk Sells $6.9 Billion Shares, Citing Twitter Deal",-0.459,0.051,0.815,0.135
40,1 Stock-Split Stock to Buy Hand Over Fist in August,0.459,0.115,0.837,0.048
41,"Stocks Steady, Inflation, Tesla, Coinbase And Disney Earnings In Focus - Five Things To Know",0.178,0.093,0.828,0.079
42,"Coinbase, Roblox, Sweetgreen Fall Premarket; Twitter Rises",0.103,0.069,0.866,0.065
43,"Elon Musk Sells $6.9 Billion of Tesla Stock, Leaving Investors to Wonder What’s Next",0.477,0.141,0.859,0.0
44,Dow Futures Edge Higher Ahead of CPI Data; Disney Earnings Eyed,-0.807,0.068,0.851,0.081
45,"U.S. CPI, Tesla Stock Sale, Disney Results, EIA Stocks - What's Moving Markets",-0.993,0.059,0.847,0.095
46,Musk Sells $6.9 Billion of Tesla Stock,0.0,0.045,0.911,0.045
47,Elon Musk offloads nearly $7 billion in Tesla stock amid Twitter fight,0.511,0.155,0.787,0.058
