﻿,Titles,Polarity,Positive,Neutral,Negative
0,U.S. safety agency says it has opened probes into 10 Tesla crash deaths since 2016,0.273,0.075,0.857,0.067
1,Musk: Tesla May Accept Bitcoin As Payment If Crypto Goes Green,0.998,0.173,0.769,0.058
2,Lordstown Motors admits that electric truck orders aren't 'firm purchase commitments',-0.699,0.06,0.877,0.063
3,"Forget Bitcoin, Here's Why Tesla Stock Is Still Worth Buying Today",0.052,0.082,0.839,0.079
4,How Elon Musk's Tweets Move the Cryptocurrency Market,0.949,0.161,0.839,0.0
5,12 Best Cryptocurrency Stocks to Invest in 2021,1.0,0.153,0.825,0.021
6,10 Best Cheap Stocks to Buy According to Michael Burry,0.999,0.117,0.856,0.028
7,"Dow Jones Slides As Fed Turns Hawkish; Tesla Stock Reverses, Adobe Earnings On Deck",0.0,0.0,1.0,0.0
8,"Dow Jones Falls As Fed Turns Hawkish; Tesla Stock Reverses, Adobe Earnings On Deck",0.0,0.0,1.0,0.0
9,Why Sharing Its Charging Network Could Help Tesla,0.671,0.265,0.735,0.0
10,5 Famous Investors Who Are on the Crypto Train,0.0,0.0,1.0,0.0
11,Where Will Lucid Motors Be in 1 Year?,0.527,0.105,0.895,0.0
12,Germany in Talks with Tesla over Sharing of Charging Stations – Report,0.992,0.122,0.875,0.003
13,Why General Motors Is Crushing Tesla in 2021,0.44,0.044,0.956,0.0
14,Tesla-Backed CureVac Plunges On Underwhelming COVID-19 Vaccine Efficacy Data,0.961,0.062,0.918,0.02
