﻿,Titles,Polarity,Positive,Neutral,Negative
0,Dow Jones Futures: Stock Market Rally Diverges As Tech Stocks Sell Off; Zoom Earnings Beat,0.0,0.0,1.0,0.0
1,Tesla Jumps as Musk Tweets About Model S Plaid in China,0.586,0.186,0.814,0.0
2,"Dow Jones Leads, Nasdaq Lags As Holiday Week Gets A Mixed Start; Nucor Breaks Out, Tesla Extends Rally To 6th Day",-0.25,0.079,0.789,0.132
3,Tesla Stock Rises As Musk Teases Model S Plaid In China; Battery Issue Drains Rivian Stock,0.0,0.0,1.0,0.0
4,Tesla factory worker's lawyer says sexual harassment is 'rampant' at the EV giant,-0.994,0.056,0.8,0.144
5,Dow Jones Leads Upside While Nasdaq Pares Gains; Growth Stocks See Heavy Sell-Off; Tesla Stock Pops On Elon Musk Tweet,0.0,0.0,1.0,0.0
6,"Tesla details $1 billion costs for new Texas factory, targets year-end completion",0.105,0.015,0.971,0.014
7,7 Stocks to Buy if the DWAC Trump SPAC Succeeds,0.999,0.136,0.801,0.063
8,"Stocks on the move: Amazon, Rivian, Blink, Airbnb, cannabis stocks, semiconductors, and more",-0.077,0.14,0.702,0.158
9,Why Nio Stock Blasted Higher Today,-0.34,0.032,0.92,0.048
10,"Ford stock up slightly, Rivian down more than 10% as partnership falls through",0.0,0.0,1.0,0.0
11,Rivian Stock Is Giving Up Its Gigantic IPO Gains. Blame Ford and Tesla.,0.296,0.087,0.913,0.0
12,Tesla’s Winning Streak Delivers Additional $175 Billion in Market Value,0.087,0.074,0.859,0.067
13,Tesla Stock Jumps On Plaid Prospects In China; Battery Issue Drains Rivian Stock,0.0,0.0,1.0,0.0
14,"Zoom Outlook, Medtronic Sales, Tesla Tweets: 3 Things to Watch",0.984,0.088,0.896,0.017
15,Why Tesla Stock Is Up By More Than 5% Today,0.984,0.122,0.844,0.034
16,"Apple encourages employees to discuss wages, working conditions",0.44,0.121,0.879,0.0
17,Elon Musk Says Tesla’s Model S Plaid to Launch in China Next Year,0.0,0.0,1.0,0.0
18,Michael Burry Is Dumping These 10 Stocks,1.0,0.122,0.849,0.03
19,Dow Jones Rallies As Biden Picks Powell For Fed Chief; Tesla Races Higher On Elon Musk Tweet,0.0,0.0,1.0,0.0
20,"Elon Musk and Jamie Dimon Don't Get Along, New Lawsuit Says",0.0,0.0,1.0,0.0
21,"Apple building a car ‘is a matter of when, not if’: Wedbush’s Dan Ives",0.985,0.079,0.914,0.007
22,Tesla Back to New Highs? Let's Look at the Chart.,0.262,0.057,0.904,0.039
23,"3 questions surrounding electric cars, according to Transportation Secretary Pete Buttigieg",0.993,0.074,0.905,0.021
24,Dow Jones Futures Rise As Tesla Rallies On Elon Musk Tweet; Zoom Video Earnings Due,0.0,0.0,1.0,0.0
25,JPMorgan’s Jamie Dimon and Tesla’s Elon Musk Feud Behind the Scenes,-0.557,0.0,0.739,0.261
26,"Dow Jones Futures Rise: Biden Set To Pick Fed Chief As Market Rally Diverges; Tesla Rises, Rivian Falls",0.0,0.0,1.0,0.0
27,"The Metaverse,  Crypto and EVs Are Among 2021’s Big Tech Winners",0.946,0.083,0.864,0.053
28,Wall Street Poised for a Thanksgiving Week Rally: 3 Growth Picks,0.998,0.141,0.831,0.028
29,Better Buy: Tesla or a 50/50 Split of Lucid and Rivian?,0.866,0.14,0.822,0.039
30,3 Renewable Energy Stocks Crushing the Market in 2021,0.848,0.2,0.751,0.05
31,5 Must-Buy Stocks to Tap Nasdaq Composite's Impressive Rally,1.0,0.151,0.84,0.009
32,What Elon Musk’s emails to Tesla employees reveal about his management style,0.98,0.092,0.881,0.027
33,2 Underrated Growth Stocks That Could Be Better Buys Than Tesla,0.506,0.086,0.874,0.041
34,1 Warning From Elon Musk Every Cryptocurrency Investor Needs to Know,0.25,0.095,0.856,0.05
35,Tesla Stock Is Rising. Elon Musk Says the Model S Plaid Could Hit China by March.,0.0,0.0,1.0,0.0
36,3 Growth Stocks Billionaires Bought Hand Over Fist in the Third Quarter,0.178,0.033,0.967,0.0
37,"S&amp;P 500, Nasdaq Hit Record High, Dow Leaps As Jerome Powell Re-Named Fed Chairman - Stock Market Live",-0.676,0.147,0.628,0.224
38,Rivian Falls Premarket; Tesla and Uber Rise,0.671,0.042,0.939,0.018
39,"Tesla, Pfizer Active, German COVID Crisis, Inflation in Focus - Stock Market Live",-0.676,0.165,0.583,0.252
40,Paytm Founder Compares Himself to Musk After Historic IPO Flop,0.955,0.09,0.868,0.042
41,Tesla Stock Gains As Musk Tweets Model S Plaid Coming to China In March,0.202,0.063,0.938,0.0
42,"Tesla, Activision, Fed Chair Choice and Stock Markets - 5 Things You Must Know",0.34,0.047,0.953,0.0
43,Rivian Falls After Calling off Plans for EV with Ford,0.941,0.067,0.924,0.009
44,Paytm Under Scrutiny After First-Day Flop Followed Record IPO,0.854,0.091,0.833,0.076
45,How Ford and GM Can Close the Gap With Rivian,0.0,0.0,1.0,0.0
