﻿,Titles,Polarity,Positive,Neutral,Negative
0,"US STOCKS-Wall Street ends sharply up, fueled by Nvidia and Amazon",0.98,0.089,0.875,0.036
1,"US STOCKS-Nasdaq ends sharply up, fueled by Nvidia and Amazon",0.976,0.092,0.876,0.032
2,California bans all new gas-powered car sales by 2035,0.81,0.075,0.875,0.05
3,Tesla shares slide after 3-for-1 stock split,0.986,0.113,0.85,0.036
4,Top 10 Trending Stocks Today,0.998,0.127,0.827,0.045
5,California is poised to ban the sale of all new gas-powered cars by 2035 — here are 3 EV stocks that could pop if other states follow suit,0.993,0.093,0.878,0.029
6,This Could Be a Good Time for Employees to Exercise Stock Options. Here’s Why.,0.637,0.234,0.696,0.07
7,"Tesla stock split isn't the only big catalyst for EV king, analyst says",0.989,0.084,0.893,0.022
8,"US STOCKS-Nasdaq rallies, fueled by Nvidia and Amazon",0.977,0.092,0.869,0.04
9,Tesla wants videos of its cars running over child dummies taken down by safety group,-0.802,0.054,0.873,0.072
10,US STOCKS-Wall St climbs as investors await Fed's signals from Jackson Hole,0.964,0.079,0.878,0.043
11,Tesla says California should toughen EV requirements,0.941,0.064,0.913,0.022
12,"Tesla stock reverses gains, Dollar Tree stock tumbles on guidance cut",0.0,0.0,1.0,0.0
13,HOG vs. TSLA: Which Stock Should Value Investors Buy Now?,0.999,0.257,0.738,0.004
14,US STOCKS-Wall St rises as investors await Fed's signals from Jackson Hole,0.768,0.075,0.86,0.065
15,Tesla Stock Lower On 3-For-1 Nasdaq Split Trading Debut,0.296,0.109,0.891,0.0
16,Tesla's Stock Split Has Taken Effect. Now What?,0.0,0.0,1.0,0.0
17,Dow Jones Falls After Key Economic Data; Peloton Dives 18% On Earnings,0.0,0.0,1.0,0.0
18,Tesla's Stock Split Takes Effect,0.527,0.132,0.868,0.0
19,US STOCKS-Wall St set to rise at open as investors focus on Jackson Hole meet,0.871,0.082,0.854,0.064
20,Dow Jones Futures Rise After Key Economic Data; Peloton Dives On Earnings,0.0,0.0,1.0,0.0
21,A Flurry of Tesla Price-Target Changes Are Coming. The Reason Is Odd.,0.0,0.0,1.0,0.0
22,Dow Jones Futures Rise On China Stimulus: Nvidia Leads Earnings Movers; Tesla Rallies After Stock Split,-0.064,0.067,0.855,0.077
23,Tesla shares up 2% premarket as they start trading on split-adjusted basis,0.769,0.091,0.909,0.0
24,"Tesla, Nvidia, Snowflake, Peloton, and More Stock Market Movers Thursday",0.459,0.081,0.89,0.029
25,"Pinterest Comes Under Regulatory Radar Over Gender, Racial Bias: Report",0.274,0.085,0.84,0.075
26,Tesla shares slip as 3-1 stock split kicks in,0.968,0.108,0.854,0.038
27,7 Stocks to Sell When Consumer Confidence Is Falling,0.967,0.089,0.838,0.073
28,Are Investors Overlooking This Major Catalyst for Tesla Stock?,0.0,0.0,1.0,0.0
29,Nio Stock Has Too Much Downside to Risk Buying It Now,0.997,0.134,0.806,0.06
30,U.S. Stocks Rise as Investors Await Fed Confab,-0.026,0.059,0.882,0.059
31,"Stocks Higher, Nvidia, Salesforce, Tesla, And PlayStation Price Hikes - Five Things To Know",0.029,0.045,0.913,0.042
32,Tesla Split Will Struggle to Feed $280 Billion Rally: Tech Watch,0.997,0.119,0.829,0.052
33,"Peloton, Abercrombie &amp; Fitch Fall Premarket; Snowflake, Amazon, Tesla Rise",0.9,0.107,0.826,0.067
34,Dow Jones Futures Rise: Warren Buffett Stock Has New Buy Point; Nvidia Leads Earnings Movers,0.202,0.091,0.909,0.0
