﻿,Titles,Polarity,Positive,Neutral,Negative
0,"Dow Jones Futures: How To Handle The Market Rally Now; Airbus, Apple, Nvidia, Tesla, Moderna, Peloton In Focus",0.285,0.102,0.898,0.0
1,Apple Hires Tesla’s Autopilot Software Director for Car Effort,-0.904,0.022,0.936,0.042
2,5 Stocks Set to 10x Next Year,0.999,0.134,0.798,0.068
3,Tesla Surpasses a Whole Index Worth of Energy Industry Leaders,0.926,0.098,0.858,0.044
4,"Top Analyst Reports for Tesla, Comcast &amp; AbbVie",0.996,0.137,0.825,0.037
5,Is Ford Stock A Buy After Earnings As Automakers Charge Higher?,0.902,0.192,0.808,0.0
6,Why Tesla Stock Soared Even Higher This Week,0.856,0.181,0.819,0.0
7,Microvision Q3 Recap: InvestorPlace Readers Speak Out After Bumpy Quarter,0.999,0.104,0.868,0.028
8,Rob Arnott on Market Bubbles and Profiting from Valuation Gaps,-0.856,0.043,0.855,0.103
9,"Stock Market Rally Keeps Running On Tesla, Nvidia, Fed Decision, Jobs Report: Weekly Review",-0.171,0.0,0.929,0.071
10,"Tesla to open Canada battery gear factory in Markham, Ontario -mayor",0.599,0.026,0.974,0.0
11,Rivian Is Shooting for a $53 Billion Valuation. Here’s Why That’s Not Crazy.,0.0,0.0,1.0,0.0
12,Dow Jones Rallies On Strong Jobs Report; Peloton Crashes 30% On Earnings; Pfizer Surges On Covid-19 Pill,0.0,0.0,1.0,0.0
13,Tesla’s After-the-Fact ‘Recall’ of Software Update Upends Old Rules of the Road,0.963,0.081,0.855,0.064
14,José Andrés Announces $1 Billion Climate Fund Using Jeff Bezos’s Money,0.816,0.111,0.8,0.089
15,Why some business leaders are ‘missing the point of America’,0.995,0.197,0.744,0.059
16,What's driving the latest Volkswagen power struggle?,0.985,0.066,0.906,0.027
17,10 Growth Stocks to Buy According to Alex Sacerdote’s Whale Rock Capital,1.0,0.124,0.856,0.02
18,"Nasdaq Runs Higher, Semis Run Hot, EV Market Heats Up, Peloton Cools Down",0.0,0.0,1.0,0.0
