﻿,Titles,Polarity,Positive,Neutral,Negative
0,EXCLUSIVE HIGHLIGHTS: Solar Meets Wind for Carbon-Free Electricity: Join CEO of KiNRG in Fireside,0.999,0.146,0.837,0.016
1,10 EV Materials Stocks to Invest In,0.999,0.1,0.881,0.019
2,"Tesla stock: 2023 is 'a pivotal year,' Deutsche Bank analyst explains",0.996,0.117,0.849,0.033
3,Audi: Popularity of Electric Vehicles Is Creating a Challenge,0.0,0.0,1.0,0.0
4,"Why Tesla, ChargePoint, and Blink Charging Are Lower Today",0.8,0.386,0.614,0.0
5,Tesla Stock Bulls and Their Bullish Comments Aren’t Helping Shares,0.273,0.108,0.754,0.138
6,These ETFs are capitalizing on the luxury goods boom,0.977,0.047,0.948,0.005
7,Tesla China Offers De Facto Price Cut As Wait Times Plunge,-0.273,0.0,0.925,0.075
8,Dow Jones Sells Off As FedEx Plunges 23% On Profit Warning,0.402,0.217,0.681,0.102
9,Dow Jones Futures Sell Off As FedEx Plunges 20% On Profit Warning,0.402,0.227,0.667,0.107
