﻿,Titles,Polarity,Positive,Neutral,Negative
0,"RPT-U.S. judge approves SEC payout from Elon Musk, Tesla settlements",0.912,0.08,0.882,0.038
1,"Dow Jones Futures: What The Market Rally Needs Now; Six Stocks In Focus, Tesla Rival Xpeng On Tap",0.857,0.308,0.692,0.0
2,"Stock market ends the week mixed, energy and tech outperform",0.0,0.0,1.0,0.0
3,"4 Top Stock Trades for Monday: S&amp;P 500, GME, MU, TSLA",0.992,0.1,0.862,0.038
4,"Tesla Could Play a Big Role in Restructuring the US Energy Grid, Says Morgan Stanley",0.993,0.126,0.864,0.01
5,Dow Jones Up As Microsoft Stumbles; Tesla Stock Steady As Rival Dives; 3 Stocks Test Buy Points,-0.625,0.0,0.797,0.203
6,"Market check: Stock indices mixed, China stocks slump, cannabis stocks jump",0.963,0.072,0.921,0.007
7,10 Stocks US Politicians Are Buying,1.0,0.17,0.807,0.023
8,"Once Its Latest Rally Wraps Up, Nio Stock Could Shift Into Reverse",0.984,0.11,0.822,0.068
9,Tesla ‘is entering a new growth phase': Analyst,0.995,0.126,0.863,0.011
10,"Stock Market Rally Extends Gains; Tesla, Nvidia, Adobe, KB Home In Focus: Weekly Review",-0.061,0.164,0.699,0.136
11,"Electric vehicles: Nio reports earnings, Tesla Berlin factory to boost supply",0.0,0.0,1.0,0.0
12,"Oil prices drop as EU holds off on Russian crude ban, Rivian stock falls despite bullish note",0.0,0.0,1.0,0.0
13,Dow Jones Climbs As Apple Nears Buy Point; Tesla Rival Nio Skids On Earnings,0.0,0.0,1.0,0.0
14,Why Tesla Stock Was Crushing the Market This Week,0.557,0.194,0.806,0.0
15,Tesla and Musk Use Ingenious Trick to Get Buyers to Pay More,-0.292,0.059,0.811,0.13
16,"Tesla stock is ‘way oversold’ despite the recent big bounce, analyst says",0.593,0.116,0.884,0.0
17,Here's How Much a $1000 Investment in Tesla Made 10 Years Ago Would Be Worth Today,0.999,0.169,0.814,0.017
18,Oshkosh's (OSK) Defense Arm Gets 1st NGDV Fleet Order From USPS,0.997,0.144,0.846,0.01
19,"Zacks.com featured highlights include Target, Tesla, Huntington Ingalls Industries, Clean Harbors and Occidental Petroleum",0.999,0.152,0.83,0.018
20,Dow Jones Futures Rise As Apple Nears Buy Point; Tesla Rival Nio Skids On Earnings,0.0,0.0,1.0,0.0
21,"UPDATE 1-Tesla recalls 947 U.S. vehicles over delay in rearview image display, NHTSA says",-0.691,0.043,0.893,0.064
22,"Tesla recalls 947 U.S. vehicles over delay in rearview image display, NHTSA says",-0.691,0.044,0.89,0.065
23,"The Zacks Analyst Blog Highlights Tesla, Cisco Systems, Advanced Micro Devices, CSX, Truist Financial and The TJX Companies",0.999,0.165,0.818,0.016
24,3 Top Stock-Split Candidates After Amazon and Alphabet,0.0,0.0,1.0,0.0
25,The SEC Responds in Its Battle With Tesla CEO Elon Musk. It’s Not Conceding.,0.126,0.067,0.883,0.05
26,Oil Will Still Dominate The U.S. Energy Market In 2050,0.996,0.111,0.85,0.039
