﻿,Titles,Polarity,Positive,Neutral,Negative
0,Blue Origin is still catching up to Elon Musk’s SpaceX,0.382,0.062,0.91,0.028
1,‘ESG assets are only set to grow’: Investopedia Editor in Chief,-0.128,0.0,0.939,0.061
2,Elon Musk Reveals Crypto Holdings. Here's Which Cryptocurrencies the Billionaire Owns,0.889,0.163,0.837,0.0
3,"Why Bitcoin and Ethereum Popped, but Dogecoin Dropped",0.898,0.287,0.713,0.0
4,Is Lucid Motors Stock A Buy Right Now Ahead Of Its Highly Anticipated IPO?,0.0,0.0,1.0,0.0
5,The F-150 Lightning Will Crush the Tesla Cybertruck,1.0,0.148,0.83,0.023
6,Why Plug Power Stock Dropped Thursday,0.139,0.066,0.876,0.058
7,Tesla (TSLA) CEO Elon Musk Again Moves Crypto Prices,0.349,0.18,0.747,0.073
8,Tesla’s Deal on Nickel for Batteries Should Raise Eyebrows,0.66,0.184,0.816,0.0
9,"Crypto gains after Musk reveals he owns Ethereum, revised Bitcoin stance",0.0,0.0,1.0,0.0
10,Crypto investors are still following Elon Musk's 'every word',0.0,0.0,1.0,0.0
11,"Tesla Earnings: Record Q2 Deliveries, But Bitcoin Slump, Competition Concerns And Chip Shortages",0.989,0.081,0.873,0.046
12,15 Socialist Countries that Have Succeeded,1.0,0.168,0.781,0.051
13,Tesla (TSLA) Locks Future Nickel Supply on Deal With BHP,0.996,0.117,0.865,0.018
14,"Is GM Stock A Buy? Chips Snag General Motors Output, But EV Ramp Is Almost Here",0.075,0.058,0.942,0.0
15,"This Growth Stock Has 365% Upside, According to Cathie Wood",0.572,0.093,0.907,0.0
16,Strong Delivery Count to Steer Tesla's (TSLA) Q2 Earnings,0.997,0.117,0.868,0.015
17,Tesla Accelerating Straight into 2021’s Second Half,0.984,0.095,0.901,0.005
18,"Dow Jones Futures Add To Stock Market Rally, Square, Tesla Rival Flash Buy Signs",0.0,0.0,1.0,0.0
19,"Dogecoin Continues To Rebound As Bitcoin Tests Resistance At $32,000",0.987,0.119,0.834,0.047
20,"Chip Shortages, Jobless Claims, ECB, Musk Lifts Bitcoin  - What's Moving Markets",-0.165,0.047,0.902,0.05
21,"FOREX-Dollar, yen on back foot as risk sentiment revives; Musk buoys bitcoin",0.941,0.058,0.914,0.028
22,Elon Musk Says SpaceX Holds Bitcoin And Tesla Might Start Accepting It Again,0.98,0.086,0.907,0.007
23,"Tesla and Bitcoin, Activision, AT&amp;T, Chembio - 5 Things You Must Know Thursday",0.813,0.237,0.763,0.0
24,"BHP, Tesla Gain On Supply Pact For Nickel, Renewables Collaboration",0.944,0.103,0.869,0.028
25,DeFi/bitcoin: Dorsey endorses the ultimate disruption,-0.052,0.049,0.898,0.053
