﻿,Titles,Polarity,Positive,Neutral,Negative
0,How Tesla and Elon Musk can fight the new EV rivals,0.998,0.085,0.886,0.029
1,"EV Startup, Apple Partner To Launch New Electric Car, Vow Short Development Time",0.0,0.0,1.0,0.0
2,Tax season 2021: Intuit benefits from 10 million people opening brokerage accounts last year,0.998,0.149,0.825,0.026
3,Top Stocks for March 2021,0.778,0.098,0.902,0.0
4,"March 4 at 2pm EST: Autonomous, Robotics, AI, Security Robots &amp; Public Safety Apps: Join Knightscope CEO William Santana Li for Ask Me Anything!",0.954,0.105,0.85,0.045
5,2021 Is Shaping Up To Be A Pivotal Year For EVs,0.994,0.069,0.92,0.011
6,"Dow Jones Today, Stocks Sag Ahead Of Powell, Day 2; J&amp;J Jumps On FDA Vaccine Comments",0.0,0.0,1.0,0.0
7,"Dow Jones Futures Rise, Bitcoin Rebounds After Market Rally Makes Stand; Tesla, Square Lead Key Movers",-0.318,0.089,0.734,0.178
8,"An Alternative-Energy Fund Wins With High-Yielding Stocks, and Avoids Tesla",0.273,0.08,0.92,0.0
9,HYLN Stock Rises On Earnings Report After Joining EV Stock Sell-Off,-0.318,0.0,0.905,0.095
