﻿,Titles,Polarity,Positive,Neutral,Negative
0,"Analyst Forecasts $1,000 Price Target for Tesla (TSLA)",0.329,0.163,0.759,0.078
1,QuantumScape Will Likely Be a Bumpy Road to the Bank,0.995,0.096,0.883,0.021
2,"If there were a ‘Big Three’ of electric vehicle makers, who would join Tesla?",-0.296,0.0,0.925,0.075
3,"Dow Jones Dips As White House Raises Recession Fears; Elon Musk Praises Tesla China Rivals, Apple Falls Again",-0.178,0.11,0.722,0.168
4,Self-driving technology needs a reset — and this is what it would look like,-0.25,0.0,0.946,0.054
5,10 Best Robinhood Stocks Under $20,1.0,0.146,0.824,0.03
6,Lucid Stock Headlines Could Be Investor Traps,0.998,0.121,0.842,0.037
7,Tesla Daily on the Tesla Bot and Why He's Excited for Q3 and Q4,-0.296,0.08,0.8,0.12
8,Powell orders ethics review amid trading scandal,-0.273,0.0,0.94,0.06
9,How A.I. will exacerbate inequality between rich &amp; poor: Kai-Fu Lee,0.477,0.119,0.881,0.0
10,Will Lucid Group Be Worth More Than Tesla by 2040?,-0.318,0.018,0.942,0.04
11,Tesla Stock Is Slowly Making Progress. A Case for $1000.,0.898,0.199,0.801,0.0
12,Can Tesla Break Out Over Resistance? Two Levels to Watch,-0.026,0.0,0.942,0.058
13,Tesla’s Musk Calls Chinese EV Rivals ‘the Most Competitive in the World’,0.242,0.109,0.891,0.0
14,Can Bitcoin Ever Be Eco-Friendly? 2 Sides of the Debate,-0.422,0.0,0.891,0.109
15,Ford ramps up F-150 Lightning production to meet hot demand for the EV pickup,0.988,0.096,0.867,0.037
16,Tesla’s Elon Musk Praises Chinese Rivals Like NIO and BYD. Here’s Why.,0.242,0.116,0.884,0.0
17,Lucid Poised to Extend Gains on EPA Recognition for Air Dream Edition Range,0.967,0.117,0.866,0.017
18,"Tesla’s Elon Musk praises Chinese auto makers, vows to ensure cars’ data security: reports",0.681,0.141,0.859,0.0
19,UPDATE 1-Tesla to work with global regulators to ensure data security -Musk,0.94,0.104,0.884,0.012
20,Tesla to work with global regulators on data security -Musk,0.951,0.101,0.899,0.0
