﻿,Titles,Polarity,Positive,Neutral,Negative
0,Tesla (TSLA) Stock Moves -0.18%: What You Should Know,0.986,0.084,0.895,0.021
1,DeLorean is back for the future with brand new EV,0.989,0.089,0.901,0.01
2,Tesla Makes Pitch to Turn Texas Homes Into ‘Virtual Power Plants’,0.426,0.086,0.837,0.077
3,Tesla short sellers have made nearly $7 billion so far this year,0.488,0.184,0.816,0.0
4,Tesla’s Loyal Retail Fan Club Set to Rev Up Stock’s Recovery,0.989,0.11,0.841,0.048
5,Dow Jones Dips As Apple Rallies; Tesla Stock Stalls Despite Bullish Call; 3 Oil Stocks Pass Buy Points,0.103,0.129,0.719,0.151
6,"Rivian Reorg Taps New COO, Manufacturing Head To Exit; Is RIVN Stock A Buy?",-0.402,0.074,0.736,0.19
7,The creator of Elon Musk’s favorite cryptocurrency says he’s a ‘grifter’ that doesn’t understand coding ‘as well as he made out’,0.994,0.141,0.796,0.063
8,Why Tesla Stock Stalled on Tuesday,0.477,0.055,0.925,0.02
9,Growth stocks like Tesla ‘will rebound’ as inflation eases: Strategist,0.382,0.082,0.918,0.0
10,Rivian Has Gotten Hammered. That Could Make Its Stock a More Attractive Buy.,0.44,0.172,0.828,0.0
11,Tesla’s Shanghai Plant Still Isn’t Running at Full Speed. What It Means for the Stock.,0.0,0.0,1.0,0.0
12,Dow Jones Sells Off As Bitcoin Soars; Oil Prices Jump As EU Bans Russian Oil,0.0,0.0,1.0,0.0
13,Dow Jones Futures Fall As Bitcoin Soars; Oil Prices Jump As EU Bans Russian Oil,0.0,0.0,1.0,0.0
14,Investors Pile Into 10 Stocks To Catch Market's Upswing,-0.128,0.108,0.762,0.13
15,"Stocks Lower As Inflation Roars, Week Ahead, Oil, Tesla and Top Gun - Five Things You Must Know",-0.827,0.128,0.638,0.234
16,"Alphabet, Amazon, and Tesla Are Doing Stock Splits: What That Means for Investors",0.984,0.38,0.62,0.0
17,"Tesla, VW Keep Shanghai Workers Isolated Even as Lockdown Eases",0.951,0.078,0.873,0.049
