﻿,Titles,Polarity,Positive,Neutral,Negative
0,"Tesla Sales Climb 1,300% In Japan As Gigafactory Shanghai Allows More Efficient Deliveries",0.875,0.067,0.899,0.034
1,The Future Of Tesla,0.877,0.24,0.76,0.0
2,The Chip Industry Has a Problem With Its Giant Carbon Footprint,0.998,0.089,0.881,0.031
3,White House Considering Nearly Doubling Obama’s Climate Vow,0.999,0.141,0.815,0.044
4,"Dow Jones Up, Nasdaq Rallies As Powell Speaks; Square, Okta Lead Growth Stocks",0.0,0.0,1.0,0.0
5,NIO and Other Chinese EV Stocks Are Struggling. Don’t Blame Wall Street.,0.226,0.093,0.85,0.057
6,"Tesla Is a 'Must Own' Stock Now, Says Morgan Stanley's Jonas",0.66,0.127,0.873,0.0
7,The Global Chip Shortage Isn't Done Squeezing Auto Plants,-0.25,0.0,0.905,0.095
8,"While Small SUV May Be In The Works, Tesla's Semi Truck Faces New Delay",0.0,0.0,1.0,0.0
9,Tesla’s Elon Musk Weighs In on the Global Chip Shortage in One Tweet,0.153,0.131,0.766,0.104
10,UPDATE 1-Tesla lashes out at German red tape ahead of planned site opening,-0.754,0.065,0.841,0.094
11,What chip crisis? BMW and Mercedes deliver double-digit growth on strong China sales,0.987,0.091,0.856,0.053
12,EV Stocks Rally On Hopes For New $100 Billion Windfall,0.0,0.0,1.0,0.0
13,"General Motors China Sales Jump 69%, Paced by a Tiny EV",0.671,0.061,0.939,0.0
14,EV Startup Karma Shopping SPACs for Going Public Transaction – Sources,0.919,0.062,0.925,0.013
15,Transportation Secretary Pete Buttigieg: Electric vehicles shouldn't be a luxury item,0.996,0.125,0.845,0.029
16,Tesla CEO Elon Musk Weighs In on Chip Shortage—Maybe,0.153,0.131,0.766,0.104
17,"Dow Falls, Tech Stocks Rally As Yields Drop Ahead Of Powell Speech; Apple Jumps Despite Production Delays",0.202,0.076,0.924,0.0
18,How impact-first investing can drive social change,0.0,0.0,1.0,0.0
19,"Nio's William Li Hints At a Second Electric Vehicle Sedan Model, Rivaling Tesla's Model 3",0.679,0.023,0.972,0.005
20,"Facebook Beta Tests Hotline, Its Answer To Clubhouse",0.971,0.094,0.859,0.047
21,"3 High-Risk, High-Reward Growth Stocks to Buy Now",0.557,0.099,0.866,0.035
22,Tesla frustrated with German red tape offers reform proposals to authorities: AFP,0.064,0.046,0.905,0.049
23,IPO Edge to Host Fireside Chat with Star Peak Chairman and Stem CEO on April 12 to Discuss Merger,0.997,0.105,0.892,0.002
24,Yahoo Finance Presents: U.S. Secretary of Transportation Pete Buttigieg,1.0,0.131,0.838,0.031
25,Tesla's (TSLA) Revamped Model X/S Running Behind Schedule,0.993,0.102,0.878,0.02
26,"Dow Jones Futures: Apple, Tech Titans Lead Stock Market Rally; Tesla At Key Levels",0.402,0.093,0.907,0.0
27,Tesla Slams Lengthy Approval Process for Berlin Plant: Report,0.061,0.227,0.556,0.217
28,"Electric Vehicle Checkpoint: Cramer on Tesla, NIO and Plug Power",0.202,0.087,0.913,0.0
29,"Tesla scouts for showroom space in India, hires executive for lobbying - sources",0.987,0.073,0.92,0.007
30,"Tesla scouts for showroom space in India, hires executive for lobbying-sources",0.987,0.069,0.925,0.006
31,Tesla Has Finally Refunded Customers Double-Charged During New EV Purchases: CNBC,-0.677,0.022,0.936,0.042
