﻿,Titles,Polarity,Positive,Neutral,Negative
0,Dow Jones Futures: Stock Market Whipsaws Amid Russia Crude Oil Ban; Apple Slides After iPhone Event,-0.905,0.0,0.616,0.384
1,"Lucid, Rivian and Fisker Miss a Huge Opportunity to Knock Tesla Out",0.886,0.15,0.85,0.0
2,Surging nickel prices are bad news for electric car manufacturers,0.153,0.091,0.909,0.0
3,"Tesla and Other EV Makers Have Inflation Problems, Too. Just Like Soaring Oil Hurts ICEs.",0.0,0.0,1.0,0.0
4,"Dow, S&amp;P 500 turn lower as trading day ends",0.273,0.077,0.923,0.0
5,Retail traders pile into energy stocks,0.971,0.104,0.854,0.043
6,"Tesla CEO Elon Musk Amps Up Battle With SEC, Contends Funding Was ‘Secured’",-0.382,0.079,0.786,0.136
7,Why These 10 Stocks Are Moving on Tuesday,0.973,0.086,0.86,0.055
8,How Berkshire Hathaway Could Use Its $144 Billion,0.0,0.0,1.0,0.0
9,5 Stocks to Get Your Feet Wet in Emerging AI,0.908,0.217,0.745,0.039
10,Elon Musk Amps Up Battle With the SEC. Tesla Investors Have Other Issues to Watch.,-0.382,0.079,0.786,0.136
11,"Why Tesla, Nio, and Nikola Stocks Popped Today",0.927,0.181,0.819,0.0
12,"Nickel price surge could add $1,000 to production of an electric vehicle: Morgan Stanley",0.223,0.041,0.927,0.032
13,Elon Musk Asks Judge to Block SEC Subpoena Over Tweets on Tesla Stock Sale,-0.025,0.096,0.817,0.086
14,Tesla May Be Worth $4 Trillion Very Soon,0.0,0.0,1.0,0.0
15,How to Make a Double in Pinterest Stock,0.997,0.136,0.819,0.045
16,Elon Musk seeks to end SEC’s supervision over ‘going private’ tweets,-0.718,0.089,0.714,0.197
17,UPDATE 3-Tesla's Musk asks U.S. judge to end SEC agreement on tweet approval,0.926,0.084,0.854,0.062
18,General Motors (GM) &amp; POSCO to Work on Quebec Ultium Battery Unit,0.995,0.081,0.913,0.005
19,Automakers concerned about rising metal prices as nickel price spikes 250%,0.0,0.0,1.0,0.0
20,Tesla's Musk asks U.S. judge to end SEC agreement on tweet approval,0.919,0.084,0.853,0.063
21,Musk asks U.S. judge to end 2018 SEC consent decree,-0.694,0.07,0.825,0.105
22,"Tesla Has Inflation Problems, Too. Metals Prices Are Soaring.",0.0,0.0,1.0,0.0
23,"Tesla Stock Active As China Sales Hold Steady In February, Nickel Prices Surge",0.572,0.116,0.838,0.046
24,Dow Jones Falls As Biden Set To Ban Imports Of Russian Oil,-0.557,0.0,0.847,0.153
25,Germany hopes for first LNG terminals in two years,0.931,0.146,0.854,0.0
26,Dow Jones Futures Climb As Biden Set To Ban Imports Of Russian Oil,-0.361,0.079,0.787,0.135
27,3 Things About Lucid Group That Smart Investors Know,-0.599,0.0,0.946,0.054
28,QuantumScape May Be Fully Recharged After Having the Plug Pulled,0.992,0.085,0.891,0.024
29,Dow Jones Futures Extend Losses As Russia-Ukraine War Continues; Oil Prices Climb Again,0.0,0.0,1.0,0.0
30,Dow Jones Futures Rise As Russia-Ukraine War Continues; Oil Prices Climb Again,0.0,0.0,1.0,0.0
31,Tesla Has Inflation Problems Too. Metals Prices Are Soaring.,0.0,0.0,1.0,0.0
32,Dow Jones Futures Rally: What To Do After Monday's Stock Market Dive As Russia-Ukraine War Continues,-0.599,0.0,0.822,0.178
33,Tesla’s China Sales Dropped. Why the Stock Is Rising Anyway.,0.0,0.0,1.0,0.0
34,Tesla Stock Gains As China Sales Hold Steady In February,0.572,0.116,0.838,0.046
35,PayPal Is Still too Risky to Buy Yet,0.995,0.103,0.857,0.04
36,"Stocks Bounce From Correction Lows, Gold And Gas Leap, Tesla And Bitcoin In Focus - Five Things You Must Know",0.823,0.199,0.766,0.034
37,SEC Chair comments on insider trading,0.97,0.088,0.896,0.016
38,Influencers with Andy Serwer: Gary Gensler,-0.25,0.035,0.904,0.061
39,"Shell, Dick's Sporting Goods Rise Premarket; Apple Edges Lower",0.86,0.079,0.876,0.044
40,"Nickel Goes Wild, Oil Still Above $120, EU's Big Plans - What's Moving Markets",-0.996,0.068,0.81,0.122
41,London Suspends Nickel Trading After Wild Ride Through $100k/ton,-0.982,0.03,0.875,0.094
42,Dow Jones Futures Fall: What To Do After Today's Stock Market Dive As Russia-Ukraine War Continues,-0.599,0.0,0.837,0.163
43,Volkswagen Pulls Out an Unexpected Weapon Against Tesla,0.0,0.0,1.0,0.0
