﻿,Titles,Polarity,Positive,Neutral,Negative
0,Elon Musk says Tesla open to buying a mining company,-0.725,0.014,0.951,0.035
1,Apollo Plans to Lead $1 Billion Financing for Musk’s Twitter Bid,-0.792,0.045,0.899,0.056
2,RPT-UPDATE 1-Elon Musk says Tesla open to buying a mining company,-0.77,0.015,0.944,0.041
3,Tesla Will Expand Shanghai Factory: Elon Musk,0.0,0.0,1.0,0.0
4,Can Tesla Become an Industrial Powerhouse? Morgan Stanley Thinks So,0.992,0.11,0.871,0.019
5,"4 Top Stock Trades for Wednesday: TSLA, PANW, SOFI, ABBV",0.982,0.097,0.843,0.061
6,"Stocks end the day mixed, tech and energy sectors among biggest leaders",0.273,0.07,0.93,0.0
7,UPDATE 1-Elon Musk says Tesla open to buying a mining company,-0.725,0.015,0.948,0.037
8,10 Stocks Making Headlines Today,0.981,0.073,0.892,0.035
9,Elon Musk's Tesla Loses Money in Bitcoin Rout,0.382,0.044,0.956,0.0
10,The Big Breaking News That Sent Nio Stock Surging Early Today,0.844,0.137,0.834,0.029
11,UPDATE 1-Musk says he will stay at Tesla as long as he is useful,0.7,0.054,0.921,0.025
12,REFILE-Musk says he will stay at Tesla as long as he is useful,-0.128,0.03,0.926,0.045
13,Elon Musk says Tesla open to buying a mining company,0.402,0.051,0.936,0.013
14,Musk says he will stay at Tesla as long as he is useful,0.7,0.056,0.918,0.026
15,Volkswagen Makes a Promise That Tesla May Not Like,0.494,0.257,0.743,0.0
16,UPDATE 2-Musk says he would reverse Twitter ban on Donald Trump,-0.874,0.028,0.9,0.072
17,Is Cathie Wood's ARK Invest (or ARKK) A Buy Right Now?,0.572,0.183,0.817,0.0
18,Musk says he would reverse Twitter ban on Donald Trump,-0.832,0.079,0.832,0.088
19,Twitter's stock heads for 3rd-straight loss in wake of Musk's disclosure of financing commitments for buyout,0.025,0.048,0.917,0.035
20,"Rivian, Lordstown, Tesla Show It’s All About Cash for EV Makers",0.785,0.239,0.761,0.0
21,Watch live: FT interview with Elon Musk,0.128,0.03,0.97,0.0
22,Cathie Wood shocks the market after dumping $12.7 million of Tesla stock to snap up some in General Motors,0.967,0.107,0.83,0.063
23,"Dow falls, Tesla stock reverses gains, SoFi stock halted on early earnings release",0.0,0.0,1.0,0.0
24,"Market check: Oil falls, tech stocks post modest gains",0.0,0.0,1.0,0.0
25,Tesla Stock Extends Slide As China Sales Slump Amid Covid Production Halt,0.077,0.109,0.755,0.136
26,Tesla Stock: Tesla's China Production Grinds To Near Halt Again Amid Supply Woes,-0.382,0.0,0.89,0.11
27,"Buy GM Shares, But Not Ford or Tesla. Here’s What One Analyst Says.",0.671,0.2,0.8,0.0
28,Why Tesla Stock Finally Popped Today,-0.864,0.044,0.81,0.146
29,Elon Musk’s Tesla factory workers sleeping on-site and working 12-hour shifts six days a week,-0.077,0.029,0.937,0.034
30,Misplaced Fear Is Driving NIO Stock Into an Easier Buy Decision,0.867,0.116,0.779,0.106
31,Cathie Wood wades into GM as Ark Invest trims Tesla stake further,0.0,0.0,1.0,0.0
32,"Dow Jones Rebounds After Stock Market Dive; Peloton, Upstart Crash On Earnings",0.0,0.0,1.0,0.0
33,Tech stocks lose over $1 trillion in value over 3 days,0.0,0.0,1.0,0.0
34,SEC's Rules and Regulations on Social Media Use,0.34,0.138,0.862,0.0
35,"Tesla Is Slashing Shanghai Production as Parts Shortage Hits, Report Says",0.0,0.0,1.0,0.0
36,"Dow Jones Futures Rebound After Stock Market Dive; Peloton, Upstart Crash On Earnings",0.0,0.0,1.0,0.0
37,"REFILE-UPDATE 1-Tesla recalls U.S. 130,000 vehicles over touchscreen display malfunction",0.077,0.041,0.927,0.033
38,"CORRECTED (OFFICIAL)-UPDATE 1-Toyota to slash production plan, suspend some domestic operation due to COVID lockdown in China",-0.791,0.039,0.88,0.081
39,"Tesla recalls U.S. 130,000 vehicles over touchscreen display malfunction",0.077,0.041,0.926,0.033
40,Stock Market Today - 5/10: Wall Street Looks To Rebound From Steepest Sell-Off In Two Years,-0.422,0.098,0.723,0.179
41,3 of the Top Growth Stocks on Earth,0.813,0.13,0.81,0.059
42,Elon Musk Says Twitter Will Comply With EU Content Rules After Takeover,-0.991,0.078,0.804,0.118
43,"Sorry GME Stock Fans, There’s Still Little to Like About GameStop",0.981,0.067,0.907,0.026
44,Cathie Wood Sells Some Tesla Stock and Buys Some GM Shares,-0.226,0.174,0.678,0.148
45,Could Tesla Overtake Ford and GM in Sales by 2025?,0.0,0.0,1.0,0.0
46,"Tesla recalls 130,000 vehicles in U.S. on touchscreen display malfunction",0.827,0.09,0.892,0.018
