﻿,Titles,Polarity,Positive,Neutral,Negative
0,"Tesla: The Downsides to Becoming a ‘Mass Market Player,’ According to Morgan Stanley",0.987,0.092,0.893,0.015
1,3 EV Charging Stocks to Buy for Massive Gains,0.99,0.093,0.879,0.028
2,Twitter accepts Oct. 17 trial but is concerned Musk will try to delay,-0.962,0.065,0.816,0.119
3,"Ford Stock Jumps As Auto Giant Affirms Outlook, Hikes Dividend After Q2 Earnings Crush",0.0,0.0,1.0,0.0
4,Ford’s Earnings Needed To Clear a High Bar. They Did—and the Stock Is Soaring.,0.927,0.201,0.799,0.0
5,"Ford stock tops earnings expectations, revenue exceeds $40 billion",0.991,0.105,0.881,0.014
6,Apple Nabs Key Lamborghini Executive to Work on Its Electric Car,-0.928,0.058,0.875,0.067
7,The U.S. isn't in a 'typical recession': Fmr Home Depot CEO,0.0,0.0,1.0,0.0
8,"Twitter Pares Office Space to Save Cash, Deepen Remote-Work Tilt",-0.963,0.044,0.888,0.068
9,"Teva reaches opioid settlement, Credit Suisse names new CEO, Twitter to hold shareholder vote",-0.064,0.075,0.859,0.066
10,3 Top Growth Stocks I'd Buy Right Now Without Any Hesitation,0.848,0.184,0.724,0.092
11,"Stocks: Tech leads gains, home builders fall, Sherwin-Williams sinks",0.0,0.0,1.0,0.0
12,"Dow Jones Rises Ahead Of Fed Decision; Alphabet, Microsoft Earnings Miss",0.0,0.0,1.0,0.0
13,Elon Musk Crafts New Master Plan Before Tesla Pulls Off the Old One,0.939,0.099,0.817,0.084
14,7 Deeply Oversold Electric Vehicle Stocks to Buy,0.998,0.074,0.91,0.017
15,Coinbase’s Troubles Are Too Much for Cathie Wood as ARK Dumps the Stock,0.296,0.104,0.896,0.0
16,"Dow Jones Futures Rise Ahead Of Fed Decision; Alphabet, Microsoft Earnings Miss",-0.296,0.0,0.885,0.115
17,Tesla (TSLA):Facing Temporary Challenges,0.983,0.084,0.904,0.012
18,Oracle's Larry Ellison Can Win Lawsuit Even If He Loses,0.886,0.095,0.825,0.08
19,"ViaSat Mulls Sale Of Part Of Government Services Unit, Could Fetch Up To $1.8B: Bloomberg",0.988,0.157,0.843,0.0
20,Elon Musk is hitting ‘peak hubris’ with his high-risk Twitter and bitcoin plays. Tesla shareholders should be concerned.,0.866,0.262,0.652,0.086
21,Nio Is Down 70% From All-Time Highs. Here Are 2 Reasons Why It's Worth a Second Chance.,-0.013,0.062,0.886,0.052
22,Fmr Home Depot CEO disputes book's characterization of business legend Jack Welch,0.0,0.0,1.0,0.0
23,Neoen Australia battery to provide grid stabilisation service in world first,0.976,0.122,0.872,0.007
24,U.S. Consumers Are ‘Trading Down.’ How to Play It With Options.,0.0,0.0,1.0,0.0
25,UPDATE 4-S.Korea's LGES plans new EV battery plant in Europe,0.996,0.123,0.846,0.031
