﻿,Titles,Polarity,Positive,Neutral,Negative
0,Tesla (TSLA) Dips More Than Broader Markets: What You Should Know,0.995,0.123,0.864,0.013
1,"Dow Jones Futures: Apple, Microsoft, Nvidia Add To Market Rally Weakness; Elon Musk Says This About Tesla Cybertruck",-0.422,0.0,0.877,0.123
2,Nissan introduces first fully remodeled frontier truck in 16 years,0.0,0.0,1.0,0.0
3,Where's Elon? Morgan Stanley Report Concludes eVTOLs Are In Tesla's Future,0.997,0.093,0.887,0.02
4,"Amazon, Uber-Backed Driverless Vehicle Startup Aurora Aims Public Listing $11B SPAC Merger",0.937,0.073,0.927,0.0
5,These stocks are the top picks for millennials and Gen Z,0.997,0.117,0.872,0.011
6,"Markforged CEO on SPAC debut, future of 3D printing",0.44,0.1,0.9,0.0
7,10 Best 3D Printing and Additive Manufacturing Stocks to Buy,1.0,0.121,0.858,0.021
8,Tech Bubble 2.0 + Inflation Tsunami: How to Play Them Now,0.999,0.11,0.863,0.027
9,"Dow Jones Reverses, Tech Stocks Slide As Powell Speaks To Senate; Tesla Rallies, AMC Stock Reverses",0.0,0.0,1.0,0.0
10,"Self-Driving Car Startup With Tesla, Google Roots To Go Public",0.402,0.137,0.863,0.0
11,"Dow Jones Falls As Powell Speaks To Senate; Tesla Rallies, AMC Stock Reverses",0.0,0.0,1.0,0.0
12,4 EV Stocks to Buy on Accelerated Focus on Sustainable Future,0.999,0.119,0.876,0.005
13,Tesla Correlation to Big Tech Breaks Down. Blame Bitcoin,0.969,0.084,0.903,0.013
