﻿,Titles,Polarity,Positive,Neutral,Negative
0,Why Ford Couldn't Keep Tesla Stock From Popping Today,0.026,0.078,0.824,0.099
1,"Dow Jones Futures: Strong Stock Market Rally, But Don't Rush In; Applied Materials Earnings Top As Five Chip Stocks Flash Bullish Signals",0.768,0.281,0.719,0.0
2,Deutsche Bank: 'The value of bitcoin is entirely based on wishful thinking',0.996,0.103,0.848,0.05
3,"'He has to take his lumps': Behind a Rhode Island real estate deal involving 160,000 dogecoins",0.895,0.046,0.928,0.026
4,UPDATE 1-Musk says he hasn't and won't sell any dogecoin,0.778,0.063,0.924,0.013
5,Musk says he hasn't and won't sell any dogecoin,0.778,0.065,0.922,0.013
6,Why Bitcoin’s Giant Plunge Really Wasn’t That Bad,-0.392,0.0,0.863,0.137
7,Ford CEO: It's time for America to be competitive in electric vehicles,0.952,0.067,0.913,0.02
8,Ford CEO told Biden to 'step on the throttle' when the president test drove the new all-electric F-150,0.986,0.093,0.866,0.041
9,Audi RS e-tron GT first drive: Audi's all-electric sedan is a winner,0.999,0.166,0.801,0.034
10,Balaji Srinivasan’s Prediction on China’s Role in Crypto Crash and His Top 10 Investments,1.0,0.111,0.858,0.031
11,"We had 20,000 orders right when we launched: Ford CEO on F-150",0.0,0.0,1.0,0.0
12,A New Cryptocurrency Is Pushing Disk Drive Prices Higher. That’s a Win for These 2 Stocks.,-0.128,0.0,0.941,0.059
13,Ford Stock Climbs As F-150 Lightning Electric Pickup Sees Demand Surge,-0.318,0.0,0.867,0.133
14,Tesla Could Be Making a U-Turn,-0.199,0.02,0.932,0.048
15,Ford Doesn’t Just Want to Make an EV Pickup Truck. It Wants to  Make the Batteries Too.,0.077,0.064,0.936,0.0
16,Ford Opens New Front in EV Wars. It Plans to Make Batteries.,0.077,0.064,0.936,0.0
17,Cathie Wood Goes Bargain Hunting: 3 Stocks She Just Bought,-0.562,0.1,0.744,0.156
18,RPT-Ford wires its electric trucks for business customers,0.955,0.045,0.952,0.002
19,Do Options Traders Know Something About Tesla (TSLA) Stock We Don't?,0.988,0.104,0.877,0.018
20,Better Buy: Bitcoin vs. Square,-0.382,0.0,0.961,0.039
21,Ford Stock Climbs After F-150 Lightning Electric Pickup Unveiled,-0.318,0.0,0.867,0.133
22,The Tech Sell-Off Just Sent 3 Top Stocks Down 20%-Plus,0.0,0.0,1.0,0.0
23,"Crypto Crash: Bitcoin, Ethereum, and Dogecoin Are Plunging. Here's Why.",-0.318,0.044,0.892,0.064
24,"Zacks Market Edge Highlights: Shopify, PayPal, DraftKings, Exact Sciences and Tesla",0.998,0.121,0.842,0.037
25,"Dow Jones Futures Fall As Stock Market Rally Test Continues, Bitcoin Still Volatile; Target, Facebook, Google In Buy Zones",0.0,0.0,1.0,0.0
26,Tesla To Deliver Model S Plaid On June 3; Musk Calls It 'Fastest Production Car Ever',0.859,0.042,0.942,0.015
27,700 Million Reasons the Dogecoin Bubble Will Burst,0.91,0.222,0.734,0.044
28,Tesla Shares Gain as Cathie Wood's ARK Invest Buys Tech Stock Dip,0.026,0.084,0.837,0.08
29,Dogecoin Recovers Losses on Yet Another Elon Musk Tweet,-0.402,0.0,0.886,0.114
30,Self-Driving Cars Pose Crucial Question: Who to Blame in a Crash,0.953,0.107,0.8,0.093
31,"UPDATE 1-Bitcoin struggles for footing on worries over China, leverage",0.981,0.09,0.859,0.051
32,"Bitcoin struggles for footing on worries over China, leverage",0.893,0.083,0.857,0.059
33,"Ford Unveils Electric F-150 Lightning, Starting At Less Than $40,000",-0.318,0.0,0.867,0.133
34,Ford wires its electric trucks for business customers,0.955,0.046,0.952,0.002
35,UPDATE 1-Australia's top fuel supplier Ampol to spend at least $77 mln on clean energy,0.969,0.094,0.883,0.023
