﻿,Titles,Polarity,Positive,Neutral,Negative
0,Breaking down the most popular stocks owned by millennials and Gen Z,0.47,0.133,0.867,0.0
1,There’s No Good Way to Actually Judge Airbnb’s Value,0.993,0.111,0.841,0.048
2,Take a Wait-and-Watch Approach with Churchill Capital Stock,0.987,0.075,0.903,0.022
3,Imagine… A World Without Traffic,0.995,0.092,0.869,0.039
4,Elon Musk Admits Tesla’s Cybertruck Might ‘Flop’ Because It’s so Different,0.813,0.243,0.757,0.0
5,"Amazon-Backed Rivian Delays Output, Citing Supply-Chain Woes",0.236,0.029,0.949,0.023
6,Traders Should Beware a Rabid Dogecoin,0.987,0.108,0.834,0.058
7,Blockchain will be ‘hugely disruptive’ to the finance industry: Jenny Johnson,0.0,0.0,1.0,0.0
8,Workhorse Shares Still Offer Opportunities,0.997,0.149,0.765,0.086
9,Dogecoin Development Could Turn a Joke Crypto Into a Useful Asset,0.999,0.167,0.795,0.038
10,9 of the coolest products you can buy to soup up your Tesla,0.0,0.0,1.0,0.0
11,Will Square's (SQ) Bitcoin Focus Help the Crypto Regain Momentum?,0.987,0.131,0.812,0.057
12,Draper says Bitcoin is Stronger than Fiat Abroad; Serves as a Hedge for Inflation in the U.S.,0.996,0.1,0.839,0.061
13,"Dow Jones Today Retakes 35,000 As Stocks Climb On Retail Sales Data; Moderna Spikes; Starbucks Tops Buy Point",0.71,0.258,0.742,0.0
14,10 Cheap Chinese Stocks to Buy Now,1.0,0.121,0.842,0.037
15,"Dow Jones Today, Futures Climb On Strong Retail Sales Data; Moderna Spikes; Starbucks, DocuSign Eye Buy Points",0.527,0.173,0.827,0.0
16,Buy XPeng Stock To Gain From China’s Electric Vehicle Boom,0.994,0.096,0.883,0.021
17,Own Tesla With This Hot Tech Stock Play In Buy Range,0.727,0.272,0.728,0.0
18,Are Electric Vehicle Stocks Overhyped?,-0.178,0.098,0.776,0.127
19,"Dow Jones Futures Rise After Apple, Microsoft, Nvidia Add To Market Rally Weakness; Elon Musk Says This About Tesla Cybertruck",-0.422,0.0,0.877,0.123
20,"Churchill Capital Corp IV Isn’t Just Overvalued, It’s Caught up in the Meme Stock Spiral",0.995,0.08,0.902,0.018
21,3 Reasons Teladoc Stock Is a Better Buy Than Tesla,0.765,0.147,0.817,0.037
22,Moderna Stock Surges on News of Inclusion Into S&amp;P 500 Next Week,0.937,0.097,0.873,0.03
23,Tesla registrations in California surge 85% in second quarter - data,0.382,0.03,0.95,0.02
