﻿,Titles,Polarity,Positive,Neutral,Negative
0,Stocks Rebound Into The Close; Tesla Contributes To Nasdaq 100's 1.3% Jump,0.0,0.0,1.0,0.0
1,3 Diversified SPAC Stocks to Buy That Don’t Involve Electric Vehicles,0.998,0.133,0.836,0.031
2,"Dow Jones Turns Lower On Sen. Manchin Comment While Nasdaq Leads, Hits New High",0.094,0.088,0.839,0.074
3,This fund manager says Amazon and other large-cap tech companies will make lots of money for investors for years to come,0.751,0.348,0.652,0.0
4,Hyundai Walks Back Confirmation It’s in Talks Over Apple Car,0.924,0.047,0.929,0.023
