﻿,Titles,Polarity,Positive,Neutral,Negative
0,Is Apple Inc. (AAPL) A Good Stock To Buy?,0.997,0.093,0.9,0.007
1,Why Tesla Stock Inched Back Up Today,0.318,0.112,0.797,0.091
2,Hedge Funds Have Never Been This Bullish On Alphabet Inc (GOOGL),0.997,0.08,0.911,0.008
3,Here is What Hedge Funds Think About Microsoft Corporation (MSFT),0.999,0.107,0.877,0.016
4,Hedge Funds Have Never Been This Bullish On Facebook Inc (FB),0.999,0.111,0.876,0.014
5,Amazon.com (AMZN) vs. Tesla and Other Large-Cap Stocks: Hedge Funds’ Favorite Stock?,0.998,0.092,0.89,0.018
6,Tesla (TSLA) to Expand 'Full Self-Driving Capability' Beta,-0.175,0.063,0.844,0.092
7,GM Is Becoming More Like Tesla With Latest Announcement,-0.374,0.0,0.886,0.114
8,Market Sell-Off: 2 Top Growth Stocks to Buy Right Now,0.859,0.193,0.807,0.0
9,Tesla’s Elon Musk Weighs In on Battery Fires. We Looked at the Numbers.,-0.44,0.0,0.776,0.224
10,"One Way Or Another, Rivian Could Make History",0.974,0.063,0.913,0.024
11,"Dow Jones Jumps 300 Points After Market Sell-Off; Apple, Tesla Bounce",0.0,0.0,1.0,0.0
12,"Company News for Sep 21, 2021",0.991,0.222,0.778,0.0
13,Dow Jones Rallies 150 Points After Market Sell-Off; 4 Tech Giants Bounce,0.0,0.0,1.0,0.0
14,Dow Jones Futures Rebound After Market Sell-Off; 4 Tech Giants Bounce,0.0,0.0,1.0,0.0
15,Li Auto (LI) Slashes Q3 Delivery Forecast Amid Chip Dearth,-0.802,0.078,0.832,0.09
16,Dow Jones Futures Rebound After Stock Market Sells Off On China Property Default Fears; These 4 Top Growth Stocks Tumbled,-0.422,0.0,0.882,0.118
17,INSIGHT-A life and death question for regulators: Is Tesla's Autopilot safe?,-0.97,0.082,0.822,0.096
18,Dow Jones Futures Rise After Stock Market Sells Off On China Property Default Fears; These 4 Top Growth Stocks Tumbled,-0.422,0.0,0.882,0.118
