﻿,Titles,Polarity,Positive,Neutral,Negative
0,3 Lesser-Known Electric Vehicle Stocks That May Surprise Everyone in the EV Race,0.999,0.112,0.875,0.013
1,Amazon CEO Shows Support for Ukraine (Won't Shut AWS in Russia),-0.755,0.038,0.813,0.149
2,Electric Vehicle Checkpoint: Will the Apple Car Be a Porsche?,0.202,0.083,0.917,0.0
3,"LG plans to build battery factory in Arizona to supply Tesla, others: sources",0.941,0.053,0.947,0.0
4,Tesla is ‘one of the market’s best secular growth stories’: Analyst,0.999,0.119,0.851,0.031
5,"Market check: Stocks drop, oil prices rise, China stocks in the green",0.0,0.0,1.0,0.0
6,"Dow Jones Drops 300 Points, But Apple Stock Shows Strength; Tesla Jumps Above 1,000",0.44,0.125,0.827,0.048
7,Will Americans Buy Millions of Teslas and Other EVs? One Analyst Says It’s a Hard Sell.,0.0,0.0,1.0,0.0
8,"Twilio Stock Could Take Off, So Bears Beware",0.976,0.112,0.813,0.075
9,"Tesla Stock is Streaking Higher Again, Cracking $1,000. What Gives?",0.586,0.173,0.827,0.0
10,"Rep. Stewart talks Elon Musk's business ties in China, inflation, and energy outlook",0.999,0.129,0.83,0.041
11,"Why a Long/Short Fund Is Betting on Energy, Chips, and Tesla Stock",0.778,0.342,0.658,0.0
12,Why Tesla Stock Went Up Again,0.93,0.187,0.813,0.0
13,Tesla Price Update: Amazon Correlation Supports Collapse into Mid-April,0.459,0.094,0.83,0.076
14,Tech Sell-Off: 2 Growth Stocks to Buy for the Long Run,0.422,0.157,0.843,0.0
15,"Toyota (TM), ChargePoint Team Up for Multi-Pronged EV Charging",0.994,0.097,0.9,0.002
16,"Is it a Wise Move to Still Buy Tesla, Inc. (TSLA) Shares?",0.983,0.097,0.878,0.026
17,"Dow Jones Slides As Oil Prices Jump; Apple, Tesla Show New Buy Points",0.0,0.0,1.0,0.0
18,Dow Jones Futures Fall After S&amp;P 500 Reclaims Key Level; Apple Flashes Buy Signal,0.0,0.0,1.0,0.0
19,"Biden Abroad, Fed, Energy, Interest Rates, Markets, Sweet Breadth, Nvidia, Tesla",0.772,0.2,0.704,0.095
20,Stellantis Fires Up EV Rivalry With Tesla,0.973,0.109,0.878,0.013
21,Elon Musk Has Reason To Dance As Tesla And Other Tech Names Rally,0.459,0.152,0.788,0.061
22,10 Long-Term Growth Stocks Analysts Have Their Eyes On,1.0,0.14,0.83,0.031
23,"The Zacks Analyst Blog Highlights Ford, General Motors, Honda and Tesla",0.997,0.072,0.913,0.014
