﻿,Titles,Polarity,Positive,Neutral,Negative
0,"The Tesla Roadster Is Finally Arriving in 2023, Elon Musk Says",0.847,0.067,0.89,0.044
1,"Former Tesla, Amazon exec steps down as Beyond Meat COO less than two years after arrival",0.0,0.0,1.0,0.0
2,Replay: Archer Aviation CEOs in Fireside Chat,0.92,0.049,0.945,0.006
3,GM Stock A Buy? Is General Motors Really Worth Less Than Rivian?,-0.374,0.0,0.907,0.093
4,Virgin Galactic Stock Is Prepared to Take Off,0.998,0.143,0.797,0.06
5,Nikola Teams Up With Global Auto Supplier On Fuel Cells To Take On Tesla,-0.052,0.079,0.833,0.088
6,Goodyear's road to making Nascar tires,0.975,0.071,0.919,0.011
7,"Dow Jones Rallies As Jobless Claims Fall To Pandemic Low; Bitcoin Tops $50,000, Apple Nears New High",0.0,0.0,1.0,0.0
8,"What Elon Musk's Offbeat ""Tesla Bot"" Could Really Be",0.743,0.058,0.942,0.0
9,Why Is Everyone Talking About Electric Vehicle Stocks?,0.743,0.096,0.904,0.0
10,Ford Stock Active On August Sales Slump As Chip Shortage Bites; GM Plans More Cuts,-0.539,0.0,0.809,0.191
11,Special Report-How the Chinese tycoon driving Volvo plans to tackle Tesla,0.999,0.088,0.878,0.034
12,Tesla Stock Active As Semiconductor Supply Woes Hit Shanghai Factory,-0.153,0.0,0.929,0.071
13,Ford Stock Lower On August Sales Slump As Chip Shortage Bites; GM Plans More Cuts,-0.539,0.0,0.809,0.191
14,A Peek Into The Markets: US Stock Futures Up Ahead Of Jobless Claims Report,0.957,0.067,0.908,0.025
15,"Premarket Movers Thursday - Chewy, Tesla, Hillrom, Okta",0.0,0.0,1.0,0.0
16,Tesla Stock Edges Lower As Semiconductor Supply Woes Hit Shanghai Factory,-0.153,0.0,0.929,0.071
