﻿,Titles,Polarity,Positive,Neutral,Negative
0,Replay: Micromobility: Bird &amp; Switchback II CEOs in Fireside Chat,0.989,0.078,0.905,0.017
1,"Dow Jones Futures: Market Rally Awaits Fed Chief Powell As Tesla Stays In Its Lane Amid Elon Musk Claims; Peloton, Workday Are Earnings Movers",0.0,0.0,1.0,0.0
2,Dow Jones Dips Amid Fed Official Demand; Tesla Falls Despite Musk Surprise; 3 Stocks Pass Buy Points,0.527,0.193,0.748,0.059
3,12 Best ARK Stocks To Invest In,1.0,0.115,0.865,0.021
4,Tesla CEO Elon Musk Drops Another Surprise About FSD,0.0,0.0,1.0,0.0
5,"If You Invested $1,000 in Tesla in 2010, This Is How Much You Would Have Today",0.955,0.185,0.803,0.012
6,"4 Growth Stocks With 116% to 247% Upside, According to Wall Street",0.34,0.167,0.833,0.0
7,"SHAREHOLDER ALERT: Pomerantz Law Firm Investigates Claims On Behalf of Investors of Tesla, Inc. - TSLA",0.258,0.082,0.846,0.072
