﻿,Titles,Polarity,Positive,Neutral,Negative
0,"Dow Jones Futures: Market Rebounds, Now What? Apple Unveils 'Far Out' iPhone; 5 Hot Solar Plays",0.361,0.111,0.889,0.0
1,7 Stocks to Buy on the Dip — or You’ll Be Kicking Yourself Later!,0.999,0.109,0.834,0.057
2,Nio Stock: Here's the Chart After the Tesla Rival's Earnings Report,0.71,0.127,0.843,0.03
3,"Minister says in talks with Tesla, other automakers about production in Canada",0.791,0.092,0.908,0.0
4,Struggling EV Startups Won’t Get a Tesla Rebound,0.0,0.0,1.0,0.0
5,"Tesla, PG&amp;E and 3 More Stocks to Track in California’s Power Crisis",0.422,0.135,0.865,0.0
6,Twitter stock jumps after report that Elon Musk's suit against Twitter can include whistleblower report,-0.619,0.026,0.922,0.052
7,Tesla and General Motors Could Soon Soar 30%,0.751,0.162,0.778,0.06
8,Dow Jones Reverses As Apple iPhone 14 Set To Debut; Tesla Rival Nio Skids On Earnings,0.0,0.0,1.0,0.0
9,Tesla Is Cutting Wait Times for Chinese EVs. What That Could Mean for Its Stock.,-0.494,0.0,0.934,0.066
10,Tesla Rival Nio Hit By Covid-Lockdown-Related 'Cost Volatilities',-0.361,0.0,0.863,0.137
11,9 Best Tech Stocks to Buy According to Hedge Funds,1.0,0.135,0.842,0.023
12,"Americans Snap Up Teslas, Bentleys, Lamborghinis as the Luxury-Auto Market Booms",-0.128,0.0,0.923,0.077
13,This Under-the-Radar Stock-Split Stock Is a Smarter Buy Than Tesla or Shopify,0.954,0.201,0.767,0.032
14,Polestar plans to build this gorgeous electric roadster—when can you get one?,0.572,0.139,0.861,0.0
