﻿,Titles,Polarity,Positive,Neutral,Negative
0,Volkswagen Will Become Voltswagen in the U.S. Why That’s a Big Deal.,0.0,0.0,1.0,0.0
1,Canoo Stock Up Late As Operating Losses May Narrow In Q1,-0.402,0.0,0.917,0.083
2,"Mortgage Your House With Mogo, Get Bitcoin Reward: Why This Matters",0.989,0.143,0.839,0.018
3,The Latest News on Electric Vehicles,-0.318,0.0,0.859,0.141
4,Why Autonomous Vehicle Technology Threatens Copart's Business,-0.25,0.066,0.816,0.117
5,Canoo Stock Falls As New CFO Named Ahead Of First Earnings Report,0.0,0.0,1.0,0.0
6,Tesla Stock Target Cut by Analyst Because Old Auto Makers Have More in the Tank,-0.141,0.0,0.921,0.079
7,Analyst Ratings for Tesla,0.88,0.05,0.932,0.017
8,Cathie Wood On Bitcoin: '$1 Trillion Is Nothing Compared To Where This Will Ultimately Be',0.296,0.041,0.916,0.043
9,"Dow Falls, Tech Stocks Sell Off As Yields Rally; Boeing Jumps On Max Jet News, While Tesla Skids",0.0,0.0,1.0,0.0
10,Meet the 26-year old billionaire trying to take on Elon Musk and Tesla,0.361,0.135,0.865,0.0
11,"Dow Futures Slide As Bitcoin Surges; Boeing Jumps On Max Jet News, While Tesla Drops",-0.296,0.0,0.885,0.115
12,"What You Need to Know In Options this Week: Netflix, Tesla, Lululemon, Blackberry, Chewy, Gamestop, SPY And More",0.959,0.042,0.944,0.013
13,"Dow Futures Fall As Bitcoin Surges; Boeing Up On Max Jet News, While Tesla Drops",-0.296,0.0,0.885,0.115
14,"Dow Jones Futures Signals Market Rally Retreat Amid Hedge Fund Margin Call; Tesla, Nio Story Time Over",-0.382,0.136,0.614,0.25
15,Wall Street Opens Flat Amid Concern Over Hedge Fund Fiasco;  Dow up 20 Pts,-0.968,0.051,0.852,0.097
16,5 Ways EV Stocks Are Like Tech Stocks Were in 1999,0.758,0.09,0.91,0.0
17,Why Buying A Tesla With Bitcoin Isn't Really A Good Idea — For Now,0.761,0.053,0.909,0.038
18,Elon Musk Says Battery Cell Constraints A Hiccup In Tesla Semi Rollout,0.758,0.056,0.914,0.031
