﻿,Titles,Polarity,Positive,Neutral,Negative
0,GMC expands Hummer EV lineup with extreme SUV,0.0,0.0,1.0,0.0
1,Dow Futures: Stock Market Rally Hits Record Highs As Tesla Surges; 3 Tech Giants Break Out,0.0,0.0,1.0,0.0
2,GMC expands Hummer EV lineup with extreme SUV,0.0,0.0,1.0,0.0
3,Tesla appeals federal order to delete Elon Musk’s anti-union tweet,-0.649,0.0,0.868,0.132
4,"US STOCKS-Strong economic data lifts Dow, S&amp;P 500 to record closes",0.993,0.114,0.855,0.031
5,"Dow Jones Jumps 400 Points To All-Time High; Microsoft, Facebook, Alphabet Give Buy Signals",0.226,0.071,0.929,0.0
6,"US STOCKS-Dow, S&amp;P 500 rally to records, boosted by strong economic data",0.989,0.121,0.837,0.042
7,"Tesla, Yeti, Pinterest Among Growth Stocks To Watch For Q1 Earnings",0.735,0.118,0.855,0.027
8,Billionaire wealth increases 44.6% amid pandemic,0.494,0.144,0.856,0.0
9,Is Tesla Stock A Buy After Turning In A Robust Report On Deliveries?,-0.296,0.0,0.919,0.081
10,"Why Tesla stock could be worth $1,300, according to one analyst",-0.564,0.079,0.838,0.083
11,Facebook Option Traders Are Betting On An All-Time High Run,-0.691,0.049,0.889,0.061
12,Why Nikola Stock Is Slumping Today,-0.103,0.145,0.703,0.151
13,"US STOCKS-S&amp;P 500, Dow at all-time highs after robust economic data",0.992,0.116,0.85,0.033
14,"Tesla is on fire, but these EV-related stocks could end up just as hot",0.547,0.141,0.775,0.084
15,"At 60, Tim Cook Doubts He’ll Be at Apple for 10 More Years",0.955,0.09,0.841,0.069
16,Tesla stock upgraded after ‘paradigm changer’ delivery numbers,0.66,0.205,0.795,0.0
17,IPO Edge to Host Fireside Chat with Blink Charging President Brendan Jones April 7,0.981,0.11,0.89,0.0
18,"Automakers, Job Openings, Stonks: 3 Things to Watch",0.994,0.126,0.858,0.016
19,Tesla Lights Up the Stock Market as Recovery Plays Soar,0.687,0.093,0.88,0.027
20,Pressure. Why the Market May Be Wrong.,0.44,0.1,0.9,0.0
21,Lidar Stocks Are Under Pressure. Why the Market May Be Wrong.,0.44,0.1,0.9,0.0
22,Tesla Stock Rallies After Q1 Deliveries Beat Forecasts Despite Gains From Rivals,0.275,0.144,0.719,0.137
23,Dow Jumps To Record Highs As Treasury Yields Rise; Tesla Surges On Deliveries Surprise,0.625,0.203,0.797,0.0
24,3 Reasons Investors Are Bullish on Tesla,-0.103,0.064,0.866,0.07
25,Impressive Jobs Addition in March,0.987,0.075,0.913,0.012
26,Why Tesla Stock Jumped Sharply on Monday,0.811,0.199,0.75,0.05
27,"Dow Jumps To Record Highs, Treasury Yields Steady; Tesla Surges On Deliveries Surprise",0.625,0.203,0.797,0.0
28,"Markets Up on Labor, Tesla &amp; Outlook",0.998,0.111,0.881,0.009
29,"Tesla ETFs to Tap Robust Q1 Deliveries, Biden EV's Plan",0.999,0.146,0.831,0.023
30,Stock Market Today With Jim Cramer: Just Go Buy Tesla,0.296,0.095,0.905,0.0
31,"US STOCKS-S&amp;P 500, Dow at all-time highs after strong jobs data",0.992,0.105,0.876,0.019
32,Tesla’s Q1 report is a ‘game changer’: analyst,0.052,0.087,0.833,0.079
33,"Tesla shares spike after company posts record quarterly deliveries, gets analyst upgrade",0.984,0.083,0.882,0.034
34,US STOCKS-Wall St set to rise after strong jobs data; eyes on services sector survey,0.995,0.12,0.871,0.009
35,Tesla’s Delivery Numbers Looked Great. Here’s What Wall Street Thinks.,0.44,0.112,0.888,0.0
36,Tesla’s ‘Jaw Dropper’ Delivery Numbers Supercharge EV Stocks,0.985,0.091,0.878,0.032
37,"Jim Cramer on Tesla, GameStop, Facebook, Stock Market Monday",0.739,0.173,0.783,0.044
38,Tesla Stock Surges After Q1 Deliveries Beat Forecasts Despite Gains From Rivals,0.275,0.144,0.719,0.137
39,Dow Jones Futures: Jobs Report Fuels Market Rally As Tesla Jumps On Deliveries; 4 Stocks You Can Buy Now,0.71,0.247,0.753,0.0
40,The Stock Market Gets Delayed Gratification from Jobs and Tesla,-0.361,0.0,0.884,0.116
41,Dow Jones Futures: Strong Jobs Report Fuels Market Rally As Tesla Jumps On Deliveries; 4 Stocks You Can Buy Now,0.71,0.247,0.753,0.0
42,Tesla's market value set to gain $50 billion on record first-quarter deliveries,0.972,0.094,0.889,0.017
43,Dow Jones Futures Signal Market Rally On Strong Jobs Report As Tesla Jumps On Deliveries,0.71,0.228,0.772,0.0
44,"LIVE: Jim Cramer on Tesla, GameStop, Facebook, Janet Yellen",0.0,0.0,1.0,0.0
45,Tesla shares surge on record electric cars deliveries in first quarter,0.918,0.102,0.878,0.02
46,"Tesla Gains On Record Quarterly Deliveries, Analyst Upgrade",0.956,0.094,0.893,0.013
47,"Premarket Movers Monday - Tesla, GameStop, Palantir",0.0,0.0,1.0,0.0
48,"Tesla Tops Expectations, Delivers Record Vehicles In 1Q",0.979,0.095,0.889,0.017
