﻿,Titles,Polarity,Positive,Neutral,Negative
0,Dow Jones Futures: Market Rally Nearing Lows On Ukraine Invasion Fears; 5 Stocks That Don't Suck,-0.787,0.055,0.642,0.303
1,Ford’s CEO Is Exploring Ways to Separate Its EV Business to Unlock Tesla-Like Value,0.998,0.112,0.853,0.035
2,Tesla: SEC is violating its own rules by holding up $40M shareholder payout,0.963,0.085,0.87,0.045
3,Frances Haugen takes us inside Meta HQ,0.997,0.175,0.797,0.028
4,"Russia Tensions Soar as Shelling, War Rhetoric Increase; Investors Flee Stocks",-0.671,0.0,0.814,0.186
5,Why Tesla Stock Tanked Again Today,-0.273,0.042,0.898,0.06
6,"Cathie Wood’s Portfolio Hit as Roku, Tesla, Roblox Shares Drop",0.869,0.098,0.833,0.07
7,Ford Stock Is Rising on Reports of an EV Spinoff. Steer Clear of the Rumors.,0.0,0.0,1.0,0.0
8,3 Stocks That Could Be Worth More Than Apple by 2035,-0.09,0.0,0.968,0.032
9,Ford Steals an Important Secret from Tesla,0.625,0.157,0.843,0.0
10,Frances Haugen explains why Apple is more responsible than Meta,0.0,0.0,1.0,0.0
11,"Russia-Ukraine Tension Continues; Meta Down 40% YTD; Nvidia, Tesla Continue to Drop",0.0,0.136,0.682,0.182
12,Ford CEO Looks for Ways to Run EV Business Separately,0.0,0.0,1.0,0.0
13,Market check: Stocks mixed at open as volatility spikes,0.0,0.0,1.0,0.0
14,Cathie Wood’s Latest Portfolio: 10 New Stock Picks,0.999,0.106,0.878,0.016
15,3 Bullish Most-Shorted Stocks to Buy,0.998,0.108,0.864,0.027
16,The Best Bargains in Megacap Tech Now,0.402,0.119,0.881,0.0
17,Tesla CEO Elon Musk Won't Visit Biden at The White House Anytime Soon,0.361,0.135,0.865,0.0
18,"As earnings roll in, these 3 charts show market underperformance",-0.402,0.0,0.828,0.172
19,"Sonic (SAH) Beats on Q4 Earnings, Raises Dividend by 108%",0.993,0.104,0.853,0.043
20,Viking Global’s Top 10 Stocks,0.999,0.102,0.892,0.006
21,"Allison (ALSN) Q4 Earnings Beat Estimates, Sales Up Y/Y",0.996,0.095,0.882,0.023
22,Cathie Wood’s Thoughts on Automobile Industry and Her Top 10 Car Stock Picks,0.996,0.066,0.917,0.017
23,Tesla Stock Just Received a Warning From Albemarle Earnings,0.135,0.105,0.814,0.08
24,Analysis-Tesla software updates allow quick fixes - and taking risks,0.993,0.111,0.828,0.061
25,Russia-Ukraine Tensions Mount and Fed Tightening Weighs. There’s Only 1 Certainty for Markets.,-0.477,0.0,0.883,0.117
26,Carvana Stock Will Likely Keep Falling as the Bears Take Control,-0.206,0.054,0.889,0.057
27,A Key Risk for Tesla Stock: Look What Happened to Albemarle,0.135,0.105,0.814,0.08
28,Tesla accuses the SEC of trying to ‘chill’ Elon Musk’s right to free speech on Twitter,0.153,0.075,0.861,0.065
29,Tesla changes S.Korea ads after antitrust probe faulted batteries,-0.211,0.037,0.919,0.044
30,Dow Jones Futures Rise On U.S.-Russia Meeting After Market Rally Flashes Bearish Signal,-0.718,0.0,0.739,0.261
31,PRESS DIGEST-British Business - Feb 18,0.86,0.108,0.818,0.074
