﻿,Titles,Polarity,Positive,Neutral,Negative
0,Elon Musk Needs to Make Twitter a Financial Success. Here’s How He Can Do It.,0.612,0.172,0.828,0.0
1,Everyone’s Worried About Twitter’s Risk to Tesla. Why It’s Time to Stop Fretting.,0.296,0.104,0.896,0.0
2,Nio Stock: China EV Sales On Tap As Covid Lockdowns Hit Production,0.0,0.0,1.0,0.0
3,"Dow Jones Futures: Market Correction Intensifies; Warren Buffett's Berkshire, Tesla China EV Rivals On Tap",0.0,0.0,1.0,0.0
4,Elon Musk is ‘in over his head’ buying Twitter: Expert,0.327,0.063,0.876,0.061
5,These are all the legal sagas Elon Musk is involved in (this week),-0.945,0.083,0.825,0.092
6,"4 Top Stock Trades for Monday: Bitcoin, TSLA, PANW, PG",0.985,0.091,0.861,0.048
7,Market check: Stocks accelerate losses into the close,-0.402,0.0,0.886,0.114
8,Dow Jones Dives; Tesla Stock Reverses As Elon Musk Reveals This; Amazon Plunges Despite Bullish Calls,0.178,0.082,0.918,0.0
9,Why Elon Musk can’t really make Twitter a true public square,0.886,0.246,0.754,0.0
10,Elon Musk reportedly has new Twitter CEO lined up,0.234,0.05,0.916,0.035
11,Twitter CEO faces employee anger over Musk attacks at company-wide meeting,-0.735,0.0,0.947,0.053
12,Musk’s $8.5 Billion Tesla Stock Sales Make Math Behind Twitter Deal More Tricky,0.967,0.116,0.827,0.057
13,Why Tesla Stock Plunged After Musk's Successful Bid for Twitter,-0.142,0.108,0.808,0.085
14,The Once-Lush Amazon Is Drying Up,-0.402,0.0,0.847,0.153
15,Why Tesla Stock Just Popped 5%,0.557,0.089,0.911,0.0
16,"Stock Market Volatile; Apple, Facebook, Amazon Are Key Earnings, Tesla CEO Elon Musk Buys Twitter: Weekly Review",-0.45,0.0,0.877,0.123
17,Why tech giants like Meta and Alphabet change their names,0.999,0.11,0.845,0.046
18,HOG vs. TSLA: Which Stock Is the Better Value Option?,0.999,0.242,0.754,0.005
19,Elon Musk’s Idea for ‘Open Source’ at Twitter Sounds Good. Here’s Why it Might Not Work,0.66,0.241,0.759,0.0
20,These 2 Giants Have A Bullish Catalyst Moving Forward,1.0,0.213,0.746,0.042
21,"Tesla recalls nearly 63,000 Model 3s",-0.852,0.06,0.845,0.095
22,"Tesla’s Elon Musk Disclosed More Stock Sold. Now He’s Done, Probably.",0.422,0.169,0.769,0.062
23,"Dow Jones Falls, Nasdaq Skids On Amazon, AbbVie; Tesla Rises On Elon Musk Move",0.178,0.043,0.957,0.0
24,Musk's Tesla-Stock Sales Double to $8.5 Billion in Latest Tally,0.983,0.114,0.833,0.052
25,Elon Musk sold $8.5bn in Tesla stock after agreeing $44bn Twitter deal,0.0,0.0,1.0,0.0
26,"Market check: Stocks edge lower, China stocks rally, Robinhood stock reverses losses",0.0,0.0,1.0,0.0
27,ARK Innovation ETF Gave Up Its Huge 2020 Gains After the Market Selloff,0.557,0.173,0.827,0.0
28,Why Cathie Wood's Ark Innovation ETF Is Plummeting This Week and Could Fall Further,-0.443,0.071,0.819,0.11
29,Elon Musk Sells $8.5 Billion of Tesla Shares After Deal to Buy Twitter,0.527,0.18,0.82,0.0
30,"Dow Jones Falls, Techs Slide After Market Rebound; Tesla Rises On Elon Musk Move",0.178,0.086,0.914,0.0
31,Elon Musk sold $4 billion in Tesla stock after agreeing to buy Twitter,0.557,0.167,0.833,0.0
32,"'The intriguing thing' about Ford's F-150 Lightning, according to a BofA analyst",0.974,0.061,0.931,0.008
33,"Elon Musk Dumps $4 Billion Tesla Shares, Says 'No Further Sales Planned', Then Filings Show Another $4.5 Billion Sold",0.0,0.083,0.833,0.083
34,"UPDATE 1-Musk told banks he will rein in Twitter pay, make money from tweets -sources",0.881,0.067,0.882,0.051
35,5 Stocks to Buy At Lucrative Valuation After April Mayhem,0.999,0.145,0.823,0.032
36,"Midday Stock Movers: Tesla, Apple, Amazon, Robinhood",-0.527,0.078,0.84,0.082
37,Tesla’s Elon Musk Sold Stock to Fund Twitter Deal. More Disclosures Could Follow.,0.758,0.136,0.864,0.0
38,‘Elevated risk this deal doesn’t go through’: Why investors are beginning to doubt Musk’s blockbuster bid for Twitter,0.994,0.103,0.842,0.055
39,"Dow Jones Futures Fall On Apple, Amazon After Market Rebound; Tesla Rises On Elon Musk Move",0.178,0.086,0.914,0.0
40,Tech Earnings Give Snapshot of Economic Headwinds Ahead,-0.25,0.114,0.718,0.168
41,Tech Stocks Lose $1.8 Trillion in a Month Thanks to Fed,0.959,0.09,0.839,0.071
42,"Tesla Stock Jumps As Elon Musk Dumps $4 Billion, Says 'No Further Sales Planned'",0.0,0.083,0.833,0.083
43,Tesla shares up 3% premarket after Elon Musk says no further stock sales are planned,0.834,0.134,0.836,0.03
44,Twitter deal could bolster lawsuit over Musk's $56 billion Tesla pay,0.937,0.088,0.842,0.07
45,China’s Politburo Ignites Market Rally With Vows on Growth,0.998,0.148,0.772,0.08
46,Twitter deal could bolster lawsuit over Musk's $56 bln Tesla pay,0.937,0.088,0.842,0.07
47,"Stocks Edge Lower, Apple, Amazon, Intel Tesla and Elon Musk In Focus - 5 Things You Must Know",0.511,0.227,0.63,0.143
48,"Elon Musk unloads $4 billion of Tesla stock as he moves to close Twitter deal, but pledges he has no more sales planned",0.955,0.124,0.788,0.089
