﻿,Titles,Polarity,Positive,Neutral,Negative
0,"Asian Stocks Mostly After Over Record U.S. Close, Investors Await RBA Decision",0.866,0.06,0.914,0.026
1,"New All-Time Closing Highs for Dow, Nasdaq, S&amp;P",0.997,0.145,0.823,0.031
2,Dow Jones Futures: Stock Market Rally Hits Record Levels As Tesla Surges To All-Time High,0.0,0.0,1.0,0.0
3,Elon Musk Is Now Three Times Richer Than Warren Buffett,0.989,0.122,0.855,0.023
4,"4 Top Stock Trades for Tuesday: TSLA, AMD, LCID, GME",0.992,0.096,0.861,0.043
5,Elon Musk's Net Worth Grew By The Value Of These 3 Companies Combined Today,0.979,0.146,0.854,0.0
6,Cathie Wood’s ARK Innovation Fund Gained 10% in October. Thank Tesla and Coinbase.,0.527,0.216,0.784,0.0
7,Why These 10 Stocks Are Trending on Monday,0.966,0.048,0.942,0.01
8,Rivian Is Going Public. Opportunity Is Knocking.,0.25,0.089,0.839,0.072
9,Tesla Introduces Supercharger For Non-Tesla EVs,0.943,0.074,0.919,0.007
10,Cathie Wood Stands to Make a Lot of Money From Skillz Stock,0.999,0.126,0.839,0.035
11,Is Rivian Stock A Buy As EV Startup Reportedly Readies IPO For Next Week?,0.0,0.0,1.0,0.0
12,Musk offers to give $6B if UN can prove it can solve world hunger,0.542,0.183,0.761,0.056
13,3 Chinese Stocks to Buy on the Dip After Evergrande Default,0.996,0.089,0.883,0.027
14,Why Nio Shares Are Rising,0.96,0.143,0.83,0.027
15,Elon Musk dangles $6B to fight world hunger — but only if the UN can prove his money would solve the problem,0.902,0.189,0.752,0.059
16,The 3 Most Promising Energy IPOs This Year,0.999,0.156,0.819,0.025
17,UPDATE 1-Tesla opens charging network to other EVs for the first time,0.811,0.039,0.94,0.021
18,Tesla Stock Pops As It Opens Supercharger Network To Other EVs In Europe,0.0,0.0,1.0,0.0
19,What's Going On With GameStop's Stock Today?,0.785,0.048,0.942,0.01
20,"Tesla Expands Battery Production Plans, Signs Supply Agreement With Ganfeng Lithium",0.487,0.057,0.892,0.051
21,US STOCKS-Tesla lifts Nasdaq to record territory; focus turns to Fed's policy meet,0.974,0.06,0.921,0.019
22,Tesla Allows Non-Tesla's to Use Superchargers in Pilot Program,0.103,0.031,0.948,0.021
23,"Wall Street Closes at Record Highs as Energy, Consumer Shine",0.63,0.06,0.901,0.039
24,Billionaire Paul Singer’s Top 10 Stock Picks,0.997,0.092,0.89,0.018
25,Why Tesla Stock Is Up Again Today,0.542,0.13,0.87,0.0
26,Tesla opens charging network for other EVs in Netherlands,0.603,0.039,0.938,0.024
27,EV Truck Maker Rivian Should Go Public—Now. Opportunity Is Knocking.,0.0,0.0,1.0,0.0
28,Has Tesla (TSLA) Outpaced Other Auto-Tires-Trucks Stocks This Year?,0.995,0.157,0.838,0.004
29,Why Plug Power Shares Are Rising,0.964,0.127,0.844,0.029
30,US STOCKS-Wall Street mixed ahead of Federal Reserve's policy meet,0.946,0.058,0.912,0.03
31,Dow Jones Rallies As Tesla Races To Record High; 3 Top Stocks To Buy And Watch,0.202,0.07,0.93,0.0
32,EV Roundup: TSLA's $1T Market Cap &amp; XPEV's Tech Day Grab Eyeballs,0.998,0.109,0.886,0.006
33,Why Anthony Scaramucci Is Warning Tesla Shorts: 'I Would Get Out Of The Way Of Elon Musk If I Were You',0.866,0.053,0.934,0.013
34,Wall Street Retreats from Records as Investors Await Fed,0.7,0.069,0.888,0.043
35,This new fund gives an ESG flavor to the tech-heavy Nasdaq-100 — and beats the index,0.0,0.0,1.0,0.0
36,Now It’s Grind-It-Out Time for Lucid Group,0.997,0.11,0.858,0.032
37,US STOCKS-Wall St eyes record open in a big week for Federal Reserve,0.994,0.1,0.884,0.016
38,The All-Electric Porsche Taycan Is an Amazing Car. But Tesla Has Little to Worry About.,0.318,0.134,0.777,0.088
39,"The Zacks Analyst Blog Highlights: Tesla, Toyota Motor, General Motors, Nikola Corp and Standard Motor Products",0.995,0.098,0.856,0.046
40,Wall St eyes record open in a big week for Federal Reserve,0.994,0.11,0.876,0.015
41,China’s Ganfeng Wins Deal to Supply Tesla With Lithium Products,0.974,0.103,0.872,0.025
42,Dow Jones Futures Rise As Fed Taper Looms For Stock Market Rally; Tesla Rival Nears Buy Point,0.0,0.0,1.0,0.0
43,Why Is Honda Chasing Tesla's CEO Into Space?,0.854,0.082,0.918,0.0
44,UPDATE 1-China's Ganfeng Lithium inks 3-year supply contract with Tesla,0.937,0.092,0.9,0.007
45,"Lucid Group Is an Investment, Not a Trade, and Will Seriously Challenge Tesla",0.909,0.47,0.53,0.0
46,"Porsche Taycan Is an Amazing Car. Tesla Bulls, Though, Have Little to Worry About.",0.318,0.134,0.777,0.088
