﻿,Titles,Polarity,Positive,Neutral,Negative
0,U.S. will see 'meaningful' autonomous vehicle policy in 2020s -U.S. Transportation Secretary,0.981,0.106,0.863,0.03
1,A new startup is developing an electric big rig that's designed to be driven autonomously by other companies' software,-0.128,0.0,0.943,0.057
2,Fremont-based electric truck maker Solo AVT arises from stealth mode,-0.077,0.0,0.979,0.021
3,Electric Vehicle Checkpoint: Ford Differs From Tesla on Price Increase,0.202,0.087,0.913,0.0
4,"Tesla, EV Stock Valuations Make No Sense. Time to Recalibrate.",0.0,0.0,1.0,0.0
5,"Tesla Model 3, Model Y Hit Speed Bump in China",0.0,0.0,1.0,0.0
6,Is Li Auto Stock A Buy As Beijing Eases Regulatory Pressure?,0.077,0.11,0.793,0.097
7,Why Did Tesla Stock Pop Today?,-0.296,0.0,0.976,0.024
8,Cadillac enters electric vehicle competition with the LYRIQ,0.947,0.045,0.951,0.004
9,General Motors (GM) to Deliver Cadillac's 1st Luxury EV Lyriq,0.993,0.085,0.899,0.016
10,Tesla (TSLA) Hikes Prices Across Entire EV Range on Rising Costs,0.988,0.093,0.876,0.031
11,HOG vs. TSLA: Which Stock Is the Better Value Option?,0.999,0.251,0.744,0.004
12,Tesla Fired Worker Who Posted YouTube Video of FSD Accident,0.147,0.064,0.874,0.061
13,Tesla worker says he was fired after posting self-driving test ride videos on YouTube,0.422,0.176,0.737,0.087
14,"Market check: Stocks rise ahead of Fed decision, chip stocks jump",0.0,0.0,1.0,0.0
15,9 Best Clean Energy Stocks To Buy Today,1.0,0.165,0.824,0.012
16,Covid Stops Work at Tesla Plant. But the Stock Rises Because There Is Good News Too.,0.0,0.0,1.0,0.0
17,"Tesla’s $35,000 Model 3 Feels Like a Fever Dream",-0.691,0.059,0.877,0.064
18,Dow Jones Futures Jump: What To Do After Tuesday's Stock Market Surge; Fed Set To Hike Interest Rates,0.0,0.0,1.0,0.0
19,Yahoo Finance Presents: U.S. Secretary of Transportation Pete Buttigieg,1.0,0.116,0.838,0.046
20,5 Top Stocks Likely to Beat Earnings Estimates,1.0,0.196,0.793,0.011
21,Stock-Split Watch: Is Tesla Next?,0.872,0.168,0.832,0.0
22,Blockchain's financial utility is 'undeniable': Adam Dell,0.948,0.081,0.906,0.013
23,"Stocks Leap, Fed In Focus, Apple, Tesla And Live Nation - 5 Things You Must Know",0.649,0.16,0.84,0.0
24,"2 Electric Vehicle Stocks With Up to 242% Upside, According to Wall Street",0.802,0.098,0.902,0.0
25,"The Zacks Analyst Blog Highlights Ford Motor, Harley-Davidson, LCI Industries, and Tesla",0.998,0.084,0.909,0.008
26,Stick With Tesla Stock Even if Wall Street Is More Bullish on Other EV Names. Here’s Why.,0.361,0.116,0.884,0.0
27,UPDATE 2-BMW joins other carmakers in Ukraine crisis output warning,-0.672,0.066,0.845,0.089
28,Exclusive: Tesla stops work at Shanghai factory for two days amid China COVID curbs - internal notice,-0.854,0.0,0.961,0.039
29,UPDATE 1-Chinese EV maker BYD raises prices on higher cost of raw material,0.087,0.037,0.931,0.032
30,Chinese EV maker BYD raises prices citing jump in raw materials costs,0.417,0.037,0.942,0.021
