﻿,Titles,Polarity,Positive,Neutral,Negative
0,3 Auto Stocks to Buy for EV Growth,0.998,0.108,0.874,0.018
1,"If Apple Builds a Car, People Would Buy, Survey Indicates.",-0.174,0.041,0.898,0.061
2,"Tesla Stock May Slip, but an Analyst Sees a Buying Opportunity",0.296,0.091,0.909,0.0
3,How the Twitter whistleblower deposition could alter merger case with Elon Musk,-0.895,0.058,0.877,0.065
4,Rivian opens first service center on the East Coast,0.998,0.136,0.856,0.008
5,Tesla stock price target raised to $360 by Piper Sandler,0.969,0.081,0.896,0.023
6,Dow Jones Rallies On Pivotal Jobs Report; Lululemon Surges On Earnings,0.0,0.0,1.0,0.0
7,Cathie Wood Sold Tesla Stock and Bought Nvidia After the Chip Maker’s Tough Day,-0.226,0.033,0.885,0.082
8,BYD Keeps Making More EVs in China Than Tesla,0.599,0.136,0.864,0.0
9,5 Stocks With Solid Sales Growth to Buy Amid Market Turmoil,1.0,0.206,0.776,0.018
10,7 Hot Small-Cap Stocks to Buy in September,1.0,0.138,0.837,0.024
11,Influencers with Andy Serwer: Chris Blackwell,0.612,0.102,0.898,0.0
12,The Tesla Stock Split Is Complete: 5 Things to Know About Wall Street's Most Anticipated Split,-0.103,0.08,0.833,0.086
13,Cathie Wood Trades Tesla Stock for Nvidia After the Chip Maker’s Tough Day,-0.226,0.033,0.885,0.082
14,Dow Jones Futures: Market Rally Gets Reprieve; The Key Metric In Friday's Jobs Report,-0.103,0.0,0.931,0.069
