﻿,Titles,Polarity,Positive,Neutral,Negative
0,"US STOCKS-Wall St ends lower as investors await earnings, inflation data",0.995,0.109,0.863,0.028
1,Replay: IPO Edge Hosts Fireside Chat with Star Peak Chairman and Stem CEO to Discuss Merger,0.997,0.106,0.892,0.002
2,"US STOCKS-Wall St ends lower as investors await earnings, inflation data",0.995,0.126,0.85,0.024
3,"Tesla 'Bringing A Machine Gun To A Knife Fight,' Canaccord Genuity Analyst Says",0.889,0.069,0.912,0.019
4,"UPDATE 1-Nvidia, Volvo Cars accelerate auto industry's data-processing power race",0.968,0.052,0.948,0.0
5,"US STOCKS-S&amp;P 500, Dow dip ahead of earnings, inflation data",0.983,0.112,0.841,0.047
6,"Another analyst sees Tesla topping $1,000, this time because of energy business",0.422,0.174,0.826,0.0
7,icrosoft Deal Lifts Nuance Stock; Tesla Gets an Upgrade,0.619,0.089,0.863,0.048
8,"Tesla Stock: Headed to $1,071?",0.527,0.082,0.918,0.0
9,Dow Jones Slips As Powell Warns Of 'Overvalued' Assets; Tesla Stock Surges On This,0.0,0.0,1.0,0.0
10,"Nvidia, Volvo Cars accelerate auto industry's data-processing power race",0.968,0.061,0.939,0.0
11,"Tesla, IBD Stock Of The Day, Faces Huge Test Amid Rebound",0.296,0.091,0.909,0.0
12,"Nvidia, Volvo Cars accelerate auto industry's data-processing power race",0.968,0.061,0.939,0.0
13,"Tesla rallies after Canaccord upgrades rating, says it is like Apple",0.979,0.115,0.87,0.014
14,"US STOCKS-S&amp;P 500, Dow slip from record highs ahead of earnings, inflation data",0.993,0.114,0.862,0.024
15,Dow Jones Slips Amid Powell Pledge; Tesla Stock Surges On This Tech; Microsoft Rallies On Deal,0.0,0.0,1.0,0.0
16,"Huawei Targets Over $1B On Self-Driving, EV Technologies R&amp;D, Amid Claims Of Beating Tesla: Bloomberg",0.961,0.068,0.925,0.007
17,"Dow, Tech Stocks Slide As Powell Calls Higher Rates 'Highly Unlikely'; Tesla Jumps On Upgrade",0.459,0.115,0.885,0.0
18,"What You Need To Know In Options This Week. Alibaba, Netflix, Wells Fargo, Bed Bath And Beyond, Aphria And More",0.56,0.029,0.946,0.026
19,"Dow Falls, Tech Stocks Slide As Powell Calls Higher Rates 'Highly Unlikely'; Tesla Jumps On Upgrade",0.459,0.115,0.885,0.0
20,"US STOCKS-S&amp;P 500, Dow ease from record levels; earnings, data in focus",0.989,0.105,0.866,0.029
21,"Dow Jones, S&amp;P 500 Pause, Nasdaq Slips After Powell Comments; Tesla Upgraded; Alibaba, Floor &amp; Decor Rally",-0.296,0.0,0.905,0.095
22,"Tesla to Conquer Trillion-Dollar Energy Market, Canaccord Says",0.983,0.115,0.862,0.023
23,Tesla Well-Positioned for Relief Rally,0.984,0.098,0.864,0.038
24,Buy Tesla Because It Could Be the Next Apple. Here’s How.,0.296,0.104,0.896,0.0
25,"US STOCKS-S&amp;P 500, Dow set to ease from record levels; earnings, data in focus",0.992,0.119,0.86,0.021
26,"Dow Jones, Nasdaq Futures Pause After Powell Comments; Tesla Upgraded; Alibaba, Floor &amp; Decor Rally",-0.296,0.0,0.905,0.095
27,"Auto Stock Roundup: GM &amp; F's Strong Q1 China Sales, PCAR-Romeo Deal and More",0.987,0.07,0.9,0.03
28,29 Big Stocks Are Doing Better Now Than Tesla Did A Year Ago,0.859,0.292,0.708,0.0
29,"U.S., European consumers warm up to electric vehicles, but remain wary of price -survey",0.988,0.11,0.886,0.005
30,Huawei to Invest $1 Billion on Car Tech It Says Surpasses Tesla,0.98,0.067,0.924,0.009
31,Elon Musk Likes Having Bitcoin on Tesla's Balance Sheet; Should You?,0.202,0.114,0.886,0.0
32,Tesla Gains on Canaccord Upgrade Citing Apple-Like Energy Ecosystem,0.0,0.0,1.0,0.0
