﻿,Titles,Polarity,Positive,Neutral,Negative
0,2 Under The Radar EV Stocks Set To Explode This Summer,1.0,0.143,0.825,0.032
1,California regulator reviews Tesla's self-driving claims,-0.981,0.057,0.809,0.133
2,Dogecoin Co-Creator Calls Elon Musk a 'Self-Absorbed Grifter',0.365,0.19,0.72,0.09
3,What's Going Right With General Motors?,0.0,0.0,1.0,0.0
4,Elon Musk Tweet Prompts Bitcoin Selloff,0.0,0.0,1.0,0.0
5,"Dow Jones Futures: Stock Market Slashes Losses, But Tesla Gives Up Key Support Level",0.0,0.111,0.779,0.111
6,UPDATE 2-Burry of 'Big Short' fame reveals $530 mln bet against Tesla,0.989,0.143,0.839,0.018
7,Dow Jones Slips; Microsoft Drops Amid Bill Gates News; Bitcoin Sinks On Elon Musk Tweets,-0.296,0.0,0.913,0.087
8,Why Tesla Stock Was Slipping Today,0.477,0.069,0.908,0.023
9,10 Best Alternative Fuel Stocks to Buy Now,1.0,0.123,0.86,0.017
10,Column: Is Elon Musk trying to destroy bitcoin over environmental concerns?,0.997,0.102,0.849,0.049
11,Elon Musk Is Now Blowing Up the Wall Street Case for Bitcoin,0.993,0.095,0.883,0.022
12,Why Crypto Stocks Dropped Like Rocks Today,-0.791,0.057,0.805,0.138
13,DMV probing whether Tesla violates state regulations with self-driving claims,-0.904,0.025,0.929,0.046
14,Dow Jones Slips As Tech Stocks Fall Again; Microsoft Stock Drops Amid Bill Gates Revelations,0.0,0.0,1.0,0.0
15,Novogratz Says Bitcoin Risks Remaining Under Pressure for Weeks,0.985,0.091,0.888,0.021
16,Fake Elon Musk giveaway featured in cryptocurrency scams - U.S. FTC,-0.992,0.037,0.776,0.187
17,"Elon Musk impersonators cost consumers more than $2 million in cryptocurrency scams, FTC says",-0.318,0.0,0.94,0.06
18,"TSLA Could Catch a Break, According to Bull Signal",0.889,0.075,0.885,0.04
19,Cathie Wood’s ARK Questions  Elon Musk’s Call on Bitcoin,0.0,0.0,1.0,0.0
20,"Bitcoin, Bitcoin Stocks Like Coinbase Tumble On Elon Musk Tweets",0.0,0.0,1.0,0.0
21,"Bitcoin Slips as Traders Flee, but 'Hodlers' Continue Dip-Buying",-0.97,0.061,0.83,0.109
22,Stocks End Lower; Tech Leads Wall Street Down,0.0,0.0,1.0,0.0
23,Stocks End Down as Tech Leads Wall Street Lower,0.0,0.0,1.0,0.0
24,Dow Slips as Wall Street Continues to Back Value Over Growth,0.963,0.108,0.813,0.079
25,More Smart Money Moves Into Nio As US Investment Bank Boosts Holdings,0.982,0.117,0.869,0.013
26,"Dow Jones Slides As Bitcoin Plunges On Elon Musk Tweet; Apple, Tesla Skid",0.0,0.0,1.0,0.0
27,Tesla Stock Keeps Dropping. Is Bitcoin the Problem?,-0.681,0.114,0.658,0.227
28,Tesla Stock Drops. Maybe It’s Time for Musk to Sell $1.9 Billion in Bitcoin.,-0.681,0.114,0.658,0.227
29,Stocks Post Modest Losses as Tech Leads Wall Street Lower,0.0,0.0,1.0,0.0
30,"No, Elon Musk Didn't Sell Tesla's Bitcoin Stockpile",-0.077,0.061,0.875,0.064
31,"Dow Jones Today, Stocks Lag As Chips, Bitcoin Dive: AT&amp;T, Discovery Merger Provides Boost",-0.477,0.0,0.814,0.186
32,10 Best Volatile Stocks to Buy,1.0,0.108,0.871,0.021
33,Stocks Fall as Tech Sector Leads Wall Street Lower,0.0,0.0,1.0,0.0
34,Musk continues disruption in crypto,0.422,0.069,0.931,0.0
35,"Dow Eases From Lows, But Remains Under Pressure as Tech Bleeds",0.852,0.074,0.858,0.068
36,10 Best AI Stocks under $50,1.0,0.122,0.861,0.017
37,Bitcoin Won’t Stop Dropping. Blame Elon Musk.,0.34,0.12,0.88,0.0
38,"Dow Jones Futures Fall In Still-Tricky Market, But ASML, Google Flash Buys; Bitcoin Dives On Latest Musk Tweets",0.696,0.252,0.619,0.129
39,"Dow Jones Today, Futures Lag; Bitcoin Dives As AT&amp;T, Discovery Merge; Trip.com Upgrade Provides Boost",-0.477,0.0,0.814,0.186
40,"Dow Jones Futures Fall In Still-Tricky Market, But ASML, Google Flash Buys; Bitcoin Dives On Latest Musk Tweets",0.696,0.252,0.619,0.129
41,Coinbase Falls As Cryptos Take a Beating,0.103,0.065,0.874,0.06
42,Buy-the-Dip Candidates: Jim Cramer Still Likes Disney Stock,-0.202,0.104,0.76,0.136
43,Stocks Fall as Tech Sector Is Monday's Worst Performer,0.0,0.0,1.0,0.0
