﻿,Titles,Polarity,Positive,Neutral,Negative
0,Time to Bail Out of Nio Stock,0.933,0.041,0.938,0.021
1,Brace Yourself: Tesla’s April China Sales Will Look Ugly,-0.402,0.0,0.895,0.105
2,Rivian Stock Slumped. Ford Plans to Sell Part of Its Stake.,0.296,0.084,0.916,0.0
3,Tesla Says it Will Cover Out-of-State Abortion Costs — But Without Ever Using the Word 'Abortion',0.318,0.139,0.772,0.089
4,Dow Jones Futures: What To Do After Today's Stock Market Plunge; Biden Inflation Speech Next,-0.296,0.0,0.891,0.109
5,"Tesla Now Wants to Save The Water, Too",0.758,0.11,0.89,0.0
6,"Dow sinks over 600 points into the close, S&amp;P 500 closes at lowest level in more than a year",-0.681,0.062,0.74,0.198
7,Investors are Bearish on These 10 Stocks Today,0.973,0.08,0.864,0.057
8,Dow Futures Tick Higher Following Market Sell-Off,0.052,0.065,0.87,0.065
9,UPDATE 1-Aptiv Shanghai plant suspends some shipments after COVID cases - sources,0.212,0.042,0.918,0.04
10,Tesla’s April China Sales Will Look Ugly. The Second Quarter Could Suffer.,-0.402,0.0,0.895,0.105
11,Aptiv Shanghai plant suspends some shipments after COVID cases - sources,0.212,0.042,0.917,0.04
12,"Electric vehicles: The ‘entire industry’ is transitioning to silicone batteries, Group14 CEO says",0.0,0.0,1.0,0.0
13,"Stocks: S&amp;P 500 touches 52-week low, Microsoft market cap dips below $2 trillion",0.0,0.0,1.0,0.0
14,"Market check: Dow falls 500+ points, bitcoin sells off",0.0,0.0,1.0,0.0
15,Why Tesla Stock Is Still Falling,-0.179,0.092,0.798,0.11
16,Petco expanding vet ultrasound services with Butterfly partnership,0.996,0.117,0.869,0.013
17,Dow Jones Dives As Stock Market Correction Worsens; Bitcoin Tumbles And Yields Climb,-0.691,0.0,0.84,0.16
18,Is Tesla Doomed If Elon Musk Buys Twitter?,-0.727,0.045,0.846,0.108
19,Rivian Stock Slumps. Ford Plans to Sell Part of Its Stake.,0.296,0.084,0.916,0.0
20,Dow Jones Futures Dive As Stock Market Correction Worsens; Bitcoin Tumbles And Yields Jump,-0.832,0.0,0.784,0.216
21,"Yahoo Finance Presents: Reid Hoffman, Greylock Partner &amp; LinkedIn Co-Founder",0.0,0.0,1.0,0.0
22,UPDATE 1-Volkswagen CEO sees tight race with Tesla for e-car crown by 2025,0.846,0.08,0.889,0.031
23,Indonesian president plans to meet Elon Musk over nickel -minister,0.942,0.065,0.929,0.007
24,Volkswagen CEO sees tight race with Tesla for e-car crown by 2025,0.846,0.081,0.887,0.032
25,"EU industry chief Breton to meet Musk on free speech, chips, batteries",0.918,0.088,0.887,0.025
26,Recession Watch heats up as Fed moves to tamp down inflation: Morning Brief,0.995,0.1,0.828,0.072
27,Wall Street Opens Sharply Lower as Rivian Sales Stoke Fears; Dow Down 420 Pts,-0.968,0.057,0.833,0.11
28,How Elon Musk’s China Ties Could Test Twitter,0.71,0.114,0.886,0.0
29,China’s Export Growth Weakens to 2020 Low as Lockdowns Bite,-0.236,0.081,0.822,0.097
30,Sibanye Bides Time on Battery Metals Push as Asset Prices Soar,-0.755,0.062,0.864,0.075
31,Elon Musk Fears for His Life After Russian Threats,0.368,0.16,0.793,0.048
32,Buy GM Stock. It’s Time for the Auto Maker to Stomp on the E-celerator.,-0.527,0.0,0.88,0.12
