﻿,Titles,Polarity,Positive,Neutral,Negative
0,Dow Jones Futures: Split Market Rally At Turning Point; Tesla Forges New Entry; 3 Tight Stocks,-0.153,0.0,0.909,0.091
1,Here's Everything Elon Musk Said at Gigafest,0.671,0.109,0.835,0.057
2,Elon Musk says Tesla will begin selling its Cybertruck in 2023. He said the same thing last year. And the year before,0.961,0.062,0.923,0.015
3,How Tesla CEO Elon Musk became one of the most influential businessmen in the world,0.477,0.151,0.849,0.0
4,Tesla May Start Mining Lithium as Musk Cites Battery Metal Cost,-0.989,0.03,0.837,0.132
5,Why Lithium Americas Stock Crashed 10% Today,-0.541,0.043,0.845,0.112
6,"Stocks end the week mixed, energy and financials among the biggest leaders",0.0,0.0,1.0,0.0
7,10 Stocks to Watch on Friday,0.973,0.06,0.909,0.031
8,Tesla bull predicts ‘between 5-10 new gigafactories’ in the next two years,-0.153,0.071,0.839,0.09
9,"Markets: Stocks mixed, U.S. dollar rallies, tech shares lag",0.937,0.076,0.895,0.029
10,Dow Jones Gains; Tesla Stock Falls Despite Elon Musk Cyber Rodeo Boast; Oil Play Gushes Past Buy Point,0.422,0.089,0.911,0.0
11,Everyone Is Buzzing About the Tesla Cybertruck: What We Know Today,0.96,0.041,0.954,0.005
12,Elon Musk Promises to Bring Even More Drama to Twitter Board,0.913,0.056,0.904,0.04
13,"Elon Musk's Whirlwind: Twitter's Board, Biden's Buddy and a Big Hat",0.847,0.098,0.902,0.0
14,"3 Large-Cap, Most-Shorted Stocks to Short",0.981,0.09,0.858,0.053
15,How Elon Musk changed Tesla,0.811,0.054,0.908,0.039
16,"Jeep Has an April Surprise for Tesla, Ford, Rivian and GM",0.552,0.085,0.883,0.032
17,Tesla and Block Partner With Blockstream to Create Solar-Powered Bitcoin Mining Plant,0.103,0.149,0.721,0.131
18,"Tesla (TSLA) Recalls More Than 127K EVs, Hikes Model 3 Price",0.989,0.071,0.909,0.02
19,Mercedes-Benz (DDAIF) Reports U.S. Auto Sales Numbers for Q1,0.981,0.08,0.889,0.03
20,Toyota (TM) Trims 2022 Overall US Auto Sales View Amid Chip Woes,0.98,0.064,0.896,0.04
21,Why Tesla Stock Tumbled Today,0.361,0.078,0.891,0.031
22,"Tesla, Block and Blockstream to mine bitcoin off solar power in Texas -CNBC",0.318,0.073,0.875,0.052
23,Missed Out On Tesla? My Best Stock-Split Stock to Buy And Hold,0.832,0.355,0.645,0.0
24,"Centene CEO dies at 79, union alleges Amazon interference, Elon Musk joins Twitter all-hands meeting",-0.128,0.032,0.928,0.041
25,Elon Musk to Address Twitter Employees in Town Hall,0.0,0.0,1.0,0.0
26,Twitter Reacts to Elon Musk and Tesla Cyber Rodeo News,-0.198,0.084,0.817,0.1
27,"Market Rally Falters As Hawkish Fed Slams Techs; Musk Buys Twitter Stake, Holds Tesla 'Rodeo': Weekly Review",0.459,0.125,0.875,0.0
28,Tesla’s ‘Full Self Driving’ Is More Than Vaporware. Why That’s Good for the Stock.,0.7,0.124,0.876,0.0
29,Dow Jones Drops As Treasury Yields Continue To Rise; Tesla Falls After 'Cyber Rodeo',0.494,0.174,0.826,0.0
30,Square Teams With Blockstream for Solar-Powered Bitcoin Mining Facility,-0.226,0.045,0.903,0.051
31,Ford Stock Could Be Worth Significantly More As It Ramps EV Production,0.983,0.057,0.936,0.007
32,Tesla CEO Elon Musk throws cyber rodeo to open Texas gigafactory,0.997,0.119,0.867,0.015
33,"Stock Market Today - 4/8: Stocks Steady Amid Fed, Growth Russia War Risks",-0.197,0.25,0.506,0.244
34,Here was the news from late-night Tesla factory party,0.762,0.095,0.905,0.0
35,Tesla Deliveries Are Finally Beating Expectations,0.998,0.14,0.847,0.013
36,Why Twitter Stock Took Off This Week,0.95,0.237,0.738,0.025
37,Dow Jones Futures Advance As Treasury Yields Continue To Rise; Tesla Climbs After 'Cyber Rodeo',0.202,0.079,0.921,0.0
38,Dow Jones Futures Rise With Market Rally At Key Levels; Tesla's Musk Parties In Austin But Shanghai Still Shut,-0.238,0.072,0.819,0.109
39,Their CEO Came From Tesla. Now It's One of the Best EV Stocks,0.202,0.052,0.916,0.032
40,Elon Musk Delivers First Teslas Made in Texas,0.0,0.0,1.0,0.0
41,"What Walmart Paying Truckers $110,000 a Year Tells the Fed",0.735,0.15,0.85,0.0
42,Tesla’s Cybertruck Is Coming and Everything Else We Learned at the ‘Cyber Rodeo’,0.893,0.193,0.807,0.0
43,Elon Musk's Wild Week,0.796,0.117,0.883,0.0
44,"Musk Says Tesla Cybertruck, Roadster and Semi Coming Next Year",0.954,0.061,0.908,0.03
45,"Stocks Edge Higher, Amazon, Elon Musk, Tesla And Twitter - Five Things You Must Know",-0.328,0.17,0.655,0.175
46,"HP, Robinhood, Biogen Fall Premarket; Kroger, JetBlue Rise",-0.201,0.037,0.919,0.044
47,Here’s What Happened at  Tesla’s ‘Cyber Rodeo’ Party for the New Austin Plant,0.893,0.193,0.807,0.0
48,"Russia Hits Fleeing Civilians;  Le Pen Risk, Food Prices - What's Moving Markets",-0.959,0.061,0.85,0.089
