﻿,Titles,Polarity,Positive,Neutral,Negative
0,Dow Jones Futures: Is The Stock Market Rally Over? What To Do Now,-0.44,0.0,0.879,0.121
1,Elon Musk admits to huge tax bill: ‘I will pay over $11 billion in taxes this year’,0.226,0.068,0.932,0.0
2,Elon Musk Says He Will Pay More Than $11 Billion in Taxes This Year,0.0,0.0,1.0,0.0
3,"RIVN, LCID, GOEV, FSR: Why Are EV Stocks Down Today?",-0.913,0.032,0.908,0.06
4,Tesla CEO Elon Musk says he will pay $11 billion in taxes this year,0.0,0.0,1.0,0.0
5,Tesla Loses All the Gains From 35% Rally Stoked by Hertz Electric Vehicle Deal,-0.118,0.067,0.867,0.066
6,"Cramer's Mad Money Recap 12/20: Moderna, Tesla",0.778,0.298,0.702,0.0
7,Tesla is at risk of losing its market dominance: analyst,0.99,0.11,0.874,0.015
8,Tesla’s Elon Musk admits to huge tax bill: ‘I will pay over $11 billion in taxes this year’,0.226,0.068,0.932,0.0
9,Russian With Kremlin Ties Charged With Hacking for Inside Trades,0.202,0.064,0.872,0.064
10,Analysts are Recommending These 10 Stocks for 2022,1.0,0.159,0.817,0.024
11,"Microsoft, Tesla Fuel ESG Gains for 32-Year-Old Fidelity Fund",0.985,0.109,0.841,0.05
12,Dogecoin Dev Joins Elon Musk in Faulting the Us Government,0.953,0.102,0.834,0.064
13,Lucid Stock Has a 10% Upside Based on Analysts’ Targets,0.995,0.093,0.893,0.014
14,Is Tesla Running out of Power? Shares Drop 27% As Market Whipsaws,0.361,0.222,0.681,0.097
15,Cathie Wood Portfolio: Green Energy Stock Picks,0.999,0.118,0.864,0.018
16,Why Tesla Stock Got Dented Today,-0.93,0.026,0.789,0.186
17,"Elon Musk's tax bill, BNP Paribas to sell BMO, Youtube TV ends Disney blackout, ‘Spiderman’ success",-0.103,0.0,0.97,0.03
18,Tesla’s Musk Wants Credit for Paying Taxes. He’s Not Going to Get It.,-0.103,0.184,0.66,0.156
19,"Dow Jones Dives 600 Points As Omicron Fears Rise; Moderna Jumps, But Apple, Nvidia, Tesla Drop",-0.422,0.0,0.865,0.135
20,"Dow Jones Dives As Omicron Fears Rise; Moderna Jumps, But Apple, Nvidia, Tesla Drop",-0.422,0.0,0.865,0.135
21,Key Takeaways From the Much-Awaited NIO Day 2021 Event,0.997,0.092,0.894,0.014
22,Elon Musk fires back at critics: ‘I will pay over $11 billion in taxes this year’,0.824,0.081,0.846,0.073
23,Tesla’s Musk: ‘I Will Pay Over $11 Billion in Taxes This Year’,0.0,0.0,1.0,0.0
24,"Dow Jones Futures Sell Off As Omicron Fears Rise; Moderna Jumps, But Apple, Nvidia, Tesla Set To Fall",-0.226,0.0,0.913,0.087
25,Elon Musk said he’ll pay more than $11 billion in taxes this year,0.34,0.039,0.928,0.034
26,2 Growth Stocks That Outperformed Tesla and Bitcoin in 2021,0.848,0.15,0.85,0.0
27,"Nio Touts Vast Expansion, Record Preorders For New ET5 Rival To Tesla Model 3",0.0,0.0,1.0,0.0
28,Dow Jones Futures Tumble In Dangerous Whipsaw Rally As Omicron Fears Swell; Tesla Rival Nio Touts Big Ambitions,-0.273,0.087,0.769,0.144
29,"EV Strategy, Growing Sales Should Mean New Highs for Ford Stock",0.998,0.107,0.885,0.009
30,"Moderna, AT&amp;T Rise Premarket; United Airlines, Tesla, Exxon Mobil Fall",-0.296,0.052,0.896,0.052
31,Elon Musk: 'I Will Pay Over $11 Billion In Taxes This Year',0.459,0.137,0.806,0.056
32,"Nasdaq Leads Market Slump; Moderna, M&amp;A Record and Elon Musk - Five Things You Must Know",0.44,0.091,0.909,0.0
33,Tesla's Musk says he will pay over $11 billion in taxes this year,0.402,0.074,0.858,0.068
34,Tesla's Musk says he will pay over $11 bln in taxes this year,0.402,0.072,0.861,0.067
35,Dow Jones Futures Fall In Dangerous Whipsaw Rally As Omicron Fears Swell; Tesla Rival Nio Touts Big Ambitions,-0.273,0.087,0.769,0.144
