﻿,Titles,Polarity,Positive,Neutral,Negative
0,Nio Stock Rallies To Key Level After Ark Invest's Cathie Wood Buys The Dip,-0.226,0.0,0.963,0.037
1,"Tesla Snubbed from Elite Club While Rivals Ford, Rivian Are Anointed",0.488,0.137,0.863,0.0
2,"Dow Jones Futures: Market Rally Gets What It Needs, Not What You Want",0.392,0.122,0.878,0.0
3,"Biden Wants to Make Life Easier for Tesla, Ford, and Other EV Makers. These Stocks Are Jumping.",0.494,0.167,0.833,0.0
4,Lotus unveils the ‘world's first electric hyper-SUV’ — the Eletre,0.946,0.046,0.944,0.01
5,Why Micron Chips Should Be Your Next Investment,0.816,0.171,0.829,0.0
6,Pandemic-fueled luxury car boom is to here to stay: J.D. Power,0.941,0.056,0.915,0.029
7,General Motors (GM) Gets Above 65K Reservations for Hummer EV,0.986,0.074,0.903,0.022
8,3 Blue-Chip Stocks to Buy That Are Still Oversold,0.995,0.114,0.851,0.035
9,Is Tesla Stock Due For A Pause? This Iron Condor Could Return 59%,0.44,0.132,0.868,0.0
10,"Musk, Tesla Have Secret Deal That Rivals Can't Compete With",-0.226,0.063,0.877,0.061
11,"Musk, Tesla Have Secret Agreement to Secure a Key Element of EVs",-0.226,0.063,0.877,0.061
12,Ford (F) Introduces Off-Road Variant 2023 F-150 Rattler,0.997,0.114,0.873,0.013
13,"New Lotus electric hyper SUV the first in ‘a range of lifestyle cars,’ exec says",0.0,0.0,1.0,0.0
14,Retail Traders Sell Into Rivian’s Rally With EV Concerns Rising,-0.285,0.109,0.783,0.108
15,Will Tesla Buyers Pay More for New Technology? One Analyst Isn’t So Sure.,0.0,0.0,1.0,0.0
16,"Tesla's stock rises again, has retraced about 74% of bear-market selloff through late February",0.785,0.101,0.875,0.024
17,EMERGING MARKETS-Latam currencies join EM peers in cautious gains,0.308,0.076,0.851,0.073
18,"The Zacks Analyst Blog Highlights Tesla, Amazon and Alphabet",1.0,0.141,0.84,0.02
19,UPDATE 1-Tesla signed secret nickel supply deal with Vale - Bloomberg News,-0.755,0.021,0.922,0.056
20,Is Honda Motor (HMC) Outperforming Other Auto-Tires-Trucks Stocks This Year?,0.983,0.085,0.898,0.017
21,"This Top Auto, Tires and Trucks Stock is a #1 (Strong Buy): Why It Should Be on Your Radar",0.996,0.175,0.825,0.0
22,My 2 Best Stock Split Growth Stocks to Buy Now and Hold Forever,0.727,0.152,0.807,0.04
23,Tesla signed secret nickel supply deal with Vale - Bloomberg News,-0.755,0.022,0.92,0.058
24,"FuboTV Stock Is a Buy as Subscribers Grow, It Adds Gambling",0.995,0.125,0.837,0.038
25,Shanghai's New Covid-19 Lockdown Tests China's Financial Hub,-0.886,0.0,0.749,0.251
26,Is it a Wise Decision to Buy Tesla (TSLA) Shares?,0.977,0.081,0.893,0.027
27,Elon Musk Has New Slogan for Union That May Annoy Joe Biden,0.671,0.145,0.802,0.053
28,Is it a Wise Choice to Invest in Tesla (TSLA)?,0.994,0.116,0.88,0.004
29,Tesla Dodges Nickel Crisis With Secret Deal Locking In Supplies,-0.654,0.071,0.854,0.075
30,FedEx Wants Autonomous Trucks. That’s Good for This Company.,0.296,0.075,0.925,0.0
31,"Why Tesla, Google, and Amazon want to do stock splits",0.997,0.161,0.811,0.028
32,Who Cares If Cathie Wood Sold All of Her Palantir Stock,0.998,0.111,0.864,0.026
33,Split Decision? Here's Why Amazon Stock Is a Buy,0.178,0.102,0.898,0.0
34,Why Cathie Wood Just Dumped Tesla for This Hot EV Stock,0.214,0.048,0.928,0.024
35,"Dow Jones Futures Fall After Stocks Jump On Russia-Ukraine Talks; Apple, Dutch Bros Break Out",-0.363,0.071,0.774,0.155
36,Tesla Announces Plans for a Stock Split. Does That Make the Stock a Buy?,0.644,0.137,0.823,0.04
37,Australian state utility picks Tesla batteries to back up renewable energy,0.872,0.091,0.894,0.016
38,Billionaire Michael Saylor Set to Bolster Confidence in Bitcoin,0.926,0.208,0.792,0.0
