﻿,Titles,Polarity,Positive,Neutral,Negative
0,10 Best Performing Cryptocurrencies of 2021,1.0,0.153,0.825,0.022
1,"Quad-Cities Investment Group, LLC Buys Ford Motor Co, Canadian Pacific Railway, FIRST TR EXCH ...",0.998,0.083,0.9,0.017
2,Biden Must Recognize That TSLA Stock Is America’s Best EV Bet,0.995,0.112,0.85,0.038
3,"Autonomous vehicles need stricter rules -U.S. safety group, labor unions",0.992,0.146,0.791,0.062
4,"DekaBank Deutsche Girozentrale Buys Mastercard Inc, Tesla Inc, NVIDIA Corp, Sells Visa Inc, ...",0.997,0.038,0.957,0.005
5,"Birch Hill Investment Advisors LLC Buys Vertex Pharmaceuticals Inc, iShares Core S&amp;P ...",0.991,0.054,0.939,0.007
6,"Oak Family Advisors, Llc Buys Mastercard Inc, VMware Inc, Alico Inc, Sells Telefonaktiebolaget ...",0.997,0.062,0.934,0.004
7,"Banque Pictet &amp; Cie Sa Buys Tesla Inc, Mastercard Inc, Thermo Fisher Scientific Inc, Sells ...",0.996,0.047,0.947,0.006
8,"Grace Capital Buys Vanguard Consumer Discretionary ETF, Tesla Inc, Jasper Therapeutics Inc, ...",0.999,0.118,0.873,0.01
9,"Why Tesla, Lucid, and Rivian Stocks Dropped Today",-0.382,0.0,0.946,0.054
10,"Stocks in focus: Alphabet, Netflix, Meta, Amazon, Tesla",0.977,0.08,0.909,0.011
11,"GM Stock Falls On Earnings But Wall Street Cheers Signs Of Chip Recovery, Huge EV Goal",0.593,0.08,0.92,0.0
12,"Stocks in focus: Alphabet, Netflix, Meta, Amazon, Tesla",0.0,0.0,1.0,0.0
13,Nio Stock Is Already a Legitimate EV Investment,0.175,0.087,0.83,0.084
14,Gravity-Based Battery Storage: Join Energy Vault Co-Founder &amp; CEO in Fireside Chat Feb 8 at 2PM ET,0.994,0.16,0.833,0.007
15,Two Factors Create Hurdles for a Nio Stock Comeback,0.998,0.132,0.841,0.027
16,4-Part Video: Hedge Fund Veteran Charles Gradante Jan. 31 Discussion of Naked Shorts and Squeezes,-0.807,0.04,0.906,0.054
17,Why does Tesla keep recalling cars?,0.572,0.094,0.857,0.049
18,"Earnings: PayPal misses, Starbucks to raise prices, GM to accelerate EVs",0.0,0.0,1.0,0.0
19,"General Motors (GM) Q4 Earnings and Sales Top Estimates, Down Y/Y",0.997,0.114,0.847,0.04
20,GM and Ford Are Talking Up EV Plans. The Biggest Beneficiary Might Be Tesla.,0.382,0.11,0.89,0.0
21,Were Hedge Funds Illusioned With Tesla Inc. (TSLA)?,0.999,0.122,0.866,0.012
22,"Castle Rock Wealth Management, LLC Buys Cigna Corp, Allstate Corp, Stanley Black &amp; Decker ...",0.999,0.119,0.876,0.005
23,"Pinnacle Associates Ltd Buys Canadian Pacific Railway, Mandiant Inc, FedEx Corp, Sells , ...",0.995,0.045,0.947,0.008
24,"Trinity Wealth Management, LLC Buys First Trust Energy AlphaDEX Fund, Invesco Optimum Yield ...",0.999,0.149,0.838,0.013
25,"Aull &amp; Monroe Investment Management Corp Buys CME Group Inc, Wells Fargo, Bank of America ...",0.993,0.077,0.917,0.006
26,"Asahi Life Asset Management Co., Ltd. Buys Organon, Applied Materials Inc, TJX Inc, Sells Bank ...",0.999,0.092,0.903,0.005
27,"Is GM Stock A Buy On New EV Target, Cruise Milestone?",-0.178,0.0,0.922,0.078
28,Prediction: These Will Be 2 of the Biggest Stocks by 2040,0.0,0.0,1.0,0.0
29,"CEO’s of TSLA, ENTEF, MTTR, and RQHTF, Pushing New Frontiers of Innovation and Revenue Growth in Self-Driving EV’s, HealthTech, E-Sports and the Metaverse.",1.0,0.168,0.825,0.007
30,Will Rivian Be a Trillion-Dollar Stock by 2032?,0.202,0.033,0.967,0.0
31,This Is How GM's Cruise Plans to Beat the Competition,0.572,0.094,0.87,0.036
32,"F, CMI &amp; MTOR Quarterly Earnings on Feb 3: What to Expect",0.999,0.112,0.873,0.014
33,3 Best Battery Stocks to Charge Up Your Portfolio,0.995,0.082,0.89,0.028
34,Panasonic to Start Production of Tesla-Championed 4680 Batteries,0.954,0.072,0.884,0.044
35,4 Lessons From ARK’s Rapid Rise—and Fall,0.671,0.215,0.785,0.0
36,Alphabet Stock Split Aimed at Bringing Google Shares to Masses,0.992,0.104,0.868,0.028
37,"Self-driving car companies zoom ahead, leaving U.S. regulators behind",0.985,0.089,0.857,0.054
38,"FOCUS-Self-driving car companies zoom ahead, leaving U.S. regulators behind",0.985,0.089,0.857,0.054
39,Musk Says His Tweet About Taking Tesla Private Was ‘Entirely Truthful’,0.893,0.089,0.849,0.061
40,Were Hedge Funds Right About Apple Inc. (AAPL)?,0.996,0.091,0.896,0.013
41,Were Hedge Funds Right About Alphabet Inc (GOOGL)?,0.992,0.071,0.917,0.011
42,Google is outdoing Apple and Tesla with a 20-for-1 stock split,0.296,0.179,0.732,0.089
43,"Was The Smart Money Right About Meta Platforms, Inc. (FB)?",0.999,0.124,0.859,0.018
44,Were Expert Investors Right About Microsoft Corporation (MSFT)?,0.999,0.13,0.859,0.011
45,"Were Hedge Funds Right About Amazon.com, Inc. (AMZN)?",0.999,0.129,0.837,0.034
