﻿,Titles,Polarity,Positive,Neutral,Negative
0,Elon Musk Takes Unusually Long Twitter Break,0.288,0.049,0.923,0.028
1,"Dow Jones Futures Fall After Volatile Day; Micron's 'Good' News, Hot Tesla Rivals On Tap",-0.754,0.0,0.747,0.253
2,Why Tesla Stock Stalled Today,0.0,0.0,1.0,0.0
3,"Dow Jones Futures: Stocks Bounce But Still Fall; Micron's 'Good' News, Hot Tesla Rivals On Tap",-0.754,0.0,0.747,0.253
4,Unity Software Becomes Latest Tech Company to Announce Layoffs,-0.052,0.045,0.907,0.048
5,"Elon Musk takes notice as Kia, Hyundai climb EV sales chart",0.0,0.0,1.0,0.0
6,Tesla begins tracking office worker attendance,0.0,0.0,1.0,0.0
7,Elon Musk’s 9-day Twitter silence is unusually long for him,-0.178,0.031,0.926,0.042
8,General Motors Slowly Ramps Up Electric Hummer Production,0.0,0.0,1.0,0.0
9,Want to Save Your Retirement Fund? Tune Out the Talking Heads,-0.511,0.0,0.864,0.136
10,Dow Futures Extend Declines as Indices Post Major H1 Losses,-0.859,0.051,0.867,0.082
11,Why Ford Motor Stock Sank Today,0.428,0.057,0.915,0.028
12,VinFast's success could jolt Triangle's economy into hyperspeed,0.318,0.134,0.742,0.124
13,Tesla: Wall Street wary of Q2 deliveries,-0.778,0.031,0.925,0.045
14,Hyundai Causes A Stir With A Car That Will Make People Talk,0.282,0.115,0.811,0.074
15,"Tencent, Other Chinese Companies Follow Western Counterparts In Laying off Staff As Economic Slowdown Weighs",0.977,0.127,0.819,0.054
16,‘We are in a recession’: Long-time bull Cathie Wood warns investors about the ‘big problem’ in the economy. Here’s what she likes today,0.999,0.153,0.814,0.034
17,ESG’s Regulatory ‘Shakeout’ Could Benefit Sector’s Do-Good Funds,0.986,0.106,0.828,0.066
18,Tesla's run of record deliveries may be reaching the end of the road,0.735,0.082,0.844,0.074
19,Blockstream CEO details partnership with Tesla for solar-powered bitcoin mining,0.273,0.07,0.93,0.0
20,RIVN Stock: Rivian To Power Up Its First Fast-Charging Network; Is Rivian Stock A Buy?,-0.402,0.074,0.736,0.19
21,Tech stocks: Nasdaq having its worst year ever,0.0,0.0,1.0,0.0
22,Google searches for electric vehicles and Tesla climb amid high gas prices,0.511,0.078,0.889,0.033
23,Tesla analysts lower Q2 electric vehicle delivery estimates,0.987,0.086,0.876,0.038
24,These 10 stocks in the S&amp;P 500 have lost $4.1 trillion of investors’ money during the first half of 2022,0.44,0.075,0.925,0.0
25,"Market check: Stocks sell off, bitcoin dips below $19,000",0.0,0.0,1.0,0.0
26,Dow Jones Dives After Key Inflation Report,-0.402,0.077,0.769,0.154
27,Tesla’s June China Sales Are Key for the Stock,-0.511,0.0,0.864,0.136
28,Cathie Wood’s Latest Thoughts on Inflation and Her 10 Worst-Performing Stock Picks,1.0,0.121,0.838,0.042
29,Dow Jones Futures Sell Off After Key Inflation Report,-0.402,0.077,0.769,0.154
30,"Want A $7,500 EV Tax Credit? Don't Buy A Tesla",0.649,0.238,0.762,0.0
31,Dow Jones Futures Dive Ahead Of Key Inflation Report,-0.402,0.077,0.769,0.154
32,"Tesla Deliveries Are Coming. The ‘Line in the Sand’ Is 250,000 Cars.",-0.128,0.0,0.933,0.067
33,"Tesla Ignoring Environmental Reporting, Says Data Tracker.",0.0,0.0,1.0,0.0
34,Can Dogecoin Reach $1 by 2030?,0.847,0.191,0.809,0.0
35,Global response to climate will 'change the world over the next 75 years': Costis Maglaras,0.0,0.0,1.0,0.0
36,Influencers with Andy Serwer: Costis Maglaras,0.0,0.0,1.0,0.0
37,The Most Important Lesson Alphabet and Tesla Investors Can Learn From Amazon's Stock Split,0.178,0.091,0.909,0.0
38,Do All These Stock Splits Mean a Market Correction Was Imminent?,0.178,0.038,0.962,0.0
39,3 things that will 'consume us' over the next several decades: Columbia Business School Dean,0.0,0.0,1.0,0.0
40,"Tesla: Street Expectations for Q2 Deliveries Are Too High, Says Analyst",0.935,0.076,0.881,0.043
