﻿,Titles,Polarity,Positive,Neutral,Negative
0,The 5 Best Electric Vehicle Stocks to Buy Now,0.998,0.086,0.894,0.02
1,"Cisco Plunges After China Lockdowns, Ukraine Wreck Forecast",-0.943,0.083,0.811,0.106
2,7 Electric Vehicle Stocks to Sell Before They Crash and Burn,0.946,0.059,0.9,0.04
3,Tesla Removed From Widely-Tracked ESG Index,0.0,0.0,1.0,0.0
4,Tesla Autopilot’s Role in Deadly Vehicle Crash Is Probed by Safety Regulators,-0.893,0.087,0.482,0.431
5,Will CARZ ETF Gain Despite Mixed Auto Earnings?,0.995,0.111,0.847,0.042
6,Dow Jones Futures: Target Triggers Bearish Sell-Off; Market Rally Has 90% Chance Of Doing This,-0.44,0.0,0.804,0.196
7,"Musk Loses $12 Billion in a Day as He Tweets Politics, Slams ESG",0.063,0.083,0.833,0.085
8,Feds send team to investigate Tesla crash in Southern California that killed 3,-0.66,0.076,0.73,0.195
9,Column: Why don't regulators stop Elon Musk from breaking the law?,0.96,0.097,0.821,0.083
10,Nio Stock: China Mulls Extending EV Subsidies As Economy Slows,0.0,0.0,1.0,0.0
11,UPDATE 1-U.S. agency opens probe into fatal Tesla crash that killed three,-0.952,0.076,0.794,0.13
12,Tesla Removed From Widely-Tracked ESG Index,0.0,0.0,1.0,0.0
13,Elon Musk Calls ESG ‘An Outrageous Scam’ After Tesla Was Removed From Index,0.0,0.0,1.0,0.0
14,"UPDATE 1-Tesla's Musk says he 'can no longer support' Democrats, 'will vote Republican'",0.865,0.095,0.844,0.061
15,"Stocks end the day in the red, retail stocks battered, tech sector closes under pressure",0.0,0.0,1.0,0.0
16,"Investing in the new high-inflation, slowing-growth paradigm",0.844,0.115,0.864,0.021
17,"Tesla's Musk says he 'can no longer support' Democrats, 'will vote Republican'",0.865,0.098,0.84,0.063
18,7 Cathie Wood Stocks That She Can’t Stop Buying,1.0,0.167,0.811,0.022
19,Market sell-off: S&amp;P 500 has worst day since June 2020,-0.71,0.0,0.856,0.144
20,"Google to pull nearly all employees from Russia, Tesla booted from S&amp;P 500 ESG index, TJX stock pops",0.992,0.089,0.867,0.044
21,Top 10 Losers on Wednesday,-0.841,0.057,0.872,0.07
22,Why S&amp;P booted Tesla from its ESG index,-0.684,0.031,0.924,0.045
23,Musk Mad Tesla Removed from S&amp;P 500 ESG Index,0.428,0.059,0.91,0.031
24,Musk claims S&amp;P ‘lost their integrity’ after Tesla gets booted from sustainability index while Exxon is included,-0.976,0.041,0.872,0.086
25,Why Tesla Stock Fell Again Today,-0.751,0.048,0.811,0.14
26,"UPDATE 1-Tesla removed from S&amp;P 500 ESG Index, prompting Musk pushback",0.844,0.063,0.901,0.037
27,What to expect at the 2022 Davos World Economic Forum,0.0,0.0,1.0,0.0
28,Tesla dumped by S&amp;P ESG index and Musk cries label is a ‘scam’,0.0,0.0,1.0,0.0
29,"Electric vehicles ‘attractive’ as they come back as used cars, TrueCar CEO says",0.997,0.103,0.873,0.025
30,Tesla stock down after Piper Sandler slashes price target,0.0,0.0,1.0,0.0
31,Tesla Got Kicked Out of the S&amp;P 500 ESG Index. Why That’s a Shock.,-0.075,0.0,0.942,0.058
32,"Tesla removed from S&amp;P 500 ESG index on autopilot, discrimination concerns",0.477,0.044,0.956,0.0
33,Elon Musk Gives Himself a Second Chance to Sell an Unusual Machine,0.687,0.167,0.756,0.076
34,"Tesla Loses Spot on S&amp;P ESG Index Due to Concerns Over Crashes, Working Conditions",-0.961,0.062,0.818,0.12
35,Is Tesla (TSLA) Still a Smart Long-Term Investment?,0.996,0.162,0.83,0.008
36,Insider's view: Site Selectors Guild chair talks $1B-plus megaprojects pipeline in US,0.0,0.0,1.0,0.0
37,Dow Jones Sells Off As Target Plunges 25% On Earnings,-0.44,0.0,0.847,0.153
38,Steve Wynn Accused of Working for China to Lobby Trump,0.178,0.111,0.805,0.084
39,Dow Jones Futures Sell Off As Target Plunges 25% On Earnings,-0.128,0.095,0.791,0.115
40,Tesla Stock Price Targets Are Falling as Earnings Estimates Rise. Here’s Why.,-0.296,0.032,0.887,0.08
41,Tesla Price Targets Are Falling as Earnings Estimates Rise. Here’s What That Means for the Stock.,-0.296,0.032,0.887,0.08
42,"Tesla Bets It Can Bring Down Insurance Costs, Make Driving Safer",0.948,0.108,0.794,0.097
43,3 Cathie Wood Stocks to Buy and Hold for 10 Years,0.768,0.27,0.73,0.0
44,Dow Jones Futures Fall After Stock Market Surge; Target Plunges 23% On Earnings,-0.128,0.095,0.791,0.115
45,Musk weighs in on Apple delaying its return-to-office plan with bizarre ‘lazy dog’ meme,-0.724,0.037,0.9,0.063
