﻿,Titles,Polarity,Positive,Neutral,Negative
0,Dow Jones Futures: AMC Nearly Doubles As Meme Stocks Rule Market Rally; Tesla Tests Key Support,0.103,0.104,0.808,0.088
1,Can Australia Satisfy Tesla’s Appetite For Battery Metals?,0.985,0.104,0.881,0.015
2,Dow Jones Gains Fade; Tesla Dips As Elon Musk Gets Away With This; AMC Stock Halted,0.727,0.208,0.792,0.0
3,Tesla Stock Drops on Recall. Why Investors Shouldn’t Overreact.,0.128,0.103,0.812,0.085
4,Replay: Fireside Chat with The Metals Company to Discuss Merger with Sustainable Opportunities Acquisition Corp.,0.958,0.058,0.926,0.016
5,"AMC rallies, Zoom pops, Nvidia hits a record, Tesla drops",0.0,0.0,1.0,0.0
6,SEC claims Tesla failed to oversee Musk's tweet,-0.511,0.0,0.829,0.171
7,10 Best Cryptocurrencies to Invest in According to Hedge Funds,1.0,0.139,0.844,0.016
8,These 25 Stocks Are the Best to Own in June,0.983,0.097,0.892,0.012
9,"Elon Musk, Tesla Appear To Be Off The Hook Despite SEC Warnings: Report",-0.052,0.102,0.787,0.111
10,Tesla Heads for Biggest Drop in Three Weeks on Market-Share Loss,0.794,0.082,0.851,0.067
11,Here's Why Dogecoin Skyrocketed Today,0.595,0.059,0.941,0.0
12,"Dow Jones Rallies As AMC Stock Soars 40%; Tesla Skids On Recall, Zoom Video Reverses On Earnings",0.0,0.0,1.0,0.0
13,2 Top Stocks You Can Buy on Sale,0.625,0.17,0.83,0.0
14,"Elon Musk at it Again, Tweet Sends Samsung Publishing’s Shares Soaring",0.991,0.126,0.823,0.05
15,Price Of Dogecoin Jumps As Joke Cryptocurrency Gets This Serious Support,0.0,0.0,1.0,0.0
16,"Dow Jones Rallies As AMC Stock Soars 30%; Tesla Slides On Recall, Zoom Video Reverses On Earnings",0.0,0.0,1.0,0.0
17,Tesla CEO Elon Musk Explains Price Increases. Hint: It Isn’t All Demand.,0.0,0.0,1.0,0.0
18,"Tesla failed to oversee Musk’s tweets, violated SEC settlement agreement: RPT",0.999,0.104,0.87,0.026
19,10 Best Pharmaceutical Stocks to Buy According to Cathie Wood,0.999,0.111,0.848,0.041
20,"Tesla Falls On Double Blows Of Vehicle Recall, SEC’s Criticism",0.361,0.063,0.886,0.05
21,Regulators Warned Tesla Over Musk’s Twitter. This Stock Just Moved After a New Tweet.,0.572,0.19,0.81,0.0
22,"Why ChargePoint Stock Can Keep Winning, With or Without Biden's Infrastructure Plan",0.855,0.157,0.843,0.0
23,"Elon Musk tweeted and this stock jumped, after report that regulators told Tesla his Twitter account broke court order",0.572,0.148,0.852,0.0
24,Apple Loses Several Top Managers From Self-Driving Car Division,0.979,0.068,0.929,0.003
25,Amazon Prime Day Is Good For Shoppers. Just Don’t Expect It to Move the Stock.,0.026,0.086,0.831,0.083
26,"Nio, Li Auto Upbeat On Q2 Deliveries Despite Chip Crunch",0.077,0.103,0.807,0.09
27,Explainer: Tesla drops radar; is Autopilot system safe?,0.915,0.098,0.815,0.087
28,SEC Alleges Tesla Failed to Rein In Musk on Twitter,0.318,0.075,0.888,0.037
29,"UPDATE 1-Tesla recalls nearly 6,000 U.S. cars over potentially loose bolts",-0.941,0.037,0.844,0.119
30,"Tesla recalls nearly 6,000 U.S. cars over potentially loose bolts",-0.941,0.038,0.84,0.122
31,Musk Says Panic-Buying of Chips Is Like the Rush on Toilet Paper,0.296,0.114,0.778,0.108
32,Tesla to buy more than $1 billion of Australian battery minerals a year,0.984,0.103,0.893,0.004
33,Tesla to buy more than $1 bln of Australian battery minerals a year,0.984,0.103,0.893,0.004
34,"Tesla Recalls Nearly 6,000 Model 3 and Y Vehicles",-0.7,0.0,0.755,0.245
35,"Australia Grows, Turkish Lira Slumps, Oil Still in Demand - What's Moving Markets",0.998,0.119,0.817,0.064
36,"BlackBerry, Amazon, Elon Musk, Splunk - 5 Things You Must Know Wednesday",0.296,0.078,0.922,0.0
