﻿,Titles,Polarity,Positive,Neutral,Negative
0,"Dow Jones Futures: Apple, Facebook, Qualcomm Flash Buy Signals; Biden Tax Hike Plans In Focus",0.0,0.0,1.0,0.0
1,Tesla’s Quarterly Report Notes a New Risk,0.296,0.075,0.925,0.0
2,"Elon Musk dubs himself ‘The Dogefather’ in SNL promo tweet, prompting real people to invest actual money in joke crypto",-0.637,0.0,0.776,0.224
3,"Amid confusion, NTSB to release report on Texas Tesla crash as soon as possible",-0.977,0.05,0.833,0.117
4,German regulator warns Binance over stock tokens,-0.318,0.061,0.868,0.071
5,Investing In Stocks: See How To Invest Using 3 Simple Steps,0.818,0.288,0.712,0.0
6,NYC ride-hailing company plans all-electric service using Tesla Model Ys,0.649,0.072,0.896,0.032
7,"Tesla Reveals Big Bitcoin Gain, New Regulatory Issues",0.0,0.0,1.0,0.0
8,"China's Ganfeng Lithium Q1 profit surges, helped by higher prices",0.967,0.108,0.864,0.028
9,"Dow Falls As Apple Set To Report Earnings; Microsoft Tumbles, While Alphabet Jumps On Earnings",0.0,0.0,1.0,0.0
10,Could An Amazon Split Foreshadow Dow Jones Industrial Inclusion?,0.965,0.098,0.866,0.035
11,"Dogecoin Is Spiking Thanks to Elon Musk, the Dogefather",0.0,0.0,1.0,0.0
12,Tesla discloses notice from EPA alleging noncompliance with the Clean Air Act of 1963,0.457,0.055,0.906,0.039
13,Why Do Millennials Hate Salesforce Stock?,0.511,0.06,0.94,0.0
14,"Tesla Fails to Comply With Some Pollution Rules, EPA Says",-0.402,0.149,0.644,0.207
15,"Dogecoin shoots higher as Musk calls himself, 'The Dogefather'",0.671,0.083,0.917,0.0
16,3 Must-See Excerpts From Tesla's First-Quarter Earnings Call,0.754,0.093,0.907,0.0
17,Tesla Earnings Post-Mortem: Blowout Or Blow Up?,0.974,0.102,0.838,0.06
18,UPDATE 1-Tesla says bitcoin investment worth $2.48 billion,0.865,0.088,0.894,0.018
19,Trump tax cut allowed Duke Energy to reduce costs for customers ‘by over a billion dollars’: Lynn Good,0.984,0.148,0.832,0.021
20,Electric Vehicle Checkpoint: Tesla Gets Boost From Bitcoin,0.202,0.076,0.924,0.0
21,We just learned a lot about Tesla’s Bitcoin bet,0.998,0.093,0.884,0.023
22,Nexon Joins Tesla in Bitcoin Bet With $100 Million Purchase,0.977,0.123,0.869,0.008
23,Tesla and the obscure earnings JPEG,0.43,0.057,0.924,0.019
