﻿,Titles,Polarity,Positive,Neutral,Negative
0,INSIGHT-Inside China's electric drive for swappable car batteries,0.986,0.056,0.914,0.03
1,Tesla’s Winning Streak Hits 8 Days. Not Every Stock Move Makes Sense.,0.0,0.0,1.0,0.0
2,"Dow Jones Futures: Market Rally Rebounds As Nvidia, AMD Lead Chip Surge; Nio Earnings Due",0.848,0.226,0.774,0.0
3,"Elon Musk’s wildest predictions about the future, some of which have come true",0.981,0.065,0.899,0.036
4,"Musk, Tesla Hit a Snag That Could Thwart Their Plans",-0.361,0.0,0.828,0.172
5,Why Tesla Stock Zoomed Higher Again,0.791,0.148,0.852,0.0
6,Musk and Zuckerberg Fail to Make Cut in ‘High Character’ CEO ETF,0.993,0.126,0.821,0.053
7,"Hertz goes all in on Tesla, adds Model Y SUV to fleet",0.981,0.073,0.904,0.023
8,Is Tesla Stock A Buy As It Begins Shipping The Berlin-Made Model Y?,0.0,0.0,1.0,0.0
9,"Top Analyst Reports for Tesla, Cisco &amp; AMD",0.999,0.175,0.79,0.035
10,Tesla Has a Winning Recipe Rivals Envy,0.064,0.049,0.906,0.045
11,Tesla Model Y joins car rental company Hertz’s electric vehicle fleet,0.0,0.0,1.0,0.0
12,Tesla stock jumps to best in more two months,0.859,0.144,0.829,0.027
13,Tesla Renews Membership in One of The Most Elite Clubs on The Planet,0.459,0.074,0.926,0.0
14,Elon Musk's ties to China: Lawmaker explains why Congress is worried,0.986,0.102,0.859,0.039
15,"Tesla, GM, and Ford Earnings Estimates Are Slipping. Blame the Supply-Chain Bottleneck.",-0.128,0.0,0.933,0.067
16,3 Best Stocks to Trade Right Now,0.981,0.072,0.887,0.041
17,Barbara Corcoran: The key to understanding celebrity CEOs like Elon Musk and Mark Zuckerberg,0.993,0.092,0.88,0.028
18,Ford (F) &amp; General Motors (GM) Announce Series of Recalls,0.992,0.112,0.847,0.041
19,10 Reddit WallStreetBets Stocks That Are Rising,1.0,0.128,0.84,0.032
20,Electric vehicle Google search interest rises as gas prices spike,0.318,0.126,0.874,0.0
21,Market check: Stocks open higher as bond yields rise,0.0,0.0,1.0,0.0
22,The difference between Mark Zuckerberg and Elon Musk,0.999,0.224,0.734,0.042
23,Elon Musk's Tesla Returns to The $1 Trillion Club,0.459,0.074,0.926,0.0
24,"Is Most-Watched Stock Tesla, Inc. (TSLA) Worth Betting on Now?",0.999,0.132,0.862,0.006
25,"US STOCKS-Wall St set to rebound, investors watch NATO summit",0.96,0.086,0.879,0.035
26,Tesla's Berlin Gigafactory Debuts German-Made Model Y,0.0,0.0,1.0,0.0
27,1 Sign Tesla Might Crush Its Guidance This Year,0.572,0.207,0.793,0.0
28,"Tesla, 2 More Car Makers Each Lead Industry in R&amp;D Spending. Why the Numbers Make Sense.",0.0,0.0,1.0,0.0
29,Dow Jones Futures Rise After Stock Market Rally Retreat; 'Monster' Apple In Buy Area,0.55,0.182,0.818,0.0
30,5 Stocks With Solid Sales Growth to Counter Choppy Markets,1.0,0.179,0.806,0.015
31,"3 No-Brainer Stocks to Buy With $1,000 Right Now",0.912,0.202,0.756,0.042
32,7 Reddit Stocks That Are Trending on r/WallStreetBets,-0.989,0.057,0.863,0.08
33,Block Offers Tremendous Upside Right Now for These 3 Reasons,0.998,0.145,0.804,0.051
34,Are Electric Vehicle Stocks Overhyped?,0.681,0.115,0.885,0.0
35,Influencers with Andy Serwer: Barbara Corcoran,1.0,0.148,0.805,0.048
36,"Why Tesla, GM, and Volkswagen Each Lead the Car Industry in R&amp;D Spending",0.0,0.0,1.0,0.0
37,"Why Apple, Tesla, and 98 Other Growth Stocks Are Getting Their Groove Back",0.25,0.196,0.679,0.125
38,Tesla CEO Elon Musk Shows His Dance Moves in Berlin,0.44,0.106,0.841,0.054
39,"Elon Musk Drops Hollywood, Beauty Pageant and UFC",0.0,0.0,1.0,0.0
