﻿,Titles,Polarity,Positive,Neutral,Negative
0,Tesla beat bitcoin over the past year — so did 124 others in the S&amp;P 500,0.0,0.0,1.0,0.0
1,Tesla Stock Jumps to Start 2022,0.296,0.109,0.891,0.0
2,"US STOCKS-S&amp;P 500, Dow hit record highs on 1st trading day of 2022",0.994,0.126,0.832,0.042
3,TSLA Soars by 13% After Tesla Reported Record Vehicle Deliveries for 2021,0.871,0.051,0.933,0.016
4,10 Energy Stocks to Buy According to Billionaire Bruce Kovner’s Caxton Associates,1.0,0.144,0.833,0.023
5,The 5 most anticipated IPOs of 2022,0.866,0.047,0.928,0.025
6,Dow Jones Futures: Treasury Yields Surge; Apple Makes History; Time To Buy Tesla Stock?,0.202,0.079,0.921,0.0
7,AMC Stock and AABB Stock — The ABCs of Meme Investor Buying,1.0,0.143,0.825,0.033
8,The Hottest Energy Storage IPOs In 2022,1.0,0.146,0.831,0.023
9,Tesla is opening a showroom in China’s controversial Xinjiang region,0.7,0.312,0.688,0.0
10,"EV Stocks Alert: Why Are LCID, GOEV, FSR, PTRA Stocks Revving Up Today?",0.999,0.171,0.802,0.027
11,Dow Jones Gains; Elon Musk Takes Victory Lap As Tesla Charges; Apple Stock Hits $3 Trillion Mark,0.637,0.191,0.809,0.0
12,Dow Jones Rallies; Elon Musk Takes Victory Lap As Tesla Stock Rockets; Apple Makes History,0.382,0.094,0.906,0.0
13,"Tesla Stock Breaks Out After EV Giant's Blowout Q4 Deliveries Of 308,600",0.0,0.0,1.0,0.0
14,Why Lordstown Motors Shot Nearly 9% Higher Today,0.771,0.131,0.846,0.022
15,Stocks Rose and Tesla Surged — and What Else Happened in the Stock Market Today,0.625,0.169,0.831,0.0
16,Why Lucid Stock Jumped 9% Today,0.296,0.103,0.849,0.048
17,Tesla Stock Pops After Record Deliveries,0.599,0.224,0.776,0.0
18,The 10 Biggest M&amp;A Deals That Could Happen In 2022,1.0,0.107,0.849,0.044
19,US STOCKS-Wall St gains on first trading day of 2022; Apple hits $3 trln market cap,0.986,0.111,0.87,0.019
20,"Tesla, Nvidia, 3 IPOs Among Top Stocks To Watch In 2022",0.459,0.2,0.8,0.0
21,Tesla's Musk has 'the golden touch': Analyst Dan Ives,0.902,0.061,0.931,0.008
22,"Delivery Updates From NIO, XPeng (XPEV) and LI Auto (LI)",0.998,0.13,0.862,0.008
23,Tesla shares rocket more than $130 per share on good news about deliveries,0.0,0.0,1.0,0.0
24,What Tesla's blowout 4th quarter means for the electric vehicle industry,0.0,0.0,1.0,0.0
25,Apple Shares Briefly Top $3 Trillion Valuation,0.34,0.068,0.932,0.0
26,"Tesla shares up 12%, as EV deliveries smash estimates",0.952,0.076,0.906,0.018
27,3 of Cathie Wood’s Best and Worst Stock Picks of 2021,0.998,0.101,0.882,0.017
28,Why Ford Motor Company Stock Is Up Today,0.608,0.08,0.892,0.029
29,"Cramer's Mad Money Recap 1/3: Tesla, Apple, Nvidia",-0.052,0.125,0.741,0.134
30,Tesla had a 'trophy case quarter' and the company is just getting started,-0.459,0.0,0.919,0.081
31,"Boeing, Goldman Lead Modest Dow Jones Rally; Tesla Soars On Delivery Data; Apple Stock Jumps, Nears $3 Trillion Market Cap",0.859,0.358,0.642,0.0
32,"Tesla Opens Showroom in China’s Xinjiang Region, Which the U.S. Has Cited for Genocide",-0.879,0.045,0.892,0.063
33,What Investors Miss About Tesla Energy,0.785,0.128,0.836,0.036
34,"Keep on Buying Tesla Stock, Says Analyst After Q4 Delivery Blowout.",0.99,0.114,0.853,0.033
35,US STOCKS-Wall Street climbs in upbeat start to 2022,0.988,0.104,0.856,0.04
36,VOLT Stock: My No. 2 Moonshot Pick for 2022,0.992,0.094,0.846,0.061
37,ETFs to Drive Tesla's Near $1 Million Vehicle Deliveries,0.996,0.11,0.852,0.038
38,Tesla's Latest Delivery Results Electrify Investors,0.913,0.064,0.9,0.036
39,"8 Top Penny Stocks to Watch Today: EVGRF, PTE, BLCT, GNPX, AFI, CELZ, AUVI, WAVE",0.995,0.141,0.808,0.051
40,Stock Market Makes Uneven Gains To Start 2022; These IBD 50 Stocks Tumble,0.686,0.164,0.836,0.0
41,"Tesla Gains, Apple's Value, Vaccine News: 3 Things to Watch",0.993,0.121,0.873,0.006
42,"Tesla stock: ‘A lot of the upside is already priced in,’ analyst says",0.992,0.091,0.896,0.013
43,BLCT Stock: 7 Things to Know About LGBT Platform BlueCity Holdings and the Spriver Tech Deal,0.988,0.098,0.868,0.035
44,"Tesla stock soars as deliveries surge 87% in 2021, smash quarterly record",0.202,0.046,0.954,0.0
45,US STOCKS-Wall Street climbs in upbeat start to 2022,0.954,0.087,0.86,0.052
46,UPDATE 5-Tesla surmounts supply chain woes with blockbuster Q4 deliveries,0.966,0.082,0.861,0.057
47,Stock Market Starts 2022 With Gains As Tesla Helps Spark EV Stocks,0.686,0.137,0.863,0.0
