﻿,Titles,Polarity,Positive,Neutral,Negative
0,Elon Musk issues subpoena to Jack Dorsey amid Twitter acquisition battle,0.141,0.018,0.982,0.0
1,Musk Subpoenas Ex-Twitter CEO Dorsey in Battle Over Buyout,0.783,0.079,0.854,0.067
2,"Stocks and sectors close lower on Monday, semiconductor stocks under pressure",-0.202,0.0,0.909,0.091
3,Dow Jones Dives; Tesla Slides After Elon Musk Move; AMC Stock Tumbles As Rival Nears Bankruptcy,0.0,0.0,1.0,0.0
4,Elon Musk demands Jack Dorsey turn over Twitter info on fake accounts,-0.477,0.068,0.864,0.068
5,Dow Jones Falls Ahead Of Jackson Hole Meeting; Signify Health Spikes On Amazon Bid; Energy Stocks Rise,0.0,0.0,1.0,0.0
6,5 Cathie Wood Stocks Signaling “The Bear Market Is Over”,0.998,0.132,0.832,0.036
7,Why Tesla's Falling Ahead of Its Stock Split,-0.059,0.03,0.907,0.062
8,Financier Makes Multibillion-Dollar Bet Against Tesla and Musk,-0.542,0.0,0.811,0.189
9,Why Tesla Stock Dropped Monday,0.0,0.0,1.0,0.0
10,"Tesla stock is 40% undervalued after Inflation Reduction Act signing, analyst argues",0.987,0.085,0.912,0.003
11,EV Tax Credits: Big Changes For Electric Vehicle Subsidies — What You Need To Know,0.361,0.102,0.898,0.0
12,7 Stocks to Buy This Week,0.997,0.089,0.874,0.037
13,"UPDATE 2-Ford cuts 3,000 jobs as it pivots to EVs, software",0.891,0.061,0.905,0.034
14,"XPeng, China's EV Startup, To Report Earnings Amid Economic Uncertainty",0.128,0.025,0.975,0.0
15,Ford to Appeal $1.7 Billion Verdict in Fatal Truck Rollover. The Stock Falls.,0.0,0.226,0.547,0.226
16,"Tesla, DocuSign, Coupa, Salesforce stocks on the move after Wall Street ratings",0.96,0.055,0.918,0.027
17,Tesla loses challenge to California agency suing for race bias,-0.987,0.065,0.783,0.152
18,"Stocks: Amazon, Tesla, Netflix in the red in early trading",0.625,0.096,0.849,0.055
19,Dow Jones Drops After Stock Market Sell-Off,-0.66,0.071,0.672,0.256
20,3 Things You Should Know About the Tesla Stock Split,0.0,0.0,1.0,0.0
21,Is It Too Late to Buy Tesla Before the Split?,0.221,0.181,0.819,0.0
22,"Tesla raises price of full self-driving capability, Elon Musk announces",0.0,0.0,1.0,0.0
23,Zoom’s Post-Pandemic Slowdown Keeps Stock in Check,0.994,0.104,0.838,0.058
24,"Tesla Raising Price of Driver-Assistance System to $15,000",0.758,0.081,0.853,0.066
25,Inflation Tesla-style: Elon Musk unveils record price hike for unfinished self-driving software,0.997,0.106,0.844,0.05
26,Buy Tesla Stock Because It’s ‘Christmas in August’,0.296,0.087,0.913,0.0
27,Dow Jones Futures Drop After Stock Market Sell-Off,-0.66,0.078,0.642,0.28
28,Apply Buy-on-the-Dip Strategy in the Near Term: 5 Picks,1.0,0.156,0.822,0.023
29,Apple Employees Resist Calls For Return-To-Office,0.77,0.079,0.87,0.051
30,"AMC, Signify Health, Tesla, Occidental, and More Stock Market Movers Monday",-0.422,0.0,0.893,0.107
31,"Stocks Slump Lower, Week Ahead, Tesla, AMC And Gas Prices In Focus - Five Things To Know",0.542,0.173,0.74,0.087
32,"Tesla, AMC Entertainment, Bed Bath &amp; Beyond Fall Premarket; Signify Health Rises",0.872,0.09,0.854,0.056
33,"Giant Fund Sells Apple, Tesla, Microsoft Stock. Here’s What It Bought.",0.097,0.12,0.778,0.102
34,"China Eases, Gazprom to Shut Pipeline, Tesla Price Hike - What's Moving Markets",-0.874,0.083,0.824,0.093
