﻿,Titles,Polarity,Positive,Neutral,Negative
0,"After a Turbulent 2021, Premium EV Maker Nio Is a Buy",0.989,0.087,0.87,0.043
1,7 Meme Stocks Still Making a Lot of Noise,0.998,0.092,0.879,0.029
2,These 2 Stocks Are Capitalizing on Stock Split Benefits,0.999,0.15,0.818,0.032
3,"Grimes Shares How Elon Musk Lives, Spends His Money",-0.318,0.055,0.85,0.095
4,"Dow Jones Futures: Market Rally Nears Lows Amid Ukraine Invasion, Looming Fed Rate Hike; What To Do Now",-0.318,0.0,0.845,0.155
5,"4 Top Stock Trades for Monday: AMD, TSLA, NIO, SOFI",0.997,0.152,0.768,0.08
6,"Stocks fall to session lows to end the week, energy finishes in the green",-0.318,0.079,0.792,0.128
7,Musk Faces Judge Doubtful Go-Private Tesla Tweet Was True,0.969,0.092,0.842,0.066
8,Blink Charging president shares how the company works to ‘spread EV adoption nationwide’,0.382,0.064,0.936,0.0
9,Swap or supercharge: picking a winner in the electric car range race,0.44,0.162,0.838,0.0
10,Why These 10 Stocks Are on the Move on Friday,0.94,0.048,0.925,0.027
11,Stellantis CEO Looks To Catch Up With Tesla In Coming Years,0.977,0.157,0.818,0.026
12,"Tesla rival Xpeng launches EV, U.S. extends travel mask mandate, Rihanna's lingerie company mulls IPO",-0.459,0.0,0.885,0.115
13,Why You Should Dump Lucid Stock While You Still Can,0.956,0.075,0.861,0.064
14,Dow Jones Rallies On Putin's Ukraine Comments; Rivian Dives On Earnings,0.0,0.0,1.0,0.0
15,"Tesla Set the Model for Selling EVs; Ford, VW and Others Want to Follow",-0.052,0.071,0.851,0.078
16,Missed Amazon's Split? These Stocks Are Next For The Easy Money,0.118,0.093,0.773,0.134
17,"Dow Jones Futures Jump As Putin Sees 'Positive Shift' In Ukraine Talks; Rivian, DocuSign Dive",0.557,0.175,0.825,0.0
18,Elon Musk May Be Trillionaire by 2024,0.875,0.186,0.814,0.0
19,Electric Vehicles Have a Fuel-Efficiency Problem,0.0,0.0,1.0,0.0
20,Musk's plan for Tesla-built batteries has an acceleration challenge,0.988,0.088,0.868,0.043
21,FOCUS-Musk's plan for Tesla-built batteries has an acceleration challenge,0.988,0.088,0.869,0.043
22,"Ford, PG&amp;E to test backup power for home, grid with F-150 Lightning",0.153,0.105,0.814,0.081
23,"Apple, Google and Microsoft Oppose Texas Order on LGBT Youth",-0.918,0.048,0.876,0.076
24,"Tesla: ICE Vehicles Will Trump EVs in the Near-Term, Says Morgan Stanley",0.988,0.106,0.868,0.025
25,"Panasonic Readies New Battery Tesla Sees as Key to $25,000 EVs",0.991,0.094,0.879,0.027
