﻿,Titles,Polarity,Positive,Neutral,Negative
0,Why Companies Like Peloton Are Issuing Convertible Debt on Attractive Terms,0.459,0.103,0.897,0.0
1,Audi Challenges Tesla With New Electric Sedan E-Tron GT,0.99,0.084,0.91,0.006
2,Amazon-Backed Rivian Plans Electric-Vehicle Plant in Europe,0.957,0.057,0.935,0.008
3,Investors Love ChargePoint But They Need to Vote Immediately to Greenlight a Speedy Deal,0.996,0.165,0.78,0.054
4,Facebook Exploring Audio-Chat Products to Rival Clubhouse,0.967,0.055,0.934,0.01
