﻿,Titles,Polarity,Positive,Neutral,Negative
0,'Big Short' investor Burry says he's no longer betting against Tesla - CNBC,0.952,0.089,0.884,0.027
1,Into the Heart of Q3 Earnings Season,0.996,0.108,0.853,0.039
2,"Dow Jones Futures: Microsoft, Tesla Rival Xpeng Are Buys In Broad Market Rally; Bitcoin ETF Decision Looms",0.325,0.15,0.768,0.082
3,Why Tesla Stock Jumped on Friday,0.919,0.227,0.773,0.0
4,Tesla earnings preview: Wall Street hopes dark clouds are ‘in the rearview mirror’,0.422,0.085,0.915,0.0
5,"Market Rally Takes Hold As Leading Stocks Shine; Tesla, Taiwan Semi, Delta In Focus: Weekly Review",0.542,0.246,0.676,0.077
6,"Tesla stock climbs to 8-month high after Jefferies boosts price target, profit view",0.178,0.048,0.919,0.033
7,Oil Markets Unfazed By Falling Imports From China,-0.978,0.056,0.867,0.077
8,"Tesla Stock Up As It Launches Insurance Offering In Texas, But Removes Cybertruck From Website",0.0,0.0,1.0,0.0
9,"Tesla stock climbs toward 8-month high after Jefferies boosts price target, profit view",0.178,0.043,0.927,0.03
10,Truck Talk: Delayed Gratification Edition,0.994,0.065,0.908,0.027
11,Why This Tesla Analyst Sees 16% Upside In Shares Ahead of Q3 Earnings,0.975,0.077,0.897,0.026
12,"Dow Jones Rallies As Bitcoin Tops $60,000; 4 Tech Giants To Buy And Watch",0.0,0.0,1.0,0.0
13,Bitcoin miners make US an industry leader after China crackdown as climate fears weigh,0.99,0.09,0.871,0.039
14,Why Investors Should Care About the Volt Crypto ETF,0.557,0.204,0.796,0.0
15,"Tesla's Move to Texas Is Less About Politics, More About Business Prospects",-0.273,0.0,0.905,0.095
16,11 Best Penny Stocks To Buy According To Hedge Funds,1.0,0.156,0.826,0.018
17,3 S&amp;P 500 Stocks to Buy as the Index Sees Best Day Since March,0.999,0.159,0.827,0.014
18,XPeng Is a More Sustainable EV Maker Than Even Tesla,0.296,0.043,0.957,0.0
19,Tesla Stock: Headed to $300?,-0.317,0.0,0.887,0.113
20,Why Tesla (TSLA) Looks Poised for a Solid Q3 Earnings Release,0.996,0.103,0.877,0.019
21,Vaccine mandates are the new labor market wild card: Morning Brief,0.996,0.097,0.858,0.044
22,"Tesla Stock Ticks Up; Jefferies Lifts Target, Sees Sustained Demand",-0.128,0.0,0.927,0.073
23,"Electric Vehicle Checkpoint: GM, Ford Focus on EV Investment",0.202,0.083,0.917,0.0
