﻿,Titles,Polarity,Positive,Neutral,Negative
0,"Tesla may be heading to Texas, but here’s why the Bay Area is a still a center for EV tech",0.494,0.032,0.968,0.0
1,"Dow Jones Futures: Market Rally, Microsoft, Google, Nvidia, Sea At Inflection Points; Tesla FSD Beta Opens Up",0.296,0.037,0.963,0.0
2,Dow Jones Fights Off Jobs Blow; Tesla Falls As Musk Moves HQ; Moderna Dips On Vaccine Halt,-0.66,0.0,0.803,0.197
3,Dow Jones Rebounds From Jobs Blow; Tesla Falls As Musk Moves HQ; Moderna Dips On Vaccine Halt,-0.66,0.0,0.803,0.197
4,Dow Jones Fights After Jobs Blow; Tesla Falls As Musk Moves HQ; Moderna Dips On Vaccine Halt,-0.66,0.0,0.803,0.197
5,Why These 10 Stocks Are on the Move on Friday,0.988,0.081,0.912,0.007
6,Is Nio Stock A Buy As Flagship New EV Looms?,0.0,0.0,1.0,0.0
7,Secondary Share Sale Boost SpaceX’s Valuation To $100 Billion,0.955,0.101,0.854,0.045
8,'There's a lot of FOMO' with SpaceX:' Expert on its $100B valuation,0.9,0.049,0.939,0.012
9,Is Tesla (TSLA) Still a Great Investment Choice?,0.997,0.11,0.886,0.004
10,Tesla Stock Has Hit a Wall. It Likely Needs an Earnings Surprise to Break Through it.,0.45,0.141,0.807,0.052
11,Tesla (TSLA) Moves Headquarters from California to Texas,0.0,0.0,1.0,0.0
12,"Stock Market Rally Attempt Underway, But Faces Resistance; Oil Prices, Treasury Yields Hit Highs",0.296,0.109,0.891,0.0
13,Tesla Is Texas Bound: Impact on Real Estate Market,-0.382,0.031,0.9,0.069
14,How Tesla Makes Money: All-Electric Cars and Energy Generation,0.262,0.085,0.915,0.0
15,Why second-chance programs can lead to a more robust workforce,0.44,0.161,0.74,0.099
16,Dow Jones Falls As U.S. Job Growth Slows; Tesla Dips After Musk Comments,0.0,0.0,1.0,0.0
17,Dow Jones Falls As Job Hiring Slows; Tesla Dips After Musk Comments,0.0,0.0,1.0,0.0
18,Elon Musk SpaceX hits $100B valuation,0.0,0.0,1.0,0.0
19,"After the Jobs Report, Investors are Looking at The Fed for Tapering Signals",0.99,0.096,0.845,0.058
20,Is GM a 'Buy' After Setting Ambitious Growth Targets?,0.998,0.095,0.877,0.028
21,Tesla Shareholders Support Calvert’s Proxy Proposal on Diversity,0.902,0.101,0.829,0.069
22,"Tesla HQ moves to Texas, General Motors details ambitious EV revenue projections",0.0,0.0,1.0,0.0
23,Nuns Highlight Human Rights Concerns Over Tesla’s Supply Chain,0.44,0.116,0.884,0.0
24,‘There’s limits on how big you can scale in the Bay Area;’ Musk moving Tesla  HQ to Texas from California,0.0,0.0,1.0,0.0
25,Tesla Announces Date for Third Quarter 2021 Financial Results and Webcast,0.318,0.015,0.985,0.0
26,Tesla's Model S and X Deliveries Are Rising Again,-0.168,0.0,0.927,0.073
27,These 3 No-Brainer Stocks Were Top Performers This Quarter. Should You Buy?,-0.382,0.0,0.89,0.11
28,"Tesla Stock Is Only Worth This Much, Analysts Insist",0.077,0.109,0.792,0.098
29,Dow Jones Futures: Treasury Yields Rise Ahead Of Key Jobs Report For Market Rally,0.202,0.096,0.904,0.0
30,Cathie Wood Stock Portfolio: 10 Newest Stock Picks This Year,0.997,0.076,0.905,0.018
31,Jobs Day Is Here. Only a Huge Surprise Will Change Anything.,-0.202,0.048,0.881,0.071
32,GM and GE Are Teaming Up. Here’s What They Are Working On.,0.273,0.116,0.884,0.0
33,6 Takeaways From Tesla’s Annual Meeting,0.402,0.105,0.895,0.0
34,"Dow Jones Futures, Treasury Yields Rise Ahead Of Key Jobs Report For Market Rally; These Leaders Flash Buy Signals",0.202,0.096,0.904,0.0
35,What concerns Michael Dell the most about A.I.,0.96,0.092,0.901,0.007
36,"Wall Street Opens Slightly Higher on 2nd Straight Jobs Miss; Dow Flat, S&amp;P up 0.2%",0.934,0.096,0.849,0.055
37,"5 Stocks To Watch For October 8, 2021",0.955,0.09,0.897,0.013
38,"Premarket Movers Friday - Plug Power, Union Pacific, Tesla",0.0,0.0,1.0,0.0
39,"Tesla, Quidel, Chubb Rise Premarket; Allogene Tumbles",0.527,0.082,0.858,0.06
40,Elon Musk Explains Why Tesla Is Moving to Austin,0.0,0.0,1.0,0.0
41,U.S. Futures Edge Higher; Caution Ahead of Payrolls,-0.66,0.061,0.87,0.069
42,"Payrolls, Tesla's California Leavin', Energy Mayhem - What's Moving Markets",-0.967,0.079,0.82,0.101
43,"Tesla Stock Slips Lower As Musk Notes Global Chip Shortage, Unveils Texas Move",0.0,0.0,1.0,0.0
44,"Stock Futures Mixed, Jobs Report Looms, Tesla Goes Lone Star - 5 Things You Must Know",0.923,0.226,0.748,0.026
45,Tesla Slips as Elon Musk Moves EV-Maker’s Headquarters to Texas,0.832,0.059,0.917,0.024
46,Tesla’s HQ move to Texas draws sharp reaction in the Bay Area and beyond,0.077,0.046,0.954,0.0
