﻿,Titles,Polarity,Positive,Neutral,Negative
0,How General Motors is pushing for an all-electric future,0.0,0.0,1.0,0.0
1,Tesla to report first-quarter earnings amid renewed concerns about its Autopilot,-0.625,0.0,0.746,0.254
2,Tesla comes under growing China pressure after customer complaint,-0.971,0.06,0.842,0.098
3,Is Dogecoin Still a Joke?,0.641,0.109,0.862,0.029
4,"Dow Rallies 200 Points As Netflix Plunges On Earnings; Apple, Tesla Reverse Higher",0.0,0.0,1.0,0.0
5,Tesla Stock Is Underperforming. Has a Protest Hurt?,-0.361,0.048,0.843,0.108
6,UPDATE 1-China regulator urges Tesla to ensure product quality,-0.742,0.071,0.851,0.078
7,Audi Unveils A6 e-tron Electric Vehicle Concept Car,0.361,0.042,0.958,0.0
8,Disrupters Like Tesla Get A Taste Of Their Own Medicine,-0.153,0.0,0.909,0.091
9,Should You Trade Netflix Stock After Earnings?,-0.625,0.037,0.906,0.056
10,"Dow Rallies As Apple, Tesla Slide; Netflix Plunges On Earnings",0.0,0.0,1.0,0.0
11,China regulator urges Tesla to ensure product quality,-0.742,0.073,0.846,0.081
12,"Tesla apologies after customer protested at autoshow, says to share car data with Chinese regulator",-0.99,0.039,0.849,0.112
13,"AUTOSHOW-Tesla apologies after customer protested at autoshow, says to share car data with Chinese regulator",-0.989,0.041,0.85,0.109
14,"Dogecoin boom is a retail phenomenon driven by Powell giving money to everybody, Novogratz says",0.776,0.057,0.914,0.029
15,"AUTOSHOW-Chinese woman's Tesla protest prompts 5-day detention, company apology",-0.987,0.046,0.845,0.109
16,"RPT-AUTOSHOW-Chinese woman's Tesla protest prompts 5-day detention, company apology",-0.913,0.047,0.872,0.081
17,Disrupters Like Tesla Are Now The Disrupted,-0.153,0.0,0.909,0.091
18,Things to Note Ahead of Tesla's (TSLA) Q1 Earnings Release,0.998,0.133,0.852,0.015
19,Should I Buy Tesla Stock? Everything You Need to Know About the EV Company.,0.527,0.159,0.841,0.0
20,Tesla drives on Autopilot through a regulatory grey zone,0.965,0.094,0.829,0.077
21,Tesla Apologizes to Chinese Customer,-0.765,0.017,0.87,0.113
22,Tesla first-quarter registrations in California fall marginally - data,0.772,0.044,0.942,0.014
23,Tesla apologises after Chinese state media attacks,-0.819,0.054,0.818,0.128
