﻿,Titles,Polarity,Positive,Neutral,Negative
0,Elon Musk Leaves The Most Select Club on The Planet,0.772,0.195,0.76,0.045
1,Value Stocks vs. Ridiculously Over-valued Stocks,0.997,0.168,0.791,0.041
2,SEC probes Elon Musk and his brother Kimbal over stock sales,0.812,0.086,0.859,0.055
3,7 Electric Vehicle Stocks With Strong Price Targets,1.0,0.132,0.825,0.043
4,Why megacap stocks rallied after Russia invaded Ukraine,-0.872,0.06,0.874,0.066
5,NIO Is Entering Into a Whole New World,0.997,0.125,0.837,0.038
6,Elon Musk SEC probe shows Tesla CEO's 'astounding' lack of awareness: Analyst,0.957,0.083,0.882,0.034
7,SEC Probes Tesla Stock Sales by Elon Musk and Brother Kimbal,0.812,0.091,0.842,0.066
8,SEC Looking Into Stock Sales by Elon Musk and His Brother: WSJ,-0.296,0.07,0.823,0.108
9,"As QuantumScape Stock Rallies, Is It a Good Time to Buy?",0.988,0.101,0.851,0.048
10,"Market check: Stocks rally from lows, tech rebounds",0.0,0.0,1.0,0.0
11,"Tech stocks ‘are way oversold,’ Wedbush’s Dan Ives says",0.296,0.053,0.947,0.0
12,"Musk, Tesla Denied Hearing Over Alleged SEC ‘Harassment’",-0.823,0.067,0.853,0.08
13,This tech investor worked during the dot-com boom and bust — this is what he’s thinking about the stock market now,0.44,0.153,0.847,0.0
14,Tesla CEO Elon Musk and brother the focus of SEC insider trading probe: WSJ,0.966,0.072,0.902,0.026
15,"SEC Probing Elon Musk, Kimball Musk Over Insider Trading In Tesla Stock",0.296,0.071,0.929,0.0
16,"SEC probes Elon Musk, brother Kimbal over Tesla share sales - WSJ",-0.681,0.063,0.87,0.067
17,Tesla Looks Ready to Accelerate to the Upside,0.727,0.096,0.904,0.0
18,Tesla Stock Alert: How to Trade It With Rising Geopolitical Risks,0.0,0.0,1.0,0.0
19,Are tech stocks now a screaming buy?,0.904,0.068,0.893,0.039
20,"Tenneco (TEN) Lags on Q4 Earnings, Announces Its Buyout by Apollo",0.994,0.083,0.891,0.026
21,Tesla's Elon Musk No Longer the $200 Billion Man,0.772,0.195,0.76,0.045
22,Dow Jones Dives As Russia Attacks Ukraine; Tesla Collapses,-0.459,0.0,0.864,0.136
23,Factories sprout across once-rural Williamson County,0.329,0.03,0.97,0.0
24,Dow Jones Futures Dive As Russia Attacks Ukraine; Tesla Collapses,-0.459,0.0,0.864,0.136
25,10 Best Hot Stocks To Buy Right Now,0.999,0.116,0.872,0.012
26,Exclusive-Tesla plans new Shanghai plant to more than double China capacity - sources,0.922,0.036,0.959,0.005
27,Ford Stock Slides As CEO Jim Farley Says 'No Plans' To Spin-Off EV Division,-0.511,0.05,0.801,0.148
28,Ukraine-Russia crisis won't stop Fed from jacking up interest rates: Goldman Sachs,-0.596,0.057,0.873,0.069
29,"eBay, AB Inbev, Tesla, and Moderna Fall Premarket",-0.778,0.046,0.889,0.065
30,Dow Jones Futures Plunge As Putin Launches Russian Military Attack Vs. Ukraine; Stock Market At 2022 Lows,-0.077,0.07,0.845,0.085
31,Electric Vehicles Take Charge in 2022,0.999,0.088,0.878,0.034
32,Dow Jones Futures Fall As Putin Announces Russia Military Action In Ukraine After Stock Market Breaks Lower,-0.202,0.0,0.917,0.083
33,Tesla Stock Is Plunging. It’s Probably Musk’s Twitter This Time.,-0.44,0.039,0.888,0.073
