﻿,Titles,Polarity,Positive,Neutral,Negative
0,"WRAPUP 1-Ford, GM juggle high prices, supply chain pressure in Tesla's shadow",0.983,0.085,0.877,0.038
1,Elon Musk Says Taxing Billionaires Won’t Ease Debt Burden,-0.202,0.066,0.86,0.074
2,"Ford Stock Jumps Late As Auto Giant Resumes Dividend, Hikes Outlook",0.0,0.0,1.0,0.0
3,Why These 10 Stocks Surged on Wednesday,0.993,0.095,0.895,0.01
4,"Dow Jones Futures: Stock Market Rally Fizzles Again Despite Google, Microsoft, Tesla; Ford Leads 6 Earnings Movers",-0.298,0.0,0.833,0.167
5,Tesla stock closes at record on the heels of Uber-Hertz deal,0.542,0.138,0.862,0.0
6,"What Biden's Tax-Hike Scramble Means For Warren Buffett, Amazon, Tesla, Facebook",0.0,0.0,1.0,0.0
7,Elon Musk’s Net Worth Approaches $300 Billion,0.494,0.211,0.789,0.0
8,Anti-Ark ETF Betting Against Cathie Wood Changes Its Name,0.967,0.1,0.878,0.022
9,"Column: Tesla's aggressiveness is endangering people, as well as the cause of good government",0.579,0.087,0.823,0.09
10,"Hertz partnering with Uber, Carvana to offer Tesla rentals",0.382,0.157,0.843,0.0
11,Nio Stock Dropped Wednesday: Is This an Opportunity?,0.7,0.14,0.819,0.041
12,Dow Jones Falls As Microsoft Surges; Google Stock Passes Buy Point; Robinhood Arrows Lower,-0.296,0.0,0.891,0.109
13,"Cramer's Mad Money Recap 10/27: Google, Microsoft, Apple, Tesla",0.852,0.288,0.712,0.0
14,Tesla drives up S&amp;P 500’s disruptive tech exposure as the index rides to record highs in October,-0.026,0.077,0.842,0.081
15,"Dow Jones Pulls Back; Gains In Tesla, Microsoft Buoy Nasdaq; Google Stock Scores Breakout",0.823,0.281,0.719,0.0
16,Why Tesla Stock Surged Even Higher on Wednesday,0.935,0.217,0.783,0.0
17,Who Will Win The Race For India’s Emerging EV Market?,0.827,0.07,0.883,0.047
18,"Forget Tesla. SpaceX Is Expected to Become Even More Valuable, According to Morgan Stanley",0.992,0.121,0.879,0.0
19,Why GM shares are getting run over after earnings,0.919,0.069,0.899,0.032
20,"Dow Jones Drops As These Key Stocks Weigh; Nasdaq Rallies On Alphabet, Tesla Gains",-0.153,0.076,0.823,0.102
21,Tesla stock heads to another record on the heels of Uber-Hertz deal,0.542,0.127,0.873,0.0
22,What's Going On With Tesla's Stock Today?,0.718,0.033,0.953,0.014
23,Lucid Briefly Seizes Buy Point As 'World's First 500-Mile EV' Set To Hit The Road Oct. 30,0.25,0.105,0.895,0.0
24,Tesla-Hertz Deal Is Great News—for Carvana Stock,-0.226,0.0,0.905,0.095
25,"TBJ Plus: Forget Black Friday, do Christmas shopping now; Durham tower has condos for $1.4M to $3.4M",0.0,0.0,1.0,0.0
26,"Tesla Stock Has Made Ron Baron's Firm $6 Billion, Investor Says",0.228,0.101,0.899,0.0
27,Tesla Bulls Are Hiking Price Targets. Bears Are Holding Firm.,0.296,0.109,0.891,0.0
28,"FDA panel endorses Pfizer vaccine for kids, CDC rules to expire on cruises, Hertz offers rental Teslas to Uber drivers",0.0,0.0,1.0,0.0
29,Democrats propose latest billionaire tax plan,0.681,0.172,0.828,0.0
30,"UPDATE 1-Uber partners with Hertz to offer 50,000 Tesla rentals to U.S. ride-hail drivers",0.97,0.073,0.91,0.017
31,Lucid Air Dream Edition's First Customers Can Take Possession Of Luxury EV Sedan Saturday,0.988,0.107,0.885,0.008
32,Dow Jones Falls As Boeing Drops On Earnings; Tesla Eyes Record Highs; These 4 Tech Giants Are Earnings Movers,0.0,0.0,1.0,0.0
33,Is Rivian Stock A Buy As Factory Fire Briefly Pauses Production Ahead Of Rivian IPO?,-0.34,0.0,0.882,0.118
34,"Dow Jones Today, Stocks Open Mixed After Microsoft, Alphabet, AMD Earnings; Enphase Nails Breakout, Tesla Extends Rally",0.422,0.174,0.826,0.0
35,Tesla-Hertz deal is a 'major win-win for both sides: Hedge fund veteran,0.747,0.05,0.929,0.021
36,General Motors (GM) to Deploy 40K Community-Based EV Chargers,0.995,0.123,0.868,0.009
37,"Dow Jones Today, Futures Mixed On Microsoft, Alphabet, AMD Earnings; Enphase Eyes Breakout, Tesla Set To Extend Rally",0.422,0.16,0.84,0.0
38,Cathie Wood’s ARK Sold Tesla Stock. What It Bought.,0.402,0.064,0.908,0.029
39,2 Leading Electric Vehicle Stocks to Buy in 2021 and Beyond,0.862,0.194,0.758,0.048
40,"GM Earnings Easily Beat, Sales Light; Ford On Tap As Automakers Ramp Up Tesla Fight",-0.494,0.0,0.833,0.167
41,"How Early Buy Points Give Investors An Edge, But Also Higher Risk",0.226,0.083,0.864,0.053
42,"GM Earnings Easily Beat, Ford On Tap As They Ramp Up Tesla Fight",-0.494,0.0,0.833,0.167
43,"Hertz Will Supply 50,000 Tesla Electric Vehicles to Uber Drivers",-0.25,0.0,0.913,0.087
44,"Hertz Teams With Uber, Carvana in Major Shift to Electric Cars",0.963,0.077,0.872,0.051
45,"The Zacks Analyst Blog Highlights: Tesla, Facebook, Apple and Microsoft",0.997,0.109,0.868,0.023
46,Nio Is the Same Great Investment Opportunity It Always Was,0.992,0.122,0.818,0.06
47,Cathie Wood’s ARK Funds Bought Twitter and Robinhood. They Sold Tesla.,0.402,0.064,0.908,0.029
