﻿,Titles,Polarity,Positive,Neutral,Negative
0,RPT-Tesla lobbies Modi's office in India to slash taxes before it enters market-sources,0.963,0.063,0.906,0.031
1,No Elon Musk Show during this Tesla quarterly call,0.941,0.068,0.9,0.032
2,"Tesla hits record quarterly profit, says supply-chain snags kept its factories from running ‘full speed’",-0.077,0.042,0.906,0.052
3,"Markets Mostly Higher: TSLA, IBM, CSX After the Bell",0.997,0.129,0.856,0.015
4,Tesla (TSLA) Tops Q3 Earnings and Revenue Estimates,0.994,0.104,0.89,0.006
5,"Dow Jones Futures: Dow Hits New High Amid Democrat Tax Hike Shift; Tesla, CSX, IBM, Lam Research Lead Earnings Movers",0.0,0.0,1.0,0.0
6,Tesla Earnings: What Happened with TSLA,0.0,0.0,1.0,0.0
7,Markets Close Just Below Record Highs as Tesla Keeps Growing,0.66,0.087,0.848,0.065
8,Tesla Earnings Were Great. Why the Stock Is Dropping.,-0.494,0.048,0.808,0.144
9,Tesla reports Q3 earnings,0.0,0.0,1.0,0.0
10,"Tesla Earnings Top Views As EV Demand Surges Amid Chip Shortage, Supply-Chain Woes",0.511,0.163,0.837,0.0
11,"Tesla Q3 Earnings Recap: Revenue Up 57% To $13.8B, Model Y Production On Track, Still Holding Bitcoin",0.967,0.078,0.902,0.02
12,"Dow Jones Rallies, Nasdaq Lags As Growth Stocks Pull Back; Tesla Falls After Earnings",0.0,0.0,1.0,0.0
13,Tesla notches strong Q3 profits,0.25,0.08,0.92,0.0
14,"Dow and S&amp;P 500 end higher, close to all-time records, while Fed’s Beige Book points to inflation, labor shortages",-0.519,0.031,0.863,0.107
15,Tesla says supply-chain snags kept its factories from running ‘full speed’,-0.077,0.052,0.884,0.064
16,Tesla beats quarterly revenue estimates,0.863,0.102,0.849,0.049
17,Tesla Releases Third Quarter 2021 Financial Results,0.318,0.02,0.98,0.0
18,"Cramer's Mad Money Recap 10/20: Tesla, Amazon, Netflix",0.537,0.199,0.705,0.097
19,Taking a look at Tesla ahead of its earnings report,0.0,0.0,1.0,0.0
20,"Dow, S&amp;P 500 trade near records, even as  Fed’s Beige Book points to inflation, labor shortages",-0.519,0.031,0.859,0.109
21,Cathie Wood: This one simple tailwind will push the bull market to 2038 — here are 3 stocks to ride it,0.997,0.114,0.883,0.003
22,Is Ford stock about to be electrified?,0.995,0.111,0.867,0.021
23,"Netflix Holds Back the Nasdaq, But Will Tesla Hit the Gas?",0.0,0.0,1.0,0.0
24,U.S. transport chief defends auto safety agency after Musk criticism,0.96,0.107,0.848,0.045
25,Dow Jones Hits Record On Strong Earnings; PayPal Dives On Pinterest News; Tesla Earnings Due,0.026,0.102,0.8,0.098
26,Tesla’s Musk Might Have a Problem With NHTSA Safety Hire,0.422,0.109,0.891,0.0
27,"Dow, S&amp;P 500 trade at record-high territory Wednesday, with Tesla earnings due after the close",0.735,0.094,0.906,0.0
28,Tesla lobbies Modi's office in India to slash taxes before it enters market-sources,0.963,0.064,0.905,0.031
29,Morgan Stanley Clients Believe Big-Time in Musk's SpaceX,0.226,0.106,0.894,0.0
30,"Elon Musk’s road to trillionaire status may not be paved with Teslas, says Morgan Stanley",0.799,0.13,0.87,0.0
31,"Ford Stock Rises Amid Wall Street Target Hike, China Rollout Of Rival To Tesla Model Y",-0.318,0.0,0.897,0.103
32,"Dow, S&amp;P 500 touch record-high territory Wednesday, with Tesla earnings due after the close",0.785,0.136,0.864,0.0
33,Tesla reports earnings on Wednesday — here's what to expect,0.0,0.0,1.0,0.0
34,Should You Invest in the iShares U.S. Consumer Staples ETF (IYK)?,0.986,0.082,0.889,0.029
35,Pre-Markets Opens Flat,0.993,0.122,0.851,0.027
36,"Markets Flat as Q3 Earnings Continue: VZ, ABT, TSLA &amp; More",0.995,0.125,0.851,0.024
37,Abbot Labs and Biogen Outshine Novavax in the Health Care Sector,0.999,0.136,0.798,0.066
38,A Crowded Earnings Calendar Ahead,0.978,0.055,0.938,0.007
39,How To Trade An Iron Condor In TSLA Stock Over Earnings,0.44,0.139,0.861,0.0
40,Tesla earnings preview: Chip shortages in focus after EV maker's record Q3 deliveries,-0.226,0.048,0.898,0.054
41,"S&amp;P 500 aims for longest win streak in 3 months, with Tesla earnings due after the close",0.511,0.104,0.896,0.0
42,EV Stocks May Not Be As Infallible As You Think,-0.115,0.155,0.733,0.113
43,Why Crypto Bull Cathie Wood Skipped the New Bitcoin ETF,0.996,0.101,0.874,0.024
