﻿,Titles,Polarity,Positive,Neutral,Negative
0,Tesla (TSLA) Gains As Market Dips: What You Should Know,0.991,0.1,0.897,0.003
1,Applied Materials Focuses On Improved EV Chip Production To Tap Likes Of Tesla,0.951,0.113,0.846,0.041
2,UPDATE 2-Tesla plans energy trading team as company expands battery projects,0.967,0.095,0.905,0.0
3,"Tesla plans to begin trading solar, wind and battery storage energy",0.904,0.148,0.852,0.0
4,Amazon.com goes for jugular in FCC spat with SpaceX's Musk,-0.773,0.058,0.875,0.067
5,"Here’s why investors are selling Tesla and buying Ford, GM: Analyst",0.988,0.094,0.893,0.013
6,Dow Jones Falls As Yellen Gives This Warning; Coinbase Drops Amid SEC Probe; Tesla Dips,-0.153,0.078,0.819,0.103
7,"5 Stock Ideas From the Investor Who Predicted Tesla Would Rise to $1,000",0.382,0.12,0.88,0.0
8,Consumer discretionary stocks most shorted right now: S&amp;P Global,0.988,0.101,0.873,0.027
9,Dow Jones Slides As Yellen Warns Congress; Apple Sells Off From Record High; Tesla Reverses Amid China Sales,-0.296,0.0,0.905,0.095
10,Tesla Shares Jump By 2.6% Following A Jump In Vehicle Sales In China,0.982,0.085,0.904,0.012
11,Dow Jones Slides As Apple Sells Off From Record High; Tesla Reverses Amid China Sales,-0.296,0.0,0.905,0.095
12,Ford Powers Up With Tesla And Apple's Engineer,0.997,0.135,0.842,0.022
13,August Figures Reveal Surging Demand For EVs,-0.131,0.066,0.865,0.069
14,"Dow Jones Today, Stocks Open Lower With Salesforce, Generac, PayPal Near Buy Points: Tesla China Sales Surge",0.0,0.0,1.0,0.0
15,3 Top Electric Vehicle Stocks to Buy for the Long Haul,0.785,0.345,0.655,0.0
16,Is Tesla (TSLA) Gradually Losing Its EV Dominance?,0.999,0.113,0.844,0.043
17,"Dow Jones Today, Futures Slightly Lower With Salesforce, Generac, PayPal Near Buy Points: Tesla China Sales Surge",0.0,0.0,1.0,0.0
18,Tesla Stock Is Up Despite a Bad Review. Thank China.,0.69,0.299,0.701,0.0
19,"Dow Jones Futures: Apple Leads Market Rally; Tesla China Sales, PayPal Deal, Bitcoin In Focus",0.691,0.222,0.778,0.0
20,Chip Supply Faces New Crunch as Malaysia Plants Shut for a Week,-0.847,0.037,0.907,0.056
21,Tesla China Sales Jump On Export-Led Strategy As Overall Chinese EV Sales Triple,0.0,0.0,1.0,0.0
22,"Watch Live: Jim Cramer on Coinbase, Tesla, GameStop, and Paypal",0.0,0.0,1.0,0.0
23,"Jim Cramer on Coinbase, Tesla, GameStop, and Paypal",0.0,0.0,1.0,0.0
24,Tesla Stock Moves Higher After Solid August China Sales Data,0.0,0.0,1.0,0.0
25,"5 Stock Ideas From an Investor Who Predicted Tesla Would Rise to $1,000",0.382,0.12,0.88,0.0
26,"PayPal, Citrix Rise Premarket; Bumble Falls",0.953,0.09,0.886,0.024
27,"SHAREHOLDER ALERT: Pomerantz Law Firm Investigates Claims  On Behalf of Investors of Tesla, Inc. - TSLA",-0.069,0.079,0.845,0.076
