﻿,Titles,Polarity,Positive,Neutral,Negative
0,The 3 Hottest Electric Vehicle Stocks For 2021,1.0,0.157,0.821,0.022
1,Forget AMC and Gamestop: 10 New Stocks Reddit’s WallStreetBets Is Buying,0.999,0.092,0.888,0.019
2,Giant Corporations Keep Increasing Their Investment In This Unstoppable Technology,0.998,0.108,0.875,0.018
3,It’s Time to Buy the ‘New Wave’ of Breakout EV Stocks,0.998,0.101,0.885,0.014
4,US STOCKS-Nasdaq and S&amp;P 500 end at record highs; Dow rallies,0.989,0.088,0.886,0.026
5,Tesla Rallies So Much That This Year’s Loss Is Set to Disappear,0.978,0.134,0.838,0.027
6,US STOCKS-Nasdaq and S&amp;P 500 end at record highs; Dow rallies,0.987,0.09,0.893,0.017
7,"Top Analyst Reports for Tesla, Alibaba &amp; Johnson &amp; Johnson",0.999,0.159,0.793,0.048
8,US STOCKS-Nasdaq and S&amp;P 500 scale new peaks; Dow rallies,0.988,0.09,0.886,0.024
9,Why Tesla Shares Surged This Week,0.743,0.074,0.926,0.0
10,Why Tesla Stock Popped Today,0.0,0.0,1.0,0.0
11,12 Best EV Stocks to Invest In,1.0,0.136,0.85,0.014
12,Bitcoin hammering out a bottom; Tesla breaking out,0.0,0.0,1.0,0.0
13,Influencers with Andy Serwer: Ursula Burns,1.0,0.102,0.832,0.066
14,Astronomical CEO pay during the pandemic is 'abuse': Ursula Burns,0.995,0.113,0.835,0.052
15,"US STOCKS-Nasdaq, S&amp;P 500 scale new peak as jobs recovery gains traction",0.97,0.067,0.91,0.023
16,"Dow Jones Jumps As Tesla Stock Surges; Nvidia, Roku, Snap On The Move",0.0,0.0,1.0,0.0
17,10 Companies that Benefit From Crypto Mining,1.0,0.115,0.869,0.015
18,"US STOCKS-Nasdaq, S&amp;P 500 scale new peak as jobs recovery gains traction",0.996,0.12,0.858,0.022
19,Top 25 S&amp;P 500 Stocks By Index Weight,1.0,0.111,0.872,0.017
20,US STOCKS-Nasdaq set for record open as jobs recovery gains traction,0.998,0.141,0.852,0.007
21,SpaceX’s Starlink Business Might Go Public. Tesla Shareholders Could Benefit.,0.0,0.0,1.0,0.0
22,"Tesla rival Xpeng announces global offering of 85 million shares, including 4.25 million in Hong Kong",0.93,0.176,0.824,0.0
23,"Stock Market News for Jun 24, 2021",0.988,0.085,0.888,0.027
24,"Dow Jones Futures Rise, S&amp;P 500 Eyes High As Market Rally Gains Steam; Snap, Tesla, Eli Lilly, Accenture Moving",0.0,0.0,1.0,0.0
25,Nasdaq 100 futures scale new peak ahead of jobless claims data,0.98,0.096,0.881,0.022
26,US STOCKS-Nasdaq 100 futures scale new peak ahead of jobless claims data,0.98,0.09,0.889,0.021
27,"Dow Jones Futures Rise After Quietly Bullish Market Rally; Snap, Tesla Extend Breakouts, FedEx Earnings Key",0.329,0.218,0.649,0.133
28,Astronomical CEO pay during the pandemic is ‘abuse’: Former Xerox CEO,-0.798,0.06,0.858,0.082
29,"E-mini NASDAQ-100 Index (NQ) Futures Technical Analysis – No Resistance, but Needs to Close Over 14263.00",0.969,0.07,0.902,0.028
30,Nasdaq Powers Past Record High Amid Bond Market Lull; Tesla Extends Gains,0.7,0.195,0.805,0.0
31,Musk says Starlink to go public once cash flow is more predictable,0.898,0.061,0.939,0.0
32,John McAfee was one of the original genius-but-bizarre CEOs — and Elon Musk should take note,0.459,0.12,0.88,0.0
