﻿,Titles,Polarity,Positive,Neutral,Negative
0,"Dow Jones Futures: Five Stocks Eyeing Buy Points In Market Rally Attempt; Lucid, Zoom Plunge On Earnings",0.0,0.0,1.0,0.0
1,Tesla Has the Backing of a Big GM Supporter,0.0,0.0,1.0,0.0
2,Russia-Ukraine war: The companies that have taken action so far,-0.516,0.061,0.879,0.06
3,Dow Jones Falls As Ukraine Fighting Continues; 3 Defense Stocks Pass Buy Points; Tesla Surges After This,-0.694,0.056,0.673,0.271
4,"Lucid, A Rival To Tesla, Soars With Earnings On Deck; Lordstown Sinks",-0.318,0.0,0.931,0.069
5,Could Rivian Automotive Enjoy a Cynical Geopolitical Catalyst?,-0.974,0.097,0.787,0.116
6,‘Russia is going to get pretty beat up’ by hacker collectives: Phosphorus Cybersecurity CEO,-0.527,0.0,0.909,0.091
7,Why These 10 Stocks Are Moving on Monday,0.869,0.075,0.876,0.049
8,"Ruble Plummets, Stocks Drop, and Fear Index Rises as Ceasefire Hopes Fade",0.0,0.12,0.72,0.16
9,"Tesla, Coinbase Help the Nasdaq Hold Its Ground Monday",0.691,0.119,0.881,0.0
10,Request for Boring Company warehouse in Bastrop tabled after some contend illegal residency on site,-0.485,0.019,0.92,0.06
11,Tesla Stock Is Soaring. Are Higher Oil Prices Really That Good for EV Makers?,0.762,0.291,0.709,0.0
12,"Market check: Nasdaq, Russell 2000 turn positive, Tesla stock jumps",0.0,0.0,1.0,0.0
13,Why Tesla Stock Is Up By 7% Today,0.971,0.143,0.787,0.07
14,Race to Supply the First U.S. Single-Stock ETF Is Heating Up,0.834,0.061,0.899,0.04
15,HOG vs. TSLA: Which Stock Is the Better Value Option?,0.999,0.253,0.742,0.004
16,"CNN names new president, Berkshire Hathaway posts record profit, SpaceX Starlink active in Ukraine",0.95,0.083,0.897,0.02
17,Why Tesla Stock Popped Today,0.296,0.029,0.971,0.0
18,Top 10 Millennial And Gen Z Stock Picks: Should You Buy Them Too?,0.287,0.097,0.903,0.0
19,This new competitor to the ARK Innovation ETF focuses on disruptive companies but aims to reduce volatility,0.649,0.094,0.906,0.0
20,Market check: Stocks open lower amid escalating sanctions against Russia,0.0,0.0,1.0,0.0
21,Dow Jones Sells Off As Russia-Ukraine Talks Begin; Apple's New Buy Point,0.0,0.0,1.0,0.0
22,Tesla Upgraded on Macro Outlook,0.633,0.253,0.655,0.092
23,"Tesla Really Is a Tech Company—Just Not a Very Good One, Analyst Says",0.511,0.163,0.837,0.0
24,10 Innovative Stocks in Cathie Wood’s Portfolio That Failed to Impress,1.0,0.127,0.835,0.038
25,Tesla Supplier Panasonic Plans Bigger Batteries. EVs Will Get Cheaper.,0.0,0.0,1.0,0.0
26,"Allison (ALSN) Hikes Dividend by 11%, Notable Efforts Underway",0.998,0.131,0.862,0.006
27,Dow Jones Futures Sell Off As Russia-Ukraine Talks Begin; Apple's New Buy Point,-0.202,0.099,0.791,0.111
28,Dow Jones Futures Pare 'Swift' Market Losses; West Targets Russia Banks Amid Ukraine Invasion,0.0,0.0,1.0,0.0
29,Here's Why Short-Term Stock Trading Is Absurdly Destructive,0.735,0.155,0.8,0.045
30,Corporate America condemns Russia — what that means for stock market: Morning Brief,0.999,0.107,0.846,0.047
31,CORRECTED-UPDATE 1-Panasonic to begin mass producing new Tesla battery by end-March 2024,0.527,0.031,0.956,0.012
32,Panasonic to begin mass producing new Tesla battery by end-March 2024,0.527,0.032,0.955,0.013
