﻿,Titles,Polarity,Positive,Neutral,Negative
0,Auto makers warn most electric vehicles won’t qualify for federal tax credit,0.382,0.106,0.894,0.0
1,"Why Tesla, Nio, and Lucid All Sank Today",-0.422,0.024,0.921,0.055
2,Rivian Earnings Due With EV Startup's Production Outlook Key,-0.178,0.091,0.788,0.12
3,Dow Jones Futures: Inflation Report Due After Chips Hit Market Rally; Former Leader Soars On Guidance,0.0,0.0,1.0,0.0
4,Greenlight Bets on a Twitter Win,0.995,0.112,0.832,0.056
5,"Ford reopens reservations for F-150 Lightning EV, hikes price by $6,000",0.992,0.107,0.855,0.039
6,UPDATE 2-Twitter says loading issues fixed after user complaints,-0.956,0.037,0.873,0.09
7,Meme stock resurgence: 'There doesn't seem to be much fundamental reason for the activity',0.977,0.069,0.907,0.023
8,Ford hikes F-150 Lightning prices due to cost increases,0.579,0.05,0.913,0.038
9,Rivian Stock Dips Ahead Of Earnings Report; Is RIVN Stock A Buy?,-0.402,0.074,0.736,0.19
10,Stock Market Falls On Tech Warnings; These Restaurant And Leisure Companies Beat Estimates; LNG Rises,-0.361,0.13,0.652,0.218
11,"Ford hikes price on all-electric F-150 Lightning due to shortages, inflation — here’s how much the pickup truck will cost",0.0,0.0,1.0,0.0
12,"Ford hikes price of the all-electric F-150 Lightning due to shortages, inflation — here’s how much the pickup truck will cost",0.0,0.0,1.0,0.0
13,Ford Boosts Price for F-150 Lightning Electric Pickup Truck,0.557,0.167,0.833,0.0
14,Tesla discloses lobbying effort to set up factory in Canada,0.946,0.091,0.876,0.032
15,Elon Musk is doubling down with potentially strong fraud claims against Twitter,-0.927,0.072,0.845,0.083
16,"Leveraged Tesla, Coinbase Funds Among New Single-Stock ETFs",-0.241,0.039,0.93,0.031
17,AMC and Tesla show how earnings calls should be run,0.942,0.065,0.898,0.036
18,Tesla ramps up production in China,0.422,0.065,0.895,0.04
19,"Tesla is ‘the grandaddy of meme stocks,’ analyst says",0.0,0.0,1.0,0.0
20,"Westport (WPRT) Q2 Loss Narrower Than Expected, Revenues Up",0.691,0.061,0.885,0.053
21,Dow Jones Falls As Inflation Report Looms; Covid Vaccine Maker Crashes On Earnings,0.0,0.0,1.0,0.0
22,American Axle (AXL) Q2 Earnings &amp; Revenues Beat Estimates,0.993,0.083,0.891,0.026
23,Tesla Stock Lower After Data Shows July China Sales Slump,0.0,0.042,0.916,0.042
24,These 18 tech stocks are this earnings season’s standouts based on three criteria,0.852,0.152,0.848,0.0
25,10 Trending Stocks This Week,0.996,0.083,0.889,0.028
26,Dow Jones Futures Fall As Inflation Report Looms; Covid Vaccine Maker Crashes On Earnings,-0.296,0.0,0.896,0.104
27,"Meme stocks Bed Bath &amp; Beyond, AMC, and GameStop continue to move on little news",0.984,0.098,0.883,0.019
28,Tesla Faces Crowded Field in China as New-Energy Car Market Booms,0.0,0.0,1.0,0.0
29,4 Stocks I Wouldn't Buy With Free Money,0.084,0.052,0.885,0.063
30,"2 Companies That Could Be the Next Stock-Split Stocks After Amazon, Shopify, and Tesla",0.743,0.278,0.722,0.0
31,Tesla Stock Higher As Investors Look Past July China Sales Slump,0.477,0.041,0.959,0.0
32,Tesla Sales in China Slump With Planned Downtime Partly to Blame,-0.498,0.0,0.826,0.174
33,China Car Sales Keep Rebounding as Production Revs Up,0.382,0.115,0.829,0.055
34,Tesla's July sales of Chinese-made vehicles slide due to factory line upgrades,-0.153,0.036,0.933,0.031
