﻿,Titles,Polarity,Positive,Neutral,Negative
0,These Nasdaq 100 stocks fell the most on Feb. 25,0.477,0.133,0.8,0.067
1,"Nikola reports narrower loss than expected, shares rally",0.855,0.055,0.912,0.033
2,"Dow Jones Falls While Tech Stocks Lead The Sell-Off As Yields Rise; Nio, Tesla Drop",0.052,0.081,0.845,0.074
3,Chinese EV Stock Li Auto Reverses Despite Surprise Profit,0.0,0.09,0.82,0.09
4,Stocks Remain Weak In Final Hour As Nasdaq Leads Broad Sell-Off; Leading Stocks Stumble,-0.599,0.0,0.786,0.214
5,ETF Wrap: A risky Tesla three-way and a family affair,0.128,0.059,0.941,0.0
6,"Dow Jones Today, Stocks Mixed After GDP, Jobs Data; Nvidia, Tesla Slump; Twitter Rallies; Bond Yields Rise",-0.477,0.0,0.814,0.186
7,Top 10 Car Company Stocks to Invest In,0.999,0.107,0.883,0.01
