﻿,Titles,Polarity,Positive,Neutral,Negative
0,UPDATE 2-Tesla moving headquarters to Texas from California,0.701,0.062,0.897,0.041
1,Elon Musk: Tesla Moving Headquarters To Texas,0.0,0.0,1.0,0.0
2,Tesla to move headquarters to Texas from Palo Alto,0.522,0.044,0.93,0.026
3,"Tesla moving headquarters to Austin, Texas",0.0,0.0,1.0,0.0
4,Elon Musk: Tesla HQ will relocate to Austin from California,0.521,0.107,0.893,0.0
5,GM and GE Team Up to Develop EV Magnets,0.273,0.116,0.884,0.0
6,"Dow Jones Futures: Jobs Report Pivotal For Market Rally; Tesla Meeting In Focus As GM, Ford, Lucid, Rivian Step Up",0.0,0.0,1.0,0.0
7,Dow Jones Surges As Schumer Takes Debt Deal; Tesla Stock Gains As Elon Musk Does This,-0.542,0.0,0.816,0.184
8,Groundbreaking Tech Makes Bionano Genomics Look Better Than Ever,0.997,0.131,0.831,0.039
9,Musk Says Tesla's Moving its Headquarters from California to Texas,0.459,0.167,0.79,0.043
10,Tesla Stock Jumps Ahead Of Shareholder Meeting,0.0,0.0,1.0,0.0
11,Why Tesla Shares Are Rising,0.937,0.084,0.916,0.0
12,U.S. Loosens China Grip on $46 Billion Lithium-Battery Industry,0.951,0.099,0.85,0.051
13,Tesla Is on a Path to $400 Billion in Sales. Thank GM.,0.0,0.0,1.0,0.0
14,GM and GE Are Working Together to Build EV Magnets. Tesla Beware.,0.273,0.087,0.913,0.0
15,Why shares of these two old automakers are on fire,0.993,0.085,0.892,0.024
16,General Motors Analysts React To Ambitious New Guidance: 'Story May Gain More Traction',0.937,0.069,0.902,0.029
17,Will Elon Musk Answer Key Questions At Tesla Shareholder Meeting?,0.0,0.0,1.0,0.0
18,Tesla annual meeting: Here's what shareholders will vote on today,0.0,0.0,1.0,0.0
19,Tesla’s Path To $400 Billion In Sales. Thank GM.,0.0,0.0,1.0,0.0
20,Tesla stock could be walloped by the Apple car: analyst,-0.601,0.029,0.934,0.036
21,Ford Motor Company Announces $11 Billion Investment in EV Factories,0.977,0.081,0.902,0.016
22,"GM's optimistic outlook for 2030, Tesla's shareholder meeting moves to Austin",0.0,0.0,1.0,0.0
23,Apple’s potential 2024 car launch will rock Tesla’s stock: analyst,0.0,0.0,1.0,0.0
24,"Dow Jones Surges As Republicans Offer Debt-Limit Extension; Apple, Tesla Rally",0.0,0.0,1.0,0.0
25,10 Best Solar Energy Stocks to Buy Today,1.0,0.16,0.825,0.015
26,GM Stock A Buy? Analysts Are Mixed On General Motors' Huge Plans,0.404,0.15,0.85,0.0
27,A Tesla mystery: Why didn't auto-braking stop these crashes?,-0.994,0.091,0.789,0.12
28,Tesla’s Annual Meeting Is Thursday. Here’s What to Expect.,0.494,0.074,0.926,0.0
29,Nio Stock Surges As Goldman Upgrades Tesla's Upstart China Rival,-0.226,0.176,0.677,0.147
30,Why Tesla's Delivery News Is Electrifying Despite the Doubters,0.691,0.133,0.82,0.048
31,"Apple’s Plan for Cars: Using IPhone to Control A/C, Seats, Radio",0.995,0.079,0.893,0.028
32,GM Has Tesla-Like Ambitions. Now It Just Has to Meet Those Goals.,0.0,0.0,1.0,0.0
33,2 Reddit Stocks to Buy and Hold for Years,0.45,0.129,0.871,0.0
34,Tesla Hikes Prices of Model 3 and Model Y,0.991,0.1,0.888,0.012
35,How to custom-order a car from the factory,0.0,0.0,1.0,0.0
36,General Motors Targets Tesla With Ambitious EV Plans,0.978,0.079,0.894,0.027
