﻿,Titles,Polarity,Positive,Neutral,Negative
0,Ford Motor Co: Kudos to the New Electric Vehicle Approach,0.999,0.141,0.838,0.021
1,"Is Nio Stock A Buy? Chip Shortage, EV Competition Weigh On Outlook",0.153,0.082,0.854,0.063
2,Crypto Crash: 3 Things You Need to Know,0.0,0.0,1.0,0.0
3,Tesla Takes a Hit From Consumer Reports. Blame Autopilot as Safety Rift Deepens.,-0.128,0.094,0.785,0.12
4,"Bitcoin Swings Again, But Blockchain Boom Keeps 100K Target Alive",-0.946,0.068,0.839,0.094
5,"Stock Market Rally Improves As S&amp;P 500 Nears High, Breakouts Expand; Ford, GM, Tesla, Boeing, Nvidia In Focus",0.382,0.088,0.912,0.0
6,Elon Musk is 'a competitive advantage' for Tesla: analyst,-0.717,0.073,0.843,0.084
7,Sell the Rips in Churchill Capital Stock,0.997,0.128,0.811,0.061
8,Why this analyst is ‘highly skeptical’ of Tesla’s Lidar business,0.25,0.065,0.935,0.0
9,Why ARK’s Cathie Wood Blames ESG for the Crypto Crash,0.758,0.06,0.896,0.045
10,7 Renewable Energy Stocks Suffering From the Rare Earth Mineral Shortage,0.983,0.092,0.831,0.076
11,Dogecoin’s Lack of Inherent Utility Is Its Biggest Liability,0.99,0.09,0.86,0.05
12,ARK Invest’s Cathie Wood Expects Elon Musk Fully Back as a Bitcoin Bull,0.402,0.091,0.909,0.0
13,10 Best Dividend Stocks to Buy Now According to Billionaire Jim Simons,1.0,0.18,0.802,0.018
14,Signal Jabs at Facebook and Navigates Growing Pains as Popularity Surges,0.996,0.097,0.828,0.074
15,25 Most Climate-Resilient Cities in the US,0.994,0.081,0.873,0.046
16,"Musk Says Safety Features Active in New Teslas, Testing to Follow",0.671,0.256,0.744,0.0
17,Bitcoin’s Wild Roller Coaster Ride Continues,0.511,0.125,0.875,0.0
18,Where Will Lucid Motors Be in 5 Years?,-0.318,0.016,0.953,0.031
19,"Is Tesla Stock A Buy Right Now? Here's What Tesla Earnings, Charts Show",0.0,0.0,1.0,0.0
20,Tesla Stock and Cryptocurrencies Are Dropping: Which Is the Better Bargain Right Now?,0.785,0.202,0.798,0.0
21,3 Popular Stocks Money Managers Couldn't Stop Selling in Q1,0.0,0.0,1.0,0.0
22,MicroVision Stock Is Poised Right Between the LiDAR Extremes,0.995,0.092,0.899,0.009
23,You have to be a professional investor ‘to do well’: Bruce Greenwald,0.0,0.0,1.0,0.0
24,Carmakers Forced by Chip Crisis to Rethink Just-In-Time Ordering,0.986,0.076,0.867,0.056
