﻿,Titles,Polarity,Positive,Neutral,Negative
0,Elon Musk Files Response and Counterclaims to Twitter Lawsuit Over $44 Billion Deal,-0.637,0.025,0.9,0.075
1,Musk Files Defense Under Seal as Twitter Trial Set for Oct. 17,-0.812,0.056,0.871,0.073
2,Why EV Makers Can't Escape Traditional Automakers' Pitfalls,0.502,0.16,0.84,0.0
3,My No. 1 Electric Vehicle Pick for 2022,0.996,0.099,0.859,0.042
4,"Markets close out the week on monthly gains, energy leads major sectors",0.964,0.095,0.896,0.009
5,Tech stocks: What Wall Street experts recommend in a bear market,0.994,0.084,0.885,0.031
6,How Senate Breakthrough on Climate Could Benefit ESG Investors,0.998,0.192,0.757,0.051
7,Elon Musk Delivers Good News on Inflation,0.402,0.056,0.917,0.027
8,Tesla Makes More Money Than GM and Ford,0.488,0.165,0.835,0.0
9,Why Tesla Shares Moved Higher Today,0.904,0.165,0.835,0.0
10,Twitter trial over Elon Musk merger to begin Oct. 17,0.273,0.026,0.974,0.0
11,TrueCar sees more incentives to buy new cars in July for first time in nearly 20 months as affordability declined,0.077,0.015,0.985,0.0
12,Biden Has a $5 Billion Plan to Eliminate America's EV Charging Deserts,0.957,0.062,0.884,0.054
13,Manchin Sets High Bar for Tesla and GM Electric-Car Tax Credits,0.965,0.096,0.835,0.069
14,"Tesla Sold Its Bitcoin, Should You?",-0.557,0.0,0.941,0.059
15,Xiaomi's $10B EV Aspirations Hit By Regulatory Brakes: Report,0.932,0.105,0.842,0.053
16,"Apple, Alphabet Earnings Fuel Megacap Stock Recovery",0.996,0.124,0.796,0.08
17,Why I Sold Most of My Tesla Stock Last Week,0.296,0.093,0.856,0.051
18,Xiaomi’s $10 Billion Car Project Hits Regulatory Barrier,0.587,0.082,0.845,0.073
19,Tesla Shares Rise After Elon Musk Voices Optimism on Inflation,-0.296,0.06,0.857,0.084
20,Tesla volatility spurs creation of first hedged single-stock ETF,-0.422,0.026,0.919,0.055
21,Musk Sees Inflation Dip as Tesla Commodity Prices Trend Down,-0.93,0.056,0.814,0.131
