﻿,Titles,Polarity,Positive,Neutral,Negative
0,7 Most Undervalued Renewable Energy Stocks,1.0,0.126,0.845,0.028
1,Dow Jones Futures: What To Do As Stock Market Rebounds; 6 Top Stocks To Buy And Watch,-0.296,0.0,0.901,0.099
2,Man Trapped Inside Tesla Breaks Window to Escape Fire,-0.968,0.0,0.736,0.264
3,Tesla Rivals Have Georgia On Their Minds,0.0,0.0,1.0,0.0
4,10 Trending Stocks to Watch on Monday,0.998,0.094,0.867,0.039
5,Markets in the green as energy and financial stocks lead gains,0.34,0.098,0.902,0.0
6,Tesla investor Streur says carmaker still believes in ESG,0.971,0.113,0.843,0.044
7,What Tesla’s Model 3 and Ford’s Model T Have in Common,0.382,0.115,0.885,0.0
8,Tesla Stock Lags On Report Of More Shanghai Factory Production Delays,-0.103,0.076,0.833,0.09
9,Why Tesla Stock Finally Bounced Today,0.052,0.067,0.859,0.074
10,SpaceX Seeks Funding Following Boeing's Successful Weekend,0.202,0.083,0.917,0.0
11,Got $500? Consider These 3 Cathie Wood Bargain Stocks,0.44,0.203,0.717,0.08
12,Auto File: Musk Engages Crisis Mode,0.993,0.084,0.872,0.044
13,"Nio stock dives, Tesla slips toward 10-month low after XPeng's disappointing outlook",-0.502,0.02,0.896,0.084
14,Tesla Stock Has Fallen Below $700. Why $540 Might Be Next.,0.459,0.235,0.765,0.0
15,7 Undervalued Electric Vehicle Stocks to Buy Right Now,1.0,0.136,0.835,0.03
16,U.N. official still hopes Musk will 'step up' to fight world hunger,-0.939,0.064,0.837,0.099
17,"Tesla stock dips, GameStop stock falls, DiDi stock rebounds",0.0,0.0,1.0,0.0
18,Market check: Stocks rally after teasing bear market,0.0,0.0,1.0,0.0
19,10 EV Stocks to Buy According to Cathie Wood,1.0,0.121,0.855,0.024
20,Dow Jones Rallies As Stock Market Looks To Rebound; VMware Surges On Broadcom Talks,-0.402,0.0,0.895,0.105
21,2 EV Stocks to Consider Buying Other Than Tesla Today,0.778,0.167,0.744,0.089
22,NIO Has Good News for Tesla. Production Is Recovering After Covid-19 Lockdowns.,0.34,0.226,0.652,0.122
23,3 Stocks to Avoid This Week,0.637,0.098,0.902,0.0
24,ESG Funds Aren’t Giving Up on Tesla Stock,0.202,0.065,0.935,0.0
25,Dow Jones Futures Rally As Stock Market Looks To Rebound; VMware Surges On Broadcom Talks,-0.402,0.0,0.886,0.114
26,Tesla Stock Slips Lower On Report Of More Shanghai Factory Production Delays,-0.103,0.076,0.833,0.09
27,Tesla plans to ramp up to pre-lockdown output in Shanghai by Tues-memo,-0.907,0.014,0.943,0.043
28,5 Oversold Auto Stocks to Buy Right Now,0.999,0.11,0.872,0.018
29,4 Battery Stocks to Buy and Hold for Massive Gains,0.997,0.097,0.872,0.03
30,Explainer-Do claims against Musk raise a legal issue for his companies and Twitter deal?,-0.992,0.024,0.867,0.109
31,"VMware, JPMorgan, Electronic Arts Rise Premarket; Broadcom Falls",0.973,0.098,0.882,0.02
32,Musk calls Twitter’s explanation of its bot numbers ‘very suspicious’ as he suggests slashing the value of his takeover bid,-0.459,0.08,0.842,0.078
33,Tesla Was Booted From One ESG Index. Why It Doesn’t Matter as Much.,0.202,0.065,0.935,0.0
