﻿,Titles,Polarity,Positive,Neutral,Negative
0,INSIGHT-Global automakers face electric shock in China,0.988,0.055,0.925,0.02
1,What to Do During 2022's Stock Sell-Off,0.998,0.149,0.813,0.038
2,"Musk’s Revised Twitter Bid Drops Margin Loan, Requires More Cash",0.866,0.085,0.859,0.056
3,"Dow Jones Futures: Market Rallies On Fed Signals; Twitter Jumps On Elon Musk Move, Nvidia Falls On Guidance",0.0,0.0,1.0,0.0
4,Analysts Say You Should Buy These 10 Stocks on the Dip,0.999,0.104,0.867,0.029
5,"Elon Musk commits more cash to Twitter deal, sending Twitter stock higher and Tesla shares lower",0.7,0.203,0.748,0.049
6,The Trouble With Lithium,0.997,0.07,0.89,0.04
7,ETFs as an asset class ‘have held up wonderfully’ amid market volatility: Financial futurist,0.999,0.112,0.86,0.028
8,What Makes Tesla's Business Model Different?,0.735,0.198,0.802,0.0
9,Toyota ramps up EV competition with its first pure battery model,0.0,0.0,1.0,0.0
10,"Retail, energy stocks higher as markets extend gains",0.0,0.0,1.0,0.0
11,Why Luminar Shares Are Rising Today and What's Its Connection To Apple Car?,0.977,0.136,0.864,0.0
12,Altus Should Power Through a Tough Market While Profits Keep Flowing,0.999,0.138,0.84,0.023
13,Elon Musk Revives Feud with Bill Gates,0.0,0.0,1.0,0.0
14,‘Bribery built into the corporate culture’: can Glencore rescue its reputation?,-0.273,0.0,0.87,0.13
15,"Tesla stock down 47% from high amid supply woes, risk-off environment",-0.913,0.053,0.876,0.072
16,Why Tesla Stock Raced Higher Today,0.414,0.158,0.842,0.0
17,"Twitter Executives, Shareholders Gathering To Consider Elon Musk Offer",0.273,0.095,0.905,0.0
18,Apple Car Director Heads to Luminar After Less Than a Year,-0.836,0.059,0.864,0.076
19,"S&amp;P 500 Climbs as Tech Rallies, Retailers Rebound After Fed Minutes",0.986,0.101,0.859,0.039
20,Apple Loses Former Tesla Autopilot Software Engineer to Luminar,0.968,0.118,0.856,0.026
21,"Elon Musk Sounds an Alarm on Italy, Hong Kong, South Korea",0.542,0.243,0.757,0.0
22,11 Best Robotics Stocks Under $10,1.0,0.12,0.868,0.011
23,Stocks edge higher as investors await Fed minutes,0.991,0.081,0.906,0.013
24,Could Rivian Become the Next Tesla?,-0.422,0.097,0.793,0.11
25,"Cathie Wood’s ARK Innovation Snapped Up Tesla, Zoom Stock. She’s Buying the Dip.",0.542,0.22,0.78,0.0
26,REFILE-U.S. automated electric truck startup Solo AVT picks battery supplier ABS,0.527,0.031,0.961,0.008
27,Elon Musk Is Losing Money on His Twitter Stock. He Can Still Buy the Company — If He Wants.,0.0,0.0,1.0,0.0
28,How Much Downside Does Tesla Have?,0.959,0.319,0.681,0.0
29,Be like Ray Dalio and Buy AMC While it Grows its Passive Investments,0.995,0.127,0.835,0.037
30,Dow Jones Futures Fall Ahead Of Fed Minutes; Nvidia Earnings Next,0.0,0.0,1.0,0.0
31,Dow Jones Futures Fall After Snap Slams Techs; Northrop Goes On Offense,0.0,0.0,1.0,0.0
32,Twitter to hold annual meeting amid Musk uncertainty,0.0,0.052,0.897,0.052
