﻿,Titles,Polarity,Positive,Neutral,Negative
0,"Top Stock Reports for Microsoft, Amazon &amp; Tesla",0.999,0.205,0.754,0.041
1,Why Tesla Stock Rode Higher Today,0.542,0.104,0.86,0.036
2,10 Best Dividend Stocks to Buy According to Sculptor Capital,1.0,0.133,0.839,0.028
3,Biden mentions Tesla after Musk’s complaints of snub,-0.557,0.0,0.867,0.133
4,Minority-focused ETF created with NAACP vision in mind,0.785,0.22,0.78,0.0
5,Replay – Gravity-Based Energy Storage: Join Energy Vault Co-Founder &amp; CEO in Fireside Chat,0.994,0.163,0.83,0.007
6,Joe Biden Extends His Hand to Elon Musk. Not Sure He Says Yes,-0.026,0.09,0.815,0.094
7,"Fiduciary Planning LLC Buys Chevron Corp, Sells iShares Core S&amp;P 500 ETF, Apple Inc, ...",0.979,0.067,0.925,0.008
8,"Advisory Services &amp; Investments, LLC Buys Tesla Inc, Schwab International Equity ETF",0.985,0.109,0.879,0.012
9,"Blue Chip Partners, Inc. Buys Costco Wholesale Corp, Materials Select Sector SPDR, Invesco ...",0.992,0.05,0.944,0.006
10,"Lee Financial Group Hawaii, Inc. Buys iShares U.S. ...",0.983,0.068,0.924,0.008
11,"NovaPoint Capital, LLC Buys iShares iBonds Dec 2023 Term Corporate ETF, Financial Select Sector ...",0.994,0.059,0.936,0.006
12,Stock market is starting to ‘show signs of cracking and bursting’: Harvard lecturer,0.959,0.082,0.866,0.052
13,"Morgan Stanley hits record as financial stocks surge, Meta shares fall, ARKK stocks slammed",0.0,0.0,1.0,0.0
14,"Keudell Buys Dimensional U.S. Core Equity 2 ETF, Vanguard Growth ETF, iShares MSCI Emerging ...",0.993,0.054,0.936,0.01
15,TSLA Stock Has Ridden the Bitcoin Wave. Now It’s Time for Tesla to Accept Shiba Inu.,0.999,0.155,0.804,0.04
16,Nio Stock A Buy? China's Tesla Named Top Pick As EV Rival To Model S Looms,0.0,0.0,1.0,0.0
17,Tesla’s China Operations Look Better Than the U.S. on Paper. What It Means for the Stock.,0.537,0.133,0.867,0.0
18,"Harley Davidson (HOG) Q4 Earnings Beat Estimates, Improve Y/Y",0.994,0.079,0.902,0.018
19,7 EV Stocks With Key Product Launches In 2022,0.999,0.087,0.893,0.02
20,"DORCHESTER WEALTH MANAGEMENT Co Buys Nuvei Corp, Newell Brands Inc, Rogers Communications Inc, ...",0.999,0.129,0.862,0.01
21,"Nvwm, Llc Buys Vanguard Ultra-Short Bond ETF, Vanguard Total Stock Market ETF, Vanguard Mega ...",0.995,0.056,0.935,0.009
22,"Intercontinental Wealth Advisors, LLC Buys PowerShares QQQ Trust Ser 1, Tesla Inc, ProShares ...",0.999,0.114,0.883,0.003
23,Dow Jones Rallies; Drug Giant Pfizer Slides On Earnings,0.0,0.0,1.0,0.0
24,Tesla Reports Almost $2B in Bitcoin Holdings in 2021,-0.052,0.076,0.84,0.084
25,Dow Jones Futures Rise; Drug Giant Pfizer Slides On Earnings,0.0,0.0,1.0,0.0
26,Dow Jones Futures Flat; Drug Giant Pfizer Slides On Earnings,0.0,0.0,1.0,0.0
27,Can Elon Musk Make Dogecoin a Winner in 2022?,0.802,0.093,0.907,0.0
28,Why Ark Innovation ETF stocks are getting pummeled in 2022,0.976,0.083,0.862,0.056
29,Dow Jones Futures Fall; 4 Top Stocks To Buy And Watch In Volatile Stock Market Rally,-0.296,0.0,0.901,0.099
30,GM Down 5% After Morgan Stanley Downgrade,0.581,0.061,0.902,0.037
31,3 High-Flying Stocks May Follow Alphabet and Enact a Stock Split,0.273,0.123,0.877,0.0
32,Should Investors Care From Where Tesla Makes Its Money?,0.505,0.21,0.79,0.0
33,Judge dismisses Cary man's lawsuit over $100K Tesla,-0.586,0.0,0.73,0.27
34,"KPMG Follows in Tesla's Footsteps, Buys Bitcoin and Ethereum in Canada",0.202,0.083,0.917,0.0
35,"Smith Chas P &amp; Associates Pa Cpas Buys ProShares UltraPro Dow30, Vanguard Total Stock ...",0.995,0.076,0.914,0.01
36,Tesla cut steering component from some cars to deal with chip shortage - CNBC,-0.23,0.054,0.879,0.067
37,"Vista Capital Partners, Inc. Buys Starbucks Corp, BTC iShares MSCI USA Momentum Factor ETF, ...",0.995,0.061,0.935,0.004
