﻿,Titles,Polarity,Positive,Neutral,Negative
0,"Why Kevin O'Leary Changed His Mind On Tesla, Keeps Allocation Capped At 5%",0.967,0.086,0.887,0.027
1,"UPDATE 2-U.S. safety agency reviewing 23 Tesla crashes, three from recent weeks",-0.94,0.059,0.843,0.098
2,The SPY Was Down Today. Here's Why.,0.984,0.118,0.856,0.026
3,Expert Ratings for Tesla,0.911,0.063,0.913,0.024
4,This ‘EV’ Stock Has Gained 70% in a Month. It’s Not Tesla.,0.0,0.0,1.0,0.0
5,March Madness on Wall Street: stocks to watch,0.077,0.073,0.862,0.066
6,"Dow Rallies To Record Highs, Tech Stocks Sell Off As Treasury Yields Spike; Apple, Tesla Tumble",0.202,0.07,0.93,0.0
7,"UPDATE 1-Renault sees its electric, hybrid car sales doubling in 2021 - sources",0.637,0.039,0.941,0.019
8,"Mogo, Cars.com, Ford, Volkswagen  and Tesla highlighted as Zacks Bull and Bear of the Day",1.0,0.127,0.848,0.025
9,"Nikola, Lordstown shares drop in latest sign of turbulence for EV sector",-0.557,0.074,0.835,0.091
10,Tesla Stock Vs. Nio? Own The Top EV Stocks No Matter Who Wins,0.077,0.059,0.891,0.05
11,VW’s Furious Rally Fueled by Sudden Surge in U.S. Trading Volume,0.984,0.098,0.867,0.035
12,"How bitcoin is like Tesla and here to stay, but will feel volatility from this unique effect, says Deutsche Bank",0.649,0.175,0.825,0.0
13,Wall Street Opens Lower as Only Banks Escape Bond Worries; Nasdaq Down 1.3%,0.804,0.07,0.882,0.048
14,Unstoppable Volkswagen shares eye best week ever in EV frenzy,0.955,0.144,0.856,0.0
15,Tesla Faces Federal Investigation Over Michigan State Police Vehicle Crash,-0.727,0.065,0.854,0.081
16,"Tesla Down 2% On UK Cutting Subsidies for EVs, Mounting Challenges",0.325,0.072,0.875,0.053
17,Volkswagen Extends 'Reddit-Like' Rally as It Closes EV Gap With Tesla,0.296,0.087,0.913,0.0
18,"Bonds, Tech Slide, Europe's Vaccine Woes, Nike Earnings - What's up in Markets",-0.988,0.031,0.896,0.073
19,Proposed Bitcoin Ban Becomes X Factor In Tesla's India Foray,0.702,0.042,0.929,0.03
20,Toshiba Investors Back Investigation of AGM Vote Irregularities,0.971,0.09,0.843,0.068
21,Volkswagen: valuation moves into overtaking lane,0.762,0.154,0.846,0.0
