﻿,Titles,Polarity,Positive,Neutral,Negative
0,Elon Musk: 'A Recession Is Inevitable' - Here Are 3 Investments To Keep You Afloat If He's Right,0.997,0.144,0.822,0.035
1,"Roe v. Wade: Companies must create culture of 'psychological safety,' expert says",0.999,0.167,0.807,0.025
2,"Tesla to lay off nearly 200 Autopilot employees, Bentley exec talks EV push",0.0,0.0,1.0,0.0
3,Chrysler’s Parent Says EVs Could Tank the Car Market. Why That’s Wrong.,-0.402,0.0,0.876,0.124
4,Dow Jones Up As Powell Issues This Inflation Warning; Tesla Stock Falls Amid This Move; 2 Stocks Test Entries,-0.34,0.0,0.897,0.103
5,New NHTSA chief says agency will scrutinize automated-driver technology,0.511,0.127,0.824,0.049
6,Is Li Auto Stock A Buy As Hot China EV Maker Unveils New SUV?,0.0,0.0,1.0,0.0
7,"Tesla reportedly lays off 200 in Autopilot unit, shutters San Mateo office",0.911,0.066,0.892,0.042
8,"WRAPUP 1-Companies cut spending, jobs as outlook grows less certain",-0.961,0.051,0.866,0.083
9,Can Dogecoin and Shiba Inu Recover After Support From Coinbase?,0.995,0.119,0.843,0.039
10,Sell Exxon Mobil and other energy stocks before these headwinds hit prices once again,0.625,0.357,0.643,0.0
11,"The layoffs at Tesla show that white-collar workers are screwed, predicts hedge funder famous from ‘The Big Short’",-0.528,0.074,0.846,0.08
12,Tesla faces questions on its climate-change bona fides,-0.052,0.086,0.82,0.094
13,Stock Market Mixed On Powell Comments; General Mills Pops; Carnival Capsizes,-0.273,0.0,0.896,0.104
14,Make FUBO Stock a Great Bet on Going Long,0.995,0.117,0.838,0.045
15,Why Tesla Shares Kept Sliding Today,0.0,0.0,1.0,0.0
16,Why this round of tech layoffs may be different,0.0,0.0,1.0,0.0
17,"Tesla lays off 200 autopilot workers, Turkey allows Sweden-Finland NATO membership, FTC sues Walmart",-0.975,0.065,0.812,0.123
18,Is It Time to Load up on Beaten-Down Growth Stocks (Like Tesla)?,0.625,0.168,0.751,0.081
19,"McCormick cuts outlook, General Mills tops earnings estimates, Shopify stock split goes into effect",0.0,0.0,1.0,0.0
20,Dow Jones Rises As Bulls Try To Salvage Market Rally; Tesla Falls After Autopilot Move,-0.128,0.0,0.927,0.073
21,Tesla is killing off coal and gas plants with its giant battery projects,0.637,0.161,0.839,0.0
22,JPMorgan Piles On With Estimate Cuts Before Earnings: Tech Watch,0.906,0.088,0.833,0.08
23,Dow Jones Futures Rise As Bulls Try To Salvage Market Rally; Tesla Makes Autopilot Move,-0.527,0.0,0.804,0.196
24,LG Energy signs battery-grade lithium supply deal with Compass Minerals,0.727,0.054,0.928,0.018
25,Elon Musk's Tweets Echo Tactics Used to Great Effect by Donald Trump,-0.982,0.061,0.865,0.073
26,Dow Jones Futures: Bulls Try To Salvage Market Rally; Tesla Makes Autopilot Move,-0.527,0.0,0.804,0.196
27,Should Tesla Be Concerned About Polestar?,0.494,0.244,0.756,0.0
28,J.D. Power US IQS Report Out: Vehicle Quality Hits Record Low,0.99,0.113,0.833,0.055
29,7 Best Infrastructure Stocks to Buy Now,1.0,0.164,0.785,0.051
30,Dow Jones Futures Rise After Market Rally Flashes Very Bearish Signal; 5 Stocks To Watch,-0.71,0.0,0.84,0.16
31,Better Electric Vehicle Stock: Lucid vs. Ford,-0.485,0.074,0.765,0.161
32,"Stocks Making the Biggest Moves Today: NIO Sinks, Tesla Slips, Carnival Slumps",0.34,0.103,0.897,0.0
33,Tesla Brings Back a Product That May Solidify Its Dominance,0.488,0.143,0.857,0.0
34,Dow Jones Futures Fall After Market Rally Flashes Very Bearish Signal; 5 Stocks To Watch,-0.796,0.0,0.787,0.213
35,Stock Market Sell-Off: The Best Stocks to Buy Right Now,0.952,0.216,0.74,0.044
36,Is Tesla Finally a Buy After Declining 43% From Its Peak?,0.706,0.08,0.92,0.0
37,7 Best Nancy Pelosi Stocks to Buy Now,1.0,0.136,0.828,0.036
38,The Bumpy Ride Continues For Nio Stock,-0.981,0.04,0.881,0.079
39,Does Elon Musk's Latest Move Mean Tesla Is Doomed?,0.0,0.0,1.0,0.0
40,"Tesla Stock Slides On Reports of California Layoffs, Office Closure",-0.296,0.0,0.916,0.084
41,7 Best Infrastructure Stocks to Buy Now,1.0,0.165,0.784,0.051
42,"Stocks Edge Lower, Tesla, Disney, Pinterest And Delta Air Lines In Focus - Five Thing To Know",0.586,0.194,0.717,0.09
43,"Bed Bath &amp; Beyond, Nio, Spirit Airlines Fall Premarket; Pinterest Rises",0.66,0.08,0.861,0.06
44,"Tesla closes an office as layoff hits Autopilot jobs, including hourly ones",0.39,0.068,0.876,0.056
45,VW CEO Says His Firm Can Topple Tesla as Electric King by 2025,0.0,0.0,1.0,0.0
46,"Tesla Lays Off About 200 Autopilot Workers, Most of Them Hourly",-0.869,0.044,0.896,0.06
