﻿,Titles,Polarity,Positive,Neutral,Negative
0,Are Tesla Shares Worth a Look Post-Split?,0.998,0.166,0.821,0.013
1,Tesla (TSLA) Outpaces Stock Market Gains: What You Should Know,0.994,0.109,0.879,0.012
2,Lucid Stock Gets a New Buy Rating. Its Batteries Are Beating Tesla’s.,0.128,0.077,0.923,0.0
3,Twitter whistleblower; Nikola founder; and ex-Uber exec trial: legal stories to watch,-0.969,0.063,0.849,0.089
4,Dow Jones Futures: What To Do Ahead Of Tuesday's CPI Inflation Rate Data; Apple Makes This Bullish Move,0.0,0.0,1.0,0.0
5,10 EV Stocks to Invest In,0.998,0.096,0.874,0.03
6,"Stock Market Jumps Again Ahead Of CPI Data; Oracle Rises Late On Earnings; Apple, Tesla Make Key Moves",0.0,0.0,1.0,0.0
7,"Twitter denies Elon Musk's arguments, whistleblower claims breach buyout contract",0.848,0.086,0.848,0.065
8,"Stock Market Extends Gains Ahead Of Inflation Report; Apple, Tesla Make Key Moves",0.0,0.0,1.0,0.0
9,Elon Musk has gone from worrying about inflation to worrying about the opposite awfully fast,0.98,0.09,0.857,0.053
10,Twitter whistleblower set to testify about 'widespread security failures',0.903,0.09,0.846,0.065
11,Dow Jones Gains Amid These Inflation Hopes; Twitter Slams Elon Musk; Apple Stock Surges To Buy Point,0.923,0.217,0.756,0.027
12,9 Biggest EV Charging and Infrastructure Companies in the World,0.999,0.106,0.866,0.028
13,Cathie Wood Says Falling Car Prices Could Mean Trouble,-0.013,0.069,0.829,0.102
14,"Nio Stock A Buy? 'Top China EV Pick' Eyes New Buy Point As Models, Markets Ramp Up",0.0,0.0,1.0,0.0
15,Lucid Gets a New Buy Rating. Beating Tesla’s Battery Range Is One Reason.,0.128,0.077,0.923,0.0
16,Elon Musk Has a Solution for the Energy Grid. And He’s Probably Right.,-0.527,0.0,0.855,0.145
17,Why Ford Shares Jumped Monday,0.908,0.188,0.812,0.0
18,3 Meme Stocks to Buy With Surprisingly Superior Fundamentals,0.999,0.165,0.801,0.035
19,"Rivian (RIVN), Mercedes to Produce Electric Vans in Europe",0.992,0.084,0.898,0.018
20,PCAR vs. TSLA: Which Stock Is the Better Value Option?,0.998,0.212,0.783,0.005
21,Better Buy: Tesla Stock or a Nasdaq Index Fund?,0.832,0.317,0.683,0.0
22,4 Growth Stocks to Buy and Hold Forever,0.555,0.177,0.717,0.106
23,"Dow Jones Rallies As Bitcoin Tops $22,000",0.511,0.109,0.891,0.0
24,Tesla May Be Set to Build a New Plant - but Not the One You Think,0.586,0.255,0.745,0.0
25,Billionaire DE Shaw’s Latest Portfolio: Top 10 Stock Picks,0.999,0.122,0.857,0.021
26,10 Best Penny Stocks to Buy in September,0.999,0.1,0.868,0.032
27,12 Best Reddit Stocks To Invest In,1.0,0.104,0.875,0.021
28,Reddit’s WallStreetBets is Buying These 10 Stocks in September,0.999,0.109,0.866,0.025
29,Buy Volkswagen Stock. Porsche’s IPO Could Unlock Value at the Emerging Tesla Challenger.,0.637,0.206,0.794,0.0
30,"Here is What to Know Beyond Why Tesla, Inc. (TSLA) is a Trending Stock",0.999,0.129,0.865,0.006
31,"Dow Jones Futures Climb As Bitcoin Tops $22,000",0.511,0.099,0.901,0.0
32,10 Tech Stocks to Buy According to Billionaire Jim Simons’ Renaissance Technologies,0.999,0.118,0.858,0.024
33,3 EV Stocks to Buy With Superior Fundamentals,0.999,0.158,0.808,0.035
34,"Zacks Investment Ideas feature highlights: Ford Motor, General Motors and Tesla",0.999,0.122,0.864,0.013
35,INSIGHT-Truly autonomous cars may be impossible without helpful human touch,0.995,0.096,0.844,0.06
