﻿,Titles,Polarity,Positive,Neutral,Negative
0,Elon Musk Loses an Important Battle,-0.735,0.0,0.744,0.256
1,Early Twitter Executive Slams Musk’s ‘Naive’ Free-Speech Ideas,-0.913,0.072,0.824,0.104
2,Tesla Investors Send a Serious Warning to Elon Musk,0.0,0.0,1.0,0.0
3,Elon Musk wins SolarCity case but fails to escape SEC ‘funding secured’ deal,0.625,0.085,0.862,0.052
4,Elon Musk Found Not Liable in SolarCity Lawsuit,0.44,0.146,0.854,0.0
5,Investors fret over potential Musk U-turn in $44 billion Twitter buyout,0.94,0.075,0.889,0.036
6,Dow Jones Futures: Facebook Leads Earnings Winners Late After Market Bounce Fizzles; ARK Stock Teladoc Crashes,0.0,0.0,1.0,0.0
7,"Stocks: We're 'nearing peak bear sentiment' on Big Tech, analyst says",-0.843,0.049,0.879,0.073
8,Trump's Twitter Killer No. 1 in App Store as Deal Boosts Interest,0.511,0.171,0.829,0.0
9,Ford’s Earnings Took a Huge Hit From Rivian. Wall Street Is  Happy Anyway.,0.511,0.3,0.576,0.123
10,Tesla Stock Is Pricing in $37 of Twitter Fear. Here’s How We Know.,0.45,0.047,0.931,0.023
11,Judge rules for Elon Musk in $13 billion lawsuit over Tesla-SolarCity deal,0.951,0.074,0.895,0.031
12,"Ford Affirms Outlook, Sees Chip Shortages Easing After Mostly In-Line Q1",0.128,0.143,0.776,0.082
13,"Top Stock Reports for Tesla, Medtronic &amp; IBM",0.999,0.172,0.767,0.061
14,These legal issues could snag Elon Musk’s $44 billion Twitter merger,0.273,0.054,0.946,0.0
15,Ford Stock Is Rising on Drama-Free Earnings. It’s Had Enough Drama This Year.,0.511,0.3,0.576,0.123
16,Is PLUG Stock A Buy Now Amid Report Biden's Climate Proposals Could Be Revived?,0.0,0.0,1.0,0.0
17,Elon Musk Takes a Resounding Blow,-0.735,0.0,0.744,0.256
18,2 worries for Tesla shareholders amid Musk's Twitter takeover,-0.125,0.061,0.873,0.066
19,"Market check: Nasdaq flat, S&amp;P 500 rises to close choppy session",0.0,0.0,1.0,0.0
20,Who Else Might Buy Twitter?,-0.296,0.055,0.888,0.057
21,"Crypto: Musk’s influence ‘makes regulators and investors nervous,’ expert says",0.226,0.05,0.95,0.0
22,Ford Earnings On Deck For Quarter Marked By Huge Business Move,-0.077,0.036,0.92,0.044
23,These 10 Stocks Are Soaring Today,0.994,0.082,0.907,0.01
24,Musk's buying Twitter could improve it in one big way,0.775,0.076,0.865,0.059
25,Elon Musk is responding to tweets criticizing Twitter. Is he allowed to do that?,-0.898,0.072,0.848,0.08
26,Ford CEO on Tesla: 'We can catch them',0.542,0.027,0.96,0.013
27,Twitter Stock Slides As Elon Musk Tweets 'Censorship' Criticism Following Takeover Agreement Details,0.612,0.308,0.604,0.088
28,Why Tesla Stock Is Bouncing Back Today,0.0,0.0,1.0,0.0
29,"GM Stock Rebounds As Wall Street Cheers This ""Strong Number"" And EV Ramp After General Motors Earnings Beat",-0.226,0.096,0.766,0.139
30,Auto File: Tesla's Big Swoon,0.998,0.085,0.877,0.038
31,"Tesla stock up 3%, EV maker recovers some of the $126 billion lost in market cap",0.0,0.0,1.0,0.0
32,Twitter and Elon Musk could face these legal challenges when completing deal,0.202,0.109,0.891,0.0
33,UPDATE 2-U.S. court denies Musk bid to end SEC agreement on tweets oversight,0.723,0.104,0.829,0.066
34,Elon Musk's Twitter deal: 'People are either outraged or happy',0.945,0.097,0.819,0.084
35,Elon Musk Loses Bid to End ‘Twitter Sitter’ Deal With SEC,-0.861,0.082,0.804,0.114
36,Market check: Stocks seesaw as tech companies begin reporting earnings,0.0,0.0,1.0,0.0
37,Michael Burry Takes a Dig at Elon Musk as Defending Short Sellers,-0.827,0.087,0.803,0.11
38,Why Tesla Is My Top Electric Car Stock to Buy and Hold,0.363,0.069,0.906,0.025
39,Twitter Stock Drops on Fears Musk Might Abandon Deal,-0.102,0.076,0.797,0.127
40,Tesla Stock Is Pricing In $30 for Twitter Fear. Here’s How We Know.,0.0,0.0,1.0,0.0
41,"Ford, GM push to rival Tesla, Lucid wins EV order from Saudi government",0.494,0.084,0.882,0.034
42,Musk's $44B Twitter bid still faces these legal hurdles,0.995,0.1,0.856,0.044
43,Play the EV Revolution With ChargePoint Stock,0.994,0.11,0.89,0.0
44,"Elon Musk ‘is in over his head’ with Twitter deal, expert says",0.511,0.099,0.901,0.0
45,What Elon Musk buying Twitter means for Tesla: Columbia Law professor,0.761,0.063,0.891,0.046
46,10 High Dividend S&amp;P 500 Stocks,1.0,0.098,0.88,0.023
47,Tesla Steals Activision Playbook in Fighting Race-Bias Complaint,-0.957,0.064,0.849,0.087
