﻿,Titles,Polarity,Positive,Neutral,Negative
0,The housing market is ‘overinflated’: Barbara Corcoran,1.0,0.152,0.822,0.026
1,Biden Pick Wins Senate Approval as First NHTSA Chief Since 2017,0.909,0.098,0.84,0.062
2,UPDATE 1-U.S. Senate confirms auto safety chief amid traffic death spike,0.889,0.125,0.801,0.074
3,"Stocks bounce back from market sell-off, consumer discretionary sector adds to yesterday’s gains",0.0,0.0,1.0,0.0
4,Dow Jones Rallies; This Elon Musk Move Sparks Twitter Surge; WWE Stock Body Slams Bears,-0.202,0.0,0.917,0.083
5,"Dow Jones Rallies; Elon Musk Does This, Twitter Jumps; WWE Stock Body Slams Bears",-0.202,0.0,0.917,0.083
6,Dow Jones Rallies; Twitter Jumps On This Elon Musk Move; WWE Stock Body Slams Bears,-0.202,0.0,0.917,0.083
7,"Elon Musk weighs in on gun control debate, supports ‘tight’ background checks",-0.34,0.0,0.893,0.107
8,Plug Power Stock Is Finally Worth Buying,0.994,0.1,0.876,0.024
9,Dow Jones Gains As Market Rallies; This Elon Musk Move Boosts Twitter; WWE Stock Pins Buy Zone,-0.202,0.0,0.917,0.083
10,"Crypto Scammers Pose as Journalists, NFT Projects on Twitter",-0.978,0.07,0.833,0.097
11,Tesla submits application to expand German plant - rbb,0.459,0.029,0.96,0.012
12,This Video of Elon Musk Endorsing a Crypto Scam is Fake,0.887,0.145,0.834,0.022
13,Why Tesla Stock Keeps Going Up,0.852,0.119,0.881,0.0
14,Elon Musk jet tracker on tracing the Tesla CEO: Zuckerberg's jet 'was a bit harder',0.994,0.108,0.868,0.024
15,Tech Selloff: Hedge Funds are Dumping These 10 Stocks in 2022,0.997,0.078,0.885,0.037
16,"Top Stock Reports for Tesla, Procter &amp; Gamble &amp; Bristol-Myers Squibb",0.999,0.158,0.777,0.065
17,10 Stocks To Sell Now According To David Einhorn’s Greenlight Capital,0.995,0.071,0.896,0.033
18,Rivian's $5 Billion Georgia Plant Project Inches Ahead; Is RIVN Stock A Buy Or Sell?,-0.402,0.074,0.736,0.19
19,"Cathie Wood buys the dip on Tesla, Zoom, Roku stocks",0.997,0.157,0.816,0.028
20,Why the Tesla ‘death cross’ shouldn’t scare off investors,-0.211,0.064,0.838,0.098
21,Tesla Stock Gains As Musk Closes Twitter Margin Loan; Jefferies Cuts Price Target,-0.077,0.17,0.652,0.178
22,Dow Jones Rallies As Nvidia Slashes Losses; Twitter Jumps As Musk Raises Financing,-0.44,0.0,0.888,0.112
23,Why This 1 Growth Stock Could Be a Great Addition to Your Portfolio,0.998,0.193,0.807,0.0
24,Twitter deal price 'is going lower' as Elon Musk 'knows that he's overpaying': Thill,-0.668,0.041,0.912,0.048
25,10 Stocks to Sell Now According to Julian Robertson’s Hedge Fund,0.999,0.099,0.875,0.026
26,Twitter stock pops after Elon Musk commits $33.5 billion for takeover bid,0.987,0.143,0.82,0.037
27,The SEC’s latest climate crackdown won’t help Elon Musk,0.317,0.052,0.898,0.05
28,Dow Jones Futures Rise As Nvidia Falls On Weak Sales Outlook; Twitter Jumps As Musk Raises Financing,-0.44,0.0,0.888,0.112
29,Don’t Buy the Bounce in Nio Stock Just Yet,0.329,0.048,0.913,0.039
30,"The DMV said it would investigate Tesla over self-driving claims. Then, crickets",-0.643,0.052,0.895,0.054
31,'Woke' ESG Funds Are Now Costing You Money,0.637,0.174,0.826,0.0
32,"After selling down Tesla position, Cathie Wood buys the dip",0.934,0.068,0.889,0.043
33,"Dow Jones Futures Rise As Market Rally Needs This; Broadcom To Buy VMware; Twitter, Nvidia Are Key Movers",0.0,0.0,1.0,0.0
34,5 Electric Vehicle Stocks to Buy for 100% Returns,0.999,0.125,0.861,0.014
35,Why Warren Buffett’s Bet on Apple Feels Far Away From a Payoff,0.0,0.0,1.0,0.0
36,"Twitter Stock Leaps As Elon Musk Adds More Equity To $44 Billion Takeover Bid, Closes Tesla Margin Loan",0.296,0.071,0.929,0.0
37,"Stock Futures Higher, Nvidia, Twitter, Apple and Snowflake In Focus- 5 Things You Must Know",0.128,0.083,0.864,0.053
38,Consider Roku as Cathie Wood Buys It on the Dip,0.994,0.114,0.848,0.038
39,A timeless bear market rule explains why dip buyers can't get a break: Morning Brief,0.985,0.068,0.885,0.047
40,"U.S. Stocks Climb, on Track for a Weekly Gain",0.933,0.106,0.835,0.059
41,4 Widely Held Stocks Billionaires Dumped in the First Quarter,0.84,0.14,0.827,0.032
