﻿,Titles,Polarity,Positive,Neutral,Negative
0,"Stocks close in on a losing month, energy and utilities sectors lead intraday gains",0.465,0.025,0.963,0.013
1,3 Picks That Could Be the Next Meme Stock Champion,0.998,0.105,0.879,0.016
2,Why Tesla Shares Dropped Today,0.527,0.052,0.948,0.0
3,3 EV Stocks That Could 10X by 2026,0.999,0.103,0.873,0.024
4,Dow Jones Falls On Weak Jobs Data; HP Sinks On Earnings,-0.671,0.0,0.776,0.224
5,"Tesla (TSLA) Fully Self-Driven Cars to Hit US, Europe by 2022-End",0.993,0.078,0.916,0.006
6,Dow Jones Falls After Weak Jobs Data; HP Sinks On Earnings,-0.671,0.0,0.776,0.224
7,Ulta Beauty and Meta Platforms have been highlighted as Zacks Bull and Bear of the Day,1.0,0.123,0.858,0.019
8,11 Best Electric Vehicle Stocks to Buy Now,1.0,0.146,0.841,0.013
9,Dow Jones Futures Rise After Weak Jobs Data; HP Sinks On Earnings,-0.382,0.0,0.885,0.115
10,Dow Jones Futures: Is The Market Rally Finished? Key Support Broken,-0.153,0.135,0.7,0.165
11,Tesla vs. the S&amp;P 500: Which Is the Better First Investment?,-0.296,0.0,0.96,0.04
12,Dow Jones Futures Signal Market Rally Isn't Finished After Key Support Broken,-0.153,0.135,0.7,0.165
13,Dow Jones Futures Rise: Market Rally Finished? Indexes Break Support As Fed Fears Intensify,-0.153,0.135,0.7,0.165
