﻿,Titles,Polarity,Positive,Neutral,Negative
0,Bio-Rad Laboratories (BIO) Q4 Earnings and Revenues Surpass Estimates,0.993,0.095,0.899,0.006
1,Bio-Rad Laboratories: Q4 Earnings Insights,0.9,0.063,0.929,0.008
2,Bio-Rad Reports Fourth-Quarter and Full-Year 2020 Financial Results,1.0,0.097,0.866,0.036
3,"The Daily Biotech Pulse: DermTech Soars On Contract, Fluidigm Plunges On Earnings, Decision Day For Regeneron, Bioventus Debuts",0.992,0.066,0.899,0.035
4,"The Daily Biotech Pulse: DermTech Soars On Contract, Fluidigm Plunges On Earnings, Decision Day For Regeneron, Bioventus Debuts",0.992,0.066,0.899,0.035
