﻿,Titles,Polarity,Positive,Neutral,Negative
0,Thermo Fisher Scientific (Finance I) B.V. -- Moody's announces completion of a periodic review for a group of North America Medical Products and Device issuers,1.0,0.141,0.796,0.064
1,Danaher Corporation -- Moody's announces completion of a periodic review for a group of North America Medical Products and Device issuers,1.0,0.141,0.796,0.064
2,"STERIS (STE) Strategic Buyouts Aid Growth, Margin Woe Stays",0.995,0.131,0.824,0.044
3,Cardiovascular Systems (CSII) Finances New DCB Development,0.998,0.121,0.866,0.013
4,Medtronic (MDT) Inks Deal to Offer Touch Surgery Enterprise,0.998,0.146,0.834,0.02
