﻿,Highest Category,Polarity,PosOrNeg
1/4/2021,Neutral,0.992,Positive
1/5/2021,Neutral,0.992,Positive
1/6/2021,Neutral,0.992,Positive
1/7/2021,Neutral,0.992,Positive
1/8/2021,Neutral,0.992,Positive
1/11/2021,Positive,0.0,Positive
1/12/2021,Positive,0.0,Positive
1/13/2021,Positive,0.0,Positive
1/14/2021,Positive,0.0,Positive
1/15/2021,Positive,0.0,Positive
1/19/2021,Positive,0.0,Positive
1/20/2021,Positive,0.0,Positive
1/21/2021,Neutral,0.0,Positive
1/22/2021,Neutral,0.0,Positive
1/25/2021,Neutral,0.906,Positive
1/26/2021,Neutral,0.906,Positive
1/27/2021,Neutral,0.906,Positive
1/28/2021,Neutral,0.906,Positive
1/29/2021,Neutral,0.906,Positive
2/1/2021,Neutral,0.906,Positive
2/2/2021,Neutral,0.906,Positive
2/3/2021,Neutral,0.906,Positive
2/4/2021,Neutral,0.999,Positive
2/5/2021,Neutral,0.997,Positive
2/8/2021,Neutral,0.987,Positive
2/9/2021,Neutral,0.987,Positive
2/10/2021,Neutral,0.993,Positive
2/11/2021,Neutral,0.9753999999999999,Positive
2/12/2021,Neutral,0.882,Positive
2/16/2021,Neutral,0.985,Positive
2/17/2021,Neutral,0.985,Positive
2/18/2021,Neutral,0.985,Positive
2/19/2021,Neutral,0.985,Positive
2/22/2021,Neutral,0.906,Positive
2/23/2021,Neutral,0.906,Positive
2/24/2021,Neutral,0.813,Positive
2/25/2021,Neutral,0.813,Positive
2/26/2021,Neutral,0.813,Positive
3/1/2021,Neutral,0.813,Positive
3/2/2021,Neutral,0.813,Positive
3/3/2021,Neutral,0.813,Positive
3/4/2021,Neutral,0.813,Positive
3/5/2021,Neutral,0.906,Positive
3/8/2021,Neutral,0.906,Positive
3/9/2021,Neutral,0.906,Positive
3/10/2021,Neutral,0.906,Positive
3/11/2021,Neutral,0.972,Positive
3/12/2021,Neutral,0.972,Positive
3/15/2021,Neutral,0.997,Positive
3/16/2021,Neutral,0.997,Positive
3/17/2021,Neutral,0.997,Positive
3/18/2021,Neutral,0.997,Positive
3/19/2021,Neutral,0.997,Positive
3/22/2021,Neutral,0.997,Positive
3/23/2021,Neutral,0.997,Positive
3/24/2021,Neutral,0.997,Positive
3/25/2021,Neutral,0.84,Positive
3/26/2021,Neutral,0.899,Positive
3/29/2021,Neutral,0.9963333333333333,Positive
3/30/2021,Neutral,0.9963333333333333,Positive
3/31/2021,Neutral,0.9963333333333333,Positive
4/1/2021,Neutral,0.9963333333333333,Positive
4/2/2021,Neutral,0.9963333333333333,Positive
4/5/2021,Neutral,0.9995,Positive
4/6/2021,Neutral,0.9995,Positive
4/7/2021,Neutral,0.9995,Positive
4/8/2021,Neutral,0.9995,Positive
4/9/2021,Neutral,0.9995,Positive
4/12/2021,Neutral,0.997,Positive
4/13/2021,Neutral,0.998,Positive
4/14/2021,Neutral,0.998,Positive
4/15/2021,Neutral,0.9,Positive
4/16/2021,Neutral,0.9,Positive
4/19/2021,Neutral,0.9,Positive
4/20/2021,Neutral,1.0,Positive
4/21/2021,Neutral,1.0,Positive
4/22/2021,Neutral,0.9480000000000001,Positive
4/23/2021,Neutral,0.9480000000000001,Positive
4/26/2021,Neutral,0.9963333333333333,Positive
4/27/2021,Neutral,0.9963333333333333,Positive
4/28/2021,Neutral,0.9963333333333333,Positive
4/29/2021,Neutral,0.9964999999999999,Positive
4/30/2021,Neutral,0.7826666666666666,Positive
5/3/2021,Neutral,0.84,Positive
5/4/2021,Neutral,0.84,Positive
5/5/2021,Neutral,0.84,Positive
5/6/2021,Neutral,0.84,Positive
5/7/2021,Neutral,0.84,Positive
5/10/2021,Neutral,0.9914999999999999,Positive
5/11/2021,Neutral,0.9914999999999999,Positive
5/12/2021,Neutral,0.9914999999999999,Positive
5/13/2021,Neutral,0.9914999999999999,Positive
5/14/2021,Neutral,0.9914999999999999,Positive
5/17/2021,Neutral,0.9914999999999999,Positive
5/18/2021,Neutral,0.9914999999999999,Positive
5/19/2021,Neutral,0.9914999999999999,Positive
5/20/2021,Neutral,0.9,Positive
5/21/2021,Neutral,0.9,Positive
5/24/2021,Neutral,0.9,Positive
5/25/2021,Neutral,0.9,Positive
5/26/2021,Neutral,0.9,Positive
5/27/2021,Neutral,0.9,Positive
5/28/2021,Neutral,0.9,Positive
6/1/2021,Neutral,0.9,Positive
6/2/2021,Neutral,0.9,Positive
6/3/2021,Neutral,0.9,Positive
6/4/2021,Neutral,0.9,Positive
6/7/2021,Neutral,0.9,Positive
6/8/2021,Neutral,0.9,Positive
6/9/2021,Neutral,0.9,Positive
6/10/2021,Neutral,0.939,Positive
6/11/2021,Neutral,0.939,Positive
6/14/2021,Neutral,0.939,Positive
6/15/2021,Neutral,0.939,Positive
6/16/2021,Neutral,0.939,Positive
6/17/2021,Neutral,0.999,Positive
6/21/2021,Neutral,0.9385000000000001,Positive
6/22/2021,Neutral,0.9385000000000001,Positive
6/23/2021,Neutral,0.9684000000000001,Positive
6/24/2021,Neutral,1.0,Positive
6/25/2021,Neutral,1.0,Positive
6/28/2021,Neutral,0.999,Positive
6/29/2021,Neutral,0.999,Positive
6/30/2021,Neutral,0.815,Positive
7/1/2021,Neutral,0.815,Positive
7/2/2021,Neutral,0.815,Positive
7/6/2021,Neutral,0.815,Positive
7/7/2021,Neutral,0.815,Positive
7/8/2021,Neutral,0.815,Positive
7/9/2021,Neutral,0.815,Positive
7/12/2021,Neutral,0.9984999999999999,Positive
7/13/2021,Neutral,0.9984999999999999,Positive
7/14/2021,Neutral,0.9,Positive
7/15/2021,Neutral,0.9,Positive
7/16/2021,Neutral,0.9,Positive
7/19/2021,Neutral,0.9,Positive
7/20/2021,Neutral,0.9,Positive
7/21/2021,Neutral,0.9,Positive
7/22/2021,Neutral,0.998,Positive
7/23/2021,Neutral,0.998,Positive
7/26/2021,Neutral,0.992,Positive
7/27/2021,Neutral,0.9795,Positive
7/28/2021,Neutral,0.9795,Positive
7/29/2021,Neutral,0.9964999999999999,Positive
7/30/2021,Neutral,0.9964999999999999,Positive
8/2/2021,Neutral,0.9964999999999999,Positive
8/3/2021,Neutral,0.9964999999999999,Positive
8/4/2021,Neutral,0.9964999999999999,Positive
8/5/2021,Neutral,0.9964999999999999,Positive
8/6/2021,Neutral,0.9964999999999999,Positive
8/9/2021,Neutral,0.999,Positive
8/10/2021,Neutral,0.998,Positive
8/11/2021,Neutral,0.996,Positive
8/12/2021,Neutral,0.996,Positive
8/13/2021,Neutral,0.996,Positive
8/16/2021,Neutral,0.996,Positive
8/17/2021,Neutral,0.997,Positive
8/18/2021,Neutral,0.997,Positive
8/19/2021,Neutral,0.9844999999999999,Positive
8/20/2021,Neutral,0.9844999999999999,Positive
8/23/2021,Neutral,0.9844999999999999,Positive
8/24/2021,Neutral,0.9844999999999999,Positive
8/25/2021,Neutral,0.9844999999999999,Positive
8/26/2021,Neutral,0.9844999999999999,Positive
8/27/2021,Neutral,0.9844999999999999,Positive
8/30/2021,Neutral,0.997,Positive
8/31/2021,Neutral,0.9590000000000001,Positive
9/1/2021,Neutral,0.9590000000000001,Positive
9/2/2021,Neutral,0.994,Positive
9/3/2021,Neutral,0.997,Positive
9/7/2021,Neutral,0.997,Positive
9/8/2021,Neutral,0.997,Positive
9/9/2021,Neutral,0.992,Positive
9/10/2021,Neutral,0.992,Positive
9/13/2021,Neutral,0.999,Positive
9/14/2021,Neutral,0.999,Positive
9/15/2021,Neutral,0.999,Positive
9/16/2021,Neutral,0.997,Positive
9/17/2021,Neutral,0.997,Positive
9/20/2021,Neutral,0.999,Positive
9/21/2021,Neutral,0.999,Positive
9/22/2021,Neutral,0.999,Positive
9/23/2021,Neutral,0.999,Positive
9/24/2021,Neutral,0.999,Positive
9/27/2021,Neutral,0.999,Positive
9/28/2021,Neutral,0.999,Positive
9/29/2021,Neutral,0.999,Positive
9/30/2021,Neutral,0.996,Positive
10/1/2021,Neutral,0.996,Positive
10/4/2021,Neutral,0.999,Positive
10/5/2021,Neutral,0.999,Positive
10/6/2021,Neutral,0.999,Positive
10/7/2021,Neutral,0.999,Positive
10/8/2021,Neutral,0.999,Positive
10/12/2021,Neutral,0.999,Positive
10/13/2021,Neutral,0.999,Positive
10/14/2021,Neutral,0.999,Positive
10/15/2021,Neutral,0.9,Positive
10/18/2021,Neutral,0.9984999999999999,Positive
10/19/2021,Neutral,1.0,Positive
10/20/2021,Neutral,0.998,Positive
10/21/2021,Neutral,0.995,Positive
10/22/2021,Neutral,0.9984999999999999,Positive
10/25/2021,Neutral,0.999,Positive
10/26/2021,Neutral,0.999,Positive
10/27/2021,Neutral,0.983,Positive
10/28/2021,Neutral,0.9964999999999999,Positive
10/29/2021,Neutral,0.6895,Positive
11/1/2021,Neutral,0.6895,Positive
11/2/2021,Neutral,0.6895,Positive
11/3/2021,Neutral,0.6895,Positive
11/4/2021,Neutral,0.999,Positive
11/5/2021,Neutral,0.999,Positive
11/8/2021,Neutral,0.998,Positive
11/9/2021,Neutral,0.998,Positive
11/10/2021,Neutral,0.998,Positive
11/12/2021,Neutral,0.999,Positive
11/15/2021,Neutral,0.998,Positive
11/16/2021,Neutral,0.998,Positive
11/17/2021,Neutral,0.998,Positive
11/18/2021,Neutral,0.998,Positive
11/19/2021,Neutral,0.998,Positive
11/22/2021,Neutral,0.988,Positive
11/23/2021,Neutral,0.988,Positive
11/24/2021,Neutral,0.988,Positive
11/26/2021,Neutral,0.9975,Positive
11/29/2021,Neutral,0.9975,Positive
11/30/2021,Neutral,0.84,Positive
12/1/2021,Neutral,0.84,Positive
12/2/2021,Neutral,0.84,Positive
12/3/2021,Neutral,0.84,Positive
12/6/2021,Neutral,0.84,Positive
12/7/2021,Neutral,0.9984999999999999,Positive
12/8/2021,Neutral,0.9975,Positive
12/9/2021,Neutral,0.9955,Positive
12/10/2021,Neutral,0.996,Positive
12/13/2021,Neutral,0.998,Positive
12/14/2021,Neutral,0.998,Positive
12/15/2021,Neutral,0.999,Positive
12/16/2021,Neutral,0.996,Positive
12/17/2021,Neutral,0.999,Positive
12/20/2021,Neutral,0.995,Positive
12/21/2021,Neutral,0.995,Positive
12/22/2021,Neutral,0.84,Positive
12/23/2021,Neutral,0.84,Positive
12/27/2021,Neutral,0.992,Positive
12/28/2021,Neutral,0.999,Positive
12/29/2021,Neutral,0.999,Positive
12/30/2021,Neutral,0.999,Positive
1/3/2022,Neutral,0.999,Positive
1/4/2022,Neutral,0.999,Positive
1/5/2022,Neutral,0.906,Positive
1/6/2022,Neutral,0.906,Positive
1/7/2022,Neutral,0.906,Positive
1/10/2022,Neutral,0.906,Positive
1/11/2022,Neutral,0.906,Positive
1/12/2022,Neutral,0.9955,Positive
1/13/2022,Neutral,0.998,Positive
1/14/2022,Neutral,0.998,Positive
1/18/2022,Neutral,0.998,Positive
1/19/2022,Neutral,0.998,Positive
1/20/2022,Neutral,0.998,Positive
1/21/2022,Neutral,0.998,Positive
1/24/2022,Neutral,0.998,Positive
1/25/2022,Neutral,0.906,Positive
1/26/2022,Neutral,0.906,Positive
1/27/2022,Neutral,0.906,Positive
1/28/2022,Neutral,0.906,Positive
1/31/2022,Neutral,0.906,Positive
2/1/2022,Neutral,0.84,Positive
2/2/2022,Neutral,0.9525,Positive
2/3/2022,Neutral,0.998,Positive
2/4/2022,Neutral,0.999,Positive
2/7/2022,Neutral,0.998,Positive
2/8/2022,Neutral,0.9993333333333334,Positive
2/9/2022,Neutral,0.998,Positive
2/10/2022,Neutral,0.997,Positive
2/11/2022,Neutral,0.993,Positive
2/14/2022,Neutral,0.998,Positive
2/15/2022,Neutral,0.999,Positive
2/16/2022,Neutral,0.9983333333333334,Positive
2/17/2022,Neutral,0.9979999999999999,Positive
2/18/2022,Neutral,0.997,Positive
2/22/2022,Neutral,0.997,Positive
2/23/2022,Neutral,0.98925,Positive
2/24/2022,Neutral,0.9960000000000001,Positive
2/25/2022,Neutral,0.9897499999999999,Positive
2/28/2022,Neutral,0.995,Positive
3/1/2022,Neutral,0.9825,Positive
3/2/2022,Neutral,0.9898,Positive
3/3/2022,Neutral,0.998,Positive
3/4/2022,Neutral,0.997,Positive
3/7/2022,Neutral,0.997,Positive
3/8/2022,Neutral,0.998,Positive
3/9/2022,Neutral,0.9976666666666666,Positive
3/10/2022,Neutral,0.9982000000000001,Positive
3/11/2022,Neutral,0.998,Positive
3/14/2022,Neutral,0.998,Positive
3/15/2022,Neutral,0.998,Positive
3/16/2022,Neutral,0.998,Positive
3/17/2022,Neutral,0.9935,Positive
3/18/2022,Neutral,0.9935,Positive
3/21/2022,Neutral,0.9984999999999999,Positive
3/22/2022,Neutral,0.9895,Positive
3/23/2022,Neutral,0.9984999999999999,Positive
3/24/2022,Neutral,0.9955,Positive
3/25/2022,Neutral,0.999,Positive
3/28/2022,Neutral,0.9976666666666666,Positive
3/29/2022,Neutral,0.998,Positive
3/30/2022,Neutral,0.999,Positive
3/31/2022,Neutral,0.994,Positive
4/1/2022,Neutral,0.998,Positive
4/4/2022,Neutral,0.998,Positive
4/5/2022,Neutral,0.998,Positive
4/6/2022,Neutral,0.998,Positive
4/7/2022,Neutral,0.998,Positive
4/8/2022,Neutral,0.998,Positive
4/11/2022,Neutral,0.998,Positive
4/12/2022,Neutral,0.999,Positive
4/13/2022,Neutral,0.99775,Positive
4/14/2022,Neutral,0.99775,Positive
4/15/2022,Neutral,0.99775,Positive
4/18/2022,Neutral,0.906,Positive
4/19/2022,Neutral,0.997,Positive
4/20/2022,Neutral,0.997,Positive
4/21/2022,Neutral,0.848,Positive
4/22/2022,Neutral,0.848,Positive
4/25/2022,Neutral,0.998,Positive
4/26/2022,Neutral,0.998,Positive
4/27/2022,Neutral,0.999,Positive
4/28/2022,Neutral,0.9964999999999999,Positive
4/29/2022,Neutral,0.989,Positive
5/2/2022,Neutral,0.989,Positive
5/3/2022,Neutral,0.989,Positive
5/4/2022,Neutral,0.989,Positive
5/5/2022,Neutral,0.999,Positive
5/6/2022,Neutral,0.999,Positive
5/9/2022,Neutral,0.999,Positive
5/10/2022,Neutral,0.999,Positive
5/11/2022,Neutral,0.999,Positive
5/12/2022,Neutral,0.999,Positive
5/13/2022,Neutral,1.0,Positive
5/16/2022,Neutral,1.0,Positive
5/17/2022,Neutral,1.0,Positive
5/18/2022,Neutral,1.0,Positive
5/19/2022,Neutral,1.0,Positive
5/20/2022,Neutral,1.0,Positive
5/23/2022,Neutral,1.0,Positive
5/24/2022,Neutral,1.0,Positive
5/25/2022,Neutral,0.9979999999999999,Positive
5/26/2022,Neutral,0.9944999999999999,Positive
5/27/2022,Neutral,0.9944999999999999,Positive
5/31/2022,Neutral,0.998,Positive
6/1/2022,Neutral,0.34,Positive
6/2/2022,Neutral,0.34,Positive
6/3/2022,Neutral,0.997,Positive
6/6/2022,Neutral,0.997,Positive
6/7/2022,Neutral,0.997,Positive
6/8/2022,Neutral,0.997,Positive
6/9/2022,Neutral,0.997,Positive
6/10/2022,Neutral,0.997,Positive
6/13/2022,Neutral,0.997,Positive
6/14/2022,Neutral,0.997,Positive
6/15/2022,Neutral,0.997,Positive
6/16/2022,Neutral,0.997,Positive
6/17/2022,Neutral,0.998,Positive
6/21/2022,Neutral,0.978,Positive
6/22/2022,Neutral,0.978,Positive
6/23/2022,Neutral,0.978,Positive
6/24/2022,Neutral,0.978,Positive
6/27/2022,Neutral,0.9935,Positive
6/28/2022,Neutral,0.9935,Positive
6/29/2022,Neutral,0.9935,Positive
6/30/2022,Neutral,0.9935,Positive
7/1/2022,Neutral,0.9935,Positive
7/5/2022,Neutral,0.9935,Positive
7/6/2022,Neutral,0.9935,Positive
7/7/2022,Neutral,0.9935,Positive
7/8/2022,Neutral,0.9935,Positive
7/11/2022,Neutral,0.9935,Positive
7/12/2022,Neutral,0.9935,Positive
7/13/2022,Neutral,0.999,Positive
7/14/2022,Neutral,0.999,Positive
7/15/2022,Neutral,0.999,Positive
7/18/2022,Neutral,0.906,Positive
7/19/2022,Neutral,0.906,Positive
7/20/2022,Neutral,0.906,Positive
7/21/2022,Neutral,0.906,Positive
7/22/2022,Neutral,0.998,Positive
7/25/2022,Neutral,0.998,Positive
7/26/2022,Neutral,0.998,Positive
7/27/2022,Neutral,0.998,Positive
7/28/2022,Neutral,0.997,Positive
7/29/2022,Neutral,0.99,Positive
8/1/2022,Neutral,0.99,Positive
8/2/2022,Neutral,0.99,Positive
8/3/2022,Neutral,0.994,Positive
8/4/2022,Neutral,1.0,Positive
8/5/2022,Neutral,1.0,Positive
8/8/2022,Neutral,1.0,Positive
8/9/2022,Neutral,1.0,Positive
8/10/2022,Neutral,1.0,Positive
8/11/2022,Neutral,1.0,Positive
8/12/2022,Neutral,1.0,Positive
8/15/2022,Neutral,0.999,Positive
8/16/2022,Neutral,0.999,Positive
8/17/2022,Neutral,0.999,Positive
8/18/2022,Neutral,1.0,Positive
8/19/2022,Neutral,1.0,Positive
8/22/2022,Neutral,0.998,Positive
8/23/2022,Neutral,0.998,Positive
8/24/2022,Neutral,0.998,Positive
8/25/2022,Neutral,0.998,Positive
8/26/2022,Neutral,0.998,Positive
8/29/2022,Neutral,0.998,Positive
8/30/2022,Neutral,0.998,Positive
8/31/2022,Neutral,0.998,Positive
9/1/2022,Neutral,0.992,Positive
9/2/2022,Neutral,0.992,Positive
9/6/2022,Neutral,0.992,Positive
9/7/2022,Neutral,0.992,Positive
9/8/2022,Neutral,0.992,Positive
9/9/2022,Neutral,0.992,Positive
9/12/2022,Neutral,0.992,Positive
9/13/2022,Neutral,0.992,Positive
9/14/2022,Neutral,0.992,Positive
9/15/2022,Neutral,0.992,Positive
9/16/2022,Neutral,0.992,Positive
9/19/2022,Neutral,0.992,Positive
9/20/2022,Neutral,0.992,Positive
