﻿,Titles,Polarity,Positive,Neutral,Negative
0,"Stocks fall to session lows to end the week, energy finishes in the green",-0.318,0.079,0.792,0.128
1,Nvidia Stock Is a Buy After Its Recent Weakness,0.986,0.092,0.86,0.048
2,"Zacks Investment Ideas feature highlights: Apple, Advanced Micro Devices and Nvidia",1.0,0.184,0.782,0.034
3,Nordstrom and PayPal have been highlighted as Zacks Bull and Bear of the Day,1.0,0.161,0.802,0.037
4,"10 Semiconductor Stocks To Buy Today According To Peter Rathjens, Bruce Clark and John Campbell’s Arrowstreet Capital",1.0,0.109,0.877,0.015
5,"The Zacks Analyst Blog Highlights NVIDIA, Advanced Micro Devices, Analog Devices, Qualcomm and Micron Technology",0.999,0.14,0.822,0.037
