﻿,Titles,Polarity,Positive,Neutral,Negative
0,"Cryptocurrency News &amp; Price Wrap-Up For Sept. 2, 2022",0.7,0.108,0.892,0.0
1,Analysts are Downgrading These 10 Tech Stocks,0.389,0.065,0.874,0.061
2,Ethereum’s Big Moment Is Coming With ‘The Merge.’ What It Means for Crypto.,0.153,0.095,0.833,0.071
3,"This week's top movers: Bed Bath &amp; Beyond, Lululemon, Nvidia, Snap",0.0,0.0,1.0,0.0
4,Bull of the Day: Taiwan Semiconductor (TSM),0.959,0.068,0.879,0.053
5,A Balanced Case For Nvidia: A Bullish Analyst Grows 'More Concerned' For The Chipmaker's Prospects,0.99,0.131,0.854,0.015
6,"Stock Market Skids, But Bounces Off Lows; Nvidia, Pinduoduo, BYD, Jobs In Focus: Weekly Review",-0.854,0.044,0.622,0.334
7,"Nvidia: U.S. government to allow chip ‘development’ despite export ban, analyst says",0.0,0.0,1.0,0.0
8,Should Semiconductor Investors Be Worried About This Risk?,-0.153,0.0,0.949,0.051
9,Nvidia stock downgraded to Neutral by Daiwa Capital Markets,0.438,0.063,0.889,0.048
10,China Calls Out U.S. Chip Ban as Bully Move,0.226,0.114,0.806,0.081
11,Why Nvidia Stock Is Plunging This Week,0.0,0.0,1.0,0.0
12,2 High-Conviction Growth Stocks That Billionaires Are Buying Hand Over Fist,0.318,0.13,0.778,0.092
13,Cathie Wood Sold Tesla Stock and Bought Nvidia After the Chip Maker’s Tough Day,-0.226,0.033,0.885,0.082
14,Taiwan Semiconductor and Cars.com have been highlighted as Zacks Bull and Bear of the Day,0.999,0.079,0.886,0.035
15,"Nvidia Selloff Is an ‘Overreaction,’ Analyst Says. The Stock Is Still a Buy.",0.542,0.191,0.757,0.052
16,US Offers Relaxations To Nvidia For AI Chip Development In China,0.948,0.107,0.833,0.06
17,Paul Pelosi cut his losses on Nvidia in July amid intense scrutiny — and was able to sidestep another 16% plunge prior to US sanctions on chip sales,0.983,0.095,0.869,0.036
18,FirstFT: Biden calls ‘extremist’ Republicans a ‘threat to America’,-0.758,0.101,0.753,0.146
19,Nasdaq Bear Market: 2 Sensational Growth Stocks That Could Set You Up for Life,0.511,0.155,0.845,0.0
20,Taiwan Semiconductor (TSM),0.959,0.068,0.879,0.053
21,Qualcomm and Meta teaming to build future VR headsets,0.988,0.077,0.91,0.014
22,"Lululemon, Broadcom, PagerDuty Rise Premarket; Bed Bath &amp; Beyond Falls",0.906,0.079,0.887,0.034
23,"After selling Nvidia last month, Cathie Wood’s ARK snaps up graphic chipmaker’s stock as it hits 52-week low",-0.494,0.0,0.865,0.135
24,Cathie Wood Trades Tesla Stock for Nvidia After the Chip Maker’s Tough Day,-0.226,0.033,0.885,0.082
25,Cruise control: port cities push back against ships,0.0,0.0,1.0,0.0
26,Dow Jones Futures: Market Rally Gets Reprieve; The Key Metric In Friday's Jobs Report,-0.103,0.0,0.931,0.069
27,Explainer-Biden's curbs on chips to China part of broader effort,0.993,0.123,0.856,0.021
