﻿,Titles,Polarity,Positive,Neutral,Negative
0,"Dow Jones Futures Fall On U.S. Omicron Cases After Market Rallies, DocuSign Dives; Jobs Report On Tap",-0.572,0.0,0.817,0.183
1,"Dow Jones Futures Dip On U.S. Omicron Cases After Market Rallies, DocuSign Dives; Jobs Report On Tap",-0.572,0.0,0.817,0.183
2,3 Stocks That Can Make You Richer in December,0.785,0.105,0.895,0.0
3,"Dow Jones Futures: Market Rallies, But Be Wary; Tesla Rivals Lucid, Rivian, Xpeng, Li Auto Skid; DocuSign, Asana Dive With Jobs Report On Tap",-0.572,0.0,0.783,0.217
4,FTC Sues to Block Nvidia’s $40B Acquisition of Arm,0.66,0.157,0.843,0.0
5,Nvidia Stock: U.S. Antitrust Officials Sue To Halt Nvidia Takeover Of Arm,-0.612,0.0,0.808,0.192
6,US tries to block Nvidia's $40bn Arm takeover,0.665,0.092,0.848,0.061
7,10 Best Fast Growth Stocks to Buy Now,0.999,0.099,0.894,0.007
8,"U.S. sues to block Nvidia merger with Arm, the largest semiconductor deal in history",-0.44,0.0,0.854,0.146
9,UPDATE 2-U.S. FTC sues to block Nvidia deal to buy Arm,0.97,0.093,0.885,0.022
10,"FTC sues Nvidia to block $40B Arm deal, calling it the largest ever semiconductor chip merger",0.977,0.096,0.861,0.043
11,U.S. FTC sues to block Nvidia deal to buy Arm,0.97,0.096,0.881,0.023
12,FTC Sues to Block Nvidia Deal Over Antitrust Issues,-0.128,0.0,0.927,0.073
13,7 Top Companies Reveal Their Plans for Metaverse Mania,1.0,0.128,0.862,0.01
14,FTC Blocks Nvidia Deal Over Antitrust Issues,-0.128,0.0,0.927,0.073
15,3 Tips I Follow During a Downturn in the Market,-0.128,0.0,0.96,0.04
16,Why Nvidia Stock Popped Today,0.572,0.06,0.94,0.0
17,S&amp;P 500 Climbs Back as Bulls Snap Up Oversold Stocks,0.972,0.091,0.861,0.048
18,"NFT craze breathes life into first ETF, investors seek to 'connect and create'",0.996,0.116,0.86,0.024
19,3 Top Stocks to Invest in the Metaverse,0.0,0.0,1.0,0.0
20,Top 10 Stock Picks of Leon Shaulov’s Maplelane Capital,1.0,0.127,0.85,0.024
