﻿,Titles,Polarity,Positive,Neutral,Negative
0,Micron and Chip Stocks Drop but Nvidia Climbs,-0.572,0.0,0.912,0.088
1,Micron and Chip Stocks Drop but Nvidia Climbs,-0.572,0.0,0.912,0.088
2,Why NVIDIA Stock Keeps Moving Higher,0.991,0.148,0.807,0.045
3,10 Best Cryptocurrencies to Invest in According to Reddit,1.0,0.157,0.823,0.02
4,10 Best Cryptocurrencies to Invest in According to Reddit,1.0,0.157,0.823,0.02
5,"Nvidia price target raised to new Street high of $1,000 at BMO Capital Markets",0.807,0.118,0.882,0.0
6,"Nvidia price target raised to new Street high of $1,000 at BMO Capital Markets",0.807,0.118,0.882,0.0
7,Is NVIDIA Headed to $900? 3 Things to Know,0.852,0.104,0.896,0.0
8,Is NVIDIA Headed to $900? 3 Things to Know,0.852,0.104,0.896,0.0
9,"Zacks Market Edge Highlights: Amazon, QQQ, NVIDIA, PayPal, United Rentals and Bookings Holdings",0.999,0.145,0.841,0.014
10,"Zacks Market Edge Highlights: Amazon, QQQ, NVIDIA, PayPal, United Rentals and Bookings Holdings",0.999,0.145,0.841,0.014
11,5 Soaring Tech Growth Stocks to Buy Instead of Bitcoin in 2H21,0.999,0.138,0.85,0.012
12,5 Soaring Tech Growth Stocks to Buy Instead of Bitcoin in 2H21,0.999,0.138,0.85,0.012
13,Stock-Split Watch: Is Target Next?,0.683,0.102,0.848,0.05
14,Stock-Split Watch: Is Target Next?,0.683,0.102,0.848,0.05
15,Buy This Stock Before It Turns Into a Top 5G Play,0.886,0.162,0.838,0.0
16,Buy This Stock Before It Turns Into a Top 5G Play,0.886,0.162,0.838,0.0
17,"Micron (MU) Q3 Earnings Beat Estimates, Q4 Outlook Impressive",0.997,0.1,0.885,0.015
18,"Micron (MU) Q3 Earnings Beat Estimates, Q4 Outlook Impressive",0.997,0.1,0.885,0.015
19,"Nvidia Target at Wall Street High $1,000; BMO Lauds Data-Center Lines",0.459,0.19,0.81,0.0
20,"Nvidia Target at Wall Street High $1,000; BMO Lauds Data-Center Lines",0.459,0.19,0.81,0.0
