﻿,Titles,Polarity,Positive,Neutral,Negative
0,Nvidia: Crypto Pullback Will Be Offset by Gaming Demand,0.988,0.095,0.873,0.031
1,10 Biggest Cryptocurrency Predictions in 2021,0.999,0.121,0.843,0.036
2,Shareholders Approve NVIDIA Stock Split. Here's What Happens Next,0.926,0.21,0.79,0.0
3,Qualcomm CEO-Elect: We're just at the beginning of our 5G innovation,1.0,0.132,0.85,0.018
4,"DOJ seizes millions in Bitcoin ransom, Nvidia eyes Arm takeover pending approval, Bruce Springsteen’s Broadway return",0.813,0.03,0.97,0.0
5,"DOJ seizes millions in Bitcoin ransom, Nvidia eyes Arm takeover pending approval, Bruce Springsteen’s Broadway return",0.813,0.03,0.97,0.0
6,President Biden's plan will fix supply chains: Jared Bernstein,0.999,0.11,0.85,0.04
7,President Biden's plan will fix supply chains: Jared Bernstein,0.999,0.11,0.85,0.04
8,1 Artificial Intelligence Stock That Could Crush the Market,0.094,0.031,0.969,0.0
9,Is First Trust Rising Dividend Achievers ETF (RDVY) a Strong ETF Right Now?,0.998,0.146,0.837,0.017
10,Nvidia Slips As Report Says Arm Buyout May Take Time,0.751,0.044,0.956,0.0
11,UPDATE 1-Nvidia asks Chinese regulators to approve $40 billion Arm deal - FT,0.318,0.025,0.963,0.012
12,SoftBank Seeks $7.5 Billion Loan Secured by Future Arm Proceeds,0.958,0.087,0.908,0.005
13,Nvidia asks Chinese regulators to approve $40 billion Arm deal - FT,0.318,0.027,0.961,0.012
14,"Nvidia, Biogen and Tesla - 5 Things You Must Know Tuesday",0.477,0.097,0.903,0.0
15,Nvidia asks Chinese regulators to approve $40bn Arm deal,0.827,0.126,0.874,0.0
