﻿,Titles,Polarity,Positive,Neutral,Negative
0,"Why Amazon, Nvidia, and Salesforce Stocks Popped Today",0.945,0.228,0.772,0.0
1,"Why Former Veteran NYSE Floor Trader Bought Shares of NVIDIA, Alibaba and Facebook on Monday",0.969,0.069,0.915,0.016
2,"Dow Jones Futures: Stock Market Rally Boosted By Pfizer Covid-19 Vaccine FDA Approval, But Fed Summit Looms",0.7,0.244,0.756,0.0
3,Why Nvidia Shares Are Rising Today,0.896,0.089,0.898,0.013
4,Dow Jones Up 273 Points While Nasdaq Leads Upside As Two Chip Stocks Score Breakouts,0.34,0.098,0.902,0.0
5,Top Tech Stocks for September 2021,0.848,0.397,0.603,0.0
6,"Dow Jones Rallies While S&amp;P 500, Nasdaq Hit New Highs; Chip Stocks Surge",0.34,0.094,0.906,0.0
7,"Dow Jones Rallies, S&amp;P 500 Hits New High As Chip Stocks Soar, Covid-19 Vaccine Gets Full Approval",0.34,0.094,0.906,0.0
8,NVIDIA Stock Through The Lens Of Big Money,0.996,0.142,0.818,0.039
9,Nvidia Stock Hits Record on Post-Earnings Surge,0.772,0.136,0.864,0.0
10,Dow Jones Rallies As Pfizer Covid-19 Vaccine Gets Full FDA Approval; Tesla Races Higher,0.0,0.0,1.0,0.0
11,This Is Why Microsoft and Nvidia Were Up on Friday,0.671,0.094,0.906,0.0
12,"Semiconductors ‘under appreciated’, good long-term investment: expert",0.0,0.0,1.0,0.0
13,Nvidia (NVDA) is a Top-Ranked Momentum Stock: Should You Buy?,1.0,0.202,0.791,0.008
14,Why This 1 Computer and Technology Stock Could Be a Great Addition to Your Portfolio,0.998,0.126,0.874,0.0
15,"5G Stocks To Buy And Watch: Anticipation Builds for Apple IPhone 13s, T-Mobile Marketing Push",0.778,0.245,0.755,0.0
16,"Pfizer, Alibaba, Nvidia, Moderna, Palantir — Stocks Buzzing On WallStreetBets Heading Into New Week",0.989,0.118,0.863,0.019
17,"Dow Jones Futures Rise: Does Market Rally Pass Your Ultimate Test? Apple, Facebook, Nvidia Near Buy Points",-0.402,0.0,0.876,0.124
18,Wall Street Opens Higher on Hopes of Later Tapering; Dow up 190 Pts,0.973,0.092,0.859,0.049
19,Nvidia: Taking Another Look at Its Bullish Charts,-0.477,0.0,0.918,0.082
20,"Henri, Fiscal and Monetary Uncertainty, Vaccine Update, Trading Nvidia and AMD",0.0,0.0,1.0,0.0
