﻿,Titles,Polarity,Positive,Neutral,Negative
0,10 Trending Stocks to Watch on Monday,0.998,0.094,0.867,0.039
1,"Markets: ‘I am very concerned’ rally won’t persist long term, financial advisor says",0.0,0.0,1.0,0.0
2,Nvidia: Why Investors Should Temper Expectations Ahead of Earnings,0.984,0.08,0.904,0.016
3,Nvidia Q1 Preview: Another EPS Beat in Store?,1.0,0.174,0.801,0.025
4,AMD Stock Chart: Can It Get a Boost From Nvidia's Earnings Report?,-0.238,0.0,0.866,0.134
5,Why Nvidia Stock Moved Lower on Monday,-0.848,0.021,0.824,0.155
6,3 Top AI Stocks Ready for Bull Runs,0.851,0.243,0.757,0.0
7,Is Nvidia a Buy or a Sell Before Earnings?,0.0,0.0,1.0,0.0
8,Ray Dalio is Buying These 10 Stocks in 2022,1.0,0.128,0.846,0.026
9,"Chip shortage is ‘halfway through,’ Intel CEO says",1.0,0.162,0.811,0.027
10,Nvidia Stock Before Earnings: Buy or Sell?,0.785,0.151,0.796,0.054
11,VMware (VMW) to Report Q1 Earnings: What's in the Cards?,0.996,0.122,0.874,0.004
12,"Nvidia Slows Down Hiring, the Latest Tech Company to Cut Back",0.0,0.0,1.0,0.0
13,Nvidia Earnings: What to Watch on Wednesday After the Market Close,0.0,0.0,1.0,0.0
14,What's in the Offing for NVIDIA (NVDA) This Earnings Season?,0.998,0.122,0.866,0.011
15,7 Large-Cap Stocks to Buy Right Now,0.99,0.088,0.847,0.065
16,Best Buy Kicks Off Heavy Week of Retail Earnings,0.998,0.143,0.792,0.064
17,"Nvidia, Macy’s, Zoom, Costco, Snowflake, and Other Stocks to Watch This Week",0.637,0.139,0.861,0.0
