﻿,Titles,Polarity,Positive,Neutral,Negative
0,"Stocks moving in after hours: Meta, Nvidia, Apple, Toll Brothers, Lennar, KB Home, Paramount",0.0,0.0,1.0,0.0
1,These five stocks in the S&amp;P 500 lost almost half a trillion dollars in value in one day amid widespread wipeout,-0.735,0.04,0.81,0.15
2,"Dow Jones Futures: Stocks Dive On Call For Biggest Fed Rate Hike In 40 Years; Apple, Tesla Tumble",0.0,0.0,1.0,0.0
3,Why tech stocks may continue to get pummeled,0.966,0.088,0.87,0.042
4,"Why Nvidia, Amazon, and Apple Stocks All Slumped Tuesday Morning",0.288,0.073,0.867,0.06
5,Cathie Wood Goes Bargain Hunting: 3 Stocks She Just Bought,0.34,0.045,0.955,0.0
6,Nvidia Stock Is Down 57% -- Should You Buy Right Now?,-0.25,0.047,0.884,0.069
7,"How AMAT, KLAC, LRCX, and AMD may be Impacted by Future Licensing Requirements for China",0.998,0.094,0.859,0.048
8,Chip tech startup SiFive launches products aimed at automotive market,0.92,0.068,0.921,0.011
9,Chip tech startup SiFive launches products aimed at automotive market,0.92,0.068,0.921,0.011
10,"Ethereum’s Merge Is Nearing. What It Means for Coinbase, Nvidia, and Other Stocks.",0.0,0.0,1.0,0.0
11,Intel Slashes Valuation Of Mobileye IPO As Chipmakers Cut Outlook Citing Uncertain Macro Environment,0.969,0.131,0.808,0.061
12,Prediction: 3 Growth Stocks That Could Be Worth $1 Trillion by 2030,0.785,0.113,0.887,0.0
