﻿,Titles,Polarity,Positive,Neutral,Negative
0,"UPDATE 1-Intel to build Qualcomm chips, aims to catch foundry rivals by 2025",0.968,0.062,0.914,0.024
1,"Intel to build Qualcomm chips, aims to catch foundry rivals by 2025",0.957,0.06,0.915,0.025
2,Why Nvidia Stock Just Dropped,-0.064,0.032,0.932,0.037
3,AMD Gears Up for Q2 Earnings: Semi-Custom &amp; EPYC in Focus,0.997,0.172,0.808,0.019
4,"Arm faces decline and cuts without $40bn Nvidia deal, watchdogs told",0.858,0.082,0.851,0.067
5,"Dow Jones Futures Fall: Market Rally At Highs As Apple Earnings Loom; China Stocks Dive, Bitcoin Spikes, Here Comes Tesla",0.0,0.0,1.0,0.0
6,Dow Jones Futures Fall: Stock Market Rally At Highs With Apple Earnings Due; Here Comes Tesla,0.0,0.0,1.0,0.0
7,10 Most-Shorted Stocks Reddit’s WallStreetBets Is Paying Attention To,0.998,0.07,0.909,0.022
