﻿,Titles,Polarity,Positive,Neutral,Negative
0,Hedge Funds Have Never Been This Bullish On Berkshire Hathaway (BRK.B),0.998,0.091,0.892,0.017
1,Epic Won a Small Battle With Apple. Which Tech Giant Will Come Under Fire Next?,0.153,0.08,0.866,0.054
2,Alibaba Group Holding Limited (BABA): Are Hedge Funds Right About This Stock?,0.997,0.101,0.868,0.032
3,"Dow Jones Futures: Market Rally Fizzles, But Nvidia, Snap Near Buy Points; Adobe, FedEx, Stitch Fix Earnings Late With China, Fed Meeting In Focus",0.494,0.212,0.721,0.068
4,Hedge Funds Have Never Been This Bullish On Mastercard Incorporated (MA),0.998,0.109,0.876,0.015
5,Top Tech Stocks for October 2021,0.848,0.397,0.603,0.0
6,Investing In Stocks: 3 Steps To Say Protected And Profitable In Troubled Market,0.64,0.33,0.543,0.127
7,Investing In Stocks: 3 Steps To Say Protected And Profitable In Troubled Market,0.64,0.33,0.543,0.127
8,12 Best Big Tech Stocks to Buy Right Now,0.999,0.085,0.901,0.014
9,Nvidia Bounces After Sell Signal,0.649,0.115,0.832,0.053
10,"Uber raises guidance, Lennar dips amid supply shortage, Nvidia stock caught in Evergrande fears",-0.019,0.085,0.846,0.069
11,"Dow Jones Jumps 300 Points After Market Sell-Off; Apple, Tesla Bounce",0.0,0.0,1.0,0.0
12,Turtle Beach (HEAR) Unit Spurs Gaming With NVIDIA Reflex Integration,0.998,0.169,0.821,0.009
13,Dow Jones Rallies 150 Points After Market Sell-Off; 4 Tech Giants Bounce,0.0,0.0,1.0,0.0
14,3 Top Artificial Intelligence Stocks to Buy in September,0.63,0.097,0.862,0.041
15,This Catalyst Could Give Nvidia Stock a Big Boost,0.965,0.209,0.778,0.013
16,"Lands' End, JOANN, NVIDIA, Microsoft and Applied Materials highlighted as Zacks Bull and Bear of the Day",1.0,0.13,0.845,0.025
17,Dow Jones Futures Rebound After Market Sell-Off; 4 Tech Giants Bounce,0.0,0.0,1.0,0.0
18,Dow Jones Futures Rebound After Stock Market Sells Off On China Property Default Fears; These 4 Top Growth Stocks Tumbled,-0.422,0.0,0.882,0.118
19,How Does Bitcoin Mining Work? What Is Crypto Mining?,-0.45,0.0,0.902,0.098
20,3 Unstoppable Growth Stocks to Invest $500 in Right Now,0.265,0.053,0.947,0.0
21,Dow Jones Futures Rise After Stock Market Sells Off On China Property Default Fears; These 4 Top Growth Stocks Tumbled,-0.422,0.0,0.882,0.118
