﻿,Titles,Polarity,Positive,Neutral,Negative
0,Markets check: Stocks extend losses as Dow eyes worst day of 2022,-0.71,0.0,0.796,0.204
1,10 Bitcoin Mining Stocks to Buy Now,1.0,0.118,0.873,0.009
2,Nvidia Stock Showed Market Leadership With Jump To 80 RS Rating,0.772,0.125,0.875,0.0
3,"Oil extends losses, health care stocks lag, pandemic stocks plunge",0.0,0.0,1.0,0.0
4,10 Cryptocurrencies Millennials are Buying for Retirement,1.0,0.143,0.84,0.017
5,SoftBank Wants Controlling Stake In Arm Post IPO - Read Why,0.987,0.171,0.817,0.012
6,Price Targets Were Just Cut in These 2 Stocks -- Is It Time to Sell?,0.572,0.075,0.925,0.0
7,Will Nvidia Be a Trillion-Dollar Stock by 2025?,0.0,0.0,1.0,0.0
8,3 Growth Stocks Wall Street Thinks Could Gain 60% or More,0.0,0.0,1.0,0.0
