﻿,Titles,Polarity,Positive,Neutral,Negative
0,"Why Are Qualcomm, Micron, and AMD Stocks Falling?",0.92,0.185,0.771,0.044
1,"WTI crude oil hits 14-year-high, Meta shares continue to slide",0.077,0.06,0.888,0.052
2,"Semiconductor Watchlist: Nvidia, Broadcom, Panasonic",-0.593,0.0,0.93,0.07
3,"Seeing More Spam, Phishing or Malware? Ask Nvidia and Samsung",-0.706,0.0,0.935,0.065
4,"Sector Wars: Tesla Stock Tumbles As Two Leaders Rise, One Gets Sold Into Strength",0.226,0.131,0.776,0.094
5,Why Nvidia Stock Tanked Today,0.889,0.127,0.873,0.0
6,Why Cybersecurity Stocks Are Soaring,0.997,0.112,0.813,0.076
7,10 Tech Stock Picks of Billionaire Mario Gabelli,1.0,0.129,0.852,0.019
8,Buying These 3 Robinhood Stocks Could Be the Smartest Investing Move You Ever Make,0.226,0.142,0.774,0.084
9,5 Dividend Growth Stocks for Safe and Consistent Income,1.0,0.198,0.795,0.007
10,NVIDIA (NASDAQ:NVDA) Is Aiming To Keep Up Its Impressive Returns,0.996,0.123,0.841,0.036
