﻿,Titles,Polarity,Positive,Neutral,Negative
0,Market check: Stocks accelerate losses into the close,-0.402,0.0,0.886,0.114
1,Why Nvidia Stock Is Falling Today,-0.485,0.038,0.896,0.066
2,Nvidia Is Down 37% in 2022: Is It Time to Buy?,-0.7,0.036,0.855,0.109
3,Big Tech Are Falling Titans,-0.637,0.096,0.82,0.084
4,RiverPark Funds on NVIDIA (NVDA): “We Expect Future Growth to Remain Robust”,0.995,0.121,0.867,0.012
5,"Intel reports earnings beat, stock slumps on weak guidance",0.0,0.0,1.0,0.0
6,2 Top Growth Stocks to Buy Now and Hold Through Any Market Crash,0.214,0.103,0.791,0.106
7,$350 Price Target for Nvidia Stock Is Ambitious But Possible,0.999,0.167,0.778,0.055
8,Apple unnerves investors with '$4 billion to $8 billion' guidance,0.928,0.062,0.909,0.029
