﻿,Titles,Polarity,Positive,Neutral,Negative
0,Nvidia (NVDA) Stock Sinks As Market Gains: What You Should Know,0.99,0.094,0.903,0.003
1,"Raymond James Analyst Says Forget Intel, Buy NVIDIA and AMD Instead",0.511,0.11,0.823,0.068
2,"Stock Market Rally Keeps Rising As Treasury Yields Fall Despite Strong Earnings, Economic Data; Goldman, Nvidia, Coinbase In Focus",0.511,0.155,0.845,0.0
3,Top Ranked Momentum Stocks to Buy for April 16th,0.998,0.151,0.849,0.0
4,How High Can Nvidia Go From Here?,0.422,0.089,0.855,0.056
5,Looking for Computer and Technology Stocks? The Zacks Rank Can Help You Find Winners,0.998,0.137,0.851,0.012
6,Dow Jones Futures Rise As Treasury Yields Rebound Fades After Stock Market Rally; 3 Giants Flash Buy Signals,0.361,0.171,0.829,0.0
7,NVIDIA Goes After Intel's Most Lucrative Business,-0.477,0.046,0.873,0.081
8,"The Zacks Analyst Blog Highlights: Intel, Micron, Analog Devices, Texas Instruments and NVIDIA",0.992,0.099,0.837,0.064
9,"Dow Jones Futures Rise, Techs Fall As Treasury Yields Rebound After Stock Market Rally; 3 Giants Flash Buy Signals",0.361,0.171,0.829,0.0
