﻿,Titles,Polarity,Positive,Neutral,Negative
0,"Dow Jones Futures: Market Woes No Longer In Hiding, Nvidia, Roku, Tesla, ASML Hit; What To Do In Cruel Summer Rally",-0.586,0.0,0.833,0.167
1,Why Nvidia Stock Short-Circuited Today,0.612,0.146,0.819,0.035
2,Why Nvidia Stock Climbed 53% in the First Half of 2021,0.715,0.299,0.701,0.0
3,15 Best Jim Cramer Stocks to Buy Now,1.0,0.124,0.843,0.033
4,Advanced Micro Devices Remains a Great Buy-the-Dip Move,0.999,0.17,0.763,0.067
5,Nvidia Begins To Falter,0.273,0.073,0.885,0.041
6,Does Newegg's Stock Price Match Its Prospects?,0.859,0.17,0.803,0.027
7,10 Best Dividend Stocks to Buy According to Frank Fu’s CaaS Capital,1.0,0.107,0.876,0.017
8,"Stock Market News for Jul 16, 2021",0.989,0.084,0.876,0.04
9,3 Top Stocks to Buy if the Market Crashes,0.62,0.2,0.664,0.136
10,"Dow Jones Futures Rise After Apple, Microsoft, Nvidia Add To Market Rally Weakness; Elon Musk Says This About Tesla Cybertruck",-0.422,0.0,0.877,0.123
11,Intel Gains On Report It Is In Talks To Buy GlobalFoundries For $30 Billion,0.947,0.095,0.878,0.027
12,Intel wants to buy AMD’s old chip-making business? How weird are semiconductor mergers going to get?,0.153,0.082,0.823,0.095
