﻿,Titles,Polarity,Positive,Neutral,Negative
0,"Golden Green, Inc. Buys Xilinx Inc, Pfizer Inc, NVIDIA Corp, Sells Moderna Inc, Novavax Inc, ...",0.99,0.047,0.945,0.008
1,"Aaron Wealth Advisors LLC Buys Walmart Inc, Global X Silver Miners ETF, NVIDIA Corp, Sells ...",0.999,0.107,0.888,0.005
2,"Stocks close lower after tough week on Wall Street, bitcoin price falls below $39,000",-0.402,0.0,0.909,0.091
3,Intel's $20 billion Ohio plant won't end the chip shortage overnight,0.316,0.067,0.868,0.065
4,"Chips may be sold out for 2022 thanks to shortage, but investors are worried about the end of the party",0.422,0.088,0.844,0.068
5,"Chip Stocks: Why NVDA, AMAT, AMD and MU Are Moving Lower Today",0.955,0.085,0.884,0.031
6,Why Intel’s new plant won’t end the chip shortage overnight,-0.459,0.0,0.857,0.143
7,Billionaire Izzy Englander is Selling These 10 Stocks,0.998,0.096,0.893,0.012
8,Here's Why Northland Sees Huge Upside In Luminar Tech,0.743,0.087,0.856,0.057
9,Why Nvidia Stock Fell on Friday,-0.128,0.038,0.904,0.058
10,"Intel to invest $20B in Ohio chip facility; Petsmart, KKR eye SPAC deal; Adele postpones Las Vegas residency",-0.128,0.0,0.955,0.045
11,Best Semiconductor Stocks to Invest in for 2022 (Part 2 of 2),0.586,0.136,0.814,0.05
12,Concord Wealth Partners Buys Schwab Intermediate-Term U.S. ...,0.999,0.081,0.911,0.008
13,"Arbor Investment Advisors, LLC Buys JPMorgan Ultra-Short Income ETF, iShares Core U.S. ...",0.995,0.062,0.931,0.006
14,"Telos Capital Management, Inc. Buys Illumina Inc, United Parcel Service Inc, Newell Brands Inc, ...",0.995,0.059,0.937,0.004
15,Nvidia Stock Looks Ready to Resume Its Rally After a Punishing Pullback,0.984,0.085,0.865,0.05
16,3 Growth Stocks That Are Screaming Buys in January,0.417,0.225,0.775,0.0
17,3 Hot Stocks That Can Live Up to Their Lofty Valuations,0.0,0.0,1.0,0.0
18,"The Zacks Analyst Blog Highlights: NVIDIA Corporation, Chevron Corporation, and Accenture plc",0.998,0.121,0.852,0.027
