﻿,Titles,Polarity,Positive,Neutral,Negative
0,Shopping for a Solid Stock? Consider Walmart.,0.681,0.196,0.804,0.0
1,Why These 2 Tech Stock Giants Made Very Different Moves Friday,0.718,0.111,0.889,0.0
2,"Intel Has Made Some Bold Moves. It Still Has a Long Way to Go, Analyst Says.",0.103,0.042,0.958,0.0
3,"Dow Jones Futures: Market Rally Rebounds Bullishly But Does It Pass Your Test? Apple, Facebook, Nvidia, Snap Near Buy Points",-0.402,0.0,0.876,0.124
4,3 Hypergrowth Stocks in Fallen Angel Industries,0.999,0.118,0.845,0.038
5,Dow Jones Surges From Key Level As Microsoft Fizzes Higher On This; Tesla AI Day Gains Fade,0.34,0.094,0.906,0.0
6,Dow Jones Rallies As Microsoft Surges On Subscription Hike; Tesla's AI Day Gains Fade,0.0,0.0,1.0,0.0
7,Dow Jones Rises While Nasdaq Leads Upside As Tech Stocks Outperform,0.34,0.103,0.897,0.0
8,U.K. Regulator Calls for Probe of Nvidia’s $40 Billion Deal to Buy Chip Designer Arm,-0.494,0.077,0.714,0.208
9,"S&amp;P 500 Ends Higher as Tech Reigns Supreme, but Snaps Weekly Win Streak",0.824,0.079,0.877,0.044
10,Dow Jones Rallies As Microsoft Hits New High; Nvidia Among Growth Stocks Near Buy Point,0.0,0.0,1.0,0.0
11,Imagination founder backs listing for Arm,0.937,0.103,0.846,0.05
12,"Market Rally Finds Support Amid Fed Taper Talk; Nvidia, Cisco, Target Earnings In Focus, Tesla AI Day Touts 'Tesla Bot': Weekly Review",0.71,0.27,0.632,0.098
13,8 Semiconductor Stocks to Watch as Google Makes Its Own Chips,0.999,0.103,0.876,0.02
14,"Johnson &amp; Johnson’s new leadership, OnlyFans to ban sexually explicit content, Topps SPAC Merger collapses",0.0,0.0,1.0,0.0
15,"Dow Jones Rallies As Tesla Races Higher After AI Day; Mercado Libre, Nvidia Near Buy Points",0.0,0.0,1.0,0.0
16,Why Nvidia Stock Is Hopping Today,0.875,0.147,0.853,0.0
17,Nvidia vs. AMD -- the New Oil? Which Stock Should You Buy?,0.785,0.346,0.576,0.078
18,Britain's Concern Over Nvidia-Arm Deal Poses Double Trouble For Nvidia - Read Why?,-0.738,0.036,0.89,0.074
19,"FootLocker, Deere Become Latest Major Companies To Impress With Earnings Results",0.979,0.074,0.866,0.06
20,Buy the pullback in chip stocks — and focus on these 6 companies for the long haul,0.0,0.0,1.0,0.0
21,$40bn Arm sale faces competition probe,0.985,0.121,0.825,0.053
22,$40bn Arm sale faces competition probe,0.963,0.103,0.847,0.05
23,Nvidia Delivered But Its Crypto Product Fell Short,0.979,0.064,0.914,0.022
24,"Nvidia’s Arm Deal Needs In-Depth U.K. Probe, Regulators Say",0.962,0.09,0.869,0.041
25,Artificial Intelligence Stocks To Buy And Watch: Tesla Touts AI Capabilities Beyond Electric Vehicles,0.927,0.362,0.638,0.0
26,UPDATE 2-Nvidia's $40 bln deal for ARM likely set for lengthy review,0.858,0.094,0.858,0.048
27,Nvidia's $40 billion deal for ARM likely set for lengthy review,0.858,0.099,0.851,0.051
28,Nvidia's $40 bln deal for ARM likely set for lengthy review,-0.09,0.025,0.956,0.019
29,"Apple, Microsoft Lead As This Top Sector Play Sets Up New Buy Point",0.34,0.107,0.893,0.0
30,Nvidia Gains as Pelosi News Outweighs U.K. Antitrust Warning on ARM Deal,0.972,0.099,0.866,0.035
31,Dow Jones Futures Signal Further Market Rally Losses; Elon Musk Teases Humanoid Tesla Bot,-0.422,0.0,0.865,0.135
32,Nvidia Stock Gains as U.K. Competition Watchdog Calls for Arm Takeover Probe,-0.153,0.064,0.854,0.082
33,"Dow Jones Futures: Tesla AI Day Touts Self-Driving, 'Tesla Bot'; Nvidia, Microsoft, Adobe Lead But Market Rally Narrows",-0.077,0.0,0.936,0.064
