﻿,Titles,Polarity,Positive,Neutral,Negative
0,"Moors &amp; Cabot, Inc. Buys NVIDIA Corp, Nike Inc, Procter &amp; Gamble Co, Sells Splunk Inc, ...",0.997,0.049,0.944,0.007
1,Can Microsoft (MSFT) Become a $3 Trillion Company?,0.382,0.115,0.885,0.0
2,GameStop Plunges as Liquidity Squeeze Crushes Meme Assets,0.997,0.128,0.827,0.046
3,5 Tech Stocks That Led the Nasdaq ETF Rally,0.998,0.135,0.836,0.029
4,2 Unstoppable Growth Stocks You Can Buy and Forget About,0.644,0.092,0.884,0.024
5,Why Nvidia Stock Slipped Lower Today,0.923,0.159,0.823,0.018
6,Nvidia (NVDA) Just Reclaimed the 20-Day Moving Average,0.992,0.178,0.808,0.013
7,"Intel Remains a Hold After Mobileye IPO News, but Some Peers Look Good",0.999,0.125,0.857,0.017
8,Is Nvidia Stock a Buy Now?,0.677,0.141,0.81,0.049
9,Public Companies Were Buzzing Over This Potential Trillion-Dollar Trend in Q3,-0.318,0.05,0.886,0.064
10,"Dow Jones Futures Rise On Omicron Vaccine News; Google, Microsoft In Buy Range, Tesla China Sales Strong",0.0,0.0,1.0,0.0
