﻿,Titles,Polarity,Positive,Neutral,Negative
0,Dow Jones Futures: Market Rally Nearing Lows On Ukraine Invasion Fears; 5 Stocks That Don't Suck,-0.787,0.055,0.642,0.303
1,Intel’s ‘absurdly bullish’ long-term forecast sends stock to lowest point since 2020,-0.364,0.088,0.767,0.145
2,3 Discounted Microchip Stocks to Buy Now,0.997,0.128,0.845,0.027
3,Metaverse Earnings: Results Are In From Roblox &amp; Matterport,0.999,0.098,0.882,0.02
4,Weekend reads: Why stocks are falling after companies report excellent results,-0.66,0.0,0.916,0.084
5,Stock Market Rally Weakens On Russia Invasion Fears: Weekly Review,0.202,0.2,0.63,0.17
6,Nvidia Isn't Just Playing Games Anymore,0.791,0.129,0.871,0.0
7,The Best Bargains in Megacap Tech Now,0.402,0.119,0.881,0.0
8,"The Zacks Analyst Blog Highlights: NVIDIA, Walmart, Dropbox, Shake Shack and Roku",0.995,0.105,0.845,0.05
9,3 Lidar Stocks to Buy as Amazon Bet Shines Light on Autonomous Vehicles,0.993,0.069,0.907,0.024
10,My Take: Why Nvidia Investors Should Be Excited,-0.735,0.046,0.775,0.179
11,"Russian Nuke Drills, ECB Hawks, Deere Earnings - What's Moving Markets",0.656,0.104,0.801,0.095
12,Dow Jones Futures Rise On U.S.-Russia Meeting After Market Rally Flashes Bearish Signal,-0.718,0.0,0.739,0.261
13,Intel provides full-year outlook above Wall Street estimates,0.361,0.094,0.906,0.0
