﻿,Titles,Polarity,Positive,Neutral,Negative
0,Weekly Roundup,0.625,0.203,0.797,0.0
1,"Nvidia, Tesla, Disney: Stocks That Defined the Week",-0.572,0.055,0.765,0.179
2,"Stock Market Caps Bullish Week With More Gains; Tech Stocks To Watch Include Apple, Nvidia, Onsemi",0.361,0.102,0.898,0.0
3,Don’t Give Up on the Chip Makers. These 9 Stocks Look Cheap.,0.739,0.321,0.613,0.065
4,Stock Market Today: Dow in 4th Weekly Win as Chip Helps Tech Shine,0.532,0.091,0.826,0.083
5,S&amp;P 500 Gains as Chip Stocks Lead Tech Higher,-0.415,0.079,0.841,0.08
6,"Stock Market Rally Rises On Inflation Data; Nvidia, Micron, Tesla, Disney In Focus: Weekly Review",-0.296,0.0,0.901,0.099
7,"Got $5,000? These Are 2 of the Best Growth Stocks to Buy Right Now",0.599,0.109,0.891,0.0
8,Video Game Stocks Pressured by Real-Life's Return from Pandemic,0.989,0.12,0.829,0.051
9,10 Biggest Digital Currencies in the World,1.0,0.129,0.834,0.037
10,2 Top Metaverse Stocks Ready for a Bull Run,0.676,0.074,0.908,0.017
11,Nvidia Stock Is Down 48% -- Is It Time to Buy?,0.721,0.369,0.631,0.0
