﻿,Titles,Polarity,Positive,Neutral,Negative
0,4 Overvalued Stocks to Sell in This Bear Market,0.991,0.086,0.883,0.031
1,Nvidia (NVDA) Stock Sinks As Market Gains: What You Should Know,0.984,0.081,0.901,0.018
2,"KeyBanc Sees Steady Cloud Growth Resuming Led By Intel; Nvidia, AMD",0.983,0.152,0.817,0.032
3,Crypto Crash May Spell Trouble for Graphics Card Makers,0.0,0.0,1.0,0.0
4,3 Must-Have Chip Stocks to Buy for Q3,0.998,0.132,0.801,0.067
5,Will Nvidia Be a Trillion-Dollar Stock by 2027?,0.886,0.176,0.824,0.0
6,It’s Not All Fun and Games Anymore With GameStop Stock,0.997,0.135,0.803,0.062
