﻿,Titles,Polarity,Positive,Neutral,Negative
0,Which Companies Are Investing in the Metaverse? 7 Stocks to Watch.,1.0,0.125,0.846,0.028
1,"Top Stock Picks for Week of March 28, 2022",0.997,0.225,0.763,0.011
2,20 High-Volatility Stocks for the Market's Next Swing,0.999,0.111,0.856,0.032
3,"Semiconductor Watchlist: Broadcom, Nvidia, Skyworks",-0.778,0.0,0.874,0.126
4,The Best Metaverse Stocks to Consider Buying Now,0.34,0.146,0.854,0.0
5,Nvidia is the most important tech company on planet: analyst,0.961,0.048,0.949,0.002
6,"Market check: Tech stocks gain, AMC stock rises, oil retreats",0.0,0.0,1.0,0.0
7,Is It Too Late to Buy Nvidia Stock?,0.649,0.101,0.854,0.045
8,2 Semiconductor Growth Stocks to Buy Now and Hold Forever,0.612,0.278,0.722,0.0
9,"Dow Jones Futures Rise, Oil Prices Tumble; Tesla Jumps On Stock Split Plan",0.285,0.102,0.898,0.0
10,Nvidia CEO Jensen Huang lays out the battle plan with a two-pronged hardware-and-software approach,0.0,0.0,1.0,0.0
11,Dow Jones Futures Point To Slim Market Rally; Tesla Jumps On Stock Split Plan,0.285,0.102,0.898,0.0
12,Is Nvidia's Autonomous-Car Project Just a Pipe Dream?,-0.511,0.0,0.82,0.18
