﻿,Titles,Polarity,Positive,Neutral,Negative
0,NVIDIA Announces Upcoming Event for Financial Community,0.952,0.095,0.905,0.0
1,NVIDIA Announces Upcoming Event for Financial Community,0.952,0.092,0.908,0.0
2,"Dow Jones Futures: Dow Hits High; Tesla, Meta, 'Lone Wolf' Datadog Are Resistance Fighters",-0.361,0.0,0.872,0.128
3,Why Nvidia Stock Stumbled Today,-0.542,0.0,0.95,0.05
4,These are tech’s 10 megatrends for 2022 — and the stocks to buy,0.928,0.2,0.768,0.032
5,3 Blockchain Stocks Poised for Big Returns in 2022,0.998,0.167,0.814,0.019
6,"Stock Market News for Dec 29, 2021",0.995,0.125,0.838,0.036
7,The Best Tech Stocks of 2021—#1 Is a Highflying Security Company,0.0,0.0,1.0,0.0
8,7 Growth Stocks That Analysts Are Loving Right Now,1.0,0.129,0.849,0.022
9,Stock Market Crash Coming? 7 Wall Street Pros Make Their Predictions,0.999,0.116,0.847,0.037
