﻿,Titles,Polarity,Positive,Neutral,Negative
0,AMD Acquires Pensando: Is It a Perfect Match?,0.998,0.117,0.861,0.022
1,Why Semiconductor Stocks Got Clobbered Today,0.296,0.121,0.879,0.0
2,"Dow Jones Futures: Federal Reserve Fears Continue To Strain Market Rally; Tesla, Nvidia, Apple In Focus",-0.422,0.0,0.865,0.135
3,"Dow Jones Falls 300 Points After Fed Minutes; Nasdaq Sell-Off Hits Nvidia, Tesla Hard",-0.202,0.0,0.921,0.079
4,"Dow Jones Holds Up Amid Health Care Strength; Nasdaq Sell-Off Hits Nvidia, Tesla Hard",-0.013,0.067,0.864,0.069
5,How Many Times Can We Buy AMD Stock At $100?,0.25,0.04,0.96,0.0
6,Why Nvidia Stock Is Falling Again Today,0.439,0.162,0.838,0.0
7,Stock Market Today: Dow Falls as Hawkish Fed Minutes Keep Tech Sidelined,0.727,0.065,0.885,0.05
8,"Nvidia: Trillion-Dollar Hopes Attainable, but Not So Soon",0.999,0.18,0.776,0.044
9,S&amp;P 500 Slips as Tech Stumbles as Fed Minutes Hint at Step Up in Tightening,0.137,0.062,0.876,0.061
10,Chip Stocks are Leveling Off and NVIDIA (NASDAQ:NVDA) is Highly Exposed,0.988,0.082,0.872,0.046
11,Vinco Ventures Stock May Still Be a $4.50 Meme Stock,0.995,0.136,0.787,0.077
12,7 Chip Stocks Keeping the Tech Sector Running,0.999,0.109,0.853,0.039
13,Soaring Demand Continues to Drive Semiconductor Sales: 5 Picks,0.998,0.115,0.852,0.033
14,Qualcomm's Autonomous Vehicle Segment Just Got a Big Boost,0.637,0.066,0.934,0.0
15,"Down on the Year, AMD Stock Remains a Best-in-Class Semiconductor Pick",0.998,0.118,0.846,0.036
16,"Wall Street Opens Lower, Hurt by Rising Bond Yields; Dow Down 280 Pts",-0.854,0.043,0.892,0.065
