﻿,Titles,Polarity,Positive,Neutral,Negative
0,"SoftBank Settles Dispute on WeWork Stake, Setting Stage for Potential Listing",0.557,0.217,0.699,0.085
1,7 Robinhood Stocks to Buy As the Trading Platform Expands,1.0,0.12,0.855,0.024
2,7 Robinhood Stocks to Buy As the Trading Platform Expands,1.0,0.12,0.855,0.024
3,What Will Drive Apple Stock in 2021?,1.0,0.111,0.858,0.03
4,What Will Drive Apple Stock in 2021?,1.0,0.111,0.858,0.03
5,"Dow Jones Futures: Market Rally Breaks Support As Treasury Yields Soar; Nvidia, Teladoc, Tesla Flash Sell Signals",0.178,0.202,0.673,0.126
6,"Dow Jones Futures: Market Rally Breaks Support As Treasury Yields Soar; Nvidia, Teladoc, Tesla Flash Sell Signals",0.178,0.202,0.673,0.126
