﻿,Titles,Polarity,Positive,Neutral,Negative
0,There's a 'direct correlation' between the chip shortage and inflation: Commerce Secretary,-0.25,0.0,0.9,0.1
1,"Rfg Holdings, Inc. Buys Invesco S&amp;P 500 Pure Growth ETF, Invesco S&amp;P 500 Top 50 ETF, ...",0.995,0.096,0.898,0.006
2,Block (SQ) to Boost Cryptocurrency Efforts With Latest Plans,0.996,0.15,0.793,0.057
3,Why Nvidia Stock Blipped Higher Today,0.796,0.15,0.85,0.0
4,3 Top Metaverse Stocks to Buy in January,0.836,0.086,0.914,0.0
5,Will Nvidia's VR Investments Drive Its Stock Even Higher?,0.874,0.153,0.806,0.042
6,Waiting for Nvidia to Restart Its Uptrend,-0.09,0.041,0.888,0.071
7,McLean Asset Management Corp Buys Avantis U.S. ...,0.999,0.105,0.885,0.01
8,Why Nvidia Stock Could Be Worth More Than Apple in a Decade,0.782,0.115,0.85,0.034
9,Senator John Hickenlooper Latest Portfolio: Stocks to Watch,1.0,0.134,0.857,0.009
10,"Fortnite Is Back On Apple iOS, for Some Users",0.0,0.0,1.0,0.0
11,"These 3 ETFs let you play the hot semiconductor sector, where Nvidia, Micron, AMD and others are growing sales rapidly",0.34,0.107,0.893,0.0
12,Should You Think About Buying NVIDIA Corporation (NASDAQ:NVDA) Now?,0.998,0.179,0.785,0.036
13,Nvidia: Multiple Reasons to Expect More Growth,0.996,0.14,0.834,0.026
