﻿,Titles,Polarity,Positive,Neutral,Negative
0,Dow Jones Futures: Fed Chief Powell On Tap As Market Starts To Doubt Rate Hikes Amid Russia's Ukraine Invasion,0.0,0.0,1.0,0.0
1,"Dow Jones Futures: Stocks Fall, Oil Spikes Amid Russia's Ukraine Invasion; Fed Chief Powell On Tap",-0.572,0.0,0.837,0.163
2,Apple pauses all product sales in Russia,0.0,0.0,1.0,0.0
3,"NVIDIA Announces Cyber Attack, Leak of Company Information",-0.318,0.119,0.697,0.184
4,"Nvidia Suffers Leak of Company, Employee Information in Cyberattack",-0.318,0.119,0.697,0.184
5,"HP CEO Enrique Lores on big earnings beat, stopping Russia shipments",-0.296,0.0,0.947,0.053
6,7 Metaverse Stocks to Make a Move on Right Now,0.999,0.082,0.893,0.025
7,Nvidia calls in authorities after hackers steal workers' log-ins and leak them online,0.97,0.1,0.842,0.059
8,"Nvidia says employee, company information leaked online after cyber attack",-0.249,0.06,0.874,0.066
9,"CORRECTED-Nvidia says employee, company information leaked online after cyber attack",-0.249,0.061,0.872,0.067
10,"Target, Chevron Rise Premarket; Zoom, Lucid Fall",0.477,0.058,0.894,0.049
