﻿,Titles,Polarity,Positive,Neutral,Negative
0,Dow Jones Closes Lower; A Bush-Era Correction Or Broken-Bubble Bear Market?,-0.796,0.039,0.788,0.172
1,Nvidia stock slides toward longest losing streak since 2019,-0.791,0.025,0.85,0.125
2,Best Inverse/Leveraged ETFs of Last Week,0.988,0.118,0.822,0.06
3,2 Red Flags for Nvidia Stock in 2022,0.0,0.0,1.0,0.0
4,"Chip stocks: Investors turn pessimistic on Nvidia, Intel, and others",0.077,0.091,0.909,0.0
5,3 Non-Buffett Tech Stocks That Would Match Warren Buffett's Philosophy,0.557,0.247,0.753,0.0
6,CHIPS Act Update Gives Bears the Upper Hand With Chip Stocks,0.988,0.093,0.878,0.029
7,12 semiconductor stocks bucking the downcycle trend,0.0,0.0,1.0,0.0
8,2022's a Bad Year for Big Tech: Should You Hang On?,0.964,0.1,0.816,0.084
9,Nvidia’s Close Call Was Too Close,0.44,0.163,0.837,0.0
10,3 Dividend-Paying Tech Stocks To Buy in September,0.728,0.103,0.897,0.0
11,Analysis-Banned U.S. AI chips in high demand at Chinese state institutes,0.986,0.084,0.876,0.04
