﻿,Titles,Polarity,Positive,Neutral,Negative
0,These 3 Gaming Stocks Are Set To Climb the Leaderboards,0.999,0.135,0.853,0.012
1,"Cramer's Mad Money Recap 3/24: Intel, Marvell, Nvidia",0.296,0.141,0.773,0.086
2,3 Top S&amp;P 500 Stock Market Gainers Today: Nvidia Headlines Semiconductor Advance,-0.382,0.028,0.918,0.054
3,"Dow Jones Futures: Market Rally Rebounds As Nvidia, AMD Lead Chip Surge; Nio Earnings Due",0.848,0.226,0.774,0.0
4,Nvidia CEO Jensen Huang: Our Grace CPU is ‘a new growth market’,0.989,0.072,0.923,0.005
5,"4 Top Stock Trades for Friday: Ethereum, Oil, NVDA, CGC",0.993,0.114,0.837,0.049
6,"Dow ends 350 points higher as Biden touts NATO response to Russia-Ukraine war, Fed speakers",0.0,0.0,1.0,0.0
7,"Nvidia Jumps, Lifting Nearly All Other U.S. Stocks on Growth Bet",0.989,0.123,0.832,0.046
8,Market check: Tech leads stocks higher,0.273,0.075,0.925,0.0
9,"Dow trades 300 points higher as Biden touts NATO response to Russia-Ukraine war, Fed speakers",0.0,0.0,1.0,0.0
10,Goldman Sachs poised to lead U.S. IPO of SoftBank's Arm - sources,0.296,0.037,0.938,0.025
11,Goldman Sachs poised to lead U.S. IPO of SoftBank's Arm - sources,0.296,0.037,0.938,0.025
12,Dow Jones Gains As Biden Warns Putin; Nvidia Leads Chip Stocks Higher,-0.34,0.0,0.902,0.098
13,"Why Intel, AMD, and Navitas Stocks Popped Thursday",0.842,0.126,0.831,0.043
14,Seven suspected members of Lapsus$ cybercrime gang arrested,-0.806,0.077,0.832,0.092
15,Rivals Nvidia and Intel Might Join Forces To End Chip Shortage,0.586,0.114,0.822,0.064
16,Why Nvidia Stock Finally Popped Today,0.856,0.184,0.754,0.061
17,S&amp;P 500 Rallies as Investors Double Down on Chip Stocks,0.932,0.106,0.82,0.074
18,S&amp;P 500 Climbs on Bullish Bets Powered by Chip Stocks,0.94,0.099,0.838,0.064
19,Nvidia CEO: Hack was a ‘wake-up call’,0.983,0.117,0.798,0.085
20,Is Most-Watched Stock NVIDIA Corporation (NVDA) Worth Betting on Now?,0.999,0.131,0.86,0.009
21,Nvidia Announces 3 New Powerful AI Chips -- What Investors Need to Know,0.0,0.0,1.0,0.0
22,"Hackers Against Okta, Microsoft, NVIDIA Traced To England, Brazil: Bloomberg",0.776,0.094,0.839,0.067
