﻿,Titles,Polarity,Positive,Neutral,Negative
0,"Dow Jones Futures: Market Rally, Tesla Hold Key Levels As Fed Officials Signal Faster Action",0.382,0.12,0.88,0.0
1,"US STOCKS-Wall Street ends higher; Nvidia surge offsets Nordstrom, Gap slide",0.96,0.085,0.863,0.052
2,"US STOCKS-Wall Street ends higher; Nvidia surge offsets Nordstrom, Gap slide",0.937,0.082,0.871,0.047
3,Why Nvidia Stock Bounced Back Today,0.296,0.071,0.929,0.0
4,"After Pullback From Q3 Earnings Surge, Nvidia Looks Tempting",0.976,0.088,0.86,0.051
5,Could This Be the Best Way To Invest In the Metaverse?,0.735,0.134,0.866,0.0
6,Here's Why Nvidia Stock Remains a Screaming Buy at Record Highs,0.382,0.126,0.874,0.0
7,Could Nvidia Really Bring in $40 Billion a Year in Sales From This One Software Product?,0.624,0.204,0.796,0.0
8,"Dow Jones Futures Fall As Market Direction Turns Murky; Tesla Falls, 3 Stocks In Buy Zones",-0.166,0.078,0.81,0.111
9,Is Nvidia Stock a Buy With the Metaverse on the Horizon?,0.391,0.078,0.879,0.043
