﻿,Titles,Polarity,Positive,Neutral,Negative
0,NVIDIA Vice President explains the Omniverse,0.0,0.0,1.0,0.0
1,"Dow Jones Futures: Market Rally Skids Despite Solid Rivian Debut, Tesla Bounce; Affirm Spikes Late, Disney Falls",0.527,0.253,0.747,0.0
2,NVIDIA GTC Lessons in 2 Minutes from Professor Huang,0.999,0.136,0.853,0.011
3,Nvidia CEO: ‘We don’t have any magic bullets’ to deal with chip shortage,0.785,0.048,0.911,0.04
4,Nvidia (NVDA) Earnings Expected to Grow: What to Know Ahead of Next Week's Release,0.998,0.144,0.804,0.052
5,3 Homebuilding Stocks That Are Breaking Out,0.997,0.115,0.856,0.03
6,Nvidia CEO: The 'omniverse is closer than people think',-0.25,0.0,0.938,0.063
7,Nvidia Gets a New Street-High Price Target,0.987,0.094,0.887,0.019
8,"Nvidia is on top of the world, but its rivals are gaining steam",0.998,0.095,0.889,0.016
9,Why Nvidia Stock Slumped Today,0.834,0.145,0.81,0.044
10,7 Best Meme Stocks to Put on Your November Buy List,0.999,0.103,0.857,0.041
11,3 Robinhood Stocks That Are Great Long-Term Picks,0.832,0.274,0.726,0.0
12,Tesla (TSLA) Rout Continues,0.153,0.089,0.847,0.065
13,Nvidia gets a jump on its rivals in the metaverse with the most focused and fleshed-out strategy,0.34,0.167,0.833,0.0
14,"BofA Finds Nvidia ""Uniquely Ready"" For AI, Robotics, Metaverse, Autos",0.909,0.097,0.871,0.032
15,Nvidia’s stock is at a stratospheric high — these five catalysts could propel it higher,0.34,0.138,0.862,0.0
16,Will Nvidia Be Worth More Than Apple by 2026?,0.886,0.142,0.858,0.0
17,"The Zacks Analyst Blog Highlights: SPY, Devon Energy, NVIDIA, Moderna and Gartner",0.998,0.112,0.859,0.03
18,"The Zacks Analyst Blog Highlights: Silicon Lab, NXP Semiconductors, ON Semiconductor, STMicroelectronics and NVIDIA",0.998,0.111,0.852,0.037
19,"Nvidia Gets Price Target Boosts from BofA, Truist",0.911,0.07,0.93,0.0
