﻿,Titles,Polarity,Positive,Neutral,Negative
0,Dow Jones Futures Rise After Stock Market Sells Off Ahead Of Fed Meeting; Tesla Breaks Key Support,0.178,0.171,0.722,0.106
1,"Ohio National Fund Inc Buys Procter &amp; Gamble Co, Booking Holdings Inc, NVIDIA Corp, Sells ...",0.995,0.046,0.948,0.006
2,Dow Jones Futures: Stock Market Sells Off Ahead Of Fed Meeting; Tesla Breaks Key Support,0.178,0.171,0.722,0.106
3,"Invesco V.I. Global Fund Buys Analog Devices Inc, Dassault Systemes SE, Splunk Inc, Sells , ...",0.988,0.051,0.945,0.005
4,"Deutsche Dws Variable Series I Buys Hilton Worldwide Holdings Inc, Apollo Global Management ...",0.997,0.05,0.947,0.003
5,"Dow Jones Falls 250 Points, But JPMorgan Upgrade Lifts Coca-Cola Stock; Tesla Dives Below Key Support Level",-0.329,0.0,0.89,0.11
6,10 Best Stocks to Buy for the Next 10 Years,1.0,0.13,0.841,0.028
7,Why Nvidia Stock Keeps Dropping,0.765,0.072,0.918,0.009
8,Intel wants to take you inside the metaverse,0.25,0.091,0.909,0.0
9,S&amp;P 500 Eases From Record as Omicron-Fueled Jitters Dent Cyclicals,0.977,0.107,0.829,0.063
10,S&amp;P 500 Retreats as Cyclicals Slide on Omicron Worries,0.975,0.122,0.805,0.073
11,These are Wall Street’s 25 favorite semiconductor stocks for 2022,0.765,0.432,0.568,0.0
12,5 giant stocks are driving the S&amp;P 500 to records: Goldman Sachs,-0.636,0.041,0.903,0.056
13,Could Tesla Be the World's Most Valuable Company in 10 to 15 Years?,0.85,0.101,0.899,0.0
14,Intel Gains on Plans to Invest $7.1 Billion in Malaysia Plant,0.96,0.089,0.896,0.015
15,Microsoft Gains on Report UK Regulator to Look Into Nuance Deal,0.979,0.141,0.842,0.017
