﻿,Titles,Polarity,Positive,Neutral,Negative
0,Nvidia (NVDA) Dips More Than Broader Markets: What You Should Know,0.993,0.112,0.865,0.024
1,Investing In Stocks: Get Ready For 2022 With This 3-Step Routine,0.7,0.225,0.775,0.0
2,Best Stocks for 2022: Can Nvidia Stock Double in Price Again?,0.999,0.172,0.804,0.025
3,Stocks in the green as Santa Claus rally rolls on,0.382,0.098,0.902,0.0
4,Cloudflare Stock Is a Victim of Bearish Sentiment That Should Clear Soon,0.996,0.119,0.825,0.056
5,3 Beaten Down Mid-Cap Stocks to Buy,0.999,0.16,0.802,0.038
6,3 Unstoppable Growth Stocks to Buy if There's a Stock Market Sell-Off,0.909,0.171,0.759,0.07
7,5 S&amp;P 500 Stocks That Helped the Index Score Big in 2021,0.999,0.163,0.824,0.013
8,This Growth Stock Could Be a Surprise Metaverse Pick in 2022,-0.173,0.077,0.824,0.099
9,"The Zacks Analyst Blog Highlights: Nvidia, Microsoft and Accenture",0.999,0.142,0.836,0.022
