﻿,Titles,Polarity,Positive,Neutral,Negative
0,Videogames Won’t Be an Easy Next Act for Netflix,0.0,0.0,1.0,0.0
1,"Market Indexes Stay Mixed, Chipmakers Sell Off",0.996,0.116,0.852,0.033
2,Here’s What a New Netflix Hire Says About Streaming Videogames,0.0,0.0,1.0,0.0
3,"Dow Jones Futures: Apple, Microsoft, Nvidia Add To Market Rally Weakness; Elon Musk Says This About Tesla Cybertruck",-0.422,0.0,0.877,0.123
4,"Stock Market Closes Mostly Lower As Techs, Small Caps Drop; Nasdaq At This Critical Level",0.128,0.136,0.754,0.111
5,Why NVIDIA Stock Just Dropped 4%,0.25,0.105,0.816,0.079
6,Tech Bubble 2.0 + Inflation Tsunami: How to Play Them Now,0.999,0.11,0.863,0.027
7,"The Zacks Analyst Blog Highlights: NVIDIA, Mastercard, Boeing, U.S. Bancorp and Canadian Natural Resources",0.997,0.135,0.834,0.032
8,NVIDIA Stock Could Crash. Here's What You Should Do if It Does,0.0,0.0,1.0,0.0
9,Wall Street Opens Lower as Chipmakers Sag on TSMC Outlook; Dow Down 100 Pts,0.904,0.076,0.869,0.055
10,Strongest Semiconductor Stocks to Buy That Aren't Nvidia,0.226,0.091,0.909,0.0
11,Chipmakers Like Nvidia Set to Ride Taiwan Semi's Coattails After Strong Earnings,0.743,0.201,0.799,0.0
