﻿,Titles,Polarity,Positive,Neutral,Negative
0,Nvidia stock closes at record high as analysts laud plans for an Arm-based data-center CPU,0.0,0.0,1.0,0.0
1,"Nvidia: Latest Developments Are Breathtaking, Says Top Analyst",0.991,0.102,0.87,0.028
2,Why Cloudflare Stock Jumped Today,0.296,0.063,0.938,0.0
3,Nvidia Wows Investors With a New Chip and a Better Outlook. What Wall Street Thinks.,0.414,0.165,0.835,0.0
4,Dow Jones Lags As 'Inflation Domino' Falls; J&amp;J Dips On Covid Vaccine News; Nvidia Passes Buy,0.0,0.0,1.0,0.0
5,Dow Jones Lags Amid Inflation Data; J&amp;J Falls On Covid Vaccine News; Nvidia Passes Buy Point,0.0,0.0,1.0,0.0
6,Nvidia stock hits record high as analysts laud plans for an Arm-based data-center CPU,0.0,0.0,1.0,0.0
7,Nvidia Sees A Boost To Its Relative Strength Rating,0.813,0.16,0.792,0.048
8,"Dow Jones Slides, Tech Stocks Rally As FDA Calls For Pause On J&amp;J Covid Vaccine; Bitcoin Surges To Record Highs",0.0,0.0,1.0,0.0
9,Nvidia Gives Key Investor Day Updates; 1Q Revenue Tracking Above $5.3B 1Q Outlook,0.981,0.082,0.906,0.012
10,3 Reasons to Buy NVIDIA After Its Investor Presentation,0.459,0.15,0.85,0.0
11,"Company News for Apr 13, 2021",0.96,0.131,0.869,0.0
12,"Company News for Apr 13, 2021",0.96,0.131,0.869,0.0
13,"Nvidia Stock Hits Buy Point On Data Center, AI Advancements",0.178,0.113,0.8,0.087
14,"Dow Jones Lags, Nasdaq Futures Lead Mixed Trade As J&amp;J Vaccine Paused; Bitcoin Spikes To New High; Apple's Siri Spills Secret",-0.511,0.0,0.823,0.177
15,Intel Offers Support For Automakers During President Biden's Chip Crisis Meeting: Report,-0.25,0.068,0.861,0.071
16,Dow Jones Futures Reverse Lower As U.S. Calls For Pause On J&amp;J Covid Vaccine; 4 Tech Giants Near Buy Points,-0.296,0.0,0.909,0.091
17,NVIDIA (NVDA) Spikes 5.6% on Upbeat Q1 Revenue Forecast,0.998,0.16,0.829,0.011
18,"Dow Jones Futures Signal Gains; 4 Tech Giants Near Buy Points, While Tesla Retakes Key Level",0.0,0.0,1.0,0.0
19,Strength Seen in Nvidia (NVDA): Can Its 5.6% Jump Turn into More Strength?,0.991,0.136,0.864,0.0
20,"Not Another Manic Monday, Bond Bidding, Coinbase Excitement, Semiconductor Wars",0.0,0.0,1.0,0.0
21,NVIDIA Tests All-Time High After Rosy Revenue Outlook,0.762,0.044,0.936,0.02
22,"J&amp;J, Nvidia, Bitcoin, GameStop - 5 Things You Must Know Tuesday",0.691,0.147,0.853,0.0
23,"Nvidia, Microsoft, Bitcoin, GameStop - 5 Things You Must Know Tuesday",0.701,0.196,0.804,0.0
