﻿,Titles,Polarity,Positive,Neutral,Negative
0,The Sectors to Focus on As the Holiday Season Kicks Off,0.999,0.159,0.781,0.06
1,"Top Stock Picks for Week of November 22, 2021",0.996,0.193,0.803,0.004
2,Top Tech Stocks for December 2021,0.477,0.042,0.958,0.0
3,"For Investors, Nvidia Is a Gift That Keeps on Giving",0.997,0.131,0.858,0.011
4,3 Falling-Star Stocks to Buy Into the Holidays,0.998,0.113,0.827,0.06
5,Shiba Inu’s Recent Tumble Proves It’s a Dangerous Game,0.977,0.082,0.878,0.04
6,Mario Gabelli is Doubling Down on These 10 Stocks,1.0,0.128,0.859,0.013
7,AMD Stock Just Gave Us the Best Trade of the Year. Now What?,0.999,0.149,0.835,0.016
8,Nvidia Stock: Bull vs. Bear,0.848,0.13,0.87,0.0
9,"4 Stocks That Can Turn $100,000 Into $500,000 by the Time You Retire",0.786,0.154,0.846,0.0
10,"Dow Jones Futures Rise: Biden Set To Pick Fed Chief As Market Rally Diverges; Tesla Rises, Rivian Falls",0.0,0.0,1.0,0.0
11,3 Breakout Growth Stocks to Buy Right Now,0.718,0.269,0.731,0.0
12,"The Zacks Analyst Blog Highlights: NVIDIA, QUALCOMM, Lattice Semiconductor, ON Semiconductor and Advanced Micro Devices",0.999,0.125,0.859,0.016
13,5 Must-Buy Stocks to Tap Nasdaq Composite's Impressive Rally,1.0,0.151,0.84,0.009
14,Is iShares Semiconductor ETF (SOXX) a Strong ETF Right Now?,0.995,0.101,0.879,0.02
15,Nvidia Stock Is Set To Soar Higher as It Rides Blowout Quarterly Results,0.998,0.123,0.874,0.003
16,Why you can still lose it all in cryptocurrencies: Morning Brief,0.994,0.093,0.847,0.06
17,Wall Street Opens at New Record Highs After Powell Reappointment; Dow up 150 Pts,0.99,0.103,0.871,0.025
