﻿,Titles,Polarity,Positive,Neutral,Negative
0,My Top Things To Expect This Week,0.996,0.106,0.842,0.052
1,"Nvidia Stock Before Earnings: Sell, Hold, or Buy?",-0.402,0.057,0.872,0.071
2,Tech companies with ‘positive cash flow have pricing power through periods of inflation’: Strategist,0.999,0.104,0.881,0.015
3,Nvidia Earnings Are Coming; Here’s What Matters,0.978,0.086,0.894,0.02
4,7 Monster Growth Stocks to Buy for 2022 and Beyond,1.0,0.152,0.809,0.039
5,"Goodbye, XLNX Stock! 7 Things to Know About the AMD-Xilinx Merger.",0.991,0.093,0.889,0.018
6,AMD CEO on chip shortage: 'It will get better in second half of 2022',1.0,0.192,0.798,0.01
7,AMD CEO Lisa Su says chip giant's $35 billion acquisition of Xilinx is 'a good deal',0.949,0.091,0.882,0.027
8,Nvidia’s AI Innovation Should Push Stock Higher: Analysts,0.612,0.185,0.815,0.0
9,What Nvidia Investors Should Expect This Week,0.856,0.14,0.86,0.0
10,Why Nvidia Stock Glowed Brighter Today,0.973,0.202,0.798,0.0
11,U.S. Stocks Waver as Europe Slumps; Big Earnings Week Ahead,0.273,0.198,0.688,0.113
12,Lisa Su named AMD chair after completing $49B acquisition of Xilinx,0.542,0.058,0.942,0.0
13,Why many Fortune 500 companies are embracing Web3,0.0,0.0,1.0,0.0
14,"NVIDIA GTC 2022 to Feature Keynote From CEO Jensen Huang, New Products, 900+ Sessions From Industry and AI Leaders",0.994,0.068,0.92,0.012
15,"NVIDIA GTC 2022 to Feature Keynote From CEO Jensen Huang, New Products, 900+ Sessions From Industry and AI Leaders",0.994,0.07,0.918,0.012
16,"Down 30% From Its High, Is Nvidia a Buy?",0.153,0.099,0.817,0.084
17,Strong Graphic Chip Demand to Aid NVIDIA's (NVDA) Q4 Earnings,0.999,0.14,0.845,0.015
18,"Here's Why Barron's Believes This Chip Stock Has Beaten AMD, Nvidia",0.919,0.104,0.861,0.035
19,Lockheed Martin Ditches Aerojet Purchase After FTC Opposition,-0.751,0.0,0.686,0.314
