﻿,Titles,Polarity,Positive,Neutral,Negative
0,"U.S. says Nvidia-Arm deal harms market for networking, self-driving car chips",0.966,0.102,0.837,0.061
1,"U.S. says Nvidia-Arm deal harms market for networking, self-driving car chips",0.966,0.102,0.837,0.061
2,"Nvidia stock slips to close in correction territory, joining AMD",0.494,0.208,0.792,0.0
3,Tech Stocks are Facing a Reckoning After Months of Rapid Gains,-0.361,0.015,0.955,0.03
4,Should I Avoid Berkshire Hathaway Inc. (BRK.B)?,0.999,0.137,0.832,0.03
5,Here is the #4 Stock Among Hedge Funds,0.995,0.077,0.907,0.015
6,REFILE-US STOCKS-Dow leads Wall Street higher with 2% gain; cyclicals in vanguard,0.989,0.11,0.828,0.061
7,7 Best Gaming Stocks for You to Play Now,0.999,0.105,0.873,0.022
8,"Dow Jones Vaults 700 Points, Led By Surging Walgreens Stock; Tesla, Nvidia Hit Early But Move Off Lows",0.511,0.163,0.837,0.0
9,"Test Time For Tech As Nvidia, Microsoft, Face Pressure; Tesla Stock Tests Key Level",0.361,0.122,0.878,0.0
10,"Market check: All 11 sectors in the green, travel stocks pop, Tesla off session lows",-0.735,0.0,0.801,0.199
11,Strategist not worried about market shock to Big Tech from 'well-known' Fed moves,0.599,0.154,0.846,0.0
12,Hedge Funds Are Cashing Out Of NVIDIA Corporation (NVDA),0.996,0.094,0.892,0.014
13,US STOCKS-Dow climbs over 1% on cyclical boost; Nvidia weighs on Nasdaq,0.984,0.103,0.844,0.053
14,"Nvidia stock 'has been almost bulletproof' before Monday dip, strategist explains (edited)",0.0,0.0,1.0,0.0
15,"Top Stock Reports for Microsoft, NVIDIA &amp; Medtronic",0.997,0.154,0.825,0.021
16,"Is Amazon.com, Inc. (AMZN) A Good Stock To Buy?",0.995,0.083,0.91,0.007
17,Facebook is the Second Most Popular Stock Among Hedge Funds,0.996,0.092,0.883,0.025
18,Microsoft Corporation (MSFT): Hedge Funds Are Snapping Up,0.996,0.086,0.907,0.007
19,S&amp;P 500 Makes Strong Start to Week as Omicron Fears Ease,0.962,0.105,0.832,0.064
20,"When It Comes to Ticker Sentiment, Buy These 5 Before GameStop",0.972,0.063,0.903,0.034
21,US STOCKS-Dow bounces back on cyclical boost; Nvidia leads tech stocks lower,0.976,0.08,0.884,0.036
22,Nvidia-ARM deal stalled by EU antitrust regulators probe,0.296,0.063,0.938,0.0
23,"Applied Materials, Lam, Nvidia, Marvell Top Chip Stocks at Citi",0.402,0.13,0.87,0.0
24,Applied Materials Is Citi’s Top Chip Pick for 2022. Nvidia Is No. 3.,0.758,0.102,0.898,0.0
25,Is NVIDIA (NVDA) A Great Investment Choice?,0.888,0.045,0.946,0.008
26,"Dow, S&amp;P 500 set to rebound on banks, energy boost",0.953,0.075,0.892,0.033
27,"Nasdaq set for lower open as Nvidia, Big Tech weigh",0.952,0.083,0.886,0.031
28,"US STOCKS-Nasdaq set for lower open as Nvidia, Big Tech weigh",0.952,0.078,0.893,0.029
29,"Dow Jones Futures Rise As Techs, Bitcoin Fall: Apple, Tesla At Key Levels; Lucid Dives On SEC Probe",-0.238,0.0,0.933,0.067
30,3 Stocks to Buy With a $30 Trillion Metaverse Market on the Way,0.625,0.194,0.806,0.0
31,"Wall Street Mixed at Open as Tesla, Lucid Fall Under SEC Pressure; Dow up 440 Pts",0.747,0.077,0.861,0.062
32,"Premarket Movers Monday - Lucid, Nvidia, Coinbase",0.202,0.091,0.909,0.0
33,"Lucid, Nvidia, Coinbase Fall in Premarket; Kohl's, Apple Rise",0.802,0.064,0.899,0.038
34,"China Eases, Bitcoin Crash, Omicron Spread - What's Moving Markets",-0.828,0.066,0.858,0.076
35,SoftBank Slumps 9% Monday After Week of Bad Portfolio News,-0.158,0.051,0.901,0.048
