﻿,Titles,Polarity,Positive,Neutral,Negative
0,Why These 10 Stocks Surged on Tuesday,0.992,0.088,0.899,0.013
1,Nancy Pelosi keeps pouring millions into this 1 sector — it might be time to tag along,0.997,0.118,0.857,0.026
2,"Dow Jones Futures: Market Rally Stalls, Donald Trump Stock DWAC Dives; Microsoft, Google, AMD Earnings In Focus",0.34,0.107,0.893,0.0
3,Top Tech Stocks for November 2021,0.875,0.164,0.836,0.0
4,Facebook’s Planning a Major Spending Spree. Nvidia and 8 Other Stocks That Could Benefit.,0.727,0.221,0.779,0.0
5,Why AMD and Nvidia Are Both Better Buys Than Intel Stock,0.988,0.1,0.838,0.062
6,"Facebook is spending more, and these companies are getting the money",0.402,0.137,0.863,0.0
7,Dow Jones Pares Early Gain As Stock Market Fades; Microsoft Earnings Due After Hours,-0.202,0.0,0.913,0.087
8,"Facebook’s Planned Cloud Spending Spree Boosts Arista, Nvidia, and Other Stocks",0.727,0.221,0.779,0.0
9,Facebook Analysts Break Down Q3 Earnings: 'Big Investments For A Big Vision',0.606,0.076,0.851,0.073
10,"US STOCKS-S&amp;P 500 hits record high on tech strength, earnings cheer",0.978,0.095,0.849,0.055
11,"S&amp;P 500, Dow Withstand Facebook Slide to Close at Record Highs",0.985,0.112,0.834,0.054
12,E-mini NASDAQ-100 Index (NQ) Futures Technical Analysis – Trade Through 15702.25 Sets Record High,0.937,0.062,0.914,0.024
13,"REFILE-US STOCKS-S&amp;P 500 hits record high on tech strength, earnings optimism",0.985,0.104,0.849,0.048
14,S&amp;P 500 Eases From All-Time Highs on Facebook Slump,0.99,0.134,0.793,0.073
15,Why AMD's and Nvidia's Stock Prices Were Up Last Week,-0.052,0.044,0.885,0.071
16,"Dow Jones Rallies As Tesla Hits New Highs; Trump SPAC Tumbles; AMD, Microsoft On Deck",0.0,0.0,1.0,0.0
17,Intel CEO: Chip shortage highlights a national security issue,0.989,0.101,0.884,0.015
18,How to Trade Nvidia Stock at All-Time Highs,-0.502,0.0,0.871,0.129
19,"Dow Jones Futures Rally As Tesla Falls From Record High; Facebook Climbs On Earnings; AMD, Microsoft On Deck",0.0,0.0,1.0,0.0
20,Five things investors learned about the semiconductor sector from the latest batch of earnings,0.727,0.295,0.705,0.0
21,Nvidia Stock Rallies to New All-Time High,-0.637,0.046,0.887,0.067
22,Intel CEO on chip shortage: 'We have a rough road in front of us',0.946,0.089,0.85,0.061
23,Is Nvidia’s New Gaming Service Worth $15 Billion in Extra Market Cap?,0.999,0.143,0.84,0.017
