﻿,Titles,Polarity,Positive,Neutral,Negative
0,Intel Could Be Worth More Dead Than Alive. Why This Analyst Sees 50% Upside.,0.052,0.214,0.646,0.139
1,"Stocks close lower, consumer staples and discretionaries lead sector gains",0.0,0.0,1.0,0.0
2,"Why Meta Platforms, Amazon, and Nvidia Are Rising Today",0.893,0.189,0.792,0.019
3,"CHIPS Act to ‘scale up’ the smartphone market, Akoustis CEO says",0.34,0.128,0.814,0.058
4,Stock Market Today: Dow Starts August in Red as Global Growth Fears Bite,0.747,0.143,0.733,0.124
5,S&amp;P Stutters as Global Growth Concerns Dent Recent Optimism,-0.248,0.114,0.776,0.11
6,10 High Free Cash Flow Stocks to Buy in 2022,1.0,0.122,0.837,0.041
7,Intel CEO: 'This is a time for a bit of austerity',0.619,0.046,0.921,0.033
