﻿,Titles,Polarity,Positive,Neutral,Negative
0,"Dow Jones Futures: 2022 Market Is Expectation Breaker As Tesla, Apple Skid; What To Do Now",-0.103,0.0,0.94,0.06
1,CES 2022: The must-see tech from this year's consumer electronics show,0.998,0.1,0.891,0.009
2,Apple stock is significantly ‘overpriced:’ Portfolio manager,0.998,0.145,0.852,0.003
3,Bank of America Pounds the Table on Nvidia Stock,0.994,0.106,0.885,0.009
4,"Nvidia partners with AT&amp;T, Samsung on GeForce gaming platform",0.0,0.0,1.0,0.0
5,Why Nvidia Stock Dropped Back Today,0.163,0.059,0.891,0.05
6,Stock Market Rally Under Pressure As Bond Yields Hit Pandemic High: Weekly Review,-0.103,0.086,0.81,0.105
7,Intel Launches a Broadside at AMD and Nvidia as It Guns for a Turnaround,0.836,0.118,0.861,0.021
8,DeskTop Metal Shares Are Still Off Limits to Buyers,0.989,0.103,0.857,0.04
9,Implied Volatility Surging for NVIDIA (NVDA) Stock Options,0.988,0.105,0.877,0.019
10,"Financials, Big Tech Stocks AMD, Apple, Nvidia Lead New Buys By The Best Mutual Funds",0.637,0.174,0.826,0.0
11,How To Invest: Base On Base Pattern Can Turn Disappointment Into Success,0.735,0.215,0.723,0.062
12,Nvidia Stock Has Many Positive Catalysts. Why It’s One to Watch.,0.889,0.174,0.805,0.02
13,"FOCUS-At CES, tech alliances firm up in the self-driving car wars",0.987,0.063,0.924,0.013
14,Nvidia Teases a Monstrous Graphics Card,0.477,0.077,0.923,0.0
