﻿,Titles,Polarity,Positive,Neutral,Negative
0,AMC FUD Runneth Over: Panic at the Casino!,1.0,0.139,0.805,0.056
1,"NVIDIA, (NASDAQ:NVDA) a Case of Past Performance Does Not Guarantee Future Returns",0.999,0.139,0.844,0.017
2,Why I Believe NIO Will Beat Out Tesla,0.999,0.14,0.821,0.039
3,3 Reasons Why Nvidia (NVDA) Is a Great Growth Stock,0.999,0.251,0.733,0.016
4,Artificial Intelligence Stocks To Buy And Watch Amid Rising AI Competition,0.927,0.362,0.638,0.0
5,"AMD and NVIDIA Had a Strong Week, but Is 1 Still Undervalued?",0.307,0.148,0.852,0.0
6,Chinese Bitcoin Mining Restrictions Lead To Lower GPU Prices As Leading Bitcoin Miners Suspend Operations: SCMP,0.242,0.036,0.938,0.026
7,Here's Why Crypto Crash is No Big Deal for NVIDIA (NVDA),0.998,0.133,0.824,0.043
8,"If You Invested $1000 in Nvidia 10 Years Ago, This Is How Much You'd Have Now",0.998,0.147,0.831,0.023
9,5 Microchip Stocks to Buy As Industry Is On Track for Growth,0.999,0.173,0.798,0.029
10,5 Microchip Stocks to Buy As Industry Is On Track for Growth,0.999,0.173,0.798,0.029
11,10 Chip Makers Paid Nearly $8 Billion in Stock Options. Why Investors Should Care.,0.0,0.0,1.0,0.0
12,"The Zacks Analyst Blog Highlights: NVIDIA, Intuit, Applied Materials, Zoom Video and Apple",0.999,0.11,0.875,0.015
13,"The Zacks Analyst Blog Highlights: NVIDIA, Intuit, Applied Materials, Zoom Video and Apple",0.999,0.11,0.875,0.015
14,5 Ultra-Popular Stocks Wall Street Views as Overvalued,-0.09,0.0,0.974,0.026
15,5 Ultra-Popular Stocks Wall Street Views as Overvalued,-0.09,0.0,0.974,0.026
16,INTC Stock: Can Old Tech Be Relevant Again?,0.998,0.116,0.876,0.008
17,Chip Companies Have Big Spending Plans. Here Is Another Cost Investors Should Watch.,0.0,0.0,1.0,0.0
