﻿,Titles,Polarity,Positive,Neutral,Negative
0,Why Nvidia Stock Rose Today,0.904,0.209,0.791,0.0
1,Software Valuations: How to Use the Rule of 40,0.999,0.15,0.824,0.026
2,Using An Early Entry On Nvidia Stock Gave An Edge,0.0,0.0,1.0,0.0
3,Western Digital Stock Jumps on Kioxia Merger Reports. What to Know.,0.44,0.146,0.854,0.0
4,Looking for a Growth Stock? 3 Reasons Why Nvidia (NVDA) is a Solid Choice,0.999,0.252,0.736,0.012
5,Nasdaq Tops 15K for First Time: 5 Best Stocks in the ETF,0.999,0.153,0.839,0.008
6,Intel Is Positioning Itself to Make the Comeback of the Century,0.369,0.172,0.828,0.0
7,An Intel Delay May Have Caused a Supercomputer Deal for AMD and Nvidia. What To Know.,0.586,0.202,0.798,0.0
8,Dow Jones Reverses As House Clears Way For $1 Trillion Infrastructure Bill; Salesforce Earnings On Tap,0.103,0.055,0.945,0.0
9,5 Top Stocks to Invest in for Attractive Earnings Growth,0.999,0.149,0.844,0.007
10,Dow Jones Futures Rally As House Clears Way For $1 Trillion Infrastructure Bill; Salesforce Earnings On Tap,0.103,0.063,0.938,0.0
11,Is It Too Late to Buy Nvidia Stock?,0.789,0.318,0.682,0.0
12,6 Must-Buy Corporate Giants As Major Indexes Hit Record High,1.0,0.145,0.844,0.011
13,"Intel's Delay Is Proving To Be Nvidia, AMD's Gain",0.816,0.061,0.91,0.029
14,NVIDIA Turbocharges Extreme-Scale AI for Argonne National Laboratory’s Polaris Supercomputer,0.974,0.062,0.917,0.021
15,NVIDIA Turbocharges Extreme-Scale AI for Argonne National Laboratory’s Polaris Supercomputer,0.974,0.064,0.915,0.021
16,Nvidia and AMD Analysts Upbeat but With a Caveat,-0.026,0.087,0.823,0.091
