﻿,Titles,Polarity,Positive,Neutral,Negative
0,"Gilbert &amp; Cook, Inc. Buys Vanguard FTSE Developed Markets ETF, Vanguard Total Bond Market ...",0.994,0.048,0.947,0.006
1,"Community Capital Management, LLC Buys Fidelity National Financial Inc, Quanta Services Inc, ...",0.991,0.047,0.949,0.004
2,"HT Partners LLC Buys Vanguard Total Bond Market ETF, Vanguard Total World Stock ETF, Vanguard ...",0.986,0.067,0.926,0.007
3,"Syverson Strege &amp; Co Buys BTC BlackRock Short Maturity Municipal Bond ETF, Dimensional ...",0.999,0.076,0.917,0.006
4,"IAM Advisory, LLC Buys Pacer US Cash Cows 100 ETF, Upstart Holdings Inc, Invesco DB Commodity ...",0.995,0.067,0.926,0.007
5,Intel Wants to Be a Bitcoin Player. It Won’t Move the Needle for the Stock.,0.0,0.0,1.0,0.0
6,"Investment Research &amp; Advisory Group, Inc. ...",0.996,0.067,0.933,0.0
7,"Canvas Wealth Advisors, LLC Buys Goldman Sachs ActiveBeta U.S. ...",0.999,0.115,0.877,0.008
8,"Professional Advisory Services Inc Buys Fiserv Inc, Medtronic PLC, PayPal Holdings Inc, Sells ...",0.99,0.069,0.924,0.006
9,"Newbridge Financial Services Group, Inc. Buys Apple Inc, NVIDIA Corp, NXP Semiconductors NV, ...",0.996,0.043,0.945,0.012
10,"Mitchell &amp; Pahl Private Wealth, Llc Buys Fair Isaac Corp, Aspen Technology Inc, Interactive ...",0.999,0.119,0.878,0.003
11,Hewlett Packard's (HPE) GreenLake Selected by J. J. Keller,0.998,0.123,0.867,0.01
12,Why Nvidia Stock Dropped Today,0.494,0.082,0.884,0.035
13,Portfolio strategist: 'Taking a longer term horizon... is really the right move for investors',0.459,0.115,0.885,0.0
14,"Foster Victor Wealth Advisors, LLC Buys Vanguard Value ETF, Schwab U.S. ...",0.999,0.121,0.868,0.011
15,"Oxinas Partners Wealth Management LLC Buys SPDR Portfolio S&amp;P 500 Growth ETF, WisdomTree U. ...",0.999,0.123,0.869,0.008
16,"Guinness Asset Management LTD Buys Johnson &amp; Johnson, Aflac Inc, VF Corp, Sells NVIDIA ...",0.998,0.115,0.88,0.005
17,The 2 Best Metaverse Stocks to Buy in 2022 and Beyond,0.813,0.185,0.815,0.0
18,"The Zacks Analyst Blog Highlights: Microchip Technology, NVIDIA Corporation, Analog Devices and NXP Semiconductors",1.0,0.165,0.806,0.028
19,Expect Another Massive Year Ahead For AMD Stock,0.998,0.14,0.834,0.026
20,7 Hyper-Growth Stocks That Could Melt Up in Q1,0.999,0.122,0.858,0.02
