﻿,Titles,Polarity,Positive,Neutral,Negative
0,Heavy Selling: Indexes Toward Correction Levels,0.996,0.117,0.864,0.019
1,"Newman &amp; Schimel, LLC Buys ISHARES TRUST, Vanguard Growth ETF, Berkshire Hathaway Inc, ...",0.998,0.094,0.902,0.004
2,"Hoese &amp; Co LLP Buys Ecolab Inc, AerCap Holdings NV, UnitedHealth Group Inc, Sells Manulife ...",0.996,0.065,0.931,0.004
3,"Pegasus Asset Management, Inc. Buys Meta Platforms Inc, NVIDIA Corp, SoFi Technologies Inc, ...",0.997,0.116,0.878,0.006
4,"Searcy Financial Services Inc  Buys First Trust Financials AlphaDEX Fund, Apple Inc, CVS Health ...",0.998,0.091,0.905,0.005
5,"TTP Investments, Inc. Buys ProShares Ultra S&amp;P500, Amplify BlackSwan Growth &amp; Treasury ...",0.998,0.108,0.884,0.008
6,"Tech Stocks Alert: Why TSLA, NVDA, FB, AMZN, UBER Stocks Are Down Today",0.968,0.096,0.863,0.041
7,"Detalus Advisors, LLC Buys iShares National Muni Bond ETF, Cummins Inc, Costco Wholesale Corp, ...",0.994,0.074,0.926,0.0
8,"Royal London Asset Management Ltd Buys NVIDIA Corp, MercadoLibre Inc, Progressive Corp, Sells ...",0.999,0.082,0.911,0.006
9,"Market check: 10-year Treasury yield climbs to 2-year high, Dow falls 500+ points",0.0,0.0,1.0,0.0
10,"JGP Wealth Management, LLC Buys D.R. Horton Inc, Vanguard Total Stock Market ETF, NVIDIA Corp, ...",0.999,0.128,0.862,0.01
11,"Alliance Wealth Management Group Buys The Hershey Co, NVIDIA Corp, Procter &amp; Gamble Co, ...",0.998,0.131,0.863,0.006
12,"Gilman Hill Asset Management, LLC Buys Star Bulk Carriers Corp, The Western Union Co, JetBlue ...",0.999,0.102,0.893,0.005
13,"Strong Tower Advisory Services Buys NVIDIA Corp, Exxon Mobil Corp, Unity Software Inc, Sells ...",0.999,0.122,0.872,0.006
14,4 Semiconductor Stocks to Snap Up on Solid Sales Projection,1.0,0.181,0.791,0.028
15,3 Reasons Nvidia Stock Could Surge to $400 in 2022,0.852,0.197,0.803,0.0
16,The 10 Best Bear Market Stocks to Buy Now,1.0,0.157,0.805,0.038
