﻿,Titles,Polarity,Positive,Neutral,Negative
0,"Cramer's Mad Money Recap: J&amp;J, Netflix, Nvidia, Tesla",-0.153,0.121,0.728,0.15
1,Why Nvidia Is So Much More Than Just a Semiconductor Stock,0.44,0.05,0.95,0.0
2,Will Nvidia Be a Trillion-Dollar Stock by 2025?,0.931,0.178,0.822,0.0
3,"Dow Jones Rallies As Bitcoin Tops $60,000; 4 Tech Giants To Buy And Watch",0.0,0.0,1.0,0.0
4,11 Best Penny Stocks To Buy According To Hedge Funds,1.0,0.156,0.826,0.018
5,Is Franklin LibertyQ U.S. Equity ETF (FLQL) a Strong ETF Right Now?,0.996,0.107,0.876,0.017
6,Should Franklin LibertyQ U.S. Equity ETF (FLQL) Be on Your Investing Radar?,0.995,0.108,0.865,0.028
7,Intel Stock Looks Doomed to Continue Its Downward Journey,0.996,0.122,0.828,0.05
