﻿,Titles,Polarity,Positive,Neutral,Negative
0,"Nvidia’s Auto Software Opportunity Is Underappreciated, Says Wells Fargo",0.986,0.085,0.903,0.012
1,Why Nvidia Stock Popped on Monday,-0.153,0.0,0.981,0.019
2,"Stocks end the day in the green, Tesla and Apple among best-performing companies",0.0,0.0,1.0,0.0
3,Tesla Recharges As Nvidia Clears Trendline; BROS Stock Keeps Brewing Fresh Move,0.202,0.073,0.927,0.0
4,Is Trending Stock NVIDIA Corporation (NVDA) a Buy Now?,0.999,0.131,0.863,0.006
5,13 Most Ambitious Metaverse Companies in the World,1.0,0.115,0.878,0.008
6,"Market check: U.S. stocks mixed, crude oil rebounds, China stocks gain",0.0,0.0,1.0,0.0
7,2 Cybersecurity Stocks You Can Buy and Hold for the Next Decade,0.318,0.098,0.856,0.046
8,My Best Semiconductor Stock to Buy Now and Hold Forever,0.881,0.186,0.814,0.0
9,3 Top Profitable Stocks to Buy Using Net Income Ratio,0.998,0.141,0.854,0.005
10,Apple (AAPL) Now Rumored to Launch Foldable iPhone in 2025,0.982,0.098,0.854,0.048
11,Is it a Great Move to Buy NVIDIA (NVDA) Shares?,0.988,0.093,0.907,0.0
12,NVIDIA (NVDA) Gains 12% in March: Will the Momentum Continue?,0.998,0.121,0.853,0.025
13,10 Robotics Stocks to Buy for 2022 and Beyond,1.0,0.137,0.85,0.013
14,My Top 3 Stocks to Buy During the Second Quarter,0.202,0.028,0.972,0.0
15,Bull of the Day: Advanced Micro Devices (AMD),0.996,0.128,0.817,0.055
