﻿,Titles,Polarity,Positive,Neutral,Negative
0,What Caused Nvidia’s Shortfall? Gamers or Crypto Mining?,-0.691,0.0,0.737,0.263
1,"Top after-hours movers: Novavax, Take-Two Interactive, Allbirds, Vroom",0.968,0.091,0.864,0.045
2,"Small-Caps Outperform, Most Indices Flat",0.994,0.136,0.809,0.056
3,Take-Two Stock Drops After Disappointing Earnings,0.527,0.216,0.784,0.0
4,"Nvidia is hit by another ‘crypto hangover,’ and that isn’t the only problem",-0.128,0.0,0.959,0.041
5,Dow Jones Futures: Market Rally Faces Key Inflation Report; Covid Vaccine Maker Crashes On Earnings,0.0,0.0,1.0,0.0
6,"Stocks Fade In Afternoon Session, Indexes Close Mixed; Nvidia, Palantir Big Losers",0.273,0.223,0.651,0.126
7,Stock Market Today: Nvidia Revenue Warning Weighs on Stocks,0.998,0.12,0.851,0.029
8,"Markets close mixed, meme stocks accelerate gains",-0.085,0.067,0.877,0.056
9,US STOCKS-Wall Street closes little changed on Fed policy fears,0.844,0.077,0.858,0.064
10,Nvidia Tumbles After PC Industry Slump Crushes Revenue,-0.858,0.057,0.87,0.073
11,US STOCKS-Wall Street closes mixed on Fed tightening fears; Nvidia weighs,-0.557,0.066,0.862,0.072
12,Nvidia Stock Drops on Weak Gaming Sales -- Is It Time to Sell This Growth Stock?,-0.477,0.0,0.819,0.181
13,Stocks search for direction after losing intraday gains,0.98,0.122,0.836,0.042
14,"US STOCKS-Wall St trades mixed on Fed tightening fears, Nvidia weighs",0.951,0.077,0.867,0.056
15,Nvidia Loses Its Game,-0.586,0.107,0.734,0.159
16,AMD Partners With ECARX to Launch In-Vehicle Computing Platform,0.998,0.142,0.825,0.033
17,Nvidia Stock Tanks After Graphics-Chip Maker Warns Of Weak Gaming Sales,-0.586,0.0,0.769,0.231
18,Stock Market Today: Dow Ekes Out Gain After Losing Steam on Nvidia Slide,0.099,0.109,0.784,0.107
19,"Semiconductors are a ‘stock picker's trade,’ strategist says",0.0,0.0,1.0,0.0
20,Here Are 2 Safe Metaverse Stocks for Risk-Averse Investors,0.778,0.302,0.698,0.0
21,Stock Market Sayings Often Have Kernel of Truth,-0.97,0.094,0.788,0.118
22,Nvidia Warns of Sales Shortfall as Gaming Revenue Drops,-0.382,0.0,0.859,0.141
23,We're Downgrading This Semiconductor Firm and Cutting Our Price Target,-0.052,0.089,0.813,0.098
24,"Nvidia's Q2 Results Are Out, and They're Not Good",-0.216,0.022,0.919,0.059
25,S&amp;P 500 Gives Up Gains as Nvidia Drags Down Tech,-0.035,0.083,0.841,0.077
26,"Nvidia Stock Sinks as Revenue Estimate Misses, Gross Margin Outlook Slashed",0.273,0.116,0.884,0.0
27,Estimating The Fair Value Of NVIDIA Corporation (NASDAQ:NVDA),1.0,0.176,0.803,0.021
28,Why Nvidia Stock Slumped on Monday,-0.612,0.0,0.917,0.083
29,Is Nvidia a Buy or Sell Before Earnings?,0.542,0.134,0.866,0.0
30,US STOCKS-Nasdaq rises over 1% as dip in yields supports megacaps,0.889,0.082,0.848,0.069
31,Nvidia stock drops on preliminary earnings warning,0.615,0.076,0.852,0.072
32,Nvidia preliminary Q2 revenue falls short on gaming weakness,0.99,0.095,0.87,0.035
33,"Midday Movers: Bed Bath &amp; Beyond, Nvidia, Palantir and More",0.422,0.085,0.834,0.081
34,Nvidia stock tumbles after company says revenue fell way shy of expectations,0.128,0.11,0.818,0.072
35,US STOCKS-Wall St set for higher open after selloff on jobs data,0.98,0.107,0.821,0.071
36,UPDATE 3-Nvidia warns of lower second-quarter revenue on gaming weakness,-0.901,0.04,0.877,0.083
37,Nvidia warns of lower second-quarter revenue on gaming weakness,-0.901,0.041,0.875,0.084
38,10 Stocks That Will Suffer If China Invades Taiwan,0.998,0.094,0.868,0.038
39,NVIDIA Announces Preliminary Financial Results for Second Quarter Fiscal 2023,0.988,0.06,0.906,0.033
40,Tesla and 9 Other Companies That Would Take a Hit From a 15% Minimum Corporate Tax,-0.052,0.102,0.789,0.109
41,"Why investors should still love stocks like Apple, Amazon, Microsoft, and Google: Morning Brief",0.991,0.075,0.905,0.02
42,5 Stocks I'll Almost Certainly Still Own in 2030,0.751,0.151,0.849,0.0
