﻿,Titles,Polarity,Positive,Neutral,Negative
0,Hoping to score tech gifts this holiday season? Better start shopping now,0.975,0.083,0.856,0.06
1,3 Reasons Why Nvidia (NVDA) Is a Great Growth Stock,0.999,0.213,0.778,0.009
2,"The Zacks Analyst Blog Highlights: NVIDIA, ADI, Semtech, and Texas Instruments",0.997,0.111,0.823,0.066
3,11 Best Artificial Intelligence and Robotics Stocks To Buy According To Hedge Funds,1.0,0.155,0.818,0.027
4,Is NVIDIA (NVDA) Stock Outpacing Its Computer and Technology Peers This Year?,0.992,0.125,0.856,0.019
5,11 Best Quantum Computing Stocks To Invest In,1.0,0.109,0.868,0.024
6,"BlackRock beats Q3 estimates, Apple reportedly scales back production due to chip shortage, Qualcomm's $10 billion buyback plan",0.0,0.0,1.0,0.0
7,3 Strong Tier 1 Companies to Keep an Eye On,0.026,0.063,0.878,0.06
8,"NVIDIA (NVDA) Gains on Strong GPU Adoption in Gaming, Data Center",0.993,0.145,0.84,0.015
9,"Got $1,000? Buy This Growth Stock Now",0.0,0.036,0.928,0.036
