﻿,Titles,Polarity,Positive,Neutral,Negative
0,Market check: Stocks gain momentum into the closing bell,-0.318,0.054,0.862,0.084
1,"US STOCKS-Wall Street ends sharply higher, led by Tesla and Nvidia",0.91,0.072,0.875,0.054
2,"US STOCKS-Wall Street ends sharply higher, led by Tesla and Nvidia",0.869,0.071,0.877,0.053
3,"After Microsoft And Nvidia, This Major Apple Supplier Became Ransomware Target",-0.926,0.069,0.813,0.118
4,"US STOCKS-Wall Street rallies, lifted by Tesla and Nvidia",0.796,0.064,0.88,0.056
5,"Apple WWDC event: What to expect from iPhone changes, new hardware",0.998,0.099,0.883,0.018
6,Stock Market Today: Dow Closes Higher as Tech Rebounds; Jobs Data Eyed,0.956,0.085,0.874,0.041
7,Why Nvidia Stock Was Up More Than 5% This Morning,0.681,0.157,0.843,0.0
8,Hedge Funds are Buying These 10 Semiconductor Stocks in 2022,0.993,0.06,0.929,0.011
9,2 of the Nasdaq's Best Long-Term Buys Right Now,0.572,0.104,0.864,0.031
10,Why You Might Regret Not Buying Nvidia on the Dip,0.572,0.198,0.802,0.0
11,"1 Green Flag for Nvidia in 2022, and 1 Red Flag",0.675,0.095,0.874,0.032
12,"Down 48%, Is Nvidia Stock a Buy, Sell, or Hold?",0.376,0.089,0.852,0.059
13,7 Massively Undervalued Stocks to Buy Before They Go Parabolic,1.0,0.14,0.803,0.057
14,Better Buy: Nvidia vs. AMD,0.941,0.18,0.797,0.024
15,"3 Cryptocurrency Stocks With Up to 439% Upside, According to Wall Street",0.0,0.0,1.0,0.0
