﻿,Titles,Polarity,Positive,Neutral,Negative
0,New Metaverse Angle Should Spur Investor Interest in Nvidia,0.999,0.139,0.846,0.015
1,Is Now the Time to Pull the Trigger on Nvidia Stock? This Analyst Says ‘Yes’,0.983,0.091,0.89,0.019
2,"Semis: AMD, Nvidia Picture Bleaker",-0.128,0.0,0.927,0.073
3,Why Nvidia Stock Is Falling Today,-0.933,0.0,0.809,0.191
4,"Meta, Amazon, Tesla stocks fall as tech sector under pressure",0.0,0.0,1.0,0.0
5,Penny Pritzker details Chicago’s 'massively vibrant' tech industry,1.0,0.157,0.787,0.056
6,Market check: Stocks open lower as investors brace for earnings,0.0,0.0,1.0,0.0
7,“This is When You Get Bullish”: 10 Semiconductor Stocks to Buy Now,1.0,0.126,0.844,0.03
8,This Analyst Cut His Price Target for Nvidia Stock. Its Challenges Go Beyond Russia and China.,-0.502,0.0,0.84,0.16
