﻿,Titles,Polarity,Positive,Neutral,Negative
0,7 Best Robinhood Stocks to Buy in July,0.999,0.12,0.84,0.04
1,"Top Stock Reports for NVIDIA, HSBC &amp; 3M Company",0.999,0.156,0.781,0.063
2,"S&amp;P 500, Nasdaq book longest win streak since March as investors await Friday jobs report",0.0,0.0,1.0,0.0
3,Why Nvidia and AMD Jumped Today,0.818,0.162,0.838,0.0
4,Dow climbs 350 points as investors await Friday job’s report,0.0,0.0,1.0,0.0
5,Dow Jones Rallies; Warren Buffett Stock Eyes Buy Point; Virgin Galactic Blasts Off On Mothership Deal,0.0,0.0,1.0,0.0
6,Dow Jones Gains On This; Virgin Galactic Blasts Off Amid Mothership Deal; Warren Buffett Stock Eyes Entry,0.0,0.0,1.0,0.0
7,Dow Futures Move Lower After S&amp;P 500 Posts Four Day Win Streak,0.924,0.078,0.883,0.038
8,Yahoo Finance says 'until next time' to Emily McCormick,0.422,0.094,0.906,0.0
9,Dow up 250 points as investors await Friday job’s report,0.0,0.0,1.0,0.0
10,Dow climbs 300 points as S&amp;P 500 heads for 4th day of gains,0.0,0.0,1.0,0.0
11,Buy Nvidia Stock As It Keeps Falling,0.847,0.066,0.878,0.057
12,Samsung leads chip stock comeback,0.0,0.0,1.0,0.0
13,"America’s Frontier Fund to ‘start a brand new renaissance’ in tech, CEO says",0.052,0.071,0.866,0.063
14,"Tesla, Amazon, Apple were the most profitable shorted stocks in June",0.0,0.0,1.0,0.0
15,The 3 Best Retirement Stocks for Gen-Z Investors,0.999,0.181,0.785,0.035
16,U.S. stocks climb as Wall Street eyes 4th day of gains,0.727,0.106,0.894,0.0
17,"Market check: Energy rebounds, Tesla stock rises, China stocks get a bid",0.0,0.0,1.0,0.0
18,U.S. stocks open sharply higher as Wall Street eyes 4th day of gains,0.84,0.118,0.882,0.0
19,"Stocks rise in early trading, U.S. dollar pauses gains, meme stocks up",0.0,0.0,1.0,0.0
20,Samsung earnings guidance boosts chip stocks,0.0,0.0,1.0,0.0
