﻿,Titles,Polarity,Positive,Neutral,Negative
0,"Why This Nvidia Analyst Expects Strong Q3 Earnings, Outlook",0.978,0.086,0.904,0.01
1,Can Nvidia show anything in earnings to boost stock after massive move higher?,0.45,0.158,0.842,0.0
2,"Looking Ahead To Retail, Nvidia Earnings On 'Briefing With Brent'",0.972,0.057,0.939,0.004
3,Don’t Make Any Major Portfolio Changes Until Mid-Week: Here’s Why,0.997,0.122,0.811,0.067
4,"10 High Risk, High Reward Cryptocurrencies to Buy According to Reddit",0.999,0.107,0.87,0.023
5,"The meaning of the ‘metaverse,’ and all the terms you need to understand it",0.077,0.041,0.924,0.036
6,"Luminar Pops, 'Best Positioned' Among Laser Stocks To Bring Self-Driving Cars To Market",0.0,0.0,1.0,0.0
7,Nvidia’s Latest Partnership Has Long-Term Implications for Lidar Stocks,0.998,0.09,0.894,0.016
8,Is a Surprise Coming for NVIDIA (NVDA) This Earnings Season?,0.997,0.192,0.808,0.0
9,Palo Alto (PANW) to Report Q1 Earnings: What's in the Cards?,0.999,0.149,0.847,0.003
10,Atos and NVIDIA to Advance Climate and Healthcare Research With Exascale Computing,0.998,0.103,0.883,0.014
11,Atos et NVIDIA s’engagent à faire progresser la recherche sur le climat et la santé grâce à l’exascale,0.971,0.016,0.984,0.0
12,Atos and NVIDIA to Advance Climate and Healthcare Research With Exascale Computing,0.998,0.103,0.883,0.014
13,Atos and NVIDIA to Advance Climate and Healthcare Research With Exascale Computing,0.998,0.103,0.883,0.013
14,Atos and NVIDIA to Advance Climate and Healthcare Research With Exascale Computing,0.998,0.1,0.886,0.013
15,"NVIDIA's (NVDA) Data Center, Gaming Segments to Aid Q3 Earnings",0.998,0.11,0.879,0.011
16,Nvidia’s Proposed Deal for Arm Faces More Scrutiny. But Nothing Can Keep the Stock Down.,-0.735,0.0,0.744,0.256
17,Preview: What to Expect From Nvidia’s Q3 Earnings on Wednesday,0.98,0.104,0.852,0.044
18,"Walmart, Target and Nvidia are part of Zacks Earnings Preview",0.997,0.103,0.85,0.047
19,Will Earnings Keep Nvidia's Stock Momentum Alive?,0.999,0.171,0.815,0.014
20,7 Technology Stocks That Will Resist Any Market Selloff,0.999,0.102,0.878,0.021
21,3 Growth Stocks That Could Set You Up for Life,0.778,0.174,0.826,0.0
22,"As Nvidia Earnings Approach We Change Our Strategic Approach, Too",0.202,0.107,0.825,0.068
23,What is the metaverse and Web 3.0?,0.973,0.07,0.902,0.029
