﻿,Titles,Polarity,Positive,Neutral,Negative
0,Nvidia (NVDA) Gains As Market Dips: What You Should Know,0.985,0.089,0.886,0.025
1,"Dow Jones Futures: Stock Market Woes Continue; Infrastructure Bill In Doubt, Tesla, Nio Deliveries Loom",-0.586,0.0,0.691,0.309
2,One Stop Systems Wins Mobile Datacenter Project,0.94,0.093,0.887,0.02
3,Why Nvidia Stock Just Popped,0.077,0.046,0.901,0.053
4,Nvidia adds four EA games including 'Battlefield 1 Revolution' to GeForce Now service,0.361,0.072,0.897,0.031
5,"Closing Out the Quarter: Tech Rebounds a Bit but Supply Chain Issues Slam Bed, Bath &amp; Beyond",0.998,0.101,0.838,0.061
6,10 Tech Stocks Hedge Funds Prefer Over Nvidia (NVDA),0.999,0.093,0.878,0.028
7,Electronic Arts Jumps as it Decides to Put More Video Games on Nvidia Cloud,-0.743,0.035,0.908,0.057
8,"Check Point (CHKP), Alkira Partner to Offer Cloud Network Security",0.997,0.165,0.81,0.025
9,NVIDIA Partners With Electronic Arts to Bring Hit Games to GeForce NOW,0.985,0.077,0.892,0.031
10,NVIDIA Partners With Electronic Arts to Bring Hit Games to GeForce NOW,0.983,0.074,0.892,0.034
11,Dow Jones Futures Signal Market Rally; Congress Set To Vote On Government Shutdown,-0.55,0.0,0.822,0.178
12,"The Zacks Analyst Blog Highlights: Microsoft, NVIDIA, Qualcomm, Applied Materials and Salesforce",0.999,0.116,0.86,0.023
