﻿,Titles,Polarity,Positive,Neutral,Negative
0,Intel stock suffers worst day of the year after analysts point to AMD as a reason for data-center weakness,-0.671,0.05,0.757,0.192
1,4 AI Stocks Leading the Pack,0.999,0.133,0.845,0.023
2,Intel blamed data-center shortfall on multiple factors. Analysts called out a different one: AMD,-0.671,0.05,0.757,0.192
3,Top 10 Undervalued Tech Stocks,1.0,0.122,0.864,0.014
4,The Zacks Rank Explained: How to Find Strong Buy Computer and Technology Stocks,0.998,0.126,0.862,0.012
5,"Interactive Brokers, Greenlane, NVIDIA, Adobe and Advanced Micro Devices highlighted as Zacks Bull and Bear of the Day",1.0,0.166,0.817,0.017
6,"Interactive Brokers, Greenlane, NVIDIA, Adobe and Advanced Micro Devices highlighted as Zacks Bull and Bear of the Day",1.0,0.166,0.817,0.017
7,3 Robinhood Stocks That Cathie Woods Owns -- and You Should Too,0.87,0.155,0.845,0.0
8,"Investors’ Chronicle: Carr’s, Nvidia, Kier",0.477,0.075,0.886,0.04
