﻿,Titles,Polarity,Positive,Neutral,Negative
0,"Dow Jones Futures: Stock Market Rally Pauses Amid Biden Tax Hike Plans, But Apple, Tech Titans Lead; Tesla Delays Continue",0.361,0.116,0.884,0.0
1,5 Tech Stocks with Strong Growth Prospects and Attractive Valuations,1.0,0.186,0.783,0.031
2,5 Tech Stocks with Strong Growth Prospects and Attractive Valuations,1.0,0.186,0.783,0.031
3,"Dow Falls As Treasury Yields Continue To Drop; Apple Reverses, Tesla Skids",0.202,0.067,0.933,0.0
4,"Dow Rises, Tech Stocks Fall As Treasury Yields Flatten; Apple, Tesla Drop",0.202,0.067,0.933,0.0
5,"Where to Invest $10,000 Right Now",0.52,0.059,0.941,0.0
6,4 Must-Buy AI Stocks on Coronavirus Crisis Triggered Automation,0.999,0.123,0.87,0.007
7,Semiconductor Sales Rise on Higher Demand: 4 Stocks to Buy,0.999,0.138,0.839,0.023
