﻿,Titles,Polarity,Positive,Neutral,Negative
0,"Dow Jones Futures: Goldman, These Stocks Enter Buy Zones As Market Rally Shifts Again; Coinbase Jumps In Debut",-0.273,0.112,0.73,0.159
1,Nvidia's first data-center CPU could soften the blow if its $40B quest to buy ARM collapses,0.997,0.116,0.851,0.032
2,Is NVIDIA (NVDA) Outperforming Other Computer and Technology Stocks This Year?,0.991,0.113,0.883,0.004
3,"Dow Jones Rallies, Tech Stocks Slide As Earnings Season Kicks Off; Tesla Reverses Lower, Coinbase IPO Set To Soar 40%",0.0,0.0,1.0,0.0
4,Another IBD Ratings Upgrade For Nvidia,0.625,0.113,0.86,0.027
5,Cloudflare Stock Adds Nvidia Artificial Intelligence Tools To Security Network,0.34,0.091,0.909,0.0
6,ETFs to Buy on Nvidia's Growth Story,0.998,0.133,0.852,0.015
7,"Dow Jones Futures: Tesla, Nvidia In Buy Zones; Bitcoin Soars As Coinbase IPO Looms; JPMorgan Earnings Top",0.0,0.0,1.0,0.0
8,"Tech Stocks Roundup: Jim Cramer on Microsoft, Okta, Nvidia",0.202,0.091,0.909,0.0
9,Morning Bell With Jim Cramer: How to Trade the Coinbase IPO,0.296,0.115,0.885,0.0
10,US-China rivalry over Taiwan chip industry could cost $490bn,-0.866,0.0,0.829,0.171
