﻿,Titles,Polarity,Positive,Neutral,Negative
0,President Biden 'needs to declare a climate emergency': Rep. Ro Khanna,0.997,0.11,0.815,0.074
1,Why Nvidia Stock Rallied Another 3% Today,0.178,0.091,0.827,0.081
2,"Trading Nvidia, AMD and Intel as Congress Votes on Chips Act",0.0,0.0,1.0,0.0
3,"Market check: Stocks flat at open, bitcoin price jumps",0.0,0.0,1.0,0.0
4,"Chip maker ASML beats on earnings, cuts revenue guidance",0.0,0.0,1.0,0.0
5,10 Stocks Most Vulnerable to Recession,0.994,0.109,0.802,0.09
6,"Top Millennial, Gen Z Picks Shift To Dividend-Paying Stocks; Tesla Still No. 1, Bitcoin Popular Despite 'Crypto Winter' Worries",0.287,0.097,0.903,0.0
7,Motorsport Games Brings Two Titles to NVIDIA GeForce NOW,0.99,0.064,0.92,0.016
8,Motorsport Games Brings Two Titles to NVIDIA GeForce NOW,0.99,0.062,0.923,0.015
9,Nancy Pelosi's Husband Is Buying Nvidia Stock -- Should You?,0.296,0.063,0.938,0.0
10,AI News: Artificial Intelligence Trends And Leading Stocks,0.7,0.139,0.861,0.0
11,"Bear Market Buys: Where to Invest $5,000 Right Now",0.969,0.351,0.649,0.0
12,2 Stocks to Invest in Virtual Reality,0.965,0.191,0.809,0.0
13,3 Chip Stocks to Buy Ahead of Earnings,0.937,0.193,0.807,0.0
14,What Corporate America is really saying about the U.S. economy: Morning Brief,0.993,0.074,0.894,0.032
