﻿,Titles,Polarity,Positive,Neutral,Negative
0,Intel (INTC) Q1 Earnings and Revenues Beat Estimates,0.996,0.098,0.894,0.008
1,Time to Buy Beaten Down Chip Stocks &amp; ETFs?,0.995,0.123,0.839,0.039
2,Stocks set to erase losses from earlier in the week,0.273,0.07,0.93,0.0
3,Have Microchip Stocks Declined Into an Attractive Buying Level?,0.998,0.128,0.841,0.031
4,Here's Why We Think NVIDIA (NASDAQ:NVDA) Is Well Worth Watching,0.999,0.214,0.76,0.025
5,Ready to Get Rich in the Stock Market? 3 Investments You Can't Go Wrong With,0.382,0.115,0.885,0.0
6,Tesla Could See 50% Revenue Growth in Next Few Years,0.351,0.067,0.9,0.033
7,Which Metaverse Stocks Hold the Most Promise?,0.996,0.085,0.891,0.024
