﻿,Titles,Polarity,Positive,Neutral,Negative
0,"4 Top Stock Trades for Wednesday: AAPL, NVDA, UPST, NET",0.996,0.138,0.787,0.075
1,"Dow Jones Futures: Stock Market At Turning Point As Fed Decision Looms; Microsoft, Google, Tesla, Nvidia At Key Levels",0.0,0.0,1.0,0.0
2,"Catalyst Pivotal Growth Fund Buys DocuSign Inc, NVIDIA Corp, Bill. ...",0.998,0.117,0.876,0.008
3,3 Stocks That Can Make You Rich in Just a Few Years,0.999,0.124,0.836,0.041
4,Why Nvidia Stock Just Can't Stop Dropping,0.599,0.1,0.852,0.049
5,"Top Stock Reports for NVIDIA, Philip Morris &amp; Sanofi",0.997,0.13,0.857,0.013
6,"Northern Lights Fund Trust Iii Buys BTC iShares MSCI USA Min Vol Factor ETF, Vanguard ...",0.999,0.122,0.873,0.005
7,"Newfound Risk Managed US Sectors Fund Buys Vanguard S&amp;P 500 ETF, Vanguard U.S. ...",-0.952,0.041,0.905,0.054
8,These 3 Stocks Might Be Getting a Little Too Expensive,0.895,0.195,0.805,0.0
9,2 Top Metaverse Stocks to Buy and Hold for the Next Decade,0.511,0.117,0.883,0.0
10,"Deutsche Dws Investment Trust Buys Hilton Worldwide Holdings Inc, Apollo Global Management Inc, ...",0.999,0.101,0.896,0.004
