﻿,Titles,Polarity,Positive,Neutral,Negative
0,Jim Cramer says 'leaving the market is a mistake' ⁠— here's what he's most bullish on right now,0.992,0.119,0.84,0.041
1,Crypto Mining Has Caused the SEC to Take Aim at Nvidia,0.999,0.153,0.827,0.021
2,"Stocks end the day mixed, tech and energy sectors among biggest leaders",0.273,0.07,0.93,0.0
3,Why Nvidia Investors Are Bullish Today,0.422,0.123,0.877,0.0
4,"Market check: Oil falls, tech stocks post modest gains",0.0,0.0,1.0,0.0
5,The Best Way to Buy Nvidia Stock While the Chips Are Down,0.985,0.086,0.868,0.047
6,"Intel launches new AI chips, challenging Nvidia's market",0.968,0.08,0.92,0.0
7,Market Crash: Monster Growth Stocks to Buy Right Away,0.447,0.1,0.853,0.047
8,"Intel launches new AI chips, challenging Nvidia's market",0.968,0.08,0.92,0.0
9,Market Sell-Off: 4 Stocks With Attractive Growth and Valuations,0.681,0.12,0.88,0.0
10,"Where Nvidia, AMD, Intel and Qualcomm Shares Now Stand",-0.026,0.119,0.755,0.126
11,Tech stocks lose over $1 trillion in value over 3 days,0.0,0.0,1.0,0.0
12,"Stock Market News for May 10, 2022",0.968,0.078,0.879,0.043
13,Nvidia Faces a Crypto Wild Card,-0.459,0.07,0.816,0.114
14,3 of the Top Growth Stocks on Earth,0.813,0.13,0.81,0.059
15,Bear Market Buys: 3 Growth Stocks to Buy on the Dips,0.826,0.136,0.837,0.027
