﻿,Titles,Polarity,Positive,Neutral,Negative
0,"Stocks accelerate losses into the close, all 11 sectors of S&amp;P 500 in the red",-0.872,0.062,0.85,0.088
1,10 Beaten-Down Tech Stocks to Buy Today for Long-Term Gains,1.0,0.148,0.825,0.026
2,Recession Recipe: Which Ingredients Spoil Consumer Confidence and Spending?,0.994,0.108,0.839,0.053
3,Nvidia’s 5nm Lovelace Chip Is Not the Right Reason to Worry About Nvidia Stock,0.983,0.105,0.831,0.064
4,Household spending on gas soars as fuel prices continue to climb,0.0,0.0,1.0,0.0
5,3 Stocks That Could Be Worth More Than Meta by 2032,0.625,0.163,0.837,0.0
6,7 Dying Blue-Chip Stocks to Sell While You Still Can,0.993,0.092,0.841,0.067
7,Tired of Nvidia? Check Out These 2 Semiconductor Stocks Instead,0.511,0.079,0.921,0.0
