﻿,Titles,Polarity,Positive,Neutral,Negative
0,Weekly Roundup,0.818,0.268,0.732,0.0
1,Why Nvidia Fell More Than 4% on Friday,0.44,0.116,0.884,0.0
2,Why Nvidia Stock Was Up This Week,0.026,0.152,0.643,0.205
3,KeyBanc Sees Semiconductors' Recessionary Fears Largely Priced In; Gives Out Top 5 Picks,0.621,0.106,0.799,0.094
4,Tesla's $100 billion rally costs short sellers at least $1 billion,0.772,0.07,0.878,0.052
5,"Chips bill ‘is going to bring down costs, secure our national security,’ Sen. Kelly says",0.586,0.151,0.849,0.0
6,The 7 Best High-Yield Retirement Stocks for Your Nest Egg,0.999,0.109,0.866,0.025
7,Want to Invest in the Metaverse? 3 Promising Ways to Gain Exposure,0.999,0.149,0.832,0.019
