﻿,Titles,Polarity,Positive,Neutral,Negative
0,Nvidia eclipses Warren Buffett’s Berkshire Hathaway as 7th largest U.S. company,0.0,0.0,1.0,0.0
1,"4 Top Stock Trades for Wednesday: NVDA, CHGG, Z, BX",0.85,0.093,0.825,0.082
2,"This Psychedelics Stock Was Up More Than 20% Last Week, Outperforming Tesla, Nvidia and GameStop",-0.751,0.053,0.882,0.065
3,NVIDIA (NASDAQ:NVDA) is Starting to Look Pricey if Forecasts don't begin to Rise,0.999,0.156,0.835,0.009
4,Why Nvidia Stock Popped Again Today,0.926,0.19,0.747,0.063
5,Nvidia on track to eclipse Warren Buffett’s Berkshire Hathaway as 7th largest U.S. company,0.0,0.0,1.0,0.0
6,Were Hedge Funds Right About Tesla Inc. (TSLA)?,0.999,0.123,0.862,0.016
7,Was The Smart Money Right About Taiwan Semiconductor Mfg. Co. Ltd. (TSM)?,0.999,0.108,0.868,0.024
8,"Microsoft, GOOGL Stock And Top IPOs Lead IBD 50 In Stock Market Rally",0.296,0.104,0.896,0.0
9,10 Best Stocks To Buy Today,1.0,0.149,0.836,0.016
10,"The Zacks Analyst Blog Highlights: Meta Platforms, NVIDIA, Toyota Motor, Coca-Cola and S&amp;P Global",0.997,0.122,0.852,0.026
