﻿,Titles,Polarity,Positive,Neutral,Negative
0,Troubling Tuesday: Second Selloff in Seven Sessions Comes as Tech Gets Hit by Yield Climb,0.996,0.11,0.82,0.07
1,Jim Simons’ Quant Hedge Fund is Buying These 10 Stocks,1.0,0.095,0.883,0.022
2,Why Nvidia Stock Dropped Again Today,0.896,0.14,0.811,0.048
3,Should I Avoid Taiwan Semiconductor Mfg. Co. Ltd. (TSM)?,0.998,0.107,0.871,0.021
4,"Treasury Yields Hit Highest Level Since June, Weighing On Tech Sector In Particular",0.998,0.119,0.804,0.077
5,Hedge Funds Aren’t Crazy About Tesla Inc. (TSLA) Anymore,0.997,0.091,0.89,0.02
6,3 Growth Stocks That Expect to Boost Sales by at least 180% in the Next 5 Years,0.593,0.194,0.806,0.0
