﻿,Titles,Polarity,Positive,Neutral,Negative
0,Dow Jones Futures: Market Rally Fizzles As Capitol Hill Deadlines Loom; Tesla Holds In Buy Range,0.128,0.108,0.811,0.081
1,Hunt for a Red October: Stocks to Buy During Correction,0.996,0.182,0.812,0.005
2,"Market Recap: Wednesday, September 29",0.527,0.095,0.905,0.0
3,Why Shares of NXP Semiconductors Are Moving Lower Today,0.567,0.088,0.84,0.072
4,Analyst Remains Bullish On Micron And These 2 Semiconductor Stocks Following Mixed Earnings,0.996,0.168,0.815,0.017
5,Will the Semiconductor Shortage Continue Into 2022?,0.361,0.048,0.91,0.043
6,10 Stocks to Buy Today According to Phil Frohlich’s Prescott Group Capital Management,0.999,0.083,0.905,0.013
7,"NVIDIA CEO Jensen Huang to Unveil New AI Technologies, Products in GTC Keynote; Hundreds of Industry and AI Leaders to Speak at November Event",0.991,0.064,0.926,0.01
8,"NVIDIA CEO Jensen Huang to Unveil New AI Technologies, Products in GTC Keynote; Hundreds of Industry and AI Leaders to Speak at November Event",0.992,0.06,0.93,0.01
9,Analysts are Raising Price Targets of These 10 Stocks,0.999,0.109,0.871,0.02
10,3 Stocks I'm Never Selling,0.921,0.252,0.748,0.0
