﻿,Titles,Polarity,Positive,Neutral,Negative
0,"US STOCKS-Wall Street ends sharply up, fueled by Nvidia and Amazon",0.98,0.089,0.875,0.036
1,"US STOCKS-Nasdaq ends sharply up, fueled by Nvidia and Amazon",0.976,0.092,0.876,0.032
2,Top 10 Trending Stocks Today,0.998,0.127,0.827,0.045
3,"Investors Piling into NVIDIA, Chip Stocks Despite Weak Outlook",0.998,0.147,0.821,0.032
4,"US STOCKS-Nasdaq rallies, fueled by Nvidia and Amazon",0.977,0.092,0.869,0.04
5,Nvidia Stock: 3 Reasons to Be Bearish After Earnings,-0.273,0.0,0.94,0.06
6,"Nvidia Analysts Cut Price Targets After ‘Ugly’ Results, But Some Still Say Buy the Stock",0.0,0.0,1.0,0.0
7,Stock Market Today: Dow Racks Up 2-Day Gain as Tech Reigns Supreme Ahead of Powell,0.965,0.098,0.847,0.055
8,7 Semiconductor Stocks to Buy on the Dip,0.999,0.122,0.845,0.033
9,"Nvidia's Earnings Were Disappointing, but Here Are 3 Reasons Why I'm Still Bullish",0.751,0.153,0.847,0.0
10,Nvidia Investors Should Embrace a Drop in the Stock Price,0.0,0.0,1.0,0.0
11,"AMD, Nvidia, Intel: Things Aren't Looking Good for Semiconductors",0.526,0.093,0.878,0.029
12,"Nvidia says inventory, macroeconomic issues caused Q2 slowdown",0.987,0.064,0.922,0.014
13,"Is Gold Rush Over? Gaming Champ Nvidia Threw Miners A Bone, But Crypto Now Looking The Other Way",0.718,0.138,0.777,0.084
14,S&amp;P 500 Rises on Nvidia-Led Climb in Chips; Fed Summit Gets Underway,0.908,0.083,0.865,0.052
15,3 Metaverse Stocks with Multibagger Potential,0.999,0.16,0.824,0.016
16,"Stock Market Climbs; Nvidia, Salesforce, Retailer Mixed Earnings; IBD 50 Stock Tops Buy Point",-0.296,0.0,0.938,0.063
17,Was Cathie Wood Right to Dump Nvidia Stock Ahead of Weak Guidance?,0.0,0.0,1.0,0.0
18,US STOCKS-Wall St rises as investors await Fed's signals from Jackson Hole,0.768,0.075,0.86,0.065
19,"Nvidia stock: The key is ‘to get back to growth,’ analyst says",0.382,0.11,0.89,0.0
20,ETFs in Focus On Nvidia's Q2 Earnings Miss &amp; Weak Outlook,0.991,0.093,0.862,0.045
21,"Nvidia Stock Rebounds After Q2 Earnings, Weak Gaming Chip Sales Outlook",0.273,0.147,0.853,0.0
22,"NVIDIA (NVDA) Tumbles on Weak Q2 Earnings, Dim Q3 Guidance",0.995,0.082,0.886,0.032
23,Nvidia Stock Falls 5% as Weak Gaming Outlook Torpedoes Guidance,-0.586,0.0,0.758,0.242
24,Nvidia's Results Were Ugly: Here's What I'll Need to Invest,-0.781,0.0,0.696,0.304
25,"Nvidia sees weakness in gaming, strength in data centers in Q2",0.0,0.0,1.0,0.0
26,US STOCKS-Wall St set to rise at open as investors focus on Jackson Hole meet,0.871,0.082,0.854,0.064
27,Dow Jones Futures Rise On China Stimulus: Nvidia Leads Earnings Movers; Tesla Rallies After Stock Split,-0.064,0.067,0.855,0.077
28,2 Tech Favorites Receive Polar Opposite Reactions to Their Results,-0.67,0.0,0.744,0.256
29,"Tesla, Nvidia, Snowflake, Peloton, and More Stock Market Movers Thursday",0.459,0.081,0.89,0.029
30,"Market's Thin Green Line, St. Jerome's Visit, Trading Salesforce and Nvidia",0.0,0.0,1.0,0.0
31,Biden’s Student Loan Stimulus Gives Powell Another Reason to Be Hawkish,0.026,0.051,0.901,0.048
32,U.S. Stocks Rise as Investors Await Fed Confab,-0.026,0.059,0.882,0.059
33,"Stocks Higher, Nvidia, Salesforce, Tesla, And PlayStation Price Hikes - Five Things To Know",0.029,0.045,0.913,0.042
34,"Peloton, Abercrombie &amp; Fitch Fall Premarket; Snowflake, Amazon, Tesla Rise",0.9,0.107,0.826,0.067
35,Nvidia (NVDA) Q2 2023 Earnings Call Transcript,0.671,0.113,0.887,0.0
36,Dow Jones Futures Rise: Warren Buffett Stock Has New Buy Point; Nvidia Leads Earnings Movers,0.202,0.091,0.909,0.0
37,10 Best Small-Cap AI Stocks,1.0,0.158,0.815,0.027
38,"Nvidia has faced this type of downturn before, and seems to have a specific goal in mind this time",-0.769,0.0,0.899,0.101
39,Nvidia Q2 FY2023 Earnings Report Recap,-0.296,0.0,0.872,0.128
