﻿,Titles,Polarity,Positive,Neutral,Negative
0,"4 Top Stock Trades for Friday: AMC, NVDA, BBY, RKT",0.998,0.151,0.811,0.038
1,Nvidia Stock Fell After Blockbuster Earnings. Why Some Analysts Are Getting More Bullish.,-0.459,0.0,0.864,0.136
2,US STOCKS-Wall Street ekes out gain as weekly jobless claims fall,0.996,0.123,0.84,0.037
3,The chip shortage is pitting bitcoin miners against gamers,0.974,0.088,0.872,0.04
4,The chip shortage is pitting bitcoin miners against gamers,-0.402,0.0,0.883,0.117
5,Nvidia is Yahoo Finance’s investment idea of the day,0.0,0.0,1.0,0.0
6,US STOCKS-Wall Street edges up as weekly jobless claims fall,0.994,0.11,0.86,0.03
7,"Wall Street Near Unanimous NVIDIA's ""Exceptional"" Q1 Gives It More Room to Run",-0.221,0.0,0.951,0.049
8,Bitcoin Investing vs. Invisible Hardware of the Nanocosm,1.0,0.165,0.811,0.024
9,"Nvidia overdelivers again, and don’t expect that to end soon",0.382,0.11,0.89,0.0
10,Nvidia’s Cryptocurrency Puzzle Gets Less Vexing,0.612,0.242,0.675,0.083
11,S&amp;P 500 Ekes Out Gain as Industrials Keep Bulls in Control,0.982,0.09,0.869,0.041
12,"Nvidia is trying to prevent another ‘crypto hangover,’ and analysts think it’s a ‘smart move’",0.382,0.155,0.774,0.071
13,"Nvidia reports record quarter, crypto mining sales fall",0.0,0.0,1.0,0.0
14,Nvidia Blockbuster Q1 Earnings Put These ETFs in Focus,0.999,0.177,0.795,0.028
15,"Dow Jones Jumps As Republicans, Biden Advance Infrastructure Talks; Nvidia Falls Despite 'Fantastic' Earnings",0.494,0.138,0.862,0.0
16,"US STOCKS-S&amp;P 500, Dow inch higher as weekly jobless claims dip",0.984,0.096,0.879,0.024
17,S&amp;P 500 Hovers as Industrials Jump; Reddit Short-Squeeze Returns,0.959,0.074,0.882,0.044
18,"Dow Jones Today Rallies, Stocks Open Mixed After GDP, Jobs Data; Ford, Boeing Rally; Best Buy Leads Retail Charge",0.0,0.0,1.0,0.0
19,"Dow Jones Today Rallies, Stocks Open Mixed After GDP, Jobs Data; Ford, Boeing Rally; Best Buy Leads Retail Charge",0.0,0.0,1.0,0.0
20,"NVIDIA’s Q1 Profit Jumps 103% as Gaming, Data Center Revenue Boom",0.992,0.133,0.856,0.011
21,"Nvidia record earnings, Snowflake sees slow growth, Best Buy beats",0.637,0.116,0.884,0.0
22,NVIDIA (NVDA) Crushes Q1 Earnings Estimates on Solid Revenue Growth,0.998,0.097,0.891,0.013
23,Are These Top Gaming ETFs Still a Good Buy Post-Pandemic?,0.907,0.148,0.832,0.02
24,"Dow Jones Today, Futures Improve After GDP, Jobs Data; Ford, Boeing Rally; Best Buy Leads Retail Charge",0.0,0.0,1.0,0.0
25,US STOCKS-Dow set for higher open as jobless claims dip,0.99,0.106,0.874,0.02
26,"Dow Jones Futures: Nvidia, Williams-Sonoma Headline Earnings Movers, Econ Data Looms; Ford Leading As Tesla Lags",0.0,0.0,1.0,0.0
27,Nvidia's Performance was Amazing - Buy It Now,0.248,0.081,0.866,0.053
28,NVIDIA Shares Ease After Topping Earnings Forecasts,0.989,0.104,0.871,0.025
29,"Dissipating Fear, Too Much Cash, Elizabeth Warren, Software for Sale, Nvidia",0.077,0.053,0.947,0.0
30,Nvidia Recovers Premarket As Q1 Update Points To Supply Chain Issues,0.71,0.056,0.91,0.034
31,Nvidia Shares Slip as Crypto Mining Sales Impact Clouds Solid Earnings,0.55,0.164,0.755,0.08
32,NVIDIA Corp (NVDA) Q1 2022 Earnings Call Transcript,0.0,0.0,1.0,0.0
33,"China Trade Talks, Covid Scrutiny and Jobless Claims - What's Moving Markets",-0.154,0.062,0.882,0.057
34,"Nvidia, Costco, Salesforce, Apple and GDP - 5 Things You Must Know",0.403,0.121,0.879,0.0
35,Crypto boom is just the icing on top of a sweet year for Nvidia,0.765,0.185,0.815,0.0
