﻿,Titles,Polarity,Positive,Neutral,Negative
0,"Dow Jones Rallies With China Set For Evergrande Collapse; Microsoft, Nvidia Offer Entries; Meme Stock Surges",0.382,0.106,0.894,0.0
1,10 Best Micro-Cap Stocks to Invest In,0.999,0.114,0.852,0.034
2,Nvidia’s (NASDAQ:NVDA) Road Ahead May be Bumpy as the Company Plays the Long Game with Metaverse Strategy,0.993,0.087,0.907,0.007
3,11 Best Growth Stocks To Buy According To Ray Dalio,1.0,0.134,0.852,0.014
4,September Sell-Off: 2 Top Stocks to Buy Now,-0.178,0.056,0.858,0.086
5,Finding Breakout Stocks: How To Predict A Breakout Using This Chart Pattern,0.273,0.11,0.89,0.0
6,Dow Jones Futures Rise Despite China's Evergrande Default Warning After Fed Fuels Market Rally,0.542,0.22,0.78,0.0
7,Fed Gives Bond-Buy Tapering Signal Without Timeline: 5 Picks,1.0,0.176,0.811,0.013
8,Dow Jones Futures Rise Amid Mixed Evergrande News After Fed Meeting Fuels Stock Market Rally,0.542,0.22,0.78,0.0
9,Should Franklin LibertyQ U.S. Equity ETF (FLQL) Be on Your Investing Radar?,0.996,0.113,0.854,0.033
