﻿,Titles,Polarity,Positive,Neutral,Negative
0,Why Nvidia Shares Rose on a Down Day,0.557,0.167,0.779,0.054
1,"Chip Stocks Like Nvidia, Intel Keep Plunging to New Lows. It’s No Time to Bargain Hunt.",0.162,0.151,0.731,0.118
2,10 Best 52-Week Low Small-Cap Stocks to Buy Now,0.999,0.12,0.832,0.048
3,How to Read Financial Statements Series: Nvidia Stock Deep Dive,0.0,0.0,1.0,0.0
4,ARM listing: Why UK is desperate for Cambridge chipmaker to pick London,0.25,0.048,0.912,0.04
5,2 Artificial-Intelligence Growth Stocks Shaping the Future of Technology,0.915,0.213,0.787,0.0
6,New UK Government Wants To Push Softbank For Listing Arm IPO in UK,0.954,0.109,0.834,0.057
