﻿,Titles,Polarity,Positive,Neutral,Negative
0,Nvidia (NVDA) Stock Sinks As Market Gains: What You Should Know,0.99,0.1,0.883,0.016
1,Is Nvidia Stock A Buy As Bounce Offers New Entry?,0.44,0.108,0.892,0.0
2,Why Nvidia Stock Dropped This Morning,0.124,0.021,0.979,0.0
3,Why This 1 Computer and Technology Stock Could Be a Great Addition to Your Portfolio,0.999,0.167,0.833,0.0
4,"The Zacks Analyst Blog Highlights: Apple, Microsoft, NVIDIA, Danaher Corp and Costco",1.0,0.161,0.821,0.017
5,S&amp;P 500 ETF's Best Day Since July: 6 Winning Stocks,0.996,0.129,0.829,0.042
