﻿,Titles,Polarity,Positive,Neutral,Negative
0,Chip Stocks Tumbled on Fed Minutes. Intel Was an Exception.,-0.296,0.0,0.885,0.115
1,"Dow Jones Futures: Hawkish Fed Slams Market Rally; Tesla, Microsoft, Google Break Key Levels",-0.052,0.0,0.934,0.066
2,Chip Execs Say There’s No Short-Term Fix for Supply Shortage,-0.961,0.056,0.846,0.098
3,"Why Intel Popped, but AMD and Nvidia Dropped Today",0.896,0.158,0.842,0.0
4,"Neville Rodie &amp; Shaw Inc Buys Cleveland-Cliffs Inc, Palo Alto Networks Inc, Novo Nordisk ...",0.994,0.054,0.942,0.004
5,10 Metaverse Stocks to Invest In,0.999,0.096,0.883,0.021
6,NVIDIA's (NVDA) DRIVE Orin SoC to Power TuSimple's ADC Unit,0.995,0.09,0.91,0.0
7,3 Reasons to Sell AMD in 2022,0.958,0.243,0.717,0.04
8,4 Solid Semiconductor Stocks to Buy Amid Soaring Demand,0.998,0.133,0.837,0.031
9,CES 2022 is about to officially start — without tech’s biggest names,-0.44,0.0,0.9,0.1
10,3 “Strong Buy” Stocks for the Metaverse Revolution,1.0,0.157,0.833,0.011
