﻿,Titles,Polarity,Positive,Neutral,Negative
0,Dow Jones Futures: 2022's First Real Market Rally Gains Steam; Five Stocks Flash Buy Signals,-0.19,0.081,0.81,0.109
1,Stocks turn positive as major averages head for weekly gains,0.0,0.0,1.0,0.0
2,"GameStop rises after earnings miss, Didi leads Chinese tech stock gains, Nvidia stock soars",0.0,0.0,1.0,0.0
3,"Stocks turn positive to end the week, led by megacap sectors",0.273,0.075,0.925,0.0
4,Nvidia Stock Is Rallying. Next Week’s GTC Conference Can Keep It Going.,0.103,0.069,0.931,0.0
5,Dow Jones Erases Losses As Indexes Trade Near Highs; Semiconductor Stocks Show Renewed Strength,0.0,0.0,1.0,0.0
6,3 Growth Stocks with the Best Chance of Bottoming,0.997,0.128,0.83,0.042
7,Why Nvidia Stock Moved Even Higher Today,-0.153,0.0,0.97,0.03
8,"S&amp;P 500 in Best Week Since November 2020, Brushing Off Calls for Fed to Do More",0.651,0.069,0.879,0.053
9,Can Nvidia Rally Despite an Ongoing Bear Market?,-0.009,0.131,0.737,0.132
10,Nvidia: All Eyes on Analyst Day,0.984,0.108,0.85,0.042
11,"US STOCKS-Nasdaq, S&amp;P rise on tech boost after Biden-Xi talks",0.969,0.081,0.881,0.038
12,10 Best Roth IRA Stocks To Buy in 2022,1.0,0.131,0.843,0.026
13,Why Nvidia Stock Rocketed 18% Higher This Week,0.953,0.198,0.802,0.0
14,Why Is Nvidia (NVDA) Up 1.1% Since Last Earnings Report?,0.992,0.078,0.898,0.024
15,"Thinking about trading options or stock in NVIDIA, Alibaba, Microsoft, Exxon Mobil, or Cisco Systems?",0.924,0.093,0.894,0.013
16,S&amp;P 500 Climbs as Tech Continues Comeback,0.831,0.067,0.893,0.041
17,"Stock Market Mainly Higher, With Indexes On Pace For A Bullish Distinction; Nvidia Climbs Ahead Of Big Week",0.637,0.102,0.898,0.0
18,"Nasdaq outperformers: Nvidia, Tesla, DocuSign",0.0,0.0,1.0,0.0
19,"The Zacks Analyst Blog Highlights Apple, Marriott International, NVIDIA, Analog Devices, and Micron Technology",1.0,0.159,0.824,0.017
20,3 Metaverse Stocks to Buy Right Now,0.16,0.036,0.946,0.018
21,"Midday Movers: Tesla, Nvidia Make Gains, FedEx Slides",0.956,0.102,0.88,0.018
22,Why NVIDIA's (NASDAQ:NVDA) Price Levels May not be Sustainable,0.995,0.101,0.879,0.02
