﻿,Titles,Polarity,Positive,Neutral,Negative
0,"Ayrshire Capital Management LLC Buys Adobe Inc, NVIDIA Corp, Qualcomm Inc, Sells Fidelity ...",0.984,0.065,0.928,0.007
1,"Dow Jones Futures: Market Rally Pauses But Tesla, AMAT Pop; Apple Chipmaker Near Buy Point With Earnings Due",0.665,0.19,0.81,0.0
2,The Top 10 Best-Performing Stocks of 2021,1.0,0.121,0.838,0.041
3,"Kmg Fiduciary Partners, Llc Buys NVIDIA Corp, PayPal Holdings Inc, Delta Air Lines Inc, Sells ...",0.987,0.046,0.942,0.012
4,"The Zacks Analyst Blog Highlights: Taiwan Semiconductor, Apple, Advanced Micro Devices and NVIDIA Corp",1.0,0.163,0.814,0.023
5,Why Nvidia Stock Popped Again,0.658,0.068,0.895,0.037
6,"BofA cuts overdraft fees, DoorDash CEO to join Meta's board, celebrities sued for alleged 'crypto scam'",-0.361,0.07,0.835,0.095
7,"Nvidia takes top spot as Facebook, Zoom tumble in Glassdoor ranking",0.671,0.169,0.831,0.0
8,"Hoffman, Alan N Investment Management Buys NVIDIA Corp, Vanguard Mega Cap Growth ETF, SPDR ...",0.991,0.089,0.911,0.0
