﻿,Titles,Polarity,Positive,Neutral,Negative
0,Absci's CEO on what lured the biotech to the Big Apple,0.395,0.041,0.959,0.0
1,Microsoft ‘has pretty good guidance going forward’ compared to other tech stocks: Analyst,1.0,0.119,0.864,0.017
2,"Down 45% From Its Highs, This Is a Great Time to Buy Nvidia Stock",0.99,0.092,0.89,0.018
3,Is Nvidia Stock a Buy After Falling 40% From All-Time Highs?,0.026,0.088,0.825,0.087
4,Smart Investors Will Buy Nvidia Stock As It Hits a New 2022 Low,0.995,0.122,0.801,0.077
5,Dow Futures Move Higher Amid Big Tech Earnings,0.758,0.068,0.875,0.057
6,Why Nvidia Stock Tanked Another 4% Today,0.035,0.091,0.821,0.088
7,Tech Sell-Off: 2 Beaten-Down Stocks That Could Set the Market on Fire,0.361,0.09,0.844,0.066
8,"Stock Market Today: Dow in Bloodbath as Earnings Disappoint, Tech Tanks",-0.98,0.071,0.81,0.119
9,"Tech stocks ‘seeing the bursting of a bubble,’ researcher says",-0.743,0.0,0.799,0.201
10,Better Semiconductor Stock: Taiwan Semiconductor vs. Nvidia,0.202,0.059,0.897,0.044
11,Don’t Worry That Falling Graphics Card Prices Will Hurt AMD Stock,0.998,0.119,0.836,0.044
12,Chip startups using light instead of wires gaining speed and investments,0.967,0.068,0.914,0.019
