﻿,Titles,Polarity,Positive,Neutral,Negative
0,7 Founder-Led Stocks to Buy and Hold Forever,0.998,0.087,0.872,0.041
1,"Tech stocks hit lows after pandemic peak, Amazon and Apple among biggest laggards",0.0,0.0,1.0,0.0
2,"Energy and retail stocks lead markets down, Treasury yields move higher",0.0,0.0,1.0,0.0
3,"Why Shares of Micron Technology, Nvidia, and AMD Fell Today",0.214,0.167,0.767,0.066
4,"As tech melts down, a truth remains: Semiconductors are eating the world",0.743,0.125,0.851,0.024
5,"1 Semiconductor Stock with 141% Upside, According to Wall Street",0.755,0.119,0.881,0.0
6,16 Best Beginner Stocks To Invest In Right Now,1.0,0.138,0.819,0.043
7,Stocks 'still do not look cheap': Goldman Sachs,0.974,0.103,0.837,0.06
