﻿,Titles,Polarity,Positive,Neutral,Negative
0,7 Beaten-Down Tech Stocks to Buy for the Long Term,0.999,0.135,0.824,0.041
1,"Top Research Reports for NVIDIA, Coca-Cola &amp; Thermo Fisher",0.999,0.155,0.804,0.041
2,Nvidia (NVDA) Stock Sinks As Market Gains: What You Should Know,0.996,0.126,0.859,0.015
3,Why AMD Shares Fell 11% Last Month,-0.141,0.12,0.783,0.098
4,7 Virtual Reality Stocks Bringing Web 3.0 to Life,1.0,0.109,0.885,0.006
5,How Nvidia became a giant of the chip industry,0.988,0.089,0.879,0.033
6,10 Penny Stocks to Buy in April,1.0,0.128,0.86,0.012
7,5 Dividend Growth Stocks for Safe Income Amid Volatility,1.0,0.194,0.798,0.009
8,Better Metaverse Chip Stock: Nvidia vs. Qualcomm,0.818,0.174,0.826,0.0
9,"Dow Jones Futures Rise After Federal Reserve Fears Strain Market Rally; Tesla, Nvidia Make Key Moves",-0.422,0.0,0.865,0.135
