﻿,Titles,Polarity,Positive,Neutral,Negative
0,Can Intel Buck Its Earnings Trend?,-0.239,0.0,0.836,0.164
1,"Sterling Investment Advisors Llc  Buys NVIDIA Corp, Microsoft Corp, Tesla Inc, Sells U.S. Bancorp",0.984,0.077,0.915,0.008
2,Why I’m Happy About Today’s Selloff,0.999,0.121,0.853,0.026
3,Texas Instruments (TXN) Q4 Earnings and Revenues Top Estimates,0.996,0.098,0.894,0.008
4,7 Dividend Paying Stocks With Large Share Buyback Programs,1.0,0.1,0.889,0.011
5,10 Low Profile Stocks that Surprised in 2021,1.0,0.144,0.832,0.024
6,Chip sector flirting with bear-market territory as semiconductor earnings kick off,-0.459,0.0,0.912,0.088
7,HPE Offers Werder Bremen Edge-to-Cloud &amp; Analytical Solutions,0.999,0.135,0.861,0.004
8,"Genesee Capital Advisors, LLC Buys SPDR Portfolio TIPS ETF, Synchrony Financial, Archer-Daniels ...",0.995,0.059,0.937,0.004
9,Stocks plunge as investors await Fed meeting,0.0,0.0,1.0,0.0
10,Nvidia Quietly Looks To Dump Its Arm Ambitions,0.827,0.115,0.805,0.08
11,"Nvidia Preparing To Abandon Arm Acquisition, Report Says",-0.44,0.0,0.868,0.132
12,Nvidia preparing to abandon $40 billion ARM deal,0.0,0.0,1.0,0.0
13,$40bn Arm takeover in doubt amid mounting Nvidia gloom,0.34,0.071,0.866,0.063
14,"Market strategist: 'Until we get capitulation, we won't see a bottom'",0.382,0.069,0.931,0.0
15,Nvidia Places First in GlassDoor Ranking of Best Workplaces,0.477,0.179,0.746,0.075
16,Why Nvidia Stock Dropped Again Today,0.379,0.139,0.769,0.092
17,"Market check: Stocks fall across the board, bitcoin rallies",-0.44,0.035,0.856,0.108
18,7 Best Technology Stocks to Buy After the Big Dip,0.999,0.112,0.863,0.025
19,"Retail investors played a big role in both wild market rout and the reversal, data suggests",0.889,0.048,0.927,0.025
20,Meta: 'World's Fastest Computer' Coming This Summer,0.997,0.125,0.851,0.024
21,"3 Not-So-Obvious Stocks for the ""New Space Race""",0.625,0.108,0.862,0.03
22,Nvidia Said Preparing to Abandon $40 Billion Arm Deal,-0.44,0.0,0.903,0.097
23,Nvidia said to be preparing to abandon $40B plan to buy Arm,0.477,0.097,0.903,0.0
24,"Dow Jones Tumbles As Selling Returns Ahead Of Fed Meeting; Apple, Nvidia, Tesla Sell Off",0.0,0.0,1.0,0.0
25,"Asset Management Corp  Buys Ford Motor Co, Salesforce.com Inc, iShares U.S. ...",0.999,0.102,0.895,0.004
26,Nvidia stock falls after report says company could give up on Arm deal,0.296,0.066,0.934,0.0
27,"Dow Jones Futures Tumble As Selling Returns Ahead Of Fed Meeting; Apple, Nvidia, Tesla Sell Off",0.0,0.0,1.0,0.0
28,Better Buy: Nvidia vs. Digital Realty,0.593,0.105,0.822,0.072
29,Nvidia Quietly Prepares to Abandon $40 Billion Arm Bid,0.995,0.089,0.872,0.038
30,Nvidia Stock Slides on Plans to Abandon Arm Acquisition: Report,0.855,0.192,0.778,0.03
31,Is Invesco Dynamic Semiconductors ETF (PSI) a Strong ETF Right Now?,0.995,0.112,0.862,0.026
32,UPDATE 2-Nvidia preparing to walk away from Arm acquisition - Bloomberg News,0.631,0.065,0.889,0.046
33,Nvidia preparing to walk away from Arm acquisition - Bloomberg News,0.579,0.081,0.865,0.054
34,Nvidia Stock Slides On Report It Will Abandon $40 Billion Arm Takeover,0.0,0.098,0.804,0.098
35,"Selloff to Resume, Microsoft Earnings, German Confidence - What's Moving Markets",-0.797,0.064,0.865,0.071
36,Nvidia Falls on Report It Plans to Drop ARM Takeover,0.154,0.07,0.865,0.065
37,"IBM, Microsoft, Tesla, Nvidia and Stock Markets - Five Things You Must Know",0.422,0.174,0.725,0.1
