﻿,Titles,Polarity,Positive,Neutral,Negative
0,"BofA Picks Nvidia As Top Pick; Expresses Bullishness On Marvell, AMD, ON Semiconductor",0.994,0.184,0.809,0.007
1,Nvidia's Potential Is Massive as 2 New Data Center Types Emerge,0.382,0.065,0.935,0.0
2,9 Dividend Stocks to Buy According to Hari Hariharan’s NWI Management,1.0,0.122,0.874,0.004
3,Nvidia Is Named a Top Semi Stock at BofA. Here’s What It Likes About the Stock.,0.788,0.266,0.734,0.0
4,Why AMD and Nvidia Investors Should Be Excited This Week,0.599,0.114,0.886,0.0
5,"If You Invested $10,000 in Nvidia 10 Years Ago, This Is How Much You Would Have Today",0.751,0.064,0.936,0.0
6,Is It Too Late to Buy Nvidia Stock?,0.557,0.099,0.901,0.0
7,3 Stocks to Take Advantage of the Increased Spending in Data Centers,0.318,0.071,0.929,0.0
