﻿,Titles,Polarity,Positive,Neutral,Negative
0,Markets check: Stocks rise as indexes aim to pare weekly losses,0.34,0.076,0.924,0.0
1,1 Reason Why Nvidia Stock Is Rising Today,0.869,0.194,0.806,0.0
2,7 Tech Stocks Due for a Stunning Short Squeeze,0.999,0.144,0.787,0.068
3,SoftBank's Arm chip unit posts record revenue as it prepares for IPO,0.0,0.0,1.0,0.0
4,This Semiconductor Giant Just Reported Over 50% Growth,0.0,0.0,1.0,0.0
5,NVIDIA Corporation (NVDA) Is a Trending Stock: Facts to Know Before Betting on It,0.999,0.128,0.864,0.008
6,"The Time is Coming to Buy Nvidia Stock, but It’s Not Now",0.979,0.078,0.891,0.031
