﻿,Titles,Polarity,Positive,Neutral,Negative
0,"Stocks end the week under pressure, Twitter and Tesla among laggards",0.0,0.0,1.0,0.0
1,Higher interest rates are creating ‘a lot of fear and anticipation’ in the market: Strategist,0.052,0.082,0.842,0.076
2,The Best (And Worst) Stocks for Rising Prices,0.907,0.096,0.831,0.073
3,Is Nvidia Stock A Sell? NVDA Stock Eyes Impact From Russia-Ukraine War,0.0,0.0,1.0,0.0
4,The Curious Reason Nvidia Stock Slumped on Thursday,-0.241,0.071,0.826,0.103
5,"Top Millennial, Gen Z Stock Picks Shift To Energy Stocks; But Tesla Still No. 1",0.287,0.097,0.903,0.0
6,"Credit Suisse Gains Conviction On Luminar, Thanks To Volvo, Mercedes, Nvidia",0.997,0.242,0.751,0.007
7,10 Cryptocurrencies Redditors are Buying in April,1.0,0.148,0.821,0.031
8,The NVIDIA and GameStop have been highlighted as Zacks Bull and Bear of the Day,1.0,0.122,0.836,0.042
9,"Company News for Apr 14, 2022",0.972,0.195,0.742,0.063
10,"Zacks.com featured highlights include NVIDIA, ConocoPhillips, and Alcoa",0.999,0.128,0.861,0.011
11,2 Monster Growth Stocks to Buy and Hold Through any Recession,-0.096,0.088,0.803,0.109
12,Top 5 Chip Makers at Lucrative Valuation for a Solid Portfolio,0.999,0.153,0.819,0.028
13,Keep an Eye Out for Ampere Computing After It Files for IPO,0.867,0.158,0.842,0.0
14,Bull Of The Day: NVIDIA (NVDA),0.999,0.138,0.835,0.027
15,These 2 High-Growth Stocks Could Power the Bull Market's Next Record Run,0.202,0.087,0.913,0.0
16,More Price Target Reductions Hit the Semiconductor Industry,0.863,0.425,0.575,0.0
