﻿,Titles,Polarity,Positive,Neutral,Negative
0,7 Bargain Stocks to Buy After the Selloff,1.0,0.164,0.803,0.033
1,SoftBank's chip tech firm Arm posts record 2021 revenue,0.929,0.059,0.92,0.022
2,10 Most Active Stocks To Buy Now,1.0,0.108,0.862,0.029
3,"Stocks end the day off session lows, Apple and Nvidia lead market laggards",-0.077,0.159,0.667,0.174
4,Could The Market Be Wrong About NVIDIA Corporation (NASDAQ:NVDA) Given Its Attractive Financial Prospects?,0.999,0.171,0.805,0.024
5,Why Nvidia Stock Is Still Going Down,-0.982,0.053,0.696,0.251
6,"Absci reports first-quarter loss, reiterates guidance for the year",0.0,0.0,1.0,0.0
7,Can Nvidia Stock Help Lead the Rebound in Tech Stocks?,0.988,0.122,0.811,0.067
8,"Stock Market Today: Dow Extends Losing Streak as Fed, Inflation Jitters Bite",-0.938,0.076,0.824,0.1
9,How to Invest in Web 3.0? 3 Stocks That Will Be the Long-Term Winner,1.0,0.158,0.832,0.01
