﻿,Titles,Polarity,Positive,Neutral,Negative
0,These 3 Household Tech Stocks Can Give Your Portfolio a Boost,1.0,0.192,0.774,0.034
1,Amazon announced its first stock split in more than 20 years,0.927,0.198,0.802,0.0
2,Technically Constructive: Higher Lows on Ukraine Talks,0.987,0.115,0.826,0.06
3,Market check: S&amp;P 500 on track for best day since May 2020,0.542,0.134,0.866,0.0
4,Why Nvidia Stock Is on Fire Today,0.296,0.034,0.966,0.0
5,"Market check: Stocks open higher, financials lead",0.0,0.0,1.0,0.0
6,"The Zacks Analyst Blog Highlights Microsoft, Amazon.com, NVIDIA, AbbVie and HSBC Holdings",0.999,0.146,0.834,0.019
7,2 Monster Growth Stocks Shaping the Future of Technology,-0.625,0.07,0.801,0.129
8,4 Stocks to Buy on Soaring Demand for Semiconductors,0.999,0.139,0.832,0.029
9,Advanced Micro Devices and MicroStrategy have been highlighted as Zacks Bull and Bear of the Day,1.0,0.149,0.829,0.022
10,Dow Jones Futures Jump After Stock Market Whipsaws Amid Russia Crude Oil Ban,-0.905,0.0,0.681,0.319
11,Should You Invest in the iShares Semiconductor ETF (SOXX)?,0.99,0.097,0.866,0.037
12,Bull of the Day: Advanced Micro Devices (AMD),1.0,0.139,0.848,0.013
