﻿,Titles,Polarity,Positive,Neutral,Negative
0,"As Nvidia Stock Breaks Out, Cloud And Chip Stocks GOOGL, MSFT, AMAT Set Up",0.296,0.084,0.916,0.0
1,5 Semiconductor Stocks to Buy on Rising Data Center Demand,1.0,0.166,0.817,0.017
2,5 Semiconductor Stocks to Buy on Rising Data Center Demand,1.0,0.166,0.817,0.017
3,"The Zacks Analyst Blog Highlights: Google, Apple, Facebook, NVIDIA and Texas Instruments",0.999,0.138,0.844,0.018
4,May Nonfarm Payrolls Report Shows Several Positives: 5 Picks,0.999,0.141,0.843,0.016
5,"Netflix No Longer Fits in FAANG, But Here's Who Does",0.477,0.205,0.731,0.064
