﻿,Titles,Polarity,Positive,Neutral,Negative
0,Economic Snapback and Euphoria: 6 Fundamental Charts You Have to See,1.0,0.136,0.839,0.025
1,"Breakout Watch: AI, Machine Learning Power Rising EPS Estimates For Nvidia Peer",0.0,0.0,1.0,0.0
2,"Top Analyst Reports for NVIDIA, Booking Holdings &amp; Altria",0.999,0.17,0.773,0.057
3,"Top Analyst Reports for NVIDIA, Booking Holdings &amp; Altria",0.999,0.18,0.756,0.064
4,Qualcomm cruises past analysts' earnings expectations on strength of phone sales,0.987,0.095,0.882,0.023
5,Investing In Stocks: See How To Invest Using 3 Simple Steps,0.818,0.288,0.712,0.0
6,NCR Stock Appreciates More Than 4% on Q1 Earnings Beat,0.997,0.122,0.857,0.021
7,NCR Stock Appreciates More Than 4% on Q1 Earnings Beat,0.997,0.122,0.857,0.021
8,"F5 Networks (FFIV) Q2 Earnings Top Estimates, Outlook Disappoints",0.998,0.115,0.875,0.01
9,"F5 Networks (FFIV) Q2 Earnings Top Estimates, Outlook Disappoints",0.998,0.115,0.875,0.01
10,The Argus ESG Model Portfolio,0.681,0.093,0.852,0.055
11,"Stock Picks: Google, Crocs, Nvidia Reveal 7 Telltale Traits Of Top Stocks To Buy",0.893,0.3,0.7,0.0
12,"Stock Picks: Google, Crocs, Nvidia Reveal 7 Telltale Traits Of Top Stocks To Buy",0.893,0.3,0.7,0.0
13,"Dow Falls As Apple Set To Report Earnings; Microsoft Tumbles, While Alphabet Jumps On Earnings",0.0,0.0,1.0,0.0
14,"If You Invested $1000 in Nvidia 10 Years Ago, This Is How Much You'd Have Now",0.998,0.145,0.83,0.025
15,Why NVIDIA's Data Center Move Should Give AMD and Intel Sleepless Nights,0.743,0.105,0.895,0.0
16,"Breakout Watch: AI, Machine Learning Power Rising EPS Estimates For Nvidia Peer",0.0,0.0,1.0,0.0
17,3 Great Reasons to Buy NVIDIA Stock,0.917,0.258,0.742,0.0
