﻿,Titles,Polarity,Positive,Neutral,Negative
0,Intel CEO: 'We will pursue opportunities with Apple',0.994,0.137,0.847,0.016
1,Report: Nintendo Will Turn to NVIDIA to Power Its Switch Pro Console,0.422,0.042,0.958,0.0
2,Intel doubles down on chip manufacturing with $20 billion investment,0.995,0.116,0.868,0.016
3,"Dow, Tech Stocks Fall As Powell Calls U.S. Economy 'Much Improved'; Boeing In Buy Range, While Tesla Reverses",-0.296,0.0,0.909,0.091
4,Nintendo Targets Upgraded Cost-Effective Nvidia Graphics Chip In 2021 Switch,0.973,0.1,0.881,0.019
5,Dow Jones Futures Fall: Are Tech Stocks Back? 3 Tech Giants Lead Stock Market Rally,-0.226,0.081,0.774,0.145
6,"The Zacks Analyst Blog Highlights: Micron Technology, NVIDIA, Analog Devices, Maxim Integrated Products and Intel",0.999,0.145,0.833,0.021
7,"The Zacks Analyst Blog Highlights: iRobot, Microsoft, Apple, NVIDIA and Tivity Health",0.998,0.097,0.882,0.021
8,"The Zacks Analyst Blog Highlights: iRobot, Microsoft, Apple, NVIDIA and Tivity Health",0.998,0.095,0.883,0.021
