﻿,Titles,Polarity,Positive,Neutral,Negative
0,These Highflying Chip Stocks Are Supported By Sustained Tailwinds,0.202,0.096,0.904,0.0
1,Nvidia Stock Got Two Price Target Hikes. The Market Shrugged.,0.813,0.102,0.898,0.0
2,Why Is Nvidia (NVDA) Up 12.4% Since Last Earnings Report?,0.996,0.091,0.89,0.019
3,"Nvidia, AMD, Marvell, KLAC Among Top Chip Picks at Bank of America",0.422,0.069,0.931,0.0
4,Columbia Fund Outperforms With Small Number Of Best Ideas,0.9,0.355,0.645,0.0
5,10 Biggest Price Target Changes For Friday,0.973,0.11,0.872,0.018
6,GameStop Stock Frenzy Shows What Happens When a Meme Hardens Into Belief,0.996,0.109,0.864,0.027
