﻿,Titles,Polarity,Positive,Neutral,Negative
0,Nvidia (NVDA) Gains As Market Dips: What You Should Know,0.988,0.093,0.885,0.022
1,"4 Top Stock Trades for Tuesday: ROKU, TLRY, NVDA, INTC",0.947,0.102,0.808,0.09
2,Apple is still bigger than all these companies combined,0.981,0.087,0.908,0.005
3,The top 50 stocks by market cap in the S&amp;P 500,0.521,0.234,0.766,0.0
4,Why TuSimple Stock Is Lower Today,0.637,0.128,0.833,0.038
5,These Semiconductor Stocks Called 'The New Oil' Of The Economy,0.637,0.224,0.776,0.0
6,"Murphy Capital Management Inc Buys Thermo Fisher Scientific Inc, NVIDIA Corp, Schwab U.S. ...",0.994,0.057,0.937,0.006
7,Why CES 2022 was Bad News for Advanced Micro Devices,0.996,0.109,0.849,0.042
8,Financial Stocks Lead New Buys By The Best Mutual Funds To Start 2022,0.494,0.151,0.849,0.0
9,"Buy the Dip: Nvidia, Disney, Amazon",0.382,0.126,0.874,0.0
10,"Market check: Dow plunges 500+ points, 10-year yield climbs, crypto stocks sell off",-0.738,0.038,0.919,0.043
11,"Alphabet (GOOGL) Adds Trending Section, Game Updates to Stadia",0.991,0.113,0.841,0.046
12,Why Nvidia Stock Soared in 2021,0.477,0.056,0.944,0.0
13,"Stocks: Zynga pops on Take-Two Interactive deal, Lululemon falls, Crocs down on sales jump",0.422,0.085,0.885,0.031
14,Top Tech Stocks for January 2022,0.477,0.042,0.958,0.0
15,"Stock Market News for Jan 10, 2022",-0.336,0.085,0.829,0.087
16,NVIDIA and The Gap have been highlighted as Zacks Bull and Bear of the Day,1.0,0.128,0.842,0.031
17,Bull Of The Day: NVIDIA (NVDA),0.998,0.1,0.873,0.027
18,"Dow Jones Futures Fall, Nasdaq Futures Off Sharply With Market Rally At Key Levels; What To Do Now",-0.103,0.0,0.94,0.06
19,This Robot Trader Is Betting on Big Gains for Tesla and Nvidia Stock. It’s Been Right Before.,0.0,0.0,1.0,0.0
20,"The Best Stocks to Invest $10,000 In Right Now",0.976,0.415,0.547,0.038
21,Tesla and Nvidia Are Picked for Big Gains by This Robot Trader. It’s Been Right Before.,0.0,0.0,1.0,0.0
22,Dow Jones Futures: Market Rally At Key Levels; What To Do Now,-0.103,0.0,0.94,0.06
23,Dow Jones Futures Fall With Market Rally At Key Levels; What To Do Now,-0.103,0.0,0.94,0.06
