﻿,Titles,Polarity,Positive,Neutral,Negative
0,Micron Stock Downgraded; Semiconductor Stocks Fall As Sentiment Turns,0.0,0.0,1.0,0.0
1,"Micron Stock Downgraded, Semiconductor Stocks Fall As Sentiment Turns",0.0,0.0,1.0,0.0
2,10 Penny Stocks Redditors are Buying in August,0.999,0.088,0.896,0.017
3,NVIDIA Founder and CEO Jensen Huang to Receive Semiconductor Industry's Top Honor,0.999,0.165,0.83,0.006
4,Dow Jones Falls As Jobless Claims Drop; Tesla Rival Nio Slides On Earnings,-0.103,0.075,0.833,0.091
5,Dow Jones Falls Despite Declining Jobless Claims; Tesla Rival Nio Slides On Earnings,-0.103,0.075,0.833,0.091
6,Dow Jones Drops Despite Declining Jobless Claims; Tesla Rival Nio Slides On Earnings,-0.103,0.075,0.833,0.091
7,"Dow Jones Today, Stocks Fade After Jobs, Price Reports; Palantir, Organon Surge On Earnings; 5 Breakout-Ready Leaders",-0.296,0.0,0.891,0.109
8,"Dow Jones Today, Futures Mixed After Jobs, Price Reports; Palantir, Celsius, eBay Earnings; 5 Breakout-Ready Leaders",0.0,0.0,1.0,0.0
