﻿,Titles,Polarity,Positive,Neutral,Negative
0,"Dow Jones Futures: Split Market Rally Returns As Apple, Nvidia Lead Tech Sell-Off; Janet Yellen Backs Off Rate Hike Warning",0.202,0.06,0.94,0.0
1,S&amp;P 500 Falls After Yellen Triggers Rate Hike Jitters,0.963,0.096,0.845,0.059
2,S&amp;P 500 Slips on Tech Wreck as Yellen Stokes Inflation Jitters,0.983,0.108,0.849,0.044
3,"Dow Jones Slides, Tech Stocks Dive As Apple Sells Off; Tesla Falls Below Key Level",0.402,0.101,0.899,0.0
4,Why NVIDIA Stock Rose 12% in April,0.477,0.086,0.914,0.0
5,Dow Jones Futures Slide As Apple Nears New Buy Point; Tesla Tests Key Level,0.128,0.118,0.786,0.096
6,4 Stocks to Watch Amid Skyrocketing Demand for Cloud Gaming,0.999,0.144,0.848,0.007
7,Dow Jones Futures Signal Modest Gains Amid Stock Market Rotation As Apple Nears New Buy Point; Tesla Tests Key Level,0.402,0.124,0.876,0.0
8,Software Storage Firm Vast Data Valued at $3.7 Billion in Round,0.921,0.068,0.916,0.017
9,Dow Jones Futures Fall: Stock Market Rotation? Apple Nears New Buy Point; Tesla Tests Key Level,0.128,0.118,0.786,0.096
10,Dow Jones Futures: Stock Market Rotation? Apple Nears New Buy Point; Tesla Tests Key Level,0.128,0.118,0.786,0.096
