﻿,Titles,Polarity,Positive,Neutral,Negative
0,Nvidia (NVDA) Gains But Lags Market: What You Should Know,0.996,0.123,0.869,0.008
1,"House passes the CHIPS Act, bill awaits signing by President Biden",0.938,0.091,0.89,0.02
2,3 Chip Stocks Up Double-Digits in July,0.996,0.105,0.884,0.011
3,Smartphones ‘still a very strong story for us’: Qualcomm CFO,0.999,0.142,0.841,0.017
4,Cathie Wood’s Top 15 Small-Cap Stock Picks,0.999,0.098,0.871,0.031
5,Why the Chips Act Won’t Be a Quick Fix for Chip Makers,0.691,0.208,0.753,0.039
6,3 Blue-Chip Stocks to Buy for a Bear Market,0.998,0.103,0.863,0.035
7,"8 Stocks With 1,000% Upside Potential",1.0,0.143,0.809,0.048
