﻿,Titles,Polarity,Positive,Neutral,Negative
0,Nvidia Stock Loses a Wall Street Supporter,0.928,0.064,0.895,0.041
1,Top Tech Stocks for April 2022,0.477,0.042,0.958,0.0
2,"4 Top Stock Trades for Wednesday: WMT, SMH, DAL, ABBV",0.975,0.108,0.82,0.072
3,Here's Why BofA Views Nvidia As Leading Growth Company In Semis,0.948,0.109,0.829,0.063
4,"The end of one-chip wonders: Why Nvidia, Intel and AMD’s valuations have experienced massive upheaval",0.0,0.0,1.0,0.0
5,"Top Research Reports for Apple, Berkshire Hathaway &amp; JPMorgan Chase",0.999,0.174,0.772,0.054
6,Buy the Dip in Nvidia Stock or Wait for Lower Prices?,-0.649,0.0,0.798,0.202
7,Why Nvidia Stock Will Bounce Around Today,0.477,0.077,0.893,0.031
8,Meta (FB) Tests Tools to Sell Digital Assets in Virtual Reality,0.996,0.113,0.874,0.013
9,"CPI Day, Runaway Inflation, Bond Yields, Trading Microsoft, Nvidia, AMD and More",0.557,0.126,0.874,0.0
10,1 Massive Green Flag for Nvidia's Future,0.844,0.108,0.892,0.0
