﻿,Titles,Polarity,Positive,Neutral,Negative
0,"Dow Jones Futures: Market Rally Survives Wild Week, Bitcoin Remains Active; Follow Google, Nvidia, Tesla",0.285,0.097,0.903,0.0
1,"4 Top Stock Trades for Monday: F, NVDA, FL, SPCE",0.998,0.141,0.827,0.031
2,"Nvidia plans first stock split in nearly 14 years, after 1,600%-plus in gains",0.296,0.087,0.913,0.0
3,Nvidia up after setting four-for-one stock split,0.757,0.089,0.911,0.0
4,These Are the 2 Nasdaq Stocks to Watch Next Week,0.402,0.137,0.863,0.0
5,NVIDIA Announces 4-for-1 Stock Split,0.785,0.143,0.824,0.033
6,2 More Directors Depart from SoftBank Group: FT,0.494,0.055,0.903,0.042
7,"Bitcoin's damaged technicals, getting bullish on Roblox",0.997,0.119,0.839,0.042
8,Here’s Why NVIDIA Corp. (NVDA) Became a Material Contributor in Vulcan Value’s Q1 Portfolio,0.997,0.144,0.842,0.015
9,S&amp;P 500 Falls for Second Week as Tech Stutters,0.986,0.115,0.84,0.046
10,Why Nvidia Stock Jumped After Announcement Of Four-For-One Split?,0.985,0.105,0.864,0.03
11,"Nvidia Stock Pops On 4-For-1 Stock Split, Earnings Expectations",0.0,0.0,1.0,0.0
12,"Applied Materials (AMAT) Q2 Earnings &amp; Sales Beat, Rise Y/Y",0.997,0.106,0.887,0.007
13,What's in Store for DXC Technology (DXC) This Earnings Season?,0.994,0.105,0.886,0.009
14,What's in Store for DXC Technology (DXC) This Earnings Season?,0.994,0.105,0.886,0.009
15,15 Best American Stocks to Buy Now,1.0,0.127,0.854,0.019
16,15 Best American Stocks to Buy Now,1.0,0.127,0.854,0.019
17,S&amp;P in Choppy Trade as Tech Sluggish Amid Rotation From Growth to Value,0.991,0.124,0.837,0.039
18,What's in the Offing for NVIDIA (NVDA) This Earnings Season?,0.998,0.122,0.87,0.008
19,"Nvidia sets 4-for-1 stock split, shares rise",0.97,0.137,0.863,0.0
20,Nvidia Shares Jump After Announcing 4-for-1 Stock Split,0.988,0.194,0.806,0.0
21,"UPDATE 1-Nvidia sets 4-for-1 stock split, shares rise",0.97,0.132,0.868,0.0
22,"NVIDIA Announces Four-for-One Stock Split, Pending Stockholder Approval at Annual Meeting Set for June 3",0.959,0.069,0.913,0.019
23,"NVIDIA Announces Four-for-One Stock Split, Pending Stockholder Approval at Annual Meeting Set for June 3",0.959,0.071,0.91,0.02
24,"Dogecoin Is a Joke Currency, but the Farce May Continue Indefinitely",0.972,0.115,0.8,0.086
25,Why Nvidia (NVDA) Might Surprise This Earnings Season,0.994,0.144,0.856,0.0
26,"5 Top Gainers for Friday: Palo Alto Networks, Nvidia, Boeing",0.936,0.265,0.735,0.0
27,"Dow Jones Futures: Strong Market Rally, But Don't Rush To Buy; Applied Materials Earnings Top As Chip Stocks Flash Bullish Signals",0.768,0.281,0.719,0.0
28,Better Buy: NVIDIA vs. Texas Instruments,0.296,0.092,0.854,0.054
29,Nvidia Gains on 4:1 Stock Split Amid Chip Shortage,0.94,0.116,0.844,0.041
30,Nvidia Shares Jump After Chipmaker Announces 4-to-1 Stock Split,0.891,0.211,0.789,0.0
31,"Jim Cramer on Apple, Nvidia, Boeing, Semiconductors",0.0,0.0,1.0,0.0
32,"LIVE: Jim Cramer on Apple, Nvidia, Boeing, Semiconductors",0.0,0.0,1.0,0.0
33,Yahoo Finance Presents: Gina Raimondo,0.999,0.108,0.851,0.04
34,Yahoo Finance Presents: Gina Raimondo,0.999,0.108,0.851,0.04
35,Nvidia: Gamers Before Miners,0.984,0.101,0.843,0.056
