﻿,Titles,Polarity,Positive,Neutral,Negative
0,"Intel CEO on Nvidia competition: ‘We are playing offense, not defense’",0.996,0.111,0.85,0.038
1,Markets Keep Cool Ahead of Q1 Earnings Deluge,0.996,0.126,0.84,0.034
2,Nvidia CFO Says Revenue Will Top First-Quarter Guidance,0.0,0.0,1.0,0.0
3,"Dow Jones Futures: Powell Comments Hit Market; 4 Tech Giants Near Buy Points, While Tesla Retakes Key Level",0.0,0.0,1.0,0.0
4,Why NVIDIA Stock Climbed While Intel and AMD Dipped Today,0.831,0.125,0.859,0.016
5,Nvidia stock rallies after revenue outlook raised,0.0,0.0,1.0,0.0
6,"Jim Cramer's Mad Money Recap: Nvidia, Microsoft",0.294,0.113,0.819,0.067
7,"UPDATE 1-Nvidia, Volvo Cars accelerate auto industry's data-processing power race",0.968,0.052,0.948,0.0
8,Jim Cramer: Here's Why I Love Tech,0.887,0.139,0.861,0.0
9,Chip Shortages Are A Tailwind For Semiconductor Stocks,0.586,0.169,0.781,0.05
10,Nvidia Forges Multiple Arm Computing Partnerships,0.961,0.08,0.92,0.0
11,"Nvidia to Make Server Processor, Targets Intel Profit Center",0.998,0.113,0.875,0.011
12,UPDATE 1-Nvidia says first-quarter sales to be above prior forecast of $5.3 bln,0.178,0.016,0.973,0.011
13,Nvidia says first-quarter sales to be above prior forecast of $5.3 billion,0.178,0.017,0.972,0.011
14,Chip shortage pain to be spread out ‘pretty evenly’: Autoblog Editor-in-Chief,-0.25,0.0,0.926,0.074
15,NVIDIA Announces First Quarter Fiscal 2022 Revenue Tracking Above Outlook,0.994,0.093,0.885,0.021
16,NVIDIA Announces First Quarter Fiscal 2022 Revenue Tracking Above Outlook,0.994,0.095,0.884,0.021
17,NVIDIA Announces First Quarter Fiscal 2022 Revenue Tracking Above Outlook,0.994,0.093,0.885,0.021
18,"NVIDIA to Launch ""Omniverse"" Technology for Businesses to Build Virtual Worlds",0.25,0.025,0.975,0.0
19,"New NVIDIA RTX GPUs Power Next Generation of Workstations and PCs for Millions of Artists, Designers, Engineers and Virtual Desktop Users",0.992,0.063,0.923,0.014
20,"New NVIDIA RTX GPUs Power Next Generation of Workstations and PCs for Millions of Artists, Designers, Engineers and Virtual Desktop Users",0.992,0.06,0.927,0.013
21,"New NVIDIA RTX GPUs Power Next Generation of Workstations and PCs for Millions of Artists, Designers, Engineers and Virtual Desktop Users",0.992,0.063,0.923,0.014
22,"Nvidia, Volvo Cars accelerate auto industry's data-processing power race",0.968,0.061,0.939,0.0
23,"Volvo Cars, Zoox, SAIC and More Join Growing Range of Autonomous Vehicle Makers Using New NVIDIA DRIVE Solutions",0.996,0.075,0.913,0.012
24,"Volvo Cars, Zoox, SAIC and More Join Growing Range of Autonomous Vehicle Makers Using New NVIDIA DRIVE Solutions",0.996,0.075,0.913,0.012
25,"Volvo Cars, Zoox, SAIC and More Join Growing Range of Autonomous Vehicle Makers Using New NVIDIA DRIVE Solutions",0.997,0.076,0.913,0.011
26,"Nvidia, Volvo Cars accelerate auto industry's data-processing power race",0.968,0.061,0.939,0.0
27,"NVIDIA Unveils NVIDIA DRIVE Atlan, an AI Data Center on Wheels for Next-Gen Autonomous Vehicles",0.996,0.102,0.885,0.013
28,"NVIDIA Unveils NVIDIA DRIVE Atlan, an AI Data Center on Wheels for Next-Gen Autonomous Vehicles",0.997,0.099,0.889,0.012
29,"Nvidia steps up competition with Intel and AMD with first data-center CPU, based on Arm",0.25,0.054,0.946,0.0
30,Nvidia to directly challenge Intel with Arm-based 'Grace' server chip,0.992,0.082,0.911,0.007
31,NVIDIA Announces Availability of Jarvis Interactive Conversational AI Framework,0.996,0.085,0.9,0.015
32,NVIDIA Announces Availability of Jarvis Interactive Conversational AI Framework,0.996,0.083,0.903,0.014
33,NVIDIA Launches Morpheus to Bring AI-Driven Automation to Cybersecurity Industry,0.996,0.099,0.87,0.031
34,NVIDIA Launches Morpheus to Bring AI-Driven Automation to Cybersecurity Industry,0.996,0.099,0.871,0.03
35,NVIDIA AI-on-5G Computing Platform Adopted by Leading Service and Network Infrastructure Providers,0.998,0.095,0.894,0.011
36,NVIDIA AI-on-5G Computing Platform Adopted by Leading Service and Network Infrastructure Providers,0.998,0.094,0.895,0.011
37,NVIDIA and Global Computer Makers Launch Industry-Standard Enterprise Server Platforms for AI,0.994,0.063,0.925,0.012
38,NVIDIA and Global Computer Makers Launch Industry-Standard Enterprise Server Platforms for AI,0.994,0.065,0.923,0.012
39,"NVIDIA and Partners Collaborate on Arm Computing for Cloud, HPC, Edge, PC",0.998,0.105,0.882,0.013
40,"Swiss National Supercomputing Centre, Hewlett Packard Enterprise and NVIDIA Announce World’s Most Powerful AI-Capable Supercomputer",0.996,0.08,0.91,0.01
41,"Swiss National Supercomputing Centre, Hewlett Packard Enterprise and NVIDIA Announce World’s Most Powerful AI-Capable Supercomputer",0.996,0.08,0.909,0.011
42,"NVIDIA and Partners Collaborate on Arm Computing for Cloud, HPC, Edge, PC",0.998,0.101,0.886,0.014
43,UPDATE 2-Nvidia to directly challenge Intel with Arm-based 'Grace' server chip,0.992,0.081,0.913,0.007
44,NVIDIA Announces CPU for Giant AI and High Performance Computing Workloads,0.998,0.103,0.884,0.012
45,NVIDIA Partners with Schrödinger to Further Accelerate Drug Discovery Worldwide,0.996,0.091,0.897,0.012
46,NVIDIA Announces CPU for Giant AI and High Performance Computing Workloads,0.998,0.102,0.886,0.012
47,NVIDIA Partners with Schrödinger to Further Accelerate Drug Discovery Worldwide,0.996,0.086,0.903,0.011
48,Nvidia announces Arm-based 'Grace' server chip in direct challenge to Intel,0.419,0.035,0.965,0.0
49,"NVIDIA Announces New DGX SuperPOD, the First Cloud-Native, Multi-Tenant Supercomputer, Opening World of AI to Enterprise",0.996,0.071,0.919,0.01
