﻿,Titles,Polarity,Positive,Neutral,Negative
0,"Stock Picks: UPST Stock, Google, Netflix Reveal 7 Telltale Traits Of Top Stocks To Buy",0.893,0.3,0.7,0.0
1,Amazon gets behind free rival to Arm’s microchips,0.966,0.099,0.855,0.045
2,Analyzing NVIDIA's Unusual Options Activity,0.994,0.124,0.853,0.023
3,"Dow Jones Futures Rise As Treasury Yields Retreat After Nasdaq Breaks Support, Tesla, Apple Hit Resistance",0.178,0.154,0.751,0.096
4,4 Stocks to Watch as Live Streaming Boosts E-Sports Market,0.999,0.131,0.865,0.004
