﻿,Titles,Polarity,Positive,Neutral,Negative
0,Should I Avoid Walmart Inc. (WMT)?,0.999,0.126,0.854,0.02
1,Nvidia’s Takeover of Arm Faces Regulatory Delay in Europe – Report,0.988,0.1,0.888,0.012
2,Qualcomm's Interest in Arm Reveals Its Greatest Fear,-0.273,0.032,0.91,0.057
3,Why Nvidia (NVDA) is a Top Stock for the Long-Term,0.999,0.169,0.829,0.002
4,"The Zacks Analyst Blog Highlights: Zoom, Digital Turbine, Apple, Google and NVIDIA",0.999,0.133,0.85,0.017
5,"The Zacks Analyst Blog Highlights: Zoom, Digital Turbine, Apple, Google and NVIDIA",0.999,0.133,0.85,0.017
6,TuSimple Stock: The Driverless Truck Stock That Counts NVIDIA and Cathie Wood as Investors,0.751,0.113,0.887,0.0
7,Investing in the Intel Turnaround? Don't Be Too Quick to Draw Comparisons With AMD,0.189,0.058,0.881,0.06
