﻿,Titles,Polarity,Positive,Neutral,Negative
0,Nvidia (NVDA) Gains As Market Dips: What You Should Know,0.991,0.106,0.867,0.027
1,The First 39 Companies In Cathie Wood's Ark Invest Space ETF,0.993,0.08,0.917,0.003
2,"The Zacks Analyst Blog Highlights: Maxim Integrated Products, NXP Semiconductors, NVIDIA, Texas Instruments and Micron Tech",0.998,0.108,0.845,0.047
3,"The Zacks Analyst Blog Highlights: NVIDIA, Accenture, Goldman Sachs, Becton, Dickinson and Co and Southern Copper",0.999,0.183,0.791,0.026
