﻿,Titles,Polarity,Positive,Neutral,Negative
0,Here's Why NVIDIA Stock Jumped Today,0.926,0.348,0.652,0.0
1,"Dow Jones Futures: Market Rally Gains Steam; Nvidia, Google, GE Are Buys; Nio, Tesla Rivals On Tap",-0.026,0.109,0.778,0.113
2,Nvidia Hits Buy Point,-0.351,0.129,0.732,0.139
3,"Stock Market Rally Improves As S&amp;P 500 Nears High, Breakouts Expand; Ford, GM, Tesla, Boeing, Nvidia In Focus",0.382,0.088,0.912,0.0
4,S&amp;P 500 Snaps 2-Week Losing Streak Amid Renewed Bets on Tech,0.982,0.081,0.884,0.035
5,"VMware (VMW) Q1 Earnings Beat Estimates, Revenues Rise Y/Y",0.998,0.109,0.888,0.003
6,"VMware (VMW) Q1 Earnings Beat Estimates, Revenues Rise Y/Y",0.998,0.109,0.888,0.003
7,10 Best Affordable Dividend Stocks to Buy,1.0,0.154,0.821,0.025
8,10 Best Affordable Dividend Stocks to Buy,1.0,0.154,0.821,0.025
9,S&amp;P 500 Advances as Tech Takes Inflation Spike in Stride,0.969,0.071,0.893,0.036
10,"5 Top Stock Gainers for Friday: Salesforce, AMD, Nvidia",0.778,0.174,0.826,0.0
11,"5 Top Stock Gainers for Friday: Salesforce, AMD, Nvidia",0.778,0.174,0.826,0.0
12,NVIDIA and The Trade Desk Stock Splits: Here's What Investors Need to Know,0.765,0.091,0.909,0.0
13,My Take: 3 Reasons Why NVIDIA Had Amazing Earnings,0.223,0.116,0.819,0.065
14,"This Leading Franklin Fund Focuses On Innovation, Some Pre-IPO Bets",0.906,0.406,0.594,0.0
15,"This Leading Franklin Fund Focuses On Innovation, Some Pre-IPO Bets",0.906,0.406,0.594,0.0
16,What the Future Holds for the Attractive Cryptocurrency Market,0.996,0.119,0.838,0.043
17,5 Must-See Metrics From NVIDIA's Record Quarter,-0.128,0.0,0.974,0.026
18,Morning Bell With Jim Cramer: Buy Snowflake,-0.597,0.041,0.852,0.107
19,Nvidia vs. AMD: Which Chip Stock Will Fetch Higher Returns?,0.999,0.091,0.895,0.014
20,Analysts Are Betting On NVIDIA Corporation (NASDAQ:NVDA) With A Big Upgrade This Week,0.997,0.121,0.873,0.006
