﻿,Titles,Polarity,Positive,Neutral,Negative
0,"Livingston Group Asset Management CO (operating as Buys Blackstone Inc, Microsoft Corp, ...",0.999,0.086,0.909,0.005
1,"Hunter Associates Investment Management Llc Buys BTC iShares Floating Rate Bond ETF, II-VI Inc, ...",0.992,0.046,0.95,0.004
2,"Bessemer Group Inc Buys NVIDIA Corp, Intuit Inc, Northrop Grumman Corp, Sells PayPal Holdings ...",0.997,0.037,0.958,0.005
3,"Fi3 FINANCIAL ADVISORS, LLC Buys Vanguard FTSE Developed Markets ETF, iShares MSCI EAFE ETF, ...",0.994,0.06,0.934,0.007
4,Market check: Stocks lose steam into session close,-0.296,0.0,0.872,0.128
5,"Sowa Financial Group, Inc. Buys Alliancebernstein Glb High Inc Fund Inc, NVIDIA Corp, Lowe's ...",0.977,0.072,0.896,0.032
6,"Morgan Jess S &amp; Co Inc Buys Wells Fargo, PowerShares QQQ Trust Ser 1, NVIDIA Corp, Sells ...",0.996,0.084,0.911,0.005
7,"Capital Wealth Alliance, LLC Buys Sprott Physical Silver Trust, SPDR Bloomberg 1-10 Year TIPS ...",0.999,0.128,0.867,0.005
8,"Centric Wealth Management Buys Citigroup Inc, Schwab US Dividend Equity ETF, iShares J.P. ...",0.999,0.111,0.886,0.003
9,"The Zacks Analyst Blog Highlights: NVIDIA Corp, Qualcomm, Broadcom, Advanced Micro Devices and Analog Devices",0.998,0.114,0.856,0.03
10,Why Nvidia Stock Dropped Again Today,-0.226,0.036,0.912,0.051
11,7 Metaverse Stocks That Future-Thinking Investors Need to Know About,1.0,0.118,0.867,0.014
12,"The Fed, Interest Rates, and What This Team of Investors Is Watching",0.218,0.084,0.865,0.051
13,Billionaire Ken Fisher’s Performance in 2021: 15 Best Performing Stocks,1.0,0.176,0.812,0.012
14,"Intel ‘crushed the quarter, but it’s all about the outlook,’ strategist says",0.998,0.104,0.866,0.029
15,7 Top Stock Picks for Long-term Investors Looking for This Decade’s Winners,1.0,0.175,0.798,0.027
16,"Zacks Market Edge Highlights: JPMorgan Chase, NVIDIA, PayPal and Block",0.995,0.095,0.845,0.06
17,Hewlett Packard's (HPE) GreenLake Selected by CDW UK,0.999,0.143,0.85,0.006
18,"CACI Q2 Earnings Surpass Estimates, Revenues Improve Y/Y",0.999,0.156,0.827,0.017
19,Will Tesla's Dojo Supercomputer Disrupt AI in 2022?,-0.326,0.027,0.918,0.055
20,7 High-Growth Stocks With High Margins for Your February Buy List,1.0,0.142,0.834,0.024
21,Better Metaverse Stock: Nvidia or Unity?,0.671,0.143,0.857,0.0
22,Xilinx Gains on Chinese Nod to Takeover by AMD,0.981,0.136,0.844,0.02
