﻿,Titles,Polarity,Positive,Neutral,Negative
0,Why Nvidia Is Pursuing ARM — and What It Means for the Stock,0.995,0.129,0.853,0.018
1,Why are bitcoin prices still plunging?,0.85,0.068,0.886,0.046
2,Nvidia Stock Gets Lift From Improving Data Center Chip Sales,-0.128,0.0,0.927,0.073
3,Nasdaq Closes at Record High as Tech Shines,0.958,0.069,0.901,0.029
4,Stock Market Today With Jim Cramer: Nvidia 'Working on Remarkable Things',0.382,0.083,0.861,0.056
5,S&amp;P 500  Inches Higher Ahead of Powell,0.989,0.106,0.87,0.024
6,NVIDIA Fleet Command Scales Edge AI Services for Enterprises,0.995,0.086,0.894,0.02
7,NVIDIA Announces Instant AI Infrastructure for Enterprises,0.992,0.061,0.927,0.012
8,NVIDIA Announces Instant AI Infrastructure for Enterprises,0.992,0.064,0.923,0.012
9,NVIDIA Fleet Command Scales Edge AI Services for Enterprises,0.994,0.081,0.901,0.018
10,Nvidia Introduces Exclusive Crypto Mining Chips To Protect Core Gaming Business Against Crypto Hoarding: Bloomberg,-0.832,0.046,0.89,0.064
11,5 Top-Ranked Tech Stocks to Buy as Crypto Crash Continues,0.999,0.172,0.817,0.011
12,5 Top-Ranked Tech Stocks to Buy as Crypto Crash Continues,0.999,0.172,0.817,0.011
13,"LIVE: Jim Cramer on Torchlight, Nvidia, Ford, Markets Tuesday",0.0,0.0,1.0,0.0
14,"Watch: Jim Cramer on Torchlight, Nvidia, Ford, Markets Tuesday",0.0,0.0,1.0,0.0
15,"Sanderson Farms, GameStop and Plug Power Rise Premarket",0.985,0.12,0.864,0.016
16,"Sanderson Farms, GameStop and Plug Power Rise Premarket",0.985,0.12,0.864,0.016
17,"Nvidia Shares Gain on Raymond James Upgrade, Price Target Boost",0.778,0.286,0.714,0.0
18,No consoling the semi deprived,0.542,0.058,0.923,0.019
