﻿,Titles,Polarity,Positive,Neutral,Negative
0,Top mistakes graduating college students make in trying to land a job,0.911,0.067,0.893,0.04
1,Was The Smart Money Right About Betting On UnitedHealth (UNH)?,0.998,0.107,0.873,0.02
2,Was The Smart Money Right About NVIDIA (NVDA)?,0.995,0.073,0.919,0.008
3,Was The Smart Money Right About Piling Into P&amp;G?,0.992,0.077,0.897,0.026
4,3 Sales &amp; Earnings Growth Winners,1.0,0.178,0.815,0.007
5,"What is DLSS, Nvidia’s ‘magic’ gaming technology and driver of US giant’s graphics business?",0.998,0.105,0.853,0.042
6,Forget the Sell-Off -- Wall Street Wants You to Buy AMD Stock,0.402,0.048,0.952,0.0
7,"Dow Drops, Tech Stocks Rally As Jobless Claims Fall; Tesla Slides, While Lam Back In Buy Range",-0.296,0.0,0.913,0.087
8,"American, Southwest, Alaska Report Today With Focus On Summer Travel Demand",0.998,0.111,0.818,0.071
9,Were Hedge Funds Right About Johnson &amp; Johnson (JNJ)?,0.999,0.129,0.841,0.03
10,Were Hedge Funds Right About Walmart Inc. (WMT)?,0.999,0.113,0.863,0.024
11,"Forget Nokia, Qualcomm Is a Better 5G Stock",0.25,0.152,0.759,0.089
12,"NVIDIA Corporation's (NVDA) Shares March Higher, Can It Continue?",0.995,0.178,0.822,0.0
13,"Pioneer Natural Resources, Viatris, NVIDIA, Deckers Outdoor and Adobe highlighted as Zacks Bull and Bear of the Day",1.0,0.119,0.848,0.033
14,Intel Earnings Preview: The Must-Know Levels in Both Directions,0.402,0.119,0.881,0.0
15,"If Biden's Infrastructure Plan Passes, These 3 Stocks Could Have Major Upside",0.649,0.086,0.873,0.041
16,NVIDIA's Relationship With Healthcare Is Worth More Than You Think,0.772,0.324,0.676,0.0
17,Semiconductor Watchlist: AMD Shares Soar Amid Shortage,0.0,0.0,1.0,0.0
