﻿,Titles,Polarity,Positive,Neutral,Negative
0,Why Nvidia Stock Climbed Today,-0.494,0.056,0.808,0.136
1,Dow Jones Futures Rally: Tesla Hits $1 Trillion; Donald Trump SPAC Dives; Facebook Jumps On Earnings Beat,0.34,0.098,0.902,0.0
2,Nvidia (NVDA) Outpaces Stock Market Gains: What You Should Know,0.993,0.106,0.888,0.006
3,Dow Jones Futures: Tesla Hits $1 Trillion; Donald Trump SPAC Dives; Facebook Jumps On Earnings Beat,0.34,0.098,0.902,0.0
4,Intel CEO: My job is to win Apple back,0.996,0.129,0.868,0.003
5,Intel CEO Pat Gelsinger joins Yahoo Finance's All Markets Summit 2021,1.0,0.121,0.853,0.026
6,Why Intel is in turnaround mode,0.991,0.106,0.834,0.06
7,Nvidia Gets a Price Target Boost. Bitcoin’s Impact on Gaming May Be Ending.,-0.153,0.0,0.914,0.086
8,Obama Stock Portfolio: 10 Stocks to Consider,1.0,0.131,0.838,0.031
9,"Got $5,000? 2 Tech Stocks to Buy and Hold for the Long Term",0.926,0.194,0.788,0.018
