﻿,Titles,Polarity,Positive,Neutral,Negative
0,Mr. 'Big Short' Makes a Serious Accusation,-0.072,0.163,0.705,0.133
1,Nvidia (NVDA) Outpaces Stock Market Gains: What You Should Know,0.993,0.103,0.888,0.009
2,"Seagate Technology Shares Plunge On Q4 Earnings Miss, Weak 1Q Outlook",0.943,0.095,0.855,0.05
3,Pelosi says her husband has ‘absolutely not’ made any stock trades based on information from her,0.511,0.099,0.901,0.0
4,Super Micro Computer Jumps On Raised Guidance Amid Strong Server Demand,0.889,0.382,0.618,0.0
5,Investors bearish on semiconductors as Congress votes on chips bill,0.0,0.0,1.0,0.0
6,"Crude oil falls on demand concerns, bitcoin falls below $23,000",0.0,0.0,1.0,0.0
7,10 Best Value ETFs To Invest In,1.0,0.169,0.809,0.022
8,"The Best Stocks to Invest $50,000 in Right Now",0.599,0.123,0.833,0.044
9,3 Seriously Undervalued Semiconductor Stocks With Major Upside,0.998,0.126,0.846,0.028
10,Why AMD and Nvidia Stocks Are Jumping on Wednesday,0.572,0.132,0.868,0.0
