﻿,Titles,Polarity,Positive,Neutral,Negative
0,Senate votes to advance the CHIPS Act,0.0,0.0,1.0,0.0
1,"Nancy Pelosi’s husband just dumped 25K shares of Nvidia for a total loss of $341,365 — here are 3 other semi stocks to play the ‘CHIPS and Science Act’",0.997,0.113,0.86,0.027
2,"Why Texas Instruments, Nvidia, and Advanced Micro Devices Were Rising Today",0.827,0.138,0.841,0.02
3,The Senate Just Passed the Chips Act. Don’t Expect a Quick Fix for Chip Makers.,0.691,0.208,0.753,0.039
4,Senate Passes $280 Billion Chips and Science Bill,0.226,0.054,0.946,0.0
5,Pelosi's husband dumps Nvidia stock as House eyes chip bill,0.928,0.107,0.858,0.035
6,Nancy Pelosi’s husband sells $4 million worth of Nvidia stock at a major loss,0.832,0.129,0.848,0.023
7,Billionaire Rob Citrone Is Selling These 10 Stocks,0.999,0.109,0.819,0.072
8,Siemens USA CEO: U.S. chip manufacturing is 'essential' for next era,0.998,0.123,0.833,0.044
9,CHIPS Act: What's next for the bill after clearing a Senate hurdle,0.0,0.0,1.0,0.0
10,"Stocks: Tech leads gains, home builders fall, Sherwin-Williams sinks",0.0,0.0,1.0,0.0
11,"Semiconductor stocks have been hit hard, but many are poised for rapid growth. Here are 15 expected to shine through 2024",0.625,0.111,0.889,0.0
12,7 Large-Cap Stocks to Buy on the Dip,0.999,0.117,0.871,0.012
13,How Bad Are Things for Nvidia Stock?,-0.296,0.0,0.942,0.058
14,Why Nvidia Stock Is Still a Buy as GPU Prices Tumble,0.153,0.03,0.935,0.035
