﻿,Titles,Polarity,Positive,Neutral,Negative
0,"Buckley Wealth Management, LLC Buys Campbell Soup Co, Caterpillar Inc, NVIDIA Corp, Sells ...",0.999,0.112,0.883,0.006
1,NVIDIA Sets Conference Call for Fourth-Quarter Financial Results,0.878,0.045,0.949,0.007
2,NVIDIA Sets Conference Call for Fourth-Quarter Financial Results,0.878,0.046,0.947,0.007
3,"5 Top Stock Trades for Thursday: AMD, NVDA, FB, QCOM, ABBV",0.993,0.101,0.86,0.039
4,"ETFs: Investors ‘taking sector bets on long-term growth,’ GTS principal says",0.0,0.116,0.792,0.092
5,1 Big Risk for Meta Platform's New Supercomputer,-0.477,0.09,0.794,0.116
6,"DekaBank Deutsche Girozentrale Buys Mastercard Inc, Tesla Inc, NVIDIA Corp, Sells Visa Inc, ...",0.997,0.038,0.957,0.005
7,"Birch Hill Investment Advisors LLC Buys Vertex Pharmaceuticals Inc, iShares Core S&amp;P ...",0.991,0.054,0.939,0.007
8,"SlateStone Wealth, LLC Buys People's United Financial Inc, KeyCorp, SPDR NYSE Technology ETF, ...",0.999,0.126,0.869,0.005
9,"Grace Capital Buys Vanguard Consumer Discretionary ETF, Tesla Inc, Jasper Therapeutics Inc, ...",0.999,0.118,0.873,0.01
10,Intel Stock Is Now a Compelling Long-Term Investment,0.979,0.112,0.8,0.088
11,"AMD 'in better shape than many of their counterparts' with supply chains, analyst says",0.671,0.129,0.871,0.0
12,Qualcomm earnings: Strategist describes 'a company that is in some ways reinventing itself',0.296,0.095,0.905,0.0
13,7 Web 3.0 Plays That Could Be the Best Plays You Ever Make,1.0,0.175,0.805,0.02
14,Can Nvidia (NVDA) Keep the Earnings Surprise Streak Alive?,0.994,0.133,0.844,0.023
15,Was The Smart Money Right About Taiwan Semiconductor Mfg. Co. Ltd. (TSM)?,0.997,0.085,0.909,0.006
16,Why Nvidia Stock Advanced on Wednesday,0.128,0.027,0.973,0.0
17,Top 10 Stocks to Buy in February 2022,-0.4,0.048,0.854,0.098
18,"How to Revive the Dow? Adding Nvidia, Visa, Berkshire, and Alphabet Would Help.",0.273,0.116,0.884,0.0
19,Were Hedge Funds Illusioned With Tesla Inc. (TSLA)?,0.999,0.122,0.866,0.012
20,"Riggs Asset Managment Co. Inc. Buys SPDR Gold Shares ETF, SPDR Homebuilders ETF, iShares U.S. ...",0.999,0.104,0.891,0.005
21,"American Financial Advisors, LLC Buys First Trust NASDAQ CEA Cybersecurity ETF, First Trust Low ...",0.999,0.097,0.891,0.012
22,Investing in Nvidia Stock (NVDA),0.0,0.0,1.0,0.0
23,"Aurora Private Wealth, Inc. Buys SPDR Bloomberg Investment Grade Floating Rate ETF, Schwab U.S. ...",0.999,0.119,0.878,0.003
24,Nvidia Stock Rises and Leads Chip Makers Higher After AMD’s Strong Earnings,0.671,0.268,0.732,0.0
25,Is Nvidia Stock Too Expensive?,0.889,0.148,0.852,0.0
26,Why Does Meta Platforms Need a Supercomputer?,0.599,0.097,0.867,0.036
27,Why Nvidia Stock Fell 17% in January,0.296,0.104,0.896,0.0
28,5 Vital Resources for Stock Investors,-0.44,0.0,0.919,0.081
29,3 Stocks I Am Buying During This Tech Selloff,0.459,0.235,0.644,0.121
30,Is Nvidia's Stock the Safest Way to Invest in Automated Driving?,0.527,0.077,0.893,0.03
31,AMD Climbs on Strong Forecast After Record Quarterly Revenue,0.969,0.12,0.825,0.055
32,Was The Smart Money Right About NVIDIA Corporation (NVDA)?,0.999,0.137,0.845,0.018
33,Did The Smart Money Play Berkshire Hathaway Inc. (BRK.B) Correctly?,0.999,0.126,0.852,0.022
34,Were Hedge Funds Right About Alphabet Inc (GOOGL)?,0.992,0.071,0.917,0.011
35,Google is outdoing Apple and Tesla with a 20-for-1 stock split,0.296,0.179,0.732,0.089
36,"Was The Smart Money Right About Meta Platforms, Inc. (FB)?",0.999,0.124,0.859,0.018
37,Were Expert Investors Right About Microsoft Corporation (MSFT)?,0.999,0.13,0.859,0.011
38,"Were Hedge Funds Right About Amazon.com, Inc. (AMZN)?",0.999,0.129,0.837,0.034
