﻿,Titles,Polarity,Positive,Neutral,Negative
0,"Why Nvidia, Advanced Micro Devices, Qualcomm Fell Today",-0.557,0.163,0.556,0.281
1,Oppenheimer Pounds the Table on Nvidia Stock,0.995,0.115,0.864,0.021
2,Macroeconomic Headwinds to Hit Nvidia for $500 Million,0.459,0.133,0.787,0.08
3,10 Most Shorted Stocks to Watch in June,0.995,0.089,0.852,0.059
4,"Twitter's Employees Can't Go To 'The Happiest Place On Earth' In 2023, Cost Cutting Measures Hit Company Travel",0.972,0.129,0.849,0.022
5,"If I Could Only Buy 1 Stock Right Now, This Would Be It",0.818,0.16,0.84,0.0
6,7 Growth Stocks That Cathie Wood Is Bullish on Right Now,0.997,0.084,0.893,0.024
