﻿,Titles,Polarity,Positive,Neutral,Negative
0,"Why Josh Brown Just Compared Nvidia To Apple, Microsoft",0.95,0.101,0.868,0.031
1,Why Nvidia Stock Jumped Today,0.671,0.101,0.899,0.0
2,"Dow Jones Futures: Nvidia, Microsoft, Adobe Lead But Market Rally Narrows; Tesla AI Day On Tap, Applied Materials Earnings Top",0.0,0.0,1.0,0.0
3,NVIDIA Announces Upcoming Events for Financial Community,0.938,0.064,0.936,0.0
4,NVIDIA Announces Upcoming Events for Financial Community,0.938,0.066,0.934,0.0
5,Nvidia stock closes up 4% as analysts say data-center growth ‘has some room to run’,0.557,0.113,0.887,0.0
6,"Dow Flat Amid Fed Concerns; Synopsys Soars, Robinhood Dives",-0.25,0.0,0.909,0.091
7,Why Nvidia Stock Analysts Are Bullish After Q2 Earnings,0.997,0.124,0.837,0.039
8,Why These 2 Nasdaq Crypto Stocks Moved in Opposite Directions Thursday,0.525,0.063,0.937,0.0
9,"Nvidia jumps and Robinhood sinks after earnings, FTC refiles Facebook antitrust case",0.0,0.0,1.0,0.0
10,Analysts Are Cautious Post Nvidia's Q2 Results,0.857,0.065,0.888,0.047
11,Nasdaq Clings To Key Price Level; This Industry Shrugs Off Amazon Threat,-0.44,0.0,0.879,0.121
12,"Nvidia, IBD Stock Of The Day, Impresses With Accelerating Data Center Sales",0.0,0.0,1.0,0.0
13,Nvidia’s Takeover Bid Delayed By the U.K. What It Means For Other Foreign Deals,0.34,0.124,0.876,0.0
14,The semiconductor shortage won’t taper until 2023: Strategist,0.296,0.109,0.891,0.0
15,Nvidia Stock Gets a New Street-High Price Target,0.993,0.119,0.861,0.02
16,Nvidia stock jumps as analysts say data-center growth ‘has some room to run’,0.557,0.122,0.878,0.0
17,S&amp;P 500 Ekes Out Gain as Tech Shines in Wild Session,0.984,0.12,0.824,0.056
18,Why NVIDIA Shares Are Trading Higher Today,0.827,0.042,0.941,0.018
19,Nvidia's biggest weakness is crypto: Analyst,0.0,0.0,1.0,0.0
20,What Is Nvidia's Omniverse and Why Should You Pay Close Attention To It?,0.671,0.058,0.942,0.0
21,Nvidia Reported Strong Earnings -- but Investors Should Keep Their Eyes on a Few Yellow Flags,0.751,0.136,0.864,0.0
22,Nvidia analysts hike price targets as data-center story shines,0.785,0.184,0.816,0.0
23,"Dow Jones Falls As Fed Spooks Investors; Tesla's AI Day, Robinhood Dives On Earnings",0.0,0.0,1.0,0.0
24,Chip shortage has been a ‘long thing coming’: analyst,0.477,0.124,0.876,0.0
25,NVIDIA (NVDA) Tops Q2 Earnings Estimates on Solid Revenue Growth,0.994,0.082,0.899,0.02
26,Nvidia Stock Pops on Earnings Beat and Better-Than-Expected Guidance,0.71,0.118,0.882,0.0
27,S&amp;P 500 Cuts Losses on Tech Strength as Traders Contend Wild Swings,0.916,0.096,0.84,0.064
28,Nvidia Calculating in a Strong Outlook,0.987,0.133,0.835,0.032
29,In A Rut: Worst Week In A Month Continues As Volatility Heats Up After Fed Minutes,0.963,0.104,0.803,0.094
30,Nvidia ETFs to Buy on Blockbuster Q2 Earnings,0.998,0.159,0.812,0.028
31,"Dow Jones Today, Stocks Stumble As Global Markets Slide: Nvidia, Synopsys, Macy's, Cisco Systems Rally On Earnings",-0.44,0.0,0.861,0.139
32,"Robinhood revenue doubles in Q2, warns trading is slowing",0.0,0.0,1.0,0.0
33,"Dow Jones Today, Futures Tumble; Oil Prices Dive, Weekly Jobs Data Positive; Nvidia, Synopsys, Macy's Rally On Earnings",-0.477,0.0,0.814,0.186
34,"Dow Jones Today, Futures Trim Losses: Nvidia, Synopsys, Macy's Rally, Cisco Slides, On Earnings",-0.477,0.0,0.814,0.186
35,Intel details mixed-source chip strategy and TSMC partnerships,0.914,0.053,0.936,0.01
36,Nvidia Warns Its Proposed Acquisition for Arm Will Take Longer Than Expected,0.0,0.0,1.0,0.0
37,"Nvidia Rises, Macy’s Pops — And What Else Is Happening in the Stock Market Thursday",0.128,0.104,0.811,0.085
38,Nvidia's Revenue Is Skyrocketing,0.852,0.183,0.817,0.0
39,"5 Top Stock Gainers for Thursday: Macy's, Nvidia, Sonoma Pharma and Kohl's",0.202,0.114,0.886,0.0
40,10 Biggest Price Target Changes For Thursday,0.973,0.107,0.876,0.016
41,I Reinitiated a Long Position in Nvidia and Here's What's Key,0.637,0.091,0.909,0.0
42,"Dow Jones Futures Extend Stock Market Sell-Off As Fed Moves To Exit; Nvidia, dLocal, Robinhood Earnings Late",-0.455,0.0,0.858,0.142
43,Robinhood Enjoys Crypto Boom. Why the Stock Is Tumbling.,0.202,0.066,0.891,0.043
44,"Watch Live: Jim Cramer on Nvidia, Robinhood, Facebook, Markets",0.273,0.077,0.923,0.0
45,"Video: Jim Cramer on Nvidia, Robinhood, Facebook, Markets",0.273,0.077,0.923,0.0
46,"5 Stocks To Watch For August 19, 2021",0.969,0.106,0.875,0.02
47,"Premarket Movers Thursday - Robinhood, Nvidia, Alibaba and Macy's",0.0,0.0,1.0,0.0
48,"Macy's, Kohls Rise Premarket; Robinhood Falls",0.986,0.115,0.857,0.028
49,"Dow Futures 285 Pts Lower; Fed Minutes, Robinhood in Focus",-0.823,0.042,0.901,0.057
