﻿,Titles,Polarity,Positive,Neutral,Negative
0,"Tesla, Apple, Microsoft, Peloton: All of tech companies hitting the brakes on hiring",0.995,0.088,0.865,0.047
1,6 Undervalued Dividend Stocks Paying Yields Up to 2% Or More Now,0.998,0.1,0.868,0.032
2,"How To Invest: Nvidia, GOOGL Reveal 3-Step Routine For Bull And Bear Markets",0.586,0.174,0.826,0.0
3,"Why Nvidia, Amazon, and Apple Stocks Slumped Friday",-0.861,0.015,0.85,0.135
4,"Nvidia, ON Semi, AMD Among Bank of America's Top Chip Stocks",0.44,0.121,0.879,0.0
5,Bad news about hiring trends in tech is 'misleading': Economist,-0.289,0.053,0.901,0.046
6,Nvidia Stock Looks Cheap After Recent Stellar Earnings,0.99,0.085,0.885,0.03
7,Separating Signal From Noise in the Metaverse,-0.44,0.0,0.934,0.066
8,10 Stocks Getting Crushed by Global Supply Chain Crisis,1.0,0.115,0.843,0.042
9,"Stock Market News for June 3, 2022",0.963,0.061,0.9,0.038
10,3 Robinhood Stocks to Buy Right Now,0.62,0.09,0.852,0.058
11,3 Best Semiconductor Stocks to Buy for June 2022,0.999,0.129,0.848,0.023
12,Is Downtrodden Nvidia Stock a Buy Now?,0.974,0.086,0.866,0.047
