﻿,Titles,Polarity,Positive,Neutral,Negative
0,7 Tech Stocks Trading at a Terrific Discount Right Now,0.978,0.102,0.812,0.086
1,Nvidia (NVDA) Stock Moves -0.46%: What You Should Know,0.986,0.081,0.899,0.02
2,3 Large-Cap Stocks to Sell Now,0.549,0.067,0.858,0.075
3,NVIDIA Announces Hybrid Quantum-Classical Computing Platform,0.991,0.082,0.903,0.015
4,NVIDIA Announces Hybrid Quantum-Classical Computing Platform,0.992,0.082,0.904,0.014
5,Nvidia Stock-Price Cuts Are Piling Up. Wall Street Is Getting Worried.,-0.077,0.089,0.81,0.101
6,Nvidia stock sinks after Citi lowers gaming forecast,-0.068,0.058,0.851,0.091
7,10 Best Data Center Stocks To Invest In,0.999,0.115,0.872,0.013
8,7 Cheap Semiconductor Stocks to Buy Now,1.0,0.15,0.78,0.07
9,Market Sell-Off: 1 Nasdaq Stock Down 48% to Buy Hand-Over-Fist,-0.757,0.066,0.812,0.122
