﻿,Titles,Polarity,Positive,Neutral,Negative
0,Report: Chip design startup SiFive has decided to go it alone rather than be bought by Intel,0.361,0.111,0.889,0.0
1,Why Nvidia Stock Just Jumped,0.118,0.023,0.977,0.0
2,AMD Stock Gets a Boost From Nvidia’s New Cloud-Gaming Membership,0.494,0.208,0.792,0.0
3,Nvidia Stock Gains on Next Generation Cloud Gaming Platform,0.965,0.107,0.875,0.019
4,3 Top Cloud Computing Stocks to Buy Right Now,0.459,0.103,0.897,0.0
5,"Nvidia’s top gaming cards are hard to buy, but now you can rent them",-0.25,0.0,0.923,0.077
6,"Dow Jones Falls As Yields Rise; Tesla Reverses On Earnings, While Chipotle, Snap Set To Report",0.202,0.083,0.917,0.0
7,NVIDIA Introduces the Next Generation in Cloud Gaming,0.978,0.055,0.922,0.024
8,NVIDIA Introduces the Next Generation in Cloud Gaming,0.976,0.053,0.922,0.025
9,"Dow Jones Futures Fall As Tesla Skids On Earnings; Chipotle, Snap Set To Report",-0.171,0.0,0.9,0.1
10,Hot Mutual Fund Excels With Its Top Ideas,0.906,0.381,0.619,0.0
11,Could This Stock Join the Trillion-Dollar Market Cap Club?,-0.44,0.0,0.945,0.055
