﻿,Titles,Polarity,Positive,Neutral,Negative
0,"It's Time for Me to Jump Into Intel. Yes, Intel",0.226,0.071,0.871,0.058
1,"President Biden ramping up China export restrictions, analysts slash semiconductor estimates",0.986,0.074,0.89,0.036
2,Better Buy: Advanced Micro Devices vs. Nvidia,-0.459,0.088,0.784,0.128
3,12 Best Reddit Stocks To Invest In,1.0,0.104,0.875,0.021
4,Why You Should Care About NVIDIA's (NASDAQ:NVDA) Strong Returns On Capital,0.997,0.141,0.836,0.023
5,Here is What to Know Beyond Why NVIDIA Corporation (NVDA) is a Trending Stock,0.999,0.128,0.862,0.009
6,"U.S. plans new curbs on exports of chips, chip-making tools to China: report",0.318,0.119,0.881,0.0
