﻿,Titles,Polarity,Positive,Neutral,Negative
0,Is Now a Good Time to Buy Nvidia?,-0.44,0.0,0.945,0.055
1,Nvidia Stock Still Has Plenty More Left in the Tank After Massive Climb,0.99,0.086,0.872,0.042
2,Nvidia Stock Slips. Chipmakers Trade Mixed After Broadcom’s Strong Earnings.,0.25,0.22,0.64,0.14
3,5 Tech Stocks That Should Be on Every Investor’s 2022 Buy List,0.999,0.115,0.867,0.018
4,"Why Nvidia Stock Popped This Morning, Then Dropped",0.494,0.097,0.873,0.03
5,Intel Stock Will Shine Again in 2022,0.987,0.083,0.871,0.047
6,Why Ambarella Stock Jumped This Week,0.7,0.102,0.898,0.0
7,Where to Buy the Dips in Nvidia and AMD,0.382,0.12,0.88,0.0
8,2 Metaverse Stocks That Could Set You Up for Life,0.34,0.029,0.971,0.0
9,Nvidia Stock Gains as Broadcom Earnings Lift Chipmakers,0.802,0.325,0.675,0.0
10,Chip Stocks Nvidia and Micron Edge Higher After Broadcom’s Strong Earnings,0.802,0.339,0.661,0.0
11,Will Nvidia Be a Trillion-Dollar Stock by Next Year?,-0.358,0.016,0.934,0.051
12,"The Zacks Analyst Blog Highlights: NVIDIA, Microchip Tech, ON Semiconductor and STMicroelectronics",0.999,0.126,0.839,0.035
13,"The Zacks Analyst Blog Highlights: NVIDIA, Xilinx, QUALCOMM, Lam Research and ON Semiconductor",0.999,0.121,0.861,0.018
14,"NVIT AQR Large Cap Defensive Style Fund Buys Regeneron Pharmaceuticals Inc, Becton, Dickinson ...",0.995,0.075,0.922,0.004
15,"Why Growth Stocks Nvidia, AMD, and Unity Dropped Today",0.802,0.155,0.845,0.0
