﻿,Titles,Polarity,Positive,Neutral,Negative
0,Nvidia Analyst Raises Price Target By 78%: 'Chipmaker Has Largest TAM Expansion Opportunity In All Of Tech',0.987,0.098,0.895,0.007
1,7 Games and Toy Stocks to Buy as the Christmas Season Approaches,1.0,0.129,0.856,0.015
2,7 Metaverse Stocks With the Potential to Make You Millions,1.0,0.119,0.868,0.013
3,Are You Looking for a Top Momentum Pick? Why Nvidia (NVDA) is a Great Choice,0.999,0.189,0.795,0.016
4,Nvidia ETFs in Focus Ahead of Q3 Earnings,0.996,0.103,0.874,0.023
5,Nvidia’s pending Arm merger faces heightened regulatory scrutiny as competitive concerns mount,0.0,0.0,1.0,0.0
6,Nvidia's New Multibillion-Dollar Opportunity Could Be a Huge Catalyst,0.985,0.248,0.752,0.0
7,"Stock Market News for Nov 16, 2021",0.991,0.112,0.855,0.033
8,Nvidia Earnings: What to Look For From NVDA,0.382,0.115,0.885,0.0
9,National security concerns spark investigation of chip designer's $40bn takeover deal,0.989,0.097,0.887,0.016
10,UPDATE 1-UK orders in-depth probe of Nvidia's ARM acquisition,0.983,0.112,0.877,0.012
11,UK orders in-depth probe of Nvidia's Arm acquisition,0.993,0.128,0.859,0.014
12,5G Stocks To Buy And Watch: How The Metaverse Could Give 5G Wireless And 6G A Boost,0.637,0.181,0.819,0.0
13,"Nvidia Stock Before Earnings: Buy, Hold, or Sell?",0.898,0.196,0.804,0.0
14,Nvidia vs. AMD: Coming to a Metaverse Near You,-0.273,0.0,0.896,0.104
15,Is Invesco Dynamic Semiconductors ETF (PSI) a Strong ETF Right Now?,0.996,0.118,0.861,0.021
