﻿,Titles,Polarity,Positive,Neutral,Negative
0,"Dow Jones Futures: Market Rally Chops Along; Nvidia, DocuSign, Robinhood Are Near Buy Points",0.422,0.155,0.773,0.073
1,Why AMD Stock Just Lit Up 4%,-0.792,0.0,0.897,0.103
2,Investing In Stocks: See How To Invest Using 3 Simple Steps,0.818,0.288,0.712,0.0
3,Nvidia Earnings Key,-0.307,0.09,0.802,0.108
4,Could Nvidia Join the Trillion-Dollar Club Next Year?,0.995,0.081,0.897,0.022
5,Dow Jones Rallies As Disney Jumps On Earnings; Apple At New Buy Point,0.0,0.0,1.0,0.0
6,Chart Support May Provide Boost for Falling Chip Stocks,-0.361,0.0,0.878,0.122
7,Updating Our Technical Strategy for Nvidia After the Stock Split,-0.412,0.0,0.938,0.062
8,NVIDIA (NVDA) to Report Q2 Earnings: What's in the Offing?,0.998,0.138,0.854,0.008
9,"Hot Alger Fund Targets Chip Stocks, Chip Gear Makers",0.785,0.223,0.777,0.0
