﻿,Titles,Polarity,Positive,Neutral,Negative
0,"Nvidia: Primed to Win in the AI Space but Valuation Is Running Hot, Says Analyst",0.989,0.095,0.894,0.011
1,Yahoo Finance Presents: Nvidia Founder &amp; CEO Jensen Huang,0.637,0.126,0.874,0.0
2,Why Vicor Shares Powered Off Today,0.649,0.105,0.865,0.031
3,"4 Top Stock Trades for Thursday: AAPL, GLD, AMD, AMC",0.998,0.14,0.817,0.043
4,Metaverse presents ‘half a trillion’-dollar opportunity: ProShares strategist,0.997,0.129,0.871,0.0
5,10 Finance Stocks to Invest In According to Paul Tudor Jones’s Tudor Investment Corp,0.999,0.096,0.897,0.007
6,Nvidia’s $1 trillion ambitions draw cheers as software becomes a bigger piece of the pie,0.878,0.28,0.72,0.0
7,"Twilio Stock Could Take Off, So Bears Beware",0.976,0.112,0.813,0.075
8,Nvidia CEO says interested in exploring chip manufacturing with Intel,0.964,0.081,0.915,0.004
9,UPDATE 2-Nvidia CEO says interested in exploring chip manufacturing with Intel,0.964,0.078,0.918,0.004
10,Why Nvidia Stock Dropped Today,0.34,0.074,0.885,0.041
11,Nvidia’s Trillion Dollar Dreams,0.273,0.135,0.776,0.09
12,"Stock Market Falls As Techs Falter, Oil Rises; This Industry Keeps Rallying",0.0,0.0,1.0,0.0
13,"Market check: Stocks pare gains, oil rises",0.0,0.0,1.0,0.0
14,Nvidia CEO says Lapsus$ hack was a ‘wake-up call’,0.0,0.0,1.0,0.0
15,Will AMD Be a Trillion-Dollar Stock by 2030?,0.026,0.061,0.895,0.044
16,Nvidia’s Investor Day Was a Hit. That Hasn’t Stopped the Stock From Falling.,-0.402,0.0,0.886,0.114
17,NVIDIA (NVDA) Starts Production of DRIVE Orin Platform,0.998,0.117,0.88,0.003
18,Vicor Tumbles After CJS Securities Downgrade,-0.103,0.064,0.864,0.072
19,Dow Jones Futures Fall After S&amp;P 500 Reclaims Key Level; Apple Flashes Buy Signal,0.0,0.0,1.0,0.0
20,"Biden Abroad, Fed, Energy, Interest Rates, Markets, Sweet Breadth, Nvidia, Tesla",0.772,0.2,0.704,0.095
21,Elon Musk Has Reason To Dance As Tesla And Other Tech Names Rally,0.459,0.152,0.788,0.061
22,Is SPDR NYSE Technology ETF (XNTK) a Strong ETF Right Now?,0.994,0.093,0.891,0.016
23,10 Long-Term Growth Stocks Analysts Have Their Eyes On,1.0,0.14,0.83,0.031
