﻿,Titles,Polarity,Positive,Neutral,Negative
0,"Facebook might be changing its name, but its controversies will continue to follow it",0.441,0.05,0.903,0.048
1,11 Best Cryptocurrency Stocks To Buy According To Hedge Funds,1.0,0.121,0.856,0.023
2,Dow Jones Rallies As Netflix Slides On Earnings; Tesla Earnings Due,0.0,0.0,1.0,0.0
3,TikTokers Track Lawmakers' Personal Stock Trades,0.0,0.0,1.0,0.0
4,Dow Jones Futures Fall As Netflix Slides On Earnings; Tesla Earnings Due,-0.296,0.0,0.896,0.104
5,"28 Stocks To Benefit From Inflation, According To Jim Cramer",0.974,0.133,0.835,0.032
