﻿,Titles,Polarity,Positive,Neutral,Negative
0,Dow Jones Futures Rally As Stock Market Sell-Off Worsens; These 5 Tech Giants Tumble,-0.44,0.0,0.854,0.146
1,"Dow Jones Futures: Stock Market Sell-Off Worsens, As These 5 Tech Giants Tumble",-0.44,0.0,0.861,0.139
2,"Market Recap: Monday, October 4",-0.026,0.0,0.965,0.035
3,Dow Jones Drops As U.S. Retains Trump China Tariffs; Biden Slams GOP On Debt; These Stocks Gain As Oil Gushes,-0.422,0.0,0.858,0.142
4,Why These 10 Stocks Fell on Monday,0.959,0.1,0.831,0.068
5,Dow Jones Dips As U.S. Retains Trump China Tariffs; Biden Slams GOP On Debt; These Stocks Gain As Oil Gushes,-0.422,0.0,0.858,0.142
6,Sell Or Hold? NVDA Stock Shows How To Handle Growth Stocks In A Stock Market Correction,0.382,0.133,0.867,0.0
7,10 Penny Stocks With Long-Term Growth Catalysts,0.999,0.109,0.881,0.01
8,Why Nvidia Stock Keeps Dropping,0.34,0.094,0.829,0.077
9,NVIDIA (NVDA) GeForce NOW Adds New Games From Electronic Arts,0.996,0.128,0.862,0.01
10,Why Nvidia Shares Are Falling,0.66,0.07,0.893,0.037
11,10 Tech Stocks Chinese Billionaire Chen Tianqiao Loves,0.999,0.094,0.893,0.013
12,10 Best Stocks to Buy According to Quant Genius Jim Simons’ Renaissance Technologies,1.0,0.111,0.875,0.014
13,A Look into Share CFDs and the Top 5 to Watch... Come Rise or Fall,0.999,0.125,0.847,0.029
14,Bet on These 4 Hot Tech Stocks Instead of Micron (MU),0.999,0.159,0.819,0.022
