﻿,Titles,Polarity,Positive,Neutral,Negative
0,Weekly Roundup,0.71,0.277,0.723,0.0
1,"Stock Market Investing Action Plan: Jackson Hole, Nvidia, Toll Brothers, Chip Stocks",0.402,0.13,0.87,0.0
2,10 Best Fidelity Funds to Buy Now,1.0,0.128,0.849,0.023
3,"Nvidia Stock, Salesforce, Snowflake Headline Huge Week Of Tech Earnings; What's Wrong With PANW Stock?",-0.178,0.0,0.918,0.082
4,Why Nvidia Stock Dropped on Friday,-0.958,0.0,0.786,0.214
5,Top 10 Stock Picks of Osman Ozsan’s Deuterium Capital Management,0.997,0.089,0.874,0.037
6,Nvidia Stock: Looking At The Big Picture,-0.846,0.039,0.827,0.134
7,"Stocks down in early trading: Apple, Nvidia, Cineworld, Bed Bath &amp; Beyond",0.0,0.0,1.0,0.0
8,10 Best Self-Driving Stocks To Invest In,0.999,0.095,0.893,0.011
9,Is Most-Watched Stock NVIDIA Corporation (NVDA) Worth Betting on Now?,0.999,0.129,0.865,0.006
10,NVIDIA (NVDA) to Report Q2 Earnings: What's in the Cards?,0.996,0.102,0.873,0.025
11,7 Tech Stocks Reporting Earnings the Week of August 22,0.997,0.082,0.885,0.033
12,Exxon Mobil and Nvidia have been highlighted as Zacks Bull and Bear of the Day,1.0,0.13,0.835,0.034
13,Bear of the Day: Nvidia (NVDA),0.957,0.07,0.897,0.033
