﻿,Titles,Polarity,Positive,Neutral,Negative
0,Is Nvidia Stock A Buy? Chip Giant Breaks Key Support,0.44,0.108,0.892,0.0
1,Why Pete Najarian Just Bought Call Options In Nvidia And Netflix,0.88,0.075,0.893,0.031
2,Why Nvidia Stock Was Up Today,0.895,0.139,0.861,0.0
3,Rising Oil Prices and Yields Makes Market Navigation More Complex,0.993,0.099,0.836,0.065
4,Nvidia Stock: Is It Time to Buy the Dip?,0.0,0.0,1.0,0.0
5,Why NVIDIA Shares Are Rising,0.911,0.108,0.827,0.065
6,"Lordstown &amp; Albertsons stocks downgraded, Nvidia shares rebound",0.202,0.087,0.913,0.0
7,"Dow Jones Today, Techs Rise After Market Sell-Off: Tesla, Devon Rise; Facebook Hearing In Spotlight",0.0,0.0,1.0,0.0
8,"Stock Market News for Oct 5, 2021",0.971,0.097,0.837,0.067
9,Here's My Favorite Artificial Intelligence Stock Now,0.925,0.188,0.812,0.0
10,5 Solid Stocks to Buy in a Booming Semiconductor Market,0.999,0.153,0.832,0.015
11,"IEIC Welcomes Executives from Ford Motor Company, NVIDIA &amp; Uber as New Board Members",0.998,0.107,0.893,0.0
12,"Dow Jones Today, Tech Futures Rise After Market Sell-Off: Tesla, Devon Rise; Facebook Hearing In Spotlight",0.0,0.0,1.0,0.0
13,"NVIDIA Expands Early Access Program for VMware’s Project Monterey to Enable Secure, Accelerated Data Centers",0.988,0.082,0.898,0.02
14,"NVIDIA Expands Early Access Program for VMware’s Project Monterey to Enable Secure, Accelerated Data Centers",0.989,0.078,0.902,0.019
15,10 Biggest Price Target Changes For Tuesday,0.983,0.147,0.824,0.03
16,FireEye Rebrands as Mandiant (FEYE) After Product Biz Sell-Off,0.997,0.165,0.824,0.011
17,"Stocks Recover, Oil at Fresh Highs, Facebook Drama - What's Moving Markets",-0.996,0.057,0.816,0.128
18,Dow Jones Futures Fall As Stock Market Sell-Off Worsens; These 5 Tech Giants Tumble,-0.625,0.0,0.758,0.242
