﻿,Titles,Polarity,Positive,Neutral,Negative
0,Weekly Roundup,0.296,0.073,0.927,0.0
1,Intel CEO on earnings miss: 'We believe that we are at the bottom',0.34,0.054,0.904,0.042
2,Intel's Earnings: What It Means for AMD and Nvidia Investors,-0.026,0.025,0.949,0.026
3,Intel stock struggles after chip maker reports Q2 earnings,-0.25,0.0,0.875,0.125
4,10 Semiconductor Stocks Popular Among Elite Hedge Funds,1.0,0.136,0.852,0.013
5,These 10 Semiconductor Stocks Are Popular On Reddit,1.0,0.117,0.873,0.011
6,10 Cybersecurity Stocks to Buy as US-China Tensions Mount,0.999,0.128,0.836,0.036
7,"Zacks Investment Ideas feature highlights: Advanced Micro Devices, Nvidia and Texas Instruments",0.998,0.127,0.854,0.018
