﻿,Titles,Polarity,Positive,Neutral,Negative
0,Dow Jones Futures: Market Rally Flashes Bearish Signals As Russia War Risks Mount,-0.335,0.0,0.889,0.111
1,Dow Jones Futures: Stock Market Is Minefield As Biden Sees 'Very High' Russia Risk; Roku Sells Off On Sales Miss,-0.335,0.0,0.889,0.111
2,Dow Jones Dives As Ukraine Tensions Rise; Tesla Stock Falls Amid Elon Musk Move; Nvidia Plunges,-0.402,0.0,0.881,0.119
3,US STOCKS-Stocks slide as heightened Ukraine tensions weigh,-0.751,0.082,0.819,0.098
4,10 Best Index Funds to Invest In 2022,0.999,0.091,0.883,0.026
5,8 Metaverse Stocks to Buy to Become a Virtual Millionaire,1.0,0.121,0.858,0.021
6,Nvidia Stock Plunged Today -- Is It Time to Buy?,0.718,0.146,0.854,0.0
7,Nvidia Stock Slumps Lower As Crypto Demand Concern Clouds Gaming Chip Sales Outlook,0.468,0.203,0.736,0.061
8,Tesla and Nvidia Fall as Ukraine and Russia Trade Ceasefire Violations Accusations,-0.557,0.0,0.833,0.167
9,US STOCKS-Stocks drop; investors flee risk as Ukraine tensions flare,-0.874,0.07,0.838,0.092
10,Nvidia Dipped on Earnings Report but Found Footing. Rally From Here?,0.218,0.081,0.864,0.056
11,Earnings season: Some of the guidance has 'not been that great' and those stocks are getting hit,0.361,0.129,0.803,0.068
12,Nvidia’s core businesses are still growing rapidly but two rare risks have emerged,0.782,0.113,0.887,0.0
13,Only two stocks in the benchmark semiconductor index beat Nvidia when ranked by these three measures,0.637,0.189,0.811,0.0
14,Nvidia stock down despite 'spectacular' earnings report,-0.171,0.0,0.932,0.068
15,"As Nvidia stock drops after record-breaking earnings, analyst wonders ‘What more can you ask for?’",0.796,0.224,0.776,0.0
16,Options Bulls Blast Nvidia Stock Despite Crytpo Concerns,0.995,0.162,0.826,0.011
17,"Stock Market Trades Lower As Investors Keep A Watchful Eye On Ukraine, Higher Jobless Claims",-0.511,0.0,0.777,0.223
18,"NVIDIA (NVDA) Q4 Earnings Beat Estimates, Revenues Surge Y/Y",0.993,0.087,0.892,0.021
19,Why Nvidia Stock Dropped Today After Record Earnings,0.71,0.097,0.877,0.026
20,"Today's Market: Amazon &amp; Visa Strike Deal, Google Updates Privacy Terms, Housing Cools",-0.782,0.05,0.817,0.133
21,The Xilinx Deal Will Accelerate Growth in Advanced Micro Devices,0.996,0.12,0.838,0.042
22,"Nvidia Flexed Its Muscles Again, So Why Is It Down After Earnings?",0.965,0.16,0.829,0.01
23,"Nvidia Margin, Deere Profit, DraftKings Outlook: 3 Things to Watch",-0.558,0.066,0.861,0.072
24,Nvidia Stock Drops Despite Chipmaker's Beat-And-Raise Report,0.735,0.256,0.744,0.0
25,What’s Wrong With the Video Game Industry? 10 Stocks to Watch,1.0,0.128,0.82,0.052
26,"Nvidia Is Still the Champ, Its Trouncing Today Notwithstanding",0.0,0.0,1.0,0.0
27,Stock Market Falls More Than 1% As S&amp;P 500 Breaks This Key Level,0.0,0.0,1.0,0.0
28,"Stocks: Palantir tumbles, Fastly plunges on missed earnings expectations",0.0,0.0,1.0,0.0
29,Nvidia ETFs to Tap on Upbeat Q4 Earnings,0.997,0.113,0.851,0.035
30,"Dow Jones Sells Off As Cisco, Walmart Report Earnings; DoorDash Soars, Nvidia Slides On Earnings",0.0,0.0,1.0,0.0
31,Nvidia stock slips despite strong fourth quarter earnings,0.0,0.0,1.0,0.0
32,"Dow Jones Falls As Cisco, Walmart Report Earnings; DoorDash Soars, Nvidia Slides On Earnings",0.0,0.0,1.0,0.0
33,"Dow Jones Futures Fall As Cisco, Walmart Report Earnings; DoorDash Soars, Nvidia Slides On Earnings",-0.296,0.0,0.891,0.109
34,Alcoa Corporation and First Solar highlighted as Zacks Bull and Bear of the Day,0.999,0.087,0.892,0.021
35,"Dow Jones Futures Fall As U.S. Says Russia Invasion 'Imminent'; Nvidia, Palantir, DASH Stock Are Earnings Movers",0.0,0.0,1.0,0.0
36,Nvidia Can’t Catch a Break. The Stock Is Falling but Is Still a Buy.,-0.153,0.0,0.935,0.065
37,NVIDIA Could Test January Low,0.977,0.113,0.824,0.062
38,"Dow Jones Futures Fall With Russia In Focus; Nvidia, Palantir, DASH Stock Are Earnings Movers",0.0,0.0,1.0,0.0
39,Cisco CEO: We aren't sure when the semiconductor shortage will end,0.891,0.047,0.917,0.035
40,The Fed Minutes Boosted Stocks. Why That Doesn’t Add Up.,0.727,0.213,0.787,0.0
41,Should Franklin LibertyQ U.S. Equity ETF (FLQL) Be on Your Investing Radar?,0.995,0.112,0.858,0.03
42,Nvidia Stock Slips Lower As Crypto Demand Concern Clouds Gaming Chip Sales Outlook,0.468,0.203,0.736,0.061
43,Nvidia Stock Is a Strong “Sell” Following the Arm Deal Collapse,0.989,0.084,0.879,0.036
44,NVIDIA Mining Chip Revenue Plummets by 77% to $24m,-0.906,0.05,0.871,0.079
45,"Nvidia, Walmart, DoorDash, Applied Materials And Russia-Ukraine Crisis - Five Things You Must Know",0.077,0.157,0.706,0.136
46,Wall Street Opens Lower as War Fears Return; Dow Down 330 Pts,-0.99,0.039,0.846,0.115
47,"Walmart, DoorDash, Cisco Rise Premarket; Fastly, TripAdvisor Slump",-0.79,0.05,0.883,0.067
48,Nvidia (NVDA) Q4 2022 Earnings Call Transcript,0.671,0.116,0.884,0.0
49,"Nvidia Falls on Flat Margins, Exposure to Crypto Chips Market",-0.743,0.06,0.859,0.08
