﻿,Titles,Polarity,Positive,Neutral,Negative
0,Why Nvidia Stock Fell 15% This Week,-0.935,0.037,0.779,0.184
1,Chip sector looks at 10% drop on week as signs point to declining demand,-0.823,0.0,0.774,0.226
2,Micron’s Weak Outlook Crushes Chip Stocks. There’s More Trouble Coming for Tech.,-0.273,0.034,0.899,0.067
3,Stock Market Today: Dow Rides Consumer Stocks Higher to Make Strong Start to Q3,0.847,0.08,0.857,0.062
4,Why Nvidia Stock Sank Today,-0.029,0.061,0.892,0.047
5,"Amazon, Disney, AT&amp;T donated to abortion opponents, Tesla faces racial discrimination lawsuit",-0.177,0.05,0.85,0.1
6,This Is When You Can Be Aggressive in Buying AMD Stock,0.995,0.134,0.789,0.077
7,5 Top Stocks to Buy in July,0.556,0.151,0.8,0.049
8,"GM earnings: ‘It’s a boy that cried wolf,’ analyst says",-0.527,0.064,0.764,0.172
9,S&amp;P 500 Climbs as Rising Consumer Stocks Offset Chip-Led Dent in Tech,-0.892,0.055,0.859,0.086
10,Ready to Get Rich With Stocks? You Can't Go Wrong With These 3 Investments,0.916,0.157,0.843,0.0
11,1 Green Flag and 1 Red Flag for Nvidia,0.876,0.127,0.86,0.013
12,Better Augmented Reality Stock: Apple vs. Nvidia,0.732,0.128,0.872,0.0
13,Nvidia Partners Up to Create the Ultimate Metaverse,0.71,0.133,0.867,0.0
