﻿,Titles,Polarity,Positive,Neutral,Negative
0,Crypto Is Getting Killed. Here Are the Stocks With the Most Exposure.,0.361,0.128,0.872,0.0
1,10 Stocks That Made Big Bets on Bitcoin — and Lost,0.361,0.128,0.872,0.0
2,"Stocks: Oracle rises, Fedex soars, consumer staples lag",-0.557,0.043,0.905,0.052
3,Travel stocks mixed following report of dip in online bookings for May,0.0,0.0,1.0,0.0
4,"Forget Inflation and Intel, With Data Center Strength Nvidia Is a Long-Term Buy",0.992,0.093,0.865,0.042
5,2 Green Flags for AMD's Future,0.686,0.11,0.838,0.052
6,7 Stocks for Recent College Grads to Buy and Hold Forever,1.0,0.143,0.834,0.023
