﻿,Titles,Polarity,Positive,Neutral,Negative
0,"Tesla, Nvidia in the red as stocks extend losses",-0.865,0.041,0.905,0.054
1,"Tech stocks: MATANA is the new FAANG, analyst says",0.999,0.105,0.866,0.029
2,12 Best ARK Stocks To Buy Now,1.0,0.136,0.84,0.024
3,Why Nvidia Investors Were Nervous Tuesday Morning,0.0,0.0,1.0,0.0
4,7 Hot Tech Stocks to Buy in September,0.999,0.084,0.895,0.021
5,"Stocks: Nvidia, Intel, and AMD are at risk if this Citi prediction is right",-0.869,0.047,0.883,0.07
6,Is Trending Stock NVIDIA Corporation (NVDA) a Buy Now?,0.999,0.129,0.862,0.01
7,AMD Expands Portfolio With Zen 4 Powered Ryzen 7000 Chip Series,0.998,0.143,0.845,0.012
8,NVIDIA and Dell Technologies Deliver New Data Center Solution for Zero-Trust Security and the Era of AI,0.998,0.111,0.876,0.013
9,NVIDIA and Dell Technologies Deliver New Data Center Solution for Zero-Trust Security and the Era of AI,0.998,0.112,0.875,0.013
10,TSMC Chief Blames Low-End Chips For Hindering Supply Chain; Sees Higher Prices For High-End Chips,-0.62,0.091,0.804,0.105
11,3 Quantum Computing Stocks to Buy for Next-Gen Energy,0.999,0.13,0.86,0.009
12,7 No-Brainer Dividend Stocks to Buy if You Have Money to Invest,0.999,0.089,0.885,0.027
