﻿,Titles,Polarity,Positive,Neutral,Negative
0,"Market Recap: Thursday, January 6",-0.103,0.082,0.825,0.093
1,Arm investigates suspicious payments at Chinese joint venture,0.926,0.075,0.871,0.054
2,Veritone MARVEL.ai Synthetic Voice Solution Supports NVIDIA Omniverse Audio2Face,0.996,0.104,0.875,0.021
3,"Here's Why BofA Remains Bullish On Nvidia, AMD",0.983,0.11,0.876,0.014
4,"CES 2022: BMW unveils color-changing car, John Deere rolls out driverless tractor, chips stand out",0.0,0.0,1.0,0.0
5,Why Nvidia Stock Bounced Back on Thursday,0.92,0.204,0.796,0.0
6,7 Blockchain Stocks to Buy to Get In on the Crypto Action,0.998,0.121,0.807,0.073
7,Nvidia VP details ‘software defined’ autonomous driving platform,0.0,0.0,1.0,0.0
8,New Strong Buy Stocks for January 6th,0.991,0.114,0.886,0.0
9,Nvidia Labeled a Top Pick at BofA,0.964,0.149,0.816,0.034
10,Nvidia Stock Faces Short-Term Pressures. Why It’s Still a Buy.,0.34,0.169,0.743,0.089
11,Should You Invest in the iShares Semiconductor ETF (SOXX)?,0.99,0.098,0.864,0.037
12,Nvidia Stock: Bear vs. Bull,0.0,0.0,1.0,0.0
13,"Chinese AI giant Baidu ups the ante on autonomous driving, plans to launch its first car with level 4 automation next year",0.986,0.054,0.944,0.003
