﻿,Titles,Polarity,Positive,Neutral,Negative
0,"Arm Battle With China CEO Escalates, Complicating SoftBank Sale",0.925,0.08,0.852,0.068
1,What To Expect From Nvidia's Analyst Day on April 12,0.98,0.109,0.867,0.024
2,"Dow Rallies, Tech Stocks Fall As Yields Rebound Amid Inflation Data; Tesla Stock Slides",0.202,0.076,0.924,0.0
3,The global chip shortage is a ‘perfect storm’: strategist ,0.997,0.085,0.878,0.037
4,The 4 Best Semiconductor Stocks to Buy for the Next Decade,0.667,0.265,0.668,0.067
5,3 Top Tech Stocks That Will Make You Richer in April (and Beyond),0.916,0.243,0.757,0.0
6,Spatial Computing Emerging as a Tech Buzzword: 5 Stocks to Play,1.0,0.145,0.848,0.007
7,"Dow Jones Futures Rise After Tech Leaders Break Out, Set Up; What To Do Now",0.71,0.228,0.772,0.0
8,"The Zacks Analyst Blog Highlights: NVIDIA, Bank of America, McDonald's, Sony and American Express",0.998,0.128,0.853,0.019
9,"Dow Jones Futures Rise, Nasdaq Futures Fall After Tech Leaders Break Out, Set Up; What To Do Now",0.71,0.228,0.772,0.0
10,"Semiconductors Watchlist: Cramer Likes Qualcomm, Marvell",0.0,0.0,1.0,0.0
11,"Market Deep Thinkers, Powell's Soothing Tone, Inflation Lurks, Checking Nvidia",0.599,0.224,0.776,0.0
