﻿,Titles,Polarity,Positive,Neutral,Negative
0,Dow Jones Futures: Market Rally Nearing Lows Amid Russia's Ukraine Invasion; 5 Stocks Holding Up,-0.202,0.0,0.904,0.096
1,Why Nvidia Lost More of Its Value Than the Broad Market Did on Friday,-0.008,0.0,0.949,0.051
2,Nvidia's Sensitive Data Remains Vulnerable To Ransomware Group's Deadline Which Ends Today,-0.929,0.02,0.886,0.094
3,What Are the Best Stocks to Buy for Inflation? Here Are Our Top 10 Picks,1.0,0.144,0.833,0.023
4,Nvidia Faces an Unusual Demand That Threatens Its Secrets,-0.459,0.0,0.963,0.037
5,10 Semiconductor Stocks To Watch Amid Russia-Ukraine War,0.998,0.087,0.883,0.029
6,"Market check: Financial, tech, travel stocks under pressure",0.0,0.0,1.0,0.0
7,S&amp;P 500 Falls as Intensifying Russia-Ukraine War Offsets Big Jobs Beat,0.109,0.085,0.837,0.078
8,S&amp;P 500 Sinks as Russia-Ukraine Conflict Offsets Blowout Jobs Report,-0.589,0.087,0.825,0.088
9,10 Semiconductor Stocks to Buy Under $50,0.999,0.109,0.879,0.012
10,Why Broadcom’s Earnings Are Good News for Nvidia and Other Chip Stocks,0.735,0.141,0.817,0.042
11,Nvidia Stock Is a Buy Even After the Arm Deal Came Apart,0.999,0.147,0.81,0.043
12,Cryptocurrencies After Russia-Ukraine War: Top 10 Gainers,1.0,0.177,0.778,0.045
13,"Apple, Nvidia Join — Microsoft Just Misses — This Exclusive Club",0.637,0.154,0.846,0.0
