﻿,Titles,Polarity,Positive,Neutral,Negative
0,There’s a New Rising Era for Advanced Micro Devices Stock,0.988,0.084,0.872,0.045
1,UK's Johnson joins final push to convince Arm to list in London -FT,0.555,0.03,0.958,0.012
2,US STOCKS-Wall Street up before Fed meet as tech buying punctuates volatile trade,0.926,0.078,0.862,0.059
3,"Stocks reverse course into the close, real estate sector among biggest losers of the day",0.0,0.0,1.0,0.0
4,7 Stocks to Sell Ahead of the Fed’s Next Rate Hike,0.963,0.088,0.84,0.072
5,Advanced Micro Devices (AMD) Q1 Preview: Can Shares Return to Former Glory?,0.998,0.12,0.848,0.032
6,"US STOCKS-Wall Street drops as Fed focus takes hold, 10-yr Treasuries breach 3%",-0.918,0.061,0.862,0.078
7,Buy Nvidia Stock As Semiconductor Companies Start to Recover,0.973,0.077,0.887,0.036
8,10 Stocks to Buy According to Joshua Pearl’s Hickory Lane Capital Management,1.0,0.112,0.867,0.021
9,Why Nvidia Stock Is Jumping Higher Today,0.765,0.117,0.857,0.026
10,11 Best Video Game Stocks To Invest in Now,1.0,0.123,0.866,0.012
11,"Why Meta ‘isn’t the company that’s building out the metaverse,’ according to a strategist",-0.226,0.0,0.921,0.079
12,Stocks rise modestly at market open,0.0,0.0,1.0,0.0
13,Nasdaq sees worst month since 2008 as tech earnings disappoint,-0.625,0.0,0.806,0.194
14,Investors Heavily Search NVIDIA Corporation (NVDA): Here is What You Need to Know,0.999,0.129,0.861,0.01
