﻿,Titles,Polarity,Positive,Neutral,Negative
0,10 Best-Performing S&amp;P 500 Stocks in the Last 10 Years,1.0,0.131,0.844,0.024
1,Bad News Is Piling Up for Chip Makers,-0.178,0.106,0.773,0.121
2,7 Nasdaq Stocks With Superior Fundamentals,0.999,0.12,0.833,0.047
3,UPDATE 1-Bill addressing U.S. lawmakers' stocks imminent in House -Speaker Pelosi,-0.636,0.052,0.88,0.067
4,7 Quantum Computing Stock Picks to Beat the September Market Slump,0.999,0.095,0.883,0.023
5,Tech companies ramp up stock buybacks amid market volatility,0.971,0.074,0.9,0.025
6,"Company News for Sep 14, 2022",0.983,0.214,0.748,0.038
7,Semiconductor Stocks Are Down Big -- Here Is My Next Move,-0.296,0.051,0.867,0.082
8,How Low Will Nvidia Stock Go?,0.318,0.126,0.874,0.0
