﻿,Titles,Polarity,Positive,Neutral,Negative
0,AI Dreams and Reality: Investing in Advanced Technology,0.998,0.11,0.858,0.033
1,"US STOCKS-Tesla lifts Nasdaq to record-high close, S&amp;P 500 dips",0.991,0.105,0.857,0.039
2,US STOCKS-Tesla lifts Nasdaq to record-high close,0.987,0.102,0.869,0.029
3,"Top Research Reports for Facebook, NVIDIA &amp; HSBC",0.999,0.177,0.786,0.037
4,"Top Research Reports for Facebook, NVIDIA &amp; HSBC",0.999,0.177,0.786,0.037
5,Time to Focus on NVIDIA (NVDA) for Strong Earnings Growth Potential,0.997,0.197,0.794,0.009
6,4 Stocks to Buy as Nasdaq Hits Record High on Tech Rally,1.0,0.17,0.808,0.022
7,4 Stocks to Buy as Nasdaq Hits Record High on Tech Rally,1.0,0.17,0.808,0.022
8,"The Zacks Analyst Blog Highlights: CrowdStrike, JBS, Taiwan Semiconductor, NVIDIA and Splunk",0.999,0.136,0.835,0.029
9,"The Zacks Analyst Blog Highlights: CrowdStrike, JBS, Taiwan Semiconductor, NVIDIA and Splunk",0.999,0.136,0.835,0.029
10,A New High for Nasdaq Overlooking Rate Hike Signal: 5 Picks,1.0,0.15,0.822,0.028
11,A New High for Nasdaq Overlooking Rate Hike Signal: 5 Picks,1.0,0.15,0.822,0.028
12,2 Hot Stocks to Buy Right Now,0.751,0.092,0.889,0.019
13,Here's What Happened to NVIDIA During the Last Crypto Crash,0.202,0.12,0.805,0.076
