﻿,Titles,Polarity,Positive,Neutral,Negative
0,Arm CEO says Nvidia merger better than going public,0.958,0.115,0.833,0.053
1,"3 Heavyweight, Most-Shorted Stocks Breaking Out",0.997,0.112,0.853,0.035
2,"Stock Picks: Nvidia, Facebook Reveal 7 Telltale Traits Of Top Stocks To Buy And Watch",0.893,0.3,0.7,0.0
3,7 Stocks to Sell as You Head Into July 2021,1.0,0.13,0.854,0.016
4,Earnings Growth &amp; Price Strength Make Nvidia (NVDA) a Stock to Watch,0.999,0.139,0.861,0.0
5,Semiconductor Stocks Look Promising After Micron Q3 Earnings: 4 Picks,0.999,0.146,0.833,0.021
6,The Top Reasons That Corsair Gaming Stock Is a Buy,0.999,0.151,0.819,0.031
7,7 Strong Stocks to Buy for July 2021,1.0,0.116,0.875,0.009
8,Nvidia Stock Will Continue to Buck Bearish Narratives,0.991,0.097,0.854,0.049
9,"British jobs at risk if Nvidia takeover is blocked, Arm boss warns",0.762,0.053,0.91,0.037
10,"British jobs at risk if Nvidia takeover is blocked, Arm boss warns",0.762,0.053,0.91,0.037
