﻿,Titles,Polarity,Positive,Neutral,Negative
0,Nvidia Q2 FY2023 Earnings Report Preview: What to Look For,0.382,0.115,0.885,0.0
1,"Dow Jones Futures: Market Rally Awaits Powell; Apple Carving Handle, 5 EV Plays Near Buy Points",-0.326,0.0,0.945,0.055
2,Nvidia set to report earnings after Wednesday's close,0.033,0.061,0.879,0.06
3,"Nvidia stock still isn't a great buy yet, analyst warns",0.026,0.033,0.93,0.037
4,"Here's Why We've Added to One Position, While Trimming Another",0.951,0.27,0.73,0.0
5,Why Things Are Looking Up for Nvidia Before Earnings,0.557,0.071,0.929,0.0
6,Stock Market Today: Dow Ends in Red as Signs of Slowing Growth Weigh,0.977,0.108,0.836,0.056
7,"Nvidia, Salesforce, Snowflake Earnings: 3 Things to Watch",0.868,0.1,0.827,0.073
8,Chip Giant Nvidia's Stock Slump Fails to Remove Its Pricey Tag,0.97,0.083,0.854,0.063
9,S&amp;P 500 Struggles for Direction as Weaker Data Stokes Growth Worries,0.978,0.114,0.833,0.054
10,NVIDIA (NVDA) Q2 Earnings to Be Hurt by Weak Gaming Chip Demand,0.996,0.123,0.853,0.024
11,Could Snowflake Become the Next Nvidia?,0.926,0.301,0.699,0.0
12,3 Things About Nvidia That Smart Investors Know,-0.867,0.049,0.789,0.162
