﻿,Titles,Polarity,Positive,Neutral,Negative
0,Advanced Micro Devices: The Snapback Rally Is On,0.945,0.074,0.872,0.054
1,7 Web 3.0 Stocks to Buy for Their First-Mover Advantage,1.0,0.132,0.859,0.009
2,Expect Renewed Strength In AAPL Stock After the Year’s First Apple Event,0.994,0.074,0.9,0.026
3,10 Cryptocurrencies Trending on Reddit in March,1.0,0.139,0.839,0.022
4,"Stock Picks: Nvidia, Amazon Reveal 7 Telltale Traits Of Winning Stocks",0.856,0.296,0.704,0.0
5,Amazon (AMZN) to Split Stock in 20 to Attract More Investors,0.998,0.172,0.816,0.011
6,"Stocks open lower, oil rises as Russia-Ukraine ceasefire talks stall",0.0,0.0,1.0,0.0
7,10 Best Semiconductor Stocks to Invest in According to DE Shaw,1.0,0.11,0.877,0.013
8,Why NVIDIA (NVDA) May Be a Good Bet Amid Recent Sell-Off,0.999,0.144,0.833,0.023
9,Should You Consider Establishing a Position in NVIDIA (NVDA)?,0.972,0.093,0.892,0.015
10,Will Nvidia Be a Trillion-Dollar Stock by 2025?,0.077,0.071,0.929,0.0
11,5 Must-Buy Semiconductor Bigwigs at Attractive Valuation,0.999,0.146,0.816,0.038
12,Should You Buy the Dip In This Top Automotive Chip Company?,0.382,0.05,0.95,0.0
13,Why Micron Technology Could Be the Nvidia of the 2020s,0.889,0.211,0.764,0.024
