﻿,Titles,Polarity,Positive,Neutral,Negative
0,3 High-Growth Stocks That Could Be Worth $1 Trillion in 10 Years -- Or Sooner,0.477,0.102,0.898,0.0
1,"Stocks gaining in early trading: Nvidia, AMD, Tesla, Moderna, Gilead",0.882,0.042,0.948,0.01
2,Why Tech Layoffs Aren't Panicking This Investor,-0.128,0.073,0.844,0.083
3,There Will Be Blood: Nvidia Edition,-0.142,0.0,0.979,0.021
4,"NVIDIA GTC to Feature CEO Jensen Huang Keynote Announcing New AI and Metaverse Technologies, 200+ Sessions With Top Tech, Business Execs",0.99,0.065,0.92,0.015
5,"NVIDIA GTC to Feature CEO Jensen Huang Keynote Announcing New AI and Metaverse Technologies, 200+ Sessions With Top Tech, Business Execs",0.992,0.067,0.917,0.016
6,"Got $3,000? 2 Tech Stocks to Buy and Hold for the Long Term",0.0,0.0,1.0,0.0
