﻿,Titles,Polarity,Positive,Neutral,Negative
0,Why Nvidia Stock Fell Nearly 7% Today,0.226,0.092,0.85,0.058
1,"Stocks: S&amp;P 500 touches 52-week low, Microsoft market cap dips below $2 trillion",0.0,0.0,1.0,0.0
2,Nvidia Stock Is a Buy on Weakness,0.992,0.129,0.845,0.026
3,"Market check: Stocks resume sell-off, meme stock traders lose gains",0.026,0.097,0.81,0.093
4,NVIDIA Fined $5.5M Over Crypto Mining Disclosures,0.34,0.167,0.769,0.064
5,2 Top Tech Stocks to Buy During a Recession,0.619,0.062,0.917,0.021
6,Looking for Stocks with Positive Earnings Momentum? Check Out These 2 Computer and Technology Names,0.996,0.149,0.828,0.023
7,"Midday Stock Movers: Boeing, Chevron, AMD Down; Campbell Soup Among Few Gainers",-0.84,0.051,0.871,0.078
8,3 Companies Jumping on the Web 3.0 Train,0.997,0.097,0.901,0.002
