﻿,Titles,Polarity,Positive,Neutral,Negative
0,Why Biden can't fix the semiconductor shortage,-0.052,0.138,0.714,0.148
1,Is NVIDIA (NVDA) Stock Outpacing Its Computer and Technology Peers This Year?,0.991,0.115,0.88,0.005
2,"Taper Or Tarry: Will Delta, Inflation, And Employment Data Spur Fed Action Or Delay?",0.97,0.084,0.844,0.072
3,10 Stocks That Benefit from Global Chip Shortage,0.999,0.12,0.846,0.034
4,Is This Going to Be Intel's Big Break?,0.0,0.0,1.0,0.0
5,Meet Nvidia's Next Big Catalyst,0.827,0.442,0.558,0.0
6,"This Robot Trader Just Turned Bullish on Amazon, Facebook, and Nvidia. Here’s What It Sold.",0.586,0.254,0.746,0.0
