﻿,Titles,Polarity,Positive,Neutral,Negative
0,"Novare Capital Management Llc Buys iShares PHLX SOX Semiconductor Sector Index Fund, Alphabet ...",0.992,0.053,0.932,0.015
1,"Cadinha &amp; Co Llc Buys iShares 20+ Year Treasury Bond ETF, Newmont Corp, Cisco Systems Inc, ...",0.994,0.062,0.932,0.006
2,"Amid a global chip shortage, Intel is making less money — how did that happen?",0.128,0.044,0.92,0.035
3,"Top Stock Reports for NVIDIA, UPS &amp; Intuit",0.999,0.192,0.767,0.041
4,This Is One of the Best Chip Stocks to Own in February,0.989,0.154,0.811,0.035
5,Why Nvidia Stock Dropped Again on Thursday,0.743,0.083,0.917,0.0
6,"Merrion Investment Management Co, LLC Buys iShares TIPS Bond ETF, ViacomCBS Inc, Canadian ...",0.994,0.063,0.931,0.005
7,"Applied Research Investments, Llc Buys NVIDIA Corp, ServiceNow Inc, Thomson Reuters Corp, Sells ...",0.982,0.067,0.925,0.008
8,"Safeguard Investment Advisory Group, LLC Buys Dimensional U.S. ...",0.999,0.121,0.875,0.004
9,7 Stocks to Buy as the Market Shakes Off Omicron Fears,1.0,0.144,0.819,0.037
10,Arrow Electronics (ARW) Q4 Earnings &amp; Revenues Beat Estimates,0.997,0.105,0.882,0.013
11,Check Point's (CHKP) Q4 Earnings and Revenues Beat Estimates,0.999,0.165,0.83,0.005
12,3 Sleeper Stocks to Buy Under Wall Street’s Radar,0.99,0.108,0.808,0.084
13,"Qualcomm, with legal and regulatory battles behind it, navigates supply-chain crunch to post record results",0.937,0.225,0.775,0.0
14,"Inspire Advisors, LLC Buys Inspire Corporate Bond Impact ETF, Vanguard Intermediate-Term ...",1.0,0.16,0.84,0.0
15,"Noesis Capital Mangement Corp Buys Cummins Inc, Amplify CPW Enhanced Dividend Income ETF, ...",0.989,0.051,0.942,0.007
16,4 Recent Signs That Nvidia Stock Remains on the Right Track,0.128,0.057,0.894,0.049
17,3 Reasons Investors Should Take Intel Competition Seriously,0.714,0.134,0.782,0.084
18,Sadoff Investment Management Llc Buys iShares U.S. ...,0.993,0.067,0.933,0.0
19,"Mosaic Advisors LLC Buys Apple Inc, Tesla Inc, Alphabet Inc, Sells iShares Core U.S. ...",0.997,0.073,0.923,0.004
