﻿,Titles,Polarity,Positive,Neutral,Negative
0,Will the Chip Shortage Finally End in 2022? What to Expect.,-0.511,0.0,0.807,0.193
1,7 Top Meme Stocks to Buy Before the Year End,1.0,0.142,0.803,0.056
2,US STOCKS-Wall Street ends down after mostly negative week,0.859,0.076,0.863,0.062
3,Is the Semiconductor Shortage Almost Over?,-0.9,0.0,0.809,0.191
4,"Investing In Stocks: Timely Tips From Rudolph, Frosty And Scrooge",0.402,0.114,0.886,0.0
5,"The Zacks Analyst Blog Highlights: NVIDIA, Qualcomm, Advanced Micro Devices, Broadcom and Analog Devices",1.0,0.175,0.802,0.023
6,"Top 10 Metaverse Stocks in META, the World's First Metaverse ETF",0.0,0.0,1.0,0.0
7,"These 5 Stocks Will Make Or Break Nasdaq 100 – Price Volume Analysis on AAPL, MSFT, AMZN, TSLA, NVDA",-0.17,0.072,0.85,0.078
8,"Dow Jones Futures Fall, Tech Sell-Off Continues In Big Test For Market Rally; Rivian Dives, Tesla Nears Round Trip",0.178,0.078,0.922,0.0
9,"Dow Jones Futures Dip, Tech Retreat Continues In Big Test For Market Rally; Rivian Dives, Tesla Nears Round Trip",0.178,0.078,0.922,0.0
10,2 Metaverse Stocks That Could Make You Richer in 2022,0.856,0.146,0.854,0.0
11,"Tech Rattled, Omicron Advances, German Gloom - What's Moving Markets",-0.979,0.071,0.829,0.1
12,"Dow Jones Futures: What The Tech Sell-Off Means For The Market Rally; Rivian Dives, FedEx Rises Late",0.0,0.0,1.0,0.0
13,"Dow Jones Futures: Apple, Tesla Lead Tech Beatdown; Rivian Dives Late, FedEx Rises",0.0,0.0,1.0,0.0
