﻿,Titles,Polarity,Positive,Neutral,Negative
0,Nvidia (NVDA) Outpaces Stock Market Gains: What You Should Know,0.989,0.091,0.896,0.012
1,TD SYNNEX (SNX) Boosts Security Portfolio with Tugboat Partnership,0.998,0.217,0.783,0.0
2,NortonLifeLock (NLOK) Launches AntiTrack to Protect Online Privacy,0.998,0.176,0.813,0.011
3,Retail traders follow Nancy Pelosi's husband's stock moves to find winners,0.904,0.052,0.917,0.031
4,Nvidia Is Making Concessions to Get Its ARM Deal Done. Now We Wait for the Regulators.,0.0,0.0,1.0,0.0
5,4 Semiconductor Stocks to Watch After Monday's Dip,0.802,0.118,0.882,0.0
6,Dow Jones Dives 450 Points As Stock Market Weakness Returns; These 3 Tech Titans Slide,-0.422,0.0,0.872,0.128
7,Nvidia Is Building the Future of Technology,0.778,0.124,0.843,0.033
8,5 Solid Stocks to Buy on a Thriving Semiconductor Industry,0.996,0.1,0.863,0.037
9,"The Zacks Analyst Blog Highlights: Semtech Corp, NVIDIA, Applied Materials, Analog Devices and Vishay Intertechnology",0.999,0.137,0.844,0.019
10,Michael Dell learned these lessons from Steve Jobs and Bill Gates,0.985,0.135,0.846,0.02
11,11 Best Stocks for Long Term Growth,1.0,0.132,0.838,0.031
12,UPDATE 1-Nvidia offers EU concessions over $54 billion Arm deal,0.938,0.082,0.911,0.007
13,Nvidia offers EU concessions over $54 billion Arm deal,0.938,0.083,0.91,0.007
14,VMware’s Project Monterey Access Enhanced by NVIDIA; Street Says Buy,0.995,0.167,0.822,0.011
