﻿,Titles,Polarity,Positive,Neutral,Negative
0,Nvidia (NVDA) Dips More Than Broader Markets: What You Should Know,0.983,0.085,0.89,0.025
1,"Top Research Reports for NVIDIA, Procter &amp; Gamble, &amp; Sony",1.0,0.174,0.783,0.042
2,"Top Research Reports for NVIDIA, Procter &amp; Gamble, &amp; Sony",1.0,0.174,0.783,0.042
3,"Is Nvidia Stock A Buy With New Chip To Take On Intel, AMD?",0.44,0.108,0.892,0.0
4,Palo Alto (PANW) to Report Q3 Earnings: What's in Store?,0.997,0.133,0.864,0.003
5,Is NVIDIA (NVDA) Stock Outpacing Its Computer and Technology Peers This Year?,0.978,0.093,0.891,0.015
6,"Sohu.com (SOHU) Q1 Earnings Beat Estimates, Revenues Rise Y/Y",0.997,0.109,0.877,0.014
7,"Sohu.com (SOHU) Q1 Earnings Beat Estimates, Revenues Rise Y/Y",0.997,0.109,0.877,0.014
