﻿,Titles,Polarity,Positive,Neutral,Negative
0,How AMD Stock Rose 16.8% Last Month,0.88,0.207,0.77,0.023
1,AMD stock soars toward best day in 15 months after company wins Facebook business,0.813,0.208,0.792,0.0
2,"AMD Wins Meta, Microsoft As Clients, Targets Nvidia With Processors",0.852,0.063,0.925,0.012
3,"AMD partners with Meta, seeks to 'advance semiconductor ecosystem in United States,' CEO says",0.66,0.167,0.833,0.0
4,"UPDATE 1-AMD lands Meta as customer, takes aim at Nvidia with new chips",0.985,0.097,0.903,0.0
5,"AMD lands Meta as customer, takes aim at Nvidia with new chips",0.985,0.099,0.901,0.0
6,"S&amp;P 500 Ekes Record Close Above 4,700 as Bulls Ride Melt-Up in Materials",0.991,0.111,0.857,0.031
7,Why Nvidia Stock Popped Again Today,0.718,0.119,0.881,0.0
8,Chipmaker AMD just scored a big deal with Meta,0.961,0.085,0.895,0.02
9,"S&amp;P 500 Eases From Record, but Bullish Bets on Cyclicals Fuel Gains",0.997,0.146,0.813,0.041
10,META ETF Crosses $250 Million In Assets Under Management,0.971,0.082,0.88,0.038
11,AMD Soars as Meta Picks Its Data Center Chips for Facebook,0.956,0.104,0.882,0.014
12,Nvidia Shares Blow Past Targets in Tesla-Like Move,0.998,0.144,0.826,0.029
13,"Dow Jones Futures Rise, Tesla Stock Falls After Elon Musk Wins 'Approval' To Sell 10% Of Stake",0.285,0.097,0.903,0.0
14,"Got $3,000? Buy These 3 Stocks Riding Unstoppable Trends",0.511,0.119,0.81,0.07
15,Here comes the travel boom: Morning Brief,0.989,0.083,0.87,0.047
