﻿,Titles,Polarity,Positive,Neutral,Negative
0,Dow Jones Futures: Stock Market Rally Rebounds As Treasury Yields Plunge; Adopt This Winning S&amp;P 500 Strategy,0.361,0.171,0.829,0.0
1,Why NVIDIA Stock Popped Today,0.791,0.136,0.864,0.0
2,"Is Nvidia Stock A Buy As New Chip To Take On Intel, AMD?",0.44,0.108,0.892,0.0
3,Autotrader reveals 10 best electric cars of 2021,-0.178,0.077,0.815,0.107
4,Dow Jones Rallies As Jobless Claims Plunge; Coinbase Up As Powell Likens Bitcoin To Gold,0.0,0.0,1.0,0.0
5,Dow Jones Hits New High As Stocks Rally On Jobs Data; These 2 Hot IPO Stocks Jump,0.743,0.24,0.76,0.0
6,"Intel faces a costly and uncertain road back to glory, analyst warns of ‘pain’ ahead",0.34,0.164,0.71,0.126
7,"Chip shortage can slip into 2022, American Eagle on track for $1 billion in sales",-0.34,0.0,0.892,0.108
8,"Dow Jones Rallies As Apple Snaps Back; Nvidia Regains Buy Point, While Coinbase IPO Jumps",0.0,0.0,1.0,0.0
9,"5 Top Stock Gainers for Thursday: Weingarten Realty, Dell, Nvidia",0.202,0.122,0.878,0.0
10,Dow Jones Futures Rise On Strong Earnings Amid Latest Market Rally Shift; Coinbase Jumps Again; 5 Stocks In Buy Zones,0.0,0.0,1.0,0.0
11,Supply Shortage Boosting Microchip Demand: 4 Stocks to Buy,0.992,0.112,0.819,0.069
12,NVIDIA's Continued Innovation Makes It a Name to Watch Closely,0.847,0.131,0.84,0.029
13,"Dow Jones Futures Rise Amid Latest Market Rally Shift; Taiwan Semi Earnings Top, Coinbase Jumps Again; 5 Stocks In Buy Zones",0.0,0.0,1.0,0.0
14,Nvidia Top Shareholders,0.202,0.079,0.921,0.0
15,"Nvidia Higher as Raymond James Eyes Enterprise Rebound, New Chip",0.511,0.13,0.87,0.0
16,Semiconductor Watchlist: Nvidia Challenges Intel and AMD,0.0,0.0,1.0,0.0
