﻿,Titles,Polarity,Positive,Neutral,Negative
0,Markets Lose Impetus in Summer Trading Today,0.975,0.109,0.83,0.061
1,"SOX semiconductor index could double over the next couple of years, analyst says",-0.25,0.0,0.923,0.077
2,"Nasdaq hits session lows, megacap stocks among biggest market laggards",0.0,0.0,1.0,0.0
3,Market check: Stocks under pressure as software sector drags down Nasdaq,-0.357,0.0,0.873,0.127
4,Dow Futures Tick Higher Following Renewed Selloff,-0.945,0.074,0.811,0.115
5,Why Nvidia Stock Fell More Than 4% Today,-0.593,0.026,0.885,0.089
6,Alphabet's (GOOGL) Google Adds More Free Game Demos to Stadia,0.998,0.164,0.803,0.033
7,Qualcomm CFO explains product expansion to create ‘better Wi-Fi’,-0.25,0.0,0.913,0.087
8,Adding $100 to These 7 Stocks Could Be a Genius Move Right Now,0.765,0.398,0.602,0.0
9,7 Long-Term Growth Stocks That Wall Street Analysts Still Love,0.999,0.148,0.792,0.06
10,7 Growth Stocks to Buy for a Rich Retirement,1.0,0.197,0.763,0.04
11,Have $300? These 2 Top Tech Stocks Are Screaming Buys Now,0.599,0.107,0.893,0.0
