﻿,Titles,Polarity,Positive,Neutral,Negative
0,Goldman Sachs Stock Portfolio: Top 10 Stocks,0.999,0.091,0.888,0.021
1,What's in Store for Semiconductor ETFs in Q3 Earnings?,0.995,0.113,0.853,0.034
2,We Think NVIDIA (NASDAQ:NVDA) Can Manage Its Debt With Ease,-0.776,0.123,0.744,0.133
3,Dow Jones Rallies As Bitcoin ETF Debuts; 4 Tech Stocks To Buy And Watch,0.0,0.0,1.0,0.0
4,"Stock Market News for Oct 19, 2021",0.997,0.113,0.861,0.026
5,Phunware Acquires This Innovative High-Performance Computer Company,0.995,0.099,0.888,0.013
6,Dow Jones Futures Rally As Bitcoin ETF Debuts; 4 Tech Stocks To Buy And Watch,0.0,0.0,1.0,0.0
7,Dow Jones Futures Rally On Strong Earnings Results; 3 Tech Titans In New Buy Zones,0.0,0.0,1.0,0.0
8,Bull Of The Day: NVIDIA (NVDA),0.998,0.107,0.87,0.022
9,Dow Jones Futures Rally 150 Points; 3 Tech Titans In New Buy Zones,0.0,0.0,1.0,0.0
10,"The Zacks Analyst Blog Highlights: NVIDIA, UnitedHealth, Bank of America, Exxon Mobil, SAP SE and Sony",0.999,0.148,0.829,0.023
11,Dow Jones Futures Fall As Stock Market Rally Strengthens: First Bitcoin ETF To Debut; Tesla Nears Record High,0.0,0.0,1.0,0.0
12,"Dow Jones Futures Rise, As Stock Market Rally Strengthens: First Bitcoin ETF To Debut; Tesla Nears Record High",0.0,0.0,1.0,0.0
