﻿,Titles,Polarity,Positive,Neutral,Negative
0,"Is Nvidia Stock A Buy After Steep Decline, Tech Sell-Off?",0.44,0.108,0.892,0.0
1,"Semiconductors Watchlist: AMD, Nvidia Surge in Trading",0.0,0.0,1.0,0.0
2,10 Best Semiconductor Stocks to Buy in 2021,0.999,0.104,0.865,0.031
3,10 Best Semiconductor Stocks to Buy in 2021,0.999,0.104,0.865,0.031
4,5 Beaten-Down Stocks of Nasdaq ETF With Upside Potential,0.999,0.146,0.834,0.019
5,"How these teens are having fun in today’s stock market, and, for the most part, making money",0.477,0.107,0.893,0.0
6,This Cloud Computing Subsector Has Huge Potential: 2 Stocks to Buy Before the Boom,0.459,0.176,0.824,0.0
7,"NVIDIA CEO Jensen Huang to Host AI Pioneers Yoshua Bengio, Geoffrey Hinton and Yann LeCun, and Others, at GTC21",0.995,0.076,0.913,0.011
8,"NVIDIA CEO Jensen Huang to Host AI Pioneers Yoshua Bengio, Geoffrey Hinton and Yann LeCun, and Others, at GTC21",0.995,0.076,0.913,0.011
9,NVIDIA Unveils AI Enterprise Software Suite to Help Every Industry Unlock the Power of AI,0.997,0.086,0.902,0.012
10,Microchip Sales Poised to Grow on Soaring Demand: 5 Winners,0.999,0.129,0.844,0.027
