﻿,Titles,Polarity,Positive,Neutral,Negative
0,"Why Nvidia, Facebook, Amazon, and Pinduoduo Fell Today",-0.813,0.0,0.625,0.375
1,Intel CEO on the chip industry: You can't be a little player,0.953,0.065,0.93,0.004
2,Qualcomm (QCOM) Option Traders Bullish Into Earnings,0.612,0.238,0.762,0.0
3,Intel to make Qualcomm chips,0.318,0.071,0.929,0.0
4,Are Robust Financials Driving The Recent Rally In NVIDIA Corporation's (NASDAQ:NVDA) Stock?,0.999,0.177,0.81,0.013
5,Gamers are going to great lengths to find graphics cards in a chip shortage,-0.511,0.0,0.823,0.177
6,Think Cryptocurrency Is Too Risky? Invest in This Instead,0.898,0.245,0.694,0.061
