﻿,Titles,Polarity,Positive,Neutral,Negative
0,Top 10 Stocks by Searches; One Guess Which is No. 1,0.296,0.073,0.927,0.0
1,"Citi Recommends Nvidia, Marvell To Seek Refuge Amid Semiconductor Downturn",0.99,0.183,0.796,0.021
2,This Chip Stock Is One of the Best to Own in H2,0.982,0.121,0.858,0.02
3,Reddit’s WallStreetBets is Buying These 10 Stocks To Survive Upcoming Recession,0.999,0.101,0.868,0.031
4,3 Unstoppable Stocks to Buy Now and Never Sell,0.422,0.149,0.851,0.0
5,"6 of the Most Undervalued Stocks to Buy In Tech, Media and Telecom",0.999,0.107,0.866,0.027
6,This Just Happened for the First Time in Nvidia's History,0.66,0.088,0.912,0.0
7,Should You Invest in Nvidia Right Now?,-0.361,0.0,0.872,0.128
