﻿,Titles,Polarity,Positive,Neutral,Negative
0,"4 Top Stock Trades for Tuesday: Nasdaq, SHOP, NVDA, NKE",0.978,0.075,0.891,0.033
1,"Top Analyst Reports for Amazon, NVIDIA &amp; JPMorgan",0.999,0.188,0.765,0.047
2,"Semiconductor Watchlist: Micron, Nvidia Applied Materials",0.572,0.133,0.818,0.05
3,Is it Still Worthy to Keep Your NVIDIA (NVDA) Shares?,0.969,0.066,0.926,0.008
4,Should You Be Tempted to Buy NVIDIA Corporation (NVDA) Shares?,0.997,0.144,0.856,0.0
5,"If You Invested $1000 in Nvidia 10 Years Ago, This Is How Much You'd Have Now",0.999,0.16,0.823,0.018
6,Dow Jones Futures: What To Do After Four Market Days That Changed Everything,-0.157,0.0,0.922,0.078
7,Dow Jones Futures Fall After Four Market Days That Changed Everything,-0.157,0.0,0.922,0.078
8,Dow Jones Futures Fall: Four Market Days That Changed Everything; What To Do Now,-0.157,0.0,0.922,0.078
