﻿,Titles,Polarity,Positive,Neutral,Negative
0,The $217 Million Dollar Pizza: Don’t Let These 3 Stocks Get Away Like Bitcoin,0.999,0.174,0.76,0.066
1,10 Best Active Stocks to Buy Now,1.0,0.15,0.828,0.022
2,How These 2 Tech Stocks Are Helping the Fight Against COVID-19,0.586,0.117,0.84,0.043
3,5 Semiconductor Stocks With Huge Potential to Buy on the Dip,1.0,0.146,0.84,0.014
4,5 Semiconductor Stocks With Huge Potential to Buy on the Dip,1.0,0.146,0.84,0.013
5,"The Zacks Analyst Blog Highlights: NVIDIA, Procter &amp; Gamble, Sony, Uber and China Petroleum &amp; Chemical",0.998,0.123,0.86,0.017
6,NVIDIA Has Just Made a Terrific Move to Boost Its Gaming Business,0.077,0.056,0.944,0.0
7,Nvidia tries to stop its chips being used for crypto mining,0.88,0.167,0.774,0.059
