﻿,Titles,Polarity,Positive,Neutral,Negative
0,My 5 Tips to Set Your Portfolio Up for the Long Haul,1.0,0.182,0.797,0.022
1,"Dow Jones Futures: These Sectors Lead Market Rotation As Tesla Falls, Software Skids; 3 Stocks In Buy Zones",-0.166,0.078,0.81,0.111
2,7 Best Video Game Stocks to Buy for the Year End,0.999,0.121,0.835,0.044
3,Why Nvidia Stock Dipped on Tuesday,0.902,0.144,0.856,0.0
4,"NVIDIA, StoneCo, Costco, Dillard's and Tesla highlighted as Zacks Bull and Bear of the Day",1.0,0.121,0.859,0.02
5,"The Zacks Analyst Blog Highlights: Alphabet, Tesla, Costco, Applied Materials and NVIDIA",1.0,0.142,0.845,0.014
6,Bull of the Day: NVIDIA (NVDA),1.0,0.112,0.873,0.015
