﻿,Titles,Polarity,Positive,Neutral,Negative
0,"4 Top Stock Trades for Thursday: BABA, JD, AMD, NVDA",0.994,0.115,0.834,0.051
1,"Dow Jones Futures: Market Rally Flashes Bullish Signal On Fed, China Russia-Ukraine News; What To Do Now",-0.65,0.0,0.772,0.228
2,Why Nvidia Stock Keeps Hopping Higher,0.883,0.127,0.873,0.0
3,"The Best Stocks to Invest $1,000 in Right Now",0.973,0.261,0.739,0.0
4,Nvidia Stock Shows Market Leadership With Jump To 91 RS Rating,0.542,0.128,0.791,0.081
5,Nvidia Placed on Wells Fargo's Signature Pick List,0.945,0.139,0.833,0.027
6,The Nasdaq's Soaring and Investors Are Watching These 2 Winning Stocks,0.296,0.03,0.97,0.0
7,2 Best Metaverse Stocks to Buy in 2022 and Beyond,0.891,0.11,0.89,0.0
8,3 Red-Hot Stocks That Could Continue to Beat the Market,0.0,0.0,1.0,0.0
9,"Starbucks, Chinese ADRs Rise in Premarket; NortonLifeLock Falls",0.878,0.055,0.945,0.0
