﻿,Titles,Polarity,Positive,Neutral,Negative
0,Dow Jones Futures: Market Rally Extends Gains; How Aggressive Should You Be?,-0.202,0.102,0.72,0.178
1,Dow Jones Futures: How Aggressive Should You Be As Market Rally Keeps Rising?,-0.202,0.102,0.72,0.178
2,NVIDIA Recommends Stockholders Reject ‘Mini-Tender’ Offer by Tutanota LLC,0.986,0.084,0.893,0.023
3,NVIDIA Recommends Stockholders Reject ‘Mini-Tender’ Offer by Tutanota LLC,0.986,0.084,0.894,0.022
4,Yahoo U: How America's top executives think the economy will tip into recession,0.968,0.068,0.884,0.049
5,"Cathie Wood Watch: Buys Nvidia, Organ-Transplant-Services Provider",0.128,0.216,0.649,0.135
6,Why Nvidia Stock Jumped Another 3.5% Today,0.586,0.075,0.925,0.0
7,Qualcomm CEO: The market is making 'an absolute mistake' on our stock,0.91,0.071,0.881,0.048
8,"Market Rally Confirmed As Macy's, Dollar Tree Lead Retail Revival, Albemarle, Broadcom In Focus: Weekly Review",0.0,0.0,1.0,0.0
9,Better Buy: Nvidia Stock or Every Nasdaq Stock?,0.077,0.133,0.867,0.0
10,2 Top Tech Stocks to Buy for the Long Haul,-0.318,0.063,0.835,0.102
11,"Company News for May 27, 2022",0.976,0.177,0.788,0.035
12,Microsoft Joins Peers In Hiring Slowdown Amid Economic Volatility,0.962,0.126,0.845,0.03
13,Nvidia's Profit Has More Room to Run Thanks to This Technology,0.735,0.156,0.844,0.0
14,Why Doesn't Nvidia Want to Talk About Cryptocurrency Miners?,0.202,0.107,0.893,0.0
15,Everything I Liked and Hated About Nvidia's Earnings,0.318,0.138,0.765,0.097
16,Dow Jones Futures Rise After Big Market Rally; Here's What To Do Now,-0.273,0.11,0.731,0.16
17,"Dow Jones Futures: After Big Market Rally, Here's What To Do Now",-0.273,0.11,0.731,0.16
