﻿,Titles,Polarity,Positive,Neutral,Negative
0,"Great for Consumers, Not Investors",0.459,0.13,0.87,0.0
1,7 Blue-Chip Stocks to Buy for April 2022,1.0,0.148,0.83,0.022
2,Chip shortage is still ‘the big issue’ driving down car sales: Auto analyst,-0.296,0.059,0.825,0.116
3,"Next Generation Of The Internet Is A $13 Trillion Market, Bank Says",0.0,0.0,1.0,0.0
4,Why Nvidia Stock Dropped on Friday,-0.2,0.044,0.877,0.08
5,"Intel is coming for Nvidia and AMD, and that’s good news for you",0.997,0.095,0.887,0.018
6,Be Greedy When Experts Are Fearful of AMD Stock,0.971,0.133,0.766,0.101
7,Intel’s new graphics chip is taking on Nvidia and AMD,0.422,0.113,0.887,0.0
8,"GameStop Flags Stock Split, Shares Surge",0.296,0.109,0.891,0.0
9,"Dow Jones Futures Signal Market Rally, Oil Drops Below $100; GameStop Spikes As Jobs Report Looms",-0.226,0.0,0.909,0.091
10,3 Top Tech Stocks to Buy Right Now,0.364,0.061,0.915,0.024
11,Here's Why Apple Stock Is Still Underrated,0.583,0.064,0.936,0.0
12,"Dow Jones Futures Rise After Market Rally Slumps, Oil Prices Dive; GameStop Spikes As Jobs Report Looms",-0.226,0.0,0.909,0.091
13,Why NIO Stock Belongs On Your Radar Again,0.987,0.088,0.866,0.047
14,Is iShares Semiconductor ETF (SOXX) a Strong ETF Right Now?,0.996,0.104,0.878,0.018
