﻿,Titles,Polarity,Positive,Neutral,Negative
0,Netflix lays out mobile games plan that could set a collision course with Apple,0.328,0.048,0.926,0.026
1,10 Growth Stocks Reddit’s WallStreetBets Is Buying,1.0,0.114,0.861,0.025
2,Is Nvidia About to Replace Intel in the Dow?,0.242,0.044,0.93,0.026
3,10 Best Stocks to Buy According to Billionaire Paul Tudor Jones,1.0,0.127,0.858,0.015
4,Nvidia Stock Is Falling. Blame Bitcoin and Ethereum.,-0.382,0.0,0.841,0.159
5,What Lies Ahead for Chip ETFs in Q2 Earnings?,0.993,0.101,0.862,0.036
6,Is Nvidia Stock a Buy Now After the 4-to-1 Stock Split?,0.625,0.188,0.812,0.0
7,Is Nvidia Stock a Buy Now After the 4-for-1 Stock Split?,0.625,0.188,0.812,0.0
8,Nvidia Stock - How to Trade It After the Split,-0.431,0.0,0.875,0.125
9,"NVIDIA Inference Breakthrough Makes Conversational AI Smarter, More Interactive From Cloud to Edge",0.993,0.08,0.903,0.017
10,"NVIDIA Inference Breakthrough Makes Conversational AI Smarter, More Interactive From Cloud to Edge",0.993,0.081,0.902,0.018
11,Why Is Everyone Talking About Nvidia Stock?,0.0,0.0,1.0,0.0
12,Quantum Computing is Set to Transform Tech: 5 Stocks to Watch,0.999,0.153,0.829,0.018
13,Nvidia Shares Move Lower Amid Four-for-One Stock Split Debut,0.296,0.091,0.909,0.0
14,"Morning Bell With Jim Cramer: Nvidia, Semis Not So Cyclical",0.103,0.067,0.888,0.044
15,"Premarket Movers Tuesday: Nvidia, Ardelyx, IBM",0.0,0.0,1.0,0.0
16,Nvidia Shares Move Higher Ahead of Four-for-One Stock Split Debut,0.296,0.091,0.909,0.0
17,"Nvidia, Blue Origin and Jeff Bezos, Apple, Netflix - 5 Things You Must Know Tuesday",-0.402,0.0,0.915,0.085
