﻿,Titles,Polarity,Positive,Neutral,Negative
0,Big Tech Stocks Flash Red Flag to Regulators After Q1 Earnings Splash,0.999,0.113,0.861,0.026
1,"Fortinet (FTNT) Stock Gains on Q1 Earnings Beat, Upbeat Guidance",0.999,0.152,0.821,0.027
2,"Atlassian (TEAM) Q3 Earnings Trump Estimates, Increase Y/Y",0.996,0.124,0.856,0.02
3,Has NVIDIA (NVDA) Outpaced Other Computer and Technology Stocks This Year?,0.989,0.115,0.881,0.004
4,Top Stocks 2021: 11 Bullseye Stock Picks for Your Must-Buy List,1.0,0.154,0.812,0.034
5,"NVIDIA, Quidel, Amazon, Google and Apple highlighted as Zacks Bull and Bear of the Day",1.0,0.103,0.865,0.032
6,"Nvidia already ‘clearly showing it will compete unfairly’, says Arm pioneer",0.223,0.054,0.913,0.033
7,Bull of the Day: NVIDIA (NVDA),1.0,0.109,0.873,0.018
