﻿,Titles,Polarity,Positive,Neutral,Negative
0,Why Nvidia Stock Defied Crypto Worries Today,-0.586,0.069,0.809,0.122
1,Nvidia Stock Gains on Upgrade. Ethereum Won’t Crash It the Way Bitcoin Did,0.34,0.118,0.882,0.0
2,10 Hottest Stocks to Watch on Wednesday,0.994,0.087,0.893,0.02
3,"Tesla, Amazon, Nvidia lead markets toward session highs",0.34,0.068,0.932,0.0
4,Dow Futures Little Changed as Q1 Earnings Kick Off,0.92,0.089,0.869,0.043
5,"Nvidia Stock Is a Buy, but the Question Is When?",0.917,0.074,0.877,0.049
6,Stock Market Today: Dow Rides Tech Higher After JPMorgan Q1 Falls Short,0.451,0.102,0.808,0.089
7,What Makes Nvidia (NVDA) a New Strong Buy Stock,0.998,0.129,0.862,0.01
8,"Nvidia Crypto Fuelled Weakness Would Be Short-Lived, Says Analyst",-0.474,0.084,0.81,0.106
9,Should You Buy Alphabet Before the Stock Split?,0.361,0.122,0.878,0.0
10,Nvidia’s Gaming and Datacenter Outlook Is Strong. That’s Why the Stock Got an Upgrade.,0.34,0.118,0.882,0.0
11,Broadcom (AVGO) Unveils World's First Wi-Fi Ecosystem Solutions,0.997,0.146,0.824,0.03
12,Why Nvidia and Other Semiconductor Companies Keep Getting Downgraded,0.261,0.063,0.889,0.048
13,Intel's Smart Move Could Give Rivals a Run for Their Money,0.34,0.138,0.862,0.0
14,3 of the Best Momentum Stocks to Buy Using Driehaus Strategy,0.999,0.166,0.822,0.011
15,"Stock Market News for Apr 13, 2022",0.988,0.099,0.869,0.032
16,"Nvidia Wins BYD And Lucid, Key Tesla Rivals, As Its Auto Pipeline Swells",0.422,0.135,0.865,0.0
17,Nvidia Stock Falls on an Analyst Downgrade -- Is It Time to Buy?,-0.833,0.044,0.805,0.151
18,2 Semiconductor Stocks That Could Go Parabolic,0.649,0.087,0.896,0.017
19,Unprecedented Helium Shortage Could Send Prices Sky-High,1.0,0.138,0.825,0.037
