﻿,Titles,Polarity,Positive,Neutral,Negative
0,AMD vs. Nvidia: Which Chip Giant Should Investors Buy?,0.999,0.155,0.827,0.018
1,"Costco, Nvidia Lauded by AAP's Versace",0.758,0.153,0.847,0.0
2,Nvidia to Pay $5.5 Million to Settle SEC Charges It Failed to Disclose Crypto Mining Impact,-0.511,0.0,0.864,0.136
3,Nvidia to Pay $5.5M to Settle SEC Charges on Cryptomining Disclosure,-0.813,0.0,0.669,0.331
4,UPDATE 1-Nvidia to pay $5.5 mln penalty for 'inadequate disclosures' about cryptomining -SEC,0.577,0.09,0.847,0.063
5,Nvidia to pay $5.5 million penalty to settle SEC charges over inadequate disclosures of cryptomining impact on results,-0.226,0.146,0.708,0.145
6,Nvidia to pay $5.5 penalty to settle SEC charges over inadequate disclosures of cryptomining impact on results,-0.226,0.146,0.708,0.145
7,Nvidia to pay $5.5 million penalty for 'inadequate disclosures' about cryptomining -SEC,0.554,0.103,0.817,0.08
8,U.S. SEC charges Nvidia with 'inadequate disclosures' about impact of cryptomining,0.153,0.077,0.859,0.064
9,AMD Stock Still Belongs on Investors’ Growth and Value Shopping Lists,0.994,0.114,0.836,0.05
10,2 Reddit Stocks to Buy and Hold for Years,0.955,0.204,0.796,0.0
11,"Zacks Investment Ideas feature highlights: Amazon, Microsoft, Alphabet, Nvidia and Meta Platforms",1.0,0.152,0.82,0.028
12,CF Industries and Amazon have been highlighted as Zacks Bull and Bear of the Day,0.999,0.124,0.816,0.06
