﻿,Titles,Polarity,Positive,Neutral,Negative
0,Nvidia (NVDA) Stock Moves -0.12%: What You Should Know,0.993,0.109,0.874,0.017
1,"2 ""Wide Moat"" Stocks That Can Help You Beat Inflation",-0.422,0.12,0.737,0.143
2,Nvidia (NVDA) and Funko (FNKO) are Aggressive Growth Stocks,0.949,0.173,0.799,0.028
3,2 Best Stocks to Invest in Virtual Reality,0.778,0.155,0.845,0.0
4,The Top Tech Stock to Buy in October,0.589,0.088,0.887,0.026
5,Continued Demand Boosting Microchip Industry: 4 Stocks to Buy,0.993,0.114,0.805,0.081
6,Here's Why Nvidia's Cloud Gaming Service Is the Real Deal,0.755,0.128,0.872,0.0
7,3 5G Stocks to Buy Right Now,0.026,0.021,0.979,0.0
8,UPDATE 1-EU to investigate Nvidia's $54 bln ARM bid after remedies fall short - sources,0.218,0.051,0.908,0.041
9,3 Cryptocurrency Stocks I'd Buy in a Heartbeat Over Shiba Inu,0.796,0.14,0.86,0.0
10,EU to investigate Nvidia's $54 billion ARM bid after remedies fall short - sources,0.218,0.053,0.905,0.042
11,Infosys (INFY) to Report Q2 Earnings: What's in Store?,0.995,0.122,0.852,0.026
