﻿,Titles,Polarity,Positive,Neutral,Negative
0,Dow Turns Positive As Tesla Reverses; 3 Tech Giants In Buy Range After Breakouts,0.296,0.084,0.916,0.0
1,5 Top Advanced ML Stocks Poised to Gain From Automation Trend,0.999,0.14,0.844,0.017
2,Is Nvidia About to Fly Higher?,0.681,0.228,0.772,0.0
3,Artificial Intelligence Stocks To Buy And Watch Amid Rising AI Competition,0.927,0.362,0.638,0.0
4,5 Winners to Pick as Global Semiconductor Sales Continue to Soar,0.999,0.148,0.831,0.022
5,Dow Futures Signal Modest Losses; 3 Tech Giants Break Out Above Buy Points,-0.296,0.0,0.919,0.081
