﻿,Titles,Polarity,Positive,Neutral,Negative
0,3 Innovative Stocks Shaping the Future of the Metaverse,0.66,0.278,0.722,0.0
1,Why Nvidia Stock Short-Circuited Today,0.681,0.062,0.914,0.024
2,"Airlines and cruises take a hit, Zoom and vaccine stocks up",0.273,0.07,0.93,0.0
3,3 Unstoppable Investments Everyone Needs in Their Portfolio,0.494,0.174,0.744,0.083
4,Is It Too Late to Buy Nvidia Stock?,0.226,0.071,0.89,0.04
5,"Dow Jones Futures, Oil Prices, Treasury Yields Sell Off Hard On Covid Fears",-0.71,0.071,0.627,0.302
6,Top 10 Stock Picks of Rajiv Jain’s GQG Partners,0.999,0.095,0.874,0.031
7,"Activision Blizzard Stock Has Hard Times Ahead, But There’s Hope",0.989,0.108,0.824,0.068
8,"Nvidia Stock Is a Great Buy for Consistent, Long-Term Gains",0.996,0.083,0.898,0.019
9,"Dow Jones Futures Tumble With Oil Prices, Yields On Covid Fears; Market Rally At Key Levels",0.318,0.13,0.81,0.06
10,"Dow Jones Futures Tumble Wil Oil Prices, Yields On Covid Fears With Market Rally At Key Levels",-0.44,0.044,0.864,0.091
11,"Dow Jones Futures Fall With Oil Prices Yields After Market Rally, Tesla Hold Key Levels",-0.44,0.051,0.845,0.104
