﻿,Titles,Polarity,Positive,Neutral,Negative
0,7 Stocks That Are Still Hedge Fund Favorites,0.997,0.096,0.86,0.043
1,Why Nvidia Stock Fell Over 3% Today,-0.296,0.057,0.829,0.114
2,Nvidia’s Problems Aren’t Over. Expect Another Sales Warning Soon.,-0.273,0.0,0.935,0.065
3,Stock Market Today: Dow Slips on Target Earnings Miss; Chips Dip to Dent Tech,0.956,0.11,0.84,0.05
4,"Nvidia May Need to Slash Its Guidance Again, Says Analyst",-0.273,0.0,0.935,0.065
5,Don’t Give Up on Nvidia (NVDA) Stock After Earnings Miss,0.943,0.096,0.827,0.078
6,Analysts Estimate Nvidia (NVDA) to Report a Decline in Earnings: What to Look Out for,0.996,0.117,0.838,0.044
7,Is Nvidia in Trouble? Or Is This a Buying Opportunity?,-0.128,0.0,0.966,0.034
8,Nvidia Stock Could Crash -- Here's What You Should Do,0.593,0.132,0.783,0.085
9,"Move Over Nvidia, This Tech Stock Is a Screaming Buy Right Now",0.952,0.238,0.744,0.017
10,US chipmakers hit by sudden downturn after pandemic boom,0.153,0.124,0.78,0.096
