﻿,Titles,Polarity,Positive,Neutral,Negative
0,Nvidia (NVDA) Dips More Than Broader Markets: What You Should Know,0.991,0.099,0.893,0.009
1,2 Stocks Standing Out in the Troubled Semiconductor Industry,1.0,0.136,0.838,0.025
2,Artificial Intelligence Stocks To Buy And Watch Amid Rising AI Competition,0.927,0.362,0.638,0.0
3,Dropbox (DBX) Earnings and Revenues Top Estimates in Q1,0.997,0.111,0.884,0.006
4,"Smith &amp; Wesson Brands, Okta, Google, NVIDIA and Amazon highlighted as Zacks Bull and Bear of the Day",1.0,0.121,0.853,0.026
5,A Best Mutual Fund Manager Doesn't Put Eggs In One Basket And Shrugs Off Tesla's Volatility,0.778,0.201,0.799,0.0
6,"The Zacks Analyst Blog Highlights: HP, NVIDIA, Agilent Technologies, Pure Storage and Cisco Systems",0.999,0.102,0.874,0.025
7,"The Zacks Analyst Blog Highlights: Target, Ralph Lauren Corp, Kohl's Corp, Agilent Technologies and NVIDIA",0.999,0.126,0.864,0.009
