﻿,Titles,Polarity,Positive,Neutral,Negative
0,Markets Get a Fed Bounce -- and These Mega-Stocks Were Big Winners,0.9,0.149,0.851,0.0
1,"Dow Jones Futures: Market Roars On This Fed Move; AMD, Nvidia, Lilly Flash Buy Signals",0.35,0.154,0.771,0.074
2,Intel Stock Should Be a Long-term Winner,0.999,0.126,0.857,0.017
3,How to Find 2022's Best Stocks,0.999,0.158,0.833,0.009
4,Why Nvidia Stock Finally Popped Today,0.44,0.168,0.733,0.099
5,Is Roblox Stock A Buy Right Now As It Reports Key November Metrics?,0.0,0.0,1.0,0.0
6,"After a dazzling 2021, Apple and Tesla stocks are expected to be duds in 2022",0.785,0.223,0.777,0.0
7,3 Things About Nvidia That Smart Investors Know,0.827,0.094,0.906,0.0
8,"Dow Jones Falls Ahead Of Fed Decision; Tesla, EV Leaders Post Early Losses",-0.599,0.0,0.803,0.197
9,"Dow Jones Futures Fall Ahead Of Fed Decision; Tesla, EV Leaders Post Early Losses",-0.402,0.0,0.876,0.124
10,10 Best Semiconductor Stocks to Buy for 2022,1.0,0.146,0.823,0.031
11,"Dow Jones Futures Rise Ahead Of Fed Decision; Tesla, EV Leaders Post Early Losses",-0.402,0.0,0.876,0.124
12,Wall Street Wants You to Buy These 3 Chip Stocks for 2022,-0.153,0.0,0.918,0.082
13,MTS AI’s INTEMA Joins NVIDIA Inception VC Alliance to Invest in AI Startups,0.999,0.131,0.867,0.003
14,Should Franklin LibertyQ U.S. Equity ETF (FLQL) Be on Your Investing Radar?,0.994,0.11,0.858,0.033
15,"The Zacks Analyst Blog Highlights: NVIDIA, Philip Morris, Sanofi, Applied Materials and Goldman Sachs",0.997,0.11,0.87,0.02
16,"VanEck Video Gaming and eSports ETF Buys Ubisoft Entertainment, Sells NVIDIA Corp, Advanced ...",0.992,0.093,0.9,0.007
