﻿,Titles,Polarity,Positive,Neutral,Negative
0,"Dow Jones Futures: Market Rally, Microsoft, Google, Nvidia, Sea At Inflection Points; Tesla FSD Beta Opens Up",0.296,0.037,0.963,0.0
1,Growth Stock Portfolio: 10 Stock Picks By Hedge Funds,1.0,0.123,0.855,0.022
2,Arm takeover critic becomes national security adviser,0.891,0.071,0.893,0.036
3,Nvidia Hits Resistance,0.0,0.0,1.0,0.0
4,Market Sell-Off: 2 Monster Growth Stocks to Buy at a Discount,0.649,0.29,0.71,0.0
5,Dow Jones Futures: Treasury Yields Rise Ahead Of Key Jobs Report For Market Rally,0.202,0.096,0.904,0.0
6,Is Invesco Dynamic Large Cap Growth ETF (PWB) a Strong ETF Right Now?,0.999,0.161,0.824,0.015
7,"Dow Jones Futures, Treasury Yields Rise Ahead Of Key Jobs Report For Market Rally; These Leaders Flash Buy Signals",0.202,0.096,0.904,0.0
8,The 7 Best Consumer Discretionary Stocks To Buy for Q4 2021,1.0,0.173,0.812,0.014
9,3 Unstoppable Stocks to Buy in October,0.889,0.288,0.663,0.05
