﻿,Titles,Polarity,Positive,Neutral,Negative
0,"Dow Jones Futures: Nasdaq Races Toward Highs As Big Techs Lead Stock Market Rally; Apple, Shopify, Square, TSM Among 14 Stocks To Watch",0.382,0.091,0.909,0.0
1,"Top Research Reports for NVIDIA, Bank of America &amp; McDonald's",0.999,0.155,0.807,0.038
2,"Dow Falls, Tech Stocks Rally As Yields Drop Ahead Of Powell Speech; Apple Jumps Despite Production Delays",0.202,0.076,0.924,0.0
3,"Stock Market News for Apr 8, 2021",0.998,0.126,0.857,0.017
4,"The Zacks Analyst Blog Highlights: Amazon, Apple, Google, Microsoft and NVIDIA",0.999,0.113,0.875,0.013
5,"The Zacks Analyst Blog Highlights: Advanced Micro Devices, Vishay Intertechnology, NVIDIA, Ubiquiti and Knowles Corp",1.0,0.175,0.793,0.032
6,"The Zacks Analyst Blog Highlights: Advanced Micro Devices, Vishay Intertechnology, NVIDIA, Ubiquiti and Knowles Corp",1.0,0.172,0.796,0.032
7,"Dow Jones Futures: Apple, Tech Titans Lead Stock Market Rally; Tesla At Key Levels",0.402,0.093,0.907,0.0
