﻿,Titles,Polarity,Positive,Neutral,Negative
0,Nvidia (NVDA) Earnings Expected to Grow: What to Know Ahead of Next Week's Release,0.999,0.152,0.803,0.045
1,"Analog Devices (ADI) Q2 Earnings Beat, Revenues Rise Y/Y",0.996,0.11,0.877,0.013
2,"The Zacks Analyst Blog Highlights: NVIDIA, Texas Instruments, Advanced Micro Devices, ON Semiconductor and Monolithic Power Systems",1.0,0.134,0.848,0.018
3,"The Zacks Analyst Blog Highlights: NVIDIA, Texas Instruments, Advanced Micro Devices, ON Semiconductor and Monolithic Power Systems",1.0,0.134,0.848,0.018
4,Semiconductor Watchlist: Cramer Says Keep an Eye on Applied Materials,0.0,0.0,1.0,0.0
