﻿,Titles,Polarity,Positive,Neutral,Negative
0,Nvidia (NVDA) Stock Sinks As Market Gains: What You Should Know,0.993,0.113,0.863,0.024
1,"Secure Asset Management, LLC Buys First Trust NASDAQ Rising Dividend Achievers ETF, iShares ...",1.0,0.179,0.818,0.003
2,"Verde Capital Management Buys Invesco NASDAQ 100 ETF, iShares Morningstar Mid-Cap Growth ETF, ...",0.992,0.08,0.914,0.007
3,"Orgel Wealth Management, LLC Buys Vanguard S&amp;P Small-Cap 600 ETF, iShares Core S&amp;P 500 ...",0.999,0.131,0.862,0.007
4,"Citizens &amp; Northern Corp Buys AmerisourceBergen Corp, PPL Corp, Cisco Systems Inc, Sells ...",0.993,0.06,0.933,0.007
5,Dow Jones Rallies As U.S. Makes This Ukraine Move; Tesla Charges Back; Kohl's Stock Explodes,-0.765,0.071,0.645,0.284
6,Dow Jones Rallies As Troops Are Put On Ukraine Alert; Tesla Stock Fights; Kohl's Surges On This,-0.765,0.071,0.645,0.284
7,Market check: Stocks bounce back slightly after Nasdaq drops 4%,0.0,0.0,1.0,0.0
8,"Amarillo National Bank Buys iShares Russell 2000 ETF, iShares Core MSCI International Developed ...",0.997,0.081,0.915,0.004
9,Meta Launches Next-Gen AI Supercomputer: All You Need To Know,0.955,0.132,0.841,0.028
10,Is Taiwan Semiconductor the Most Important Company on Earth?,0.884,0.154,0.809,0.037
11,"Semiconductor Watch List: Intel, Nvidia, AMD",0.494,0.069,0.881,0.05
12,Why Nvidia Stock Just Crashed 6.6%,0.691,0.086,0.89,0.024
13,TSMC Aims To Construct Advanced Packaging Fab In Taiwan,0.974,0.098,0.898,0.005
14,Nvidia Stock: Looking for Opportunity Amid the Decline,0.542,0.209,0.791,0.0
15,The Nvidia Selloff Has Further to Go,0.875,0.223,0.738,0.039
16,Is iShares Semiconductor ETF (SOXX) a Strong ETF Right Now?,0.996,0.11,0.868,0.023
