﻿,Titles,Polarity,Positive,Neutral,Negative
0,"AI, Self-Driving Cars Pave Way For Nvidia's Continued Growth",0.402,0.119,0.881,0.0
1,Why Nvidia Stock Popped Today,0.945,0.144,0.856,0.0
2,Don't fear a 20% stock market plunge: JPMorgan,0.971,0.075,0.896,0.029
3,Emerging markets have a ‘valuation discount’ not seen since the 2000s: Strategist,0.34,0.091,0.909,0.0
4,Advanced Micro Devices Is Strong But Caution Is Still Necessary,0.999,0.169,0.767,0.064
5,5 Tech Stocks That Outperformed Bitcoin in 2021,0.998,0.134,0.85,0.017
6,2 Monster Metaverse Stocks to Buy and Hold For The Next Decade,0.34,0.038,0.962,0.0
7,7 of the Best EV Stocks to Buy Now for 2022 Gains,1.0,0.143,0.851,0.006
8,"Pre-Market Movers: Godaddy Pops, Didi, Airlines, and BridgeBio Pharma Sell Off",0.929,0.096,0.838,0.065
9,3 Cutting-Edge Investment Themes To Watch For In 2022,0.999,0.16,0.806,0.035
10,GlobalFoundries Gains as AMD Expands Order for Silicon Wafers,0.91,0.078,0.903,0.019
