﻿,Titles,Polarity,Positive,Neutral,Negative
0,"4 Top Stock Trades for Tuesday: GE, AMD, WISH, BABA",0.997,0.115,0.854,0.031
1,Why Nvidia Stock Popped Today,0.671,0.064,0.936,0.0
2,"In Tech We Trust? Google, Microsoft, PayPal, Square Among Most Trusted Tech Stocks On Leaderboard",0.521,0.144,0.856,0.0
3,Semiconductor stocks are rallying — and they still look like bargains,0.296,0.128,0.872,0.0
4,Here’s Why NVIDIA Corp. (NVDA) Landed in Baillie Gifford’s Top Contributor List,0.996,0.103,0.895,0.002
5,Will Nvidia (NVDA) Beat Estimates Again in Its Next Earnings Report?,0.995,0.128,0.85,0.022
6,NVIDIA Advances Instant AI with North American Availability of Base Command Platform,0.992,0.07,0.917,0.013
7,NVIDIA Advances Instant AI with North American Availability of Base Command Platform,0.993,0.07,0.918,0.013
8,10 Best FAANG Stocks to Buy Now,1.0,0.113,0.867,0.02
9,August Is Actually A Great Month If You Own These 8 Stocks,-0.66,0.085,0.702,0.213
10,4 Stocks to Make the Most of Surging Demand for Cloud Gaming,0.998,0.132,0.852,0.016
