﻿,Titles,Polarity,Positive,Neutral,Negative
0,5 High-Quality Stocks Sizzling this Summer,0.999,0.108,0.862,0.031
1,"Why Apple, Amazon, and Nvidia Plunged Today",0.772,0.115,0.885,0.0
2,"Forget Tech Titans Like Apple, Nvidia — Top Funds Bet On These Stocks",0.415,0.206,0.688,0.106
3,Fortinet (FTNT) to Split Stock in 5 to Attract More Investors,0.998,0.185,0.797,0.018
4,10 Best Stocks to Buy According to Billionaire Chris Rokos,0.999,0.096,0.893,0.011
5,"Market check: Dow falls 500+ points, Nasdaq in the red",0.0,0.0,1.0,0.0
6,Intel Investors Might Be Happy to Hear This,0.743,0.125,0.875,0.0
7,10 Best Technology Stocks to Buy for Long Term,1.0,0.142,0.822,0.036
8,Is Most-Watched Stock NVIDIA Corporation (NVDA) Worth Betting on Now?,0.999,0.127,0.866,0.007
9,These Major Catalysts Make Nvidia Stock a Buy Right Now,0.989,0.096,0.862,0.042
