﻿,Titles,Polarity,Positive,Neutral,Negative
0,"Investing in the new high-inflation, slowing-growth paradigm",0.844,0.115,0.864,0.021
1,Nvidia (NVDA) Earnings Expected to Grow: What to Know Ahead of Next Week's Release,0.999,0.157,0.8,0.043
2,Can Nvidia Make a Rebound Rally Ahead of Earnings?,0.7,0.153,0.806,0.041
3,Are Options Traders Betting on a Big Move in NVIDA (NVDA) Stock?,0.968,0.083,0.902,0.015
4,Micron Stock Has Substance At These Levels,0.935,0.118,0.784,0.098
5,Why Nvidia Stock Was Down Today,0.691,0.121,0.817,0.062
6,Nvidia Earnings Aren’t Due for a Week. Why This Analyst Is Already Worried.,-0.361,0.0,0.884,0.116
7,"Zacks Investment Ideas feature highlights: Microsoft, Apple, and Nvidia",0.999,0.128,0.84,0.032
8,"Baidu's Chip Affiliate Explores Second Funding Round, Wants To Capitalize On Growing Appetite From Venture Capitalists",0.986,0.144,0.838,0.018
