﻿,Titles,Polarity,Positive,Neutral,Negative
0,"My 3 Top-Performing Stocks of 2021, and Why I'm Still Buying for 2022",0.772,0.126,0.831,0.044
1,"Putnam Sustainable Leaders Fund Buys NVIDIA Corp, Intuit Inc, Regeneron Pharmaceuticals Inc, ...",0.991,0.049,0.947,0.004
2,"Why Nvidia Popped, Then Dropped Today",0.823,0.085,0.901,0.014
3,"Cramer's Mad Money Recap 12/23: Pfizer, Nvidia, Tesla",0.422,0.157,0.843,0.0
4,"Micron Approaches 52-Week, All-Time High amid Continued Sector Tailwinds",0.955,0.11,0.842,0.049
5,Ride the Metaverse Boom With These 4 Stocks,0.998,0.121,0.869,0.01
6,"MainStay VP Winslow Large Cap Growth Portfolio Buys Tesla Inc, Advanced Micro Devices Inc, ...",0.999,0.107,0.888,0.005
