﻿,Titles,Polarity,Positive,Neutral,Negative
0,"Dow Jones Futures: Are Tech Stocks Back? Applied Materials, Nvidia, Tesla Lead Stock Market Rally",0.077,0.081,0.847,0.071
1,The QQQ Rallied Today. Here's Why.,0.951,0.068,0.925,0.006
2,Nvidia Stock And Options Trading: Here's How To Design A Reverse Butterfly Trade,0.273,0.062,0.897,0.041
3,Buy These 4 Semiconductor Stocks on Higher Data Center Demand,0.999,0.161,0.821,0.018
4,5 Stocks to Pick as Millennials Drive Investment Trends,0.998,0.105,0.876,0.019
5,5 Stocks to Pick as Millennials Drive Investment Trends,0.998,0.107,0.874,0.019
6,"Unlike Nvidia, AMD Doesn't Mind If You Use Its Gaming GPUs To Mine Ethereum",0.837,0.052,0.927,0.021
