﻿,Titles,Polarity,Positive,Neutral,Negative
0,10 Best Stocks to Buy Now According to Quant Billionaire Jim Simons’ Fund,0.999,0.121,0.872,0.008
1,Soaring Demand Driving Microchip Sales: 4 Solid Stocks to Buy,0.999,0.139,0.827,0.034
2,Grading 7 Big 5G Stocks as 2022 Looms,0.999,0.089,0.875,0.036
3,7 Dividend Stocks to Buy According to Gilchrist Berg’s Water Street Capital,0.998,0.079,0.898,0.023
4,Wall Street May Have Factored in a Likely Hawkish Fed: 5 Picks,0.999,0.13,0.854,0.016
5,Big Highlights From Nvidia's Q3 Earnings Report,-0.44,0.0,0.959,0.041
6,"The Zacks Analyst Blog Highlights: Pinduoduo, NVIDIA, Marvell Technology, ASML Holding and NXP Semiconductors",0.998,0.116,0.854,0.029
7,Nvidia's Stock Price Seems Unstoppable,-0.44,0.0,0.921,0.079
8,Applied Materials: First Stop In Solving the Chip Shortage,0.972,0.061,0.912,0.027
