﻿,Titles,Polarity,Positive,Neutral,Negative
0,"De Burlo Group Inc Buys CSX Corp, Advanced Micro Devices Inc, Berkshire Hathaway Inc, Sells ...",0.993,0.052,0.944,0.004
1,"PGGM Investments Buys Mid-America Apartment Communities Inc, UDR Inc, Equinix Inc, Sells ...",0.995,0.054,0.941,0.005
2,Why Nvidia Stock Popped Today,0.052,0.037,0.936,0.027
3,"Market check: Stocks mixed, Apple shares rise, yield curve contracts",0.0,0.0,1.0,0.0
4,Mercury (MRCY) Offers US &amp; Allies RF Microelectronics Solutions,0.998,0.16,0.837,0.003
5,"Nvidia Stock Is Crashing, and That's Great News for Growth Investors",0.957,0.213,0.738,0.049
6,Better Chip Stock: ASML vs. Nvidia,0.527,0.053,0.947,0.0
7,Is John Deere an Underrated AI Stock?,-0.44,0.0,0.957,0.043
