﻿,Titles,Polarity,Positive,Neutral,Negative
0,Dow Jones Futures: Nvidia Leads Earnings Movers; Warren Buffett's Top Stock Has New Buy Point,0.202,0.091,0.909,0.0
1,"A Bottom Forming in Housing? Plus NVDA, CRM, SNOW Report Q2",0.993,0.106,0.855,0.039
2,"After-hours movers: Nvidia, Salesforce, Tesla and more",0.96,0.068,0.919,0.013
3,Nvidia (NVDA) Lags Q2 Earnings Estimates,0.995,0.095,0.898,0.007
4,Top Millennial Pick Tesla Stock Splits Wednesday,0.287,0.097,0.903,0.0
5,Nvidia’s revenue rebound will be ‘a determining factor’ for company’s future: Analyst,0.296,0.121,0.879,0.0
6,"Nvidia Gives Weak Forecast, Signaling PC Slump May Linger",0.0,0.09,0.826,0.084
7,Nvidia’s Revenue Forecast Falls Short. The Stock Drops.,-0.494,0.0,0.802,0.198
8,"Dow Jones Futures: Nvidia, Snowflake, CRM Lead Earnings; Warren Buffett's Top Stock Has New Buy Point",0.202,0.091,0.909,0.0
9,Nvidia Issues Muted Outlook as Gaming Revenue Drops 33%,0.0,0.0,1.0,0.0
10,Edited Transcript of NVDA.OQ earnings conference call or presentation 24-Aug-22 9:00pm GMT,1.0,0.104,0.867,0.029
11,"Stocks moving in after hours: Salesforce, Snowflake, Nvidia, Tesla",0.0,0.0,1.0,0.0
12,"Nvidia sales forecast falls about $1 billion short of expectations, stock falls",0.128,0.096,0.825,0.079
13,Graphics-Chip Maker Nvidia Guides Lower For Second Straight Quarter,-0.422,0.0,0.882,0.118
14,Chipmaker Nvidia’s Crypto Mining Chip Revenue Continues to Fall,-0.097,0.034,0.935,0.031
15,"Nvidia stock dips on steady earnings report, lower third-quarter outlook",0.0,0.0,1.0,0.0
16,"Dow Jones, Nasdaq Close Higher; Nvidia Lower After Earnings",0.931,0.199,0.801,0.0
17,UPDATE 2-Nvidia forecasts sharp drop in third-quarter sales as games drag,-0.612,0.05,0.879,0.071
18,"Nvidia Stock Slips Lower After Weaker Q2 Earnings, Muted Near-Term Outlook",0.153,0.074,0.926,0.0
19,Nvidia forecasts sharp drop in third-quarter sales as games drag,-0.612,0.053,0.872,0.075
20,Nvidia predicts third-quarter sales below expectations,-0.527,0.0,0.934,0.066
21,NVIDIA Announces Financial Results for Second Quarter Fiscal 2023,0.998,0.073,0.889,0.038
22,NVIDIA Announces Financial Results for Second Quarter Fiscal 2023,0.997,0.069,0.894,0.037
23,"Down 43%, Will Nvidia Become a Trillion-Dollar Stock?",0.938,0.176,0.824,0.0
24,Nvidia Second-Quarter Earnings Live Blog,0.0,0.0,1.0,0.0
25,"Nvidia to announce Q2 earnings amid slowdown in gaming, PC sales",0.651,0.037,0.932,0.031
26,"Dow Futures Flat After Major Indices Finish Higher, Nvidia Reports",-0.743,0.034,0.915,0.05
27,"Stock ratings: What analysts are saying about Nvidia, Tesla, New York Times shares",0.0,0.0,1.0,0.0
28,This Week's 5 Hot Tech Earnings Charts,0.987,0.143,0.764,0.093
29,"Cathie Wood’s ARK Buys Zoom After the Stock Plunges, Sells Nvidia Ahead of Earnings",0.36,0.128,0.872,0.0
30,10 Semiconductor Stocks that Pay Dividends,0.999,0.102,0.874,0.023
31,"Nordstrom, Bed Bath &amp; Beyond, Nvidia, and More Stock Market Movers Wednesday",-0.128,0.0,0.974,0.026
32,Is It Time To Consider Buying NVIDIA Corporation (NASDAQ:NVDA)?,0.999,0.207,0.765,0.028
33,Dow Jones Futures: Apple Near Buy Point; Elon Musk Tells Tesla FSD Beta User Not To Do This,-0.422,0.0,0.882,0.118
34,What Intel's new deal with Brookfield means for investors,0.867,0.062,0.895,0.043
35,Nvidia Earnings Preview: Gaming Sector Outlook In Focus After Q2 Revenue Warning,0.0,0.0,1.0,0.0
36,"Stocks Edge Higher, Oil, Twitter, Nordstrom, Nvidia In Focus - Five Things To Know",-0.153,0.187,0.616,0.197
37,Cathie Wood dumps Nvidia stock ahead of results,-0.861,0.0,0.828,0.172
38,"Kashkari's Hawk Talk, Durable Goods, XPeng - What's Moving Markets",-0.916,0.057,0.868,0.075
39,Nvidia Reports Earnings Today. Why Wall Street Is Worried.,-0.494,0.0,0.802,0.198
40,"Dow Jones Futures Fall: Market Rally Struggling; Apple, These 5 EV Plays Are Near Buy Points",0.25,0.095,0.905,0.0
