﻿,Titles,Polarity,Positive,Neutral,Negative
0,"First Mover Asia: Ether Tumbles Below $1.5K; Ethereum Merge May Ding Demand for Chips, but Semiconductor Stocks Could Still Be a Good Buy",0.989,0.08,0.856,0.064
1,Why Nvidia Stock Got Trounced on Thursday,0.572,0.145,0.761,0.095
2,Nvidia Analyst Reverses Course A Week After China Ban Workaround Speculation,0.878,0.114,0.786,0.1
3,Is Nvidia Stock a Buy?,-0.128,0.0,0.954,0.046
4,Harvard University’s Latest Portfolio: 10 Best Biotech Stock Picks,0.999,0.1,0.887,0.013
5,"Move Over, Nvidia. These High-Growth Nasdaq Stocks Are Screaming Buys Right Now.",0.771,0.105,0.857,0.038
6,Earnings Season Isn’t Far Off. These Stocks Are Already Getting Estimates Cut.,0.195,0.138,0.802,0.059
7,Tech Sell-Off: 1 Nasdaq Stock Down 61% to Buy Before It Starts Soaring,0.0,0.0,1.0,0.0
8,Arm Bags Nvidia As Its First Customer For New Processor Chip,0.944,0.121,0.822,0.057
9,Bear of the Day: NVIDIA (NVDA),-0.923,0.057,0.861,0.082
