﻿,Titles,Polarity,Positive,Neutral,Negative
0,How A Helium Shortage Could Put The Brakes On The Tech Boom,1.0,0.106,0.856,0.038
1,This selloff in tech is irrational — even more so than last year’s climb,0.557,0.205,0.738,0.057
2,"Wix.com (WIX) Q1 Loss Narrower Than Estimates, Revenues Up Y/Y",0.998,0.122,0.849,0.029
3,"Wix.com (WIX) Q1 Loss Narrower Than Estimates, Revenues Up Y/Y",0.998,0.122,0.849,0.029
4,"The Zacks Analyst Blog Highlights: Maxim Integrated Products, Silicon Laboratories, MACOM Technology Solutions, NVIDIA and Texas Instruments",0.998,0.123,0.824,0.053
5,"The Zacks Analyst Blog Highlights: Maxim Integrated Products, Silicon Laboratories, MACOM Technology Solutions, NVIDIA and Texas Instruments",0.998,0.123,0.824,0.053
6,"Dow Jones Futures Fall As Inflation Report Looms After Market Rally Whipsaws; Tesla, Apple Lead 8 Stocks At Key Levels",-0.422,0.0,0.906,0.094
7,"Dow Jones Futures Await Inflation Data After Market Rally Whipsaws; Tesla, Apple Lead 8 Stocks At Key Levels",-0.625,0.0,0.805,0.195
