﻿,Titles,Polarity,Positive,Neutral,Negative
0,"Dow Jones Futures: What The Market Rally Needs Now; Six Stocks In Focus, Tesla Rival Xpeng On Tap",0.857,0.308,0.692,0.0
1,"NVIDIA GTC Blows Your Mind, Every Time",0.999,0.124,0.865,0.011
2,Nvidia stock rallies after the chip maker unveils new data center products,0.0,0.0,1.0,0.0
3,"Market check: Stock indices mixed, China stocks slump, cannabis stocks jump",0.963,0.072,0.921,0.007
4,Why Nvidia’s CEO sees auto chips and tech as the company’s next big business,0.989,0.074,0.914,0.013
5,Why Nvidia Stock Dropped on Friday,0.919,0.156,0.844,0.0
6,"BofA Coins New FANG Equivalent For Semiconductor Stocks, 'MANGO'",0.933,0.104,0.853,0.043
7,Meta (FB) Steps Forward in Metaverse With VNTANA Collaboration,0.996,0.102,0.894,0.005
8,"Stock Market Rally Extends Gains; Tesla, Nvidia, Adobe, KB Home In Focus: Weekly Review",-0.061,0.164,0.699,0.136
9,Semiconductor Stock Analyst Sweet On MANGO Portfolio Of Top Chipmakers,0.0,0.0,1.0,0.0
10,3 Semiconductor Stocks Heating Up,0.994,0.088,0.899,0.013
11,"US STOCKS-S&amp;P 500, Dow rise as rate hike bets boost financials",0.953,0.087,0.857,0.056
12,Here’s Why You Should Consider Investing in NVIDIA Corp. (NVDA),0.981,0.105,0.88,0.015
13,Nvidia GTC 2022: Top 5 Keynote Announcements,0.0,0.0,1.0,0.0
14,"Nvidia, Intel, and other chip stocks rally as economic optimism grows",0.542,0.163,0.837,0.0
15,Better Metaverse Stock: Nvidia vs. AMD,0.836,0.089,0.896,0.016
16,Tech Sell-Off: 2 Top Stocks to Buy and Never Sell,0.66,0.097,0.878,0.026
17,3 Top AI Stocks Ready for a Bull Run,0.273,0.088,0.839,0.072
18,Nvidia Continues to Prove Why It's a Top Stock to Own,0.743,0.121,0.879,0.0
