﻿,Titles,Polarity,Positive,Neutral,Negative
0,"Tuberville and Pelosi: Two Recent ""Well-Timed"" Congressional Trades",0.599,0.126,0.839,0.035
1,7 Stocks to Buy on the Dip — or You’ll Be Kicking Yourself Later!,0.999,0.109,0.834,0.057
2,Bet on These 3 Hot Tech Stocks Instead of NVIDIA (NVDA),0.999,0.182,0.777,0.041
3,"The Zacks Analyst Blog Highlights NVIDIA, Microsoft, Apple and Alphabet",0.995,0.104,0.824,0.072
4,9 Best Tech Stocks to Buy According to Hedge Funds,1.0,0.135,0.842,0.023
5,A Few Things Nvidia Investors Should Know,0.25,0.075,0.884,0.041
