﻿,Titles,Polarity,Positive,Neutral,Negative
0,7 Great Growth Stocks That Could Double Your Investment,0.999,0.104,0.882,0.015
1,5 large companies that will emerge from the tech wreck as even more fearsome,0.34,0.118,0.882,0.0
2,"Market check: Stocks turn lower, Treasury yields rise in choppy session",0.957,0.093,0.861,0.046
3,Why Nvidia Stock Stumbled on Tuesday,0.361,0.155,0.737,0.108
4,"Cathie Wood Watch: Ark Piles Into Nvidia, Buys an AI Biotech",0.739,0.269,0.731,0.0
5,AMD Powers World's Fastest Supercomputer With Hewlett Packard,0.998,0.152,0.842,0.006
6,How Money Flow Impacted NVIDIA,0.993,0.1,0.856,0.044
7,Qualcomm Keen To Procure Stake In Arm Ltd In Impending IPO,0.975,0.149,0.809,0.042
8,"Qualcomm Keen to Buy Arm Stake in Chip Designer’s Upcoming IPO, CEO Says",0.637,0.082,0.918,0.0
9,"Moody's revises SoftBank outlook to 'negative' citing tech slide, leverage",0.791,0.088,0.857,0.056
