﻿,Titles,Polarity,Positive,Neutral,Negative
0,"4 Top Stock Trades for Monday: NVDA, LULU, AVGO, SOFI",0.997,0.146,0.792,0.062
1,"Dow Jones Rallies, Nasdaq Soars As Tech Stocks Rebound After Jobs Data Falls Short",0.649,0.24,0.76,0.0
2,Semiconductor Stocks Face Up To Chip Shortage As U.S. Government Plots Investments,0.026,0.084,0.837,0.08
3,Semiconductor Stocks Face Up To Chip Shortage As U.S. Government Plots Investments,0.026,0.084,0.837,0.08
4,One Overlooked Cryptocurrency Investing Opportunity,0.0,0.0,1.0,0.0
5,"Stock Picks: Nvidia, Facebook Reveal 7 Telltale Traits Of Top Stocks To Buy And Watch",0.893,0.3,0.7,0.0
6,"Nvidia Earns 83 RS Rating, Showing Stock Market Leadership",0.813,0.107,0.893,0.0
7,Top 25 Free Games Without Wifi or Internet,1.0,0.169,0.762,0.07
8,1 Reason NVIDIA's Explosive Earnings Didn't Boost the Stock,0.727,0.114,0.844,0.041
9,"If You Invested $1000 in Nvidia a Decade Ago, This is How Much It'd Be Worth Now",0.998,0.135,0.84,0.025
10,7 Technology Bigwigs to Buy Irrespective of Inflation,1.0,0.153,0.833,0.014
11,7 Technology Bigwigs to Buy Irrespective of Inflation,1.0,0.153,0.833,0.014
12,"Jobs Data Flim Flam, AMC Matinee Trading, 2 Breakout Candidates, Wake Up, Fed",0.0,0.0,1.0,0.0
