﻿,Titles,Polarity,Positive,Neutral,Negative
0,"Dow Jones Futures Fall After Market Rally Whipsaws On Inflation Fears; Tesla, Apple Lead 8 Stocks At Key Levels",-0.625,0.0,0.805,0.195
1,‘We got a problem’ as the fallout continues from Colonial Pipeline: Exiger Executive Chairman,0.996,0.095,0.873,0.031
2,‘We got a problem’ as the fallout continues from Colonial Pipeline: Exiger Executive Chairman,0.0,0.0,1.0,0.0
3,"Dow Jones Futures: Market Rally Whipsaws On Inflation Fears; Tesla, Apple Lead 8 Stocks At Key Levels",-0.625,0.0,0.805,0.195
4,"Dow Jones Futures: Stock Market Rally Whipsaws Ahead Of Key Inflation Data; Tesla, Apple Lead 8 Stocks At Key Levels",-0.625,0.0,0.805,0.195
5,"Dow Jones Off Lows, Nasdaq Pares Losses As Tech Stocks Strike Back; Nvidia, PayPal Show Strength",0.226,0.116,0.8,0.084
6,"Dow Jones Off Lows, Nasdaq Pares Losses As Tech Stocks Strike Back; Nvidia, PayPal Show Strength",0.226,0.116,0.8,0.084
7,"Model N (MODN) Tops Q2 Earnings &amp; Revenue Estimates, Ups View",0.997,0.106,0.877,0.018
8,"Model N (MODN) Tops Q2 Earnings &amp; Revenue Estimates, Ups View",0.997,0.106,0.877,0.018
9,Why the pullback in semiconductor stocks could offer investors a big opportunity,0.361,0.202,0.64,0.158
10,"Tech Downturn Advances, With Apple, Tesla Coming Under Early Pressure",0.997,0.094,0.855,0.051
11,What Would a Chinese Invasion of Taiwan Mean for Intel Stock?,-0.226,0.0,0.863,0.137
12,Zacks Industry Outlook Highlights: NVIDIA and Texas Instruments,1.0,0.134,0.839,0.027
13,5 Microchip Stocks to Buy as Supply Shortage Boosts Demand,0.998,0.136,0.807,0.056
14,5 Microchip Stocks to Buy as Supply Shortage Boosts Demand,0.998,0.136,0.807,0.056
15,NVIDIA Transforms Mainstream Laptops into Gaming Powerhouses with GeForce RTX 30 Series,0.994,0.074,0.906,0.02
16,NVIDIA Transforms Mainstream Laptops into Gaming Powerhouses with GeForce RTX 30 Series,0.994,0.076,0.903,0.021
