﻿,Titles,Polarity,Positive,Neutral,Negative
0,Nvidia tops $700 billion valuation for first time as optimism grows for ‘metaverse’ opportunity,0.947,0.375,0.625,0.0
1,"Meme stocks are moving on real news, both good and very, very bad",0.599,0.14,0.86,0.0
2,"Dow Jones Futures: Market Rally Mixed, Nvidia Spikes On Metaverse Push; Four Stocks Flashing Buy Signals Late",0.0,0.0,1.0,0.0
3,"Dow Jones Slips; Biden Vaccine Mandate Deadline Emerges, Moderna Plunges; Nvidia Stock Rockets",-0.296,0.0,0.905,0.095
4,"Stock Market Today: Tech Helps Nasdaq, S&amp;P 500 Extend Streaks",0.994,0.09,0.879,0.031
5,Nvidia Stock Jumps On Excitement For Chipmaker's Metaverse Strategy,0.477,0.077,0.923,0.0
6,Nvidia Stock Tops $750 Billion Market Cap. This Analyst Sees  Giant Metaverse Opportunities.,0.791,0.12,0.88,0.0
7,Can Nvidia Reach A $1 Trillion Market Cap?,0.965,0.115,0.847,0.038
8,Why These 10 Stocks Are Moving on Thursday,0.989,0.063,0.922,0.015
9,"Dow Jones Fades, Nasdaq Leads Upside; Bank Stocks Struggle As Yields Fall; Airbnb Earnings On Deck",0.0,0.0,1.0,0.0
10,Nvidia Analyst Hikes Price Target By 30% On $10B Opportunity Presented By The Metaverse,0.982,0.108,0.873,0.019
11,Intel’s Rally Is a Ruse and Traders Should Fade It,0.951,0.088,0.85,0.062
12,"US STOCKS-Big Tech, chipmakers power S&amp;P 500, Nasdaq to record highs",0.987,0.084,0.889,0.027
13,Why Nvidia Stock Rocketed Higher Today,0.893,0.116,0.884,0.0
14,S&amp;P 500 Clinches Another Record Close as Solid Earnings Spur Bulls,0.99,0.106,0.862,0.032
15,"Dow Jones Dips As These Stocks Weigh; Adobe, Nvidia Fuel Nasdaq To New High",0.0,0.0,1.0,0.0
16,Nvidia stock rockets toward best day in 19 months as optimism grows for ‘metaverse’ opportunity,0.92,0.299,0.701,0.0
17,Nvidia Hits Record High as Stock Surge Nears 120% This Year,0.975,0.103,0.855,0.042
18,Nvidia Stock Surges Following Wells Fargo Commentary,0.904,0.074,0.915,0.011
19,Nasdaq Continues Its Record Run as Bulls Double Down on Chip Stocks,0.992,0.107,0.87,0.023
20,10 Stocks that Doubled in 2021,0.999,0.122,0.855,0.023
21,Better AI Stock: Nvidia or Palantir,0.927,0.181,0.819,0.0
22,Should You Invest in the iShares Semiconductor ETF (SOXX)?,0.992,0.103,0.862,0.035
