﻿,Titles,Polarity,Positive,Neutral,Negative
0,KeyBanc Sees Challenging Setup For Semiconductor Earnings,0.993,0.161,0.78,0.059
1,AMD EPYC CPUs Help Mercedes-AMG F1 Team Win Pole Position,0.998,0.161,0.828,0.011
2,"For Nvidia, It’s Looking Like 2021 All Over Again",0.951,0.092,0.832,0.076
3,Why Nvidia Stock Fell Again Today,-0.318,0.042,0.873,0.085
4,Nvidia stock falls despite Piper Sandler Buy rating,0.844,0.104,0.849,0.048
5,3 Charts Showing How Top Stocks Have Performed After a Split,0.557,0.116,0.884,0.0
6,8 Semiconductor Stocks on Sale as Intel Readies Mobileye IPO,0.999,0.109,0.884,0.007
