﻿,Titles,Polarity,Positive,Neutral,Negative
0,"CHIPS Act passes preliminary Senate vote, awaits final vote in Congress",0.0,0.0,1.0,0.0
1,Chips bill aims to reduce reliance on China for semiconductors,0.0,0.0,1.0,0.0
2,Why Nvidia Stock Sank on Monday,-0.31,0.029,0.902,0.069
3,"Market check: Nasdaq trades lower, bitcoin dips below $22,000",0.0,0.0,1.0,0.0
4,Earnings Season Is About to Kick Off for Chip Stocks. What to Expect.,0.153,0.033,0.967,0.0
5,"2 Growth Stocks That Could Turn $100,000 Into $1 Million by 2030",0.942,0.186,0.814,0.0
6,7 Seriously Undervalued Large-Cap Stocks to Buy Now,0.998,0.086,0.872,0.042
7,"Giant Manager Buys Up Apple, Nvidia, Corning, and Pfizer Stock",0.273,0.095,0.905,0.0
