﻿,Titles,Polarity,Positive,Neutral,Negative
0,Nvidia Stock Has Left AMD in the Dust Since May,0.998,0.118,0.844,0.039
1,7 ESG Stocks to Add to Your Portfolio,1.0,0.186,0.8,0.014
2,7 Technology Stocks With Terrific Technicals to Buy Right Now,0.999,0.13,0.812,0.059
3,Is Discord the Next r/WallStreetBets? 5 Stocks That Suggest That’s the Case,0.999,0.124,0.812,0.063
4,"GOOGL Stock, Nvidia Lead Latest List Of New Buys By The Best Mutual Funds",0.778,0.245,0.755,0.0
5,Diversified Hot Stocks Give This ClearBridge Fund Its Edge,0.681,0.234,0.69,0.076
6,"Hot Stocks Apple, Microsoft, Nvidia Lead Lower-Risk Tech Play Near Buy Point",-0.052,0.138,0.67,0.192
