﻿,Titles,Polarity,Positive,Neutral,Negative
0,Nvidia (NVDA) Gains As Market Dips: What You Should Know,0.989,0.083,0.911,0.006
1,Why Nvidia Stock Popped After AMD's Earnings,0.975,0.257,0.717,0.026
2,3 Top Robinhood Stocks That Shrewd Investors Should Buy Right Now,0.723,0.116,0.854,0.031
3,Intel CEO: We have 100 companies that want us to make their chips,0.964,0.08,0.904,0.016
4,3 High-Growth Stocks That Could Be Worth $1 Trillion in 10 Years -- or Sooner,0.178,0.091,0.909,0.0
5,"Nvidia, Qualcomm and Other Chip Stocks Trade Lower After AMD Earnings",0.511,0.235,0.686,0.079
