﻿,Titles,Polarity,Positive,Neutral,Negative
0,"Dow Jones Futures: President Biden Set To Pick Fed Chief As Market Rally Diverges With Apple, Tesla, Amazon, Nvidia Soaring; Time To Buy Rivian?",0.0,0.0,1.0,0.0
1,"Inflation: There’s a ‘teeter-totter’ between higher rates and a steady economy, strategist says",0.914,0.068,0.932,0.0
2,"Investment strategist talks markets, inflation, Fed moves, Nvidia, Rivian, Intel, and more",0.0,0.0,1.0,0.0
3,Why These 10 Stocks Are Trending on Friday,0.997,0.122,0.853,0.025
4,Nvidia’s latest earnings report is the ‘nail in the coffin’ for $40 billion ARM deal: Analyst,0.997,0.116,0.849,0.035
5,"Stock Market Rally Near Highs As Megacaps Lead; Nvidia, Macy's, Target Are Earnings Movers: Weekly Review",-0.572,0.0,0.821,0.179
6,Why Nvidia Shares Are Rising,0.968,0.127,0.855,0.018
7,Metaverse: How CEOs are thinking about the future of virtual and augmented reality,0.459,0.143,0.857,0.0
8,"Nasdaq Closes at New High as Earnings,  Chip Rally Spur Tech Bulls",0.995,0.113,0.852,0.035
9,The Biden administration is ‘waiting too long’ on the Fed chair nomination: Analyst,-0.052,0.059,0.876,0.065
10,"US STOCKS-Lockdown fears weigh on Dow, S&amp;P 500; Nasdaq hits record high",0.964,0.084,0.863,0.053
11,5 Growth ETFs to Tap on an Incredible S&amp;P 500 Rally,1.0,0.21,0.762,0.028
12,Nvidia Stock Is a Risky Bet Following Q3 Earnings,0.995,0.093,0.874,0.033
13,Data Center Growth Is Still the Top Reason to Buy Nvidia Stock Now,0.91,0.148,0.852,0.0
14,Missed Nvidia-Led Chip Rally? Analysts Still See 41% Upside,0.052,0.087,0.833,0.08
15,Why This Company Continues to Be My No. 1 Position,0.382,0.044,0.956,0.0
16,"Dow Jones Futures, Crude Oil, Yields Fall: Beware The Megacap Rally; AMAT Stock Leads 5 Key Earnings",0.527,0.261,0.632,0.106
17,5 Must-Buy Technology Stocks Flying-High With More Upside,0.999,0.135,0.852,0.013
18,11 Best Stocks To Buy For The Rest of 2021,1.0,0.137,0.834,0.029
19,3 Metaverse Stocks That Could Set You Up for Life,0.572,0.079,0.921,0.0
20,Dow Jones Futures Rise: Beware The Megacap Rally; AMAT Stock Leads 5 Key Earnings,0.743,0.278,0.722,0.0
21,Dow Jones Futures: Beware The Megacap Rally; AMAT Stock Leads 5 Key Earnings,0.743,0.278,0.722,0.0
22,Dow Jones Futures: Why The Apple-Led Megacap Rally Is A Mixed Bag; AMAT Stock Leads Earnings Movers,0.743,0.278,0.722,0.0
