﻿,Titles,Polarity,Positive,Neutral,Negative
0,"Nvidia Stock Is ‘Too Cheap to Ignore,’ Says Analyst",0.993,0.112,0.869,0.019
1,"Dow Jones Futures: Market Rally Jumps, Even On Bad News; Five Stocks In Buy Zones",-0.273,0.11,0.731,0.16
2,"Stocks bounce back from market sell-off, consumer discretionary sector adds to yesterday’s gains",0.0,0.0,1.0,0.0
3,"Dow ends higher for 5th day, scoring longest win streak in 2 months as consumer and tech sectors recover",0.637,0.144,0.856,0.0
4,11 Stocks Drawing Attention on Quarterly Results,1.0,0.158,0.813,0.03
5,"Dow, S&amp;P 500 and Nasdaq jump as consumer, tech sectors power higher",0.637,0.144,0.856,0.0
6,AMD Stock Is a Buy After Nvidia’s Earnings,0.959,0.079,0.895,0.026
7,Is Nvidia’s gaming forecast the ‘cut’ that Wall Street has been looking for?,0.527,0.12,0.88,0.0
8,Nvidia Stock: Investors Are Buying the Dip. Where From Here?,0.329,0.059,0.941,0.0
9,Nvidia and AMD Among Bank of America Favorite Chip Stocks,-0.718,0.049,0.787,0.164
10,Nvidia CEO names 2 big challenges after disappointing guidance,0.974,0.08,0.889,0.031
11,"Stock Market Gains As Jobless Claims Drop; Nvidia, Retailers Rebound On Earnings",0.103,0.138,0.745,0.117
12,Nvidia Only a Bit Off Its Game,-0.153,0.0,0.938,0.063
13,"Nvidia stock rebounds after chipmaker reported revenue hit from China, Russia",0.989,0.086,0.883,0.031
14,The 7 Best Reddit Stocks to Buy for June 2022,1.0,0.141,0.836,0.023
15,Why Nvidia's gaming chip is ‘pretty bullish’ for the stock: Analyst,0.999,0.116,0.859,0.026
16,How To Invest In Stocks In A Bear Market: Protect And Prepare With 3-Step Routine,0.586,0.231,0.769,0.0
17,Stock Market Climbs More Than 1% As Retail Bounces; These 4 Oil Stocks Top Buy Points,0.637,0.206,0.794,0.0
18,Nvidia Sinks on Dismal Guidance: ETFs in Focus,0.995,0.104,0.86,0.036
19,No tech sector appears safe from the spring swoon,-0.296,0.0,0.896,0.104
20,Is Nvidia a Buy or a Sell After Q1 Earnings?,0.459,0.065,0.935,0.0
21,U.S. stocks open higher  though tech sector lags,0.0,0.0,1.0,0.0
22,Dow Jones Rallies As Nvidia Slashes Losses; Twitter Jumps As Musk Raises Financing,-0.44,0.0,0.888,0.112
23,NVIDIA Falls On Weak Outlook,0.879,0.099,0.834,0.067
24,"Nvidia beats on earnings, forecast falls short",0.0,0.0,1.0,0.0
25,I Still Dig Nvidia After Digging Into Its Latest Results,0.0,0.0,1.0,0.0
26,Nvidia Stock Down After Earnings -- Is NVDA Stock a Buy Now?,0.511,0.132,0.815,0.053
27,US STOCKS-Wall St set for higher open on earnings optimism,0.785,0.075,0.859,0.067
28,WRAPUP 2-Global firms warn of sluggish China demand due to lengthy COVID curbs,-0.918,0.069,0.834,0.096
29,Dow Jones Futures Rise As Nvidia Falls On Weak Sales Outlook; Twitter Jumps As Musk Raises Financing,-0.44,0.0,0.888,0.112
30,Nvidia Stock Is Falling After Earnings. It’s Just One More Big Tech Disappointment.,0.238,0.098,0.902,0.0
31,2 More Tumbling Tech Stocks Aren't Holding the Nasdaq Back,0.773,0.122,0.838,0.04
32,"NVIDIA (NVDA) Q1 Earnings Beat, Stock Falls on Dim Q2 Guidance",0.997,0.083,0.894,0.023
33,"Dow Jones Futures Rise As Market Rally Needs This; Broadcom To Buy VMware; Twitter, Nvidia Are Key Movers",0.0,0.0,1.0,0.0
34,"S&amp;P, Dow futures edge higher ahead of GDP data; Nvidia slides",-0.251,0.072,0.858,0.07
35,"US STOCKS-S&amp;P, Dow futures edge higher ahead of GDP data; Nvidia slides",-0.527,0.046,0.9,0.054
36,Nvidia Stock Skids As Muted Gaming Sector Outlook Offsets Q1 Earnings Beat,-0.649,0.0,0.85,0.15
37,Why Warren Buffett’s Bet on Apple Feels Far Away From a Payoff,0.0,0.0,1.0,0.0
38,"Stock Futures Higher, Nvidia, Twitter, Apple and Snowflake In Focus- 5 Things You Must Know",0.128,0.083,0.864,0.053
39,A timeless bear market rule explains why dip buyers can't get a break: Morning Brief,0.985,0.068,0.885,0.047
40,"Macy's, Twitter, Dollar General Rise Premarket; Nvidia, Apple Fall",0.896,0.074,0.876,0.05
41,Nvidia (NVDA) Q1 2023 Earnings Call Transcript,0.671,0.116,0.884,0.0
42,European Stocks Higher; BT Group Struggles Over Investment Worries,-0.945,0.039,0.903,0.057
43,European Stock Futures Edge Lower; Fed Minutes Prompt Caution,-0.902,0.06,0.866,0.074
44,More tech companies are seeing a spring swoon,-0.296,0.0,0.896,0.104
