﻿,Titles,Polarity,Positive,Neutral,Negative
0,10 Dividend Stocks With Growth Potential,1.0,0.123,0.842,0.035
1,9 Stocks to Buy Before Inflation Fears Take Hold,0.999,0.09,0.878,0.032
2,"Amazon's cloud unit launches new chips to take on Intel, Nvidia",0.953,0.062,0.925,0.013
3,7 Chip Stocks to Buy as the Supply Crunch Carries On,1.0,0.112,0.881,0.007
4,Why Nvidia Stock Tanked Today,0.296,0.025,0.975,0.0
5,10 Best Performing Semiconductor Stocks of 2021,1.0,0.135,0.834,0.03
6,NFTs go mainstream at Art Basel: A ‘better way’ to transfer digital ownership,0.998,0.104,0.891,0.005
7,3 Metaverse Moonshots With Actual 10x Potential,0.999,0.108,0.86,0.032
8,Nvidia Steamrolls AMD as It Aggressively Pursues This Massive Market,0.71,0.349,0.651,0.0
