﻿,Titles,Polarity,Positive,Neutral,Negative
0,"Asian Stocks Up Over Chinese Data, but Crackdown and COVID-19 Cap Gains",0.874,0.065,0.906,0.029
1,Nvidia (NVDA) Gains But Lags Market: What You Should Know,0.994,0.112,0.873,0.015
2,10 Best Penny Stocks Popular on Reddit,1.0,0.157,0.824,0.019
3,AMD stock closes at fifth straight record high following report Nvidia-Arm deal may get blocked,0.273,0.122,0.816,0.061
4,How To Invest In Stocks: A Guide For Beginning Investors,0.637,0.154,0.846,0.0
5,"U.K. challenging Nvidia-Arm deal, Lyft earnings preview, Gensler's path to Bitcoin ETF",0.0,0.0,1.0,0.0
6,UPDATE 1-U.K. considers blocking Nvidia's $40 bln takeover deal for Arm - Bloomberg News,0.878,0.085,0.886,0.029
7,U.K. considers blocking Nvidia's $40 billion takeover deal for Arm - Bloomberg News,0.878,0.089,0.881,0.03
8,Why Nvidia Shares Climbed Modestly Before Reversing Tuesday Morning,0.511,0.123,0.81,0.067
9,U.K. Considers Blocking Nvidia Takeover of Arm Over Security,0.994,0.105,0.851,0.044
10,"Why Former NYSE Trader David Green Bought NVIDIA, Tesla, and Cassava Sciences On Tuesday",0.966,0.057,0.93,0.013
11,Nvidia Stock Flat as U.K. Reportedly Might Block Arm Deal,0.34,0.138,0.862,0.0
12,Nvidia Stock Rises; J.P. Morgan Lifts Target on PC Gaming Potential,0.0,0.0,1.0,0.0
13,Advanced Micro Devices (NASDAQ:AMD) Investors May Want to Wait Out Short Term Volatility,0.999,0.169,0.79,0.041
