﻿,Titles,Polarity,Positive,Neutral,Negative
0,Nvidia Stock Is Surging after Strong Earnings. Here’s What to Know.,0.296,0.099,0.901,0.0
1,Nvidia Stock Is Surging on Strong Earnings. Here’s What to Know.,0.296,0.099,0.901,0.0
2,"Markets Skid into Close, NVIDIA and Cisco Beat Estimates",0.994,0.11,0.866,0.024
3,Nvidia (NVDA) Beats Q2 Earnings and Revenue Estimates,0.994,0.102,0.892,0.006
4,NVIDIA Earnings: What Happened with NVDA,0.077,0.093,0.822,0.085
5,"Dow Jones Futures: Stock Market Sells Off As Fed Moves To Exit; Nvidia, dLocal, Robinhood Earnings Late",0.0,0.0,1.0,0.0
6,Nvidia Q2 revenue jumps 68% on strength of gaming and data center businesses,0.0,0.0,1.0,0.0
7,Graphics-Chip Maker Nvidia Edges Second-Quarter Earnings Target,0.422,0.192,0.808,0.0
8,"Nvidia earnings top Street view with record data-center, gaming revenue",0.791,0.231,0.711,0.058
9,"UPDATE 2-Nvidia forecast beats expectations, but $40 bln Arm deal talks taking longer than expected",0.989,0.121,0.862,0.017
10,"Nvidia forecast beats expectations, but $40 billion Arm deal talks taking longer than expected",0.989,0.125,0.857,0.018
11,NVIDIA Announces Financial Results for Second Quarter Fiscal 2022,0.998,0.075,0.89,0.035
12,NVIDIA Announces Financial Results for Second Quarter Fiscal 2022,0.998,0.069,0.897,0.034
13,Nvidia to report Q2 earnings with gaming and data center businesses booming,-0.899,0.045,0.895,0.06
14,Dow Jones Falls As Fed Minutes Reveal This Fear; Tesla Charges As Growth Stocks Lead; Apple Dips,-0.459,0.0,0.833,0.167
15,Last Minute Thought: Buy or Sell Nvidia Before Earnings?,0.998,0.171,0.815,0.014
16,Nvidia Rises After Earnings More Than Triple on 68% Higher Revenue,0.296,0.121,0.879,0.0
17,5 Tech Earnings All-Stars,0.995,0.143,0.817,0.04
18,Dow Jones Cuts Losses Ahead Of Fed; Robinhood Soars; Nvidia Slips Ahead Of Earnings,-0.542,0.0,0.83,0.17
19,Nvidia Second-Quarter Earnings Live Blog,0.7,0.158,0.804,0.038
20,"Dow Jones Falls Ahead Of Fed Minutes; Lowe's Surges On Earnings, While Nvidia, Robinhood Earnings On Deck",0.0,0.0,1.0,0.0
21,Things to Know Before Nvidia Reports Earnings,-0.25,0.0,0.964,0.036
22,Fed Minutes Ahead Could Offer Insight Following Wall Street's Worst Day In A Month,0.955,0.078,0.847,0.075
23,"Stock Market News for Aug 18, 2021",-0.951,0.066,0.836,0.098
24,3 Attractive Dividend Stocks Whose Dividends Could Double,0.743,0.127,0.873,0.0
25,A Peek Into The Markets: US Stock Futures Mostly Lower Ahead Of Fed Minutes,0.502,0.027,0.953,0.02
26,"Video: Jim Cramer on Nvidia, Lowe's, Target, Krispy Kreme, Federal Reserve",0.0,0.0,1.0,0.0
27,Baidu Plans Future In AI And Autonomous Driving,0.972,0.102,0.879,0.019
28,"Cathie Wood Can't Get Enough Of Peter Thiel's Palantir, Adds Another $11.4M Shares",0.971,0.117,0.877,0.007
29,"7 Stocks To Watch For August 18, 2021",0.988,0.126,0.866,0.008
30,"Fed Minutes, Housing Starts, XI Takes Aim at Rich - What's Moving Markets",-0.993,0.031,0.886,0.082
31,"Nvidia, Robinhood, Tilray, Krispy Kreme, Fed Minutes: 5 Things You Must Know",0.077,0.048,0.952,0.0
