﻿,Titles,Polarity,Positive,Neutral,Negative
0,7 Virtual Reality Stocks to Buy for the Big Metaverse Move,0.999,0.101,0.856,0.044
1,Buy Intel Before It Brings Chip Production to America,0.975,0.075,0.886,0.039
2,Stalking Nvidia Stock Gave Swing Trading Opportunity,-0.36,0.0,0.958,0.042
3,Cramer Sees Big Things For Nvidia,0.879,0.157,0.843,0.0
4,"Is Nvidia (NVDA) a Solid Growth Stock? 3 Reasons to Think "" Yes """,0.998,0.188,0.801,0.011
5,Boost Your Portfolio With These 3 Promising Tech Stocks,0.997,0.131,0.858,0.01
6,10 Best Infrastructure Stocks According to Reddit,1.0,0.121,0.86,0.019
7,"Best Mutual Funds Betting Billions On Microsoft, Shopify, Facebook, GOOGL Stock",0.718,0.273,0.727,0.0
8,7 Stocks To Buy To Bet on Underappreciated CEOs,1.0,0.151,0.826,0.023
9,Why NVIDIA Will Dominate the Data Center by 2030,0.66,0.11,0.89,0.0
