﻿,Titles,Polarity,Positive,Neutral,Negative
0,"Why the Nvidia-Arm Merger Would Be Good for Tech, According to Their CEOs",0.0,0.0,1.0,0.0
1,Here's Why NVIDIA Stock Popped Today,0.572,0.084,0.916,0.0
2,"4 Top Stock Trades for Friday: AMD, NVDA, SLV, ADBE",0.995,0.118,0.85,0.032
3,Nvidia Announces Minimum $100M Investment In UK Supercomputer: Reuters,0.836,0.065,0.919,0.016
4,"Dow Jones Slips; Apple Stock, Microsoft Rise As Tech Stocks Charge; AMC Stock Rallies",0.0,0.0,1.0,0.0
5,"UPDATE 1-Nvidia to invest at least $100 million in UK supercomputer, CEO says",0.98,0.122,0.868,0.01
6,"Nvidia to invest at least $100 million in U.K. supercomputer, CEO says",0.422,0.034,0.966,0.0
7,1 Big Reason to Dump AMD and Buy NVIDIA,0.865,0.215,0.752,0.033
8,12 Best Cryptocurrency Stocks to Invest in 2021,1.0,0.153,0.825,0.021
9,12 Best Cryptocurrency Stocks to Invest in 2021,1.0,0.154,0.824,0.021
10,1 Growth Stock That Could Be Bigger Than Apple,0.515,0.101,0.873,0.027
11,Nvidia price target boosted to Street high of $854 at Jefferies,0.71,0.085,0.915,0.0
12,Nvidia Target at Wall Street High; Jefferies Lauds 2 Opportunities,0.382,0.115,0.885,0.0
13,Nvidia Jumps On Jefferies Upgrade As Shift In Computing Seen Helping,0.937,0.113,0.86,0.028
14,"5 Top Stock Gainers for Thursday: Midatech Pharma, AMD, Nvidia",0.511,0.083,0.889,0.028
15,5 Picks as Inflation is Transitory and Tapering Is Not in View,0.999,0.101,0.884,0.015
16,5 Picks as Inflation is Transitory and Tapering Is Not in View,0.999,0.101,0.884,0.015
17,"Zacks Market Edge Highlights: Google, Facebook, NVIDIA, Union Pacific and VOO",0.998,0.131,0.84,0.028
18,"Zacks Market Edge Highlights: Google, Facebook, NVIDIA, Union Pacific and VOO",0.998,0.131,0.84,0.028
