﻿,Titles,Polarity,Positive,Neutral,Negative
0,"Arm Marks Data Center Foray, Intensifying Competition With Intel, AMD: Reuters",0.612,0.05,0.924,0.026
1,"Dow Jones Falls As Tesla Skids On Earnings; Tech Giants Alphabet, AMD, Microsoft Set To Report",0.0,0.0,1.0,0.0
2,"Tech Time: Microsoft, Advanced Micro Devices, Alphabet Reporting After Close Today",1.0,0.13,0.828,0.042
3,These Stocks Would Have Doubled Your Money Last Year,0.823,0.118,0.882,0.0
4,"Arm details new data center chips, says Oracle, Alibaba will use them",0.972,0.071,0.929,0.0
5,"Arm details new data center chips, says Oracle, Alibaba will use them",0.972,0.071,0.929,0.0
6,"The Zacks Analyst Blog Highlights: NVIDIA, Flex, KLA Corp, Cognex Corp and Brooks Automation",0.999,0.137,0.835,0.028
7,"The Zacks Analyst Blog Highlights: NVIDIA, Flex, KLA Corp, Cognex Corp and Brooks Automation",0.999,0.137,0.835,0.028
8,Dow Jones Futures Signal Gains Ahead Of Fed Meeting; Tesla Slides Despite Earnings Beat,0.0,0.0,1.0,0.0
