﻿,Titles,Polarity,Positive,Neutral,Negative
0,"Lynch &amp; Associates Buys NVIDIA Corp, Ford Motor Co, PROSHARES TRUST, Sells Taiwan ...",0.993,0.087,0.903,0.011
1,"Why This Stock Grew 7,000% in 10 Years",0.477,0.154,0.846,0.0
2,"Dow Jones Futures: Market Rallies On This Powell Comment As Inflation Data Looms; Apple, AMD, Nvidia, Tesla, ZIM In Focus",-0.109,0.059,0.86,0.081
3,"Market check: Nasdaq stocks stage comeback, Dow and S&amp;P 500 close near all-time highs",0.0,0.0,1.0,0.0
4,Should You Buy Nvidia Stock in 2022?,-0.103,0.033,0.928,0.038
5,7 Semiconductor Stocks With the Most Upside in the New Year,1.0,0.152,0.81,0.038
6,"Cramer's Mad Money Recap 1/11: Amazon, Apple, Nvidia",-0.202,0.146,0.643,0.211
7,Taiwan Semi (TSM) Strength a Positive for These 3 Stocks,1.0,0.176,0.803,0.022
8,Why Nvidia Stock Just Popped,0.052,0.075,0.877,0.048
9,"Stock Market News for Jan 11, 2022",0.98,0.094,0.836,0.069
10,"Apple’s Loss in Cloud Gaming Could Benefit Nvidia, Amazon, and Microsoft",0.0,0.0,1.0,0.0
11,Prediction: These Will Be 3 of the Biggest Stocks by 2032,0.606,0.248,0.752,0.0
12,Is Nvidia Stock Too Expensive for 2022?,0.919,0.191,0.809,0.0
13,"Tech Is Tearing Back. Why Nvidia and 4 Others Look Like Winners, Unlike Intel.",0.477,0.134,0.866,0.0
14,Nvidia Stock Alert: Is It Time to Buy the Dip? Check the Chart.,0.153,0.14,0.75,0.11
15,AMD Stock Gives Investors Plenty of Ways to Play It,0.994,0.082,0.892,0.026
