﻿,Titles,Polarity,Positive,Neutral,Negative
0,AMD Could Jump Upward if China Gives Its Acquisition the Go Ahead,0.999,0.152,0.836,0.012
1,"Tesla, Nvidia, 3 IPOs Among Top Stocks To Watch In 2022",0.459,0.2,0.8,0.0
2,Alphabet (GOOGL) Boosts Stadia Game Suite With New Titles,0.997,0.141,0.823,0.036
3,7 of the Best Metaverse Stocks for 2022 to Buy Now,1.0,0.16,0.797,0.043
4,"Cramer's Mad Money Recap 1/3: Tesla, Apple, Nvidia",-0.052,0.125,0.741,0.134
5,10 Best Multibagger Stocks To Buy Now,1.0,0.155,0.811,0.035
6,"Read Why Nvidia, AMD, Taiwan Semiconductor And Other Chip Stocks Gained Steam",0.97,0.107,0.87,0.023
7,10 Cryptocurrencies Redditors are Buying for 2022 and Beyond,1.0,0.121,0.864,0.014
8,8 hot tech stocks Goldman Sachs loves in 2022,0.989,0.092,0.896,0.012
9,3 Surefire Metaverse Stocks That Could Make You Richer in 2022,0.735,0.093,0.907,0.0
10,7 of the Best Robinhood Stocks for 2022 to Buy Now,1.0,0.116,0.867,0.017
