﻿,Titles,Polarity,Positive,Neutral,Negative
0,4 Companies Owned by Nvidia,0.0,0.0,1.0,0.0
1,Why Micron Stock Is a Definite Buy on Weakness,0.994,0.098,0.889,0.013
2,Here's Why Citi Is Still Bullish On Nvidia Despite Arm Deal Fall Out,0.74,0.064,0.901,0.035
3,Wall Street’s reaction to death of Nvidia-Arm deal: No duh,-0.758,0.048,0.755,0.197
4,Nvidia Stock Is in a Bear Market. Why It’s Time to Buy the Highflying Chip Maker.,0.296,0.099,0.901,0.0
5,"CIBC Asset Management Inc Buys Bank of Nova Scotia, Franco-Nevada Corp, Suncor Energy Inc, ...",0.999,0.064,0.932,0.004
6,Analysis-SoftBank's choice of New York for Arm listing deals a blow to London,0.996,0.111,0.861,0.028
7,SoftBank's choice of New York for Arm listing deals a blow to London,0.996,0.111,0.861,0.028
8,Forget Dogecoin: 10 Meme Coins Reddit is Buying for 2022,1.0,0.144,0.83,0.025
9,"Why Nvidia Stock Dipped Today, Then Rebounded",0.71,0.071,0.9,0.029
10,Arm Deal Collapse Lifts Overhang On Nvidia Stock,-0.34,0.0,0.87,0.13
11,"Stock Market Today - 2/8:Dow Jumps 370 Points, Turns Positive For February as Stocks End Higher",0.0,0.0,1.0,0.0
12,Nvidia Is Still a Buy Despite the Failed Arm Acquisition,0.989,0.087,0.879,0.034
13,S&amp;P 500 Climbs as Tech Strength Prevails Despite Surging U.S. Bond Yields,0.944,0.08,0.876,0.044
14,Markets Await More Earnings Data,0.993,0.125,0.846,0.029
15,"CCLA Investment Management Ltd Buys PepsiCo Inc, PayPal Holdings Inc, Brookfield Renewable ...",0.99,0.061,0.933,0.005
16,"NVIDIA/ARM Deal Off, Peloton CEO Steps Down",0.995,0.129,0.845,0.026
17,"Peloton Jumps on CEO Departure, Job Cuts, Barry McCarthy to Take Top Spot",0.0,0.028,0.944,0.028
18,What to Expect Ahead of CDW Corporation's (CDW) Q4 Earnings?,0.998,0.144,0.845,0.011
19,"Callahan Advisors, LLC Buys D.R. Horton Inc, ViacomCBS Inc, Eagle Materials Inc, Sells ...",0.997,0.075,0.921,0.004
20,Nvidia chip deal with SoftBank’s Arm collapses,0.996,0.089,0.885,0.026
21,The biggest chip merger ever is dead. Here's why Nvidia stopped bid for Arm and what's next.,0.0,0.0,1.0,0.0
22,"S&amp;P 500 Climbs as Tech Finds Footing, Banks Ride Rising US Yields",0.834,0.082,0.856,0.061
23,3 Best Web3 Stocks to Buy in February,0.796,0.129,0.829,0.042
24,"Nvidia Falls as Arm Deal Collapses, but This Nasdaq Stock Is Soaring Tuesday",-0.631,0.0,0.935,0.065
25,SoftBank Pitches IPO for Arm After Deal With Nvidia Falls Through,0.0,0.0,1.0,0.0
26,Nvidia expects to book $1.36 billion charge in Q1 fiscal 2023 due to termination of Arm deal with Softbank,0.844,0.205,0.795,0.0
27,Will Higher Revenues Drive Arista's (ANET) Q4 Earnings?,0.996,0.111,0.879,0.011
28,Relief and challenges for chipmakers as Nvidia-Arm megadeal collapses,0.995,0.121,0.832,0.047
29,Nvidia Can Afford to Lose an Arm. But SoftBank Needs to Slim Down.,0.0,0.0,1.0,0.0
30,Nvidia's Terrific Position in This Nascent Market Could Supercharge Its Growth,0.796,0.101,0.899,0.0
31,NVIDIA (NVDA) Calls Off Buyout of Softbank's Arm Per Reports,0.987,0.081,0.884,0.035
32,Buy Nvidia Stock After Company Nixes $40 Billion Deal for Arm?,-0.153,0.0,0.922,0.078
33,Top 5 Semiconductor Stocks Pick to Tap Growing Industry Demand,1.0,0.168,0.809,0.023
34,The Collapsed Nvidia Arm Deal Is a Warning Shot to Megacap Tech,0.691,0.178,0.822,0.0
35,SoftBank Aims For Arm IPO After Nvidia Dumps Takeover Plans,-0.422,0.026,0.933,0.041
36,Should You Invest in the Invesco Dynamic Semiconductors ETF (PSI)?,0.994,0.115,0.845,0.04
37,SoftBank Begins to Pitch Arm IPO as Nvidia Gives Up on Deal,0.967,0.08,0.861,0.06
38,Nvidia Calls Off Acquisition of Chip-Designer Arm. It’s Not a Surprise.,0.0,0.0,1.0,0.0
39,"Peloton, Pfizer, Meta Platforms Fall Premarket; Coty, Harley-Davidson Rise",0.902,0.071,0.882,0.048
40,"Stock Market Today-2/8: Peloton, Pfizer, Nvidia Active; Stocks Flat With Inflation In Focus",0.0,0.0,1.0,0.0
41,"Market Fun House, Bond Yields, Nord Stream 2, Raytheon, Steel, No Dice Nvidia",-0.625,0.0,0.819,0.181
42,Softbank plans IPO for ARM after Nvidia calls off $40 billion acquisition,0.34,0.091,0.909,0.0
43,"Bond Auctions, Peloton Shake-Up, Ukraine Diplomacy - What's Moving Markets",-0.826,0.073,0.854,0.073
44,Nvidia Stock Slides After Calling-Off $40 Billion Arm Takeover From SoftBank,-0.494,0.0,0.873,0.127
45,NVIDIA and SoftBank Group Announce Termination of NVIDIA’s Acquisition of Arm Limited,0.999,0.13,0.851,0.019
46,"Peloton, Meta, Nvidia, Take-Two and Stock Markets - Five Things You Must Know",0.681,0.183,0.749,0.068
47,Arm deal collapse leaves SoftBank asset sales in disarray,0.944,0.089,0.863,0.048
48,"Nvidia Drops After Shelving Arm Deal, Forfeits $1.25 Billion to Softbank",0.957,0.115,0.834,0.051
49,"Smith Chas P &amp; Associates Pa Cpas Buys ProShares UltraPro Dow30, Vanguard Total Stock ...",0.995,0.076,0.914,0.01
