﻿,Titles,Polarity,Positive,Neutral,Negative
0,10 Precious Metals Stocks to Buy According to Ken Fisher,0.999,0.117,0.86,0.023
1,Kroger Partners With NVIDIA For AI Services,0.969,0.155,0.833,0.012
2,"Market check: Stocks move higher, Tesla stock surges, Nvidia shares fall",0.0,0.0,1.0,0.0
3,"TSMC Sees Demand Spike For Auto Chips Thanks To Tesla, Nvidia, Qualcomm, Intel",0.983,0.16,0.792,0.047
4,Nvidia teams up with Lucid and BYD for new self-driving platform,0.917,0.047,0.945,0.009
5,Nvidia debuts new Arm-based Grace CPU superchip,-0.614,0.043,0.922,0.035
6,NVIDIA Launches Omniverse for Developers: A Powerful and Collaborative Game Creation Environment,0.996,0.091,0.896,0.013
7,NVIDIA Launches Omniverse for Developers: A Powerful and Collaborative Game Creation Environment,0.996,0.095,0.892,0.013
8,"Kroger and NVIDIA to Reinvent the Shopping Experience Through State-of-the-Art, AI-Enabled Applications and Services",0.991,0.082,0.904,0.014
9,"Kroger and NVIDIA to Reinvent the Shopping Experience Through State-of-the-Art, AI-Enabled Applications and Services",0.99,0.083,0.902,0.015
10,"Nvidia Outlook, Travel Stocks, Adobe Earnings: 3 Things to Watch",0.595,0.054,0.903,0.042
11,NVIDIA Announces Omniverse Cloud to Connect Tens of Millions of Designers and Creators,0.991,0.073,0.915,0.013
12,NVIDIA Announces Omniverse Cloud to Connect Tens of Millions of Designers and Creators,0.991,0.075,0.912,0.013
13,NVIDIA Announces Availability of Jetson AGX Orin Developer Kit to Advance Robotics and Edge AI,0.995,0.082,0.903,0.015
14,NVIDIA Announces Availability of Jetson AGX Orin Developer Kit to Advance Robotics and Edge AI,0.996,0.082,0.904,0.014
15,"UPDATE 3-Nvidia unveils new technology to speed up AI, launches new supercomputer",0.977,0.068,0.912,0.019
16,NVIDIA Launches AI Computing Platform for Medical Devices and Computational Sensing Systems,0.986,0.064,0.919,0.017
17,NVIDIA Launches AI Computing Platform for Medical Devices and Computational Sensing Systems,0.986,0.067,0.914,0.018
18,"NVIDIA Enters Production With DRIVE Orin, Announces BYD and Lucid Group as New EV Customers, Unveils Next-Gen DRIVE Hyperion AV Platform",0.993,0.072,0.914,0.014
19,"NVIDIA Enters Production With DRIVE Orin, Announces BYD and Lucid Group as New EV Customers, Unveils Next-Gen DRIVE Hyperion AV Platform",0.991,0.07,0.916,0.014
20,NVIDIA Announces Spectrum High-Performance Data Center Networking Infrastructure Platform,0.998,0.105,0.881,0.014
21,NVIDIA Announces Spectrum High-Performance Data Center Networking Infrastructure Platform,0.998,0.103,0.884,0.013
22,NVIDIA Launches Data-Center-Scale Omniverse Computing System for Industrial Digital Twins,0.987,0.067,0.917,0.016
23,NVIDIA Launches Data-Center-Scale Omniverse Computing System for Industrial Digital Twins,0.987,0.065,0.92,0.015
24,NVIDIA Announces Digital Twin Platform for Scientific Computing,0.992,0.075,0.909,0.016
25,NVIDIA Announces Digital Twin Platform for Scientific Computing,0.992,0.072,0.913,0.015
26,"NVIDIA Introduces 60+ Updates to CUDA-X Libraries, Opening New Science and Industries to Accelerated Computing",0.995,0.076,0.907,0.017
27,"NVIDIA Introduces 60+ Updates to CUDA-X Libraries, Opening New Science and Industries to Accelerated Computing",0.995,0.074,0.91,0.016
28,NVIDIA Opens NVLink for Custom Silicon Integration,0.996,0.103,0.879,0.018
29,NVIDIA Opens NVLink for Custom Silicon Integration,0.996,0.098,0.882,0.02
30,NVIDIA Introduces Grace CPU Superchip,0.997,0.099,0.885,0.016
31,NVIDIA Introduces Grace CPU Superchip,0.997,0.098,0.886,0.016
32,"Nvidia unveils latest chips, technology to speed up AI computing",0.973,0.052,0.946,0.003
33,NVIDIA Announces DGX H100 Systems – World’s Most Advanced Enterprise AI Infrastructure,0.995,0.058,0.931,0.011
34,NVIDIA Announces DGX H100 Systems – World’s Most Advanced Enterprise AI Infrastructure,0.995,0.056,0.934,0.01
35,"NVIDIA Announces Hopper Architecture, the Next Generation of Accelerated Computing",0.996,0.063,0.928,0.009
36,"NVIDIA Announces Hopper Architecture, the Next Generation of Accelerated Computing",0.997,0.063,0.929,0.008
37,"NVIDIA AI Delivers Major Advances in Speech, Recommender Systems and Hyperscale Inference",0.998,0.085,0.905,0.01
38,"The Zacks Analyst Blog Highlights Amazon, NVIDIA and JPMorgan Chase",0.999,0.153,0.825,0.022
39,Why Are Okta Shares Trading Lower Today,0.874,0.077,0.887,0.036
40,Nvidia Has Its Investor Day on Tuesday. What to Expect.,0.382,0.126,0.874,0.0
