﻿,Titles,Polarity,Positive,Neutral,Negative
0,"Dow Jones Futures: Stock Market Rally Back At Highs With Apple, Microsoft, Amazon, Google, Facebook On Tap; Hold Or Sell Tesla Stock?",0.0,0.0,1.0,0.0
1,Chip shortage is an ‘all hands on deck type situation’ for automakers: Analyst,-0.459,0.0,0.892,0.108
2,"How Nvidia Makes Money: Gaming, Data Center, and AI Platforms",0.459,0.182,0.818,0.0
3,Brussels delays to Nvidia sale force Arm to consider float,0.941,0.085,0.871,0.044
4,Strong Delivery Numbers and a New Model Make Li Auto a Buy,0.998,0.128,0.859,0.013
5,Nvidia Leads Market Rebound,-0.494,0.0,0.928,0.072
6,Why Intel's M&amp;A strategy has this analyst 'a little worried',-0.25,0.049,0.854,0.097
7,NVDA Stock Is Ready To Rally After The Recent Sharp Sell-Off,0.989,0.107,0.832,0.061
