﻿,Titles,Polarity,Positive,Neutral,Negative
0,Analysis: Nvidia's closing of $40 billion Arm deal could hinge on Europe,0.988,0.088,0.888,0.024
1,"The Zacks Analyst Blog Highlights: NVIDIA, Target, Lam Research, Alphabet and Intuitive Surgical",1.0,0.131,0.854,0.015
2,"The Zacks Analyst Blog Highlights: NVIDIA, Target, Lam Research, Alphabet and Intuitive Surgical",1.0,0.131,0.854,0.015
3,"The Zacks Analyst Blog Highlights: Google, Apple, NVIDIA, Intuit and Applied Materials",0.999,0.126,0.855,0.019
4,"The Zacks Analyst Blog Highlights: Google, Apple, NVIDIA, Intuit and Applied Materials",0.999,0.126,0.855,0.019
5,6 Top-Ranked Tech Stocks to Play Nasdaq's Upward Momentum,0.999,0.139,0.852,0.009
6,6 Top-Ranked Tech Stocks to Play Nasdaq's Upward Momentum,0.999,0.139,0.852,0.009
