﻿,Titles,Polarity,Positive,Neutral,Negative
0,"Top Stock Reports for NVIDIA, Mastercard &amp; Boeing",0.997,0.159,0.815,0.026
1,10 Best Machine Learning Stocks to Invest In,1.0,0.117,0.854,0.029
2,"The Zacks Analyst Blog Highlights: Western Digital, NVIDIA, Advanced Micro Devices, Equinix and CoreSite Realty",0.999,0.139,0.848,0.014
3,"Velodyne Lidar, NVIDIA Metropolis Bond Over Intelligent Infrastructure Solutions",0.957,0.128,0.858,0.014
4,"Cramer: Chip Sector's Contradictions - AMD, Nvidia, Intel",-0.262,0.0,0.84,0.16
5,Cathie Wood's ARK Invest Swaps Nvidia and Shopify for Coinbase,0.296,0.104,0.896,0.0
