﻿,Titles,Polarity,Positive,Neutral,Negative
0,"The Truth Behind Trading Semiconductor (Chip) Stocks (INTC, TXN)",0.382,0.157,0.843,0.0
1,"The Truth Behind Trading Semiconductor (Chip) Stocks (INTC, TXN)",0.382,0.157,0.843,0.0
2,Top Tech Stocks for July 2021,0.477,0.04,0.96,0.0
3,Top Tech Stocks for July 2021,0.477,0.04,0.96,0.0
4,AMD Is a Good Tech Stock Trading at a Discount,1.0,0.176,0.804,0.02
5,Is the Great Graphics Card Shortage Coming to an End?,0.273,0.211,0.582,0.207
6,Nvidia (NVDA) Up 24% Since Last Earnings Report: Can It Continue?,0.993,0.073,0.907,0.019
7,It’s Time to Cash in the Chips on Nvidia Stock,0.992,0.097,0.868,0.035
8,10 Best Drone Stocks to Invest In,1.0,0.121,0.854,0.024
9,10 Best Drone Stocks to Invest In,1.0,0.121,0.854,0.024
10,It's Not Too Late to Take Advantage of NVIDIA's Stock Split. Here's Why,0.66,0.136,0.824,0.039
