﻿,Titles,Polarity,Positive,Neutral,Negative
0,Nvidia (NVDA) Outpaces Stock Market Gains: What You Should Know,0.993,0.109,0.891,0.0
1,7 Cheap Stocks to Buy Now While They’re Still Cheap,1.0,0.126,0.857,0.017
2,"Nvidia Is A True Stock Market Leader In 2021; Can This Option Trade Make You $3,470?",0.44,0.137,0.803,0.06
3,"Dow Jones Jumps As Tesla Stock Surges; Nvidia, Roku, Snap On The Move",0.0,0.0,1.0,0.0
4,10 Companies that Benefit From Crypto Mining,1.0,0.115,0.869,0.015
5,10 Companies that Benefit From Crypto Mining,1.0,0.115,0.869,0.015
6,Top 25 S&amp;P 500 Stocks By Index Weight,1.0,0.111,0.872,0.017
7,Top 25 S&amp;P 500 Stocks By Index Weight,1.0,0.111,0.872,0.017
8,"Zacks Market Edge Highlights: Facebook, Align Technology, CrowdStrike, RH and NVIDIA",0.999,0.141,0.84,0.019
9,"Zacks Market Edge Highlights: Facebook, Align Technology, CrowdStrike, RH and NVIDIA",0.999,0.141,0.84,0.019
10,"NVIDIA (NVDA): Strong Industry, Solid Earnings Estimate Revisions",0.991,0.12,0.877,0.003
11,"The Zacks Analyst Blog Highlights: Facebook, NVIDIA, HSBC Holdings, Ford and Pioneer Natural Resources",0.999,0.155,0.818,0.027
12,"The Zacks Analyst Blog Highlights: Facebook, NVIDIA, HSBC Holdings, Ford and Pioneer Natural Resources",0.999,0.155,0.818,0.027
13,"The Zacks Analyst Blog Highlights: NVIDIA, Texas Instruments, Micron Technology, Applied Materials and Broadcom",1.0,0.139,0.833,0.028
14,"The Zacks Analyst Blog Highlights: NVIDIA, Texas Instruments, Micron Technology, Applied Materials and Broadcom",1.0,0.139,0.833,0.028
15,Option Trade: How To Profit When A Stock Trades Sideways,0.542,0.111,0.889,0.0
