﻿,Titles,Polarity,Positive,Neutral,Negative
0,Nvidia (NVDA) Dips More Than Broader Markets: What You Should Know,0.988,0.092,0.892,0.016
1,Luminar Soars On Nvidia Deal To Bring Self-Driving Cars To Market By 2024,0.34,0.13,0.87,0.0
2,These 25 semiconductor stocks could rise as much as 43% with chips in short supply,-0.557,0.0,0.877,0.123
3,How Nvidia Helped Luminar Technologies Shares Soar Tuesday,0.727,0.114,0.886,0.0
4,LAZR Stock Alert: The Huge Partnership Sending Luminar Rocketing Higher Today,0.975,0.082,0.909,0.009
5,Luminar &amp; Nvidia Stocks Soar On Partnership News: What's Next?,0.926,0.071,0.88,0.049
6,Nvidia builds out its Omniverse with Avatar and Replicator tools,0.802,0.286,0.714,0.0
7,Nvidia Market Value Tops $800 Billion as CEO Adds Fuel to the Rally,0.982,0.091,0.872,0.037
8,"Nvidia picks Luminar's lidar for self-driving tech, sending its shares up 15%",0.25,0.029,0.955,0.016
9,"Nvidia Touts Metaverse Avatars, Simulation Technologies",0.459,0.182,0.818,0.0
10,Luminar stock surges following self-driving car partnership with Nvidia,0.0,0.0,1.0,0.0
11,"Dow Jones Falls As Bitcoin Hits Record High; 3 Key Earnings Movers Include PayPal, Roblox",0.0,0.0,1.0,0.0
12,Why Luminar Shares Are Soaring Today,0.959,0.104,0.88,0.016
13,"Semiconductor Watchlist: Skyworks, EnPro, AMD, Nvidia",0.776,0.108,0.87,0.022
14,"Dow Jones Futures Fall As Bitcoin Hits Record High; 3 Key Earnings Movers Include PayPal, Roblox",0.0,0.0,1.0,0.0
15,10 Best Stocks of 2021,1.0,0.144,0.83,0.026
16,Nvidia Stock Soars as GTC Conference Gets Under Way. The Metaverse Is Growing.,0.382,0.133,0.867,0.0
17,Today’s Biggest Pre-Market Stock Movers: 10 Top Gainers and Losers on Tuesday,0.986,0.1,0.879,0.021
18,Semiconductor Sales Soar in Q3 on Increased Demand: 5 Winners,0.998,0.119,0.845,0.036
19,Luminar Sensors Selected For Nvidia's Self-Driving Platform,0.9,0.074,0.918,0.008
20,7 Stocks to Buy That Could Be the Next Trillion-Dollar Company,0.999,0.104,0.868,0.028
21,Nvidia doubles down on software tools for crafting virtual worlds,0.982,0.098,0.902,0.0
22,Nvidia targets automakers' 2024 models with driver-assistance hardware system,0.931,0.059,0.941,0.0
23,"Nvidia launches new products to plug cars, factories into its Omniverse",0.967,0.078,0.916,0.006
24,"Nvidia's Omniverse is being used to predict forest fires, set up cell networks, and teach cars to drive",0.989,0.068,0.915,0.018
25,Nvidia announces deeper push into healthcare industry at GTC 2021,0.283,0.087,0.844,0.069
26,Nvidia promises fully self-driving cars with new Nvidia Drive tech,0.995,0.077,0.906,0.017
27,Nvidia targets automakers' 2024 models with driver-assistance hardware system,0.931,0.059,0.941,0.0
28,Luminar Wins Nvidia Business in Self Driving Deal. It’s a Big Win for the Lidar Maker.,0.0,0.0,1.0,0.0
29,NVIDIA Announces Omniverse Replicator Synthetic-Data-Generation Engine for Training AIs,0.975,0.068,0.902,0.031
30,NVIDIA Announces Omniverse Replicator Synthetic-Data-Generation Engine for Training AIs,0.979,0.067,0.904,0.029
31,NVIDIA Sets Path for Future of Edge AI and Autonomous Machines With New Jetson AGX Orin Robotics Computer,0.999,0.11,0.879,0.01
32,NVIDIA Sets Path for Future of Edge AI and Autonomous Machines With New Jetson AGX Orin Robotics Computer,0.999,0.111,0.878,0.011
33,NVIDIA Announces Platform for Creating AI Avatars,0.999,0.113,0.875,0.012
34,NVIDIA Announces Platform for Creating AI Avatars,0.999,0.114,0.873,0.013
35,"NVIDIA Announces Major Updates to Triton Inference Server as 25,000+ Companies Worldwide Deploy NVIDIA AI Inference",0.997,0.068,0.922,0.01
36,"NVIDIA Announces Major Updates to Triton Inference Server as 25,000+ Companies Worldwide Deploy NVIDIA AI Inference",0.997,0.068,0.922,0.01
37,NVIDIA Brings Large Language AI Models to Enterprises Worldwide,0.991,0.061,0.928,0.011
38,NVIDIA Brings Large Language AI Models to Enterprises Worldwide,0.991,0.06,0.929,0.011
39,"NVIDIA Quantum-2 Takes Supercomputing to New Heights, Into the Cloud",0.983,0.057,0.924,0.019
40,"NVIDIA Quantum-2 Takes Supercomputing to New Heights, Into the Cloud",0.988,0.061,0.921,0.017
41,Nvidia seeks to lead gold rush into the metaverse with new AI tools,0.0,0.0,1.0,0.0
42,"General Electric, Nvidia, Robinhood &amp; PayPal In Focus As Dow Futures Slip Lower - Stock Market Live",-0.103,0.0,0.945,0.055
43,"Market QB Sneak, Fed Musical Chairs, China's Warning, 'Targeting' AMD and Nvidia",0.503,0.042,0.943,0.015
44,Luminar Shares Surge on Deal to Supply Lidar Sensors to Nvidia,0.0,0.0,1.0,0.0
45,"Robinhood, PayPal, AMC, Nvidia and Mixed Markets - 5 Things You Must Know",0.459,0.116,0.847,0.037
46,AMD stock notches best day in 15 months after company wins Facebook business,0.813,0.219,0.781,0.0
