﻿,Titles,Polarity,Positive,Neutral,Negative
0,Why Nvidia Stock Jumped Today,0.296,0.109,0.891,0.0
1,Intel's Interest in GlobalFoundries Could Affect These 4 Chipmakers,0.718,0.084,0.896,0.019
2,Is NVIDIA (NVDA) Outperforming Other Computer and Technology Stocks This Year?,0.991,0.129,0.848,0.023
3,What's Next for Nvidia After Its Stock Split?,0.202,0.049,0.951,0.0
4,AMD Stock to $100 - Here Is How It Will Get There,0.44,0.108,0.892,0.0
5,Chip-Sector Investing: To Stock Pick or Not to Stock Pick?,0.44,0.153,0.847,0.0
6,"Biden's Spending Plan, Market Rally, Trading Nvidia, Netflix, Chipotle",0.796,0.112,0.888,0.0
