﻿,Titles,Polarity,Positive,Neutral,Negative
0,"Campbell Capital Management Inc Buys Norwegian Cruise Line Holdings, PayPal Holdings Inc, ...",0.995,0.06,0.937,0.004
1,Horst &amp; Graben Wealth Management LLC Buys Schwab U.S. ...,0.999,0.121,0.876,0.003
2,"Why Nvidia Stock Popped, Then Dropped, Today",-0.714,0.031,0.903,0.066
3,Hanson &amp; Doremus Investment Management Buys Vanguard ESG U.S. ...,0.996,0.059,0.934,0.007
4,"Pflug Koory, LLC Buys Vertex Pharmaceuticals Inc, Amgen Inc, NVIDIA Corp, Sells Adobe Inc, ...",0.993,0.052,0.943,0.006
5,"Top Stock Reports for NVIDIA, Chevron &amp; Accenture",0.999,0.182,0.769,0.049
6,How To Invest In Stocks: Navigate 2022 With This 3-Step Routine,0.7,0.225,0.775,0.0
7,3 Reasons Why Decentraland Will Continue to Do Well in 2022,0.998,0.094,0.896,0.01
8,"Capital CS Group, LLC Buys iShares MSCI USA ESG Optimized ETF, iShares ESG Advanced Total USD ...",0.998,0.083,0.908,0.01
9,"Blossom Wealth Management Buys Invesco BulletShares 2023 Corporate Bond ETF, iShares Gold ...",0.999,0.127,0.869,0.004
10,Is It Too Late to Buy Nvidia Stock?,0.805,0.105,0.895,0.0
11,Why Nvidia Could Crush AMD Once Again in 2022,0.692,0.084,0.9,0.016
12,Here Are the 3 Best Growth Stocks to Buy for 2022,0.915,0.212,0.788,0.0
13,"Aevitas Wealth Management, Inc. Buys Enbridge Inc, Mastercard Inc, Exxon Mobil Corp, Sells ARK ...",1.0,0.127,0.869,0.003
