﻿,Titles,Polarity,Positive,Neutral,Negative
0,"Mercadolibre (MELI) Incurs Loss in Q1, Beats on Revenues",0.997,0.121,0.859,0.019
1,Apple vs. Epic: Why cloud gaming became a huge topic in antitrust trial,0.44,0.095,0.905,0.0
2,Apple-Epic trial: Epic’s claim of stifled competition on cloud gaming offers compelling bookend to price-gouging charges,0.44,0.095,0.905,0.0
3,"Advanced Energy (AEIS) Q1 Earnings &amp; Revenues Beat, Rise Y/Y",1.0,0.203,0.762,0.034
4,"Advanced Energy (AEIS) Q1 Earnings &amp; Revenues Beat, Rise Y/Y",1.0,0.203,0.762,0.034
5,"Qorvo (QRVO) Q4 Earnings &amp; Revenues Beat Estimates, Up Y/Y",1.0,0.172,0.796,0.032
6,Silicon Motion (SIMO) Q1 Earnings &amp; Revenues Beat Estimates,0.997,0.111,0.874,0.015
7,Silicon Motion (SIMO) Q1 Earnings &amp; Revenues Beat Estimates,0.997,0.111,0.874,0.015
8,"Flex (FLEX) Q4 Earnings &amp; Revenues Beat Estimates, Up Y/Y",0.999,0.144,0.838,0.018
9,ANSYS (ANSS) Q1 Earnings and Revenues Surpass Estimates,0.998,0.124,0.867,0.009
10,ANSYS (ANSS) Q1 Earnings and Revenues Surpass Estimates,0.998,0.124,0.867,0.009
11,"HubSpot (HUBS) Beats on Q1 Earnings &amp; Revenues, Ups '21 View",0.997,0.094,0.902,0.004
12,"HubSpot (HUBS) Beats on Q1 Earnings &amp; Revenues, Ups '21 View",0.997,0.094,0.902,0.004
13,"CyberArk (CYBR) Q1 Earnings &amp; Revenues Beat Estimates, Up Y/Y",0.997,0.116,0.864,0.02
14,"CyberArk (CYBR) Q1 Earnings &amp; Revenues Beat Estimates, Up Y/Y",0.997,0.116,0.864,0.02
15,Twilio's (TWLO) Q1 Earnings and Revenues Beat Estimates,0.995,0.113,0.861,0.026
16,Semiconductor Sales Soar in Q1 on Increased Demand: 5 Winners,0.999,0.143,0.834,0.024
17,Semiconductor Sales Soar in Q1 on Increased Demand: 5 Winners,0.999,0.143,0.834,0.024
