﻿,Titles,Polarity,Positive,Neutral,Negative
0,Nvidia betting price hike won’t deter core gamers holding out for its next-gen chip,-0.128,0.0,0.947,0.053
1,"Nvidia says it’s in a ‘really good place’ for Lovelace gaming-card launch, but at what price?",-0.202,0.044,0.86,0.096
2,"Why Nvidia, Amazon, and Salesforce.com Fell Today",0.813,0.152,0.815,0.034
3,Nvidia Reveals New High-End Graphics Cards Amid Slumping Demand,0.153,0.035,0.94,0.025
4,"Nvidia Unveils New ‘Ada Lovelace’ Chips, but Questions Remain",0.542,0.175,0.762,0.063
5,Where to Buy AMD Stock on the Dip,0.799,0.27,0.73,0.0
6,Chipmaker Nvidia launches new system for autonomous driving,0.963,0.095,0.879,0.026
7,NVIDIA and Deloitte to Bring New Services Built on NVIDIA AI and Omniverse Platforms to the World’s Enterprises,0.998,0.102,0.888,0.01
8,NVIDIA and Deloitte to Bring New Services Built on NVIDIA AI and Omniverse Platforms to the World’s Enterprises,0.997,0.103,0.887,0.01
9,NVIDIA Announces OVX Computing Systems — the Graphics and Simulation Foundation for the Metaverse — Powered by Ada Lovelace GPU,0.982,0.05,0.937,0.013
10,NVIDIA Announces OVX Computing Systems — the Graphics and Simulation Foundation for the Metaverse — Powered by Ada Lovelace GPU,0.982,0.048,0.94,0.012
11,NVIDIA and Booz Allen Hamilton Expand Partnership to Bring AI-Enabled Cybersecurity to Public and Private Sectors,0.981,0.071,0.898,0.031
12,NVIDIA and Booz Allen Hamilton Expand Partnership to Bring AI-Enabled Cybersecurity to Public and Private Sectors,0.979,0.068,0.9,0.032
13,NVIDIA Hopper in Full Production,0.991,0.058,0.929,0.013
14,NVIDIA Hopper in Full Production,0.991,0.056,0.931,0.012
15,"The Broad Institute and NVIDIA Bring NVIDIA Clara to Terra Cloud Platform Serving 25,000 Researchers Advancing Biomedical Discovery",0.988,0.056,0.928,0.016
16,"The Broad Institute and NVIDIA Bring NVIDIA Clara to Terra Cloud Platform Serving 25,000 Researchers Advancing Biomedical Discovery",0.988,0.054,0.93,0.015
17,NVIDIA Launches Large Language Model Cloud Services to Advance AI and Digital Biology,0.989,0.061,0.927,0.012
18,NVIDIA Launches Large Language Model Cloud Services to Advance AI and Digital Biology,0.989,0.059,0.929,0.012
19,"NVIDIA Launches IGX Edge AI Computing Platform for Safe, Secure Autonomous Systems",1.0,0.138,0.849,0.013
20,"NVIDIA Launches IGX Edge AI Computing Platform for Safe, Secure Autonomous Systems",1.0,0.136,0.85,0.014
21,NVIDIA Jetson Orin Nano Sets New Standard for Entry-Level Edge AI and Robotics With 80x Performance Leap,0.994,0.081,0.903,0.016
22,NVIDIA Jetson Orin Nano Sets New Standard for Entry-Level Edge AI and Robotics With 80x Performance Leap,0.994,0.079,0.906,0.015
23,"NVIDIA Unveils DRIVE Thor — Centralized Car Computer Unifying Cluster, Infotainment, Automated Driving, and Parking in a Single, Cost-Saving System",0.997,0.096,0.889,0.015
24,"NVIDIA Unveils DRIVE Thor — Centralized Car Computer Unifying Cluster, Infotainment, Automated Driving, and Parking in a Single, Cost-Saving System",0.998,0.1,0.884,0.016
25,NVIDIA Launches Omniverse Cloud Services for Building and Operating Industrial Metaverse Applications,0.994,0.067,0.924,0.009
26,NVIDIA Launches Omniverse Cloud Services for Building and Operating Industrial Metaverse Applications,0.994,0.067,0.924,0.009
27,"Nvidia unveils new gaming chip with AI features, taps TSMC for manufacturing",0.872,0.065,0.91,0.025
28,NVIDIA’s New Ada Lovelace RTX GPU Arrives for Designers and Creators,0.995,0.085,0.901,0.013
29,NVIDIA’s New Ada Lovelace RTX GPU Arrives for Designers and Creators,0.995,0.084,0.903,0.013
30,"NVIDIA Delivers Quantum Leap in Performance, Introduces New Era of Neural Rendering With GeForce RTX 40 Series",0.997,0.068,0.92,0.011
31,NVIDIA Introduces DLSS 3 With Breakthrough AI-Powered Frame Generation for up to 4x Performance,1.0,0.121,0.866,0.013
32,"NVIDIA Delivers Quantum Leap in Performance, Introduces New Era of Neural Rendering With GeForce RTX 40 Series",0.997,0.069,0.921,0.011
33,Lowe’s Tests Interactive Virtual Models of Two Stores,0.0,0.0,1.0,0.0
34,"Market Indigestion, Global Inflation, Auto Supply Chains, and Halloween Spending",0.052,0.101,0.806,0.093
35,"Uber System Breach Culprits Are Likely The Ones Behind Microsoft, Nvidia And Okta Hack",0.964,0.149,0.783,0.068
36,Nvidia Just Lost One of Its Oldest Partners,0.402,0.066,0.934,0.0
