﻿,Titles,Polarity,Positive,Neutral,Negative
0,"Retail Profit, Tech Reports, Mortgage Demand: 3 Things to Watch",0.968,0.095,0.867,0.038
1,"Dow Jones Reverses Lower As Nvidia, Tesla Turn Red; Hot IPO Stocks Roblox, UiPath In Focus After Breakouts",-0.296,0.0,0.919,0.081
2,Nvidia Poised for Strong Q1 Earnings: ETFs to Soar,0.999,0.166,0.812,0.022
3,"Dow Jones Erases Gains As Nvidia, Tesla Turn Lower; Hot IPO Stocks Roblox, UiPath In Focus After Breakouts",-0.296,0.0,0.919,0.081
4,"Dow Jones Flattens As Nvidia, Tesla Turn Lower; Hot IPO Stocks Roblox, UiPath In Focus After Breakouts",-0.296,0.0,0.919,0.081
5,"Solid Gaming, Data-Center Demand to Aid NVIDIA (NVDA) Q1 Earnings",0.999,0.149,0.836,0.015
6,Markets Await Economic Data,0.991,0.115,0.876,0.008
7,US STOCKS-Wall St set to rise as tech stocks lifted by lower bond yields,0.956,0.073,0.894,0.033
8,Nvidia's Charts Show Support for Further Gains,0.586,0.12,0.844,0.036
9,Could Stock Splits Send the Stock Market to a New High?,-0.273,0.0,0.96,0.04
10,Morning Bell With Jim Cramer: Beyond Meat Could Be Next Meme Stock,0.0,0.0,1.0,0.0
11,Nvidia Reports Earnings Wednesday. Videogame Numbers Hold the Key to the Stock.,0.0,0.0,1.0,0.0
12,"Premarket Movers Tuesday - Lordstown, Shake Shack, United Airlines",0.273,0.151,0.757,0.092
