﻿,Titles,Polarity,Positive,Neutral,Negative
0,Chipmaker stocks are going to be ‘the key’ to reading the market: analyst,-0.777,0.031,0.928,0.041
1,Nvidia (NVDA) Outpaces Stock Market Gains: What You Should Know,0.996,0.129,0.871,0.0
2,Dow Jones Futures: Tech Stocks Jump Ahead Of Fed Meeting; Tesla Slides Despite Earnings Beat,0.0,0.0,1.0,0.0
3,"Top Stock Picks for Week of April 26, 2021",0.998,0.198,0.799,0.003
4,A Trio of High Ebitda Margin Ratio Stock Picks,0.997,0.136,0.826,0.038
5,These Top Hedge Funds are Buying Coinbase and Other Bitcoin Stocks,0.999,0.098,0.885,0.016
6,"Dow Jones Rallies As Bitcoin Surges Above $54,000; Tesla Jumps Before Earnings, While Coinbase Climbs",0.0,0.0,1.0,0.0
7,Should you buy Nvidia stock? Here are the key numbers to look at now,0.34,0.083,0.884,0.033
8,"Dow Rallies As Bitcoin Surges Above $54,000; Tesla Jumps Before Earnings, While Coinbase Climbs",0.0,0.0,1.0,0.0
9,"Investment Arm of World's Second-Largest Reinsurer Swoops In On Nio, Tesla Stock In Q1",0.989,0.138,0.847,0.015
10,10 Best High Yield Dividend Stocks to Buy According to Billionaire Jim Simons,1.0,0.144,0.837,0.019
11,10 Best High Yield Dividend Stocks to Buy According to Billionaire Jim Simons,1.0,0.144,0.837,0.019
12,The Zacks Rank Explained: How to Find Strong Buy Computer and Technology Stocks,0.998,0.125,0.861,0.015
13,Global chip shortage hit these 169 industries: GS,0.951,0.046,0.931,0.023
14,NVIDIA's Bid for Arm Still Needs to Clear These 5 Hurdles,0.813,0.144,0.856,0.0
15,5 Robotics Stocks to Shine on Disruptive Innovation,0.999,0.152,0.824,0.024
16,5 Robotics Stocks to Shine on Disruptive Innovation,0.999,0.152,0.824,0.024
