﻿,Titles,Polarity,Positive,Neutral,Negative
0,Weekly Roundup,0.0,0.0,1.0,0.0
1,"Novartis Looks Appealing, Based on Drug Pipeline and Planned Spinoff",-0.296,0.115,0.765,0.12
2,"Why Nvidia, AMD, and Applied Materials Stocks Dropped Today",-0.178,0.065,0.884,0.051
3,NVIDIA (NVDA) Stock Showing Resilience After Missing Earnings Estimates,0.782,0.101,0.823,0.076
4,"Nvidia Lowers Its Guidance Again, But More Trouble Lies Ahead",-0.618,0.064,0.741,0.195
5,"Stock Market Rally Extends Pullback On Powell Speech; Nvidia, Salesforce In Focus: Weekly Review",-0.262,0.074,0.812,0.114
6,"Stock Market Today: Dow Sheds 1,000 Points as Tough Talking Powell Tanks Tech",0.813,0.067,0.873,0.06
7,S&amp;P 500 Slumps as Powell Triggers Ugly Tech Selloff,0.788,0.068,0.872,0.06
8,"Company News for Aug 26, 2022",0.981,0.208,0.763,0.029
9,NVIDIA Forgot That Crypto Crashes Are Bad for Business,-0.813,0.0,0.797,0.203
10,Twilio Hackers Target DoorDash: Report,0.843,0.086,0.865,0.049
11,5 Red Flags for Nvidia's Future,0.0,0.0,1.0,0.0
12,Is Nvidia Still a Good Stock to Buy?,0.21,0.074,0.926,0.0
13,Marvell Stock Slides on Soft Sales Forecast,0.477,0.19,0.75,0.06
