﻿,Titles,Polarity,Positive,Neutral,Negative
0,Amtech Systems (ASYS) Beats Q2 Earnings and Revenue Estimates,0.995,0.096,0.894,0.01
1,11 Best Vanguard Stocks to Buy Now,1.0,0.11,0.862,0.027
2,"Market check: Energy outperforms, Big Tech stocks slide",0.586,0.05,0.926,0.024
3,More Delays Are Incoming for This Semiconductor Giant,0.0,0.0,1.0,0.0
4,"3 Stocks That Can Turn $10,000 Into $50,000 by 2025",0.772,0.092,0.876,0.032
5,Stock Market Sell-Off: 3 Top Growth Stocks to Buy and Hold in May (and Beyond),-0.59,0.023,0.845,0.132
6,Don’t Buy Nvidia Until the Downtrend Turns,0.958,0.087,0.859,0.054
7,Bull of the Day: Cadence Design Systems (CDNS),0.999,0.157,0.828,0.015
