﻿,Titles,Polarity,Positive,Neutral,Negative
0,Dow Jones Futures: Is The Stock Market Rally Over? What To Do Now,-0.44,0.0,0.879,0.121
1,Why Nvidia Stock Dropped Again Today,-0.61,0.057,0.845,0.098
2,"Nvidia Stock Surged on Analyst’s Cloud Computing Report, Then Sputtered Again",0.998,0.109,0.862,0.029
3,Is Nvidia a Buy Despite Its High Valuation?,0.024,0.058,0.9,0.042
4,Analysts are Recommending These 10 Stocks for 2022,1.0,0.159,0.817,0.024
5,2 Semiconductor Stocks to Watch During This Decline,0.586,0.1,0.9,0.0
6,"Dow Jones Dives 600 Points As Omicron Fears Rise; Moderna Jumps, But Apple, Nvidia, Tesla Drop",-0.422,0.0,0.865,0.135
7,What You Need To Know About NVIDIA Corporation's (NASDAQ:NVDA) Investor Composition,0.994,0.085,0.885,0.03
8,"Dow Jones Dives As Omicron Fears Rise; Moderna Jumps, But Apple, Nvidia, Tesla Drop",-0.422,0.0,0.865,0.135
9,Jim Cramer’s Most Favorite Tech Stocks to Buy Now,1.0,0.121,0.869,0.01
10,"Dow Jones Futures Sell Off As Omicron Fears Rise; Moderna Jumps, But Apple, Nvidia, Tesla Set To Fall",-0.226,0.0,0.913,0.087
11,2 Growth Stocks That Outperformed Tesla and Bitcoin in 2021,0.848,0.15,0.85,0.0
12,"Nvidia Stock Still Has Valuation Problems, But Its Future Looks Bright",0.999,0.152,0.801,0.046
