﻿,Titles,Polarity,Positive,Neutral,Negative
0,"Nvidia: Despite Gaming Weakness, Risk-Reward Attractive Right Now, Says Top Analyst",0.966,0.094,0.85,0.056
1,Coinbase (COIN) Analysts: “Q2 Wasn’t So Bad!”,0.999,0.126,0.847,0.027
2,Why semiconductor stocks should be avoided for now: Analyst,-0.716,0.054,0.883,0.063
3,Investors 'can't really separate' inflation and job market prints: Strategist,0.296,0.066,0.934,0.0
4,The 7 Best Mutual Funds for Your 401k,0.999,0.116,0.862,0.022
5,Nvidia is just one symptom the PC boom is officially over,0.983,0.064,0.906,0.03
6,Did Micron Technology and Nvidia Break the Semiconductor Market?,0.0,0.0,1.0,0.0
7,"Semiconductor Stock Plunge: Buy, Sell or Hold?",0.988,0.107,0.826,0.068
8,Micron Warning Rattles Chip Stocks,-0.128,0.079,0.787,0.135
9,What Happens To The S&amp;P 500 This Month? 7 Stocks Are The Best,-0.228,0.0,0.899,0.101
10,Nvidia Stock: Panic or Opportunity? Is It a Buy Now?,0.34,0.121,0.819,0.06
11,Bearish: Analysts Just Cut Their NVIDIA Corporation (NASDAQ:NVDA) Revenue and EPS estimates,0.995,0.11,0.853,0.037
12,Top Millennial Stock Pick Tesla's CEO Musk Sells Billions In TSLA Shares To Prep For Twitter Deal,0.287,0.097,0.903,0.0
