﻿,Titles,Polarity,Positive,Neutral,Negative
0,Nvidia (NVDA) Dips More Than Broader Markets: What You Should Know,0.991,0.094,0.894,0.012
1,"The Zacks Analyst Blog Highlights NVIDIA, Micron, Taiwan Semiconductor Company, Advanced Micro Devices and Texas Instruments",0.993,0.099,0.847,0.055
2,Cisco Falls Prey To Cyber Breach Linked To Lapsus$: Report,0.333,0.108,0.797,0.096
3,Stable Fundamentals and U.S. Backing may Offset Micron's (NASDAQ:MU) Growth Revision,0.995,0.098,0.851,0.051
4,New Strong Sell Stocks for August 11th,0.952,0.107,0.881,0.012
5,My Take: 3 Strong Growth Stocks to Buy This Week,0.96,0.183,0.793,0.024
6,"Got $5,000? 2 Microchip Stocks You Need in Your Portfolio",0.382,0.076,0.924,0.0
7,The Curious Reason Nvidia Stock Popped Today,0.839,0.202,0.71,0.088
