﻿,Titles,Polarity,Positive,Neutral,Negative
0,Weekly Roundup,-0.039,0.041,0.913,0.046
1,The CHIPS Act is 'intertwined with the president's larger fiscal agenda': Expert,-0.25,0.0,0.938,0.063
2,Commerce secretary: Chipmakers moving to other countries ‘will be irreparable’,0.625,0.118,0.882,0.0
3,Single-stock focused ETF launches in the U.S.,0.361,0.082,0.918,0.0
4,Goldman cuts 2023 earnings forecast for chip stocks ahead of CHIPS Act vote,-0.273,0.117,0.673,0.211
5,"Wall Street’s Calls on Chip Makers’ Earnings Are Way Too High, Goldman Warns",-0.354,0.101,0.717,0.182
6,"Why Nvidia, Meta Platforms, and Salesforce Stocks Rallied on Friday",0.608,0.086,0.885,0.029
7,"Stocks rise as traders mull earnings, favorable consumer data",0.0,0.0,1.0,0.0
8,Investors Heavily Search NVIDIA Corporation (NVDA): Here is What You Need to Know,0.999,0.129,0.863,0.008
9,3 Top Tech Stocks to Buy for the Long Haul,0.772,0.119,0.867,0.014
10,Nvidia Stock Is a Buy Ahead of Its Q2 Earnings Report,0.988,0.091,0.863,0.046
11,Nvidia Does Some Future-Proofing and Expands Its Quantum Computing Development,0.0,0.0,1.0,0.0
