﻿,Titles,Polarity,Positive,Neutral,Negative
0,"Dow Jones Futures: Stock Market Rally Revs Higher, Google, Microsoft Flash Buy Signals; What To Do Now",0.422,0.109,0.891,0.0
1,"Semiconductor stocks, led by Nvidia, were on fire Tuesday. Here’s the breakdown",0.34,0.146,0.854,0.0
2,Why Intel is unloading Mobileye,0.992,0.091,0.903,0.006
3,7 Web3 Stocks to Buy if You’re Betting on a Blockchain-Based Internet,1.0,0.137,0.81,0.053
4,Is Tesla Inc. (TSLA) A Good Stock To Buy Now?,0.999,0.123,0.865,0.013
5,How the Metaverse Helped Send Nvidia Stock Surging Higher on Tuesday,0.402,0.127,0.773,0.1
6,"Market check: Tech, travel stocks get a boost in early trading",-0.422,0.0,0.891,0.109
7,10 Monthly Dividend Stocks to Buy in December,0.999,0.106,0.871,0.023
8,2 Top Metaverse Stocks Ready for a Bull Run,0.832,0.147,0.853,0.0
9,Is NVIDIA (NVDA) a Great Growth Stock?,0.995,0.202,0.793,0.004
10,Should You Invest in the Invesco Dynamic Semiconductors ETF (PSI)?,0.995,0.117,0.85,0.033
11,"The Zacks Analyst Blog Highlights: Microsoft, NVIDIA, Medtronic, The Progressive and Vertex Pharma",0.997,0.129,0.845,0.026
12,Intel Jumps on Plans to List Self-Driving Car Unit Mobileye,-0.735,0.033,0.905,0.063
13,Here is What Hedge Funds Think About Taiwan Semiconductor Mfg. Co. Ltd. (TSM),0.998,0.108,0.869,0.023
