﻿,Titles,Polarity,Positive,Neutral,Negative
0,"Stocks in My Hood: AMD, SQ, NVDA",0.999,0.136,0.819,0.045
1,NVIDIA Sets Conference Call for Second-Quarter Financial Results,0.878,0.048,0.945,0.007
2,NVIDIA Sets Conference Call for Second-Quarter Financial Results,0.878,0.045,0.949,0.007
3,Why Nvidia Stock Popped Today,0.915,0.131,0.856,0.012
4,Why AMD Stock Jumped to a New All-Time High Today,0.718,0.121,0.879,0.0
5,AMD Stock Is Rallying Again. Here’s Why This Time.,0.671,0.316,0.575,0.109
6,"The metaverse is coming, but Big Tech’s latest obsession needs safeguards",0.993,0.093,0.86,0.047
7,The U.K. Is Considering Blocking Nvidia’s Takeover of Arm. Could It Really Happen?,-0.077,0.104,0.779,0.117
8,"Stock Market Today With Jim Cramer: Nvidia Is a Buy, Arm Deal or Not",0.0,0.0,1.0,0.0
9,Advanced Micro Devices Stock Headed for Sixth Straight High,0.178,0.114,0.802,0.084
10,"Got $1,000? 2 Unstoppable Stocks to Buy Right Now",0.807,0.148,0.828,0.024
11,Tech Companies Are Facing a Global Chip Shortage: 5 Tips for Investors,-0.902,0.055,0.719,0.226
12,Robinhood Stock Is Soaring. Cathie Wood May Be Right.,0.34,0.084,0.872,0.044
13,"Nvidia, Zymergen, General Motors and Roku - 5 Things You Must Know Wednesday",0.0,0.0,1.0,0.0
14,PRESS DIGEST- Financial Times - Aug. 4,0.878,0.088,0.879,0.033
