﻿,Titles,Polarity,Positive,Neutral,Negative
0,"Delta pilots plan to picket, Nvidia and AMD hit 52-week lows, UBS reaffirms Peloton ‘sell’ rating",0.511,0.096,0.904,0.0
1,Let's Process Nvidia's New Low,0.0,0.0,1.0,0.0
2,"Stock Market Today: Dow Climbs, But Powell's Tough Inflation Talk Stokes Fears",-0.959,0.106,0.763,0.132
3,Why Nvidia Stock Slumped on Wednesday,-0.511,0.031,0.863,0.106
4,Make FUBO Stock a Great Bet on Going Long,0.995,0.117,0.838,0.045
5,"Chip stocks fall, cruise stocks weigh on travel sector, Peloton stock touches new low",0.0,0.0,1.0,0.0
6,Siemens and NVIDIA to enable industrial metaverse,0.982,0.059,0.922,0.019
7,2 Unstoppable Stocks to Buy and Forget,-0.128,0.022,0.947,0.031
8,S&amp;P 500 Flat as Powell Reiterates Inflation Fight Despite Slip in U.S. Growth,-0.912,0.118,0.748,0.134
9,AMD's Versal AI Core Powers Real-Time AI Processing for Canon,0.997,0.136,0.849,0.014
10,Siemens and Nvidia collaborate to expand digital services,0.959,0.068,0.925,0.007
11,Siemens and NVIDIA to Enable Industrial Metaverse,0.994,0.079,0.909,0.012
12,"McCormick cuts outlook, General Mills tops earnings estimates, Shopify stock split goes into effect",0.0,0.0,1.0,0.0
13,2 Reasons to Buy Nvidia and 1 Reason to Sell,0.346,0.094,0.83,0.077
14,"Technical Analysis: 3 Clues To Look For In Amazon, Nvidia, Netflix",0.0,0.0,1.0,0.0
15,"Understanding Chart Patterns: Lessons From Nvidia, Netflix, Meta",0.0,0.0,1.0,0.0
16,2 Top Stocks That Pay You to Own Them,0.844,0.14,0.86,0.0
17,Why AMD and Nvidia Were Down Big on Tuesday,-0.691,0.056,0.728,0.216
18,Intel Should Slash Its Dividend. The Chip Maker’s Future May Depend on It.,0.557,0.18,0.82,0.0
