﻿,Titles,Polarity,Positive,Neutral,Negative
0,Nvidia (NVDA) Outpaces Stock Market Gains: What You Should Know,0.993,0.116,0.859,0.025
1,"The PC sales boom has finally gone bust, and chip stocks are taking the hit",0.971,0.082,0.857,0.061
2,The 100 Best Companies to Work for Are Great Stocks to Buy in a Crisis,0.0,0.0,1.0,0.0
3,Better Buy: Nvidia vs. Micron Technology,0.064,0.098,0.795,0.107
4,2 Monster Growth Stocks That Could Lead a Market Rebound in the Second Half of 2022,0.459,0.078,0.887,0.035
5,2 Stocks I'm Buying in the Second Half of 2022,0.361,0.116,0.826,0.057
