﻿,Titles,Polarity,Positive,Neutral,Negative
0,NVIDIA Announces Upcoming Events for Financial Community,0.938,0.072,0.928,0.0
1,NVIDIA Announces Upcoming Events for Financial Community,0.938,0.074,0.926,0.0
2,Nvidia Sees Its Composite Rating Rise To 97,0.265,0.053,0.947,0.0
3,"NVIDIA Bets On Miners, Promises Top Cards Won't Limit Ethereum Hashrate",-0.405,0.044,0.891,0.065
4,"AMD partners with Tesla, Nvidia announces next gen gaming chip",-0.25,0.0,0.9,0.1
5,10 Best Stocks to Buy According to Billionaire Carl Icahn,0.999,0.104,0.882,0.014
6,10 Best Stocks to Buy According to Billionaire Carl Icahn,0.999,0.104,0.882,0.014
7,"Graphics-Chip Maker Nvidia Touts Gaming, AI Advancements",0.477,0.193,0.807,0.0
8,Why NVIDIA Corporation (NVDA) Could Be an Impressive Growth Stock,0.998,0.201,0.795,0.003
9,"The Zacks Analyst Blog Highlights: Riot Blockchain, NVIDIA, PayPal and Square",0.997,0.109,0.851,0.041
10,"Dow Jones Futures Rise As Market Rally Gains Steam; Nvidia, Google Are Buys; Tesla Rivals Nio, Xpeng Report Sales",0.422,0.118,0.882,0.0
11,NVIDIA AI Enterprise Software Drives New Wave of Certified Systems from World’s Leading Manufacturers,0.988,0.062,0.922,0.016
12,NVIDIA AI Enterprise Software Drives New Wave of Certified Systems from World’s Leading Manufacturers,0.988,0.063,0.92,0.017
13,NVIDIA Base Command Platform Provides Enterprises with Fast Path to Scale Production AI,0.997,0.096,0.887,0.017
14,NVIDIA Base Command Platform Provides Enterprises with Fast Path to Scale Production AI,0.997,0.098,0.885,0.017
15,It’s Time for Ti: NVIDIA Introduces Gaming Flagship — the GeForce RTX 3080 Ti,0.997,0.093,0.887,0.02
16,It’s Time for Ti: NVIDIA Introduces Gaming Flagship — the GeForce RTX 3080 Ti,0.997,0.092,0.889,0.019
17,"NVIDIA RTX Titles Jump to 130 on Widespread Industry Adoption of Ray Tracing, NVIDIA DLSS",0.993,0.087,0.882,0.032
18,"NVIDIA RTX Titles Jump to 130 on Widespread Industry Adoption of Ray Tracing, NVIDIA DLSS",0.993,0.088,0.88,0.032
