﻿,Titles,Polarity,Positive,Neutral,Negative
0,"Market check: Dow rallies, Nvidia hit with potential cyberattack",0.0,0.0,1.0,0.0
1,Nvidia reportedly hit by cyberattack; chip maker says it is ‘investigating’,0.0,0.0,1.0,0.0
2,Wait for Intel’s Turnaround to Really Take Hold Before Buying,0.992,0.082,0.885,0.033
3,Chipmaker Nvidia Suffers a Major Blow,-0.318,0.089,0.729,0.182
4,10 Cryptocurrencies to Watch Amid Russia’s Attack on Ukraine,0.999,0.121,0.848,0.032
5,Arm’s new chief orders leadership cull ahead of IPO,0.999,0.111,0.839,0.049
6,Tech stock winners that may 'power through' inflation and other market risks,-0.052,0.163,0.7,0.137
7,Chip giant Nvidia reportedly hit by cyberattack,0.0,0.0,1.0,0.0
8,UPDATE 2-Chipmaker Nvidia investigates potential cyberattack,0.82,0.089,0.858,0.054
9,Chipmaker Nvidia investigates potential cyberattack,0.82,0.091,0.854,0.055
10,US microchip powerhouse Nvidia hit by cyber attack,-0.954,0.06,0.847,0.094
11,"Chip supply concerns tilted toward ‘what’s happening in China,’ strategist says",0.0,0.0,1.0,0.0
12,Nvidia (NVDA) Just Overtook the 200-Day Moving Average,0.987,0.166,0.826,0.009
13,10 Stocks to Buy Now According to Hari Hariharan’s NWI Management,1.0,0.131,0.86,0.009
14,"Got $5,000? 3 Tech Stocks to Buy and Hold For the Long Term",0.718,0.067,0.933,0.0
15,"If You Invested $1000 in Nvidia 10 Years Ago, This Is How Much You'd Have Now",0.999,0.156,0.821,0.023
16,5 Autonomous Vehicles Stocks to Buy as Nvidia-Jaguar Deal Revs Up,1.0,0.134,0.853,0.014
