﻿,Titles,Polarity,Positive,Neutral,Negative
0,7 Sector Index Funds To Keep On Your Radar,0.999,0.09,0.905,0.005
1,"Top Research Reports for NVIDIA, Accenture &amp; Goldman Sachs",1.0,0.227,0.742,0.031
2,March Madness on Wall Street: stocks to watch,0.077,0.091,0.826,0.083
3,Why Is Nvidia (NVDA) Down 5.8% Since Last Earnings Report?,0.995,0.08,0.895,0.026
4,"The Zacks Analyst Blog Highlights: Dynatrace, NVIDIA, Apple, Cerence and Microsoft",1.0,0.14,0.844,0.016
5,5 Semiconductor Stocks to Buy as Supply Shortage Spurs Demand,0.999,0.131,0.825,0.044
