﻿,Titles,Polarity,Positive,Neutral,Negative
0,Dow Jones Futures: Stock Market Whipsaws Amid Russia Crude Oil Ban; Apple Slides After iPhone Event,-0.905,0.0,0.616,0.384
1,NVIDIA Announces Investor Day for Financial Community,0.938,0.069,0.931,0.0
2,NVIDIA Announces Investor Day for Financial Community,0.938,0.069,0.931,0.0
3,"Dow, S&amp;P 500 turn lower as trading day ends",0.273,0.077,0.923,0.0
4,Stocks up amid U.S. ban on Russian oil imports,0.318,0.071,0.929,0.0
5,6 Semiconductor Stocks Worth Holding Long-Term,0.599,0.107,0.853,0.04
6,"Why Nvidia, Micron, and AMD Stocks Popped Tuesday",0.84,0.169,0.801,0.03
7,How Berkshire Hathaway Could Use Its $144 Billion,0.0,0.0,1.0,0.0
8,5 Stocks to Get Your Feet Wet in Emerging AI,0.908,0.217,0.745,0.039
9,"Putin’s invasion of Ukraine ‘isn’t going to be painless,’ U.S. Commerce Secretary says",-0.71,0.0,0.848,0.152
10,"Top Analyst Reports for Microsoft, Amazon &amp; NVIDIA",0.999,0.175,0.786,0.039
11,Bull Of The Day: NVIDIA (NVDA),0.997,0.102,0.879,0.019
12,"Zacks.com featured highlights include J.B. Hunt Transport Services, Archer-Daniels-Midland, NVIDIA, Tractor Supply and AmerisourceBergen",0.998,0.151,0.836,0.014
13,Why Micron (MU) May Be a Good Bet Amid Highly Volatile Market,0.999,0.151,0.835,0.014
14,5 Semiconductor Growth Stocks to Buy Now and Hold,0.318,0.133,0.867,0.0
15,1 Massive Reason Nvidia's Tearing Growth Will Continue,0.953,0.204,0.796,0.0
16,"Nvidia, Samsung Face Huge Cyber Attack; You Could Be Next",-0.706,0.0,0.935,0.065
