﻿,Titles,Polarity,Positive,Neutral,Negative
0,Nvidia Stock Could Rise 45%,0.994,0.112,0.884,0.004
1,"Stocks end the week mixed, energy and financials among the biggest leaders",0.0,0.0,1.0,0.0
2,"Markets: Stocks mixed, U.S. dollar rallies, tech shares lag",0.937,0.076,0.895,0.029
3,10 Consumer Technology Stocks to Invest In According to Ken Fisher,1.0,0.134,0.839,0.027
4,Meta (FB) Plans to Introduce Virtual Coins to Diversify Income,0.999,0.149,0.842,0.008
5,Why Nvidia Stock Continued to Slump on Friday,-0.477,0.059,0.828,0.113
6,"The Zacks Analyst Blog Highlights NVIDIA, The Coca-Cola,Thermo Fisher Scientific, Salesforce, and SAP",0.998,0.121,0.853,0.026
7,"Here's Why Truist Slashed Price Targets On AMD, Intel, Nvidia",0.587,0.093,0.819,0.088
8,"Zacks.com featured highlights include The Kroger, NVIDIA, Jones Lang LaSalle, Paychex and McKesson",1.0,0.161,0.825,0.013
9,Nvidia Believes This Is a $300 Billion Opportunity,0.743,0.181,0.819,0.0
10,"Nvidia, AMD, and Intel Price Targets Are Cut. This Analyst Sees Semiconductor Demand Slowing.",-0.925,0.024,0.806,0.17
11,Missed Out on Nvidia? 2 AI Growth Stocks to Buy Now,0.728,0.138,0.833,0.029
12,Artificial Intelligence Is Here; 2 ‘Strong Buy’ Stocks That Stand to Benefit,0.999,0.12,0.855,0.025
13,"Will New Buys By The Best Mutual Funds Prop Up These Big-Name, But Pressured Stocks?",0.637,0.154,0.846,0.0
14,Why Nvidia's Largest Business Will Keep Growing,0.93,0.191,0.809,0.0
15,7 Hypergrowth Tech Stocks to Buy Before They Rocket,1.0,0.137,0.839,0.023
16,3 Unstoppable Stocks You Can Buy and Hold for the Next Decade (and Beyond),0.82,0.189,0.811,0.0
