﻿,Titles,Polarity,Positive,Neutral,Negative
0,"Top Stock Picks for Week of July 19, 2021",0.994,0.162,0.834,0.004
1,Markets Shed July Gains in One Day: Dow -725 Points,0.996,0.122,0.846,0.031
2,Dow Jones Sinks 725 Points Amid Covid Delta Variant Fears; Virgin Galactic Blasts Off; AMC Dips,-0.422,0.0,0.887,0.113
3,Market Recap: Monday July 19,0.66,0.097,0.903,0.0
4,Why Nvidia Stock Bounced Back Like a Superball Today,0.965,0.204,0.796,0.0
5,NVIDIA Rips Higher Into Stock Split. Former NYSE Trader Says Buy It.,0.951,0.058,0.921,0.02
6,Nvidia Stock’s Surge Makes Chip Maker 10th-Biggest U.S. Listed Company,0.66,0.225,0.775,0.0
7,Nvidia Stock Makes Strong Move Higher as Peers Tumble in Monday's Market Swoon,0.893,0.154,0.846,0.0
8,Should Franklin LibertyQ U.S. Equity ETF (FLQL) Be on Your Investing Radar?,0.994,0.103,0.87,0.027
9,"$10,000 Invested in These Growth Stocks Could Make You a Fortune Over the Next 10 Years",0.875,0.256,0.7,0.044
10,"Dow Jones Futures Fall: Indexes Weaken, But Stock Market Reality Worse; Tesla FSD, OPEC+ Deal, Zoom Video In Focus",0.202,0.184,0.703,0.113
