﻿,Titles,Polarity,Positive,Neutral,Negative
0,Nvidia Is Gaining on AMD in 1 Key Area. What It Means for the Stocks.,0.511,0.17,0.83,0.0
1,"AMC rallies, Zoom pops, Nvidia hits a record, Tesla drops",0.0,0.0,1.0,0.0
2,10 Best Cryptocurrencies to Invest in According to Hedge Funds,1.0,0.139,0.844,0.016
3,Is NVIDIA Corp. (NVDA) A Smart Long-Term Buy?,1.0,0.122,0.844,0.034
4,Nvidia Stock And Options Trading; Can This Bull Put Spread Deliver An 85% Return?,0.844,0.164,0.812,0.024
5,S&amp;P 500 in Holding Pattern Ahead of Jobs Report; AMC Hits Record High,0.935,0.066,0.905,0.029
6,"Dow Jones Rallies As AMC Stock Soars 40%; Tesla Skids On Recall, Zoom Video Reverses On Earnings",0.0,0.0,1.0,0.0
7,Is NVIDIA (NVDA) Stock Outpacing Its Computer and Technology Peers This Year?,0.992,0.116,0.879,0.004
8,"Dow Jones Rallies As AMC Stock Soars 30%; Tesla Slides On Recall, Zoom Video Reverses On Earnings",0.0,0.0,1.0,0.0
9,Ignore Dogecoin -- These 3 Unique Stocks Are Infinitely Better Buys,0.852,0.392,0.608,0.0
10,Top Ranked Growth Stocks to Buy for June 2nd,0.996,0.127,0.873,0.0
11,S&amp;P 500 Flat as Materials Slip; AMC Rockets on Meme Mania,0.983,0.096,0.876,0.028
12,How To Trade Growth Stocks: This IBD Rating Tells You What Stocks The Funds Are Buying Heavily,0.66,0.234,0.766,0.0
13,Nvidia CEO Optimistic Over Regulatory Support for Arm Acquisition: Bloomberg,0.927,0.088,0.896,0.015
14,Nvidia CEO Says Confident of Getting Regulators OK for Arm Deal,0.946,0.073,0.898,0.029
