﻿,Titles,Polarity,Positive,Neutral,Negative
0,10 Cryptocurrencies Redditors Will Never Buy Again,0.975,0.075,0.871,0.053
1,7 Electric Vehicle Stocks Trading at a Discount Right Now,0.999,0.117,0.868,0.015
2,Can Nvidia Stock Get Out of This Slump?,0.077,0.102,0.781,0.117
3,STM vs. NVDA: Which Stock Is the Better Value Option?,0.999,0.259,0.736,0.004
4,Is Nvidia Stock a Buy Now?,0.7,0.091,0.89,0.019
5,3 Humbled Nasdaq Stocks Ready to Bounce Back,0.151,0.176,0.656,0.167
6,Don't Want to Miss Out on the Metaverse? Buy This Stock Right Now,0.511,0.148,0.852,0.0
7,Taiwan Is in the Spotlight. The Risk to Tech Investors Is Growing.,0.178,0.053,0.918,0.029
