﻿,Titles,Polarity,Positive,Neutral,Negative
0,"Stock Picks: Apple, Nvidia Reveal 7 Telltale Traits Of Winning Stocks",0.856,0.296,0.704,0.0
1,Why Nvidia Stock Slumped Today,-0.093,0.067,0.824,0.109
2,3 reasons why Apple stock is on fire,0.939,0.079,0.871,0.05
3,10 Stocks Trending on Robinhood,1.0,0.108,0.874,0.018
4,"Intel, AMD, and Stocks of Other Chip Makers Waver Despite Micron’s Upbeat Forecast",0.178,0.211,0.657,0.131
5,This #1 (Strong Buy) Computer and Technology Stock is a Smart Buy Right Now,0.994,0.172,0.825,0.003
6,Apple Explores Breakout As Top Funds Bet Big On AAPL Stock,0.318,0.141,0.859,0.0
7,What Nvidia's Booming Growth Means for Intel,0.026,0.013,0.987,0.0
8,"Why Tesla, Google, and Amazon want to do stock splits",0.612,0.157,0.756,0.087
9,"Why Tesla, Google, and Amazon want to do stock splits",0.997,0.161,0.811,0.028
10,Why Nvidia's 2 Smallest Segments Are Its Most Exciting,0.0,0.0,1.0,0.0
11,This Is One of the Highest-Conviction Stocks in my Portfolio,0.66,0.085,0.915,0.0
12,"Intel, AMD and Stocks of Other Chip Makers Slip Despite Micron’s Upbeat Forecast",0.178,0.211,0.657,0.131
13,Is Nvidia Stock A Buy? NVDA Stock Hits Buy Zone As Chip Giant Moves Metaverse To Cloud,0.0,0.0,1.0,0.0
