﻿,Titles,Polarity,Positive,Neutral,Negative
0,Raymond James: 2 Chip Giants to Buy Now (And 1 to Avoid),1.0,0.145,0.833,0.023
1,"Dow Jones Futures: Tesla, Nvidia Lead 'Hard Penny' Market Rally Retreat; IBM Flirts With Breakout, Netflix Near Buy With Earnings Due",-0.153,0.0,0.912,0.088
2,Tesla Vs. Nvidia: Which Stock Chart Looks Like The Better Buy?,0.986,0.101,0.899,0.0
3,"Dow Jones Futures: 'Hard Penny' Stock Market Rally Retreats With Tesla, Nvidia, Square; Netflix Near Buy Point With Earnings Due",-0.103,0.0,0.935,0.065
4,"US STOCKS-Wall Street slips off record highs, Tesla drops after fatal crash",0.813,0.08,0.861,0.059
5,Nvidia’s $40 Billion Takeover of Arm Faces U.K. National Security Probe,0.202,0.128,0.872,0.0
6,UK steps in on Nvidia's Arm takeover on security grounds,0.894,0.05,0.935,0.016
7,UK intervenes in $40bn Nvidia-Arm deal on national security grounds,0.995,0.115,0.88,0.005
8,Why Intel Investors Should Worry About NVIDIA's New Data Center Chips,-0.296,0.0,0.954,0.046
9,Nvidia’s $40 billion takeover of Arm faces U.K. national security probe,0.0,0.0,1.0,0.0
10,Tesla Drags Nasdaq Lower on Crash; NVIDIA Buy Faces Regulatory Challenge,0.898,0.138,0.862,0.0
11,"Dow Jones, S&amp;P 500 Ease From Record Highs; Coca-Cola Rises On Earnings; Nvidia, Tesla Stock Drag On Nasdaq",-0.25,0.07,0.82,0.109
12,UK invokes national security to probe Nvidia's ARM deal,0.919,0.07,0.925,0.005
13,UK government intervenes in Nvidia takeover of chip designer Arm,0.955,0.096,0.895,0.009
14,2 Stocks to Buy as Global PC Sales Boom,0.972,0.267,0.733,0.0
15,"Dow Jones, S&amp;P 500 Futures Ease From Record Highs; Coca-Cola Rises On Earnings; Nvidia, Tesla Stock Drag On Nasdaq",-0.25,0.07,0.82,0.109
16,UK intervenes in $40bn Nvidia-Arm deal on national security grounds,0.883,0.07,0.905,0.025
17,UK intervenes in Nvidia's takeover of ARM on security grounds,0.898,0.087,0.913,0.0
18,UPDATE 1-UK intervenes in Nvidia's takeover of ARM on security grounds,0.898,0.085,0.915,0.0
19,Here's How Much You'd Have If You Invested $1000 in Nvidia a Decade Ago,0.998,0.145,0.837,0.018
20,Nvidia Falls as U.K. Reviews Arm Deal on National Security Concern,0.813,0.109,0.872,0.018
21,20 Best Paying Summer Jobs for College Students,1.0,0.129,0.86,0.011
22,UK government to examine Nvidia’s $40bn Arm deal,0.735,0.081,0.919,0.0
23,UK opens security inquiry into Nvidia’s $40bn deal for Arm,0.807,0.103,0.897,0.0
