﻿,Titles,Polarity,Positive,Neutral,Negative
0,Job layoffs circulate throughout tech industry,0.977,0.079,0.889,0.032
1,"Chip Prices Are Plunging. What It Means for Nvidia, Intel, and AMD Stock.",-0.599,0.0,0.753,0.247
2,"Why Apple, Okta, and Nvidia Stocks Tumbled Today",0.128,0.096,0.804,0.1
3,Google slows pace of hiring as tech sector braces for more uncertainty,0.985,0.075,0.898,0.028
4,2 Dividend-Paying Tech Stocks to Buy Right Now,0.382,0.229,0.667,0.105
5,This Is How the Crypto Decline Is Affecting Nvidia's Stock,-0.333,0.099,0.782,0.119
6,What Do These Price Target Reductions Mean for AMD and Nvidia Investors?,-0.296,0.037,0.904,0.059
7,Best Stocks for 2022: Nvidia Has What It Takes to Bounce Back,0.979,0.084,0.86,0.056
8,Where Will Nvidia Be in 10 Years?,0.66,0.265,0.735,0.0
9,Earnings Season Brings Another Risk for Stocks—Shrinking Profit Margins,0.739,0.222,0.703,0.075
