﻿,Titles,Polarity,Positive,Neutral,Negative
0,"Achronix CEO Robert Blake On Going Public, Opportunities Ahead",0.999,0.122,0.869,0.008
1,"Achronix CEO Robert Blake On Going Public, Opportunities Ahead",0.999,0.122,0.869,0.008
2,Is Johnson &amp; Johnson (JNJ) Stock A Buy or Sell?,0.999,0.114,0.859,0.027
3,Is NVIDIA (NVDA) Stock A Buy or Sell?,0.997,0.091,0.887,0.022
4,Billionaire Izzy Englander’s Top 10 Stock Picks,1.0,0.126,0.841,0.034
5,Why NVIDIA Could Be a Huge Winner of the Ethereum Boom,0.0,0.0,1.0,0.0
6,"ByteDance Moves Into Semiconductors, Goes On Hiring Spree: Bloomberg",0.989,0.111,0.879,0.01
