﻿,Titles,Polarity,Positive,Neutral,Negative
0,"Dow Jones Falls; Ford Stock Passes Milestone, Tesla Gets Hammered; Nvidia Dives Despite This",-0.296,0.0,0.879,0.121
1,Investment Opportunity Breakdown: Video Game Stocks,1.0,0.132,0.829,0.039
2,Bill banning stock trading by lawmakers is 'fair for everyday people': Retail trader,0.898,0.058,0.901,0.041
3,7 Great Growth Stocks to Add to Your January Buy List,1.0,0.193,0.771,0.036
4,"Dow Jones Pressured; Ford Stock Passes Milestone, Tesla Stock Dips; Nvidia Dives Despite This",-0.296,0.0,0.885,0.115
5,1 Semiconductor Giant to Consider Buying Today,0.318,0.119,0.881,0.0
6,"Market check: Tech stocks lead Nasdaq, S&amp;P 500 lower",0.296,0.104,0.896,0.0
7,Why Nvidia Stock Dropped Today,-0.691,0.0,0.878,0.122
8,"First Citizens Financial Corp Buys PGIM Ultra Short Bond ETF, BTC BlackRock Short Maturity Bond ...",0.993,0.069,0.925,0.005
9,Hewlett Packard (HPE) to Streamline Brasfield &amp; Gorrie's Network,0.999,0.156,0.844,0.0
10,2 Critical Factors Driving Nvidia's Success in Autonomous Driving,0.802,0.102,0.872,0.027
11,Intel (INTC) to Power Turkey E-Commerce Platform for SMEs,0.999,0.139,0.842,0.018
12,4 Reasons to Invest in Nvidia's AI in 2022,0.832,0.156,0.809,0.036
13,Why Intel Stock Will Rise Further Going Forward,0.999,0.141,0.839,0.019
14,7 Amazing Companies to Watch in 2022,0.925,0.266,0.734,0.0
15,7 Dividend Stocks You Can Depend on in 2022 and Beyond,1.0,0.172,0.788,0.04
16,Dow Jones Futures Rise After Market Rally Pause; Tech Bellwether Signals Earnings Breakout,-0.103,0.0,0.928,0.072
17,"TSMC Jumps as Demand Stays Elevated, Chipmaker Boosts Spending",0.956,0.102,0.849,0.05
18,"Intel, Nvidia, AMD Get Boost From Record TSMC Profits, Bullish Chip Demand Forecast",0.273,0.1,0.843,0.057
