﻿,Titles,Polarity,Positive,Neutral,Negative
0,Cathie Wood is Buying These 10 Stocks in September,1.0,0.097,0.882,0.021
1,What Should Nvidia Reveal At The GTC Conference? Citi Analyst Lays Down Expectations,0.952,0.094,0.868,0.039
2,Why Nvidia Attempted a Recovery Today,-0.226,0.022,0.947,0.031
3,Nvidia Stock Nears Major Support on the Chart,-0.153,0.1,0.741,0.159
4,3 Chip Stocks to Sell Before the Big Semiconductor Downturn,0.878,0.065,0.878,0.058
5,Here's How to Trade Nvidia Even Though It Has Tempered Expectations,0.637,0.091,0.909,0.0
6,How Much Will This Cost Nvidia Investors?,0.494,0.11,0.89,0.0
7,"Yahoo Finance Uncut: Brian Shannon, Founder of AlphaTrends.net",-0.273,0.0,0.909,0.091
8,10 Worst-Performing S&amp;P 500 Stocks in 2022,0.998,0.093,0.861,0.045
9,10 Long-Term Stocks to Buy During Recessions,0.999,0.124,0.83,0.046
10,Do NVIDIA's (NASDAQ:NVDA) Earnings Warrant Your Attention?,0.999,0.207,0.778,0.016
11,Nvidia Is on Sale and Cathie Wood Is a Big Buyer,0.871,0.085,0.841,0.074
12,Take-Two Stock Slumps On Reports 'Grand Theft Auto VI' Game Leaked Online,0.423,0.193,0.714,0.093
13,EVGA to Stop Making Graphics Cards After Ethereum Merge Citing Nvidia 'Mistreatment',0.969,0.06,0.917,0.023
