﻿,Titles,Polarity,Positive,Neutral,Negative
0,Nvidia Earnings: What to Watch on Feb. 16,0.0,0.0,1.0,0.0
1,"Cabot Wealth Management Inc Buys Zillow Group Inc, Chart Industries Inc, Invesco S&amp;P 500 ...",0.999,0.111,0.874,0.014
2,Who's Afraid of the Hawkish Fed? Stocks to Buy On Sale,0.975,0.098,0.839,0.062
3,Lessons from 7 Years of Stock Investing,0.937,0.088,0.838,0.074
4,10 Stocks to Buy That Could Make You a Millionaire in 2022,1.0,0.143,0.831,0.026
5,BofA Hails Nvidia's Dumping Of Arm Takeover,0.902,0.088,0.881,0.031
6,"Panview Asian Equity Master Fund Buys Sea, Meta Platforms Inc, Qorvo Inc, Sells ACM Research ...",0.977,0.066,0.926,0.008
7,"Carlton Hofferkamp &amp; Jenks Wealth Management, LLC Buys Kinder Morgan Inc, NVIDIA Corp, ...",0.999,0.166,0.828,0.006
8,"Semiconductor shortage has reached 'crisis' levels, Commerce Secretary says",-0.962,0.036,0.884,0.08
9,Retail stocks trading slower but still above pre-pandemic levels: Study,0.994,0.107,0.868,0.025
10,Nvidia’s Arm deal ‘was dead from day 1’ — and that’s OK,0.989,0.069,0.91,0.02
11,Why Nvidia Stock Rocketed Today,-0.813,0.047,0.848,0.105
12,U.S. Commerce Secretary on chip shortage: ‘We have no room for error’,-0.361,0.0,0.892,0.108
13,"Stocks Gain as Tech Rallies, Investors Await Fed",0.0,0.0,1.0,0.0
14,Is Nvidia Stock a Buy Without ARM?,-0.19,0.0,0.962,0.038
15,"Stock Market News for Jan 26, 2022",-0.626,0.091,0.809,0.1
16,"Youngs Advisory Group, Inc. Buys iShares Core MSCI Total International Stock ETF, Vanguard FTSE ...",0.995,0.067,0.929,0.004
17,Tech Is a Long-Term Bullish Sector: Recent Meltdown Temporary,0.996,0.133,0.834,0.034
18,F5 Networks' (FFIV) Q1 Earnings &amp; Revenues Beat Estimates,0.999,0.146,0.833,0.022
19,Meta Platforms (FB) to Launch World's Fastest AI Computer,0.997,0.115,0.881,0.004
20,"1 Green Flag for AMD in 2022, and 1 Red Flag",0.818,0.122,0.859,0.02
21,Prediction: These Will Be the 10 Largest Stocks by 2035,0.557,0.073,0.927,0.0
22,Meta Platforms Is Bullish on Nvidia's Technology,0.0,0.0,1.0,0.0
23,"As the Arm Acquisition Falters, NVIDIA's (NASDAQ:NVDA) Valuation Looks More Reasonable",0.999,0.158,0.797,0.045
24,"Inside Day, Microsoft Reports, FOMC, Chips Act, Trading Nvidia, Earnings",0.361,0.111,0.889,0.0
25,SoftBank Shares Rise as Nvidia Weighs Abandoning Arm Purchase,-0.654,0.057,0.874,0.07
26,"FTC Pressure May Kibosh the Biggest Semiconductor Deal in History, Lockheed Martin Up Next",0.128,0.059,0.941,0.0
