﻿,Titles,Polarity,Positive,Neutral,Negative
0,Why Nvidia Stock Zigzagged on Monday,0.922,0.525,0.475,0.0
1,Investors ‘have to look at alternative types of investments’ right now: Strategist,0.796,0.18,0.82,0.0
2,"Stocks edge lower at the close, 10-year Treasury yield hits highest level since 2018",0.0,0.0,1.0,0.0
3,7 of the Top EV Stocks from the DRIV ETF,1.0,0.135,0.85,0.015
4,Dow Futures Rise as Q1 Earnings Heats Up,0.746,0.059,0.907,0.034
5,Will Nvidia Stock Hold Key Support As It Nears 2022 Low?,0.953,0.078,0.881,0.041
6,"Here's What Made Needham Bullish On Nvidia, AMD Versus Others In Semiconductor Space",0.994,0.144,0.828,0.028
7,What Lies Ahead for Semiconductor ETFs in Q1 Earnings?,0.994,0.113,0.839,0.048
8,"Finally, Good News for Semiconductor Investors",0.926,0.211,0.789,0.0
9,"The Zacks Analyst Blog Highlights NVIDIA, Analog Devices, Broadcom, GLOBALFOUNDRIES, and Micron Technology",1.0,0.144,0.828,0.028
10,Here’s Why You Should Consider Investing in Nvidia Corp. (NVDA),0.979,0.091,0.894,0.015
11,"Market check: Stocks mixed at open, bitcoin sees 5-day drop",0.984,0.062,0.922,0.016
12,The 5 Best—and 5 Worst—Stocks in April So Far,0.44,0.165,0.745,0.09
13,These Are the 5 Best — and 5 Worst — Performers in the S&amp;P 500 This Month,0.44,0.165,0.745,0.09
