﻿,Titles,Polarity,Positive,Neutral,Negative
0,"4 Top Stock Trades for Thursday: S&amp;P 500, NVDA, DIS, TWLO",0.996,0.129,0.823,0.048
1,7 Web 3.0 Stocks With Millionaire-Maker Potential,1.0,0.116,0.866,0.018
2,Nvidia (NVDA) Earnings Expected to Grow: Should You Buy?,0.998,0.15,0.806,0.044
3,"Corsair Gaming moving past pandemic-driven ‘surge of gamers,’ CEO says",-0.25,0.0,0.949,0.051
4,Arm's float ambitions risk being 'scuttled' by China boss,0.962,0.085,0.869,0.046
5,"Dow Jones Rallies 250 Points, Led By Nike, Disney Stock; Nvidia, Palo Alto Networks Score Bullish Gains",-0.153,0.0,0.929,0.071
6,Why Nvidia Stock Surged Higher on Wednesday,0.802,0.118,0.843,0.038
7,7 Top Growth Stocks to Add to Your Buy List Now,0.999,0.133,0.819,0.048
8,"The Zacks Analyst Blog Highlights Advanced Micro Devices, QUALCOMM, Texas Instruments, NVIDIA and Analog Devices",1.0,0.152,0.824,0.025
9,Chip supply constraints ‘a continuum’ amid rising demand: GlobalFoundries CEO,-0.077,0.082,0.821,0.097
10,"S&amp;P 500 Advances as Meta, Chip Stocks Lead Tech Gains Ahead of Inflation Update",0.984,0.099,0.875,0.026
11,S&amp;P 500 Rallies as Rebound in Meta Bolsters Tech,0.98,0.1,0.872,0.028
12,"Market check: Stocks rise in early trading, Treasury yields retreat",0.0,0.0,1.0,0.0
13,"SoftBank Looks To List Arm In US, Ditching Its Home Market",-0.681,0.032,0.912,0.056
14,Facebook Parent Meta Falls Behind Nvidia,-0.577,0.064,0.863,0.074
15,What's Next for Nvidia After a Failed Acquisition?,0.778,0.133,0.867,0.0
16,Arm’s IPO Won’t Be as Lucrative for SoftBank as Nvidia Deal,0.994,0.102,0.873,0.024
17,10 Best Cryptocurrencies To Invest Your $1000,1.0,0.133,0.85,0.017
18,Alibaba Jumps in Hong Kong as Softbank Denies Share Sale,0.649,0.097,0.882,0.021
