﻿,Titles,Polarity,Positive,Neutral,Negative
0,Nvidia Posts Record Sales Amid Broad Chip Demand,0.883,0.303,0.697,0.0
1,"Nvidia profit doubles, and execs see ‘accelerated growth’ ahead despite supply-chain concerns",0.836,0.344,0.656,0.0
2,"Mixed Trading Day on Fed Minutes, Ukraine; NVDA Beats, DASH Way Up",0.995,0.121,0.86,0.019
3,Nvidia (NVDA) Q4 Earnings and Revenues Surpass Estimates,0.996,0.102,0.89,0.008
4,Dow Jones Futures: Market Rally Erases Losses On Fed News; Will This Tech Giant's Earnings Revive Growth Stocks?,0.153,0.15,0.727,0.123
5,Nvidia Earnings: What Happened with NVDA,0.0,0.0,1.0,0.0
6,Nvidia posts strong Q4 earnings results,0.0,0.0,1.0,0.0
7,Nvidia Beats Fourth-Quarter Targets On Strong Data-Center Chip Sales,0.735,0.256,0.744,0.0
8,Nvidia Underwhelms in First Results Since Scrapping Arm Deal,0.988,0.086,0.877,0.036
9,"Nvidia gives upbeat revenue forecast, Applied Materials sees supply-chain challenges",0.97,0.079,0.876,0.045
10,"Nvidia gives upbeat revenue forecast, Applied Materials sees supply-chain challenges",0.97,0.079,0.876,0.045
11,NVIDIA Announces Financial Results for Fourth Quarter and Fiscal 2022,0.997,0.069,0.891,0.041
12,NVIDIA Announces Financial Results for Fourth Quarter and Fiscal 2022,0.997,0.068,0.894,0.038
13,Dow Jones Dips As Fed Eyes This Move; Nvidia Stock Up With Earnings Due; Roblox Stock Plunges,0.002,0.084,0.833,0.083
14,10 Semiconductor Stocks With Growth Potential,0.999,0.121,0.851,0.028
15,Dow Jones Fights Back As Fed Eyes This Move; Nvidia Stock Dips With Earnings Due; Hilton Tests Buy Point,0.412,0.126,0.813,0.061
16,Nvidia to report its first earnings since calling off Arm deal,0.839,0.065,0.888,0.047
17,"Dow Jones, Nasdaq Erase Much Of Prior Day's Gains; Travel Stocks Score Breakouts On Earnings",0.34,0.124,0.876,0.0
18,7 Best Stocks to Buy During an Interest-Rate Driven Market Crash,1.0,0.193,0.772,0.035
19,Nvidia stock declines ahead of reporting earnings,0.992,0.062,0.916,0.022
20,Read The Latest Update On SoftBank's Arm IPO,0.44,0.051,0.923,0.027
21,S&amp;P 500 Closes Flat as Fed Minutes Trigger Comeback,0.986,0.12,0.825,0.055
22,Why Nvidia Stock Dropped on Earnings Day,0.949,0.185,0.815,0.0
23,7 Stocks Wall Street Says Are Strong Buys Right Now,1.0,0.128,0.854,0.019
24,Nvidia partners with Jaguar Land Rover on 'next generation' vehicles,0.983,0.091,0.906,0.003
25,"NATO Disputes Russian Withdrawals, an Alarming Yield Curve, and More Moving Today's Market",0.226,0.176,0.695,0.128
26,NVIDIA and 4 Other Must-See Earnings Charts,0.999,0.194,0.763,0.044
27,"Stock Market Falls As It Keeps Eye On Ukraine, Earnings, Fed; S&amp;P Clings To Key Level",-0.912,0.0,0.773,0.227
28,S&amp;P 500 Cuts Losses as Fed Minutes Spark Turnaround,0.953,0.092,0.863,0.045
29,Richly-Valued Chip Giant Nvidia Has No Room for an Earnings Slip-Up,0.985,0.094,0.866,0.04
30,"Jaguar Land Rover, Nvidia ally in vehicle software arms race",0.519,0.044,0.927,0.029
31,Nvidia partnering with Jaguar Land Rover on 'next generation' vehicles,0.987,0.078,0.91,0.012
32,Jaguar Land Rover Announces Partnership With NVIDIA,0.993,0.064,0.924,0.012
33,Jaguar Land Rover Announces Partnership With NVIDIA,0.993,0.062,0.926,0.012
34,"Jaguar Land Rover, Nvidia ally in vehicle software arms race",0.519,0.043,0.928,0.029
35,"First Roblox, Then Nvidia. It’s a Big Day for the Metaverse.",0.671,0.155,0.845,0.0
36,"Nvidia, Viacom/Paramount, Airbnb, Retail Sales and Stock Markets - Five Things You Must Know",0.422,0.159,0.728,0.113
37,Nvidia’s Earnings Are Today. Gaming and Data Center Are the Money Makers.,0.0,0.0,1.0,0.0
38,U.S. Futures Edge Lower; Ukraine Uncertainty Weighs Ahead of Fed Minutes,0.0,0.077,0.855,0.068
