﻿,Titles,Polarity,Positive,Neutral,Negative
0,Dow Jones Rallies; Tesla Stock Passes Buy Point; Donald Trump SPAC Rockets Again Amid Frenzy,0.0,0.0,1.0,0.0
1,"Dow Jones Falls, Nasdaq Sinks As Stock Market Sells Off After Intel, Snap Earnings",-0.128,0.125,0.696,0.179
2,AMD's Q3 Earnings: Semi-Custom &amp; EPYC Demand to Aid Growth,0.994,0.15,0.822,0.028
3,Nancy Pelosi Stock Portfolio: 10 Stocks To Consider,1.0,0.13,0.854,0.016
4,3 Long-Term Investments You'll Thank Yourself for Later,0.226,0.095,0.905,0.0
5,"Apple, Microsoft Lead This Top Tech Stock Play Near Buy Point Ahead Of Earnings",0.0,0.0,1.0,0.0
6,3 of the Best Stocks to Buy Now With $500,0.934,0.316,0.684,0.0
7,"Intel Tanks as Revenue Falls Short, Guides for Lower Margins",0.511,0.074,0.849,0.076
