﻿,Titles,Polarity,Positive,Neutral,Negative
0,Technology Super Cycle Redux: How Unicorns Drive Innovation,0.993,0.103,0.873,0.024
1,3 Ways to Trade the Hot Video Games Growth,0.992,0.084,0.886,0.029
2,"Nvidia-Arm Deal Could Lead to Higher Prices, EU Says as In-Depth Probe Is Launched",0.382,0.102,0.898,0.0
3,UPDATE 1-Setback for Nvidia's $54 bln ARM bid as EU regulators open probe,-0.83,0.042,0.886,0.072
4,Setback for Nvidia's $54 billion ARM bid as EU regulators open probe,-0.83,0.043,0.884,0.073
5,Dow Jones Falls As Boeing Drops On Earnings; Tesla Eyes Record Highs; These 4 Tech Giants Are Earnings Movers,0.0,0.0,1.0,0.0
6,Let's Retrace the Charts of Ray-Tracing Nvidia,0.671,0.268,0.732,0.0
7,Why Nvidia's Stock Price Skyrocketed on Tuesday,0.34,0.058,0.942,0.0
8,Nvidia Is Doubling Down on a Massive Opportunity,0.402,0.162,0.838,0.0
