﻿,Titles,Polarity,Positive,Neutral,Negative
0,One Low-Risk Way to Play a Potential Rally in Nvidia Stock,0.992,0.107,0.826,0.067
1,"Tech stocks rally following the Fed's 75 basis point hike, hiring slowdowns continue",0.44,0.085,0.883,0.031
2,"Stocks rebound, Treasury yields edge lower, China stocks rally",0.0,0.0,1.0,0.0
3,7 Best Stocks to Buy if You Are All About ESG Investing,1.0,0.158,0.796,0.046
4,"MicroStrategy, Block and 8 Other Stocks That Made Big Bets on Bitcoin — and Lost",0.361,0.128,0.872,0.0
5,Is Nvidia Stock a Buy Now?,0.947,0.186,0.776,0.038
6,British tech giant Arm to list in London after sale blocked over national security,-0.913,0.05,0.872,0.078
7,FTSE 100: SoftBank plots additional London listing for Arm,0.965,0.081,0.869,0.049
