﻿,Titles,Polarity,Positive,Neutral,Negative
0,Can Nvidia Rally and Help the Tech Sector Recover?,-0.422,0.055,0.796,0.149
1,Trading Nvidia and Chip Stocks: Here Are the Charts,-0.296,0.0,0.885,0.115
2,Stock Market Today: Dow Slips But Ends Well Above Lows on Big Tech Bounce,0.625,0.103,0.807,0.09
3,"Market check: Energy leads stock losses, bond market moves lower",-0.422,0.0,0.859,0.141
4,Missed Out on Nvidia? My Best Semiconductor Stock to Buy and Hold,0.772,0.17,0.79,0.04
5,"Meta's data center push could be good for Nvidia, but strong dollar isn't",0.44,0.112,0.888,0.0
6,2 Explosive Growth Stocks to Buy in 2022 and Beyond,-0.178,0.053,0.886,0.061
7,"Micron, Intel warnings signal slowdown for chip makers",-0.128,0.0,0.914,0.086
8,Meta Platforms Just Threw Nvidia a Huge Lifeline,-0.813,0.037,0.807,0.156
9,Nvidia and 7 More Stocks That Could Get Hurt By a Strong Dollar,-0.026,0.124,0.749,0.127
10,1 Big Reason to Buy Nvidia Stock on the Dip,0.527,0.159,0.841,0.0
11,Biden Dropping China Tariffs Could Be Good News for Tech Stocks,-0.791,0.043,0.726,0.231
12,1 Alarming Reason Why Nvidia Stock Could Crash Further,0.25,0.11,0.779,0.11
13,8 Stocks That Could Get Hurt By a Strong Dollar,-0.026,0.124,0.749,0.127
14,8 Stocks Investors Might Want to Avoid as the Dollar Grows Stronger,-0.026,0.124,0.749,0.127
