﻿,Titles,Polarity,Positive,Neutral,Negative
0,Nvidia (NVDA) Stock Moves -1.46%: What You Should Know,0.992,0.103,0.888,0.009
1,"Dow Jones Futures: Market Rally Slumps, Oil Prices Dive; GameStop Spikes Late As Tesla Deliveries Loom",-0.329,0.0,0.903,0.097
2,"MAAANGO: These are the best positioned chip stocks, according to an analyst",0.965,0.075,0.897,0.028
3,"Metaverse May Be Worth $13 Trillion, Citi Says. What’s Behind the Bullish Take on Web3.",0.0,0.0,1.0,0.0
4,"Electric vehicle adoption is ‘a major uplift’ for chipmakers, analyst says",0.511,0.223,0.777,0.0
5,Could Twilio Become the Next Nvidia?,0.649,0.114,0.854,0.032
6,How To Trade Growth Stocks: This IBD Rating Tells You What Stocks The Funds Are Buying Heavily,0.66,0.234,0.766,0.0
7,Micron Technology Stock Remains a Buy Amid Global Chip Shortage,0.557,0.098,0.835,0.066
