﻿,Titles,Polarity,Positive,Neutral,Negative
0,"4 Top Stock Trades for Monday: NVAX, NVDA, PLUG, Gold",0.994,0.113,0.838,0.049
1,Don’t Wait for the Oracle of Omaha to Tell You NVDA Stock Is a Buy,0.998,0.135,0.82,0.045
2,"Top Analyst Reports for NVIDIA, Square &amp; 3M Company",0.997,0.166,0.798,0.036
3,"GOOGL Stock, Shopify, Nvidia Among New Buys By The Best Mutual Funds",0.751,0.242,0.758,0.0
4,Short-Term Challenges Won’t Hold Back Nvidia in the Long Run,0.942,0.093,0.829,0.078
5,How to Trade Nvidia Into Earnings,0.985,0.071,0.901,0.029
6,New to Investing? This 1 Computer and Technology Stock Could Be the Perfect Starting Point,0.999,0.148,0.852,0.0
7,Strong Financial Prospects Keep NVIDIA (NASDAQ:NVDA) Up and Ahead of Regulatory Pressures,0.998,0.126,0.855,0.018
