﻿,Titles,Polarity,Positive,Neutral,Negative
0,Nvidia gives health researchers access to UK supercomputer,0.978,0.102,0.889,0.009
1,Nvidia gives health researchers access to UK supercomputer,0.978,0.101,0.89,0.009
2,"NVIDIA Launches UK’s Most Powerful Supercomputer, for Research in AI and Healthcare",1.0,0.148,0.837,0.015
3,"NVIDIA Launches UK’s Most Powerful Supercomputer, for Research in AI and Healthcare",1.0,0.15,0.835,0.015
4,Is Nvidia Stock A Buy After Strong Post-Earnings Rally?,0.44,0.108,0.892,0.0
5,10 Stocks Reddit’s WallStreetBets is Buying in July 2021,0.998,0.083,0.903,0.014
6,Nvidia stock hits third record close in a row as it seeks record eighth straight week of gains,0.34,0.098,0.902,0.0
7,Jim Cramer: What Q2's Strongest Stocks Tell Us About This Bull Market,0.906,0.414,0.586,0.0
8,Nvidia Stock Closes at Record High. Why the Rally Could Keep Going.,-0.361,0.0,0.884,0.116
9,Nvidia Stock Is at a Record High. Why the Rally Could Keep Going.,-0.361,0.0,0.884,0.116
10,Nvidia stock hits another high as it seeks record eighth straight week of gains,0.422,0.183,0.817,0.0
11,Nvidia Stock Is A Play On The Future Of Artificial Intelligence,0.226,0.096,0.836,0.068
12,"Stock Market Today With Jim Cramer: Stay Away From Didi, Buy Nvidia",0.0,0.0,1.0,0.0
13,Why investors are leaving work-from-home stocks behind,0.482,0.086,0.914,0.0
14,"NVIDIA, Lumentum, Maravai LifeSciences, Baxter International and BellRing Brands highlighted as Zacks Bull and Bear of the Day",1.0,0.093,0.878,0.029
15,40 of the hottest stocks in the market so far in 2021,0.99,0.091,0.866,0.043
16,"5 Top Stock Gainers for Tuesday: Nvidia, FireEye and Weibo",0.511,0.085,0.863,0.052
17,4 Stocks to Make the Most of Surging Demand for AI,0.998,0.128,0.865,0.007
18,Wall Street Offers an Ideal Ground for Bulls to Roar: 5 Picks,0.999,0.102,0.882,0.016
19,Bull of the Day: NVIDIA (NVDA),1.0,0.087,0.895,0.017
20,"Premarket Movers Tuesday: Didi, Nvidia, AMC",0.422,0.167,0.833,0.0
21,Nvidia Gains on Another Analyst Price-Target Boost,0.878,0.361,0.592,0.047
