﻿,Titles,Polarity,Positive,Neutral,Negative
0,US STOCKS-Tech stock rally sends S&amp;P and Nasdaq to record highs,0.985,0.092,0.87,0.038
1,"Stock Market Today: Chip Rip Triggers Record Highs in Nasdaq, S&amp;P",0.998,0.142,0.841,0.017
2,"Dow Jones Trades 150 Points Lower As Nasdaq Diverges, Hits New High",-0.296,0.0,0.905,0.095
3,"Dow Jones Trades 150 Points Lower As Nasdaq Diverges, Hits New High",-0.296,0.0,0.905,0.095
4,"Nvidia Is 'Undisputed Leader' In AI Chips, But Competition Is Rising",0.262,0.093,0.907,0.0
5,Facebook And Nvidia Lead The QQQ Higher Monday,0.963,0.126,0.825,0.05
6,"Nvidia Is 'Undisputed Leader' In AI Chips, But Competition Is Rising",0.262,0.093,0.907,0.0
7,Jim Cramer: Monday's Market Is One of the Most Mind-Blowing I've Seen,0.026,0.064,0.936,0.0
8,Nvidia Gets Just a Little Help From Its Friends,0.214,0.072,0.928,0.0
9,Why NVIDIA Stock Was Up Today,0.599,0.145,0.855,0.0
10,Why NVIDIA Stock Was Up Today,0.599,0.145,0.855,0.0
11,"S&amp;P 500, Nasdaq Close at Record on Tech Bets; Facebook Joins $1Tn Club",0.952,0.076,0.88,0.044
12,16 Best Beginner Stocks to Invest in Right Now,1.0,0.14,0.836,0.024
13,16 Best Beginner Stocks to Invest in Right Now,1.0,0.14,0.836,0.025
14,Stock Market Today With Jim Cramer: Tesla 'Bellwether of High Growth',0.402,0.105,0.895,0.0
15,Nvidia Stock Rallies as Three Key Chip Makers Endorse Bid for Arm,0.422,0.167,0.833,0.0
16,S&amp;P 500 Flat After Hitting Record as Energy Slumps,0.869,0.075,0.863,0.062
17,"As Nvidia Surges, We Are Updating Our Technical Strategy",0.933,0.183,0.794,0.024
18,"5 Top Stock Gainers for Monday: Intellia Therapeutics, QAD, Etsy, Nvidia",0.81,0.124,0.831,0.045
19,"5 Top Stock Gainers for Monday: Intellia Therapeutics, QAD, Etsy, Nvidia",0.81,0.124,0.831,0.045
20,"NVIDIA Extends Arm Support, Collaborates With Google Cloud For AI-on-5G Lab, Introduces New HGX A100 Systems To Drive Industrial AI",0.987,0.12,0.87,0.01
21,Nvidia Gains On Support From Arm Customers To Buy Chip Designer,0.955,0.105,0.873,0.022
22,2 Robinhood Stocks That Could Crush Dogecoin,0.361,0.084,0.855,0.061
23,Nvidia Climbs; Citi Sees U.K. Regulator More Likely to Clear Arm Deal,0.691,0.199,0.801,0.0
24,"Premarket Movers Monday: Intellia Therapeutics, Boeing, Nvidia",0.273,0.123,0.877,0.0
25,"Premarket Movers Monday: Intellia Therapeutics, Boeing, Nvidia",0.273,0.123,0.877,0.0
26,NVIDIA Powers Next-Generation Supercomputer at University of Edinburgh,0.978,0.048,0.939,0.013
27,NVIDIA and Google Cloud to Create Industry’s First AI-on-5G Lab to Speed Development of AI Everywhere,0.997,0.098,0.888,0.014
28,NVIDIA Aerial 5G Platform Extends Support for Arm,0.994,0.081,0.907,0.012
29,NVIDIA and Global Partners Launch New HGX A100 Systems to Accelerate Industrial AI and HPC,0.995,0.064,0.925,0.011
30,NVIDIA and Global Partners Launch New HGX A100 Systems to Accelerate Industrial AI and HPC,0.995,0.067,0.921,0.012
31,NVIDIA and Google Cloud to Create Industry’s First AI-on-5G Lab to Speed Development of AI Everywhere,0.997,0.094,0.892,0.014
32,NVIDIA Aerial 5G Platform Extends Support for Arm,0.994,0.081,0.906,0.012
33,NVIDIA Powers Next-Generation Supercomputer at University of Edinburgh,0.978,0.049,0.938,0.013
