﻿,Titles,Polarity,Positive,Neutral,Negative
0,AMD CEO Lisa Su: 'This is a very unique time in the semiconductor market',0.979,0.089,0.888,0.024
1,"Dow Rallies, Tech Stocks Slide As Apple Breakout Fades; Tesla Skids Again, While Nio, Twitter Set To Report",0.0,0.0,1.0,0.0
2,"Dow, Tech Stocks Slide As Apple Breakout Fades; Tesla Skids Again, While Nio, Twitter Set To Report",0.0,0.0,1.0,0.0
3,Is NVIDIA a Buy?,0.965,0.266,0.701,0.033
4,"Stock Picks: Google, Facebook, Nvidia Reveal 7 Telltale Traits Of Top Stocks To Buy",0.893,0.3,0.7,0.0
5,"Dow Rallies As Apple Breaks Out On Blowout Earnings; Facebook Surges, While Nio, Twitter Set To Report",0.0,0.0,1.0,0.0
6,Why Cloudflare and NVIDIA Are Bringing AI to the Edge,0.848,0.13,0.87,0.0
7,"Logitech (LOGI) Beats on Q4 Earnings, Raises FY22 Outlook",0.997,0.096,0.89,0.013
8,Alphawave founders set for $2bn payday in London float,-0.856,0.039,0.909,0.051
9,"The Zacks Analyst Blog Highlights: NVIDIA, Booking Holdings, Altria Group, Moderna and Phillips 66",0.998,0.13,0.849,0.021
10,"The Zacks Analyst Blog Highlights: NVIDIA, Booking Holdings, Altria Group, Moderna and Phillips 66",0.998,0.128,0.851,0.021
11,Semiconductor Watchlist: AMD Is Dominating the Semiconductors,0.0,0.0,1.0,0.0
12,"UPDATE 4-Samsung sees chip profits up, mobile profits down in Q2 on chip shortage",0.997,0.136,0.823,0.04
