﻿,Titles,Polarity,Positive,Neutral,Negative
0,"Why Are Nvidia, Micron, and AMD Stocks Falling?",0.671,0.155,0.746,0.098
1,S&amp;P 500 Falls as Russia-Ukraine Conflict Stokes Inflation Fears; Jobs Data Eyed,0.95,0.092,0.846,0.062
2,Should You Worry About the Nvidia Hack Hurting NVDA Stock?,-0.993,0.057,0.844,0.099
3,"S&amp;P 500 Struggles for Direction as Ukraine Crisis, Inflation Jitters Weigh",0.964,0.097,0.852,0.052
4,4 Semiconductor Stocks With Huge Potential Not Named AMD or Nvidia,0.273,0.04,0.96,0.0
5,Why Now Could Be the Best Time to Buy Nvidia in Over a Year,0.477,0.057,0.943,0.0
6,3 Supercharged Growth Stocks Billionaires Can't Stop Buying,0.494,0.101,0.854,0.044
