﻿,Titles,Polarity,Positive,Neutral,Negative
0,Nvidia (NVDA) Gains As Market Dips: What You Should Know,0.986,0.095,0.878,0.027
1,"Hamilton Capital, LLC Buys Vanguard S&amp;P 500 Value ETF, iShares Core S&amp;P Mid-Cap ETF, ...",0.997,0.074,0.921,0.006
2,Nvidia becomes 7th-largest U.S. company as it passes Facebook owner Meta for the first time,0.0,0.0,1.0,0.0
3,"Satovsky Asset Management Llc Buys Vanguard Total Stock Market ETF, Mondelez International Inc, ...",0.997,0.137,0.856,0.007
4,"Karpas Strategies, Llc Buys General Motors Co, Cimpress PLC, Deere, Sells Boeing Co",0.991,0.057,0.939,0.005
5,"Benjamin F. Edwards &amp; Company, Inc. Buys iShares iBonds Dec 2030 Term Corporate ETF, SPDR ...",0.998,0.049,0.945,0.006
6,"Benjamin Edwards Inc Buys Apple Inc, NextEra Energy Inc, Microsoft Corp, Sells ISHARES TRUST, ...",0.998,0.061,0.932,0.007
7,"VisionPoint Advisory Group, LLC Buys SPDR Bloomberg 1-3 Month T-Bill ETF, Comerica Inc, Barrick ...",0.996,0.061,0.935,0.004
8,"Tesla, Nvidia, Microsoft Regroup As Uptrend Looks To Firm Up",0.572,0.227,0.773,0.0
9,Why Nvidia Stock Popped Again on Monday,0.625,0.255,0.745,0.0
10,3 Stocks to Buy if They Take a Dip,0.883,0.137,0.842,0.021
11,"Bridgewater Advisors Inc. Buys JPMorgan Ultra-Short Municipal Income ETF, Barclays Bank PLC ZC ...",0.992,0.042,0.955,0.003
12,What's in Store for Monolithic Power (MPWR) Q4 Earnings?,0.991,0.1,0.897,0.003
13,2 Hot Stocks to Buy and Hold Until You Retire,0.671,0.323,0.558,0.119
