﻿,Titles,Polarity,Positive,Neutral,Negative
0,NVIDIA (NVDA) Makes Key Advancements with AI-on-5G Platform,0.998,0.16,0.84,0.0
1,"NVIDIA, AMD, or Intel: Which Is the Best Chip Stock to Buy Right Now?",0.202,0.101,0.899,0.0
2,"NVIDIA, AMD, or Intel: Which Is the Best Chip Stock to Buy Right Now?",0.202,0.101,0.899,0.0
3,Can AMD Go on a Rally Like Nvidia and Hit All-Time Highs?,0.361,0.098,0.902,0.0
4,Can AMD Go on a Rally Like Nvidia and Hit All-Time Highs?,0.361,0.098,0.902,0.0
5,"5G Stocks To Buy And Watch: Global 5G Phone Shipments, Subscriptions Ramp Up",0.778,0.245,0.755,0.0
6,"5G Stocks To Buy And Watch: Global 5G Phone Shipments, Subscriptions Ramp Up",0.778,0.245,0.755,0.0
7,"Ark files for bitcoin ETF, Nvidia gets support for Arm acquisition",0.402,0.058,0.942,0.0
8,"Ark files for bitcoin ETF, Nvidia gets support for Arm acquisition",0.999,0.095,0.884,0.021
9,Could This Be a Big Risk for NVIDIA Stock?,0.141,0.111,0.819,0.07
10,United Airlines Placed Its Largest Jet Order Ever. Who Wins From Its Big Bet on Travel’s Return.,-0.25,0.0,0.897,0.103
11,United Airlines Placed Its Largest Jet Order Ever. Who Wins From Its Big Bet on Travel’s Return.,-0.25,0.0,0.897,0.103
12,"Morning Bell With Jim Cramer: Micron Earnings, Nvidia and AMD",0.25,0.105,0.895,0.0
13,Is NVIDIA Stock a Buy Ahead of Its Stock Split?,0.0,0.0,1.0,0.0
