﻿,Titles,Polarity,Positive,Neutral,Negative
0,How Is Nvidia Trying To Win The Arm Deal?,0.925,0.109,0.856,0.035
1,Nvida Will Seek EU Approval for Arm Deal: Report,0.477,0.103,0.897,0.0
2,Elon Musk opposes Nvidia deal for UK chip maker,-0.791,0.035,0.913,0.052
3,7 Stocks to Buy to Cash In on Activist Investor Engine No. 1’s New ETF,0.999,0.091,0.884,0.024
4,Shares Of NVIDIA Corporation (NVDA) Rise Above Previous 52-Week High,0.993,0.137,0.853,0.01
5,"Dow Jones Jumps 225 Points As Powell Supports Bond Taper; Tesla Races Higher, Peloton Dives On Earnings",0.0,0.0,1.0,0.0
6,"Dow Jones Rallies As Powell Supports Bond Taper; Tesla Rallies, Peloton Dives On Earnings",0.0,0.0,1.0,0.0
7,What You Should Know About Nvidia's New Supercomputer,-0.077,0.047,0.898,0.054
8,How This Top Thrivent Fund Seeks Future Amazons,0.71,0.204,0.796,0.0
9,My Top Robinhood Stock to Buy Now,0.527,0.155,0.784,0.061
10,5 Bigwigs to Buy on Double-Digit Returns in the Past Month,1.0,0.146,0.842,0.013
11,Is Franklin LibertyQ U.S. Equity ETF (FLQL) a Strong ETF Right Now?,0.995,0.094,0.883,0.023
12,EU to launch probe into Nvidia’s $54bn Arm takeover,0.962,0.088,0.876,0.036
13,Is NVIDIA (NVDA) A Good Stock To Buy Now?,0.996,0.136,0.85,0.014
14,UPDATE 1-EU set to launch formal probe into Nvidia's takeover of Arm - FT,0.382,0.045,0.92,0.035
15,Nvidia set to seek EU okay for $54 billion Arm deal -sources,0.935,0.071,0.906,0.023
