﻿,Titles,Polarity,Positive,Neutral,Negative
0,NVIDIA Sets Conference Call for First-Quarter Financial Results,0.878,0.045,0.949,0.007
1,NVIDIA Sets Conference Call for First-Quarter Financial Results,0.878,0.048,0.945,0.007
2,Here's Why Cloudflare Stock Gained 20.6% Last Month,0.866,0.213,0.787,0.0
3,"Match Group (MTCH) Q1 Earnings Decline Y/Y, Revenues Up",0.999,0.147,0.851,0.002
4,"Lyft, GM Earnings Impress, Lifting Shares Ahead Of Uber's Report Slated For Later",0.999,0.127,0.798,0.075
5,Monolithic Power (MPWR) Q1 Earnings &amp; Revenues Top Estimates,0.999,0.143,0.845,0.013
6,Monolithic Power (MPWR) Q1 Earnings &amp; Revenues Top Estimates,0.999,0.143,0.845,0.013
7,Zillow Group (ZG) Q1 Earnings &amp; Revenues Beat Estimates,0.998,0.101,0.882,0.018
8,"Dow Remains Near Record Highs as Cyclical Rally, Tech Rebounds",0.801,0.097,0.819,0.084
9,"Mercury (MRCY) Q3 Earnings &amp; Revenues Top Estimates, Up Y/Y",0.997,0.117,0.871,0.012
10,"Mercury (MRCY) Q3 Earnings &amp; Revenues Top Estimates, Up Y/Y",0.997,0.117,0.871,0.012
11,Sabre (SABR) Tumbles 14% on Wider-Than-Expected Loss in Q1,0.991,0.114,0.841,0.045
12,"Breakout Watch: Nvidia, Idexx, GS Stock Among Growth Stocks Testing Turbulence",0.772,0.311,0.623,0.066
13,3 Top Artificial Intelligence Stocks to Buy in May,0.807,0.142,0.858,0.0
14,"U.S. chip startups, long shunned in favor of internet bets, stir excitement again",0.984,0.069,0.91,0.021
15,"The Zacks Analyst Blog Highlights: Google, NVIDIA, Microsoft and Facebook",0.999,0.128,0.857,0.015
16,"U.S. chip startups, long shunned in favor of internet bets, stir excitement again",0.984,0.069,0.91,0.021
17,Nvidia Initiated Outperform as Baird Sees AI Dominance,0.128,0.098,0.829,0.073
18,"FOCUS-U.S. chip startups, long shunned in favor of internet bets, stir excitement again",0.984,0.07,0.908,0.021
19,"Dow Jones Futures: Janet Yellen Walks Back Rate Hike Warning; Split Market Rally Returns As Apple, Nvidia Lead Tech Sell-Off",0.202,0.06,0.94,0.0
