﻿,Titles,Polarity,Positive,Neutral,Negative
0,"Cramer's Mad Money Recap 5/19: Apple, Nvidia, Costco",0.485,0.187,0.722,0.09
1,5 Oversold Growth Stocks to Buy Now,0.999,0.105,0.884,0.011
2,"7 Stocks Reporting Earnings the Week of May 23, 2022",0.999,0.096,0.879,0.025
3,Nvidia (NVDA) Gains As Market Dips: What You Should Know,0.99,0.095,0.888,0.018
4,NVIDIA Announces Upcoming Event for Financial Community,0.949,0.086,0.914,0.0
5,NVIDIA Stockholder Meeting Set for June 2; Individuals Can Participate Online,0.917,0.064,0.936,0.0
6,NVIDIA Stockholder Meeting Set for June 2; Individuals Can Participate Online,0.917,0.066,0.934,0.0
7,NVIDIA Announces Upcoming Event for Financial Community,0.949,0.089,0.911,0.0
8,Nvidia Stock Is Less Than Half Its Recent High. Is It Now a Buy?,0.482,0.1,0.868,0.032
9,US STOCKS-Wall Street mixed as Cisco sinks and Nvidia recovers,-0.538,0.093,0.813,0.094
10,Why Nvidia Stock Bounced Back Thursday,0.0,0.052,0.885,0.063
11,Former Nintendo COO to execs: ‘Focus on your North Star’,0.382,0.094,0.906,0.0
12,"Market check: Nasdaq drifts higher, stocks mixed after heavy selling",0.0,0.0,1.0,0.0
13,10 Stocks Under $30 to Invest in According to Bruce Kovner’s Caxton Associates,0.999,0.082,0.908,0.01
14,Is Nvidia Stock a Buy Now?,0.459,0.096,0.865,0.039
15,Nvidia Price Targets Cut Ahead of Next Week's Earnings Release,0.731,0.073,0.869,0.059
16,3 Reddit Stocks With Upcoming Catalysts to Watch,0.999,0.166,0.793,0.041
17,I Made This Huge Money Mistake in College -- and Have Regretted It for Over 20 Years,0.0,0.0,1.0,0.0
18,What's the Best Big Tech Company to Buy in This Stock Market Downturn?,0.71,0.102,0.898,0.0
