﻿,Titles,Polarity,Positive,Neutral,Negative
0,Gas prices will remain 'fairly steady': Prosper Trading Academy CEO,-0.649,0.0,0.798,0.202
1,Arm Ltd debuts new chip technology aimed at overtaking data centers,0.979,0.097,0.896,0.007
2,Volvo Collaborates With Aurora For Autonomous Truck Development,0.941,0.123,0.854,0.023
3,Semiconductor shortage could go on for 'a couple of years': Cisco CEO,0.962,0.113,0.808,0.079
4,"The Zacks Analyst Blog Highlights: Apple, NVIDIA, Micron Technology, Applied Materials and Analog Devices",0.999,0.108,0.868,0.023
