﻿,Titles,Polarity,Positive,Neutral,Negative
0,Take Advantage of the Current Rally in CrowdStrike,0.775,0.065,0.894,0.04
1,Why Nvidia Stock Keeps Dropping,-0.807,0.0,0.866,0.134
2,The Aggressive Investor Is Buying AMD Stock Ahead of Earnings,0.96,0.087,0.877,0.036
3,"2 AI Growth Stocks With 101% to 339% Upside, According to Wall Street",0.671,0.297,0.703,0.0
4,Is It Bad That Nvidia GPU Prices Continue to Drop?,-0.077,0.067,0.858,0.075
5,Microsoft and Alphabet Earnings Made Me More Bullish on This Specific Market,0.361,0.075,0.925,0.0
6,"Nvidia, AMD, Semiconductor Stocks Hit Despite Chip Shortage",0.807,0.23,0.656,0.114
7,10 Best Stocks to Buy According to Motley Fool,0.999,0.105,0.861,0.034
8,"Nvidia Stock Has a Path to $250, But Bulls Must Act Fast",-0.878,0.07,0.853,0.078
9,Is It Time to Buy Low on This Big Tech Stock?,0.636,0.101,0.863,0.036
