﻿,Titles,Polarity,Positive,Neutral,Negative
0,Why Nvidia Stock Surged to a New All-Time Today,0.941,0.203,0.797,0.0
1,"Dow Jones Futures: Apple, Amazon, Nvidia Rally Is Mixed Bag; Rivian, Lucid Dive As Applied Materials Leads Earnings Movers",0.743,0.278,0.722,0.0
2,Dow Jones Dips As Apple Pops On Car Report; Nvidia Surges After Earnings; Donald Trump SPAC Falls Amid Probe Call,0.0,0.0,1.0,0.0
3,Dow Jones Dips As Apple Pops; Nvidia Surges After Earnings,0.0,0.0,1.0,0.0
4,NVIDIA Announces Upcoming Events for Financial Community,0.959,0.089,0.911,0.0
5,NVIDIA Announces Upcoming Events for Financial Community,0.959,0.092,0.908,0.0
6,"Stock Market Today: New S&amp;P, Nasdaq Highs Thanks to Apple, Nvidia",0.998,0.115,0.851,0.034
7,Nvidia stock surges 8% to new record following stellar earnings,-0.006,0.052,0.896,0.052
8,"Dow lags as S&amp;P 500, Nasdaq Composite end at records",-0.743,0.023,0.872,0.105
9,"Stocks Mixed In Late Trade As Amazon Breaks Out, Apple Leads Dow; Chips, Retailers Rally",0.0,0.0,1.0,0.0
10,Nvidia Could Join the $1 Trillion Club Following Latest Earnings Report,0.963,0.063,0.937,0.0
11,Innoviz CEO discusses partnerships with Nvidia and BMW on LiDAR technology for autonomous vehicles,0.0,0.0,1.0,0.0
12,"Dow Jones Dips While Nasdaq Pares Losses; Retail Leaders Macy's Stock, Kohl's Soar On Earnings",-0.875,0.0,0.643,0.357
13,CVS Store Closings: 6 Things for CVS Stock Investors to Know About Plan to Close 900 Locations,0.965,0.055,0.942,0.003
14,3 Stocks to Buy From Catastrophic Price Action,0.999,0.13,0.808,0.063
15,44 Stocks Moving In Thursday's Mid-Day Session,0.997,0.104,0.867,0.029
16,"Dow Jones Dips As Cisco Dives, Apple In Buy Zone; Rivian, Lucid Motors Hit The Brakes",0.557,0.153,0.847,0.0
17,Nvidia’s Blowout Earnings Push Market Value Up Over $800 Billion,0.296,0.087,0.913,0.0
18,"Nvidia earnings call commentary ‘puts the final nail in the ARM coffin,’ analyst says",0.0,0.0,1.0,0.0
19,"S&amp;P 500, Nasdaq Close at Records as Tech Flexes Muscles",0.984,0.107,0.865,0.028
20,"Nvidia's rally turbo charged by 'metaverse', valuation breaches $800 billion",0.987,0.12,0.87,0.01
21,Nvidia’s Crypto Mining Processor Falls Flat Amid Heightened Competition,-0.796,0.066,0.856,0.077
22,Is Nvidia Stock the Easiest Buy of the Decade?,0.265,0.082,0.918,0.0
23,Why AMD Shares Are Rising Today,0.978,0.128,0.866,0.006
24,"Dow Slips After Jobless Claims Data, Nvidia Surges—and What Else Is Happening in the Stock Market Today",0.0,0.0,1.0,0.0
25,"Pfizer Again, Macy's, GlobalFoundries: 3 Things to Watch",0.987,0.102,0.871,0.027
26,Dow Jones Drops 240 Points As Cisco Weighs; Nvidia Stock Rallies To New High,0.178,0.126,0.779,0.095
27,Why NVIDIA Stock Is Up By 10% Today,0.996,0.155,0.828,0.017
28,"Stocks End Mixed, as Retail Stocks Climb, Nvidia Leads Nasdaq",0.92,0.164,0.836,0.0
29,"Nvidia stock soars after blowout earnings, metaverse advances",0.995,0.12,0.872,0.008
30,"US STOCKS-S&amp;P, Nasdaq rise on strong results from Nvidia, retailers",0.961,0.081,0.888,0.031
31,Crude oil prices fall as President Biden calls on world leaders to tap petroleum reserves,-0.718,0.0,0.813,0.188
32,"Nvidia stock rockets more than 10% on stellar earnings, on track for new record",-0.006,0.045,0.909,0.046
33,Nvidia ETFs to Buy on Upbeat Q3 Earnings,0.992,0.093,0.877,0.03
34,"S&amp;P 500 Climbs as Apple, Chip Stocks Drive Tech Higher",0.984,0.108,0.868,0.024
35,This is how Nvidia plans to make lots of money from the metaverse,0.44,0.1,0.9,0.0
36,Nvidia acquiring ARM ‘is an unjustified and unnecessary deal’: Analyst,0.296,0.071,0.929,0.0
37,"Dow trades flat but S&amp;P 500 briefly retakes 4,700 near Thursday's open as Nvidia's stock rallies nearly 9%",0.845,0.122,0.878,0.0
38,"Dow Jones Falls As Nvidia Surges On Earnings; Tesla Rallies, While Lucid, Rivian Dive",0.0,0.0,1.0,0.0
39,Why Nvidia Shares Are Ripping Higher Today,0.945,0.072,0.896,0.032
40,Nvidia earnings top Q3 estimates as its sales across all sectors soar,0.0,0.0,1.0,0.0
41,NVIDIA (NVDA) Gains 5% on Q3 Earnings Beat and Record Sales,0.998,0.091,0.895,0.014
42,10 Notable Quarterly Reports to Watch,0.999,0.123,0.863,0.014
43,"US Joins UK, EU In Opposing Nvidia-Arm Deal",0.818,0.078,0.892,0.03
44,"5 Top Stock Gainers for Thursday: Macy's, Kohl's, Nvidia",0.586,0.255,0.745,0.0
45,Nvidia Stock Jumps on Earnings Beat and Guidance That Sped by Expectations,0.71,0.134,0.866,0.0
46,Insider Selling Should Not Spook NVIDIA's (Nasdaq:NVDA) Shareholders,0.994,0.1,0.869,0.031
47,Trading Nvidia as It Makes All-Time Highs on Earnings Beat,0.0,0.0,1.0,0.0
48,"Dow Jones Futures Rise As Apple Hits New Buy Point: Lucid, Rivian Slide, While Nvidia Surges On Earnings",0.0,0.0,1.0,0.0
49,"S&amp;P, Nasdaq rise on strong results from Nvidia, retailers",0.954,0.085,0.881,0.034
