﻿,Titles,Polarity,Positive,Neutral,Negative
0,Nvidia Is Piling Up Some Very Bad News,-0.625,0.05,0.819,0.132
1,10 Stocks Making Headlines on Monday,0.993,0.074,0.908,0.018
2,Dow Jones Falls As Tech Stumbles; Twitter Rallies As Elon Musk Does This; Apple Stock Slides,-0.412,0.0,0.854,0.146
3,"4 Top Stock Trades for Tuesday: AMD, NVDA, PANW, COST",0.978,0.096,0.851,0.053
4,"Markets: Google, Tesla, Microsoft among biggest laggards of the day",0.557,0.161,0.839,0.0
5,"Semiconductor Watchlist: Apple, AMD, Onsemi",0.273,0.191,0.711,0.098
6,"Earnings: ‘We’ll hear some pretty good news about the global profit picture,’ strategist says",0.459,0.086,0.914,0.0
7,"Stocks under pressure as traders await inflation, earnings data",-0.382,0.068,0.812,0.12
8,Consumer Chip Demand Will Be Just Fine. Buy NVDA Stock on the Dip.,0.655,0.061,0.89,0.049
9,Nvidia stock stumbles after Baird voices concern about graphics business,0.409,0.191,0.737,0.072
10,Dow Futures up 0.1% Ahead of Key Inflation Report,0.735,0.07,0.888,0.042
11,Why AMD Is Falling Today,0.542,0.144,0.774,0.082
12,Why Nvidia Stock Just Crashed,-0.414,0.069,0.82,0.111
13,Stock Market Today: Dow Wobbles on Tech Tantrum After U.S. Bond Yields Climb,-0.494,0.068,0.857,0.076
14,Checking In on the Charts of Nvidia,0.706,0.123,0.877,0.0
15,Why Many Semiconductor Stocks Were Down Last Week,0.338,0.115,0.787,0.098
16,3 Top Artificial Intelligence Stocks to Buy Right Now,0.923,0.215,0.785,0.0
17,"Inflation: U.S. economy is ‘well-positioned to address this challenge,’ WH economic adviser says",-0.511,0.075,0.747,0.178
18,"Nvidia stock falls, Shopify announces stock split, Chinese EV makers under pressure",0.0,0.0,1.0,0.0
19,"NVIDIA Is Down By 5%, Here Is Why",0.956,0.126,0.801,0.073
20,US STOCKS-Nasdaq slides 1% as surging yields hit growth stocks,0.914,0.086,0.855,0.059
21,Nvidia stock drops after Baird downgrades shares,0.296,0.128,0.872,0.0
22,Techs Lead Stock Market Losses As Nvidia Falls On Downgrade; Elon Musk Walks Away From Twitter Board,0.296,0.106,0.841,0.053
23,"Cisco tops Fortune's best places to work. Salesforce, Nvidia in top 10",0.7,0.244,0.756,0.0
24,"Market check: Tech, energy sectors lead stocks lower, oil slides",0.0,0.0,1.0,0.0
25,Dow Jones Falls; Twitter Drops As Elon Musk Reverses Decision To Join Board; Nvidia Slides On Downgrade,0.296,0.095,0.905,0.0
26,The Market Is No Longer Ignoring a Slew of Negatives,0.826,0.151,0.78,0.07
27,10 Best Tech Stocks to Buy For The Long Term,1.0,0.128,0.865,0.007
28,Dow Jones Futures Fall; Twitter Drops As Elon Musk Reverses Decision To Join Board; Nvidia Slides On Downgrade,0.296,0.099,0.901,0.0
29,10 Growth ETFs to Buy Now,1.0,0.153,0.824,0.023
30,Nvidia Stock Is Downgraded. China and Russia Are Headwinds.,-0.318,0.032,0.871,0.096
31,Qualcomm and the Great Tech Downgrade,-0.667,0.096,0.807,0.097
32,"Twitter, Apple, Nio Fall Premarket; Veru, Sailpoint Soar",-0.919,0.015,0.925,0.06
