﻿,Titles,Polarity,Positive,Neutral,Negative
0,The New IBM Chip Just Got a Boost from Biden Bill,0.995,0.093,0.875,0.033
1,"Nvidia’s Share Value Is in its Performance, Not Metrics",0.998,0.135,0.819,0.046
2,Universal Display (OLED) Q1 Earnings &amp; Revenues Top Estimates,0.994,0.089,0.893,0.018
3,Universal Display (OLED) Q1 Earnings &amp; Revenues Top Estimates,0.994,0.089,0.893,0.018
4,"Groupon (GRPN) Tops Q1 Earnings &amp; Revenue Estimates, Ups View",0.997,0.113,0.839,0.048
5,"Groupon (GRPN) Tops Q1 Earnings &amp; Revenue Estimates, Ups View",0.997,0.113,0.839,0.048
6,"EPAM Beats Q1 Earnings &amp; Revenue Estimates, Raises Outlook",0.998,0.126,0.866,0.009
7,"EPAM Beats Q1 Earnings &amp; Revenue Estimates, Raises Outlook",0.998,0.126,0.866,0.009
8,Paylocity's (PCTY) Q3 Earnings and Revenues Beat Estimates,0.997,0.121,0.863,0.016
9,Paylocity's (PCTY) Q3 Earnings and Revenues Beat Estimates,0.997,0.121,0.863,0.016
10,Here's How Investors Can Find Strong Computer and Technology Stocks with the Zacks ESP Screener,0.997,0.145,0.844,0.011
11,4 Stocks to Watch Amid Rising Adoption of Machine Learning,0.999,0.133,0.862,0.005
12,6 Must-Buy Stocks Ahead of Earnings Results This Month,0.999,0.143,0.854,0.004
