﻿,Titles,Polarity,Positive,Neutral,Negative
0,Nvidia (NVDA) Outpaces Stock Market Gains: What You Should Know,0.996,0.129,0.871,0.0
1,"Top Stock Reports for Meta, NVIDIA &amp; Toyota",0.997,0.144,0.834,0.021
2,Here is Why Growth Investors Should Buy Nvidia (NVDA) Now,0.999,0.211,0.78,0.009
3,Hard-Hit Micron Stock Presents a Perfect Entry Opportunity,0.993,0.122,0.811,0.068
4,Earnings Growth &amp; Price Strength Make Nvidia (NVDA) a Stock to Watch,0.998,0.127,0.871,0.003
5,Bull of the Day: Advanced Micro Devices (AMD),1.0,0.16,0.821,0.019
