﻿,Titles,Polarity,Positive,Neutral,Negative
0,Bitcoin mining 'golden age' shows higher profits and demand for more infrastructure,0.997,0.107,0.847,0.046
1,U.S. near deal for Nvidia supercomputer as it waits for delayed Intel machine -sources,0.931,0.064,0.92,0.016
2,UPDATE 1-U.S. near deal for Nvidia supercomputer as it waits for delayed Intel machine -sources,0.931,0.063,0.921,0.016
3,The potential market impact from the U.S.’ exit from Afghanistan,0.0,0.0,1.0,0.0
4,U.S. near deal for Nvidia supercomputer as it waits for delayed Intel machine -sources,0.931,0.064,0.92,0.016
5,Are You Looking for a Top Momentum Pick? Why Nvidia (NVDA) is a Great Choice,0.999,0.19,0.795,0.014
6,12 Best Semiconductor Stocks To Invest In Right Now,1.0,0.114,0.868,0.018
7,Cathie Wood is Getting Rid of These 10 Stocks,0.999,0.078,0.909,0.013
8,Has NVIDIA (NVDA) Outpaced Other Computer and Technology Stocks This Year?,0.992,0.131,0.85,0.019
9,Here's My Next Target as Nvidia Stock Hits All-Time Highs,-0.168,0.0,0.927,0.073
10,Why AMD and Nvidia Jumped on Monday,0.586,0.139,0.861,0.0
11,"Dow Jones Rallies As Tesla Hits Buy Point; Best Buy, Palo Alto Surge On Earnings",0.637,0.149,0.851,0.0
12,Global Availability of NVIDIA AI Enterprise Makes AI Accessible for Every Industry,0.994,0.07,0.917,0.013
13,Global Availability of NVIDIA AI Enterprise Makes AI Accessible for Every Industry,0.994,0.066,0.921,0.012
14,"Dow Jones Futures Rally As Tesla Hits Buy Point; Best Buy, Palo Alto Surge On Earnings",0.637,0.167,0.833,0.0
15,"Nvidia: Buy It for Gaming, Hold It for Data Centers",0.945,0.192,0.808,0.0
16,Bull of the Day: Cadence Design Systems (CDNS),0.999,0.148,0.835,0.017
