﻿,Titles,Polarity,Positive,Neutral,Negative
0,Nasdaq Correction Over: FOMO Will Now Resume,1.0,0.18,0.793,0.028
1,March Madness on Wall Street: stocks to watch,1.0,0.139,0.816,0.044
2,March Madness on Wall Street: stocks to watch,1.0,0.139,0.816,0.044
3,Goldman Sachs To Offer 'Full Spectrum' Of Investments In Cryptocurrencies,0.922,0.09,0.883,0.027
4,4 Stocks to Bet on as Space Travel Gains Prominence,1.0,0.165,0.825,0.01
5,4 Semiconductor Stocks to Gain From the Ongoing Chip Shortage,0.999,0.142,0.84,0.018
6,"End of Quarter, Stimulus Package, Treasuries, Gold, Trading Apple, Nvidia",0.0,0.0,1.0,0.0
