﻿,Titles,Polarity,Positive,Neutral,Negative
0,Intel CEO: 'There is competitive fun going on with Apple',0.998,0.176,0.815,0.009
1,Intel CEO: Semiconductor shortage will take 'a couple years' to fix,0.989,0.132,0.822,0.046
2,"Dow Rallies, Tech Stocks Rebound As Yields Bounce; GME Stock Dives On Earnings, While Tesla Reverses Amid Bitcoin News",0.0,0.0,1.0,0.0
3,Investing In Stocks: See How To Invest In 3 Simple Steps,0.818,0.288,0.712,0.0
4,"Dow Rallies, Tech Stocks Fall As Yields Bounce; GME Stock Dives On Earnings, While Tesla Reverses Amid Bitcoin News",0.0,0.0,1.0,0.0
