﻿,Titles,Polarity,Positive,Neutral,Negative
0,Dow Jones Futures: Market Rallies As Fed Meeting Walks This Line; 5 Stocks Flash Buys,0.0,0.0,1.0,0.0
1,Why Nvidia Stock Just Popped,0.891,0.138,0.862,0.0
2,"IBD 50 Stocks To Watch: Nvidia Stock Finds Support, But Can It Overcome This Sell Signal?",-0.361,0.043,0.859,0.099
3,Do NVIDIA's (NASDAQ:NVDA) Earnings Warrant Your Attention?,0.999,0.196,0.779,0.025
4,Is Nvidia Stock a Buy?,0.382,0.14,0.86,0.0
5,3 Top Artificial Intelligence Stocks to Buy Now,0.891,0.257,0.691,0.051
6,Dow Jones Futures Signal Stock Market Rally On Evergrande News; Fed Meeting In Focus,-0.361,0.0,0.878,0.122
7,NVIDIA Corporation (NVDA): Hedge Funds Are Snapping Up,0.996,0.079,0.914,0.006
8,"Dow Jones Futures Rise On Evergrande News After Stock Market Rally Fizzles; China, Fed Meeting In Focus",-0.361,0.0,0.878,0.122
