﻿,Titles,Polarity,Positive,Neutral,Negative
0,7 Best Metaverse Stocks to Buy Now,1.0,0.172,0.812,0.016
1,Senate Still Tinkering on Chips Act. What It Means for Intel and Other Stocks.,-0.25,0.0,0.913,0.087
2,"CHIPS Act: ‘A lot of apprehension among Republicans’ on spending component, expert says",0.402,0.088,0.912,0.0
3,"Tech and semiconductor stocks move higher into the close, U.S. dollar rally comes to a pause",0.542,0.143,0.857,0.0
4,8 Semiconductor Stocks to Buy on the Dip,0.999,0.094,0.889,0.016
5,Top 10 Semiconductor ETFs to Buy in 2022,0.996,0.075,0.915,0.01
6,Why Nvidia Stock Rallied on Tuesday,0.361,0.08,0.885,0.035
7,"Senate to vote on CHIPS Act, Biden may declare ‘climate emergency’",0.0,0.0,1.0,0.0
8,Strong U.S. dollar could weigh on tech earnings,0.0,0.0,1.0,0.0
9,"Nikola founder blocks stock proposal, Paul Pelosi takes stake in Nvidia ahead of key chip bill",0.557,0.181,0.733,0.086
10,7 Best AI Stocks to Buy Now,0.999,0.123,0.861,0.015
11,Senate Votes on Chips Act Today. What It Means for Intel and Other Stocks.,0.856,0.123,0.877,0.0
12,10 Most Shorted Stocks to Watch in July,0.997,0.078,0.904,0.018
13,Analysts are Slashing Price Targets of These 10 Semiconductor Stocks,0.989,0.064,0.894,0.042
14,10 Semiconductor Stocks to Watch as Shortage Turns to Glut,0.512,0.07,0.862,0.067
15,Senate Votes on Semiconductor Bill Today. What It Means for Intel and Other Chip Stocks.,0.802,0.118,0.859,0.023
16,UK's Political Turmoil Tilted Scales For Arm IPO Towards US: FT,0.947,0.091,0.87,0.039
