﻿,Titles,Polarity,Positive,Neutral,Negative
0,Were Hedge Funds Right About The Walt Disney Company (DIS)?,0.997,0.095,0.885,0.02
1,Were Hedge Funds Right About Piling Into Mastercard (MA)?,0.999,0.136,0.844,0.02
2,"Nvidia Has Only 10% Chance of Closing UK Deal, Citi Analyst Says",0.34,0.107,0.893,0.0
3,Dow Jones Sells Off As Apple Slides Ahead Of 'Spring Loaded' Event; Tesla Jumps On Price Target Boost,0.0,0.0,1.0,0.0
4,Dow Jones Falls As Apple Reverses Ahead Of 'Spring Loaded' Event; Tesla Jumps On Price Target Boost,0.0,0.0,1.0,0.0
5,NVIDIA (NVDA) Falls After U.K. Begins Security Probe Into Arm Deal,0.999,0.136,0.848,0.016
6,The Zacks Rank Explained: How to Find Strong Buy Computer and Technology Stocks,0.998,0.131,0.856,0.013
7,A Red-Hot Reason Why NVIDIA's Blockbuster Growth Is Here to Stay,0.382,0.167,0.833,0.0
8,Nvidia’s $40B Proposed Takeover of Arm Faces Scrutiny By UK Govt,0.993,0.105,0.89,0.005
9,Dow Jones Futures Signal Further Losses For 'Hard Penny' Market Rally; Netflix Near Buy With Earnings Due,-0.153,0.0,0.912,0.088
10,"New Moon on Monday, Fair Warning on Semis and Small-Caps, Ballad of Nvidia, IBM",0.621,0.076,0.89,0.034
11,PRESS DIGEST- Financial Times - April 20,-0.772,0.034,0.905,0.061
