﻿,Titles,Polarity,Positive,Neutral,Negative
0,A Deep Dive on PayPal,-0.681,0.099,0.71,0.191
1,Fed Chair Powell ‘wrapped the ribbon around’ slower rate hikes: Strategist,0.637,0.12,0.88,0.0
2,Finding Long-Term Winners in a Rough Market,0.026,0.09,0.821,0.089
3,7 Top Mutual Funds to Buy to Keep Taxes Low,0.999,0.091,0.885,0.025
4,Why Nvidia Stock Popped Today,0.153,0.116,0.793,0.091
5,U.S. Halts Russian Flights as War Rages; Fed Sees Rate Hike This Month,0.0,0.0,1.0,0.0
6,Millennial And Gen Z Stock Picks: Should You Buy Them Too?,0.287,0.097,0.903,0.0
7,Nvidia Data Hackers Demand Removal of Crypto Mining Limits,-0.98,0.032,0.874,0.094
8,3 Smartest Tech Stocks To Buy in 2022 and Beyond,0.691,0.083,0.917,0.0
9,Cloud Gaming War Peps Up With Amazon's (AMZN) Luna Advances,0.996,0.126,0.831,0.044
10,2 No-Brainer Stocks I'd Buy Right Now Without Hesitation,-0.47,0.072,0.803,0.125
11,Market Correction: 2 Top Stocks to Buy and Hold Forever,0.758,0.085,0.915,0.0
12,10 Billion Reasons to Buy Intel Stock,0.802,0.117,0.883,0.0
13,Is This Bad News for Nvidia?,0.459,0.043,0.957,0.0
14,Dow Jones Futures: Oil Prices Spike Amid Russia's Ukraine Invasion Fed Chief Powell On Tap,-0.572,0.0,0.837,0.163
15,"Dow Jones Futures Rise, Oil Prices Spike; Fed Chief Powell On Tap Amid Russia's Ukraine Invasion",-0.572,0.0,0.837,0.163
