﻿,Titles,Polarity,Positive,Neutral,Negative
0,"Market indices clinch gains at the close, meme stocks jump",0.0,0.0,1.0,0.0
1,A 'Down Cycle' Is Coming For Data Storage Stocks; A Bearish Analyst Is Not Sugar Coating His Reasons,0.982,0.133,0.816,0.05
2,Biden to take victory lap in Ohio after passage of CHIPS Act,0.942,0.06,0.911,0.029
3,NVDA Stock Will Be Rangebound for the Foreseeable Future,0.852,0.089,0.834,0.077
4,"Analysis-U.S. ban on Nvidia, AMD chips seen boosting Chinese rivals",0.982,0.09,0.864,0.046
5,"AMD Is the Chip Stock to Buy Over Nvidia and Intel, Says Analyst. Here’s Why.",0.422,0.135,0.865,0.0
6,Don't be duped by the doom-n-gloom: JPMorgan says this reliable contrarian indicator points to an 11% stock market surge — here are 3 ways to play it,0.981,0.08,0.881,0.039
7,Nio Joins Geely And Other Peers In Expressing Indifference To Nvidia's Export Ban,0.968,0.102,0.862,0.035
8,Better Semiconductor Stock: AMD vs. Nvidia,0.351,0.146,0.8,0.054
