﻿,Titles,Polarity,Positive,Neutral,Negative
0,Is Nvidia's Drop Signaling the Beginning of a New China-U.S. Trade War?,0.178,0.102,0.805,0.093
1,"Broadcom Gives Strong Forecast, Evading the Chip Slump",0.625,0.059,0.884,0.056
2,Nvidia could take a $400M revenue hit from new government restrictions on AI chips,-0.218,0.038,0.925,0.037
3,What's Going On With NVIDIA?,0.983,0.123,0.782,0.095
4,"Stock Market Today - 9/1: Stocks End Mixed as Dow, S&amp;P Snap Losing Street",-0.44,0.0,0.822,0.178
5,Tesla Stock Took a Hit From Nvidia’s Warning About Business With China,0.103,0.033,0.938,0.029
6,"UPDATE 1-With new China AI chip restrictions, U.S. takes aim at a critical niche",0.979,0.114,0.813,0.073
7,Nvidia’s ‘China Syndrome’: Is the stock melting down?,0.026,0.109,0.808,0.083
8,"With new China AI chip restrictions, U.S. takes aim at a critical niche",0.979,0.115,0.811,0.074
9,"With new AI chip rules, U.S. takes aim at a critical niche",0.986,0.122,0.81,0.069
10,10 Biggest Losers on Thursday,0.973,0.099,0.844,0.057
11,"Markets edge toward mixed close, chip stocks continue to feel pressure",-0.923,0.016,0.926,0.058
12,US STOCKS-S&amp;P 500 snaps four-session losing streak with payrolls on deck,0.734,0.071,0.869,0.06
13,New Export Restrictions Threaten 7% Of Nvidia's Sales,-0.077,0.0,0.942,0.058
14,"Nvidia and tech stocks weighed down by tensions with China, oil prices decline",0.892,0.066,0.894,0.041
15,Dow Jones Fights Back; Nvidia Craters On China Blow; BBBY Stock Slammed On This; Bitcoin Slides,-0.572,0.0,0.856,0.144
16,AMD Pensando DPUs Help VMware Reduce Operational Costs,0.998,0.151,0.817,0.032
17,US STOCKS-S&amp;P 500 falls for fifth straight day on rate hike worry,0.296,0.073,0.857,0.07
18,"Bears Feast on NVDA: 12,000 Puts Bought Directly Before BIG News",-0.052,0.044,0.907,0.049
19,Chip wreck: Nvidia sinks sector after U.S. restricts China sales,-0.899,0.084,0.817,0.099
20,Nvidia and AMD Fall After U.S. Bans Exports to China. Time to Buy These Chip Stocks?,0.0,0.0,1.0,0.0
21,AMD and Nvidia Are Hurting; Better Check the Charts,0.169,0.091,0.853,0.057
22,US STOCKS-Wall Street slides for fifth straight day on rate hike jitters,0.914,0.088,0.842,0.069
23,Stock Market Today: Dow Snaps Losing Streak as Dip Buying in Big Tech Returns,-0.401,0.066,0.862,0.072
24,"Dow Jones Pares Losses But Nasdaq Drop Worsens As Yields Jump; Steel, Energy, EV Stocks Slide; Apple Tests Key Level",-0.754,0.0,0.855,0.145
25,"Top Millennial Pick Tesla's China August Sales Seen Rebounding To 77,000",0.287,0.097,0.903,0.0
26,Don't be duped by the doom-n-gloom: JPMorgan says this reliable contrarian indicator points to an 11% stock market surge — here are 3 ways to play it,0.969,0.073,0.889,0.038
27,Nvidia stock hits new 52-week low amid U.S. export ban news,-0.802,0.034,0.899,0.067
28,"S&amp;P 500 Pares Some Losses, but Rout in Chip Stocks Bite",0.536,0.084,0.834,0.081
29,Dumping a Chipmaker While Adding to 3 Positions,0.772,0.121,0.879,0.0
30,US STOCKS-Wall St set for a dull start to September on growing slowdown worries,-0.727,0.077,0.837,0.086
31,Redditors are Buying These 10 Cryptocurrencies After The Merge,0.999,0.099,0.865,0.036
32,7 of Cathie Wood’s Favorite Stocks to Buy Now,1.0,0.138,0.843,0.019
33,"Nvidia, MongoDB, Okta, C3.ai, NIO, and More Stock Market Movers Thursday",-0.748,0.024,0.853,0.123
34,Nvidia Ensnared in Geopolitical Spy Games With China Export Ban,-0.052,0.055,0.882,0.063
35,Stock market today: 3 tickers trending on Yahoo Finance,0.796,0.064,0.892,0.044
36,"Stocks Lower, Nvidia, Disney, Apple, Broadcom In Focus - Five Things To Know",-0.296,0.048,0.855,0.096
37,"Nvidia, Hormel Foods, Okta, Ciena Fall Premarket; Walt Disney Rises",0.473,0.066,0.874,0.06
38,"ISM &amp; Jobless Claims, China Lockdown, NVIDIA Warning - What's Moving Markets",-0.986,0.057,0.844,0.099
