﻿,Titles,Polarity,Positive,Neutral,Negative
0,Nvidia (NVDA) Dips More Than Broader Markets: What You Should Know,0.992,0.099,0.892,0.009
1,Here’s Why NVIDIA Corp. (NVDA) Became a Material Contributor in Vulcan Value’s Q2 Results,0.995,0.101,0.899,0.0
2,Were Hedge Funds Right About The Procter &amp; Gamble Company (PG)?,0.997,0.094,0.884,0.022
3,Were Hedge Funds Right About Johnson &amp; Johnson (JNJ)?,0.999,0.12,0.86,0.02
4,Were Hedge Funds Right About NVIDIA Corporation (NVDA)?,0.996,0.07,0.922,0.008
5,Were Hedge Funds Right About UnitedHealth Group Inc. (UNH)?,0.997,0.093,0.887,0.02
6,Were Hedge Funds Right About Bank of America Corporation (BAC)?,0.998,0.093,0.891,0.015
7,Were Hedge Funds Right About The Walt Disney Company (DIS)?,0.999,0.116,0.862,0.023
8,Were Hedge Funds Right About Mastercard Incorporated (MA)?,0.997,0.098,0.88,0.022
