﻿,Titles,Polarity,Positive,Neutral,Negative
0,Why NVIDIA Can Thrive Through a Downturn,-0.361,0.105,0.783,0.111
1,Dow Jones Futures Fall: First Bitcoin ETF To Debut; Tesla Nears Record High,0.0,0.0,1.0,0.0
2,Nvidia (NVDA) Outpaces Stock Market Gains: What You Should Know,0.988,0.095,0.884,0.022
3,Dow Jones Futures: First Bitcoin ETF To Debut; Tesla Nears Record High,0.0,0.0,1.0,0.0
4,"Top Stock Picks for Week of October 18, 2021",0.99,0.151,0.835,0.013
5,"Top Research Reports for NVIDIA, UnitedHealth &amp; Bank of America",0.998,0.172,0.813,0.015
6,Chip tech firm Arm plans to slash development time for connected devices,0.937,0.062,0.933,0.005
7,TD SYNNEX (SNX) Rides on Rising IT Spending and New Deals,0.997,0.184,0.816,0.0
8,Dow Jones Falls On Weak China Data; Apple Sells Off Ahead Of 'Unleashed' Event,-0.382,0.09,0.729,0.181
9,Dow Jones Futures Fall On Weak China Data; Apple Drops Ahead Of 'Unleashed' Event,-0.382,0.09,0.729,0.181
10,Better Growth Stock: Nvidia or Teladoc Health?,0.743,0.139,0.861,0.0
11,3 Top Stocks to Buy if There Is a Market Pullback,0.642,0.265,0.639,0.096
