﻿,Titles,Polarity,Positive,Neutral,Negative
0,Chinese Analyst Provokes Country To Attack Elon Musk's Popular Starlink Satellite Service,-0.343,0.089,0.83,0.082
1,"Market check: Tech stocks mixed, 10-year Treasury yield retreats",0.0,0.0,1.0,0.0
2,Jump on the Metaverse Bandwagon With These 4 Tech Stocks,0.998,0.093,0.905,0.002
3,UPDATE 1-UK PM Johnson's spokesman: Not aware of plans to force ARM into London IPO,0.899,0.053,0.94,0.007
4,Is Nvidia Stock a Buy Now?,-0.893,0.021,0.761,0.218
5,The Ultimate Growth Stocks to Buy With $100 Right Now,0.944,0.213,0.767,0.02
6,Should Nvidia Investors Be Worried?,-0.226,0.078,0.847,0.076
