﻿,Titles,Polarity,Positive,Neutral,Negative
0,Nvidia Is a Screaming Buy Following its Vibrant GTC Show,0.999,0.128,0.865,0.007
1,Stocks end the day in the green as investors eye Russia-Ukraine negotiations,0.542,0.099,0.901,0.0
2,"Markets: Dow, S&amp;P 500 heading for fourth straight day of gains",0.718,0.212,0.788,0.0
3,Why Nvidia Stock Jumped Today,0.494,0.093,0.872,0.035
4,What Do Slowing GPU Demand Trends Spell for Nvidia Stock? Analyst Weighs In,0.939,0.072,0.883,0.045
5,"Will Nvidia Stock Retest The Highs, The Lows or Both?",0.826,0.178,0.822,0.0
6,"S&amp;P 500 Rides Tech Rally to Top 4,600 Amid Progress on Ukraine-Russia Talks",0.883,0.097,0.831,0.072
7,"S&amp;P 500 Climbs Higher, Led by Tech on Ukraine Hopes",0.968,0.104,0.837,0.058
8,Why Nvidia Is a Buy-and-Forget Stock,0.382,0.11,0.89,0.0
9,Nvidia Stock Is Rising. There’s a New Street-High Price Target.,0.542,0.127,0.873,0.0
10,Tigress Financial Analyst Sees 45% Upside In Nvidia - Read Why,0.956,0.088,0.912,0.0
11,7 Sold-Off Semiconductor Stocks to Buy Before the Global Chip Shortage Ends,1.0,0.143,0.808,0.049
12,Why Nvidia Stock Is Ridiculously Expensive Again,0.937,0.072,0.872,0.055
13,Kroger teams with tech giant to build artificial intelligence lab,0.477,0.171,0.829,0.0
