﻿,Titles,Polarity,Positive,Neutral,Negative
0,"Chip Makers Expect Demand Slowdown to Expand Beyond PCs, Smartphones",0.273,0.116,0.884,0.0
1,There's still a 'disconnect' between consumer spending and sentiment forecasts: Expert,0.077,0.072,0.864,0.064
2,U.S. stocks finish lower for 4th straight day as investors await July inflation report,-0.273,0.0,0.829,0.171
3,"Chipmaker Selloff Deepens as Micron, Nvidia Fan Slowdown Fears",-0.976,0.044,0.85,0.106
4,Nasdaq dragged lower into close by semiconductor losses,0.0,0.0,1.0,0.0
5,CHIPS and Science Act is 'the closest we've had to industrial policy' in decades: Expert,0.999,0.098,0.86,0.042
6,Declining semiconductor stocks drag markets lower,0.0,0.0,1.0,0.0
7,Stock Market Falls On Tech Warnings; These Restaurant And Leisure Companies Beat Estimates; LNG Rises,-0.361,0.13,0.652,0.218
8,Why Nvidia Stock Was Down on Tuesday,0.077,0.06,0.885,0.055
9,Micron and Nvidia: Buy or Sell After Bearish Updates?,-0.572,0.0,0.812,0.188
10,BlackRock warns investors should buy defensive stocks and bonds as tech-led rally at risk of fizzling,0.459,0.12,0.88,0.0
11,Virtual Assistants and Digital Humans on Pace to Ace Turing Test With New NVIDIA Omniverse Avatar Cloud Engine,0.996,0.099,0.886,0.015
12,Virtual Assistants and Digital Humans on Pace to Ace Turing Test With New NVIDIA Omniverse Avatar Cloud Engine,0.996,0.095,0.89,0.014
13,"NVIDIA Announces Major Release of Omniverse With New USD Connectors and Tools, Simulation Technologies and Developer Frameworks",0.998,0.087,0.9,0.013
14,"NVIDIA Announces Major Release of Omniverse With New USD Connectors and Tools, Simulation Technologies and Developer Frameworks",0.998,0.091,0.895,0.014
15,US STOCKS-Nasdaq slides 1% as chipmaker Micron's warning rekindles tech rout,-0.577,0.053,0.881,0.066
16,NVIDIA and Partners Build Out Universal Scene Description to Accelerate Industrial Metaverse and Next Wave of AI,0.999,0.114,0.876,0.01
17,NVIDIA and Partners Build Out Universal Scene Description to Accelerate Industrial Metaverse and Next Wave of AI,0.999,0.127,0.864,0.009
18,Stock Market Today: Dow Stumbles on Micron Warning; Inflation Data Eyed,0.715,0.099,0.804,0.097
19,S&amp;P 500 Falls on Chip Drag Ahead of U.S. Inflation Report,-0.448,0.08,0.822,0.099
20,Chip stocks in the red as President Biden signs CHIPS Act into law,0.0,0.0,1.0,0.0
21,GlobalFoundries Stock Falls. Concerns About Chip Demand Outweigh Solid Earnings.,0.71,0.282,0.718,0.0
22,"Cathie Wood Watch: Buys Nvidia, Output Platform; Sells DraftKings",0.318,0.19,0.711,0.099
23,Nvidia Tumbles on Fiscal Q2 Revenue Warnings: ETFs in Focus,0.977,0.091,0.846,0.062
24,Nvidia Stock: 4 Things Investors Should Note From Preliminary Results,-0.142,0.0,0.964,0.036
25,These 18 tech stocks are this earnings season’s standouts based on three criteria,0.852,0.152,0.848,0.0
26,10 Semiconductor Stocks to Buy on the Dip,1.0,0.115,0.866,0.019
27,Vint Cerf to Keynote IEIC Global NAP Summit 2.0 Promoting Internet Diversification and Interconnection Ecosystem Development,0.997,0.083,0.917,0.0
28,GM and 9 Other Stocks That Should Shine in a 2023 Recession: Citi,-0.361,0.09,0.801,0.109
29,Nvidia’s Shortfall: Blame Gamers or Crypto Mining?,-0.691,0.0,0.737,0.263
30,Bulls Ready Fresh Stampede as Markets Await Key Inflation Data,-0.44,0.0,0.843,0.157
31,"Nvidia's Stunner, Minty Fresh or Just Meme Stock Momentum? Trading Lemonade",0.543,0.061,0.939,0.0
32,3 Tech Stocks That Are Screaming Buys in August,0.896,0.169,0.831,0.0
33,Micron Stock Slides on Reduced Fourth-Quarter Revenue Forecast,0.026,0.03,0.941,0.029
34,Crypto winter continues to shave billions from the stock market: Morning Brief,0.965,0.083,0.854,0.062
35,"Chips Act, Alibaba Heads to HK, Oil Spikes - What's Moving Markets",-0.564,0.053,0.886,0.061
36,"Micron Issues Revenue Warning, Chip Stocks Slip",-0.671,0.0,0.906,0.094
