﻿,Titles,Polarity,Positive,Neutral,Negative
0,Nvidia (NVDA) Outpaces Stock Market Gains: What You Should Know,0.996,0.127,0.873,0.0
1,Nvidia Stock Has Been Damaged by Crypto Before. Why It Matters Again Now.,-0.527,0.0,0.827,0.173
2,Why Nvidia Stock Was Up on Thursday,0.625,0.076,0.924,0.0
3,ASML Earnings Are Pushing Semiconductor Stocks Higher,0.671,0.136,0.864,0.0
4,Investing In Stocks: See How To Invest Using 3 Simple Steps,0.818,0.288,0.712,0.0
5,Could Newegg Stock Blast Off Once Again?,0.296,0.027,0.973,0.0
6,3 Stocks That Could Double Your Money -- and Sooner Than You Might Think,0.823,0.257,0.743,0.0
7,"Baron Opportunity Fund Wins By Investing In Innovators, Big And Small",0.791,0.25,0.75,0.0
8,Nvidia Stock Climbs as Citi Lifts Price Target Following Share Split,0.44,0.17,0.83,0.0
