﻿,Titles,Polarity,Positive,Neutral,Negative
0,Nvidia Asks EU to Approve Arm Deal. A Ruling Is Due Next Month.,0.0,0.0,1.0,0.0
1,Why Nvidia Stock Slipped Wednesday,0.519,0.093,0.845,0.062
2,"UPDATE 1-Nvidia seeks EU approval for Arm deal, decision due Oct. 13",0.625,0.065,0.885,0.05
3,"Nvidia seeks EU approval for Arm deal, decision due Oct. 13",0.625,0.066,0.883,0.051
4,"Nvidia seeks EU approval for Arm deal, EU decision due Oct. 13",-0.153,0.057,0.869,0.074
5,"Company News for Sep 8, 2021",0.979,0.143,0.83,0.027
6,3 Surging Tech Stocks: Can They Go Higher?,0.73,0.132,0.819,0.049
