﻿,Titles,Polarity,Positive,Neutral,Negative
0,"4 Top Stock Trades for Wednesday: NVDA, SPCE, ABNB, ZTS",0.996,0.132,0.828,0.04
1,"Dow Jones Futures: Five Stocks Set To Take Off If Market Rallies; Upstart Skyrockets, Roblox Dives",0.0,0.0,1.0,0.0
2,Here's Why Piper Sandler Is Optimistic On Nvidia,0.971,0.102,0.871,0.027
3,How To Trade An Iron Condor On Nvidia Stock Before Earnings,0.0,0.0,1.0,0.0
4,"Nvidia Leads the Nasdaq Higher, But This Winner's More of a Surprise",0.026,0.047,0.909,0.044
5,Nvidia Earnings: What to Look For From NVDA,0.71,0.228,0.772,0.0
6,How to Trade Nvidia Stock Ahead of Earnings,0.993,0.094,0.872,0.034
7,Those who invested in NVIDIA (NASDAQ:NVDA) five years ago are up 817%,0.999,0.177,0.791,0.031
8,Why Nvidia Stock Popped Ahead of Earnings,0.832,0.109,0.876,0.016
9,10 Best Robinhood Stocks To Buy Right Now,1.0,0.145,0.831,0.024
10,Will Nvidia (NVDA) Earnings Match Rivals?,0.052,0.115,0.781,0.104
11,"Cisco Earnings, Nvidia Outlook, Retail Sales: 3 Things to Watch",0.961,0.113,0.826,0.061
12,Nvidia ETFs in Focus Ahead of Q4 Earnings,0.997,0.11,0.853,0.036
13,7 Meme Stocks That Will Outsurvive Them All,1.0,0.169,0.799,0.032
14,Nvidia’s Earnings Could Be a Big Win. What to Expect.,0.153,0.086,0.914,0.0
15,"Chip shortage won't end in 2022, says AMD CEO Lisa Su",0.893,0.05,0.923,0.027
16,Is Franklin LibertyQ U.S. Equity ETF (FLQL) a Strong ETF Right Now?,0.996,0.111,0.867,0.022
17,SoftBank's plan to list Arm after failed Nvidia deal under a cloud amid China boardroom dispute,0.709,0.049,0.902,0.049
