﻿,Titles,Polarity,Positive,Neutral,Negative
0,Dow Jones Futures Fall After Stock Market Sells Off On China Property Default Fears; These 4 Top Growth Stocks Tumbled,-0.612,0.0,0.8,0.2
1,Dow Jones Futures: Stock Market Sells Off On China Property Default Fears; These 4 Top Growth Stocks Tumbled,-0.422,0.0,0.887,0.113
2,Dow Jones Dives 900 Points Amid China Fears; Nvidia Flashes Sell Signal; Tesla Crashes Lower,-0.511,0.064,0.749,0.187
3,Is The Chip Cycle Peaking? Analysts Debate Semiconductor Stocks,0.202,0.091,0.909,0.0
4,"Dow Jones Dives, Nasdaq Loses Support As China Property Fears Sink Stock Market",-0.422,0.0,0.872,0.128
5,"Here's the biggest risk from the Evergrande crisis, says Goldman Sachs",-0.991,0.056,0.812,0.132
6,Is It Time To Part Ways With Nvidia?,0.625,0.267,0.733,0.0
7,"Dow Jones Plunges 550 Points On China Property Fears; AMD, Apple, Nvidia, Tesla Sell Off",-0.422,0.0,0.877,0.123
8,Analysts Are Upgrading These 10 Stocks,0.998,0.084,0.895,0.022
9,10 Trending Technology Stocks on Reddit,0.997,0.075,0.905,0.02
10,"Dow Jones Futures Dive On China Property Fears; AMD, Apple, Nvidia, Tesla Sell Off",-0.422,0.0,0.891,0.109
11,4 Stocks to Benefit From Continued Demand for AI,0.999,0.13,0.868,0.002
