﻿,Titles,Polarity,Positive,Neutral,Negative
0,"How to Explain the Metaverse, According to Its Biggest Booster",0.599,0.191,0.738,0.071
1,Nancy Pelosi’s husband buys millions worth of Nvidia stock ahead of chip-manufacturing bill vote,0.226,0.095,0.905,0.0
2,Why Nvidia Stock Popped Today,0.813,0.072,0.928,0.0
3,"Tesla upgraded to Deutsche Bank's 'short-term buy' list, Uber settles disabled passenger lawsuit",0.543,0.13,0.82,0.05
4,UPDATE 1-Chip designers warm to U.S. bill despite big benefits to Intel,0.996,0.127,0.841,0.032
5,Analyst are Cutting Estimates on These 10 Tech Stocks,0.999,0.091,0.863,0.046
6,"Google stock turns lower, Nvidia stock jumps",0.0,0.0,1.0,0.0
7,Nancy Pelosi’s husband just bought over $1 million of this chip stock right before a $52 billion subsidy vote — is there time to tag along?,0.996,0.122,0.847,0.031
8,Is the Options Market Predicting a Spike in NVIDIA (NVDA) Stock?,0.984,0.099,0.881,0.02
9,"Energy stocks gain, Tesla stock rises, bitcoin and ethereum prices jump",0.0,0.0,1.0,0.0
10,"Chips, Biden’s Saudi trip, Jan. 6 hearings: 3 things to watch in D.C. this week",0.995,0.115,0.848,0.037
11,U.S. chip industry split over CHIPS act benefits to Intel -sources,0.995,0.121,0.848,0.031
12,"Big Investor Sold Apple Stock, Bought Coinbase, GE, and Nvidia",0.361,0.106,0.894,0.0
