﻿,Titles,Polarity,Positive,Neutral,Negative
0,"The prospect of more Russian cyberattacks seems ever more likely. But what can you do about it? Quite a lot, it turns out.",0.296,0.099,0.901,0.0
1,HP smashes profit forecasts,0.973,0.099,0.901,0.0
2,Buy and Hold SPDR S&amp;P 500 Stock for the Next 3 to 5 Years,0.995,0.116,0.831,0.053
3,Exposure to Russia Not Seen as a Material Headwind for Semiconductor Stocks,0.296,0.032,0.968,0.0
4,"Market check: Nasdaq, Russell 2000 turn positive, Tesla stock jumps",0.0,0.0,1.0,0.0
5,Nvidia Top Shareholders,0.202,0.079,0.921,0.0
6,"BRK.A, BRK.B: 17 Key Takeaways From Warren Buffett’s Annual Letter 2022",0.98,0.085,0.896,0.019
7,Top 10 Millennial And Gen Z Stock Picks: Should You Buy Them Too?,0.287,0.097,0.903,0.0
8,NVIDIA and Neurocrine Biosciences highlighted as Zacks Bull and Bear of the Day,1.0,0.138,0.818,0.044
9,Nvidia's Quarter Shows Why It's the Best Tech Stock to Beat Inflation,0.052,0.036,0.932,0.032
10,Bull of the Day: NVIDIA (NVDA),0.999,0.145,0.822,0.032
11,The U.S. government is working with businesses to make sure they are ready for a Russian cyberattack. But what can you do?,0.296,0.099,0.901,0.0
