﻿,Titles,Polarity,Positive,Neutral,Negative
0,Semiconductor shortage a boon for chipmakers like Micron: veteran tech investor,0.99,0.124,0.828,0.048
1,Semiconductor shortage a boon for chipmakers like Micron: veteran tech investor,0.99,0.124,0.828,0.048
2,3 Reasons NVIDIA's Gaming Growth Is Legit,-0.296,0.038,0.89,0.072
3,What investors should look for before dipping back into tech stocks,0.995,0.099,0.872,0.03
4,What investors should look for before dipping back into tech stocks,0.995,0.099,0.872,0.03
5,Steady Rise in ESG Investing to Boost These 5 Stocks,0.996,0.086,0.894,0.019
6,Semiconductor Industry Continues to Thrive: 5 Stocks to Buy,0.999,0.132,0.856,0.012
