﻿,Titles,Polarity,Positive,Neutral,Negative
0,"Nvidia Is a ‘Core Holding,’ Analyst Says. But It Faces Short-Term Gaming Headwinds.",0.296,0.136,0.864,0.0
1,"Is Qualcomm Stock A Buy? In Big Win, Chip Giant QCOM Lands Deal With Volkswagen",0.0,0.0,1.0,0.0
2,Can Chip Makers AMD and Nvidia Deliver?,0.518,0.147,0.778,0.075
3,Nvidia Resumed at Equal Weight by Morgan Stanley,0.848,0.084,0.899,0.017
4,"With interest rates rising, it’s time to focus on MANG stocks instead of FAANG, according to Jefferies",0.637,0.206,0.794,0.0
5,US STOCKS-Wall Street struggles for direction as Fed decision looms,0.724,0.075,0.865,0.06
6,"Here's how Apple, Alphabet, Meta, Netflix and 21 other Bay Area companies' stocks fared in April",-0.34,0.057,0.851,0.093
7,The Ryder System and Carvana have been highlighted as Zacks Bull and Bear of the Day,0.999,0.114,0.836,0.05
