﻿,Titles,Polarity,Positive,Neutral,Negative
0,How Tesla’s battery technology is giving it an edge over the competition,0.408,0.06,0.94,0.0
1,Nvidia Stock Dips on Report of EU Opposition to Arm Deal,0.318,0.103,0.897,0.0
2,4 Top-Ranked Semi Stocks to Buy as Global Sales Continue to Soar,0.999,0.164,0.816,0.02
3,Nvidia Reportedly Faces EU Opposition to Arm Deal,0.318,0.103,0.897,0.0
4,Nvidia's Arm Deal Is Said to Face EU Regulatory Hurdle,0.649,0.092,0.874,0.033
5,5 Stocks Insiders Are Selling,0.996,0.126,0.874,0.0
