﻿,Titles,Polarity,Positive,Neutral,Negative
0,NVIDIA Profit Surges on Record Revenue Growth,0.0,0.0,1.0,0.0
1,"Nvidia sales hit records again amid chip shortage, and earnings outlook suggests more to come",-0.402,0.061,0.793,0.147
2,Nvidia (NVDA) Q1 Earnings and Revenues Surpass Estimates,0.995,0.106,0.888,0.006
3,"Markets Close Green, NVIDIA Trounces Q1 Estimates",0.998,0.136,0.847,0.017
4,"Dow Jones Futures: Nvidia Leads Six Key Earnings Late After Ford Jumps, Tesla Lags; Meme Stocks AMC, GME Soar",0.0,0.0,1.0,0.0
5,Nvidia’s Videogame Chip Sales Doubled as Miners Keep Buying,0.0,0.0,1.0,0.0
6,Nvidia Earnings: What Happened with NVDA,-0.477,0.0,0.829,0.171
7,"Nvidia Earnings Surge On Strong Gaming, Data-Center Processor Sales",0.691,0.263,0.737,0.0
8,"Dow Jones Futures: Nvidia, Williams-Sonoma, Snowflake Earnings Late After Ford Jumps, Tesla Lags; Meme Stocks AMC, GME Soar",0.0,0.0,1.0,0.0
9,Nvidia in the red after reporting Q1 earnings,0.934,0.084,0.885,0.031
10,"Nvidia sales hit a record again amid chip shortage, and the earnings outlook suggests more on the way",0.25,0.115,0.817,0.067
11,Nvidia forecast beats expectations but crypto mining's role remains unclear,0.989,0.107,0.864,0.029
12,NVIDIA Announces Financial Results for First Quarter Fiscal 2022,0.999,0.076,0.892,0.032
13,NVIDIA Announces Financial Results for First Quarter Fiscal 2022,0.999,0.078,0.891,0.031
14,Nvidia to report Q1 2022 earnings with gaming revenue expected to explode,0.982,0.101,0.864,0.035
15,Nvidia Shares Lag Despite Topping Quarterly Estimates,0.511,0.171,0.829,0.0
16,Nvidia Q1 Earnings Live Blog,0.0,0.0,1.0,0.0
17,"Dow Jones Rallies As Bitcoin Jumps Above $40,000; Nvidia Earnings Due Late",0.34,0.103,0.897,0.0
18,Nvidia Earnings: What to Look for from NVDA,-0.103,0.105,0.775,0.12
19,Stocks Can't Follow Through in Low Volume Session,0.997,0.131,0.811,0.058
20,Intel vs. AMD — should you buy either stock now?,0.142,0.025,0.975,0.0
21,"ASML Holding, Twilio, Uber and Lyft highlighted as Zacks Bull and Bear of the Day",1.0,0.121,0.857,0.023
22,3 Stocks to Buy If You've Got the Bitcoin Blues,0.44,0.106,0.847,0.047
23,3 Stocks to Buy If You've Got the Bitcoin Blues,0.44,0.106,0.847,0.047
24,Bull of the Day: ASML Holding (ASML),1.0,0.13,0.844,0.026
25,"Zscaler (ZS) Stock Pops 8% on Q3 Earnings Beat, Outlook Raised",0.998,0.124,0.854,0.021
26,NVIDIA Earnings Preview: Here’s What to Look For,0.999,0.109,0.879,0.013
27,Semiconductor Watchlist: Cramer Eyes Nvidia as It Dominates the Sector,0.0,0.0,1.0,0.0
28,Nvidia Seen Posting Sales Beat on Surging Crypto Mining Demand,0.422,0.115,0.833,0.052
29,Nvidia Earnings Preview: Could a Deceleration Be on the Horizon?,0.936,0.088,0.877,0.035
