﻿,Titles,Polarity,Positive,Neutral,Negative
0,Nvidia (NVDA) Gains But Lags Market: What You Should Know,0.99,0.094,0.891,0.015
1,"Oregon Public Employees Retirement Fund Buys Eli Lilly and Co, Costco Wholesale Corp, Intuit ...",0.998,0.039,0.956,0.005
2,"Dow Jones Futures: Google, AMD Surge Late On Earnings As Market Rally Picks Up Steam",0.494,0.144,0.856,0.0
3,Grab These Top-Ranked Tech ETFs to Join the Latest Rebound Rally,0.998,0.124,0.834,0.042
4,Intel’s Government-Fueled Comeback,0.988,0.083,0.885,0.032
5,Arm IPO Likely in 2022 With Nvidia Deal Looking Dead. It Could Be a Blockbuster.,-0.226,0.065,0.837,0.099
6,Top 10 Stock Picks of Prescott Group Capital Management,0.998,0.083,0.894,0.023
7,4 Semiconductor Stocks Set to Top Estimates This Earnings Season,0.999,0.135,0.854,0.011
8,"Truxt Investmentos Ltda. Buys XP Inc, Arco Platform, Sells NVIDIA Corp, Amazon.com Inc, Alphabet Inc",0.994,0.106,0.886,0.008
9,"Nikulski Financial, Inc. Buys NVIDIA Corp, InvenTrust Properties Corp, Innovator U.S. ...",0.994,0.059,0.935,0.006
10,"Platform Technology Partners Buys Telesat Corp, Exelon Corp, Canadian Pacific Railway, Sells ...",0.997,0.063,0.933,0.003
11,Why Nvidia and Meta Platforms are Partnering Up on Hardware,-0.052,0.036,0.927,0.038
12,How to Value a Semiconductor Stock,0.643,0.074,0.882,0.044
13,"Semiconductor Watchlist: Intel, Nvidia, Apple",-0.128,0.059,0.888,0.053
14,"Providence First Trust Co Buys NVIDIA Corp, iShares iBoxx USD Investment Grade Corporate Bond , ...",0.999,0.12,0.871,0.009
15,"Occidental Asset Management, LLC Buys SPDR Bloomberg SASB Corporate Bond ESG Select ETF, Apple ...",0.999,0.108,0.887,0.005
16,"James Hambro &amp; Partners Buys Netflix Inc, Pool Corp, Union Pacific Corp, Sells Comcast ...",0.989,0.051,0.944,0.005
17,Are These Semiconductor Stocks Shielded From Boom and Bust Cycles?,-0.318,0.081,0.806,0.114
18,"High Note Wealth, LLC Buys The Walt Disney Co, Uber Technologies Inc, Block Inc, Sells ...",0.999,0.116,0.872,0.012
