﻿,Titles,Polarity,Positive,Neutral,Negative
0,NVIDIA Sets Conference Call for Third-Quarter Financial Results,0.878,0.048,0.945,0.007
1,NVIDIA Sets Conference Call for Third-Quarter Financial Results,0.878,0.045,0.949,0.007
2,Nvidia Stock Is Now 7th-Largest in U.S. After Passing Warren Buffett’s Berkshire Hathaway,0.572,0.079,0.921,0.0
3,NVIDIA Stock Is A Big Money Favorite,0.997,0.152,0.827,0.02
4,"Nvidia Kicks Off Wednesday as 7th-Largest U.S. Company, Tops Buffett’s Berkshire",0.572,0.079,0.921,0.0
5,Why Advanced Micro Devices Stock Is a Buy After Earnings,0.879,0.237,0.763,0.0
6,Why Nvidia Stock Surged 23% in October,0.866,0.191,0.772,0.038
