﻿,Titles,Polarity,Positive,Neutral,Negative
0,"Stock Market News About Johnson &amp; Johnson, NVIDIA, and More",0.0,0.0,1.0,0.0
1,"NVIDIA Sets AI Inference Records, Introduces A30 and A10 GPUs for Enterprise Servers",0.997,0.076,0.905,0.019
2,"NVIDIA Sets AI Inference Records, Introduces A30 and A10 GPUs for Enterprise Servers",0.997,0.072,0.911,0.018
3,"NVIDIA Sets AI Inference Records, Introduces A30 and A10 GPUs for Enterprise Servers",0.997,0.076,0.905,0.019
4,What's in Store for Chip ETFs This Earnings Season?,0.996,0.116,0.86,0.024
5,"Dow Rallies 200 Points As Netflix Plunges On Earnings; Apple, Tesla Reverse Higher",0.0,0.0,1.0,0.0
6,3 Reasons Investors Can Expect More Growth From NVIDIA's Gaming Business,0.9,0.176,0.824,0.0
7,"Dow Rallies As Apple, Tesla Slide; Netflix Plunges On Earnings",0.0,0.0,1.0,0.0
8,Top Ranked Momentum Stocks to Buy for April 21st,0.995,0.103,0.895,0.003
9,"Move fast on $40bn Nvidia-Arm deal to avoid job uncertainty, ministers told",0.09,0.065,0.873,0.062
10,Hedge Funds’ Top Banking Stock,0.996,0.08,0.91,0.01
11,5 Sustainable Stocks to Snap Up Ahead of Earth Day,0.999,0.131,0.843,0.026
12,NVIDIA Hits Intel Where It Hurts With a New Data Center CPU,0.293,0.041,0.931,0.028
13,"Cathie Wood Loads Up On DraftKings, Coinbase, Palantir, Sells Nvidia, Square",0.993,0.119,0.861,0.02
