﻿,Titles,Polarity,Positive,Neutral,Negative
0,"PepsiCo, Spirit Airlines, Walt Disney: Stocks That Defined the Week",0.178,0.096,0.904,0.0
1,Stocks Tumble As Russian Threat Heightens; Interest Rate Concerns Weigh On Investors,-0.273,0.18,0.601,0.219
2,7 Tech Stocks Set for Strong Gains in February,1.0,0.127,0.85,0.024
3,6 Stocks With Earnings Reports Next Week,0.998,0.095,0.877,0.028
4,"The Arm deal is dead, but Nvidia is not expected to slow down",0.273,0.097,0.855,0.048
5,"The Zacks Analyst Blog Highlights Arista Networks, Analog Devices, Applied Materials Inc, NVIDIA and Keysight Technologies",1.0,0.14,0.846,0.013
6,Why Nvidia Stock Slipped Early Today,-0.557,0.026,0.894,0.08
7,Nvidia Offers Offers Clarity in an Uncertain Economy,0.992,0.096,0.885,0.019
8,Nvidia: After the Arm Failure,0.997,0.112,0.863,0.025
9,Nvidia’s Failed Arm Acquisition Might Be Good News for Its Stock,0.0,0.0,1.0,0.0
10,NVIDIA (NVDA) Set to Report Q4 Earnings: What's in Store?,0.999,0.139,0.855,0.006
11,Nvidia Stock’s Next Catalyst Is Earnings After Failed Purchase of Arm,0.0,0.0,1.0,0.0
12,"Successful Follow-Throughs Signal Market Bottoms, Offer Breakouts",0.0,0.0,1.0,0.0
13,SoftBank-Owned Arm Faces China Roadblock After Nvidia,-0.941,0.052,0.83,0.118
