﻿,Titles,Polarity,Positive,Neutral,Negative
0,"Why Nvidia Stock Dropped, Popped, and Dropped Again Today",0.696,0.099,0.855,0.046
1,Is Nvidia Stock a Buy Ahead of Earnings? This Is What You Need to Know,0.997,0.146,0.828,0.026
2,Market check: Stocks choppy as investors digest hot inflation,0.977,0.097,0.888,0.015
3,SAIC Secures Space &amp; Intelligence Contracts Worth $410M in Q4,0.998,0.133,0.859,0.008
4,What Recent Talk About Softbank and Alibaba Says About Both Firms,-0.25,0.09,0.779,0.131
5,Akamai (AKAM) to Report Q4 Earnings: What's in the Cards?,0.996,0.125,0.871,0.004
6,Tyler (TYL) Buys Outdoor Recreation Solution Firm US eDirect,0.998,0.128,0.872,0.0
7,10 Best Cryptocurrencies to Invest In For Beginners in 2022 According to Reddit,0.999,0.108,0.873,0.019
8,5 Tech Bigwigs to Buy Ahead of Earnings Results Next Week,1.0,0.153,0.838,0.009
9,Bull of the Day: Advanced Micro Devices (AMD),0.999,0.156,0.83,0.013
