﻿,Titles,Polarity,Positive,Neutral,Negative
0,NVIDIA and AMD: Digital Flywheels of Super-Exponential Innovation,0.999,0.139,0.846,0.016
1,NVIDIA and AMD: Digital Flywheels of Super-Exponential Innovation,0.999,0.139,0.846,0.016
2,Nvidia (NVDA) Stock Sinks As Market Gains: What You Should Know,0.992,0.106,0.881,0.013
3,Nvidia (NVDA) Stock Sinks As Market Gains: What You Should Know,0.992,0.106,0.881,0.013
4,10 Best ESG Stocks to Buy Now,1.0,0.131,0.86,0.009
5,10 Best ESG Stocks to Buy Now,1.0,0.131,0.86,0.009
6,10 Best Cryptocurrencies to Buy for Early Retirement,1.0,0.164,0.822,0.013
7,10 Best Cryptocurrencies to Buy for Early Retirement,1.0,0.164,0.822,0.013
8,"TOP500's Supercomputer List Gives Investors Great Insight on AMD, NVIDIA, and Intel",0.671,0.119,0.85,0.031
9,"TOP500's Supercomputer List Gives Investors Great Insight on AMD, NVIDIA, and Intel",0.671,0.119,0.85,0.031
10,Can the Rally in NVIDIA (NVDA) Shares Continue?,0.995,0.177,0.823,0.0
11,Can the Rally in NVIDIA (NVDA) Shares Continue?,0.995,0.177,0.823,0.0
12,"Intel Delays New Chip Production Plans Despite Competition, Government Subsidies: WSJ",0.955,0.09,0.873,0.037
13,"Forget the Stock Split, Here's the Real Reason to Invest in NVIDIA Stock",0.238,0.044,0.937,0.019
14,"Forget the Stock Split, Here's the Real Reason to Invest in NVIDIA Stock",0.238,0.044,0.937,0.019
15,NVIDIA's Stock Split Is Almost Here: Here's What You Should Know,0.426,0.107,0.893,0.0
16,These 3 Winners Look Ready for a Stock Split,0.807,0.186,0.754,0.06
17,These 3 Winners Look Ready for a Stock Split,0.807,0.186,0.754,0.06
18,"Didi Global, Micron, Nvidia and Bed Bath &amp; Beyond: 5 Things You Must Know",0.0,0.0,1.0,0.0
19,Why TuSimple Stock Soared 25% Over the Last 2 Days,0.637,0.245,0.755,0.0
