﻿,Titles,Polarity,Positive,Neutral,Negative
0,Rising treasury yields flash a warning for broader markets: strategist,0.999,0.099,0.878,0.023
1,Rising treasury yields flash a warning for broader markets: strategist,0.999,0.099,0.878,0.023
2,"The Zacks Analyst Blog Highlights: Mastercard, NVIDIA, Costco, Disney and Bristol-Myers Squibb",0.998,0.139,0.822,0.04
3,Columbia Mutual Fund Wins With A Daring Focused Approach,0.778,0.236,0.764,0.0
4,15 Companies That Benefited The Most From The Pandemic,0.999,0.089,0.886,0.025
