﻿,Titles,Polarity,Positive,Neutral,Negative
0,Intel (INTC) Set to Close the Sale of NAND &amp; SSD Business,0.996,0.123,0.861,0.016
1,"Dow Jones Futures: Market Rally Divided As Bond Yields Spike; GM, Ford Soar As Tesla Retreats",0.649,0.297,0.608,0.095
2,"Dow Jones Rallies; Tesla Passes Buy Point; GM, Ford Stock Charge As Toyota Snatches Crown",0.0,0.0,1.0,0.0
3,Dow Jones Rallies; GM Stock Surges As Toyota Snatches Its Crown; Tesla Tests Buy Point,0.0,0.0,1.0,0.0
4,7 Stocks to Buy to Play These Hot Long-Term Trends,1.0,0.153,0.819,0.028
5,Nvidia Extends TuSimple Partnership For Autonomous Trucking; Showcases Omniverse Plans,0.934,0.1,0.873,0.027
6,"AT&amp;T, Nvidia Bond Over Cloud Gaming",0.964,0.128,0.872,0.0
7,Intel launches graphics chips for gamers in effort to take on Nvidia,0.727,0.049,0.951,0.0
8,"Modus Advisors, LLC Buys Boeing Co, The Toro Co, Prologis Inc, Sells Penn National Gaming Inc, ...",0.993,0.062,0.929,0.009
9,"Dow Jones Soars To All-Time High, But Nvidia, AMD Stock Slammed; Watch These Financial Stocks Now",0.153,0.096,0.833,0.07
10,"CCL, RCL, NCLH, LIND: Why Cruise Stocks Are Up Today",0.98,0.077,0.909,0.015
11,"Market check: Stocks mixed in intraday trading, Pinterest shares plummet",0.052,0.081,0.845,0.074
12,Why Nvidia Stock Dropped 4.5% Today,0.735,0.131,0.807,0.062
13,"Nvidia reveals $249 gaming card, as well as a ‘BFGPU,’ at CES 2022",0.202,0.097,0.833,0.069
14,CES 2022: The biggest trends to expect from the consumer tech conference,0.992,0.056,0.929,0.015
15,Chinese EV startups turn to Nvidia in the race to catch Tesla,0.958,0.069,0.923,0.008
16,"AMD, Nvidia Lead Chip Stocks Lower in Broad-Based Tech Selloff",0.517,0.087,0.85,0.063
17,"Nvidia embraces the metaverse with new software, marketplace deals",0.977,0.105,0.895,0.0
18,"Apple stock ‘is overpriced right now, and significantly so’: Strategist",0.599,0.182,0.818,0.0
19,"AMD, Nvidia, Intel, Qualcomm Tout Chip Advances At CES 2022",0.202,0.107,0.893,0.0
20,"NVIDIA Expands Reach With New GeForce Laptops and Desktops, GeForce NOW Partners, and Omniverse for Creators",0.997,0.066,0.919,0.015
21,"NVIDIA Expands Reach With New GeForce Laptops and Desktops, GeForce NOW Partners, and Omniverse for Creators",0.997,0.066,0.921,0.014
22,"2 Unstoppable Stocks That Could Turn $100,000 Into $500,000 by 2030",0.848,0.38,0.62,0.0
23,Nvidia Unveils Its Most Powerful  Gaming Chip Ahead of CES,0.0,0.0,1.0,0.0
24,3 ‘Founder CEO’ Stocks to Buy as 2022 Gets Underway,1.0,0.165,0.81,0.025
25,"AMD Acquires Xilinx, Intensifies Competition with Peers",0.997,0.17,0.82,0.009
26,NVIDIA (NVDA) Up 125% Last Year: Will Rally Continue in 2022?,0.999,0.159,0.834,0.007
27,Is NVIDIA Still a Buy After Jumping 125% in 2021?,0.431,0.135,0.798,0.067
28,Better Metaverse Stock: Nvidia vs. Roblox,0.599,0.119,0.843,0.038
29,Could Marvell Technology Become the Next Nvidia?,0.045,0.065,0.935,0.0
30,Self-driving truck company TuSimple to use Nvidia chips for autonomous computing,0.904,0.053,0.947,0.0
31,TuSimple To Use Nvidia Chips For Autonomous Truck Driving Computer,0.84,0.078,0.892,0.03
32,"Apple, Ford Rise Premarket; Foot Locker, Warner Music Fall",0.989,0.12,0.873,0.007
33,"Bath Savings Trust Co Buys Thermo Fisher Scientific Inc, Walgreens Boots Alliance Inc, Pool ...",0.999,0.117,0.877,0.006
