﻿,Titles,Polarity,Positive,Neutral,Negative
0,Nvidia Reports Earnings Wednesday. Here’s Why Cryptocurrencies Matter.,0.0,0.0,1.0,0.0
1,Dow Jones Falls 282 Points While Nasdaq Leads Downside; Home Depot Earnings Send Stock Lower,-0.459,0.0,0.826,0.174
2,NVIDIA (NVDA) Option Traders Bearish Before Earnings,0.511,0.17,0.83,0.0
3,Cisco (CSCO) Option Traders Unconfident Before Earnings,0.511,0.17,0.83,0.0
4,Dow Jones Dives Almost 400 Points; Tesla Loses Key Support; Home Depot Plunges,-0.625,0.0,0.823,0.177
5,Option Traders Eye Bull Put Spread For Nvidia Stock Ahead Of Earnings,0.572,0.251,0.749,0.0
6,"Dow Jones Slumps 400 Points; Home Depot Hit On Earnings, But 3 Recent IPOs Soar To New Highs",0.296,0.104,0.84,0.056
7,"Apple Chip Supplier TSMC's Market-Cap Leapfrogs Above High-Profile Chinese Tech Stalwarts Tencent, Alibaba",0.917,0.077,0.884,0.038
8,Nvidia Earnings: What to Look for from NVDA,-0.103,0.091,0.805,0.104
9,Why Nvidia Stock Dropped Before Earnings Today,0.521,0.131,0.795,0.074
10,Nvidia Earnings: What to Watch on Wednesday After the Market Close,0.0,0.0,1.0,0.0
11,What's in Store for Nvidia ETFs in Fiscal Q2 Earnings?,0.998,0.129,0.848,0.023
12,"Dow Jones Sells Off As Retail Sales Miss; Home Depot, Walmart Report Earnings",-0.296,0.0,0.909,0.091
13,"Dow Jones Futures Slide 200 Points As Home Depot, Walmart Earnings Beat",-0.318,0.0,0.905,0.095
14,These Growth Stocks Could Help You Beat a Market Crash,-0.765,0.0,0.856,0.144
15,Morning Bell With Jim Cramer: Are Nvidia and Nucor Shares Expensive?,0.0,0.0,1.0,0.0
