﻿,Titles,Polarity,Positive,Neutral,Negative
0,Weekly Roundup,0.296,0.149,0.746,0.104
1,Why NVIDIA Stock Got Beat by the Market Today,-0.696,0.039,0.784,0.177
2,Medical Sector Leads New Buys By Top Funds While Big Mac Joins Big Oil,0.772,0.261,0.739,0.0
3,These companies hopped on the crypto train when times were booming. Which are exposed in a downturn?,0.599,0.096,0.904,0.0
4,"CHIPS Act delay ‘really frustrating’ for tech companies, analyst says",0.128,0.062,0.89,0.047
5,10 Cheap ETFs to Invest in For Beginners,1.0,0.124,0.861,0.015
6,10 Artificial Intelligence Stocks Under $10,1.0,0.132,0.86,0.008
7,Nancy Pelosi Stock Portfolio: 10 Latest Stocks To Consider,1.0,0.115,0.848,0.037
8,Why Intel Stock Will Rise Sharply From Here,0.989,0.125,0.805,0.07
9,"The Zacks Analyst Blog Highlights NVIDIA, HSBC Holdings, 3M, BP, and PNC Financial Services",0.999,0.139,0.833,0.028
