﻿,Titles,Polarity,Positive,Neutral,Negative
0,"When in Doubt, Zoom Out; Bear Markets Are a Goldmine",0.999,0.18,0.763,0.057
1,When Should You Sell a Stock?,0.998,0.133,0.836,0.031
2,10 Warren Buffett Stocks to Buy for the Second Half of 2022,1.0,0.123,0.854,0.023
3,"Why Amazon, Apple, and Nvidia Are Falling Today",0.459,0.069,0.911,0.02
4,These 10 stocks in the S&amp;P 500 have lost $4.1 trillion of investors’ money during the first half of 2022,0.44,0.075,0.925,0.0
5,The Curious Reason That Nvidia Stock Keeps Dropping,0.45,0.084,0.874,0.042
6,"Want $1 Million In Retirement? Invest $300,000 In These 3 Stocks and Wait 10 Years",0.132,0.056,0.904,0.041
7,"Nvidia, Apple, Microsoft And Others Set To Lose As Gartner Predicts Demand Softness For Smartphones, PCs In 2022",0.488,0.093,0.825,0.082
8,Why Wednesday Was Another Rough Day for AMD and Nvidia,0.25,0.053,0.947,0.0
