﻿,Titles,Polarity,Positive,Neutral,Negative
0,Eight Leveraged Single-Stock ETFs are Launched,-0.374,0.076,0.72,0.204
1,AXS Launches Single-Stock Leveraged ETFs. They Aren’t for Long-Term Investors.,0.557,0.133,0.867,0.0
2,"Why Nvidia, Meta, and Amazon Stocks Are Falling Today",-0.296,0.0,0.872,0.128
3,Nvidia stock down after analyst cuts estimates amid weakening demand,0.026,0.154,0.699,0.147
4,"Two pieces of good news for investors and three moves to make now in the wake of surging CPI, from UBS",0.758,0.228,0.772,0.0
5,5 Semiconductor Stocks to Look at After the CHIPS Act Passes,0.994,0.083,0.87,0.047
6,"3 Stocks That Turned $1,000 into $10,000 (or More)",0.34,0.103,0.897,0.0
7,Prediction: These Growth Stocks Will Be Worth $1 Trillion by 2030,-0.25,0.0,0.905,0.095
