﻿,Titles,Polarity,Positive,Neutral,Negative
0,3 Reasons Why Nvidia (NVDA) Is a Great Growth Stock,0.999,0.252,0.732,0.016
1,"Dow Jones Reverses, Tech Stocks Fall As Apple, Tesla Sell Off; AMC Stock Crashes 43% On Stock Sale",0.0,0.0,1.0,0.0
2,Top Ranked Momentum Stocks to Buy for June 3rd,0.997,0.126,0.874,0.0
3,Top Ranked Momentum Stocks to Buy for June 3rd,0.997,0.126,0.874,0.0
4,"Dow Jones Reverses, Tech Stocks Fall As Apple, Tesla Sell Off; AMC Stock Crashes 34% On Stock Sale",0.0,0.0,1.0,0.0
5,"Dow Jones Slides As Apple, Tesla Sell Off; AMC Stock Crashes 34% On Stock Sale",0.0,0.0,1.0,0.0
6,Looking for Computer and Technology Stocks? The Zacks Rank Can Help You Find Winners,0.998,0.143,0.842,0.015
7,Better Buy: Activision Blizzard vs. NVIDIA,0.802,0.164,0.836,0.0
8,These 10 Words From NVIDIA's CEO Could Mean More Upside for This Growth Stock,-0.247,0.146,0.608,0.246
