﻿,Titles,Polarity,Positive,Neutral,Negative
0,7 Electric Vehicle Stocks With Strong Price Targets,1.0,0.132,0.825,0.043
1,Why megacap stocks rallied after Russia invaded Ukraine,-0.872,0.06,0.874,0.066
2,"Market check: Stocks rally from lows, tech rebounds",0.0,0.0,1.0,0.0
3,"Tech stocks ‘are way oversold,’ Wedbush’s Dan Ives says",0.296,0.053,0.947,0.0
4,Are tech stocks now a screaming buy?,0.904,0.068,0.893,0.039
5,7 Stocks Making Major Metaverse Moves in 2022,1.0,0.128,0.852,0.02
6,"Is Nvidia (NVDA) a Solid Growth Stock? 3 Reasons to Think "" Yes """,1.0,0.26,0.726,0.014
7,"Why Nvidia, Apple, and Fastly Stocks Are All Falling Today",-0.527,0.043,0.846,0.11
8,Nvidia Stock Gets Disconnected From Reality,0.832,0.103,0.897,0.0
9,7 Overvalued Stocks to Sell While You Still Can,0.998,0.109,0.811,0.08
