﻿,Titles,Polarity,Positive,Neutral,Negative
0,"Stocks close in the green, led by Amazon, Tesla, and Microsoft",0.273,0.057,0.943,0.0
1,"Stocks near session highs as investors await Fed rate decision, oil falls",0.273,0.058,0.942,0.0
2,Is Now the Time to Buy Nvidia Stock?,-0.7,0.0,0.894,0.106
3,Should Investors Worry About Nvidia's Latest Hack?,-0.914,0.0,0.849,0.151
4,Why AMD Stock Rocketed Higher Today,0.807,0.096,0.904,0.0
5,Inside Intel's Self-Driving Spinoff,-0.382,0.049,0.884,0.067
6,Why Nvidia Stock Rocketed Higher Today,0.765,0.153,0.808,0.039
7,S&amp;P 500 Rallies as Investors Pile Into Battered Tech Stocks Ahead of Fed Decision,0.97,0.101,0.854,0.045
8,"Tech stocks are battling the ultimate 'perfect storm,' says analyst",0.53,0.067,0.874,0.059
9,S&amp;P 500 in Rally Mode as Tech Finds Strength Ahead of Fed Meeting,0.971,0.107,0.846,0.047
10,Better Buy: Netflix vs. Nvidia,0.691,0.12,0.88,0.0
11,7 Superstar Tech Stocks That May Outperform This Market Rout,0.999,0.11,0.862,0.029
12,Intel Edges Higher After Choosing EU Factory Sites,0.743,0.062,0.898,0.04
13,Chip design firm SiFive to sell OpenFive to Canadian tech company,0.0,0.0,1.0,0.0
