﻿,Titles,Polarity,Positive,Neutral,Negative
0,Nvidia (NVDA) Outpaces Stock Market Gains: What You Should Know,0.992,0.101,0.886,0.012
1,Top 10 Biggest Semiconductor Companies,0.0,0.0,1.0,0.0
2,Markets accelerate gains into the close bolstered by tech stocks,0.978,0.088,0.912,0.0
3,Arm’s CEO doesn’t expect global chip production to ramp up any time soon,1.0,0.118,0.857,0.025
4,Gaming industry sees a slowdown amid flurry of earnings,0.0,0.0,1.0,0.0
5,"“If It Goes Lower, Buy Some More”: 10 Semiconductor Stocks for the Next 20 Years",0.999,0.086,0.887,0.027
6,AMD's Data Center Revenue Soars 83% -- Is the Stock a Buy Now?,0.85,0.162,0.838,0.0
7,Nvidia Stock Can Thrive Despite CHIPS Act Pressure,0.996,0.142,0.782,0.076
8,AMD follows Intel in warning that the PC market is falling apart,-0.953,0.036,0.893,0.07
