﻿,Titles,Polarity,Positive,Neutral,Negative
0,Nvidia Stock Sank in After-Hours Trading Today -- Here's Why the Stock Could Be a Solid Buy,0.612,0.263,0.737,0.0
1,7 Undervalued Blue-Chip Stocks to Buy for June,0.999,0.129,0.822,0.049
2,"Nvidia Posts Record Sales, Warns of Russia, China Hit",0.0,0.0,1.0,0.0
3,"Fed Minutes Firm Market; NVDA, WSM Beat, Head Separate Ways",0.998,0.143,0.839,0.017
4,Nvidia (NVDA) Beats Q1 Earnings and Revenue Estimates,0.994,0.092,0.896,0.012
5,"Nvidia Revenue Forecast Letdown Sends AMD, Chipmakers Lower",-0.8,0.09,0.795,0.115
6,"Dow Jones Futures: Market Rallies On Fed Signals; Twitter Jumps On Elon Musk Move, Nvidia Falls On Guidance",0.0,0.0,1.0,0.0
7,"Davos 2022: Chip makers could flee the US in ‘months’ unless Congress acts, Commerce secretary says",-0.945,0.05,0.878,0.071
8,Apple lost another key member of its car project — this time to Luminar,0.0,0.0,1.0,0.0
9,"Nvidia earnings: 'The fundamentals of the quarter itself were terrific,' analyst says",0.998,0.115,0.853,0.031
10,Nvidia stock falls after missing on second-quarter guidance,0.026,0.05,0.909,0.042
11,Nvidia stock drops as China COVID shutdowns weaken outlook,-0.402,0.081,0.775,0.144
12,REFILE-US STOCKS-Wall Street rallies as Fed minutes meet expectations,0.969,0.066,0.903,0.032
13,"Nvidia shares drop on disappointing revenue outlook and China, Russia obstacles",-0.478,0.057,0.875,0.068
14,"Nvidia falls short on guidance, stock down 9% after hours",-0.889,0.064,0.85,0.086
15,NVIDIA Announces Financial Results for First Quarter Fiscal 2023,0.999,0.076,0.889,0.035
16,NVIDIA Announces Financial Results for First Quarter Fiscal 2023,0.999,0.075,0.891,0.034
17,"4 Top Stock Trades for Thursday: NVDA, DKS, GME, TOL",0.966,0.08,0.87,0.051
18,"Retail, energy stocks higher as markets extend gains",0.0,0.0,1.0,0.0
19,"Dow Futures Mixed, Nvidia Falls on Disappointing Guidance",-0.735,0.039,0.907,0.054
20,Is Nvidia Stock Still a Buy If It Flops on Earnings Expectations?,0.949,0.069,0.886,0.046
21,Nvidia Reports Earnings Today. Data Centers Could Be a Silver Lining.,0.226,0.06,0.88,0.061
22,"S&amp;P 500 Climbs as Tech Rallies, Retailers Rebound After Fed Minutes",0.986,0.101,0.859,0.039
23,What's in Store for Nvidia ETFs in Q1 Earnings,0.998,0.116,0.857,0.027
24,"With Nvidia Earnings on Tap, Be Smart with NVDA Stock",0.998,0.15,0.796,0.053
25,11 Best Robotics Stocks Under $10,1.0,0.12,0.868,0.011
26,Stocks edge higher as investors await Fed minutes,0.991,0.081,0.906,0.013
27,Want Better Returns? Don't Ignore These 2 Computer and Technology Stocks Set to Beat Earnings,0.997,0.141,0.859,0.0
28,Dow Jones Futures Fall Ahead Of Fed Minutes; Nvidia Earnings Next,0.0,0.0,1.0,0.0
29,3 Surefire Stocks to Buy in the Next Bear Market,0.0,0.0,1.0,0.0
30,The Next $1 Trillion US Tech Stock Is Far Away From Joining Exclusive Club,0.996,0.149,0.76,0.091
31,"Stocks Mixed, Fed Minutes, Nordstrom, Wendy's, Nvidia In Focus - Five Things You Must Know",0.511,0.164,0.753,0.083
32,U.S. Stocks Gain Ahead of the Federal Reserve's Meeting Minutes,-0.637,0.054,0.879,0.068
33,"Fed Minutes, Nordstrom and Nvidia Earnings, ECB Talk - What's Moving Markets",-0.977,0.057,0.855,0.088
