﻿,Titles,Polarity,Positive,Neutral,Negative
0,Dow Jones Futures: Market Rally Makes Powerful Move; Google Leads 7 Stocks Flashing Buy Signals,0.637,0.189,0.811,0.0
1,"Stock Picks: Nvidia, Microsoft Reveal 7 Telltale Traits As Market Looks To Rebound",0.893,0.3,0.7,0.0
2,"Stock Picks: Nvidia, Microsoft Reveal 7 Telltale Traits As Market Looks To Rebound",0.893,0.3,0.7,0.0
3,"Dow Jones Rallies On Jobs, Earnings; Microsoft Up As It Makes This China Move; Boeing Dips On 787 Woes",0.735,0.228,0.772,0.0
4,Dow Jones Rallies; Microsoft Up As It Makes This China Move; Boeing Dips On Dreamliner Woes,0.735,0.228,0.772,0.0
5,"Dow Jones Jumps On Jobs, Earnings; Microsoft Up As It Makes China Move; Boeing Dips On This",0.735,0.228,0.772,0.0
6,Why Nvidia Shares Are Rising,0.765,0.091,0.859,0.05
7,Nvidia Reclaims 50-Day,0.572,0.089,0.911,0.0
8,"S&amp;P 500 in Rally as Bank Earnings Delight, Bulls Dip Into Chips",0.957,0.061,0.928,0.011
9,"Embark Trucks Tallies 14,200 Prelaunch Reservations for Driverless Software",0.997,0.091,0.891,0.018
10,"S&amp;P 500 Gains Amid Chip-Led Rally, Bullish Bank Earnings",0.772,0.056,0.923,0.021
11,AMD Stock Breaks Out. Here's How It Can Continue Forward.,0.422,0.113,0.887,0.0
12,10 Best Jim Cramer Stocks To Buy Today,1.0,0.148,0.834,0.018
13,"Stock Market News for Oct 14, 2021",0.996,0.126,0.849,0.025
14,Nvidia's Pending Arm Acquisition: What Investors Need to Know,0.542,0.06,0.94,0.0
15,"The Zacks Analyst Blog Highlights: Microsoft, NVIDIA, Applied Materials, Broadcom, and salesforce.com",0.999,0.144,0.835,0.02
16,Former Outcast Growth Stocks Help Drive Winning Mutual Fund,0.914,0.414,0.586,0.0
