﻿,Titles,Polarity,Positive,Neutral,Negative
0,"Dow Jones Futures: Market Woes Intensify As DocuSign Craters; Apple, Adobe, Tesla, Microsoft, Nvidia In Focus",-0.44,0.0,0.873,0.127
1,Nvidia stock flirts with correction territory after FTC sues to halt Arm deal,0.422,0.147,0.809,0.044
2,Jim Cramer is Bearish on These 10 Stocks,0.998,0.091,0.886,0.023
3,Nvidia stock slides into correction territory after FTC sues to halt Arm deal,0.459,0.143,0.857,0.0
4,Why Nvidia Stock Climbed 28% in November,0.881,0.183,0.817,0.0
5,Nvidia’s $40 billion Arm deal is all but dead — but it’s not a huge loss,0.94,0.072,0.881,0.047
6,Why Nvidia Stock Short-Circuited Today,-0.362,0.1,0.772,0.128
7,US STOCKS-Nasdaq dives over 2% as tech stocks slide at end of volatile week,0.971,0.089,0.861,0.051
8,FTC sues Nvidia to block $40 billion ARM acquisition,0.996,0.146,0.81,0.044
9,"Marvell will be ‘in the same camp’ as AMD, Nvidia after ‘one of the best’ semiconductor earnings calls",0.902,0.252,0.748,0.0
10,"From Tesla to Nvidia, Wall Street’s Favorites Keep Tumbling",0.337,0.073,0.857,0.07
11,S&amp;P 500 Ends Week Lower After 'Colossal Miss' in Jobs Report,0.703,0.085,0.842,0.074
12,"FTC sues to block Nvidia’s ARM deal, Musk sells more Tesla stock, Munger critiques stock market",0.0,0.0,1.0,0.0
13,Nvidia Stock Tumbles After U.S. Antitrust Officials Sue To Halt Its Takeover Of Arm,-0.612,0.0,0.808,0.192
14,Nvidia metaverse future bright even as Arm may slip from grasp,0.95,0.083,0.887,0.03
15,MRVL Stock Alert: 14 Reasons Why Marvell Technology Investors Are Feeling Marvelous Today,0.994,0.114,0.866,0.021
16,10 Best Low-Cost Tech Stocks to Buy Right Now,0.999,0.125,0.861,0.014
17,NVDA Stock: 16 Things for Nvidia Investors to Know as FTC Fights Arm Mega Merger,0.548,0.059,0.894,0.046
18,S&amp;P 500 Slips on Tech Wreck After November Job Gains Fall Short,0.929,0.091,0.848,0.061
19,Nvidia’s Purchase of Arm Looks Dead. What Comes Next?,-0.202,0.063,0.845,0.092
20,4 Solid Microchip Stocks to Buy on Soaring Global Demand,0.999,0.135,0.825,0.04
21,Dow Jones Futures Rise With Jobs Report Due After Market Rallies; DocuSign Dives; Tesla Rival Reports Booming EV Sales,-0.572,0.0,0.81,0.19
22,"Best Mutual Funds Bet Billions On Tech Stocks Like Apple, Nvidia As Market Faces Test",0.671,0.249,0.669,0.082
23,Nvidia’s Purchase of Arm Is (Likely) Dead. What Comes Next?,-0.202,0.063,0.845,0.092
24,Here's Another Reason Why Nvidia Could Keep Growing at a Terrific Pace,0.765,0.11,0.847,0.043
25,NVIDIA-Arm Holdings Deal Hits a Wall: FTC Sues to Block Deal,0.989,0.102,0.852,0.046
26,Dow Jones Futures Await Jobs Report After Market Rallies; DocuSign Dives; Tesla Rival Reports Booming EV Sales,-0.572,0.0,0.81,0.19
27,Didi’s Dramatic Delisting Rings Alarm Bells for Alibaba and Others,-0.44,0.0,0.903,0.097
28,3 Unstoppable Stocks That Could Crush the Market Again in 2022 -- and Beyond,0.483,0.078,0.869,0.053
29,SoftBank Poised to Lose $74 Billion Payday If Arm Deal Is Halted,0.997,0.132,0.811,0.057
30,Nvidia’s deal for ARM is dead — how long until CEO Jensen Huang admits it?,-0.226,0.0,0.949,0.051
