﻿,Titles,Polarity,Positive,Neutral,Negative
0,The 10 Best S&amp;P 500 Tech Stocks of 2021 Start With a Highflying Security Company,0.0,0.0,1.0,0.0
1,AMC Entertainment is Yahoo Finance's 2021 top trending ticker,0.994,0.09,0.874,0.035
2,4 Chip Stocks That More Than Doubled in 2021,0.999,0.171,0.816,0.013
3,Tech Megacaps Had a Big 2021. What’s Ahead for 2022.,0.73,0.096,0.881,0.023
4,Nvidia Stock Is One of the Biggest Gainers in 2021. Should It Replace Netflix in the FAANGs?,0.542,0.184,0.816,0.0
5,Is It Too Late To Buy Nvidia Stock?,0.382,0.167,0.833,0.0
6,Why Nvidia Stock Dipped Today,0.026,0.088,0.825,0.086
7,"Tesla 'ranks no. 1’ in future capability with autonomy, chip building: Innovation expert",0.382,0.085,0.915,0.0
8,"S&amp;P 500 Snaps Record Run After Briefly Topping 4,800",0.41,0.08,0.852,0.068
9,5 Stocks That Have Powered the S&amp;P 500 ETF in 2021,0.999,0.162,0.813,0.025
10,"Northland Names Luminar As Top Pick For 2022, Thanks To Intel, NVIDIA",0.818,0.056,0.933,0.011
11,S&amp;P 500 Eases From Record as Tech Stumble Offsets Rebound in Travel Stocks,0.907,0.11,0.819,0.071
12,"Got $3,000? 2 Tech Stocks to Buy and Hold for the Long Term",0.951,0.219,0.76,0.021
13,"AMC, Tesla, GameStop among Yahoo Finance’s most-searched tickers in 2021",0.202,0.083,0.917,0.0
14,Nvidia Is One of the S&amp;P 500’s Biggest Gainers in 2021. It Should Replace Netflix in the FAANGs.,0.542,0.184,0.816,0.0
15,"5 Reasons to Buy Texas Instruments, and 1 Reason to Sell",0.202,0.078,0.882,0.039
16,Better Growth Stock: AMD vs. Nvidia,0.778,0.175,0.764,0.061
17,"The Zacks Analyst Blog Highlights: Clearfield, SiTime, Synaptics, Perficient and NVIDIA",0.998,0.115,0.865,0.02
18,"S&amp;P 500 Sets Record, U.S. Markets Higher in Muted 'Rebalancing' Trade",-0.318,0.048,0.893,0.058
19,My 3 Highest Conviction Growth Stocks to Buy Before 2022,0.586,0.147,0.853,0.0
20,How You Can Make More Money on the Metaverse Than Elon Musk Will,-0.153,0.052,0.881,0.067
21,"Pre-Market Movers: Tesla Pops, Lucid Group Dips, Nvidia and AMD Rise",0.897,0.067,0.893,0.04
22,15 E-Mobility Stocks That Could Become The New Sector Leaders In 2022,1.0,0.106,0.874,0.02
23,"GraniteShares ETF Trust Buys Visa Inc, Comcast Corp, PepsiCo Inc, Sells Tesla Inc, JPMorgan ...",0.999,0.093,0.9,0.007
