﻿,Titles,Polarity,Positive,Neutral,Negative
0,Top Ranked Momentum Stocks to Buy for June 9th,0.997,0.116,0.884,0.0
1,Top Ranked Momentum Stocks to Buy for June 9th,0.997,0.116,0.884,0.0
2,6 Microchip Stocks to Buy as Supply Shortage Boosts Demand,0.999,0.148,0.8,0.053
3,6 Microchip Stocks to Buy as Supply Shortage Boosts Demand,0.999,0.148,0.8,0.053
4,4 Stocks to Capitalize on the Booming Virtual Reality Market,0.998,0.133,0.842,0.025
5,What a 15% Global Minimum Corporate Tax Rate Means for the Stock Market,-0.153,0.0,0.935,0.065
6,"Semiconductor Watchlist: Jim Cramer Says to Own Nvidia, AMD and Broadcom",0.0,0.0,1.0,0.0
7,Lex Letter from London: Arm wrestling,0.637,0.106,0.894,0.0
