﻿,Titles,Polarity,Positive,Neutral,Negative
0,"Bezos, Branson and Musk Scrambling For Supply Of This Rare Gas",1.0,0.119,0.834,0.048
1,Nvidia (NVDA) Stock Sinks As Market Gains: What You Should Know,0.994,0.112,0.877,0.011
2,Why Trump is partly to blame for the U.S. chip shortage,-0.625,0.0,0.773,0.227
3,"Big tech rally: Amazon at record high, Apple extends gains",0.671,0.206,0.794,0.0
4,Nasdaq's Rally to Continue in 2H21: 5 Large Cap Stocks to Buy,1.0,0.16,0.828,0.013
5,Why Newegg Stock Skyrocketed 42% on Tuesday,0.671,0.143,0.857,0.0
6,"If You Invested $1000 in Nvidia 10 Years Ago, This Is How Much You'd Have Now",0.998,0.147,0.831,0.022
7,Microchip Sales Continue to Soar on Higher Demand: 5 Winners,0.999,0.126,0.859,0.015
8,Good News Is Coming For Hot Tech Stocks In The Next 3 Months,-0.103,0.108,0.769,0.123
9,"Newegg More Than Doubles, Turning Into Meme Play",0.898,0.405,0.595,0.0
10,"Zacks.com featured highlights include: Apollo Medical, Atento, Grindrod Shipping, Nike and NVIDIA",0.999,0.153,0.825,0.022
11,Coinbase vs. Nvidia: Which Cryptocurrency Stock Is A More Compelling Buy?,0.994,0.078,0.909,0.013
12,Nvidia Continues to Travel to New Heights So Raise Stops,0.402,0.113,0.825,0.061
13,"Morning Bell With Jim Cramer: Nvidia, Oil Prices and Didi",0.521,0.048,0.936,0.015
