﻿,Titles,Polarity,Positive,Neutral,Negative
0,Qualcomm Offers to Rescue Arm if Regulators Block Nvidia’s $40 Billion Bid,0.0,0.0,1.0,0.0
1,Hedge Funds Are Cashing Out Of The Procter &amp; Gamble Company (PG),0.997,0.091,0.888,0.021
2,Is Johnson &amp; Johnson (JNJ) A Good Stock To Buy?,0.999,0.132,0.837,0.03
3,Hedge Funds Are Cashing Out Of NVIDIA Corporation (NVDA),0.999,0.123,0.855,0.022
4,Qualcomm Offers Help to Arm Holdings If NVIDIA Acquisition Is Blocked,0.361,0.088,0.865,0.047
5,NVIDIA (NVDA) to Acquire DeepMap to Bolster NVIDIA DRIVE Platform,0.997,0.132,0.861,0.007
6,This Semiconductor Stock Is Cheap and a Screaming Buy!,0.775,0.11,0.847,0.043
7,Nvidia Is Struggling To Get The Arm Deal Done. Qualcomm Is Looking In,0.953,0.084,0.891,0.025
8,Should I Avoid UnitedHealth Group Inc. (UNH)?,0.996,0.089,0.885,0.026
9,Qualcomm Expresses Stake Acquisition Intent In Arm If Regulators Block Nvidia Deal: CNBC,0.945,0.077,0.912,0.011
10,Monday’s Pre-Market: Here’s What You Need to Know Before the Market Opens,0.998,0.104,0.878,0.018
11,Monday’s Pre-Market: Here’s What You Need to Know Before the Market Opens,0.998,0.104,0.878,0.018
12,Nvidia Is in Rally Mode: Here's How High It Can Go,0.34,0.103,0.897,0.0
13,"The Zacks Analyst Blog Highlights: NVIDIA, Target, Nucor, Tyler Technologies and Expeditors International of Washington",0.999,0.106,0.868,0.026
14,"The Zacks Analyst Blog Highlights: NVIDIA, Target, Nucor, Tyler Technologies and Expeditors International of Washington",0.999,0.106,0.868,0.026
15,Qualcomm Reportedly Set to Invest in Arm if Nvidia Deal Is Blocked,0.226,0.142,0.758,0.1
16,"Nvidia Buys DeepMap, Enhance Autonomous Vehicle Mapping Precision",0.993,0.157,0.834,0.008
17,3 Top Cloud Computing Stocks to Buy Right Now,0.718,0.133,0.867,0.0
18,3 Top Cloud Computing Stocks to Buy Right Now,0.718,0.133,0.867,0.0
19,Nasdaq Rallies in Past 4 Weeks Amid Inflation Fear: 5 Picks,0.999,0.138,0.848,0.015
20,U.S. Household Net Worth Hits Record High in Q1: 5 Picks,0.999,0.142,0.847,0.012
21,U.S. Household Net Worth Hits Record High in Q1: 5 Picks,0.999,0.142,0.847,0.012
22,Is Bank of America Corporation (BAC) A Good Stock To Buy?,0.999,0.122,0.851,0.027
23,Microchip Sales Continue to Grow on Rising Demand: 6 Winners,0.999,0.155,0.811,0.033
24,Microchip Sales Continue to Grow on Rising Demand: 6 Winners,0.999,0.155,0.811,0.033
25,3 Reddit Stocks I'd Buy Right Now Without Any Hesitation,0.78,0.183,0.787,0.03
