﻿,Titles,Polarity,Positive,Neutral,Negative
0,Bet on These 3 Stocks to Make the Most of Cryptocurrency Craze,0.999,0.138,0.832,0.029
1,Lumentum (LITE) Q3 Earnings &amp; Revenues Lag Estimates,0.996,0.111,0.867,0.022
2,Lumentum (LITE) Q3 Earnings &amp; Revenues Lag Estimates,0.996,0.111,0.867,0.022
3,What Kind Of Investors Own Most Of NVIDIA Corporation (NASDAQ:NVDA)?,0.997,0.116,0.856,0.028
4,3 Artificial Intelligence Stocks Leading the New Wave,1.0,0.127,0.854,0.019
5,Chip specialist Alphawave drops 10% on London debut,0.44,0.101,0.846,0.053
