﻿,Titles,Polarity,Positive,Neutral,Negative
0,"Facebook, Microsoft, Nvidia Unite To Create Metaverse Standards",0.0,0.0,1.0,0.0
1,"Why Amazon, Nvidia, and Meta Platforms Are Climbing Higher Today",0.938,0.185,0.815,0.0
2,"Stock Market Today: Dow in Strong Start to Week as Energy, Growth Rack Up Gains",0.988,0.114,0.855,0.031
3,"S&amp;P 500 in Rally Mode as Energy, Tech Shine",0.973,0.09,0.881,0.029
4,Tech stock sentiment is ‘pretty awful’ and it’s ‘a great sign’: Analyst,0.0,0.0,1.0,0.0
5,Is Trending Stock NVIDIA Corporation (NVDA) a Buy Now?,0.998,0.122,0.869,0.01
6,3 Growth Stocks to Buy Now Before the Recession Hits,0.863,0.082,0.854,0.064
7,3 Hard-Hit Stocks to Buy Now Before a Market Rally,0.835,0.202,0.798,0.0
8,The Tech Sector Is Taking a Beating. Here’s Why.,-0.273,0.062,0.852,0.085
9,"The Zacks Analyst Blog Highlights Apple, NVIDIA, McDonald's, Cisco Systems and Vertex Pharmaceuticals",0.997,0.128,0.839,0.033
