﻿,Titles,Polarity,Positive,Neutral,Negative
0,"Nvidia earnings: Amid gaming-card shortages, focus is on data-center growth",-0.31,0.095,0.728,0.177
1,Should Investors Load Up on Nvidia Stock Before Earnings? Analyst Weighs In,0.995,0.124,0.861,0.015
2,10 Best Stocks to Buy for Financial Independence,1.0,0.148,0.827,0.025
3,Nvidia and Salesforce: Buy These Two Tech Stocks Before Earnings?,0.998,0.166,0.813,0.021
4,"Dow Jones Jumps Almost 200 Points As Tech Stocks Rebound; Roblox Vaults, SPCE Stock Soars",0.71,0.228,0.772,0.0
5,"Nvidia jumps after 4-for-1 stock split, earnings on tap Wednesday",0.0,0.0,1.0,0.0
6,NVIDIA (NVDA) to Split Stock in Four to Attract More Investors,0.999,0.179,0.81,0.011
7,Garmin (GRMN) Boosts Aviation Efforts With New Certification,0.998,0.152,0.841,0.007
8,"Dow Jones Rallies As Virgin Galactic Rockets On Successful Flight Test; Apple, Tesla Rebound",0.586,0.16,0.84,0.0
9,"Dow Jones Today, Stocks Climb As Bitcoin, Oil Prices Bounce; Nvidia, Applied Materials Signal Chip Strength",0.557,0.146,0.854,0.0
10,Markets Look to Open in the Green for the First Time in Three Weeks,0.993,0.13,0.842,0.028
11,S&amp;P 500 Racks Up Gains as Bulls Feast on Tech Rebound,0.542,0.068,0.875,0.057
12,"Dow Jones Today, Futures Rise As Bitcoin, Oil Prices Bounce; Nvidia, Intel Signal Chip Strength",0.557,0.146,0.854,0.0
13,10 Best Stocks to Buy in 2021 According to Louis Navellier,1.0,0.117,0.867,0.016
14,10 Best Stocks to Buy in 2021 According to Louis Navellier,1.0,0.117,0.867,0.016
15,How Investors Can Grab Better Returns for Computer and Technology Using the Zacks ESP Screener,0.999,0.191,0.804,0.004
16,NVIDIA Split Announcement Raises Red Flag,0.903,0.075,0.876,0.05
17,Nvidia Rises as Wall Street Expects Upside in Earnings Report,0.0,0.0,1.0,0.0
18,Nvidia Announces 4 for 1 Stock Split; Shares Jump 2.6%,0.993,0.127,0.86,0.013
19,Earnings and Stock Splits: Can Nvidia Hit New Highs?,0.296,0.095,0.905,0.0
20,"AutoZone, Costco Wholesale, NVIDIA, Salesforce and Dollar General are part of Zacks Earnings Preview",0.999,0.146,0.839,0.015
21,"Dow Jones Futures Rise In Still-Shaky Market Rally, Bitcoin Rebounds; Follow Google, Nvidia, Tesla",0.285,0.097,0.903,0.0
22,"Morning Bell With Jim Cramer: Trading Applied Materials, Nvidia",0.0,0.0,1.0,0.0
23,"Apple vs. Epic Games, Bitcoin, Nvidia, Phil Mickelson - 5 Things You Must Know",0.0,0.0,1.0,0.0
