﻿,Titles,Polarity,Positive,Neutral,Negative
0,Semiconductor Watch List: Key Chip Ingredients At Risk in Ukraine Conflict,0.202,0.122,0.878,0.0
1,NVIDIA Announces Upcoming Event for Financial Community,0.938,0.08,0.92,0.0
2,NVIDIA Announces Upcoming Event for Financial Community,0.938,0.08,0.92,0.0
3,Tech Investors Need to Brace for Impact as Declines Continue,-0.542,0.208,0.505,0.287
4,"Top Stock Reports for NVIDIA, Novartis &amp; NextEra Energy",0.999,0.17,0.761,0.069
5,Could This Drive Nvidia's Stock Price to New Levels?,0.477,0.102,0.898,0.0
6,Intel chief says he would be open to joining consortium to buy Arm,0.0,0.0,1.0,0.0
7,Analysts Are Downgrading These 10 Stocks,0.999,0.105,0.88,0.015
8,Dow Jones Futures Off Lows: Putin Recognizes Ukraine Separatist Regions; Germany Halts Nord Stream 2 Pipeline,-0.296,0.0,0.879,0.121
9,3 Top Stocks to Buy Right Away for Earnings Growth,0.999,0.144,0.849,0.007
10,Dow Jones Futures Slash Losses; Russia's Putin Recognizes Ukraine Separatist Regions,-0.296,0.0,0.879,0.121
11,Where Will Nvidia Be in 5 Years?,0.718,0.092,0.908,0.0
12,2 Artificial Intelligence Stocks You Can Buy and Hold for the Next Decade,0.527,0.135,0.811,0.054
