﻿,Titles,Polarity,Positive,Neutral,Negative
0,10 Reddit Stocks to Buy in March,1.0,0.155,0.82,0.025
1,10 Smart Stocks to Buy on the Recent Market Correction,0.999,0.095,0.894,0.012
2,"Russia-Ukraine war ‘keeps me away from going all-in’ on tech stocks, portfolio manager says",0.785,0.168,0.832,0.0
3,10 Best Semiconductor Stocks to Invest in According to Ken Griffin’s Citadel Investment Group,1.0,0.118,0.868,0.014
4,Is Nvidia Stock a Buy Now?,0.691,0.112,0.888,0.0
5,"Market strategist talks stocks, investing amid rising rates, and the metaverse ETF",0.459,0.107,0.893,0.0
6,10 Semiconductor Stocks to Buy Today According to Israel Englander’s Millennium Management,0.999,0.092,0.887,0.021
7,"Fed Hikes Rate, Growth Sectors See Surprise Gains: 5 Top Picks",1.0,0.165,0.82,0.015
8,Robot Trader Puts Its Chips on Apple and Nvidia. It Dumped Google and Meta.,0.735,0.12,0.88,0.0
9,"These 2 Artificial Intelligence Stocks Are Set for Strong Growth, Says Truist",0.998,0.112,0.887,0.002
