﻿,Titles,Polarity,Positive,Neutral,Negative
0,"Affinity Capital Advisors, LLC Buys iShares ESG 1-5 Year USD Corporate Bond ETF, Vanguard ...",0.994,0.065,0.93,0.004
1,Could BBY Stock Be the Next Big Metaverse Bet? One Analyst Thinks So.,0.988,0.077,0.912,0.011
2,Best Oversold Stocks to Buy for February 2022,0.999,0.164,0.824,0.013
3,"Wescott Financial Advisory Group, LLC Buys iShares ESG 1-5 Year USD Corporate Bond ETF, iShares ...",0.993,0.054,0.94,0.006
4,10 Crypto ETFs to Watch in 2022,1.0,0.145,0.831,0.024
5,Why Nvidia Stock Popped 3.5% Today,0.866,0.134,0.866,0.0
6,"Market check: Stocks higher in early trading, oil rises, Tesla shares pop",0.0,0.0,1.0,0.0
7,AMD Earnings Preview: Did Advanced Micro Devices Stock Bounce Too Early?,0.927,0.229,0.771,0.0
8,"Ariose Capital Management Ltd Buys Qualcomm Inc, The Estee Lauder Inc, NVIDIA Corp, Sells Daqo ...",0.984,0.063,0.93,0.007
9,"Capital Planning LLC Buys PIMCO Enhanced Short Maturity Active Exchange-Trad, Schwab U.S. ...",0.998,0.079,0.917,0.004
10,"If You Invested $10,000 in Nvidia in 1999, This Is How Much You Would Have Today",0.907,0.195,0.805,0.0
