﻿,Titles,Polarity,Positive,Neutral,Negative
0,"Nvidia Stock Dropped 11% In a Rough Week, Opening a Window of Opportunity for Investors",0.174,0.08,0.85,0.069
1,Nvidia (NVDA) Outpaces Stock Market Gains: What You Should Know,0.989,0.102,0.873,0.025
2,Founding member of hip hop’s N.W.A. goes from `Straight Outta Compton’ all the way into a health-care metaverse,0.361,0.088,0.912,0.0
3,Why Nvidia Stock Was Climbing Again on Tuesday,0.758,0.143,0.807,0.05
4,Nvidia Stock Shows Market Leadership With Jump To 80 RS Rating,0.93,0.306,0.665,0.028
5,"Metaverse: How retail, real estate and hospitality could benefit",0.993,0.118,0.882,0.0
6,"Nvidia, Lowe's Make Evercore List of Underrated Stocks",-0.296,0.0,0.879,0.121
7,Here is What to Know Beyond Why NVIDIA Corporation (NVDA) is a Trending Stock,0.999,0.131,0.859,0.01
8,3 Cybersecurity Stocks to Consider Now,0.999,0.108,0.884,0.008
9,3 Reddit Stocks to Buy in April 2022,0.997,0.101,0.879,0.02
10,Why Valuation Isn't Everything When Purchasing a Stock,0.331,0.147,0.749,0.105
11,Stocks Are Struggling After Earnings. These 5 Could Soar.,0.754,0.216,0.745,0.039
