﻿,Titles,Polarity,Positive,Neutral,Negative
0,The Best Semiconductor Stocks to Buy Now for 2022,1.0,0.152,0.819,0.029
1,"Nasdaq hits session lows, enters bear market territory",0.273,0.068,0.932,0.0
2,Why Nvidia Stock Dropped Again Today,0.409,0.143,0.752,0.105
3,"Markets: ‘Seeing fear and risk-off at a maximum at this point,’ analyst says",-0.052,0.043,0.909,0.048
4,UK technology firm Arm plans to cut 12-15% of workforce,0.565,0.057,0.91,0.034
5,British tech champion Arm to slash hundreds of jobs,0.896,0.069,0.883,0.048
6,Russia-Ukraine war: How chip makers are avoiding a shortage,0.99,0.073,0.898,0.029
7,5 of the Fastest-Growing Stocks on the Planet,-0.103,0.064,0.862,0.074
8,Apple iPhone SE is a more than $20 billion opportunity: analyst,0.119,0.016,0.969,0.015
