﻿,Titles,Polarity,Positive,Neutral,Negative
0,Why Nvidia Stock Fell Hard Today,-0.7,0.03,0.861,0.109
1,10 Technology Stocks to Invest in According to Billionaire Paul Tudor Jones,1.0,0.128,0.854,0.018
2,2 No-Brainer Growth Stocks to Buy While the Market Is Down,0.788,0.142,0.829,0.029
3,10 Best Blockchain Stocks To Buy in 2022,1.0,0.126,0.84,0.035
4,10 Cryptocurrencies Redditors are Buying Before Recession Begins,1.0,0.146,0.807,0.047
5,Beyond Stock Splits: 1 Growth Stock to Buy Now and Hold Forever,0.931,0.176,0.824,0.0
6,Looking for Investment Ideas? Check Out This List,0.856,0.192,0.769,0.038
7,Nvidia Could Be Big Tech’s Next Casualty. Evidence Is Piling Up.,-0.128,0.0,0.933,0.067
