﻿,Titles,Polarity,Positive,Neutral,Negative
0,"Dow Jones Futures Fall: Choppy Stock Market Rally Continues As Tesla Dives; Home Depot, Walmart Earnings On Deck",0.0,0.0,1.0,0.0
1,"Dow Jones Futures: Choppy Stock Market Rally Continues As Tesla Dives; Home Depot, Walmart Earnings On Deck",0.0,0.0,1.0,0.0
2,Are Americans heading back to stores for back-to-school shopping? We’re about to find out,0.0,0.0,1.0,0.0
3,Jim Cramer: What Do You Pay for a Stock? Here's My 2-Pronged Process,0.534,0.231,0.585,0.184
4,Dow Jones Pares Losses As Home Depot Reverses Higher; Tech Stocks Drag Nasdaq,-0.34,0.0,0.893,0.107
5,Why Nvidia Stock Is Falling Today,0.46,0.077,0.895,0.029
6,"Nvidia earnings will be a data-center show, but don’t miss the software on the side stage",0.296,0.055,0.945,0.0
7,Why This Nvidia Analyst Expects Strong Q2 Report,0.989,0.113,0.872,0.015
8,"Dow Jones Falls, Tech Stocks Tumble As China's Economy Slows; Apple Sells Off, Tesla Dives On Autopilot Investigation",0.0,0.0,1.0,0.0
9,"3 Reasons to Buy AMD, and 1 Reason to Sell",-0.718,0.0,0.5,0.5
10,"Retail Kicks Off Final Stretch Of Earnings Season Amid A Slew Of Manufacturing, Retail, And Housing Data",0.998,0.108,0.813,0.079
11,"Dow Jones Today, Stocks Slump, Yields Retreat As China's Economy Slows; Feds Launch Tesla Probe; Sonos Spikes On Upgrade",0.226,0.118,0.798,0.084
12,"Data Center, Gaming Segments to Aid NVIDIA's (NVDA) Q2 Earnings",0.997,0.123,0.861,0.016
13,"Dow Jones Today, Futures Slip, Yields Retreat As China's Economy Slows; Feds Launch Tesla Probe; Sonos Spikes On Upgrade",-0.402,0.134,0.601,0.265
14,"Dow Jones Futures Fall On China Data, Tesla Autopilot Probe, Nvidia, DocuSign Near Buys In Choppy Market Rally",0.0,0.0,1.0,0.0
15,Nvidia and AMD - Chip Sector's Biggest Deals Still Have High Hurdles to Climb,0.115,0.043,0.92,0.037
16,"Nvidia’s Q2 Revenue to Jump Over 60%, Earnings Could Disappoint",0.984,0.085,0.895,0.019
