﻿,Titles,Polarity,Positive,Neutral,Negative
0,Inflation Crisis and the Imploding Dollar: Panic of the Profiteers,0.996,0.126,0.818,0.056
1,NVIDIA Sets Conference Call for First-Quarter Financial Results,0.878,0.048,0.945,0.007
2,NVIDIA Sets Conference Call for First-Quarter Financial Results,0.878,0.045,0.949,0.007
3,"Stocks hit session highs into the close, FAANG stocks jump",0.0,0.0,1.0,0.0
4,Is Nvidia Stock a Buy Ahead of Earnings? Morgan Stanley Weighs In,0.981,0.089,0.864,0.047
5,The Stellar Cloud Business Update Bodes Incredibly Well for Nvidia,0.988,0.104,0.896,0.0
6,Why Nvidia Stock Is Down Today,0.0,0.0,1.0,0.0
7,US STOCKS-Tech stocks drag Wall Street lower ahead of Fed decision,0.932,0.068,0.898,0.034
8,GPU Prices Drop Means Nvidia Will Remain Under Pressure,-0.561,0.05,0.887,0.063
9,12 Best American Stocks To Buy in 2022,1.0,0.148,0.818,0.034
10,Nvidia Stock May Be Worth Buying If It Has Bottomed Out,0.987,0.08,0.912,0.009
11,Is Micron Too Cheap to Ignore?,-0.178,0.095,0.784,0.121
12,Is It Time to Buy the S&amp;P 500's 3 Worst-Performing April Stocks?,-0.649,0.047,0.849,0.104
13,Buy and Hold Intel Stock,0.995,0.095,0.885,0.02
