﻿,Titles,Polarity,Positive,Neutral,Negative
0,"Dow Jones Futures: Tech Giants Lead Bearish Market Sell-Off; Rivian Dives Late, FedEx Rises",0.0,0.0,1.0,0.0
1,RPT-US STOCKS-Nasdaq ends sharply lower as investors dump growth stocks,0.966,0.097,0.841,0.062
2,"AMD, Nvidia Shares Reverse Course After Hearty Climb",0.743,0.296,0.704,0.0
3,US STOCKS-Nasdaq ends sharply lower as investors dump growth stocks,0.966,0.097,0.842,0.062
4,"Replay: Scaling Quantum Computing: Join CEO, COO of Rigetti, CFO of Supernova Partners II in Fireside Chat",0.985,0.053,0.945,0.002
5,Three Risks All Investors Need To Consider In 2022,-0.988,0.077,0.814,0.109
6,"AMD, Nvidia Stock Reverse Course After Hearty Climb",0.743,0.296,0.704,0.0
7,Why Nvidia Stock Dropped Again Today,0.875,0.172,0.751,0.077
8,"Dow Jones Rises But Nasdaq Dips; Adobe Dives On Guidance, Tesla Rival Rivian Earnings Loom",0.422,0.128,0.872,0.0
9,10 Micro-Cap Stocks to Buy According to Hedge Funds,0.999,0.107,0.857,0.036
10,NVIDIA to Unveil Latest Accelerated Computing Breakthroughs  in Virtual Special Address During CES,0.915,0.062,0.938,0.0
11,NVIDIA to Unveil Latest Accelerated Computing Breakthroughs  in Virtual Special Address During CES,0.915,0.065,0.935,0.0
12,"Dow Jones Futures Rise, With Apple, AMD, Nvidia Climbing; Adobe, Tesla Rival Rivian Earnings Loom",0.422,0.141,0.859,0.0
13,Is Nvidia Still a Good Buy Going Into 2022?,-0.612,0.0,0.919,0.081
14,"Dow Jones Futures Rise After Market Roars On Fed Move; AMD, Nvidia, Lilly Flash Buy Signals",0.35,0.154,0.771,0.074
15,"Zacks Market Edge Highlights: Macy's, Ulta Beauty, DocuSign, NVIDIA and Intel",0.999,0.141,0.843,0.016
16,Is Franklin LibertyQ U.S. Equity ETF (FLQL) a Strong ETF Right Now?,0.996,0.106,0.876,0.018
17,Fed Sets Stage for a Year-End Rally: 5 Top Picks,1.0,0.189,0.791,0.02
