﻿,Titles,Polarity,Positive,Neutral,Negative
0,7 Top Metaverse Stocks with Massive Potential,0.999,0.102,0.895,0.003
1,Nvidia vs. AMD: Which Company Should Investors Focus On?,0.997,0.117,0.864,0.019
2,"Markets close week with gains, tech stocks rally to the upside",0.0,0.0,1.0,0.0
3,"Intel wins latest race in chip uses for the cloud, says KeyBanc Capital Markets",0.751,0.103,0.897,0.0
4,Why Is Nvidia (NVDA) Down 9.1% Since Last Earnings Report?,0.99,0.073,0.894,0.033
5,"S&amp;P 500 on track to snap 3-week losing streak, bitcoin price pops",0.0,0.0,1.0,0.0
6,"Market check: Stocks open higher, ARKK extends gains, Russell to rebalance indices",0.0,0.0,1.0,0.0
7,2 Stocks Investors Should Buy to Capitalize on the Metaverse,0.511,0.073,0.927,0.0
8,3 Cathie Wood Stocks to Buy and Hold for the Long Haul,0.843,0.139,0.827,0.034
9,Softbank's Masayoshi Son Emphasizes Chances Of US Listing For Arm,0.976,0.133,0.821,0.046
10,Is Nvidia the Best Stock to Buy During This Bear Market?,0.232,0.06,0.94,0.0
