﻿,Titles,Polarity,Positive,Neutral,Negative
0,"Google, Amazon And Netflix Are Scrambling for This Rare Gas",1.0,0.105,0.847,0.048
1,2 Strong Large-Cap Tech Stocks to Buy Now and Hold,0.999,0.134,0.838,0.027
2,"Dow Jones Futures: Strong Stock Market Rally, But Don't Rush In; Applied Materials Earnings Top As Five Chip Stocks Flash Bullish Signals",0.768,0.281,0.719,0.0
3,Bitcoin Crash Lessons: Passionate Belief Still Needs Risk Management,1.0,0.151,0.81,0.038
4,Nvidia Stock Is Soaring. The Chip Giant May Have a Unique Opportunity in AI.,0.296,0.078,0.922,0.0
5,Investment Bank Calls Bottom For Semiconductor Stocks; Analysts Name Top Picks,0.0,0.0,1.0,0.0
6,"Today's Tech Sell-Off: Where to Invest $5,000 for the Next 5 Years",0.743,0.118,0.882,0.0
7,3 Reasons Tech Stocks Are a Buy Right Now,0.897,0.161,0.798,0.04
8,3 Reasons Tech Stocks Are a Buy Right Now,0.897,0.161,0.798,0.04
9,NVIDIA Is Showing Signs of Becoming a Top 5G Stock,0.977,0.231,0.769,0.0
10,Looking to Strengthen Your Portfolio? Consider Buying the Dip in These 3 Top Stocks,0.691,0.125,0.875,0.0
11,NVIDIA's $24 Billion Advantage Over Advanced Micro Devices,0.052,0.109,0.802,0.089
