﻿,Titles,Polarity,Positive,Neutral,Negative
0,NVIDIA Q2 Preview: Can the Earnings Streak Stay Alive?,0.989,0.093,0.882,0.025
1,"Stocks and sectors close lower on Monday, semiconductor stocks under pressure",-0.202,0.0,0.909,0.091
2,Nvidia stock will be solely a data-center story for the foreseeable future,0.527,0.078,0.922,0.0
3,Nvidia Has Too Many ‘Unanswered Questions’ to Get Bullish: Analyst,-0.44,0.0,0.794,0.206
4,Why Nvidia Stock Fell on Monday,0.079,0.075,0.871,0.053
5,"Stock Market Pulls Back; Buyers On Strike Ahead Of Nvidia Earnings, Powell Speech",0.347,0.074,0.891,0.035
6,It's an Interesting Week for the Semiconductor Market,0.422,0.07,0.93,0.0
7,"Ethereum's ""Merge"" Is Having a Big Impact on NVIDIA Stock",-0.077,0.056,0.88,0.064
8,7 Chip Stocks to Buy That Are Better Than Nvidia,1.0,0.112,0.879,0.01
9,Better Semiconductor Stock: Nvidia vs. Qualcomm,0.813,0.17,0.776,0.054
10,2 Top Growth Stocks to Buy Right Now and Hold for the Long Term,0.691,0.251,0.749,0.0
11,Warren Buffett's Secret Portfolio Bought 3 New Supercharged Growth Stocks,0.0,0.0,1.0,0.0
