﻿,Titles,Polarity,Positive,Neutral,Negative
0,7 Safe Stocks to Buy and Hold Onto Forever,0.999,0.134,0.8,0.065
1,Nvidia stock in focus ahead of earnings,0.0,0.0,1.0,0.0
2,Dow Futures Lift as Fears of Slowing Growth Remain,-0.886,0.042,0.888,0.07
3,"Why Micron, AMD, and Nvidia Stocks Retreated Today",0.84,0.117,0.855,0.028
4,"Nvidia Earnings, Williams-Sonoma, Dick's Sporting: 3 Things to Watch",-0.944,0.041,0.867,0.091
5,Nvidia Earnings: What to Look For From NVDA,0.382,0.11,0.89,0.0
6,Is a Surprise Coming for NVIDIA (NVDA) This Earnings Season?,0.997,0.191,0.809,0.0
7,"Gaming, Data Center Chip Demand to Aid NVIDIA (NVDA) Q1 Earnings",0.998,0.125,0.861,0.014
8,My 2 Best Growth Stocks to Buy and Hold Through Any Recession,-0.226,0.0,0.888,0.112
9,Taiwan’s Tech Titans Adopt World’s First NVIDIA Grace CPU-Powered System Designs,0.998,0.109,0.879,0.012
10,Taiwan’s Tech Titans Adopt World’s First NVIDIA Grace CPU-Powered System Designs,0.998,0.103,0.885,0.011
