﻿,Titles,Polarity,Positive,Neutral,Negative
0,Dow Jones Futures: Tech Stocks Stumble As Apple Nears New Buy Point; Tesla Tests Key Level,0.402,0.119,0.881,0.0
1,Ways investors are benefiting from global chip shortage,-0.25,0.0,0.895,0.105
2,Why Nvidia (NVDA) is Poised to Beat Earnings Estimates Again,0.998,0.187,0.778,0.034
3,"Dow Rallies, Tech Stocks Slide As Apple Nears Buy Point; Tesla Skids, While Nio Reports Surging Sales",0.0,0.0,1.0,0.0
4,"Dow Rallies 300 Points As Apple Nears Buy Point; Tesla Slashes Losses, While Nio Reports Surging Sales",0.0,0.0,1.0,0.0
5,10 Best Bitcoin Stocks to Buy Now,0.999,0.119,0.852,0.029
6,10 Best Bitcoin Stocks to Buy Now,0.999,0.119,0.852,0.029
7,"Forget Intel, Buy These 2 Semiconductor Stocks Instead",0.608,0.075,0.905,0.02
8,NVIDIA's Worst-Performing Business Could Take Off Like Its Data Center Segment Did,0.625,0.104,0.865,0.031
