﻿,Titles,Polarity,Positive,Neutral,Negative
0,New Investor? Here Are 3 Great Starter Stocks to Consider,0.0,0.0,1.0,0.0
1,"Western Digital, Kioxia Negotiate Over Building Chip Giant",0.98,0.129,0.871,0.0
2,5 Stocks to Watch Amid Evolving Machine Learning Applications,0.999,0.127,0.858,0.015
3,Dow Jones Rallies Ahead Of Jackson Hole Summit; Salesforce Jumps On Earnings,-0.296,0.0,0.896,0.104
4,"Company News for Aug 26, 2021",0.986,0.198,0.802,0.0
5,Dow Jones Futures Rally Ahead Of Jackson Hole Summit; Salesforce Jumps On Earnings,-0.296,0.0,0.891,0.109
6,Time to Focus on NVIDIA (NVDA) for Strong Earnings Growth Potential,0.995,0.202,0.793,0.004
