﻿,Titles,Polarity,Positive,Neutral,Negative
0,"Sander Capital Advisors Inc Buys Cloudflare Inc, NVIDIA Corp, Alphabet Inc, Sells Planet Green ...",0.988,0.081,0.911,0.008
1,"Heron Financial Group, Llc Buys Bank of America Corp, M&amp;T Bank Corp, NVIDIA Corp, Sells ...",0.994,0.086,0.906,0.007
2,"HCR Wealth Advisors Buys NVIDIA Corp, Vanguard Information Technology ETF, Palo Alto Networks ...",0.999,0.125,0.872,0.003
3,Why Nvidia Stock Popped on Friday,0.402,0.085,0.851,0.064
4,Look for Your Buy Point and Pounce on Nvidia Stock,0.988,0.078,0.9,0.023
5,7 Best Quantum Computing Stocks to Buy in 2022,0.999,0.095,0.889,0.016
6,"Amazon stock on track for largest single-day market cap gain ever, bitcoin price pops",0.0,0.0,1.0,0.0
7,"Ameraudi Asset Management, Inc. Buys Health Care Select Sector SPDR, The Energy Select Sector ...",0.999,0.136,0.86,0.004
8,"First Long Island Investors, LLC Buys Sony Group Corp, NVIDIA Corp, McDonald's Corp, Sells ...",0.986,0.058,0.933,0.009
9,Bitcoin Might Be Rallying but a ‘Crypto Winter’ Could Freeze Nvidia’s Stock,-0.511,0.0,0.879,0.121
10,"Fortinet (FTNT) Beats Q4 Earnings Estimates, Guides Strong",0.999,0.146,0.833,0.021
11,New Street Cautions Against Nvidia's Steep Downside: All You Need To Know,0.186,0.067,0.864,0.068
12,"Apple, Nvidia Lead List Of New Buys By The Best Mutual Funds",0.637,0.149,0.851,0.0
13,"Omnia Family Wealth, LLC Buys Vanguard Total Stock Market ETF, Vanguard FTSE Developed Markets ...",0.999,0.122,0.876,0.002
14,"Putnam Mutual Fund Champions Sustainability Values, Outperforms",0.802,0.301,0.699,0.0
15,"The Zacks Analyst Blog Highlights: NVIDIA Corp., United Parcel Service, Inc., and Intuit Inc",0.999,0.159,0.811,0.031
