﻿,Titles,Polarity,Positive,Neutral,Negative
0,"Video Highlights: Scaling Quantum Computing – Join CEO, COO of Rigetti, CFO of Supernova Partners II in Fireside Chat",0.987,0.055,0.943,0.002
1,Tesla -- The World's Top High-Growth AI Stock,0.781,0.282,0.718,0.0
2,"Dow Jones Falls; Apple Price Target Hiked, Tesla Jumps On Elon Musk Comments",-0.296,0.0,0.905,0.095
3,Billionaire Israel Englander is Buying These 10 Stocks,0.999,0.096,0.888,0.015
4,5 Tech Stocks That Have Crushed MAMAA in 2021,0.999,0.146,0.837,0.017
5,"Dow Jones Futures Turn Lower; Apple Price Target Hiked, Tesla Jumps On Elon Musk Comments",-0.296,0.0,0.905,0.095
6,3 Leading Tech Stocks to Buy in 2022 and Beyond,0.869,0.172,0.828,0.0
7,Annual Event Sedan Reveal Shows Nio Stock Has 2x Potential Into 2022,0.998,0.115,0.858,0.027
8,Biggest Companies in the World by Market Cap,0.869,0.223,0.777,0.0
