﻿,Titles,Polarity,Positive,Neutral,Negative
0,Nvidia Posts Record Revenue as Videogaming Sales Soar,0.36,0.213,0.724,0.064
1,"NVIDIA Cruises to New Beat &amp; Raise, Cisco &amp; Sonos Also Beat",0.993,0.104,0.87,0.026
2,Nvidia Earnings: What Happened with NVDA,0.0,0.0,1.0,0.0
3,Nvidia (NVDA) Q3 Earnings and Revenues Beat Estimates,0.995,0.109,0.885,0.006
4,NVIDIA rises after reporting earnings,-0.25,0.0,0.938,0.063
5,Stocks Fall as Tech Earnings Paint a Mixed Picture After Hours,0.924,0.171,0.794,0.035
6,"Dow Jones Futures: Apple Breaks Out, Tesla Pops As Rivian, Lucid Reverse; Nvidia, Cisco Lead Earnings Movers",0.0,0.0,1.0,0.0
7,Nvidia Stock Is Heading Higher. Earnings Were Strong.,0.727,0.234,0.766,0.0
8,"Nvidia reports record sales and beats on earnings again, sending stock higher",0.296,0.091,0.909,0.0
9,"4 Top Stock Trades for Thursday: NVDA, F, V, TJX",0.998,0.133,0.831,0.035
10,"Chipmaker Nvidia Beats Third-Quarter Sales, Earnings Goals",0.0,0.0,1.0,0.0
11,Nvidia forecasts upbeat revenue on metaverse hopes,0.979,0.091,0.901,0.009
12,"The Dow Fell, Target Slid, Visa Dropped—and What Else Happened in the Stock Market Today",-0.273,0.065,0.819,0.117
13,NVIDIA Announces Financial Results for Third Quarter Fiscal 2022,0.997,0.069,0.891,0.04
14,NVIDIA Announces Financial Results for Third Quarter Fiscal 2022,0.997,0.068,0.896,0.037
15,Where to Buy NVIDIA (NVDA) After Earnings,0.998,0.116,0.871,0.012
16,Nvidia set to report Q3 earnings as ARM deal faces new scrutiny,0.996,0.12,0.873,0.007
17,Dow Jones Falls As Small Caps Lead Downside; These Retail Leaders Rise On Earnings; Nvidia Earnings On Deck,-0.542,0.0,0.816,0.184
18,"Metaverse wearable devices ‘could be as big as phones,’ Qualcomm CEO says",0.969,0.061,0.939,0.0
19,Are Stocks in a Bubble?,0.996,0.117,0.868,0.015
20,Why Nvidia Stock Dropped Ahead of Earnings,0.422,0.083,0.861,0.056
21,What’s in the Cards for Nvidia’s Earnings Today? Top Analyst Weighs In,0.996,0.138,0.847,0.015
22,Dow Jones Dips While Small Caps Lead Downside; These Retail Leaders Rise On Earnings; Nvidia Earnings On Deck,-0.542,0.0,0.816,0.184
23,"Stocks: Travel and crypto dip, retail rallies, pharmaceuticals rise",-0.273,0.0,0.913,0.087
24,"The Top 10 Meme Stocks on Reddit: Should You Buy, Sell or Hold?",0.999,0.107,0.849,0.044
25,NVIDIA's (NVDA) Arm Deal Faces In-Depth Security Probe in UK,0.991,0.084,0.881,0.035
26,"Nvidia earnings preview: ARM deal approval could be the next ’big boon’ for the stock, analyst says",0.0,0.0,1.0,0.0
27,"The Zacks Analyst Blog Highlights: NVDA, SMH, ESPO, SOXQ, and SOXX",0.997,0.099,0.877,0.024
28,5 Red-Hot Earnings Charts,0.999,0.199,0.777,0.024
29,"Qualcomm CEO talks Apple, cloud computing, car technology, handsets, metaverse, and more",0.0,0.0,1.0,0.0
30,Nvidia’s Earnings Come at a Crucial Time. It Will Take a Lot to Lift the Stock.,0.599,0.187,0.813,0.0
31,"Dow Falls From Highs, Target Slides, Visa Drops—and What Else Is Happening in the Stock Market Today",0.382,0.11,0.89,0.0
32,"Dow Jones Falls As Lucid, Rivian Skid; Tesla Climbs; Nvidia Earnings Due",0.0,0.0,1.0,0.0
33,"Dow Jones Futures Fall With Lucid, Tesla Set To Rally; Rivian Skids; Nvidia Earnings Due",0.226,0.079,0.921,0.0
34,"Semiconductor Watchlist: AMD, NVDA, XLNX Lead the Week",-0.477,0.0,0.931,0.069
35,Finding a Fee-Only Financial Planner,0.273,0.096,0.832,0.072
36,"An Nvidia Shakeout, And The Reason For CAN SLIM's 5% Buy Zone",0.649,0.238,0.69,0.072
37,"AI, Machine Learning Innovator Rambus Maps Out New Buy Zone",0.0,0.0,1.0,0.0
38,Here Are The Winners of Metaverse Buzz,0.998,0.133,0.845,0.022
39,Nvidia Earnings Are a Big Deal. But There’s Something More Important.,0.382,0.082,0.918,0.0
40,"Dow Hovers as Inflation Concerns Remain, Tesla Continues Rebound—and What Else Is Happening in the Stock Market Today",0.382,0.11,0.89,0.0
41,Nvidia Reports Earnings Today. Here’s What to Expect.,0.727,0.138,0.862,0.0
42,"Retail Earnings, Strong Dollar, U.K. Rate Hike Bets - What's Moving Markets",0.979,0.072,0.89,0.038
