﻿,Titles,Polarity,Positive,Neutral,Negative
0,Top Millennial And Gen Z Stock Picks From Tesla To Apple: Should You Buy Them Too?,0.287,0.097,0.903,0.0
1,Top Tech Stocks for March 2022,0.477,0.042,0.958,0.0
2,"Why Nvidia Stock Popped, Then Dropped on Wednesday",0.896,0.149,0.822,0.028
3,"The Zacks Analyst Blog Highlights NVIDIA, Novartis AG, NextEra Energy, The Goldman Sachs Group and Amgen",0.998,0.132,0.845,0.024
4,Dow Closes in Correction on Rising Fears of Russia-Ukraine Conflict,0.838,0.105,0.792,0.103
5,2 Semiconductor Growth Stocks Powering the Metaverse,0.102,0.072,0.928,0.0
6,"GDP, Alibaba Earnings, Bud Outlook: 3 Things to Watch",0.34,0.053,0.905,0.042
7,"Zacks.com featured highlights include NVIDIA, Arista Networks and Franklin Electric",0.998,0.141,0.842,0.017
8,2 Top Metaverse Stocks That Trillion-Dollar Asset Managers Are Buying,0.818,0.123,0.877,0.0
9,"S&amp;P 500 Reverses, Swings Lower as Ukraine-Russia Tensions Rise",0.834,0.1,0.802,0.098
10,Market check: Stocks recover at open after Tuesday's sell-off,0.0,0.0,1.0,0.0
11,Hedge funds are hating on tech stocks,0.937,0.124,0.797,0.079
12,2 Top Metaverse Stocks Ready for a Bull Run,0.937,0.204,0.796,0.0
13,Why Losing an ARM Won't Stop NVIDIA's Rise,0.979,0.278,0.722,0.0
14,Nvidia Stock: Bear vs. Bull,0.941,0.302,0.625,0.073
15,AMD is now worth more than rival Intel,0.991,0.135,0.842,0.022
