﻿,Titles,Polarity,Positive,Neutral,Negative
0,Nvidia Stock: Surprising Data Center Sluggishness Keeps Morgan Stanley on the Sidelines,0.977,0.094,0.86,0.045
1,Top Funds Ignore Nvidia But Scoop Up Shares In This Chip Stock,-0.226,0.123,0.711,0.166
2,Why Nvidia Stock Is Still Falling Today,-0.671,0.059,0.839,0.102
3,"Marvell Technology's Macro, Inflation Headwinds Prompt 5% Price Target Cut By Citi",0.984,0.127,0.824,0.049
4,Why Nvidia Didn't Really Have a Bad Quarter,0.806,0.141,0.828,0.032
5,"Cathie Wood Drops Nvidia, Buys Zoom -- Should You?",0.718,0.103,0.897,0.0
6,Top 12 From Cathie Wood’s Q2 Portfolio,0.999,0.095,0.886,0.018
7,Stocks: 3 tickers trending on Yahoo Finance,0.361,0.03,0.947,0.023
8,1 Green Flag and 1 Red Flag for Nvidia After a Tough Earnings Report,-0.785,0.0,0.898,0.102
9,"Nasdaq Pares Early Losses as Apple, Microsoft, Chip Stocks Fall",0.762,0.139,0.756,0.105
10,NVIDIA's (NASDAQ:NVDA) Positive and Negative Catalysts Arrive in September,0.995,0.114,0.857,0.029
