﻿,Titles,Polarity,Positive,Neutral,Negative
0,"Dow Jones Futures: How To Handle The Market Rally Now; Airbus, Apple, Nvidia, Tesla, Moderna, Peloton In Focus",0.285,0.102,0.898,0.0
1,Softbank leads $234M funding of Treasure Data after spinning it out of Arm,0.276,0.07,0.895,0.035
2,"The Best Mutual Funds Bet On Tech Stocks Nvidia, Salesforce, Microsoft, Google, Netflix",0.832,0.306,0.694,0.0
3,10 S&amp;P 500 Stocks to Buy After Winning in Q3,1.0,0.125,0.854,0.021
4,Sit Fund Excels With Mix Of Home Runs And Singles,-0.052,0.0,0.952,0.048
5,Why Nvidia Shares Marched Higher Again This Week,0.863,0.153,0.823,0.024
6,"Stock Market Rally Keeps Running On Tesla, Nvidia, Fed Decision, Jobs Report: Weekly Review",-0.171,0.0,0.929,0.071
7,Nvidia Stock Soars On Excitement For Chipmaker's Metaverse Strategy,0.477,0.063,0.937,0.0
8,Why Nvidia Soared Over 10% on Thursday,0.827,0.156,0.844,0.0
9,3 Sizzling Semiconductor Stocks to Buy After Thursday’s Surge,0.996,0.104,0.862,0.034
10,Nvidia Just Showed Warren Buffett How It's Done,0.0,0.0,1.0,0.0
11,Nvidia (NVDA) Surges 12%: Is This an Indication of Further Gains?,0.993,0.167,0.833,0.0
12,FAANG is Dead. Long Live MANAMANA,0.202,0.153,0.847,0.0
13,It’s Crystal Clear Why Microsoft Is No.1 Again,0.991,0.073,0.912,0.015
14,3 Explosive Stocks to Buy Right Now Without Any Hesitation,0.958,0.324,0.601,0.076
15,"Premarket Movers Friday - Pfizer, Peloton, Nvidia",-0.178,0.0,0.884,0.116
16,10 Growth Stocks to Buy According to Alex Sacerdote’s Whale Rock Capital,1.0,0.124,0.856,0.02
17,Nvidia: Are Second-Hand GPU Sales Decoupling From Crypto?,0.993,0.129,0.852,0.019
