﻿,Titles,Polarity,Positive,Neutral,Negative
0,"Top Stock Picks for Week of April 4, 2022",0.998,0.233,0.76,0.007
1,"4 Top Stock Trades for Wednesday: Dogecoin, NVDA, TLRY, NVAX",0.994,0.139,0.798,0.063
2,Grab These Top-Ranked Tech ETFs to Join the Rebound Rally,0.997,0.111,0.859,0.03
3,Don’t Let TWLO Stock Become Your Problem,0.987,0.095,0.84,0.064
4,"Tech sector among biggest market laggards, stocks end day in the red",-0.214,0.043,0.914,0.043
5,U.S. Stock Futures Flat Ahead of FOMC Minutes,-0.459,0.063,0.869,0.068
6,"Why Nvidia, Skyworks, and Qualcomm Stocks Dropped on Tuesday",-0.884,0.099,0.722,0.179
7,AMD Acquires Pensando to Build Leading-Edge Data Center,0.997,0.144,0.84,0.016
8,"Zacks.com featured highlights include MP Materials, NVIDIA, and LouisianaPacific",0.999,0.131,0.861,0.008
9,AMD Is About as Hot as It Gets: Here's How to Trade It,0.915,0.167,0.833,0.0
10,"Market check: Stocks mixed in early trading, Chinese ADRs retreat, cruise lines in the green",0.0,0.0,1.0,0.0
11,10 ETFs Popular on Robinhood,1.0,0.153,0.835,0.012
12,Micron Is Set to Deliver Record Revenue in Fiscal 2022,0.026,0.096,0.832,0.072
