﻿,Titles,Polarity,Positive,Neutral,Negative
0,Why Nvidia Stock Shot Higher on Tuesday,0.933,0.201,0.715,0.084
1,"Nasdaq leads gains into market close, Walmart stock plunges in worst day since 1987",-0.052,0.115,0.791,0.094
2,Advanced Micro Devices Stock Offers More Than 36.50% Upside for Buyers,0.999,0.167,0.802,0.031
3,3 Beaten Down Tech Stocks Trading at Attractive Buying Levels,0.998,0.125,0.844,0.031
4,Stock Market Today: Dow Racks Up Gains as Chip Rally Powers Tech,0.941,0.092,0.858,0.05
5,S&amp;P 500 in Rally Mode on Signs of Strong Consumer; Tech Reigns Supreme,0.99,0.117,0.85,0.033
6,2 Top Metaverse Stocks Ready for a Bull Run,0.968,0.182,0.818,0.0
7,"The Zacks Analyst Blog Highlights NVIDIA, The Home Depot, Pfizer, The Walt Disney, and Salesforce",0.998,0.121,0.854,0.025
8,Tech Market Sell-Off: 4 Stocks Down Big That Are Long-Term Holds,0.863,0.249,0.751,0.0
9,"Market check: Stocks rally, gas futures hit record high",0.0,0.0,1.0,0.0
10,‘It’s so horrible that I want to buy it’ — Jim Cramer likes these 2 beaten-down tech names that are still posting white-hot revenue growth,0.981,0.092,0.881,0.027
11,"Stocks climb as retail earnings roll in, meme stocks gain",0.0,0.0,1.0,0.0
12,"Gaming: Take-Two reports mixed earnings, stock jumps",0.99,0.094,0.866,0.04
13,7 Growth Stocks That Analysts Love Right Now,0.999,0.143,0.82,0.037
14,BlackRock’s Latest Portfolio 2022: Top 10 Stock Picks,1.0,0.143,0.828,0.029
15,$300 a Month in These 3 Stocks Could Make You a Millionaire by Retirement,0.637,0.086,0.914,0.0
16,"Up 600% in 10 Years, Here's Why Apple Stock Is Still So Cheap",0.586,0.304,0.696,0.0
17,"Temasek's China investments continue to suffer while new bets on chip makers TSMC, Nvidia unrewarded",0.676,0.054,0.904,0.042
