﻿,Titles,Polarity,Positive,Neutral,Negative
0,"SoftBank’s Arm Deal Gets More Enticing, Even With Major Hurdles",0.996,0.107,0.86,0.033
1,"Micron Stock, Semiconductor Stocks Retreat Amid Memory Chip Price Forecast",-0.318,0.0,0.897,0.103
2,Why Micron Stock Just Slipped 5%,-0.743,0.027,0.871,0.102
3,SoftBank CEO to Take Stake in Vision Fund 2,0.0,0.0,1.0,0.0
4,"Micron Stock, Semiconductor Stocks Retreat Amid Memory Chip Price Forecast",-0.318,0.0,0.897,0.103
5,"Micron, Chip Stocks Fall on Report Citing Delays",0.0,0.0,1.0,0.0
6,NVIDIA Brings Millions More Into the Metaverse With Expanded Omniverse Platform,0.999,0.11,0.872,0.018
7,NVIDIA Brings Millions More Into the Metaverse With Expanded Omniverse Platform,0.999,0.108,0.874,0.017
8,12 Best Artificial Intelligence Stocks To Invest In Right Now,1.0,0.141,0.83,0.029
9,Arm profits surge on chip demand amid Nvidia takeover row,0.902,0.077,0.875,0.048
10,"3 Tech Stocks That Turned $10,000 Into Over $500,000",0.848,0.123,0.844,0.032
11,"Nvidia Has Turned $10,000 Into $250,000. Here's Why It Can Do It Again",0.947,0.221,0.735,0.044
12,Nvidia Stock: Cathie Wood Lowers Stake in the Chipmaker and Also Trims Netflix,-0.527,0.0,0.845,0.155
