﻿,Titles,Polarity,Positive,Neutral,Negative
0,"Dow Jones Futures: Market Rally Resilient, What To Do Now; Tesla, Nvidia, ASML, Shopify, Xpeng In Focus",0.0,0.106,0.787,0.106
1,Nvidia CEO Huang: We could make ARM successful in ‘all other areas of computing’,0.988,0.092,0.879,0.029
2,What's Going on with Earnings in Q4 and Beyond?,0.996,0.098,0.857,0.046
3,Josh Brown On Nvidia Downgrade: 'One Of The Most Ridiculous Things I Have Ever Read',0.846,0.08,0.877,0.043
4,Weekend reads: Can bitcoin protect you from inflation?,0.0,0.0,1.0,0.0
5,"Nvidia CEO: The metaverse will be 'much, much bigger than the physical world'",0.987,0.076,0.917,0.006
6,"Rivian IPO reveals one big thing, says Luminar founder",0.977,0.099,0.886,0.015
7,Nvidia In Record High Territory As One Analyst Gets Altitude Sickness,0.0,0.0,1.0,0.0
8,"S&amp;PO 500 Ends Higher, but Snaps 5-Week Win Streak",0.989,0.123,0.831,0.046
9,Nvidia CEO Huang: AI is ‘the most powerful technology force the world has known’,0.996,0.115,0.872,0.013
10,"Stock Market Rally Cools On Hot Inflation; Rivian IPO Revs Higher, Elon Musk Sells Tesla Shares; GE, J&amp;J Plan Breakups: Weekly Review",0.296,0.091,0.909,0.0
11,Why Luminar Technologies Shares Are Jumping This Week,0.0,0.0,1.0,0.0
12,How Investors Can Grab Better Returns for Computer and Technology Using the Zacks ESP Screener,0.999,0.165,0.827,0.008
13,Nvidia (NVDA) Boasts Earnings &amp; Price Momentum: Should You Buy?,0.999,0.138,0.86,0.003
14,"Wix (WIX) Q3 Loss Narrower Than Expected, Revenues Rise Y/Y",0.997,0.134,0.842,0.024
15,Luminar CEO: Rivian IPO shows 'the level of disruption happening in this industry',0.459,0.091,0.909,0.0
16,"Stock Market News for Nov 12, 2021",0.994,0.134,0.835,0.031
17,S&amp;P 500 Climbs as Bulls Raise Bets on Tech,0.942,0.073,0.897,0.031
18,Nvidia Stock Is Downgraded. What Does Wedbush See That Others Don’t?,0.332,0.128,0.797,0.076
19,NVIDIA (NVDA) to Report Q3 Earnings: What's in the Offing?,0.998,0.135,0.859,0.006
20,"Nvidia downgraded before earnings just because stock as rallied too much, analyst says",0.296,0.058,0.942,0.0
21,Why Wedbush Downgraded Nvidia?,0.942,0.1,0.861,0.04
22,Nvidia Cut to Neutral as Stock Price Jumps 50% Since August,0.875,0.154,0.846,0.0
23,Why Nvidia May Have a Reason to Fear AMD,0.948,0.208,0.792,0.0
24,Nvidia Downgraded Despite Price Target Increase,0.946,0.113,0.845,0.042
25,"Premarket Movers Friday - Johnson &amp; Johnson, Rivian, Nvidia",0.0,0.0,1.0,0.0
26,"Johnson &amp; Johnson, Blink, Farfetch Rise Premarket; Tesla Falls",0.95,0.076,0.896,0.028
