﻿,Titles,Polarity,Positive,Neutral,Negative
0,Why Nvidia Stock Rebounded Today,0.25,0.089,0.87,0.042
1,Jim Cramer: The metaverse is coming — and these 4 stocks will make it real,0.998,0.13,0.846,0.024
2,"Dow Jones Futures: Stock Market Rallies On Omicron Covid News; Micron, AMD, Tesla, Expedia Lead",0.0,0.0,1.0,0.0
3,Nvidia Features As Top Pick By UBS,0.984,0.123,0.87,0.007
4,The Slump in Advanced Micro Devices Stock Is Only Temporary,0.998,0.14,0.812,0.048
5,"S&amp;P 500 Snaps 3-Day Losing Streak as Traders Buy Dip in Energy, Tech",0.942,0.08,0.884,0.036
6,"Dow Jones Surges As Nike Jumps On Earnings; Apple, Nvidia, Tesla Rebound",0.0,0.0,1.0,0.0
7,S&amp;P 500 Jumps as Investors Swoop in on Beaten Down Stocks After Rout,0.94,0.083,0.883,0.034
8,"Dow Jones Futures Rally As Nike Jumps On Earnings; Apple, Nvidia, Tesla Set To Rebound",0.511,0.13,0.87,0.0
9,Will Nvidia Stock Fly or Fall in 2022?,-0.202,0.0,0.913,0.087
10,Dow Jones Futures Jump: Is The Stock Market Rally Over? What To Do Now,-0.44,0.0,0.861,0.139
11,7 Best-Looking Stock Charts Going Into Christmas,1.0,0.159,0.81,0.031
12,7 of the Best ESG Stocks for 2022 to Buy Now That Will Remain Strong,1.0,0.171,0.816,0.013
13,"Premarket Movers Tuesday: Micron, Nike and Nvidia Rise",0.681,0.16,0.84,0.0
