﻿,Titles,Polarity,Positive,Neutral,Negative
0,NVIDIA Acquiring DeepMap Vehicle Cartography Startup,0.848,0.193,0.783,0.023
1,4 Unshortable Stocks That Are Too Risky to Bet Against,1.0,0.186,0.805,0.01
2,Upcoming Nvidia Stock Split Sets the Stage for Buyers,0.971,0.075,0.882,0.043
3,Chip Maker Nvidia Is Buying a Mapping Start-Up. What It Means for Its Automotive Business.,0.929,0.246,0.754,0.0
4,Intel Stock Opportunity Is Brewing for This Summer,0.999,0.149,0.789,0.062
5,How Much Is Cryptocurrency Mining Influencing Chip Demand,0.296,0.07,0.876,0.054
6,Top Ranked Momentum Stocks to Buy for June 11th,0.994,0.11,0.86,0.03
7,Top Ranked Momentum Stocks to Buy for June 11th,0.994,0.11,0.86,0.03
8,Intel Proposes To Acquire Chip Maker SiFive For Over $2B: Bloomberg,0.912,0.085,0.893,0.022
9,"NVIDIA, Quidel, Volkswagen, Daimler and BMW highlighted as Zacks Bull and Bear of the Day",1.0,0.102,0.854,0.044
10,"NVIDIA, Quidel, Volkswagen, Daimler and BMW highlighted as Zacks Bull and Bear of the Day",1.0,0.102,0.854,0.044
11,These 3 Tech Stocks Are Building the Future,0.878,0.198,0.802,0.0
12,These 3 Tech Stocks Are Building the Future,0.878,0.198,0.802,0.0
13,Star Manager Tom Marsico's Focus Fund Wins With Flexible Stock Picking,0.727,0.196,0.804,0.0
14,Market Ignores Inflation as S&amp;P 500 Hits a New High: 5 Picks,0.999,0.115,0.862,0.023
15,Market Ignores Inflation as S&amp;P 500 Hits a New High: 5 Picks,0.999,0.115,0.862,0.023
16,Bull of the Day: NVIDIA (NVDA),1.0,0.133,0.845,0.022
