﻿,Highest Category,Polarity,PosOrNeg
1/4/2021,Neutral,1.0,Positive
1/5/2021,Neutral,1.0,Positive
1/6/2021,Neutral,1.0,Positive
1/7/2021,Neutral,1.0,Positive
1/8/2021,Neutral,0.772,Positive
1/11/2021,Neutral,0.992,Positive
1/12/2021,Neutral,0.9984999999999999,Positive
1/13/2021,Neutral,0.912,Positive
1/14/2021,Neutral,0.993,Positive
1/15/2021,Neutral,0.856,Positive
1/19/2021,Neutral,0.999,Positive
1/20/2021,Neutral,0.999,Positive
1/21/2021,Neutral,0.915,Positive
1/22/2021,Neutral,0.915,Positive
1/25/2021,Neutral,0.915,Positive
1/26/2021,Neutral,0.915,Positive
1/27/2021,Neutral,0.915,Positive
1/28/2021,Neutral,0.915,Positive
1/29/2021,Neutral,0.995,Positive
2/1/2021,Neutral,0.995,Positive
2/2/2021,Neutral,0.852,Positive
2/3/2021,Neutral,0.878,Positive
2/4/2021,Neutral,0.999,Positive
2/5/2021,Neutral,0.999,Positive
2/8/2021,Neutral,0.527,Positive
2/9/2021,Neutral,0.45,Positive
2/10/2021,Neutral,0.45,Positive
2/11/2021,Neutral,0.406,Positive
2/12/2021,Neutral,0.406,Positive
2/16/2021,Neutral,0.9263333333333333,Positive
2/17/2021,Neutral,0.938,Positive
2/18/2021,Neutral,0.0,Positive
2/19/2021,Neutral,1.0,Positive
2/22/2021,Neutral,0.8885000000000001,Positive
2/23/2021,Neutral,0.7010000000000001,Positive
2/24/2021,Neutral,0.9984999999999999,Positive
2/25/2021,Neutral,-0.25875000000000004,Negative
2/26/2021,Neutral,0.7018571428571428,Positive
3/1/2021,Neutral,0.6153333333333334,Positive
3/2/2021,Neutral,1.0,Positive
3/3/2021,Neutral,1.0,Positive
3/4/2021,Neutral,0.8098571428571428,Positive
3/5/2021,Neutral,0.128,Positive
3/8/2021,Neutral,0.9545999999999999,Positive
3/9/2021,Neutral,0.7599090909090909,Positive
3/10/2021,Neutral,0.7653333333333333,Positive
3/11/2021,Neutral,0.8779999999999999,Positive
3/12/2021,Neutral,0.996,Positive
3/15/2021,Neutral,0.7636666666666666,Positive
3/16/2021,Neutral,0.8547142857142856,Positive
3/17/2021,Neutral,0.0,Positive
3/18/2021,Neutral,0.383,Positive
3/19/2021,Neutral,0.8059999999999998,Positive
3/22/2021,Neutral,0.7332857142857143,Positive
3/23/2021,Neutral,0.6507777777777778,Positive
3/24/2021,Neutral,0.561,Positive
3/25/2021,Neutral,0.4004,Positive
3/26/2021,Neutral,0.8449999999999999,Positive
3/29/2021,Neutral,0.9952500000000001,Positive
3/30/2021,Neutral,0.6464,Positive
3/31/2021,Neutral,0.8458571428571429,Positive
4/1/2021,Neutral,0.7766666666666667,Positive
4/2/2021,Neutral,0.5293333333333333,Positive
4/5/2021,Neutral,0.28274999999999995,Positive
4/6/2021,Neutral,0.6010000000000001,Positive
4/7/2021,Neutral,0.6603749999999999,Positive
4/8/2021,Neutral,0.74775,Positive
4/9/2021,Neutral,0.7253333333333334,Positive
4/12/2021,Neutral,0.80684,Positive
4/13/2021,Neutral,0.3807499999999999,Positive
4/14/2021,Neutral,0.3009090909090909,Positive
4/15/2021,Neutral,0.2888823529411764,Positive
4/16/2021,Neutral,0.5667,Positive
4/19/2021,Neutral,0.6089166666666667,Positive
4/20/2021,Neutral,0.4503333333333333,Positive
4/21/2021,Neutral,0.6609285714285714,Positive
4/22/2021,Neutral,0.7257777777777777,Positive
4/23/2021,Neutral,0.5557777777777778,Positive
4/26/2021,Neutral,0.6648235294117648,Positive
4/27/2021,Neutral,0.7085555555555556,Positive
4/28/2021,Neutral,0.7732222222222221,Positive
4/29/2021,Neutral,0.5245384615384616,Positive
4/30/2021,Neutral,0.9007499999999999,Positive
5/3/2021,Neutral,0.4867777777777778,Positive
5/4/2021,Neutral,0.5211818181818182,Positive
5/5/2021,Neutral,0.8631000000000002,Positive
5/6/2021,Neutral,0.9359444444444445,Positive
5/7/2021,Neutral,0.996923076923077,Positive
5/10/2021,Neutral,0.961375,Positive
5/11/2021,Neutral,0.45194117647058824,Positive
5/12/2021,Neutral,0.56275,Positive
5/13/2021,Neutral,0.9046666666666666,Positive
5/14/2021,Neutral,0.6656666666666666,Positive
5/17/2021,Neutral,0.924,Positive
5/18/2021,Neutral,0.8175,Positive
5/19/2021,Neutral,0.799,Positive
5/20/2021,Neutral,0.6933333333333334,Positive
5/21/2021,Neutral,0.7939166666666666,Positive
5/24/2021,Neutral,0.6291666666666668,Positive
5/25/2021,Neutral,0.35469230769230775,Positive
5/26/2021,Neutral,0.5026666666666667,Positive
5/27/2021,Neutral,0.49405555555555547,Positive
5/28/2021,Neutral,0.6429047619047621,Positive
6/1/2021,Neutral,0.7541052631578947,Positive
6/2/2021,Neutral,0.7097333333333334,Positive
6/3/2021,Neutral,0.5051111111111112,Positive
6/4/2021,Neutral,0.6253076923076925,Positive
6/7/2021,Neutral,0.7951666666666668,Positive
6/8/2021,Neutral,0.767375,Positive
6/9/2021,Neutral,0.68425,Positive
6/10/2021,Neutral,0.9213333333333334,Positive
6/11/2021,Neutral,0.9072941176470588,Positive
6/14/2021,Neutral,0.8378846153846153,Positive
6/15/2021,Neutral,0.9977142857142856,Positive
6/16/2021,Neutral,0.706375,Positive
6/17/2021,Neutral,0.7220526315789474,Positive
6/21/2021,Neutral,0.6823888888888888,Positive
6/22/2021,Neutral,0.656578947368421,Positive
6/23/2021,Neutral,0.923,Positive
6/24/2021,Neutral,0.872625,Positive
6/25/2021,Neutral,0.6941818181818182,Positive
6/28/2021,Neutral,0.6759411764705883,Positive
6/29/2021,Neutral,0.3551428571428571,Positive
6/30/2021,Neutral,0.7711,Positive
7/1/2021,Neutral,0.7243333333333333,Positive
7/2/2021,Neutral,0.9418181818181819,Positive
7/6/2021,Neutral,0.6293636363636363,Positive
7/7/2021,Neutral,0.6727857142857143,Positive
7/8/2021,Neutral,0.47620000000000007,Positive
7/9/2021,Neutral,0.7718571428571429,Positive
7/12/2021,Neutral,0.642,Positive
7/13/2021,Neutral,0.99725,Positive
7/14/2021,Neutral,0.6645,Positive
7/15/2021,Neutral,0.40175000000000005,Positive
7/16/2021,Neutral,0.5506923076923077,Positive
7/19/2021,Neutral,0.7061818181818181,Positive
7/20/2021,Neutral,0.4043333333333334,Positive
7/21/2021,Neutral,0.5547142857142857,Positive
7/22/2021,Neutral,0.5481111111111112,Positive
7/23/2021,Neutral,0.27299999999999996,Positive
7/26/2021,Neutral,0.5892499999999999,Positive
7/27/2021,Neutral,0.35085714285714287,Positive
7/28/2021,Neutral,0.7233333333333333,Positive
7/29/2021,Neutral,0.26166666666666666,Positive
7/30/2021,Neutral,0.95775,Positive
8/2/2021,Neutral,0.7090000000000001,Positive
8/3/2021,Neutral,0.6674285714285714,Positive
8/4/2021,Neutral,0.48506666666666665,Positive
8/5/2021,Neutral,0.36,Positive
8/6/2021,Neutral,0.958,Positive
8/9/2021,Neutral,0.9966666666666667,Positive
8/10/2021,Neutral,0.3680769230769231,Positive
8/11/2021,Neutral,0.885,Positive
8/12/2021,Neutral,0.1547777777777778,Positive
8/13/2021,Neutral,0.21459999999999999,Positive
8/16/2021,Neutral,0.24347058823529413,Negative
8/17/2021,Neutral,0.11,Positive
8/18/2021,Neutral,0.37334375,Positive
8/19/2021,Neutral,0.4345800000000001,Positive
8/20/2021,Neutral,0.4340588235294117,Positive
8/23/2021,Neutral,0.556,Positive
8/24/2021,Neutral,0.7884705882352943,Positive
8/25/2021,Neutral,0.6487058823529412,Positive
8/26/2021,Neutral,0.4811428571428572,Positive
8/27/2021,Neutral,0.5645625000000001,Positive
8/30/2021,Neutral,0.6227499999999999,Positive
8/31/2021,Neutral,0.8168,Positive
9/1/2021,Neutral,0.999,Positive
9/2/2021,Neutral,0.934,Positive
9/3/2021,Neutral,0.8126,Positive
9/7/2021,Neutral,0.6146666666666667,Positive
9/8/2021,Neutral,0.47500000000000003,Positive
9/9/2021,Neutral,0.6172857142857142,Positive
9/10/2021,Neutral,0.7866,Positive
9/13/2021,Neutral,0.9056666666666667,Positive
9/14/2021,Neutral,0.934,Positive
9/15/2021,Neutral,0.6264,Positive
9/16/2021,Neutral,0.994,Positive
9/17/2021,Neutral,0.7574285714285713,Positive
9/20/2021,Neutral,0.0015833333333333348,Negative
9/21/2021,Neutral,0.4527727272727272,Positive
9/22/2021,Neutral,0.34177777777777785,Positive
9/23/2021,Neutral,0.6548999999999999,Positive
9/24/2021,Neutral,0.7581666666666665,Positive
9/27/2021,Neutral,0.8311999999999999,Positive
9/28/2021,Neutral,0.9254285714285714,Positive
9/29/2021,Neutral,0.7706363636363635,Positive
9/30/2021,Neutral,0.49576923076923074,Positive
10/1/2021,Neutral,0.6766,Positive
10/4/2021,Neutral,0.4388666666666666,Positive
10/5/2021,Neutral,0.5552631578947369,Positive
10/6/2021,Neutral,0.7932000000000001,Positive
10/7/2021,Neutral,0.6633333333333333,Positive
10/8/2021,Neutral,0.6128000000000001,Positive
10/12/2021,Neutral,0.574,Positive
10/13/2021,Neutral,0.6982,Positive
10/14/2021,Neutral,0.7978823529411764,Positive
10/15/2021,Neutral,0.650625,Positive
10/18/2021,Neutral,0.4308333333333334,Positive
10/19/2021,Neutral,0.4005384615384615,Positive
10/20/2021,Neutral,0.35316666666666663,Positive
10/21/2021,Neutral,0.3831666666666666,Positive
10/22/2021,Neutral,0.442125,Positive
10/25/2021,Neutral,0.5939,Positive
10/26/2021,Neutral,0.574875,Positive
10/27/2021,Neutral,0.23555555555555557,Positive
10/28/2021,Neutral,0.59,Positive
10/29/2021,Neutral,0.99525,Positive
11/1/2021,Neutral,0.9971666666666666,Positive
11/2/2021,Neutral,0.5740909090909091,Positive
11/3/2021,Neutral,0.8059999999999999,Positive
11/4/2021,Neutral,0.7381739130434781,Positive
11/5/2021,Neutral,0.5717777777777777,Positive
11/8/2021,Neutral,0.847,Positive
11/9/2021,Neutral,0.6923191489361701,Positive
11/10/2021,Neutral,0.7120499999999998,Positive
11/12/2021,Neutral,0.6945185185185186,Positive
11/15/2021,Neutral,0.7758750000000001,Positive
11/16/2021,Neutral,0.7851875,Positive
11/17/2021,Neutral,0.4853255813953488,Positive
11/18/2021,Neutral,0.5009,Positive
11/19/2021,Neutral,0.623304347826087,Positive
11/22/2021,Neutral,0.8761666666666666,Positive
11/23/2021,Neutral,0.8192857142857142,Positive
11/24/2021,Neutral,0.5517,Positive
11/26/2021,Neutral,0.3371666666666666,Positive
11/29/2021,Neutral,0.45275,Positive
11/30/2021,Neutral,0.883888888888889,Positive
12/1/2021,Neutral,0.7424999999999999,Positive
12/2/2021,Neutral,0.35304761904761905,Negative
12/3/2021,Neutral,0.4291935483870969,Positive
12/6/2021,Neutral,0.6113888888888889,Positive
12/7/2021,Neutral,0.6295714285714286,Positive
12/8/2021,Neutral,0.6628181818181819,Positive
12/9/2021,Neutral,0.6759999999999999,Positive
12/10/2021,Neutral,0.6089375,Positive
12/13/2021,Neutral,0.61825,Positive
12/14/2021,Neutral,0.6400909090909092,Positive
12/15/2021,Neutral,0.5132941176470588,Positive
12/16/2021,Neutral,0.5942222222222222,Positive
12/17/2021,Neutral,0.13664285714285712,Positive
12/20/2021,Neutral,0.33299999999999996,Positive
12/21/2021,Neutral,0.5472857142857143,Positive
12/22/2021,Neutral,0.6566666666666667,Positive
12/23/2021,Neutral,0.8514285714285714,Positive
12/27/2021,Neutral,0.8029999999999998,Positive
12/28/2021,Neutral,0.5780416666666666,Positive
12/29/2021,Neutral,0.5921000000000001,Positive
12/30/2021,Neutral,0.7803,Positive
1/3/2022,Neutral,0.827,Positive
1/4/2022,Neutral,0.6845588235294118,Positive
1/5/2022,Neutral,0.46281818181818174,Positive
1/6/2022,Neutral,0.6422142857142858,Positive
1/7/2022,Neutral,0.6323333333333334,Positive
1/10/2022,Neutral,0.480625,Positive
1/11/2022,Neutral,0.4523125,Positive
1/12/2022,Neutral,0.7327777777777778,Positive
1/13/2022,Neutral,0.5738947368421052,Positive
1/14/2022,Neutral,0.6622857142857143,Positive
1/18/2022,Neutral,0.9288823529411765,Positive
1/19/2022,Neutral,0.8905714285714285,Positive
1/20/2022,Neutral,0.8125,Positive
1/21/2022,Neutral,0.5410526315789472,Positive
1/24/2022,Neutral,0.6385294117647059,Positive
1/25/2022,Neutral,0.44918421052631574,Positive
1/26/2022,Neutral,0.44503703703703706,Positive
1/27/2022,Neutral,0.7810434782608695,Positive
1/28/2022,Neutral,0.5102500000000001,Positive
1/31/2022,Neutral,0.8778181818181818,Positive
2/1/2022,Neutral,0.7028947368421053,Positive
2/2/2022,Neutral,0.678051282051282,Positive
2/3/2022,Neutral,0.8782,Positive
2/4/2022,Neutral,0.7166250000000001,Positive
2/7/2022,Neutral,0.8354999999999999,Positive
2/8/2022,Neutral,0.5220400000000001,Positive
2/9/2022,Neutral,0.547578947368421,Positive
2/10/2022,Neutral,0.841,Positive
2/11/2022,Neutral,0.3332857142857143,Positive
2/14/2022,Neutral,0.6537500000000002,Positive
2/15/2022,Neutral,0.6826666666666665,Positive
2/16/2022,Neutral,0.6619743589743589,Positive
2/17/2022,Neutral,0.2202,Positive
2/18/2022,Neutral,0.22371428571428575,Negative
2/22/2022,Neutral,0.4356153846153846,Positive
2/23/2022,Neutral,0.7108125,Positive
2/24/2022,Neutral,0.46309999999999996,Positive
2/25/2022,Neutral,0.4711764705882353,Positive
2/28/2022,Neutral,0.5313333333333333,Positive
3/1/2022,Neutral,0.04036363636363637,Negative
3/2/2022,Neutral,0.15831250000000002,Positive
3/3/2022,Neutral,0.4051428571428572,Positive
3/4/2022,Neutral,0.30642857142857144,Positive
3/7/2022,Neutral,0.45745454545454545,Positive
3/8/2022,Neutral,0.4562941176470588,Positive
3/9/2022,Neutral,0.5546153846153845,Positive
3/10/2022,Neutral,0.7936428571428571,Positive
3/11/2022,Neutral,0.7778333333333333,Positive
3/14/2022,Neutral,0.4552222222222222,Positive
3/15/2022,Neutral,0.35900000000000004,Positive
3/16/2022,Neutral,0.5752,Positive
3/17/2022,Neutral,0.8666,Positive
3/18/2022,Neutral,0.5249130434782608,Positive
3/21/2022,Neutral,0.5603333333333332,Positive
3/22/2022,Neutral,0.8991951219512194,Positive
3/23/2022,Neutral,0.5586666666666668,Positive
3/24/2022,Neutral,0.4941304347826087,Positive
3/25/2022,Neutral,0.6619473684210526,Positive
3/28/2022,Neutral,0.37223076923076925,Positive
3/29/2022,Neutral,0.7616428571428571,Positive
3/30/2022,Neutral,0.4760714285714286,Positive
3/31/2022,Neutral,0.5006250000000001,Positive
4/1/2022,Neutral,0.4084666666666666,Positive
4/4/2022,Neutral,0.6498124999999999,Positive
4/5/2022,Neutral,0.4889230769230769,Positive
4/6/2022,Neutral,0.4688235294117647,Positive
4/7/2022,Neutral,0.7236999999999999,Positive
4/8/2022,Neutral,0.6452941176470589,Positive
4/11/2022,Neutral,0.28503030303030297,Positive
4/12/2022,Neutral,0.5956363636363636,Positive
4/13/2022,Neutral,0.47119999999999995,Positive
4/14/2022,Neutral,0.5768823529411764,Positive
4/15/2022,Neutral,0.477,Positive
4/18/2022,Neutral,0.7981428571428569,Positive
4/19/2022,Neutral,0.6657500000000001,Positive
4/20/2022,Neutral,0.7177142857142857,Positive
4/21/2022,Neutral,0.593375,Positive
4/22/2022,Neutral,0.4023333333333334,Positive
4/25/2022,Neutral,0.5927499999999999,Positive
4/26/2022,Neutral,0.384923076923077,Positive
4/27/2022,Neutral,0.3447,Positive
4/28/2022,Neutral,0.74875,Positive
4/29/2022,Neutral,0.10133333333333333,Positive
5/2/2022,Neutral,0.49319999999999997,Positive
5/3/2022,Neutral,0.46025000000000005,Positive
5/4/2022,Neutral,0.5176428571428572,Positive
5/5/2022,Neutral,0.6355999999999999,Positive
5/6/2022,Neutral,0.401,Positive
5/9/2022,Neutral,0.3728888888888889,Positive
5/10/2022,Neutral,0.5535625,Positive
5/11/2022,Neutral,0.59,Positive
5/12/2022,Neutral,0.3919,Positive
5/13/2022,Neutral,0.598,Positive
5/16/2022,Neutral,0.63,Positive
5/17/2022,Neutral,0.7503888888888889,Positive
5/18/2022,Neutral,0.7512222222222222,Positive
5/19/2022,Neutral,0.6015263157894736,Positive
5/20/2022,Neutral,0.47375,Positive
5/23/2022,Neutral,0.5639444444444445,Positive
5/24/2022,Neutral,0.3778181818181819,Positive
5/25/2022,Neutral,0.3337941176470588,Positive
5/26/2022,Neutral,0.26397777777777776,Positive
5/27/2022,Neutral,0.3647777777777778,Positive
5/31/2022,Neutral,0.7790000000000001,Positive
6/1/2022,Neutral,0.6736249999999999,Positive
6/2/2022,Neutral,0.5684374999999999,Positive
6/3/2022,Neutral,0.5365384615384615,Positive
6/6/2022,Neutral,0.7563333333333334,Positive
6/7/2022,Neutral,0.623375,Positive
6/8/2022,Neutral,0.9810000000000001,Positive
6/9/2022,Neutral,0.52925,Positive
6/10/2022,Neutral,0.7914,Positive
6/13/2022,Neutral,0.5855,Positive
6/14/2022,Neutral,0.40614285714285714,Positive
6/15/2022,Neutral,0.474,Positive
6/16/2022,Neutral,0.6684285714285715,Positive
6/17/2022,Neutral,0.1092,Positive
6/21/2022,Neutral,0.6319,Positive
6/22/2022,Neutral,0.197,Positive
6/23/2022,Neutral,0.8341428571428572,Positive
6/24/2022,Neutral,0.5726363636363636,Positive
6/27/2022,Neutral,0.6362,Positive
6/28/2022,Neutral,0.24508333333333332,Positive
6/29/2022,Neutral,0.2096842105263158,Positive
6/30/2022,Neutral,0.5795555555555556,Positive
7/1/2022,Neutral,0.14114285714285715,Positive
7/5/2022,Neutral,-0.03426666666666667,Negative
7/6/2022,Neutral,0.4746666666666666,Positive
7/7/2022,Neutral,0.36319047619047623,Positive
7/8/2022,Neutral,0.6087,Positive
7/11/2022,Neutral,0.26877777777777784,Negative
7/12/2022,Neutral,0.5593,Positive
7/13/2022,Neutral,0.36219999999999997,Positive
7/14/2022,Neutral,0.21937500000000001,Positive
7/15/2022,Neutral,0.28641666666666665,Positive
7/18/2022,Neutral,0.6543846153846155,Positive
7/19/2022,Neutral,0.6299411764705882,Positive
7/20/2022,Neutral,0.6197333333333334,Positive
7/21/2022,Neutral,0.5848181818181819,Positive
7/22/2022,Neutral,0.657625,Positive
7/25/2022,Neutral,0.25699999999999995,Positive
7/26/2022,Neutral,0.5986,Positive
7/27/2022,Neutral,0.5319333333333333,Positive
7/28/2022,Neutral,0.952125,Positive
7/29/2022,Neutral,0.544625,Positive
8/1/2022,Neutral,0.425375,Positive
8/2/2022,Neutral,0.57375,Positive
8/3/2022,Neutral,0.5402222222222222,Positive
8/4/2022,Neutral,0.50575,Positive
8/5/2022,Neutral,0.56075,Positive
8/8/2022,Neutral,0.22995348837209303,Positive
8/9/2022,Neutral,0.26470270270270274,Positive
8/10/2022,Neutral,0.44469230769230766,Positive
8/11/2022,Neutral,0.805625,Positive
8/12/2022,Neutral,0.41324999999999995,Positive
8/15/2022,Neutral,0.43871428571428567,Positive
8/16/2022,Neutral,0.7183333333333334,Positive
8/17/2022,Neutral,0.41999999999999993,Positive
8/18/2022,Neutral,0.066,Positive
8/19/2022,Neutral,0.5053571428571428,Positive
8/22/2022,Neutral,0.34574999999999995,Positive
8/23/2022,Neutral,0.4977692307692307,Positive
8/24/2022,Neutral,0.18809756097560976,Positive
8/25/2022,Neutral,0.38969999999999994,Positive
8/26/2022,Neutral,0.19478571428571428,Positive
8/29/2022,Neutral,0.44727272727272727,Positive
8/30/2022,Neutral,0.5103846153846153,Positive
8/31/2022,Neutral,0.85925,Positive
9/1/2022,Neutral,0.19794871794871804,Positive
9/2/2022,Neutral,0.3281428571428571,Positive
9/6/2022,Neutral,0.34508333333333324,Positive
9/7/2022,Neutral,0.807,Positive
9/8/2022,Neutral,0.72,Positive
9/9/2022,Neutral,0.4968,Positive
9/12/2022,Neutral,0.5810000000000001,Positive
9/13/2022,Neutral,0.40007692307692305,Positive
9/14/2022,Neutral,0.46222222222222226,Positive
9/15/2022,Neutral,0.42969999999999997,Positive
9/16/2022,Neutral,0.5481428571428572,Positive
9/19/2022,Neutral,0.612,Positive
9/20/2022,Neutral,0.8118918918918918,Positive
