﻿,Titles,Polarity,Positive,Neutral,Negative
0,American Tower (AMT) Q1 FFO Beat Estimates,0.995,0.104,0.887,0.009
1,"American Tower (AMT) Q1 AFFO Beats Estimates, Revenues Lag",0.998,0.111,0.877,0.011
2,"American Tower (AMT) Q1 AFFO Beats Estimates, Revenues Lag",0.998,0.111,0.877,0.011
3,American Tower Corporation Reports First Quarter 2021 Financial Results,1.0,0.102,0.863,0.035
4,3 Stocks to Supplement Your Social Security Income,0.87,0.172,0.828,0.0
5,American Tower Corp. to Host Earnings Call,0.727,0.039,0.961,0.0
6,"Big Tech and Big Oil, GDP and Jobless Claims, Copper 10k? - What's Moving Markets",0.957,0.07,0.882,0.048
