﻿,Titles,Polarity,Positive,Neutral,Negative
0,American Tower (AMT) Q2 2022 Earnings Call Transcript,0.823,0.086,0.914,0.0
1,American Tower (AMT) Q2 AFFO and Revenues Beat Estimates,0.998,0.115,0.88,0.006
2,10 Stocks to Buy According to William Von Mueffling’s Cantillon Capital Management,1.0,0.132,0.853,0.015
3,American Tower (AMT) Q2 FFO and Revenues Top Estimates,0.997,0.111,0.882,0.008
4,7 S&amp;P 500 Stocks to Buy on the Dip,0.999,0.093,0.888,0.019
5,American Tower Corporation Reports Second Quarter 2022 Financial Results,1.0,0.093,0.87,0.037
