﻿,Titles,Polarity,Positive,Neutral,Negative
0,American Tower Corporation Announces Tax Reporting Information for 2021 Distributions,0.933,0.069,0.922,0.009
1,CoreSite Realty Corporation Announces Tax Reporting Information for 2021 Distributions,0.983,0.08,0.915,0.005
2,7 Bull Market Stocks to Buy for a Continued Run Higher in 2022,1.0,0.114,0.88,0.006
3,CoreSite Partners with Zenlayer to Empower Enterprises to Reach Global Markets on CoreSite’s Open Cloud Exchange®,0.981,0.062,0.925,0.014
4,"Blossom Wealth Management Buys Invesco BulletShares 2023 Corporate Bond ETF, iShares Gold ...",0.999,0.127,0.869,0.004
