﻿,Titles,Polarity,Positive,Neutral,Negative
0,American Tower (AMT) Gains As Market Dips: What You Should Know,0.978,0.09,0.871,0.039
1,"Braun Stacey Associates Inc Buys Marvell Technology Inc, Arista Networks Inc, Lamar Advertising ...",0.989,0.047,0.948,0.004
2,"Alley Co LLC Buys Morgan Stanley, Zoetis Inc, American Tower Corp, Sells Comcast Corp",0.982,0.071,0.921,0.008
3,"Asset Management Corp  Buys Ford Motor Co, Salesforce.com Inc, iShares U.S. ...",0.999,0.102,0.895,0.004
4,"Lederer &amp; Associates Investment Counsel Buys Live Nation Entertainment Inc, Honeywell ...",0.992,0.067,0.925,0.009
