﻿,Titles,Polarity,Positive,Neutral,Negative
0,American Tower sees newly-bought Telxius masts earning $280 million in 2021,0.815,0.093,0.849,0.058
1,American Tower sees newly-bought Telxius masts earning $280 million in 2021,0.815,0.093,0.849,0.058
2,American Tower sees newly-bought Telxius masts earning $280 mln in 2021,0.815,0.093,0.85,0.058
3,American Tower sees newly-bought Telxius masts earning $280 mln in 2021,0.815,0.093,0.85,0.058
4,American Tower Closes First Tranche of Telxius Towers Acquisition,0.962,0.077,0.897,0.026
