﻿,Titles,Polarity,Positive,Neutral,Negative
0,American Tower (AMT) Q1 2022 Earnings Call Transcript,0.796,0.106,0.894,0.0
1,American Tower Registers 23% Revenue Growth In Q1 Backed By Organic Tenant Billings Growth,0.947,0.276,0.662,0.062
2,"American Tower (AMT) Q1 AFFO Beats Estimates, 2022 Outlook Up",0.998,0.113,0.887,0.0
3,American Tower (AMT) Q1 FFO and Revenues Beat Estimates,0.996,0.101,0.887,0.012
4,American Tower Corporation Reports First Quarter 2022 Financial Results,1.0,0.089,0.873,0.039
5,Why I'll Never Sell American Tower,0.511,0.171,0.829,0.0
6,"Russia Gas Supplies, Big Tech Divergence, Home Sales - What's Moving Markets",-0.981,0.048,0.871,0.081
