﻿,Titles,Polarity,Positive,Neutral,Negative
0,American Tower (AMT) Gains As Market Dips: What You Should Know,0.995,0.114,0.875,0.011
1,American Tower (AMT) Gains As Market Dips: What You Should Know,0.995,0.114,0.875,0.011
2,Is American Tower Corporation (REIT) (AMT) A Good Stock To Buy?,0.999,0.132,0.851,0.017
3,Is American Tower Corporation (REIT) (AMT) A Good Stock To Buy?,0.999,0.132,0.851,0.017
4,American Tower (AMT) to Sell 10% in ATC Europe to Allianz Capital,0.998,0.14,0.858,0.002
5,American Tower (AMT) to Sell 10% in ATC Europe to Allianz Capital,0.998,0.14,0.858,0.002
