﻿,Titles,Polarity,Positive,Neutral,Negative
0,American Tower (AMT) Closes Telxius Towers' Buyout in Europe,0.998,0.125,0.871,0.004
1,American Tower (AMT) Closes Telxius Towers' Buyout in Europe,0.998,0.125,0.871,0.004
2,"Telefonica (TEF) Sells Telxius' European Tower Division, Trims Debt",0.999,0.159,0.823,0.018
3,"Telefonica (TEF) Sells Telxius' European Tower Division, Trims Debt",0.999,0.159,0.823,0.018
4,20 Best Cities for Real Estate Investment,1.0,0.131,0.825,0.044
5,20 Best Cities for Real Estate Investment,1.0,0.131,0.825,0.044
