﻿,Titles,Polarity,Positive,Neutral,Negative
0,UPDATE 1-Telefonica in exclusive talks with investor for Brazil fibre unit,0.971,0.093,0.892,0.015
1,UPDATE 1-Telefonica in exclusive talks with investor for Brazil fibre unit,0.971,0.093,0.892,0.015
2,American Tower Corporation Reports Fourth Quarter and Full Year 2020 Financial Results,1.0,0.084,0.886,0.03
3,American Tower Corporation Reports Fourth Quarter and Full Year 2020 Financial Results,1.0,0.084,0.886,0.03
4,Telefonica seeks fibre partner like American Tower for Brazilian venture,0.813,0.079,0.921,0.0
5,Telefonica seeks fibre partner like American Tower for Brazilian venture,0.813,0.079,0.921,0.0
