﻿,Titles,Polarity,Positive,Neutral,Negative
0,American Tower Plans Fourth Quarter and Full Year 2021 Earnings Release and Conference Call,0.318,0.011,0.989,0.0
1,"Kavar Capital Partners Group, Llc Buys FedEx Corp, Avantis Emerging Markets Equity ETF, ...",0.996,0.072,0.924,0.004
2,"Plimoth Trust Co Llc Buys iShares MSCI Intl Quality Factor ETF, The Walt Disney Co, Activision ...",0.999,0.117,0.877,0.006
3,Here's My Top Growth Stock to Buy Now,0.471,0.128,0.824,0.048
4,"Have $2,000? 2 Market Crash-Ready Stocks to Buy",0.586,0.286,0.611,0.103
