﻿,Titles,Polarity,Positive,Neutral,Negative
0,"Do Hedge Funds Love BlackRock, Inc. (BLK)?",0.997,0.102,0.89,0.009
1,Hedge Funds Are Betting On American Tower Corporation (AMT),0.997,0.092,0.89,0.018
2,"Is Advanced Micro Devices, Inc. (AMD) A Good Stock To Buy?",0.996,0.095,0.9,0.005
3,"Hedge Funds Are Betting On The Goldman Sachs Group, Inc. (GS)",0.998,0.11,0.871,0.019
4,A Closer Look At American Tower Corporation's (NYSE:AMT) Impressive ROE,0.993,0.136,0.793,0.071
5,Is International Business Machines Corp. (IBM) A Good Stock To Buy?,0.995,0.09,0.885,0.025
