﻿,Titles,Polarity,Positive,Neutral,Negative
0,American Tower Corporation to Present at the Raymond James 42nd Annual Institutional Investors Conference,0.318,0.022,0.978,0
1,American Tower Corporation to Present at the Raymond James 42nd Annual Institutional Investors Conference,0.318,0.022,0.978,0
2,"American Tower Corporation to Present at the Morgan Stanley Technology, Media &amp; Telecom Conference",0.422,0.035,0.965,0
3,"American Tower Corporation to Present at the Morgan Stanley Technology, Media &amp; Telecom Conference",0.422,0.035,0.965,0
