﻿,Titles,Polarity,Positive,Neutral,Negative
0,American Tower Moves Into the Clouds with $10 Billion Data Center Deal,0.273,0.036,0.964,0.0
1,"SHAREHOLDER ALERT: Rigrodsky Law, P.A. Announces Investigation of CoreSite Realty Corporation Merger",0.751,0.089,0.864,0.047
2,"SHAREHOLDER ALERT: Rigrodsky Law, P.A. Announces Investigation of CoreSite Realty Corporation Merger",0.751,0.089,0.863,0.048
3,"CORESITE ALERT: Bragar Eagel &amp; Squire, P.C. Investigates Sale of COR and Encourages Investors to Contact the Firm",0.975,0.125,0.832,0.043
4,"CORESITE ALERT: Bragar Eagel &amp; Squire, P.C. Investigates Sale of COR and Encourages Investors to Contact the Firm",0.975,0.124,0.834,0.042
5,"Top Real Estate News for Monday, Nov. 15, 2021: Cell Tower Giant to Buy Data Center REIT",0.66,0.099,0.901,0.0
6,Stock Market Opening Gains Fade; This Stock Hurts IBD 50; A Big Merger In Data Industry,0.34,0.091,0.909,0.0
7,Data Center Boom Reaps $18.8 Billion in Deal Volume in a Day,0.994,0.132,0.845,0.023
8,American Tower to Buy Data Center Manager CoreSite in $10.1 Billion Deal,0.0,0.0,1.0,0.0
9,American Tower to buy data center operator CoreSite for $7.5 billion,0.612,0.04,0.95,0.009
10,"KKR, GIP to Acquire Data-Center Owner CyrusOne for $15 Billion",0.972,0.106,0.854,0.04
11,UPDATE 1-American Tower to buy data center operator CoreSite for $7.5 bln,0.735,0.051,0.941,0.009
12,CoreSite's stock rises toward another record after buyout deal with American Tower REIT valued at $10.1 billion,0.915,0.191,0.765,0.045
13,American Tower to Acquire CoreSite,0.999,0.1,0.881,0.019
14,"Tesla, Crowdstrike Fall Premarket; Boeing, Dollar Tree Rise",0.942,0.069,0.904,0.026
