﻿,Titles,Polarity,Positive,Neutral,Negative
0,American Tower Corporation to Present at the Citi 2021 Virtual Global Property CEO Conference,0.318,0.022,0.978,0.0
1,American Tower Corporation to Present at the Citi 2021 Virtual Global Property CEO Conference,0.318,0.022,0.978,0.0
2,"American Tower Corporation to Present at the Deutsche Bank 29th Annual Media, Internet and Telecom Conference",0.422,0.034,0.966,0.0
3,"American Tower Corporation to Present at the Deutsche Bank 29th Annual Media, Internet and Telecom Conference",0.422,0.034,0.966,0.0
4,Welltower's (WELL) Seniors Housing Occupancy Slips in February,0.995,0.112,0.872,0.016
5,Welltower's (WELL) Seniors Housing Occupancy Slips in February,0.995,0.112,0.872,0.016
6,European telcos cash in on tower assets as high-cost 5G investment looms,0.994,0.086,0.894,0.02
7,European telcos cash in on tower assets as high-cost 5G investment looms,0.994,0.086,0.894,0.02
8,European telcos cash in on tower assets as high-cost 5G investment looms,0.994,0.086,0.894,0.02
9,FOCUS-European telcos cash in on tower assets as high-cost 5G investment looms,0.994,0.086,0.895,0.02
10,FOCUS-European telcos cash in on tower assets as high-cost 5G investment looms,0.994,0.086,0.895,0.02
