﻿,Highest Category,Polarity,PosOrNeg
1/4/2021,Positive,0.0,Positive
1/5/2021,Positive,0.0,Positive
1/6/2021,Positive,0.0,Positive
1/7/2021,Positive,0.0,Positive
1/8/2021,Positive,0.0,Positive
1/11/2021,Neutral,0.998,Positive
1/12/2021,Neutral,0.998,Positive
1/13/2021,Neutral,0.953,Positive
1/14/2021,Neutral,0.953,Positive
1/15/2021,Neutral,0.999,Positive
1/19/2021,Neutral,0.999,Positive
1/20/2021,Neutral,0.999,Positive
1/21/2021,Neutral,0.999,Positive
1/22/2021,Neutral,0.999,Positive
1/25/2021,Neutral,0.999,Positive
1/26/2021,Neutral,0.999,Positive
1/27/2021,Neutral,0.757,Positive
1/28/2021,Neutral,0.757,Positive
1/29/2021,Neutral,0.757,Positive
2/1/2021,Neutral,1.0,Positive
2/2/2021,Neutral,0.34,Positive
2/3/2021,Neutral,0.34,Positive
2/4/2021,Neutral,0.654,Positive
2/5/2021,Neutral,0.654,Positive
2/8/2021,Neutral,0.026,Positive
2/9/2021,Neutral,0.026,Positive
2/10/2021,Neutral,0.026,Positive
2/11/2021,Neutral,0.026,Positive
2/12/2021,Neutral,0.998,Positive
2/16/2021,Neutral,0.998,Positive
2/17/2021,Neutral,0.998,Positive
2/18/2021,Neutral,0.998,Positive
2/19/2021,Neutral,0.998,Positive
2/22/2021,Neutral,0.221,Negative
2/23/2021,Neutral,0.612,Positive
2/24/2021,Neutral,0.37,Positive
2/25/2021,Neutral,0.9279999999999999,Positive
2/26/2021,Neutral,0.6335,Positive
3/1/2021,Neutral,0.998,Positive
3/2/2021,Neutral,0.998,Positive
3/3/2021,Neutral,0.7672727272727272,Positive
3/4/2021,Neutral,0.34,Positive
3/5/2021,Neutral,0.34,Positive
3/8/2021,Neutral,0.34,Positive
3/9/2021,Neutral,0.34,Positive
3/10/2021,Neutral,0.34,Positive
3/11/2021,Neutral,0.956,Positive
3/12/2021,Neutral,0.998,Positive
3/15/2021,Neutral,0.8404,Positive
3/16/2021,Neutral,0.9983333333333334,Positive
3/17/2021,Neutral,0.9983333333333334,Positive
3/18/2021,Neutral,0.992,Positive
3/19/2021,Neutral,0.997,Positive
3/22/2021,Neutral,0.998,Positive
3/23/2021,Neutral,0.25375000000000003,Positive
3/24/2021,Neutral,0.9885,Positive
3/25/2021,Neutral,0.9983333333333334,Positive
3/26/2021,Neutral,0.9385000000000001,Positive
3/29/2021,Neutral,0.997,Positive
3/30/2021,Neutral,0.993,Positive
3/31/2021,Neutral,0.993,Positive
4/1/2021,Neutral,0.915,Positive
4/2/2021,Neutral,0.915,Positive
4/5/2021,Neutral,0.909,Positive
4/6/2021,Neutral,0.909,Positive
4/7/2021,Neutral,-0.061,Negative
4/8/2021,Neutral,-0.061,Negative
4/9/2021,Neutral,0.997,Positive
4/12/2021,Neutral,0.9793333333333333,Positive
4/13/2021,Neutral,0.9793333333333333,Positive
4/14/2021,Neutral,0.9793333333333333,Positive
4/15/2021,Neutral,0.9793333333333333,Positive
4/16/2021,Neutral,0.993,Positive
4/19/2021,Neutral,-0.251,Negative
4/20/2021,Neutral,-0.251,Negative
4/21/2021,Neutral,0.998,Positive
4/22/2021,Neutral,0.997,Positive
4/23/2021,Neutral,0.677,Positive
4/26/2021,Neutral,0.995,Positive
4/27/2021,Neutral,0.995,Positive
4/28/2021,Neutral,0.3075,Positive
4/29/2021,Neutral,0.9349999999999999,Positive
4/30/2021,Neutral,0.1365,Positive
5/3/2021,Neutral,0.9975,Positive
5/4/2021,Neutral,0.9975,Positive
5/5/2021,Neutral,0.9875,Positive
5/6/2021,Neutral,0.8685,Positive
5/7/2021,Neutral,0.318,Positive
5/10/2021,Neutral,0.9983333333333334,Positive
5/11/2021,Neutral,0.9984999999999999,Positive
5/12/2021,Neutral,0.999,Positive
5/13/2021,Neutral,0.929,Positive
5/14/2021,Neutral,0.999,Positive
5/17/2021,Neutral,0.999,Positive
5/18/2021,Neutral,0.981,Positive
5/19/2021,Neutral,0.422,Positive
5/20/2021,Neutral,0.998,Positive
5/21/2021,Neutral,0.998,Positive
5/24/2021,Neutral,0.906,Positive
5/25/2021,Neutral,0.8473333333333333,Positive
5/26/2021,Neutral,0.949,Positive
5/27/2021,Neutral,0.7773333333333333,Positive
5/28/2021,Neutral,0.998,Positive
6/1/2021,Neutral,0.8443999999999999,Positive
6/2/2021,Neutral,0.999,Positive
6/3/2021,Neutral,0.814,Positive
6/4/2021,Neutral,0.6565,Positive
6/7/2021,Neutral,0.6565,Positive
6/8/2021,Neutral,0.6565,Positive
6/9/2021,Neutral,0.999,Positive
6/10/2021,Neutral,0.66,Positive
6/11/2021,Neutral,0.995,Positive
6/14/2021,Neutral,0.9975,Positive
6/15/2021,Neutral,0.9975,Positive
6/16/2021,Neutral,0.997,Positive
6/17/2021,Neutral,0.9973333333333333,Positive
6/21/2021,Neutral,0.998,Positive
6/22/2021,Neutral,0.998,Positive
6/23/2021,Neutral,0.999,Positive
6/24/2021,Neutral,0.999,Positive
6/25/2021,Neutral,0.994,Positive
6/28/2021,Neutral,0.994,Positive
6/29/2021,Neutral,0.994,Positive
6/30/2021,Neutral,0.915,Positive
7/1/2021,Neutral,1.0,Positive
7/2/2021,Neutral,0.318,Positive
7/6/2021,Neutral,0.318,Positive
7/7/2021,Neutral,0.318,Positive
7/8/2021,Neutral,0.318,Positive
7/9/2021,Neutral,1.0,Positive
7/12/2021,Neutral,1.0,Positive
7/13/2021,Neutral,0.8925000000000001,Positive
7/14/2021,Neutral,0.908,Positive
7/15/2021,Neutral,0.999,Positive
7/16/2021,Neutral,0.511,Positive
7/19/2021,Neutral,0.511,Positive
7/20/2021,Neutral,0.511,Positive
7/21/2021,Neutral,0.511,Positive
7/22/2021,Neutral,0.511,Positive
7/23/2021,Neutral,0.511,Positive
7/26/2021,Neutral,0.511,Positive
7/27/2021,Neutral,0.998,Positive
7/28/2021,Neutral,0.74375,Positive
7/29/2021,Neutral,0.9007999999999999,Positive
7/30/2021,Neutral,0.0,Positive
8/2/2021,Neutral,0.0,Positive
8/3/2021,Neutral,0.0,Positive
8/4/2021,Neutral,0.3395,Positive
8/5/2021,Neutral,0.3395,Positive
8/6/2021,Neutral,0.3395,Positive
8/9/2021,Neutral,0.998,Positive
8/10/2021,Neutral,0.998,Positive
8/11/2021,Neutral,0.998,Positive
8/12/2021,Neutral,0.998,Positive
8/13/2021,Neutral,0.998,Positive
8/16/2021,Neutral,0.981,Positive
8/17/2021,Neutral,0.981,Positive
8/18/2021,Neutral,0.981,Positive
8/19/2021,Neutral,0.981,Positive
8/20/2021,Neutral,0.981,Positive
8/23/2021,Neutral,0.898,Positive
8/24/2021,Neutral,0.898,Positive
8/25/2021,Neutral,0.898,Positive
8/26/2021,Neutral,0.898,Positive
8/27/2021,Neutral,0.9995,Positive
8/30/2021,Neutral,0.9995,Positive
8/31/2021,Neutral,0.1755,Positive
9/1/2021,Neutral,0.998,Positive
9/2/2021,Neutral,0.998,Positive
9/3/2021,Neutral,0.998,Positive
9/7/2021,Neutral,0.778,Positive
9/8/2021,Neutral,0.778,Positive
9/9/2021,Neutral,0.778,Positive
9/10/2021,Neutral,0.778,Positive
9/13/2021,Neutral,0.869,Positive
9/14/2021,Neutral,0.869,Positive
9/15/2021,Neutral,0.869,Positive
9/16/2021,Neutral,0.6976666666666667,Positive
9/17/2021,Neutral,0.9984999999999999,Positive
9/20/2021,Neutral,0.667,Positive
9/21/2021,Neutral,0.667,Positive
9/22/2021,Neutral,0.98,Positive
9/23/2021,Neutral,0.6475,Positive
9/24/2021,Neutral,0.997,Positive
9/27/2021,Neutral,0.572,Positive
9/28/2021,Neutral,0.572,Positive
9/29/2021,Neutral,0.94525,Positive
9/30/2021,Neutral,0.94525,Positive
10/1/2021,Neutral,0.94525,Positive
10/4/2021,Neutral,0.995,Positive
10/5/2021,Neutral,0.995,Positive
10/6/2021,Neutral,0.995,Positive
10/7/2021,Neutral,0.998,Positive
10/8/2021,Neutral,0.7716666666666666,Positive
10/12/2021,Neutral,0.512,Positive
10/13/2021,Neutral,0.996,Positive
10/14/2021,Neutral,0.996,Positive
10/15/2021,Neutral,0.99,Positive
10/18/2021,Neutral,0.9835,Positive
10/19/2021,Neutral,0.946,Positive
10/20/2021,Neutral,0.993,Positive
10/21/2021,Neutral,0.993,Positive
10/22/2021,Neutral,0.993,Positive
10/25/2021,Neutral,0.7235,Positive
10/26/2021,Neutral,0.998,Positive
10/27/2021,Neutral,0.998,Positive
10/28/2021,Neutral,0.5753999999999999,Positive
10/29/2021,Neutral,0.5753999999999999,Positive
11/1/2021,Neutral,0.9975,Positive
11/2/2021,Neutral,0.998,Positive
11/3/2021,Neutral,0.998,Positive
11/4/2021,Neutral,0.637,Positive
11/5/2021,Neutral,0.637,Positive
11/8/2021,Neutral,0.999,Positive
11/9/2021,Neutral,0.103,Positive
11/10/2021,Neutral,0.999,Positive
11/12/2021,Neutral,0.318,Positive
11/15/2021,Neutral,0.7262666666666667,Positive
11/16/2021,Neutral,0.9375,Positive
11/17/2021,Neutral,0.9375,Positive
11/18/2021,Neutral,0.9486666666666667,Positive
11/19/2021,Neutral,0.9486666666666667,Positive
11/22/2021,Neutral,0.5115,Positive
11/23/2021,Neutral,0.973,Positive
11/24/2021,Neutral,0.8503333333333334,Positive
11/26/2021,Neutral,0.8503333333333334,Positive
11/29/2021,Neutral,0.998,Positive
11/30/2021,Neutral,0.955,Positive
12/1/2021,Neutral,0.955,Positive
12/2/2021,Neutral,0.422,Positive
12/3/2021,Neutral,0.459,Positive
12/6/2021,Neutral,0.996,Positive
12/7/2021,Neutral,0.9960000000000001,Positive
12/8/2021,Neutral,0.2555,Positive
12/9/2021,Neutral,0.2555,Positive
12/10/2021,Neutral,0.2555,Positive
12/13/2021,Neutral,0.4995,Positive
12/14/2021,Neutral,0.5579999999999999,Positive
12/15/2021,Neutral,0.5579999999999999,Positive
12/16/2021,Neutral,0.9715,Positive
12/17/2021,Neutral,0.993,Positive
12/20/2021,Neutral,0.0,Positive
12/21/2021,Neutral,0.88625,Positive
12/22/2021,Neutral,0.859,Positive
12/23/2021,Neutral,0.859,Positive
12/27/2021,Neutral,0.4995,Positive
12/28/2021,Neutral,0.84425,Positive
12/29/2021,Neutral,0.998,Positive
12/30/2021,Neutral,0.8634999999999999,Positive
1/3/2022,Neutral,0.318,Positive
1/4/2022,Neutral,0.993,Positive
1/5/2022,Neutral,0.557,Positive
1/6/2022,Neutral,0.988,Positive
1/7/2022,Neutral,0.4965,Positive
1/10/2022,Neutral,0.998,Positive
1/11/2022,Neutral,0.916,Positive
1/12/2022,Neutral,0.999,Positive
1/13/2022,Neutral,0.992,Positive
1/14/2022,Neutral,0.999,Positive
1/18/2022,Neutral,0.999,Positive
1/19/2022,Neutral,0.9935,Positive
1/20/2022,Neutral,0.9792,Positive
1/21/2022,Neutral,0.9792,Positive
1/24/2022,Neutral,0.9944999999999999,Positive
1/25/2022,Neutral,0.9879999999999999,Positive
1/26/2022,Neutral,0.995,Positive
1/27/2022,Neutral,0.674,Positive
1/28/2022,Neutral,0.9383333333333334,Positive
1/31/2022,Neutral,0.992,Positive
2/1/2022,Neutral,0.986,Positive
2/2/2022,Neutral,0.998,Positive
2/3/2022,Neutral,0.9943333333333334,Positive
2/4/2022,Neutral,0.8206666666666665,Positive
2/7/2022,Neutral,0.9924999999999999,Positive
2/8/2022,Neutral,0.99,Positive
2/9/2022,Neutral,0.743,Positive
2/10/2022,Neutral,0.931,Positive
2/11/2022,Neutral,0.931,Positive
2/14/2022,Neutral,0.996,Positive
2/15/2022,Neutral,0.9964999999999999,Positive
2/16/2022,Neutral,0.996,Positive
2/17/2022,Neutral,0.8905000000000001,Positive
2/18/2022,Neutral,0.8905000000000001,Positive
2/22/2022,Neutral,0.9984999999999999,Positive
2/23/2022,Neutral,0.735,Positive
2/24/2022,Neutral,0.98175,Positive
2/25/2022,Neutral,0.9755,Positive
2/28/2022,Neutral,0.9755,Positive
3/1/2022,Neutral,0.982,Positive
3/2/2022,Neutral,0.66,Positive
3/3/2022,Neutral,0.951,Positive
3/4/2022,Neutral,0.951,Positive
3/7/2022,Neutral,0.951,Positive
3/8/2022,Neutral,0.7343333333333333,Positive
3/9/2022,Neutral,1.0,Positive
3/10/2022,Neutral,0.889,Positive
3/11/2022,Neutral,0.984,Positive
3/14/2022,Neutral,0.987,Positive
3/15/2022,Neutral,0.0,Positive
3/16/2022,Neutral,0.0,Positive
3/17/2022,Neutral,0.0,Positive
3/18/2022,Neutral,0.923,Positive
3/21/2022,Neutral,0.992,Positive
3/22/2022,Neutral,0.8213333333333334,Positive
3/23/2022,Neutral,0.8213333333333334,Positive
3/24/2022,Neutral,0.8213333333333334,Positive
3/25/2022,Neutral,0.8213333333333334,Positive
3/28/2022,Neutral,0.994,Positive
3/29/2022,Neutral,0.962,Positive
3/30/2022,Neutral,0.962,Positive
3/31/2022,Neutral,0.962,Positive
4/1/2022,Neutral,0.962,Positive
4/4/2022,Neutral,0.995,Positive
4/5/2022,Neutral,0.995,Positive
4/6/2022,Neutral,0.986,Positive
4/7/2022,Neutral,0.99025,Positive
4/8/2022,Neutral,0.996,Positive
4/11/2022,Neutral,0.318,Positive
4/12/2022,Neutral,0.991,Positive
4/13/2022,Neutral,0.991,Positive
4/14/2022,Neutral,0.25966666666666666,Positive
4/15/2022,Neutral,0.25966666666666666,Positive
4/18/2022,Neutral,0.25966666666666666,Positive
4/19/2022,Neutral,0.995,Positive
4/20/2022,Neutral,0.361,Positive
4/21/2022,Neutral,0.6226666666666666,Positive
4/22/2022,Neutral,0.6226666666666666,Positive
4/25/2022,Neutral,0.998,Positive
4/26/2022,Neutral,0.998,Positive
4/27/2022,Neutral,0.6095714285714287,Positive
4/28/2022,Neutral,0.952,Positive
4/29/2022,Neutral,0.0,Positive
5/2/2022,Neutral,0.671,Positive
5/3/2022,Neutral,0.671,Positive
5/4/2022,Neutral,0.671,Positive
5/5/2022,Neutral,0.671,Positive
5/6/2022,Neutral,0.671,Positive
5/9/2022,Neutral,0.927,Positive
5/10/2022,Neutral,0.0,Positive
5/11/2022,Neutral,0.9823333333333334,Positive
5/12/2022,Neutral,0.318,Positive
5/13/2022,Neutral,0.318,Positive
5/16/2022,Neutral,0.992,Positive
5/17/2022,Neutral,0.7925,Positive
5/18/2022,Neutral,0.772,Positive
5/19/2022,Neutral,0.6575,Positive
5/20/2022,Neutral,0.5663333333333332,Positive
5/23/2022,Neutral,0.9535,Positive
5/24/2022,Neutral,0.9535,Positive
5/25/2022,Neutral,0.506,Positive
5/26/2022,Neutral,0.506,Positive
5/27/2022,Neutral,0.506,Positive
5/31/2022,Neutral,0.506,Positive
6/1/2022,Neutral,0.99,Positive
6/2/2022,Neutral,0.8395,Positive
6/3/2022,Neutral,0.9655,Positive
6/6/2022,Neutral,0.9655,Positive
6/7/2022,Neutral,0.991,Positive
6/8/2022,Neutral,0.9595,Positive
6/9/2022,Neutral,0.9595,Positive
6/10/2022,Neutral,0.8085,Positive
6/13/2022,Neutral,1.0,Positive
6/14/2022,Neutral,0.9995,Positive
6/15/2022,Neutral,0.9995,Positive
6/16/2022,Neutral,0.9995,Positive
6/17/2022,Neutral,0.991,Positive
6/21/2022,Neutral,0.8694999999999999,Positive
6/22/2022,Neutral,0.9983333333333334,Positive
6/23/2022,Neutral,0.8896666666666667,Positive
6/24/2022,Neutral,0.2,Positive
6/27/2022,Neutral,0.989,Positive
6/28/2022,Neutral,0.542,Positive
6/29/2022,Neutral,0.998,Positive
6/30/2022,Neutral,0.9179999999999999,Positive
7/1/2022,Neutral,0.995,Positive
7/5/2022,Neutral,0.999,Positive
7/6/2022,Neutral,0.6006666666666667,Positive
7/7/2022,Neutral,0.6806666666666666,Positive
7/8/2022,Neutral,0.318,Positive
7/11/2022,Neutral,0.8136666666666666,Positive
7/12/2022,Neutral,0.998,Positive
7/13/2022,Neutral,0.993,Positive
7/14/2022,Neutral,0.981,Positive
7/15/2022,Neutral,0.9964999999999999,Positive
7/18/2022,Neutral,0.511,Positive
7/19/2022,Neutral,0.804,Positive
7/20/2022,Neutral,0.3535,Positive
7/21/2022,Neutral,0.7543333333333333,Positive
7/22/2022,Neutral,0.993,Positive
7/25/2022,Neutral,0.9975,Positive
7/26/2022,Neutral,0.9904999999999999,Positive
7/27/2022,Neutral,0.997,Positive
7/28/2022,Neutral,0.9694999999999999,Positive
7/29/2022,Neutral,0.992,Positive
8/1/2022,Neutral,0.7929999999999999,Positive
8/2/2022,Neutral,0.7929999999999999,Positive
8/3/2022,Neutral,0.7716666666666666,Positive
8/4/2022,Neutral,0.997,Positive
8/5/2022,Neutral,0.7,Positive
8/8/2022,Neutral,0.999,Positive
8/9/2022,Neutral,0.976,Positive
8/10/2022,Neutral,0.202,Positive
8/11/2022,Neutral,0.71925,Positive
8/12/2022,Neutral,0.6096666666666667,Positive
8/15/2022,Neutral,0.398,Positive
8/16/2022,Neutral,0.398,Positive
8/17/2022,Neutral,-0.128,Negative
8/18/2022,Neutral,0.999,Positive
8/19/2022,Neutral,0.999,Positive
8/22/2022,Neutral,0.999,Positive
8/23/2022,Neutral,0.707,Positive
8/24/2022,Neutral,0.977,Positive
8/25/2022,Neutral,0.977,Positive
8/26/2022,Neutral,0.977,Positive
8/29/2022,Neutral,0.977,Positive
8/30/2022,Neutral,0.103,Positive
8/31/2022,Neutral,0.983,Positive
9/1/2022,Neutral,0.994,Positive
9/2/2022,Neutral,0.994,Positive
9/6/2022,Neutral,0.9955,Positive
9/7/2022,Neutral,0.9005000000000001,Positive
9/8/2022,Neutral,0.612,Positive
9/9/2022,Neutral,0.382,Positive
9/12/2022,Neutral,0.9115,Positive
9/13/2022,Neutral,0.9115,Positive
9/14/2022,Neutral,0.999,Positive
9/15/2022,Neutral,0.687,Positive
9/16/2022,Neutral,0.3793333333333333,Positive
9/19/2022,Neutral,0.998,Positive
9/20/2022,Neutral,0.998,Positive
