date,symbol,close,rsi,26-Day EMA,NextDayClose,Diff,Titles,filename
2021-01-05,PLD,96.19000244140624,42.54166604177641,-0.6708564529847776,93.91000366210938,0,Is Americold Realty Trust a Buy?,headlinesIter1.csv
2021-01-06,PLD,93.91000366210938,36.83934133322941,-0.7197753881438688,95.31999969482422,1,Is Americold Realty Trust a Buy?,headlinesIter2.csv
2021-01-07,PLD,95.31999969482422,42.01560663435929,-0.7736678446168663,96.5999984741211,1,Is Americold Realty Trust a Buy?,headlinesIter3.csv
2021-01-08,PLD,96.5999984741211,46.31676014710234,-0.8056674978140815,94.66000366210938,0,Is Americold Realty Trust a Buy?,headlinesIter4.csv
2021-01-11,PLD,94.66000366210938,41.314646414389,-0.8513828963375463,94.70999908447266,1,Terreno Realty (TRNO) Offers Q4 Operations &amp; Investment Update,headlinesIter5.csv
2021-01-12,PLD,94.70999908447266,41.490018193843824,-0.9005604599796376,95.41000366210938,1,Terreno Realty (TRNO) Offers Q4 Operations &amp; Investment Update,headlinesIter6.csv
2021-01-13,PLD,95.41000366210938,44.0127686667363,-0.9361093488420557,95.5,1,Terreno Realty (TRNO) Offers Q4 Operations &amp; Investment Update,headlinesIter7.csv
2021-01-14,PLD,95.5,44.34501260253436,-0.957683095317415,97.68000030517578,1,Terreno Realty (TRNO) Offers Q4 Operations &amp; Investment Update,headlinesIter8.csv
2021-01-15,PLD,97.68000030517578,51.80571941153704,-0.9324031767057714,98.01000213623048,1,Prologis Announces $25.0 Billion in Investment Activity for 2020,headlinesIter9.csv
2021-01-19,PLD,98.01000213623048,52.83640746427266,-0.8716913817067867,100.33999633789062,1,Third Avenue Management Envisions Prologis (PLD) as a Great Asset,headlinesIter10.csv
2021-01-20,PLD,100.33999633789062,59.43310644172426,-0.752793727984449,100.43000030517578,1,Prologis Announces Nippon Prologis REIT's Issuance of New Investment Units,headlinesIter11.csv
2021-01-21,PLD,100.43000030517578,59.66777959883313,-0.6005073868266967,101.22000122070312,1,Prologis Announces Nippon Prologis REIT's Issuance of New Investment Units,headlinesIter12.csv
2021-01-22,PLD,101.22000122070312,61.75887089831461,-0.4213040838601027,102.6999969482422,1,Prologis Announces Nippon Prologis REIT's Issuance of New Investment Units,headlinesIter13.csv
2021-01-25,PLD,102.6999969482422,65.3801620567696,-0.2100511792847716,106.0500030517578,1,Prologis Announces Tax Treatment of Liberty Property Trust 2020 Dividend,headlinesIter14.csv
2021-01-26,PLD,106.0500030517578,71.87289563187159,0.0641417082901343,103.27999877929688,0,"Prologis, Inc. to Host Earnings Call",headlinesIter15.csv
2021-01-27,PLD,103.27999877929688,61.587628879775465,0.319070521324057,103.4000015258789,1,Nippon Prologis REIT Prices New Investment Units,headlinesIter16.csv
2021-01-28,PLD,103.4000015258789,61.842386423986895,0.5497485434889194,103.1999969482422,0,"Duke Realty (DRE) Meets Q4 FFO Estimates, Issues Solid '21 View",headlinesIter17.csv
2021-01-29,PLD,103.1999969482422,61.11488082538932,0.7486901722959932,105.91000366210938,1,"Duke Realty (DRE) Meets Q4 FFO Estimates, Issues Solid '21 View",headlinesIter18.csv
2021-02-01,PLD,105.91000366210938,66.81189913726847,0.95884135367018,106.87999725341795,1,"22 Ways to Invest in the Future, According to Barron’s Roundtable Experts",headlinesIter19.csv
2021-02-02,PLD,106.87999725341795,68.58597020725841,1.178292281072492,106.04000091552734,0,Prologis Announces Redemption of 3.375% Notes due 2024,headlinesIter20.csv
2021-02-03,PLD,106.04000091552734,65.3291853770093,1.3759809114518402,106.41000366210938,1,3 Industrial REITs to Buy in February,headlinesIter21.csv
2021-02-04,PLD,106.41000366210938,66.09294395800295,1.5524332298872137,106.6999969482422,1,Logistics Property Rents Step Higher Amid Pandemic — Prologis Report,headlinesIter22.csv
2021-02-05,PLD,106.6999969482422,66.71188451999977,1.7074134814609037,107.08000183105467,1,Logistics Property Rents Step Higher Amid Pandemic — Prologis Report,headlinesIter23.csv
2021-02-08,PLD,107.08000183105467,67.54784982813159,1.842982351895148,107.41999816894533,1,This Industrial REIT Sees Years of Growth Ahead,headlinesIter24.csv
2021-02-09,PLD,107.41999816894533,68.31455536055594,1.960501713907751,107.5199966430664,1,This Industrial REIT Sees Years of Growth Ahead,headlinesIter25.csv
2021-02-10,PLD,107.5199966430664,68.54990358086509,2.0576744718467306,107.76000213623048,1,This Industrial REIT Sees Years of Growth Ahead,headlinesIter26.csv
2021-02-11,PLD,107.76000213623048,69.14231971753357,2.1361397071132524,107.66999816894533,0,This Industrial REIT Sees Years of Growth Ahead,headlinesIter27.csv
2021-02-12,PLD,107.66999816894533,68.6203050601171,2.192461497082531,106.58000183105467,0,This Industrial REIT Sees Years of Growth Ahead,headlinesIter28.csv
2021-02-16,PLD,106.58000183105467,62.46920489831048,2.209564405027073,105.83000183105467,0,This Industrial REIT Sees Years of Growth Ahead,headlinesIter29.csv
2021-02-17,PLD,105.83000183105467,58.57823942385549,2.184187258625056,105.77999877929688,0,This Industrial REIT Sees Years of Growth Ahead,headlinesIter30.csv
2021-02-18,PLD,105.77999877929688,58.31743811488823,2.1277387750173693,105.3000030517578,0,"Do Its Financials Have Any Role To Play In Driving Prologis, Inc.'s (NYSE:PLD) Stock Up Recently?",headlinesIter31.csv
2021-02-19,PLD,105.3000030517578,55.75144704584062,2.042266903429347,104.72000122070312,0,"Do Its Financials Have Any Role To Play In Driving Prologis, Inc.'s (NYSE:PLD) Stock Up Recently?",headlinesIter32.csv
2021-02-22,PLD,104.72000122070312,52.7321301657991,1.9291759814279203,104.5500030517578,0,Prologis Completes $2.0 Billion of Financing Activity,headlinesIter33.csv
2021-02-23,PLD,104.5500030517578,51.84585986758255,1.797593182909804,103.23999786376952,0,Prologis Completes $2.0 Billion of Financing Activity,headlinesIter34.csv
2021-02-24,PLD,103.23999786376952,45.499676151222666,1.6363203760156155,101.38999938964844,0,Prologis Completes $2.0 Billion of Financing Activity,headlinesIter35.csv
2021-02-25,PLD,101.38999938964844,38.35886780923691,1.4316474837887403,99.06999969482422,0,Prologis Declares Quarterly Dividends,headlinesIter36.csv
2021-02-26,PLD,99.06999969482422,31.650448749092785,1.1702242957377536,99.43000030517578,1,Prologis Declares Quarterly Dividends,headlinesIter37.csv
2021-03-01,PLD,99.43000030517578,33.59124409040244,0.8900117787984811,99.08999633789062,0,3 Great Stocks for Low-Risk Investors,headlinesIter38.csv
2021-03-02,PLD,99.08999633789062,32.6483334813585,0.6052585960940376,96.11000061035156,0,3 Equity REIT Stocks Poised to Escape Pandemic-Led Industry Weakness,headlinesIter39.csv
2021-03-03,PLD,96.11000061035156,25.810018644029093,0.2836630462737235,95.63999938964844,0,"Zacks Industry Outlook Highlights: Prologis, Extra Space Storage and Alexandria Real Estate Equities",headlinesIter40.csv
2021-03-04,PLD,95.63999938964844,24.923347697561876,-0.0523111358022985,97.37000274658205,1,"Zacks Industry Outlook Highlights: Prologis, Extra Space Storage and Alexandria Real Estate Equities",headlinesIter41.csv
2021-03-05,PLD,97.37000274658205,33.921748726331394,-0.3519648234013628,95.9499969482422,0,"Zacks Industry Outlook Highlights: Prologis, Extra Space Storage and Alexandria Real Estate Equities",headlinesIter42.csv
2021-03-08,PLD,95.9499969482422,30.67213116318419,-0.634998351385692,98.31999969482422,1,Prologis to Participate in March Virtual Investor Conferences,headlinesIter43.csv
2021-03-09,PLD,98.31999969482422,40.8559066068767,-0.8535183007599887,97.72000122070312,0,Is Prologis a Buy?,headlinesIter44.csv
2021-03-10,PLD,97.72000122070312,39.28269124726824,-1.0277744964356414,99.55999755859376,1,Is Prologis a Buy?,headlinesIter45.csv
2021-03-11,PLD,99.55999755859376,46.13296452395919,-1.1334536581982757,101.29000091552734,1,Pandemic Has 'Forever Altered' Need For Logistics Space — Prologis,headlinesIter46.csv
2021-03-12,PLD,101.29000091552734,51.655712418811575,-1.1604256240558286,102.77999877929688,1,Pandemic Has 'Forever Altered' Need For Logistics Space — Prologis,headlinesIter47.csv
2021-03-15,PLD,102.77999877929688,55.85377668516243,-1.1102346388955733,104.2300033569336,1,3 Best REITs to Buy Right Now,headlinesIter48.csv
2021-03-16,PLD,104.2300033569336,59.53624105700492,-0.9886460798240592,102.0999984741211,0,3 Best REITs to Buy Right Now,headlinesIter49.csv
2021-03-17,PLD,102.0999984741211,52.59573079396892,-0.8604104372947985,102.11000061035156,1,3 Best REITs to Buy Right Now,headlinesIter50.csv
2021-03-18,PLD,102.11000061035156,52.62366062706688,-0.7326102282387772,100.37999725341795,0,3 Best REITs to Buy Right Now,headlinesIter51.csv
2021-03-19,PLD,100.37999725341795,47.4195429085626,-0.6377138648436675,103.6500015258789,1,3 Best REITs to Buy Right Now,headlinesIter52.csv
2021-03-22,PLD,103.6500015258789,56.2305103581516,-0.5147911314035859,105.1999969482422,1,Nimble Robotics Raises $50 Million Series A: Good for Warehouse Automation?,headlinesIter53.csv
2021-03-23,PLD,105.1999969482422,59.67950027363057,-0.3548432401716115,103.81999969482422,0,Industrial real estate is ‘as strong as we’ve ever seen’: IRG CEO,headlinesIter54.csv
2021-03-24,PLD,103.81999969482422,55.48725959213166,-0.2012817207671476,104.43000030517578,1,E-commerce Drives Further Industrial Real Estate Sales,headlinesIter55.csv
2021-03-25,PLD,104.43000030517578,56.92757332444389,-0.0495820388684155,106.77999877929688,1,Prologis to Announce First Quarter 2021 Results April 19,headlinesIter56.csv
2021-03-26,PLD,106.77999877929688,62.02543007073616,0.1306041919989067,106.7699966430664,0,Prologis to Announce First Quarter 2021 Results April 19,headlinesIter57.csv
2021-03-29,PLD,106.7699966430664,61.99179964232925,0.3187423283039559,106.76000213623048,0,Here's How Much You'd Have If You Invested $1000 in Prologis a Decade Ago,headlinesIter58.csv
2021-03-30,PLD,106.76000213623048,61.9556505976438,0.5011161181342523,106.0,0,Here's How Much You'd Have If You Invested $1000 in Prologis a Decade Ago,headlinesIter59.csv
2021-03-31,PLD,106.0,59.13192354802997,0.6570490566405596,108.5,1,"If You Invested $1000 in Prologis a Decade Ago, This is How Much It'd Be Worth Now",headlinesIter60.csv
2021-04-01,PLD,108.5,64.81303692556764,0.8266236116565352,108.37000274658205,0,Prologis to Host Virtual 2021 Stockholders Meeting April 29,headlinesIter61.csv
2021-04-05,PLD,108.37000274658205,64.31240005861402,0.9919010165624472,109.31999969482422,1,Prologis to Host Virtual 2021 Stockholders Meeting April 29,headlinesIter63.csv
2021-04-06,PLD,109.31999969482422,66.35753062211766,1.1587168397658585,109.62999725341795,1,Prologis (PLD) Moves to Buy: Rationale Behind the Upgrade,headlinesIter64.csv
2021-04-07,PLD,109.62999725341795,67.02166081462768,1.3200570325841423,108.44000244140624,0,Is PLD Stock A Buy or Sell?,headlinesIter65.csv
2021-04-08,PLD,108.44000244140624,61.96479043409055,1.4475131376362786,109.51000213623048,1,Real Estate Companies Saving the Planet,headlinesIter66.csv
2021-04-09,PLD,109.51000213623048,64.55449972973014,1.560821938242245,109.83999633789062,1,Real Estate Companies Saving the Planet,headlinesIter67.csv
2021-04-12,PLD,109.83999633789062,65.33832998706495,1.6610310837752646,110.77999877929688,1,"If You Invested $1000 in Prologis 10 Years Ago, This Is How Much You'd Have Now",headlinesIter68.csv
2021-04-13,PLD,110.77999877929688,67.5403065102205,1.7589878544108453,109.66000366210938,0,"If You Invested $1000 in Prologis 10 Years Ago, This Is How Much You'd Have Now",headlinesIter69.csv
2021-04-14,PLD,109.66000366210938,62.44974487033858,1.8285198672204712,112.36000061035156,1,"If You Invested $1000 in Prologis 10 Years Ago, This Is How Much You'd Have Now",headlinesIter70.csv
2021-04-15,PLD,112.36000061035156,68.59492166266199,1.915500117235152,112.55999755859376,1,4 Top Industrial REITs Poised to Shine on Stellar Demand,headlinesIter71.csv
2021-04-16,PLD,112.55999755859376,68.99962171625474,2.007681958136468,112.25,0,Key Factors to Impact Prologis (PLD) This Earnings Season,headlinesIter72.csv
2021-04-19,PLD,112.25,67.54665123306253,2.088769987721095,114.75,1,Prologis to Host Earnings Call,headlinesIter73.csv
2021-04-20,PLD,114.75,72.56422467778205,2.193779173362115,114.70999908447266,0,4 Buy-Ranked Companies with Solid Earnings Beats,headlinesIter74.csv
2021-04-21,PLD,114.70999908447266,72.37142072842668,2.3026386634218525,114.68000030517578,0,Prologis Continues Green Building Leadership with LEED v4 Volume Program,headlinesIter75.csv
2021-04-22,PLD,114.68000030517578,72.21645065431659,2.4024780630548603,114.87000274658205,1,Prologis Continues Green Building Leadership with LEED v4 Volume Program,headlinesIter76.csv
2021-04-23,PLD,114.87000274658205,72.61640596875827,2.4889857429565403,115.22000122070312,1,Prologis Continues Green Building Leadership with LEED v4 Volume Program,headlinesIter77.csv
2021-04-26,PLD,115.22000122070312,73.37669268766749,2.562513602942636,114.8499984741211,0,Prologis CEO Says Business Demand Is Strongest of His Career,headlinesIter78.csv
2021-04-27,PLD,114.8499984741211,71.12839684704844,2.61230784677948,115.0999984741211,1,"If You Invested $1000 in Prologis a Decade Ago, This is How Much It'd Be Worth Now",headlinesIter79.csv
2021-04-28,PLD,115.0999984741211,71.7580618644218,2.642650649257757,116.2699966430664,1,"If You Invested $1000 in Prologis a Decade Ago, This is How Much It'd Be Worth Now",headlinesIter80.csv
2021-04-29,PLD,116.2699966430664,74.55493105413433,2.6718545473548465,116.52999877929688,1,"Duke Realty (DRE) Meets Q1 FFO Estimates, Raises '21 View",headlinesIter81.csv
2021-04-30,PLD,116.52999877929688,75.14402542253974,2.6968721709110803,116.01000213623048,0,Prologis Announces Results from Stockholder Meeting,headlinesIter82.csv
2021-05-03,PLD,116.01000213623048,71.57499012657583,2.7035114935832003,115.5999984741211,0,Snap Inc. (SNAP): Were Hedge Funds Right About This Stock?,headlinesIter83.csv
2021-05-04,PLD,115.5999984741211,68.8002747650171,2.685580390516427,113.01000213623048,0,Was The Smart Money Right About Cigna Corporation (CI)?,headlinesIter84.csv
2021-05-05,PLD,113.01000213623048,54.44239109255251,2.605746138815097,114.72000122070312,1,Was The Smart Money Right About Cigna Corporation (CI)?,headlinesIter85.csv
2021-05-06,PLD,114.72000122070312,60.32887764723775,2.5126402503436776,116.0199966430664,1,3 Best REITs to Buy in May,headlinesIter86.csv
2021-05-07,PLD,116.0199966430664,64.12403237190995,2.431110573904776,116.1999969482422,1,3 Best REITs to Buy in May,headlinesIter87.csv
2021-05-10,PLD,116.1999969482422,64.62860454344741,2.3584413702393485,114.86000061035156,0,Were Hedge Funds Right About Automatic Data Processing (ADP)?,headlinesIter88.csv
2021-05-11,PLD,114.86000061035156,58.07982970532708,2.268380955090246,112.37000274658205,0,Prologis and the Association for Supply Chain Management Partner to Launch Global Logistics Certificate,headlinesIter89.csv
2021-05-12,PLD,112.37000274658205,48.28817447017055,2.127244620599699,113.5,1,Third Avenue Management Found a Great Value in Prologis Inc. (PLD),headlinesIter90.csv
2021-05-13,PLD,113.5,52.22456791165325,1.974673514662338,114.6500015258789,1,Third Avenue Management Found a Great Value in Prologis Inc. (PLD),headlinesIter91.csv
2021-05-14,PLD,114.6500015258789,55.903474131142886,1.8367802673122748,114.19000244140624,0,Third Avenue Management Found a Great Value in Prologis Inc. (PLD),headlinesIter92.csv
2021-05-17,PLD,114.19000244140624,54.108641494700215,1.7037899987472516,114.9800033569336,1,Third Avenue Management Found a Great Value in Prologis Inc. (PLD),headlinesIter93.csv
2021-05-18,PLD,114.9800033569336,56.68092954103094,1.589565113094654,115.3499984741211,1,Prologis' 2 Can't-Miss Insights for Real Estate Investors,headlinesIter94.csv
2021-05-19,PLD,115.3499984741211,57.87193373761234,1.4953699787312758,117.36000061035156,1,Did You Participate In Any Of Prologis' (NYSE:PLD) Fantastic 181% Return ?,headlinesIter95.csv
2021-05-20,PLD,117.36000061035156,63.709274225271,1.4473271285155307,117.52999877929688,1,Did You Participate In Any Of Prologis' (NYSE:PLD) Fantastic 181% Return ?,headlinesIter96.csv
2021-05-21,PLD,117.52999877929688,64.16157242158663,1.4301435916893317,118.1500015258789,1,Did You Participate In Any Of Prologis' (NYSE:PLD) Fantastic 181% Return ?,headlinesIter97.csv
2021-05-24,PLD,118.1500015258789,65.83403697454976,1.4398350592244142,118.18000030517578,1,Scott Marshall Named Global Head of Prologis' Customer Led Solutions Division,headlinesIter98.csv
2021-05-25,PLD,118.18000030517578,65.91691540553013,1.4630601537495806,117.51000213623048,0,Top 10 Real Estate Billionaires in the World,headlinesIter99.csv
2021-05-26,PLD,117.51000213623048,62.28302150115429,1.4795263261364624,116.86000061035156,0,Top 10 Real Estate Billionaires in the World,headlinesIter100.csv
2021-05-27,PLD,116.86000061035156,58.891065406319335,1.4771504186140223,117.83999633789062,1,Top 10 Real Estate Billionaires in the World,headlinesIter101.csv
2021-05-28,PLD,117.83999633789062,62.23080614325791,1.4753577443043715,119.83000183105467,1,Top 10 Real Estate Billionaires in the World,headlinesIter102.csv
2021-06-01,PLD,119.83000183105467,67.92862779080811,1.502411340879013,121.73999786376952,1,3 Income Stocks Perfect for Retirees,headlinesIter103.csv
2021-06-02,PLD,121.73999786376952,72.254955684425,1.5731755987871896,121.87000274658205,1,20 Best Cities for Real Estate Investment,headlinesIter104.csv
2021-06-03,PLD,121.87000274658205,72.52661583118078,1.666115839637213,122.38999938964844,1,Prologis Publishes 2020 Sustainability Report,headlinesIter105.csv
2021-06-04,PLD,122.38999938964844,73.63844261323241,1.7725823036924413,122.68000030517578,1,Prologis Publishes 2020 Sustainability Report,headlinesIter106.csv
2021-06-07,PLD,122.68000030517578,74.26397521686474,1.882532316039774,123.66000366210938,1,Prologis to Participate in REITWeek 2021: NAREIT's Virtual Investor Conference,headlinesIter107.csv
2021-06-08,PLD,123.66000366210938,76.30976555477504,2.0002466968858776,123.61000061035156,0,Prologis to Participate in REITWeek 2021: NAREIT's Virtual Investor Conference,headlinesIter108.csv
2021-06-09,PLD,123.61000061035156,75.97790122087314,2.1113001148112063,126.27999877929688,1,Prologis to Participate in REITWeek 2021: NAREIT's Virtual Investor Conference,headlinesIter109.csv
2021-06-10,PLD,126.27999877929688,80.78355646484326,2.250143147898497,124.70999908447266,0,15 Most Sustainable Companies In the United States,headlinesIter110.csv
2021-06-11,PLD,124.70999908447266,71.70040493792847,2.368948832602572,126.16000366210938,1,15 Most Sustainable Companies In the United States,headlinesIter111.csv
2021-06-14,PLD,126.16000366210938,74.54689014357542,2.4867021678075605,123.13999938964844,0,Earnings Growth &amp; Price Strength Make Prologis (PLD) a Stock to Watch,headlinesIter112.csv
2021-06-15,PLD,123.13999938964844,60.82449066711855,2.543772984728795,121.41999816894533,0,"Top Research Reports for salesforce, Shopify &amp; AstraZeneca",headlinesIter113.csv
2021-06-16,PLD,121.41999816894533,54.65388942592413,2.526578040175677,122.61000061035156,1,"Top Research Reports for salesforce, Shopify &amp; AstraZeneca",headlinesIter114.csv
2021-06-17,PLD,122.61000061035156,57.8406312584051,2.4769633540133147,119.56999969482422,0,"Top Research Reports for salesforce, Shopify &amp; AstraZeneca",headlinesIter115.csv
2021-06-21,PLD,122.58999633789062,56.081893264787176,2.238139331445421,121.9800033569336,0,"Top Research Reports for salesforce, Shopify &amp; AstraZeneca",headlinesIter116.csv
2021-06-22,PLD,121.9800033569336,54.33590443649702,2.114707551313217,121.12000274658205,0,Terreno Realty (TRNO) Secures Lease for Property in Inglewood,headlinesIter117.csv
2021-06-23,PLD,121.12000274658205,51.88342142961817,1.9753894204336837,121.2699966430664,1,Where Do Hedge Funds Stand On Automatic Data Processing (ADP)?,headlinesIter118.csv
2021-06-24,PLD,121.2699966430664,52.28791074277768,1.831308072254252,122.0,1,Where Do Hedge Funds Stand On Automatic Data Processing (ADP)?,headlinesIter119.csv
2021-06-25,PLD,122.0,54.30140819494198,1.6992670697772378,121.62000274658205,0,Where Do Hedge Funds Stand On Automatic Data Processing (ADP)?,headlinesIter120.csv
2021-06-28,PLD,121.62000274658205,53.04647822788468,1.571758922642521,121.4499969482422,0,Where Do Hedge Funds Stand On Prologis Inc (PLD)?,headlinesIter121.csv
2021-06-29,PLD,121.4499969482422,52.46232884395361,1.4474813694501605,119.52999877929688,0,Hedge Funds Have Never Been This Bullish On Canadian National Railway Company (CNI),headlinesIter122.csv
2021-06-30,PLD,119.52999877929688,46.26579079981577,1.2978119723957044,119.9800033569336,1,Commercial Landlords Face Supreme Court’s Realty Check On Evictions,headlinesIter123.csv
2021-07-01,PLD,119.9800033569336,47.82138008710902,1.14429496084834,121.02999877929688,1,20 Best Countries to Invest in Real Estate in 2021,headlinesIter124.csv
2021-07-02,PLD,121.02999877929688,51.35968775447096,1.0105579385334198,122.54000091552734,1,20 Best Countries to Invest in Real Estate in 2021,headlinesIter125.csv
2021-07-06,PLD,122.54000091552734,55.98247074204554,0.9180172821837284,123.29000091552734,1,20 Best Countries to Invest in Real Estate in 2021,headlinesIter126.csv
2021-07-07,PLD,123.29000091552734,58.111913913878375,0.8660223089207554,123.11000061035156,0,20 Best Countries to Invest in Real Estate in 2021,headlinesIter127.csv
2021-07-08,PLD,123.11000061035156,57.39427557370749,0.837320606971159,125.38999938964844,1,3 REITs You Need in Your Real Estate Portfolio,headlinesIter128.csv
2021-07-09,PLD,125.38999938964844,63.53673218711757,0.8591908927232774,127.41000366210938,1,3 REITs You Need in Your Real Estate Portfolio,headlinesIter129.csv
2021-07-12,PLD,127.41000366210938,67.94593087590056,0.9418819626581332,125.61000061035156,0,3 REITs You Need in Your Real Estate Portfolio,headlinesIter130.csv
2021-07-13,PLD,125.61000061035156,60.88123934462069,1.027494782374842,126.2300033569336,1,15 Best States to Invest in Real Estate in 2021,headlinesIter131.csv
2021-07-14,PLD,126.2300033569336,62.33396856067736,1.1180008460350823,126.93000030517578,1,Ares Management’s Black Creek Industrial REIT IV Adds 8.3 Million Square Feet of Industrial Assets,headlinesIter132.csv
2021-07-15,PLD,126.93000030517578,63.96122794609654,1.2154493151926362,127.27999877929688,1,New to Investing? This 1 Finance Stock Could Be the Perfect Starting Point,headlinesIter133.csv
2021-07-16,PLD,127.27999877929688,64.78053070208819,1.3149545062300605,126.77999877929688,0,"The Zacks Analyst Blog Highlights: Cushman &amp; Wakefield, Prologis, Duke Realty Corp, Rexford Industrial Realty and Terreno Realty",headlinesIter134.csv
2021-07-19,PLD,126.77999877929688,62.5913710634917,1.399558328872895,127.98999786376952,1,Prologis Sees Record Rent Growth For Logistics Space,headlinesIter135.csv
2021-07-20,PLD,127.98999786376952,65.61931081701452,1.4865021424744491,126.9000015258789,0,Prologis Sees Record Rent Growth For Logistics Space,headlinesIter136.csv
2021-07-21,PLD,126.9000015258789,60.84179495889885,1.5495765846642706,127.16999816894533,1,Prologis Sees Record Rent Growth For Logistics Space,headlinesIter137.csv
2021-07-22,PLD,127.16999816894533,61.58782679351832,1.5951595410608332,127.88999938964844,1,Prologis Sees Record Rent Growth For Logistics Space,headlinesIter138.csv
2021-07-23,PLD,127.88999938964844,63.58046534312783,1.6352411468331092,127.9800033569336,1,3 REITs to Buy for Low-Risk Investors,headlinesIter139.csv
2021-07-26,PLD,127.9800033569336,63.83303710501254,1.6674823839893684,129.19000244140625,1,Like Growth? You'll Love These REITs,headlinesIter140.csv
2021-07-27,PLD,129.19000244140625,67.13306547173457,1.7086235901104618,127.62999725341795,0,Like Growth? You'll Love These REITs,headlinesIter141.csv
2021-07-28,PLD,127.62999725341795,59.58449707067094,1.724403163909084,127.88999938964844,1,15 Best Strong Buy Stocks to Invest In,headlinesIter142.csv
2021-07-29,PLD,127.88999938964844,60.38402569066632,1.7236772851804258,128.0399932861328,1,"Duke Realty (DRE) Tops Q2 FFO Estimates, Raises '21 View",headlinesIter143.csv
2021-07-30,PLD,128.0399932861328,60.86501185920514,1.7111086161519782,128.4600067138672,1,"If You Invested $1000 in Prologis 10 Years Ago, This Is How Much You'd Have Now",headlinesIter144.csv
2021-08-02,PLD,128.4600067138672,62.24725686874376,1.6945770922704266,129.6699981689453,1,Prologis (PLD) Boasts Earnings &amp; Price Momentum: Should You Buy?,headlinesIter145.csv
2021-08-03,PLD,129.6699981689453,65.9755863541763,1.6918707605437433,128.89999389648438,0,3 Safe REITs to Buy in August,headlinesIter146.csv
2021-08-04,PLD,128.89999389648438,61.79340001558149,1.6818305776593008,130.4499969482422,1,3 Safe REITs to Buy in August,headlinesIter147.csv
2021-08-05,PLD,130.4499969482422,66.40936434781594,1.6886161632594248,129.7100067138672,0,REIT Prologis Is Reaping the Rewards of E-Commerce,headlinesIter148.csv
2021-08-06,PLD,129.7100067138672,62.52553964109296,1.689937293157143,130.00999450683594,1,REIT Prologis Is Reaping the Rewards of E-Commerce,headlinesIter149.csv
2021-08-09,PLD,130.00999450683594,63.458533001846085,1.6886985733723858,129.35000610351562,0,Were Hedge Funds Right About Piling Into Snap Inc. (SNAP)?,headlinesIter150.csv
2021-08-10,PLD,129.35000610351562,59.92377462224796,1.6715417099882055,128.89999389648438,0,Were Hedge Funds Right About Piling Into Snap Inc. (SNAP)?,headlinesIter151.csv
2021-08-11,PLD,128.89999389648438,57.569095234946175,1.634317590099838,130.07000732421875,1,Were Hedge Funds Right About Piling Into Snap Inc. (SNAP)?,headlinesIter152.csv
2021-08-12,PLD,130.07000732421875,61.77475497251447,1.601408992998533,131.97999572753906,1,Were Hedge Funds Right About Piling Into Snap Inc. (SNAP)?,headlinesIter153.csv
2021-08-13,PLD,131.97999572753906,67.44713840475006,1.5997532194414223,133.69000244140625,1,Were Hedge Funds Right About Piling Into Snap Inc. (SNAP)?,headlinesIter154.csv
2021-08-16,PLD,133.69000244140625,71.52170200026445,1.6414089058138737,134.0800018310547,1,Were Hedge Funds Right About Piling Into Snap Inc. (SNAP)?,headlinesIter155.csv
2021-08-17,PLD,134.0800018310547,72.37109067339453,1.7105088258405414,132.5,0,Here's How Much You'd Have If You Invested $1000 in Prologis a Decade Ago,headlinesIter156.csv
2021-08-18,PLD,132.5,64.03795868069156,1.764081325812674,133.14999389648438,1,Why This 1 Finance Stock Could Be a Great Addition to Your Portfolio,headlinesIter157.csv
2021-08-19,PLD,133.14999389648438,65.78344250381716,1.811462755551695,134.25,1,Why This 1 Finance Stock Could Be a Great Addition to Your Portfolio,headlinesIter158.csv
2021-08-20,PLD,134.25,68.56421995728633,1.8659011944552848,133.38999938964844,0,These stocks can defend your investment portfolio from inflation,headlinesIter159.csv
2021-08-23,PLD,133.38999938964844,64.17313798654911,1.9039355033498864,130.75,0,These stocks can defend your investment portfolio from inflation,headlinesIter160.csv
2021-08-24,PLD,130.75,52.96032887731543,1.8832350975141487,130.52999877929688,0,Rexford's (REXR) Acquisitions Reach $779 Million in 2021 So Far,headlinesIter161.csv
2021-08-25,PLD,130.52999877929688,52.142691855614885,1.8190037951335545,130.6199951171875,1,Rexford's (REXR) Acquisitions Reach $779 Million in 2021 So Far,headlinesIter162.csv
2021-08-26,PLD,130.6199951171875,52.465986706712606,1.7281452425535693,131.30999755859375,1,What Makes Prologis (PLD) a New Buy Stock,headlinesIter163.csv
2021-08-27,PLD,131.30999755859375,54.97725418292797,1.6324299942511882,133.72999572753906,1,What Makes Prologis (PLD) a New Buy Stock,headlinesIter164.csv
2021-08-30,PLD,133.72999572753906,62.46676683691989,1.5735772338705416,134.66000366210938,1,What Makes Prologis (PLD) a New Buy Stock,headlinesIter165.csv
2021-08-31,PLD,134.66000366210938,64.88433526154915,1.5521655583340055,137.7899932861328,1,3 Best REITs to Buy in September,headlinesIter166.csv
2021-09-01,PLD,137.7899932861328,71.53065463391455,1.6017431219525706,138.47000122070312,1,3 Best REITs to Buy in September,headlinesIter167.csv
2021-09-02,PLD,138.47000122070312,72.7378995675868,1.7004148604417118,138.99000549316406,1,Here's How Much a $1000 Investment in Prologis Made 10 Years Ago Would Be Worth Today,headlinesIter168.csv
2021-09-03,PLD,138.99000549316406,73.65781380567068,1.8291061160840008,137.64999389648438,0,5 Reasons to Add Prologis (PLD) Stock to Your Portfolio,headlinesIter169.csv
2021-09-07,PLD,137.64999389648438,67.3508885338117,1.9443188100043545,138.5399932861328,1,Prologis Declares Quarterly Dividends,headlinesIter170.csv
2021-09-08,PLD,138.5399932861328,69.23506141360255,2.0548116873636446,134.72000122070312,0,Prologis Declares Quarterly Dividends,headlinesIter171.csv
2021-09-09,PLD,134.72000122070312,54.65559992965,2.0909249820929,133.6300048828125,0,Prologis Declares Quarterly Dividends,headlinesIter172.csv
2021-09-10,PLD,133.6300048828125,51.33385312306291,2.056369580869198,132.77999877929688,0,Prologis Declares Quarterly Dividends,headlinesIter173.csv
2021-09-13,PLD,132.77999877929688,48.840992323683565,1.961083628159693,132.5500030517578,0,"Casey’s General Stores, Lamar Advertising Raise Their Dividend",headlinesIter174.csv
2021-09-14,PLD,132.5500030517578,48.15950375469939,1.824588835638884,133.2899932861328,1,"Casey’s General Stores, Lamar Advertising Raise Their Dividend",headlinesIter175.csv
2021-09-15,PLD,133.2899932861328,50.55022698803716,1.6770679282117666,132.5800018310547,0,"Rexford (REXR) Boosts Portfolio, Acquisitions Reach $1.03B in 2021",headlinesIter176.csv
2021-09-16,PLD,132.5800018310547,48.25101799606607,1.5152194792640306,130.11000061035156,0,"Rexford (REXR) Boosts Portfolio, Acquisitions Reach $1.03B in 2021",headlinesIter177.csv
2021-09-17,PLD,130.11000061035156,41.225891833880006,1.3100142494238507,129.05999755859375,0,Duke Realty (DRE) Leasing Activity Shows Solid Demand in Nashville,headlinesIter178.csv
2021-09-20,PLD,129.05999755859375,38.64973530053103,1.0686530536102847,128.85000610351562,0,These projects are on the agenda at Charlotte City Council's zoning meeting tonight,headlinesIter179.csv
2021-09-21,PLD,128.85000610351562,38.13647405772409,0.8114965840004182,130.00999450683594,1,"Charlotte City Council approves multiple zoning changes, adding several housing developments",headlinesIter180.csv
2021-09-22,PLD,130.00999450683594,42.66588542085017,0.5745778824732515,128.83999633789062,0,Earnings Growth &amp; Price Strength Make Prologis (PLD) a Stock to Watch,headlinesIter181.csv
2021-09-23,PLD,128.83999633789062,39.52270054670035,0.3427872750606766,127.9000015258789,0,Prologis Expands Training Program For Logistics Workers,headlinesIter182.csv
2021-09-24,PLD,127.9000015258789,37.15446378129253,0.1105833545833979,126.19000244140624,0,Prologis Expands Training Program For Logistics Workers,headlinesIter183.csv
2021-09-27,PLD,126.19000244140624,33.25109516812371,-0.1372411878145835,125.58000183105467,0,Prologis Expands Training Program For Logistics Workers,headlinesIter184.csv
2021-09-28,PLD,125.58000183105467,31.961153454232733,-0.3912844644295168,126.44000244140624,1,"Hedge Funds Are Betting On Airbnb, Inc. (ABNB)",headlinesIter185.csv
2021-09-29,PLD,126.44000244140624,35.74574651495906,-0.6212955309262206,125.43000030517578,0,Is Zoetis Inc (ZTS) A Good Stock To Buy?,headlinesIter186.csv
2021-09-30,PLD,125.43000030517578,33.39628355639266,-0.8388840495271966,126.43000030517578,1,3 REITs the Delta Variant Can't Touch,headlinesIter187.csv
2021-10-01,PLD,126.43000030517578,37.758307223861735,-1.0194136036867476,126.83000183105467,1,3 REITs the Delta Variant Can't Touch,headlinesIter188.csv
2021-10-04,PLD,126.83000183105467,39.46609758541327,-1.1585464188106334,126.43000030517578,0,3 Industrial REITs to Buy in October,headlinesIter189.csv
2021-10-05,PLD,126.43000030517578,38.333396929260736,-1.2681802169081549,127.79000091552734,1,"Rexford (REXR) Enhances Portfolio, Buyouts Reach $1.3B in '21",headlinesIter190.csv
2021-10-06,PLD,127.79000091552734,44.19756312571471,-1.3289889630903209,129.3800048828125,1,Watch This Growth Stock If the Market Crashes,headlinesIter191.csv
2021-10-07,PLD,129.3800048828125,50.16434550650754,-1.3276107983368743,128.52999877929688,0,Watch This Growth Stock If the Market Crashes,headlinesIter192.csv
2021-10-08,PLD,128.52999877929688,47.25532799669547,-1.2978627856251568,128.94000244140625,1,Watch This Growth Stock If the Market Crashes,headlinesIter193.csv
2021-10-12,PLD,132.2899932861328,59.276245963929455,-1.1174305193105434,133.89999389648438,1,What's in Store for Prologis (PLD) This Earnings Season?,headlinesIter194.csv
2021-10-13,PLD,133.89999389648438,63.17658617045516,-0.9272284554247262,135.72999572753906,1,Hedge Funds Are Piling Into Prologis Inc (PLD),headlinesIter195.csv
2021-10-14,PLD,135.72999572753906,67.04064361039119,-0.6747962903403514,136.97999572753906,1,"Duke Realty, Prologis, Industrial REITs Touted at Bank of America",headlinesIter196.csv
2021-10-15,PLD,136.97999572753906,69.40247553094426,-0.3751113974542632,139.7899932861328,1,"Prologis (PLD) Beats Q3 FFO Estimates, Raises 2021 Guidance",headlinesIter197.csv
2021-10-18,PLD,139.7899932861328,73.92583664665852,-0.0158325628776889,139.1199951171875,0,Here's Why I Think Prologis (NYSE:PLD) Is An Interesting Stock,headlinesIter198.csv
2021-10-19,PLD,139.1199951171875,71.22223366899168,0.351311265772695,143.4199981689453,1,This Dividend Stock Has Enormous Growth Potential,headlinesIter199.csv
2021-10-20,PLD,143.4199981689453,77.02870171485966,0.771941762019368,144.94000244140625,1,This Dividend Stock Has Enormous Growth Potential,headlinesIter200.csv
2021-10-21,PLD,144.94000244140625,78.66726151616528,1.226537888626184,144.0,0,Prologis' portfolio just posted its largest quarterly value jump in company history,headlinesIter201.csv
2021-10-22,PLD,144.0,75.0996032051953,1.6607996162782692,145.10000610351562,1,Prologis' portfolio just posted its largest quarterly value jump in company history,headlinesIter202.csv
2021-10-25,PLD,145.10000610351562,76.44579948453017,2.073316075918462,146.22999572753906,1,Hedge Funds Are Souring On Infosys Limited (INFY),headlinesIter203.csv
2021-10-26,PLD,146.22999572753906,77.77505033925499,2.4638810461392886,143.86000061035156,0,Warehouse Space Sold Out; Demand at All-time High,headlinesIter204.csv
2021-10-27,PLD,143.86000061035156,68.98213501141583,2.776785615740496,146.6699981689453,1,"Prologis Hosts Inaugural ""Breaking New Ground"" Event at Global Headquarters in San Francisco",headlinesIter205.csv
2021-10-28,PLD,146.6699981689453,72.89492373739454,3.0631141899529686,144.9600067138672,0,3 REITs ESG Investors Should Consider,headlinesIter206.csv
2021-10-29,PLD,144.9600067138672,67.32885687309536,3.283512256326605,144.72999572753906,0,"5 at 5: Your Daily Digest for Real Estate Investing, 10/29/21",headlinesIter207.csv
2021-11-01,PLD,144.72999572753906,66.59228626960999,3.439879247274833,147.02999877929688,1,Employ Prince George's Launches the Transportation and Logistics Consortium Training Program to Prepare Thousands for Distribution and Logistics Jobs in the DMV Region,headlinesIter208.csv
2021-11-02,PLD,147.02999877929688,70.11321225549956,3.576770809348382,147.64999389648438,1,Employ Prince George's Launches the Transportation and Logistics Consortium Training Program to Prepare Thousands for Distribution and Logistics Jobs in the DMV Region,headlinesIter209.csv
2021-11-03,PLD,147.64999389648438,71.00046175549923,3.696018943827028,147.8699951171875,1,Prologis Awarded Inaugural Terra Carta Seal by HRH The Prince of Wales,headlinesIter210.csv
2021-11-04,PLD,147.8699951171875,71.3257586854773,3.793043351626443,146.69000244140625,0,"Forecasted strong holiday spending propels creative strategies in logistics, real estate",headlinesIter211.csv
2021-11-05,PLD,146.69000244140625,66.985565934896,3.8435809712816527,148.07000732421875,1,"Forecasted strong holiday spending propels creative strategies in logistics, real estate",headlinesIter212.csv
2021-11-08,PLD,148.07000732421875,69.33564486144076,3.875589180604509,148.4499969482422,1,7 REITs to Buy That Are Just Right for November,headlinesIter213.csv
2021-11-09,PLD,148.4499969482422,69.96953850340051,3.89153485210796,148.77000427246094,1,7 REITs to Buy That Are Just Right for November,headlinesIter214.csv
2021-11-10,PLD,148.77000427246094,70.52218911110012,3.8928128724946194,148.91000366210938,1,Was The Smart Money Right About BP plc (BP)?,headlinesIter215.csv
2021-11-12,PLD,148.80999755859375,70.31063738981757,3.843936702515952,150.1999969482422,1,Amazon launches soft opening of Oakland delivery station in time for the holidays,headlinesIter216.csv
2021-11-15,PLD,150.1999969482422,72.96863006890192,3.8125870513420623,149.47000122070312,0,3 REITs to Build Your Portfolio Around,headlinesIter217.csv
2021-11-16,PLD,149.47000122070312,69.45198944169442,3.7643654388963217,150.3800048828125,1,3 REITs to Build Your Portfolio Around,headlinesIter218.csv
2021-11-17,PLD,150.3800048828125,71.3083198634371,3.714035491253687,150.5800018310547,1,Gladstone Commercial (GOOD) Announces New Lease in Pennsylvania,headlinesIter219.csv
2021-11-18,PLD,150.5800018310547,71.71512970757577,3.659748255321765,150.22000122070312,0,Duke Realty (DRE) Expands Portfolio With Warehouse &amp; Site Buyout,headlinesIter220.csv
2021-11-19,PLD,150.22000122070312,69.7967471903521,3.591741588322264,150.89999389648438,1,Here's Why Should Hold Prologis (PLD) Stock in Your Kitty,headlinesIter221.csv
2021-11-22,PLD,150.89999389648438,71.3554118320704,3.521363449959909,152.5800018310547,1,"Terreno Realty (TRNO) Buys Los Angeles Asset, Expands Portfolio",headlinesIter222.csv
2021-11-23,PLD,152.5800018310547,74.81365757235257,3.471965903391477,154.50999450683594,1,"Prologis proposes 554,000-square-foot warehouse in Miami-Dade",headlinesIter223.csv
2021-11-24,PLD,154.50999450683594,78.08668969758709,3.461186679652632,149.8800048828125,0,This Fund Makes It Hard to Say No to Sustainable Investing,headlinesIter224.csv
2021-11-26,PLD,149.8800048828125,58.459798373809136,3.3934202123270305,153.27999877929688,1,This Fund Makes It Hard to Say No to Sustainable Investing,headlinesIter225.csv
2021-11-29,PLD,153.27999877929688,65.34773225837228,3.339998300728366,150.75,0,This Fund Makes It Hard to Say No to Sustainable Investing,headlinesIter226.csv
2021-11-30,PLD,150.75,57.68302994794144,3.2503905590120308,151.6999969482422,1,Why Everyone Is Talking About Prologis,headlinesIter227.csv
2021-12-01,PLD,151.6999969482422,59.59923062198542,3.150547974801792,154.4199981689453,1,Prologis Declares Quarterly Dividends,headlinesIter228.csv
2021-12-02,PLD,154.4199981689453,64.54901522464456,3.085739597591284,154.66000366210938,1,Raising the Rent -- and the Ceiling -- on Industrial Real Estate,headlinesIter229.csv
2021-12-03,PLD,154.66000366210938,64.95699141283927,3.043083467572404,156.5500030517578,1,"Terreno Realty (TRNO) Grows Inorganically, Buys $13.8M Property",headlinesIter230.csv
2021-12-06,PLD,156.5500030517578,68.07294211046717,3.039766075395342,159.3000030517578,1,Will Industrial Real Estate Stay On Top in 2022?,headlinesIter231.csv
2021-12-07,PLD,159.3000030517578,71.97734152901648,3.0982257472665484,159.44000244140625,1,Is Atlassian Corporation Plc (TEAM) A Good Stock To Buy?,headlinesIter232.csv
2021-12-08,PLD,159.44000244140625,72.1639712248798,3.187513658774237,157.55999755859375,0,Do Hedge Funds Love Lockheed Martin Corporation (LMT)?,headlinesIter233.csv
2021-12-09,PLD,157.55999755859375,65.82418753628363,3.2541841254885253,159.0800018310547,1,Duke Realty (DRE) Secures Lease for Camp Creek Business Center,headlinesIter234.csv
2021-12-10,PLD,159.0800018310547,68.25265319534753,3.320017276485717,161.0800018310547,1,Hedge Funds Are Warming Up To Infosys Limited (INFY),headlinesIter235.csv
2021-12-13,PLD,161.0800018310547,71.1568477780121,3.4062163726188115,158.72999572753906,0,Prologis buys Medley warehouse for $23M,headlinesIter236.csv
2021-12-14,PLD,158.72999572753906,63.7745835724085,3.4554053185617795,162.55999755859375,1,"Deutsche Dws Market Trust Buys Prologis Inc, Equinix Inc, CapitaLand Investment, Sells ...",headlinesIter237.csv
2021-12-15,PLD,162.55999755859375,69.35478885785308,3.5320483281853163,163.25,1,Innovative Industrial (IIPR) Grows Via Buyout of 27 Properties,headlinesIter238.csv
2021-12-16,PLD,163.25,70.24408503943633,3.624839593199105,161.17999267578125,0,Innovative Industrial (IIPR) Grows Via Buyout of 27 Properties,headlinesIter239.csv
2021-12-17,PLD,161.17999267578125,64.22292932973278,3.6816004998636567,161.38999938964844,1,"Terreno Realty (TRNO) Buys Hialeah Asset, Boosts Portfolio",headlinesIter240.csv
2021-12-20,PLD,161.38999938964844,64.55487922761782,3.707762197634492,160.7899932861328,0,Duke Realty (DRE) Secures Lease for Pinebrooke Business Center,headlinesIter241.csv
2021-12-21,PLD,160.7899932861328,62.76312077145752,3.695349977646365,162.25999450683594,1,7 of the Best Investments for 2022 to Buy Now in the Stock Market,headlinesIter242.csv
2021-12-22,PLD,162.25999450683594,65.3039590417699,3.674441603226984,161.75,0,"Cousins Properties (CUZ) Signs Lease With Amazon, LiveRamp",headlinesIter243.csv
2021-12-23,PLD,161.75,63.68049504004598,3.632792595171073,165.88999938964844,1,Gladstone Commercial (GOOD) Buys Georgia Industrial Facility,headlinesIter244.csv
2021-12-27,PLD,165.88999938964844,70.16465448806292,3.63809847273934,165.7899932861328,0,"Financial Advisors Network, Inc. Buys VANGUARD BD IDX FD, Vanguard Value ETF, Vanguard FTSE ...",headlinesIter245.csv
2021-12-28,PLD,165.7899932861328,69.840291924551,3.6626691187753657,167.67999267578125,1,"Terreno Realty (TRNO) Buys Woodinville Asset, Expands Portfolio",headlinesIter246.csv
2021-12-29,PLD,167.67999267578125,72.43391720268207,3.7198323872126906,167.97000122070312,1,American Tower (AMT) Closes Acquisition of CoreSite Realty,headlinesIter247.csv
2021-12-30,PLD,167.97000122070312,72.82016036176083,3.790576153458653,168.36000061035156,1,3 REITs That Are Safer Than Crypto,headlinesIter248.csv
2022-01-03,PLD,164.89999389648438,61.646687196006,3.870489589051367,161.0,0,Here's Why You Should Hold Onto Duke Realty (DRE) Stock Now,headlinesIter249.csv
2022-01-04,PLD,161.0,51.63786662329778,3.764288982211008,157.64999389648438,0,"Modus Advisors, LLC Buys Boeing Co, The Toro Co, Prologis Inc, Sells Penn National Gaming Inc, ...",headlinesIter250.csv
2022-01-05,PLD,157.64999389648438,44.895095549088495,3.5308123962956937,156.57000732421875,0,"Modus Advisors, LLC Buys Boeing Co, The Toro Co, Prologis Inc, Sells Penn National Gaming Inc, ...",headlinesIter251.csv
2022-01-06,PLD,156.57000732421875,42.94807185960381,3.2045229302169216,153.72999572753906,0,7 REITs to Buy for January 2022,headlinesIter252.csv
2022-01-07,PLD,153.72999572753906,38.25028362236748,2.784550299620512,153.02000427246094,0,7 REITs to Buy for January 2022,headlinesIter253.csv
2022-01-10,PLD,153.02000427246094,37.156081962791816,2.3102004833288268,152.99000549316406,0,Terreno Realty (TRNO) Issues Q4 Operations &amp; Investment Update,headlinesIter254.csv
2022-01-11,PLD,152.99000549316406,37.10778021683785,1.820890274490369,153.24000549316406,1,Here's Why Prologis (PLD) Looks Ripe for Bottom Fishing,headlinesIter255.csv
2022-01-12,PLD,153.24000549316406,37.83307311604908,1.3476920578534606,153.14999389648438,0,Prologis (PLD) Gains But Lags Market: What You Should Know,headlinesIter256.csv
2022-01-13,PLD,153.14999389648438,37.6646531347943,0.9048906129623356,152.74000549316406,0,"E&amp;G Advisors, LP Buys Vanguard Value ETF, PIMCO Dynamic Income Fund, iShares Russell 2000 ...",headlinesIter257.csv
2022-01-14,PLD,152.74000549316406,36.85977076358933,0.4957501048834805,153.42999267578125,1,"StrongBox Wealth, LLC Buys JPMorgan Equity Premium Income ETF, Nike Inc, Chevron Corp, Sells ...",headlinesIter258.csv
2022-01-18,PLD,153.42999267578125,39.21403858776671,0.139033869129693,153.58999633789062,1,"Ritholtz Wealth Management Buys Apple Inc, Prologis Inc, Microsoft Corp, Sells iShares iBonds ...",headlinesIter259.csv
2022-01-19,PLD,153.58999633789062,39.77482996920092,-0.1638883151657104,154.13999938964844,1,"Cardinal Capital Management, Inc. Buys Alimentation Couche-Tard Inc, Sony Group Corp, Medtronic ...",headlinesIter260.csv
2022-01-20,PLD,154.13999938964844,41.76372334296159,-0.4080652366296107,155.42999267578125,1,"Stewart &amp; Patten Co Llc Buys Prologis Inc, Starbucks Corp, General Electric Co, Sells Wells ...",headlinesIter261.csv
2022-01-21,PLD,155.42999267578125,46.24745422467236,-0.581110455046462,153.30999755859375,0,This Unstoppable REIT Sees Lots More Growth Ahead,headlinesIter262.csv
2022-01-24,PLD,153.30999755859375,40.70136327343153,-0.7329991993977603,153.9600067138672,1,"Got $1,000? 3 Inflation-Resistant Real Estate Investments to Make",headlinesIter263.csv
2022-01-25,PLD,153.9600067138672,42.960007922492366,-0.8516240468273113,151.72000122070312,0,"Montecito Bank &amp; Trust Buys Financial Select Sector SPDR, iShares MSCI Emerging Markets ex ...",headlinesIter264.csv
2022-01-26,PLD,151.72000122070312,37.63941150548168,-0.976978173484122,148.61000061035156,0,"Atticus Wealth Management, Llc Buys Vanguard Short-Term Bond ETF, Consumer Staples Select ...",headlinesIter265.csv
2022-01-27,PLD,148.61000061035156,31.758415716213907,-1.1473703240118551,155.07000732421875,1,"Fi3 FINANCIAL ADVISORS, LLC Buys Vanguard FTSE Developed Markets ETF, iShares MSCI EAFE ETF, ...",headlinesIter266.csv
2022-01-28,PLD,155.07000732421875,49.43249347881044,-1.2313784740410845,156.82000732421875,1,Prologis Announces Tax Treatment of 2021 Dividends,headlinesIter267.csv
2022-01-31,PLD,156.82000732421875,52.98484014046084,-1.2261121715078087,153.52000427246094,0,"Grove Bank &amp; Trust Buys Prologis Inc, Canadian Pacific Railway, Freeport-McMoRan Inc, Sells ...",headlinesIter268.csv
2022-02-01,PLD,153.52000427246094,46.36969980491337,-1.2150215036055791,157.3300018310547,1,Jim Cramer Talks With Prologis CEO,headlinesIter269.csv
2022-02-02,PLD,157.3300018310547,53.57618213988646,-1.1373060618492803,156.44000244140625,0,"Hengehold Capital Management Llc Buys Schwab US Aggregate Bond ETF, iShares National Muni Bond ...",headlinesIter270.csv
2022-02-03,PLD,156.44000244140625,51.82433374035482,-1.0335127443464676,153.49000549316406,0,How Prologis Became the Biggest Industrial REIT in the World,headlinesIter271.csv
2022-02-04,PLD,153.49000549316406,46.407679070207394,-0.9635252305259828,152.0500030517578,0,"Legacy Financial Advisors, Inc. Buys iShares Core U.S. ...",headlinesIter272.csv
2022-02-07,PLD,152.0500030517578,43.9906380157432,-0.9391737296737702,151.19000244140625,0,"DT Investment Partners, LLC Buys BTC iShares Intermediate Government/Credit Bond ET, Amgen Inc, ...",headlinesIter273.csv
2022-02-08,PLD,151.19000244140625,42.56481651923282,-0.9562827841005584,155.3699951171875,1,"Paradigm, Strategies in Wealth Management, LLC Buys iShares iBonds Dec 2023 Term Corporate ETF, ...",headlinesIter274.csv
2022-02-09,PLD,155.3699951171875,50.89561481994964,-0.9296127227104588,148.42999267578125,0,"Paradigm, Strategies in Wealth Management, LLC Buys iShares iBonds Dec 2023 Term Corporate ETF, ...",headlinesIter275.csv
2022-02-10,PLD,148.42999267578125,40.4143634717139,-0.9855057585954852,146.30999755859375,0,Better Buy: Prologis or First Industrial?,headlinesIter276.csv
2022-02-11,PLD,146.30999755859375,37.85011616349676,-1.1217948559893942,145.33999633789062,0,Better Buy: Prologis or First Industrial?,headlinesIter277.csv
2022-02-14,PLD,145.33999633789062,36.70264025618373,-1.314249153072906,145.6199951171875,1,Better Buy: Prologis or First Industrial?,headlinesIter278.csv
2022-02-15,PLD,145.6199951171875,37.29359847712929,-1.5243552802956104,144.3800048828125,0,PROLOGIS ANNOUNCES NEW CFO,headlinesIter279.csv
2022-02-16,PLD,144.3800048828125,35.70383379036892,-1.750820128253322,143.27999877929688,0,Welltower (WELL) Q4 FFO Beats Estimates Despite Higher Expenses,headlinesIter280.csv
2022-02-17,PLD,143.27999877929688,34.306696856442635,-1.9892261256023844,142.5500030517578,0,7 Real Asset Stocks to Buy to Protect Against Inflation,headlinesIter281.csv
2022-02-18,PLD,142.5500030517578,33.3733693125656,-2.2297317744859515,142.3699951171875,0,"Digital Realty (DLR) Q4 FFO Lags Estimates, Revenues Top",headlinesIter282.csv
2022-02-22,PLD,142.3699951171875,33.133990923239466,-2.456735652463933,140.75999450683594,0,3 REITs With Ultra-Safe Dividends,headlinesIter283.csv
2022-02-23,PLD,140.75999450683594,30.992756735977505,-2.6834641855472507,143.3300018310547,1,Prologis (PLD) Stock Moves -1.13%: What You Should Know,headlinesIter284.csv
2022-02-24,PLD,143.3300018310547,37.89242193543053,-2.8510155298852053,148.4499969482422,1,Prologis Board of Directors Approves 25 Percent Increase in Quarterly Common Stock Dividend,headlinesIter285.csv
2022-02-25,PLD,148.4499969482422,48.86214607974726,-2.8845078675566205,145.85000610351562,0,Prologis Board of Directors Approves 25 Percent Increase in Quarterly Common Stock Dividend,headlinesIter286.csv
2022-02-28,PLD,145.85000610351562,44.55821008051216,-2.86712585182812,145.75999450683594,0,3 REITs That Could Soar in 2022,headlinesIter287.csv
2022-03-01,PLD,145.75999450683594,44.41235940572435,-2.8136692936533727,147.63999938964844,1,Prologis (PLD) Stock Moves -0.06%: What You Should Know,headlinesIter288.csv
2022-03-02,PLD,147.63999938964844,48.22434706072308,-2.7039968909018937,149.5800018310547,1,Gladstone Commercial (GOOD) Sees High Occupancy in February,headlinesIter289.csv
2022-03-03,PLD,149.5800018310547,51.89066858673488,-2.527724132649418,150.83999633789062,1,Alexandria (ARE) &amp; Bristol Myers Boost Tie-Up With New Lease,headlinesIter290.csv
2022-03-04,PLD,150.83999633789062,54.16100946041161,-2.293084400030063,148.91000366210938,0,Prologis to Participate in Citi's 2022 Global Property CEO Conference,headlinesIter291.csv
2022-03-07,PLD,148.91000366210938,50.24932619910545,-2.0597270838888693,146.99000549316406,0,Prologis (PLD) Stock Moves -1.28%: What You Should Know,headlinesIter292.csv
2022-03-08,PLD,146.99000549316406,46.64046915592533,-1.8653444524233889,150.47999572753906,1,Prologis (PLD) Stock Moves -1.28%: What You Should Know,headlinesIter293.csv
2022-03-09,PLD,150.47999572753906,53.21751413334714,-1.6456480037874903,151.0800018310547,1,"Skybox to put data center in Pflugerville, investment could reach nearly $550M",headlinesIter294.csv
2022-03-10,PLD,151.0800018310547,54.26131728047552,-1.408278684196294,147.8300018310547,0,5 Reasons to Add Prologis (PLD) Stock to Your Portfolio,headlinesIter295.csv
2022-03-11,PLD,147.8300018310547,48.01244681575552,-1.2209177433029796,149.1699981689453,1,5 Reasons to Add Prologis (PLD) Stock to Your Portfolio,headlinesIter296.csv
2022-03-14,PLD,149.1699981689453,50.541495022841445,-1.0505612780197535,151.83999633789062,1,3 Equity REIT Stocks Poised to Overcome Industry Hiccups,headlinesIter297.csv
2022-03-15,PLD,151.83999633789062,55.21636081525404,-0.8548005529841678,154.57000732421875,1,Gladstone Commercial (GOOD) Buys Oklahoma Industrial Facility,headlinesIter298.csv
2022-03-16,PLD,154.57000732421875,59.438039849790805,-0.6078750365790953,156.66000366210938,1,3 Red-Hot Stocks That Could Continue to Beat the Market,headlinesIter299.csv
2022-03-17,PLD,156.66000366210938,62.36316679088358,-0.307094522678625,160.16000366210938,1,Here's How Much You'd Have If You Invested $1000 in Prologis a Decade Ago,headlinesIter300.csv
2022-03-18,PLD,160.16000366210938,66.6947413749129,0.0682142351288576,158.9199981689453,0,Here's How Much You'd Have If You Invested $1000 in Prologis a Decade Ago,headlinesIter301.csv
2022-03-21,PLD,158.9199981689453,63.889300603013176,0.4506225096487765,158.6699981689453,0,Prologis launches bid for Blackstone's 21 billion euros warehouse portfolio - FT,headlinesIter302.csv
2022-03-22,PLD,158.6699981689453,63.31108428220619,0.8124184862138484,157.22999572753906,0,Equinix (EQIX) Eyes Expansion in Chile &amp; Peru With Entel Buyout,headlinesIter303.csv
2022-03-23,PLD,157.22999572753906,59.94574777200613,1.117503066825331,155.88999938964844,0,Better Buy: Terreno Realty vs. Prologis,headlinesIter304.csv
2022-03-24,PLD,155.88999938964844,56.914000963561406,1.3471231308023697,157.3300018310547,1,3 Red-Hot Stocks to Buy For the Long Haul,headlinesIter305.csv
2022-03-25,PLD,157.3300018310547,59.29638530478245,1.5373104663762118,160.35000610351562,1,7 Dividend Stocks to Buy Now for Boosting Payout,headlinesIter306.csv
2022-03-28,PLD,160.35000610351562,63.81525841271895,1.7374907601535254,164.6999969482422,1,7 Dividend Stocks to Buy Now for Boosting Payout,headlinesIter307.csv
2022-03-29,PLD,164.6999969482422,69.13122279986642,1.9988821351889827,164.13999938964844,0,Is Prologis a Buy?,headlinesIter308.csv
2022-03-30,PLD,164.13999938964844,67.75129407133107,2.271446571591569,161.47999572753906,0,Duke Realty (DRE) Secures Lease Agreement With FedEx Ground,headlinesIter309.csv
2022-03-31,PLD,161.47999572753906,61.47423343873529,2.489109897184682,165.8000030517578,1,PS Business Parks (PSB) Closes Royal Tech Business Park Sale,headlinesIter310.csv
2022-04-01,PLD,165.8000030517578,66.84647329065088,2.724202007760362,163.77999877929688,0,3 Best Industrial REITs to Buy Now,headlinesIter311.csv
2022-04-04,PLD,163.77999877929688,62.46053710884299,2.919457230386133,166.27999877929688,1,World's Biggest REIT Trades In Buy Zone; Is Prologis Stock Worth Considering?,headlinesIter312.csv
2022-04-05,PLD,166.27999877929688,65.47934348848536,3.112739868312181,170.11000061035156,1,7 Safe Stocks to Buy to Guard Against a Recession,headlinesIter313.csv
2022-04-06,PLD,170.11000061035156,69.52290808750259,3.348664811615662,168.8300018310547,0,Why Prologis Gained 11% in March,headlinesIter314.csv
2022-04-07,PLD,168.8300018310547,66.71052203409917,3.5708956330185564,168.64999389648438,0,5 Reasons to Add Public Storage (PSA) Stock to Your Portfolio,headlinesIter315.csv
2022-04-08,PLD,168.64999389648438,66.304307437074,3.761882822307636,165.72999572753906,0,Why Is It Apt to Buy Extra Space Storage (EXR) Right Now?,headlinesIter316.csv
2022-04-11,PLD,165.72999572753906,59.929362236332,3.868114286947431,165.3300018310547,0,"Terreno Realty (TRNO) Sees High Occupancy, Rent Growth in Q1",headlinesIter317.csv
2022-04-12,PLD,165.3300018310547,59.091228731357184,3.900455792549945,165.0,0,7 Great REITs That Will Pay You Handsomely,headlinesIter318.csv
2022-04-13,PLD,165.0,58.3659898653664,3.870634193938119,162.6999969482422,0,7 Great REITs That Will Pay You Handsomely,headlinesIter319.csv
2022-04-14,PLD,162.6999969482422,53.442826838188005,3.757896099720332,163.0,1,Key Factors to Impact Prologis (PLD) This Earnings Season,headlinesIter320.csv
2022-04-18,PLD,163.0,53.98800365839429,3.5953188377258,169.55999755859375,1,If You Like EPS Growth Then Check Out Prologis (NYSE:PLD) Before It's Too Late,headlinesIter322.csv
2022-04-19,PLD,169.55999755859375,63.933338533609465,3.5064923904542304,172.6699981689453,1,Prologis (PLD) Q1 2022 Earnings Call Transcript,headlinesIter323.csv
2022-04-20,PLD,172.6699981689453,67.51788425278924,3.5101741921127343,170.77999877929688,0,Prologis (PLD) Q1 2022 Earnings Call Transcript,headlinesIter324.csv
2022-04-21,PLD,170.77999877929688,63.39439457086543,3.533491132456071,168.72999572753906,0,Prologis Continues to Produce Prodigious Numbers,headlinesIter325.csv
2022-04-22,PLD,168.72999572753906,59.173079339239386,3.527132542350802,167.72999572753906,0,Why This 1 Finance Stock Could Be a Great Addition to Your Portfolio,headlinesIter326.csv
2022-04-25,PLD,167.72999572753906,57.17312966148771,3.4785137679873026,165.6300048828125,0,10 Dividend Challengers for 2022,headlinesIter327.csv
2022-04-26,PLD,165.6300048828125,53.11336551489636,3.364523441391948,167.6699981689453,1,Is Now the Time to Invest in Industrial Real Estate?,headlinesIter328.csv
2022-04-27,PLD,167.6699981689453,56.355523311873945,3.2404135255304327,173.00999450683594,1,Is Now the Time to Invest in Industrial Real Estate?,headlinesIter329.csv
2022-04-28,PLD,173.00999450683594,63.475331249986624,3.1942778589141065,160.2899932861328,0,Is Now the Time to Invest in Industrial Real Estate?,headlinesIter330.csv
2022-04-29,PLD,160.2899932861328,44.748984851869245,2.989212853199809,153.1300048828125,0,Is Now the Time to Invest in Industrial Real Estate?,headlinesIter331.csv
2022-05-02,PLD,153.1300048828125,37.9602746212118,2.5742374092018503,152.36000061035156,0,"These 3 top REITs let you invest in high-quality, inflation-fighting commercial real estate without millions of dollars — and you can own them today",headlinesIter332.csv
2022-05-03,PLD,152.36000061035156,37.30483201001234,2.0312956913976628,152.27999877929688,0,"Here's how Apple, Alphabet, Meta, Netflix and 21 other Bay Area companies' stocks fared in April",headlinesIter333.csv
2022-05-04,PLD,152.27999877929688,37.232899757029294,1.4307029780470455,144.97999572753906,0,Prologis Declares Quarterly Dividends and Announces Results from Stockholder Meeting,headlinesIter334.csv
2022-05-05,PLD,144.97999572753906,31.301794765204647,0.7057316533948789,140.8800048828125,0,Prologis Declares Quarterly Dividends and Announces Results from Stockholder Meeting,headlinesIter335.csv
2022-05-06,PLD,140.8800048828125,28.55090516780124,-0.1262150449493837,132.3699951171875,0,Prologis Declares Quarterly Dividends and Announces Results from Stockholder Meeting,headlinesIter336.csv
2022-05-09,PLD,132.3699951171875,23.863162393957037,-1.117084380371336,125.41000366210938,0,Hedge Funds Love These 2 REITs,headlinesIter337.csv
2022-05-10,PLD,125.41000366210938,20.8482370697885,-2.2641168754214034,123.73999786376952,0,Prologis Offers to Buy Duke Realty in Nearly $24 Billion Deal,headlinesIter338.csv
2022-05-11,PLD,123.73999786376952,20.1891238957912,-3.470383661581528,123.93000030517578,1,Prologis Proposes Almost $24B Acquisition Deal For Duke Realty,headlinesIter339.csv
2022-05-12,PLD,123.93000030517578,20.49708763151456,-4.639601771324912,128.35000610351562,1,"Rexford (REXR) Boosts Portfolio, '22 Investments Reach $610M",headlinesIter340.csv
2022-05-13,PLD,128.35000610351562,27.50507700910669,-5.643212941128917,125.25,0,3 Top E-Commerce Stocks to Buy Right Now,headlinesIter341.csv
2022-05-16,PLD,125.25,25.78813834261245,-6.52701069644781,125.9000015258789,1,Gladstone Commercial (GOOD) Buys Wilmington Industrial Facility,headlinesIter342.csv
2022-05-17,PLD,125.9000015258789,26.81964711576576,-7.264134813628033,119.52999877929688,0,3 REITs to Buy with Ultra-Safe Dividends,headlinesIter343.csv
2022-05-18,PLD,119.52999877929688,23.38868907347972,-7.955758712527159,119.72000122070312,1,"Boston Properties (BXP) Buys Madison Centre, Expands in Seattle",headlinesIter344.csv
2022-05-19,PLD,119.72000122070312,23.70221864026061,-8.56144372708588,119.72000122070312,0,"Ventas' (VTR) Outlook Raised by S&amp;P Global, Rating Maintained",headlinesIter345.csv
2022-05-20,PLD,119.72000122070312,23.702218640260615,-9.061999642486654,120.4800033569336,1,American Tower (AMT) Cheers Investors With 2% Dividend Hike,headlinesIter346.csv
2022-05-23,PLD,120.4800033569336,25.123744371283248,-9.437643186562635,120.08000183105467,0,Here's Why You Should Hold on to Host Hotels (HST) Stock,headlinesIter347.csv
2022-05-24,PLD,120.08000183105467,24.86120376290146,-9.700173713810184,120.02999877929688,0,Is it Wise to Retain SL Green (SLG) Stock in Your Portfolio?,headlinesIter348.csv
2022-05-25,PLD,120.02999877929688,24.82627821037718,-9.856734020873075,122.36000061035156,1,Here's Why You Should Buy Public Storage (PSA) Stock Now,headlinesIter349.csv
2022-05-26,PLD,122.36000061035156,29.77674896094829,-9.87902778787561,127.26000213623048,1,Investors in Prologis (NYSE:PLD) have made a strong return of 146% over the past five years,headlinesIter350.csv
2022-05-27,PLD,127.26000213623048,38.890804105158864,-9.715304247466898,127.4800033569336,1,These 3 REITs Won't Grow Your Money Overnight But Are No-Brainer Long-Term Buys,headlinesIter351.csv
2022-05-31,PLD,127.4800033569336,39.27189974012648,-9.417918186485917,125.86000061035156,0,Prologis (PLD) Gains As Market Dips: What You Should Know,headlinesIter352.csv
2022-06-01,PLD,125.86000061035156,37.421262957797765,-9.056725372877647,129.5399932861328,1,Real estate is still hot — so how can I take advantage of the rate-hike worries? These 3 REITs let you invest in high-quality property without millions of dollars,headlinesIter353.csv
2022-06-02,PLD,129.5399932861328,43.88967865186131,-8.59511980402639,127.58000183105467,0,Orlando ag tech company Kalera to build new growing facility near airport,headlinesIter354.csv
2022-06-03,PLD,127.58000183105467,41.43320791708209,-8.106456094487445,127.87000274658205,1,Terreno (TRNO) Continues Acquisition Spree With $34.6M Buyout,headlinesIter355.csv
2022-06-06,PLD,127.87000274658205,41.950903586113085,-7.603346377260985,129.67999267578125,1,10 Best ETFs to Invest In For Long Term,headlinesIter356.csv
2022-06-07,PLD,129.67999267578125,45.20638005764789,-7.071349128411704,124.7699966430664,0,What site selection for autonomous trucking hubs portends for industrial development,headlinesIter357.csv
2022-06-08,PLD,124.7699966430664,38.842576150598624,-6.611352993244131,122.16999816894533,0,Wall Street Analysts Think Prologis (PLD) Could Surge 30%: Read This Before Placing a Bet,headlinesIter358.csv
2022-06-09,PLD,122.16999816894533,35.95611046917591,-6.247012365078104,117.23999786376952,0,"Terreno Realty (TRNO) Buys Newark Asset, Boosts Portfolio",headlinesIter359.csv
2022-06-10,PLD,117.23999786376952,31.21878800627972,-6.026143164021811,108.43000030517578,0,"Got $1,000? 3 Unstoppable Stocks to Buy",headlinesIter360.csv
2022-06-13,PLD,108.43000030517578,24.904184436612088,-6.033600968835842,110.66000366210938,1,Prologis to Combine with Duke Realty in $26 Billion All-Stock Transaction,headlinesIter361.csv
2022-06-14,PLD,110.66000366210938,28.82838576449106,-6.134448568832201,115.08999633789062,1,"Industrial giants Prologis, Duke to merge in $26B deal",headlinesIter362.csv
2022-06-15,PLD,115.08999633789062,35.98487933401005,-6.203884890369126,111.79000091552734,0,Equinix (EQIX) &amp; PGIM Open First xScale Data Center in Sydney,headlinesIter363.csv
2022-06-16,PLD,111.79000091552734,33.29881013397778,-6.288502855426235,110.36000061035156,0,Here's Why You Should Retain Kimco Realty (KIM) Stock Now,headlinesIter364.csv
2022-06-17,PLD,110.36000061035156,32.17792113869801,-6.386682616614491,112.36000061035156,1,Innovative Industrial (IIPR) Expands With Texas Property Buyout,headlinesIter365.csv
2022-06-21,PLD,112.36000061035156,35.45060901911074,-6.441750530081085,115.45999908447266,1,Here's Why Extra Space Storage (EXR) is an Apt Portfolio Pick,headlinesIter366.csv
2022-06-22,PLD,115.45999908447266,40.26230438763748,-6.402769303987297,118.23999786376952,1,Prologis Commits to Net Zero Emissions by 2040,headlinesIter367.csv
2022-06-23,PLD,118.23999786376952,44.27403171609362,-6.247936896268409,122.58999633789062,1,"Terreno Realty (TRNO) Leases Seattle Property, Acquires Asset",headlinesIter368.csv
2022-06-24,PLD,122.58999633789062,49.93916595309759,-5.944965785906822,120.20999908447266,0,"Terreno Realty (TRNO) Leases Seattle Property, Acquires Asset",headlinesIter369.csv
2022-06-27,PLD,120.20999908447266,47.11687922434695,-5.589448139475932,118.95999908447266,0,Cedar Fair Capitalizes on Opportunity to Sell Its Land at California’s Great America Amusement Park,headlinesIter370.csv
2022-06-28,PLD,118.95999908447266,45.65742817261388,-5.226835701727383,118.30999755859376,0,3 REITs You'll Want to Own in a Market Correction,headlinesIter371.csv
2022-06-29,PLD,118.30999755859376,44.878952976943765,-4.877242508275778,117.6500015258789,0,3 REITs to Buy and Hold Forever,headlinesIter372.csv
2022-06-30,PLD,117.6500015258789,44.05753322011214,-4.553549406794028,120.02999877929688,1,3 REITs to Buy and Hold Forever,headlinesIter373.csv
2022-07-01,PLD,120.02999877929688,47.76999754148664,-4.214708582110161,121.43000030517578,1,2 Hot Real Estate Stocks That Are on Track for Major Growth,headlinesIter374.csv
2022-07-05,PLD,121.43000030517578,49.87713701112516,-3.852193673834008,121.45999908447266,1,Prologis (PLD) Outpaces Stock Market Gains: What You Should Know,headlinesIter375.csv
2022-07-06,PLD,121.45999908447266,49.92375620270659,-3.484585397520387,122.56999969482422,1,Life Storage (LSI) Cheers Investors With 8% Dividend Hike,headlinesIter376.csv
2022-07-07,PLD,122.56999969482422,51.71337303417207,-3.107403843656746,121.58000183105467,0,"Terreno Realty (TRNO) Buys Medley Property, Boosts Portfolio",headlinesIter377.csv
2022-07-08,PLD,121.58000183105467,49.997166978258775,-2.7527068609961547,121.77999877929688,1,"Terreno Realty (TRNO) Sees High Occupancy, Rent Growth in Q2",headlinesIter378.csv
2022-07-11,PLD,121.77999877929688,50.35560214003135,-2.421231763653718,120.91000366210938,0,Four Corners (FCPT) to Buy Outparcel Properties for $17.1M,headlinesIter379.csv
2022-07-12,PLD,120.91000366210938,48.71954907687476,-2.130049953509066,120.76000213623048,0,"If You Invested $1000 in Prologis 10 Years Ago, This Is How Much You'd Have Now",headlinesIter380.csv
2022-07-13,PLD,120.76000213623048,48.42740015276875,-1.876925798841021,118.12999725341795,0,Industrial REITs Poised to Shine on Robust Demand: 4 Key Players,headlinesIter381.csv
2022-07-14,PLD,118.12999725341795,43.501854344453264,-1.6986069300858584,121.01000213623048,1,Industrial REITs Poised to Shine on Robust Demand: 4 Key Players,headlinesIter382.csv
2022-07-15,PLD,121.01000213623048,49.55277977860446,-1.526702070442124,119.1999969482422,0,Why Prologis (PLD) is a Top Stock for the Long-Term,headlinesIter383.csv
2022-07-18,PLD,119.1999969482422,46.2036270280484,-1.3932268370614629,125.11000061035156,1,"Zacks Industry Outlook Highlights Prologis, Extra Space Storage and Host Hotels &amp; Resorts",headlinesIter384.csv
2022-07-19,PLD,125.11000061035156,56.533869714604855,-1.193369438708206,124.56999969482422,0,These 3 Stocks Are Exceptional Value Buys Right Now,headlinesIter385.csv
2022-07-20,PLD,124.56999969482422,55.48546684137814,-0.9682773093341976,125.68000030517578,1,What Economic Slowdown? These REITs Are Running Out of Space,headlinesIter386.csv
2022-07-21,PLD,125.68000030517578,57.24081129010696,-0.7192519295057136,126.9000015258789,1,What Economic Slowdown? These REITs Are Running Out of Space,headlinesIter387.csv
2022-07-22,PLD,126.9000015258789,59.14758851400893,-0.4471762462849742,127.51000213623048,1,3 Dividend Stocks That Prove That Slow But Steady Wins the Race,headlinesIter388.csv
2022-07-25,PLD,127.51000213623048,60.105527641051424,-0.164164327765001,127.58999633789062,1,Wall Street Analysts Believe Prologis (PLD) Could Rally 30%: Here's is How to Trade,headlinesIter389.csv
2022-07-26,PLD,127.58999633789062,60.2372046778181,0.1125166832238416,127.38999938964844,0,10 Dividend Paying REIT Stocks To Buy Now,headlinesIter390.csv
2022-07-27,PLD,127.38999938964844,59.70660226531128,0.3672782454497822,132.39999389648438,1,"Is Trending Stock Prologis, Inc. (PLD) a Buy Now?",headlinesIter391.csv
2022-07-28,PLD,132.39999389648438,67.44312327838065,0.6740405346532898,132.55999755859375,1,Prologis Sets Meeting and Record Dates for Special Meeting,headlinesIter392.csv
2022-07-29,PLD,132.55999755859375,67.65670957015716,0.998331376260816,130.97999572753906,0,Rising Rates Have Hit REITs Hard This Year. It Can Pay to Be Selective.,headlinesIter393.csv
2022-08-01,PLD,130.97999572753906,63.24440861269464,1.2891255075788572,129.3699951171875,0,7 REITs Trading at a Major Discount Right Now,headlinesIter394.csv
2022-08-02,PLD,129.3699951171875,59.02053848488313,1.5150558437288892,130.72000122070312,1,Retailers Seeking More Warehouse Space to Stow Excess Inventory,headlinesIter395.csv
2022-08-03,PLD,130.72000122070312,61.35140045862366,1.7065726083193238,130.75,1,Retailers Seeking More Warehouse Space to Stow Excess Inventory,headlinesIter396.csv
2022-08-04,PLD,130.75,61.40393511205063,1.8630689765161184,131.38999938964844,1,Bargain Hunting? Buy These 2 Discounted Stocks,headlinesIter397.csv
2022-08-05,PLD,131.38999938964844,62.57278902630371,1.9953759459077731,131.22000122070312,0,Blackstone’s Giant Real Estate Fund Boasts a Strong Run. But Can History Repeat?,headlinesIter398.csv
2022-08-08,PLD,131.22000122070312,62.03537869327205,2.098325631889863,132.89999389648438,1,"Terreno Realty (TRNO) Adds Rancho Dominguez Property, Stock Up",headlinesIter399.csv
2022-08-09,PLD,132.89999389648438,65.21489895506814,2.199498742107533,134.41000366210938,1,ClearBridge Investments Expects Huge Growth in Prologis (PLD),headlinesIter400.csv
2022-08-10,PLD,134.41000366210938,67.82333728784846,2.3133328887857063,134.22999572753906,0,Is Alexandria (ARE) Stock an Apt Choice for Your Portfolio Now?,headlinesIter401.csv
2022-08-11,PLD,134.22999572753906,67.17663834969436,2.420990878705502,137.24000549316406,1,5 Reasons to Add Prologis (PLD) Stock to Your Portfolio,headlinesIter402.csv
2022-08-12,PLD,137.24000549316406,71.98667694410025,2.561639183392162,138.3800048828125,1,3 Monster Stocks to Buy Now and Hold for the Next Decade,headlinesIter403.csv
2022-08-15,PLD,138.3800048828125,73.56661370300093,2.727941692289058,137.11000061035156,0,Four Corners Property Trust (FCPT) on an Acquisition Spree,headlinesIter404.csv
2022-08-16,PLD,137.11000061035156,68.90424817761846,2.8751261997128386,137.38999938964844,1,"If You Invested $1000 in Prologis a Decade Ago, This is How Much It'd Be Worth Now",headlinesIter405.csv
2022-08-17,PLD,137.38999938964844,69.36522165112389,3.0005264819047346,136.6300048828125,0,6 Reasons to Add Public Storage (PSA) Stock to Your Portfolio,headlinesIter406.csv
2022-08-18,PLD,136.6300048828125,66.48429030360748,3.086735068463724,134.0800018310547,0,"After Amazon pullback, Prologis unveils new plans for San Leandro site",headlinesIter407.csv
2022-08-19,PLD,134.0800018310547,57.80869601347432,3.096140759932859,130.94000244140625,0,Here's Why Host Hotels (HST) is an Apt Portfolio Choice Now,headlinesIter408.csv
2022-08-22,PLD,130.94000244140625,49.28097413623355,2.999761235354192,128.4600067138672,0,Here's Why Host Hotels (HST) is an Apt Portfolio Choice Now,headlinesIter409.csv
2022-08-23,PLD,128.4600067138672,43.78694955813325,2.7957260146479705,131.1199951171875,1,Here's Why You Should Retain Ventas (VTR) in Your Portfolio,headlinesIter410.csv
2022-08-24,PLD,131.1199951171875,50.19986257393671,2.5709766889839405,132.77999877929688,1,"Terreno Realty (TRNO) Sees Demand, Pre-leases Elizabeth Asset",headlinesIter411.csv
2022-08-25,PLD,132.77999877929688,53.746196549488666,2.365650507645052,128.35000610351562,0,These dividend stocks can protect you as the Federal Reserve slows the economy,headlinesIter412.csv
2022-08-26,PLD,128.35000610351562,44.61533259738293,2.107192172738293,127.29000091552734,0,These dividend stocks can protect you as the Federal Reserve slows the economy,headlinesIter413.csv
2022-08-29,PLD,127.29000091552734,42.74409089883309,1.807265965428194,125.6500015258789,0,"Top Stock Picks for Week of August 29, 2022",headlinesIter414.csv
2022-08-30,PLD,125.6500015258789,39.95214960581108,1.4667867693186512,124.51000213623048,0,Gladstone Commercial (GOOD) Sells Parsippany Office Building,headlinesIter415.csv
2022-08-31,PLD,124.51000213623048,38.08970476430294,1.0972070993488603,124.3000030517578,0,"Prologis, L.P. Commences Exchange Offers for Duke Realty Notes",headlinesIter416.csv
2022-09-01,PLD,124.3000030517578,37.7406846085285,0.7229106234692806,121.88999938964844,0,Is Prologis (PLD) a Worthy Investment?,headlinesIter417.csv
2022-09-02,PLD,121.88999938964844,33.90143802458272,0.3251811243687358,123.8000030517578,1,Is Prologis (PLD) a Worthy Investment?,headlinesIter418.csv
2022-09-06,PLD,123.8000030517578,39.18188145295747,-0.0366542628139858,126.62999725341795,1,"If You Like Amazon, You'll Love These 3 Stocks",headlinesIter419.csv
2022-09-07,PLD,126.62999725341795,46.05797333790452,-0.3117894600091516,127.91000366210938,1,"If You Like Amazon, You'll Love These 3 Stocks",headlinesIter420.csv
2022-09-08,PLD,127.91000366210938,48.873539271002194,-0.4970272301891298,129.6300048828125,1,"Terreno Realty (TRNO) Buys Anaheim Property, Boosts Portfolio",headlinesIter421.csv
2022-09-09,PLD,129.6300048828125,52.464093705824,-0.5876341242017536,130.1999969482422,1,Prologis to Participate in Industry Conferences in New York City,headlinesIter422.csv
2022-09-12,PLD,130.1999969482422,53.626375839961874,-0.6037452276946662,125.08000183105467,0,"Terreno Realty (TRNO) Sees Demand, Leases New York City Asset",headlinesIter423.csv
2022-09-13,PLD,125.08000183105467,43.36864962048128,-0.6526297165308474,121.08000183105467,0,"The Zacks Analyst Blog Highlights McDonald's, Automatic Data Processing, Prologis, HSBC and Sony",headlinesIter424.csv
2022-09-14,PLD,121.08000183105467,37.35668860148117,-0.7818235113718979,116.22000122070312,0,"The Zacks Analyst Blog Highlights McDonald's, Automatic Data Processing, Prologis, HSBC and Sony",headlinesIter425.csv
2022-09-15,PLD,116.22000122070312,31.62109717348858,-1.03033760850602,113.66999816894533,0,"Prologis, L.P. Announces Early Participation Results in Exchange Offers for Duke Realty Notes, Receipt of Requisite Consents and Extension of the Early Participation Premium",headlinesIter426.csv
2022-09-16,PLD,113.66999816894533,29.0967805187413,-1.3789473014243214,112.8000030517578,0,Innovative Industrial (IIPR) Cheers Investors With Dividend Hike,headlinesIter427.csv
2022-09-19,PLD,112.8000030517578,28.267660199895595,-1.7827576425988407,110.93000030517578,0,Is Duke Realty Corp. (DRE) a Smart Long-Term Investment?,headlinesIter428.csv
2022-09-20,PLD,110.93000030517578,26.51849206250469,-2.225769811709363,108.5500030517578,0,Farmland Partners (FPI) Boosts Portfolio With Indiana Farm,headlinesIter429.csv
