date,symbol,close,rsi,26-Day EMA,NextDayClose,Diff,Titles,filename
2021-01-05,PLD,96.19000244140624,42.54166604177641,-0.6708564529847776,93.91000366210938,0,None,headlinesIter1.csv
2021-01-06,PLD,93.91000366210938,36.83934133322941,-0.7197753881438688,95.31999969482422,1,None,headlinesIter2.csv
2021-01-07,PLD,95.31999969482422,42.01560663435929,-0.7736678446168663,96.5999984741211,1,None,headlinesIter3.csv
2021-01-08,PLD,96.5999984741211,46.31676014710234,-0.8056674978140815,94.66000366210938,0,None,headlinesIter4.csv
2021-01-11,PLD,94.66000366210938,41.314646414389,-0.8513828963375463,94.70999908447266,1,The 4 Best 5G Penny Stocks Right Now,headlinesIter5.csv
2021-01-12,PLD,94.70999908447266,41.490018193843824,-0.9005604599796376,95.41000366210938,1,The 4 Best 5G Penny Stocks Right Now,headlinesIter6.csv
2021-01-13,PLD,95.41000366210938,44.0127686667363,-0.9361093488420557,95.5,1,AST CEO Avellan Wants to Go Where No Broadband Has Been Before,headlinesIter7.csv
2021-01-14,PLD,95.5,44.34501260253436,-0.957683095317415,97.68000030517578,1,AST CEO Avellan Wants to Go Where No Broadband Has Been Before,headlinesIter8.csv
2021-01-15,PLD,97.68000030517578,51.80571941153704,-0.9324031767057714,98.01000213623048,1,4 Perfect Stocks to Start Your Retirement Portfolio,headlinesIter9.csv
2021-01-19,PLD,98.01000213623048,52.83640746427266,-0.8716913817067867,100.33999633789062,1,4 Perfect Stocks to Start Your Retirement Portfolio,headlinesIter10.csv
2021-01-20,PLD,100.33999633789062,59.43310644172426,-0.752793727984449,100.43000030517578,1,4 Perfect Stocks to Start Your Retirement Portfolio,headlinesIter11.csv
2021-01-21,PLD,100.43000030517578,59.66777959883313,-0.6005073868266967,101.22000122070312,1,4 Perfect Stocks to Start Your Retirement Portfolio,headlinesIter12.csv
2021-01-22,PLD,101.22000122070312,61.75887089831461,-0.4213040838601027,102.6999969482422,1,4 Perfect Stocks to Start Your Retirement Portfolio,headlinesIter13.csv
2021-01-25,PLD,102.6999969482422,65.3801620567696,-0.2100511792847716,106.0500030517578,1,4 Perfect Stocks to Start Your Retirement Portfolio,headlinesIter14.csv
2021-01-26,PLD,106.0500030517578,71.87289563187159,0.0641417082901343,103.27999877929688,0,4 Perfect Stocks to Start Your Retirement Portfolio,headlinesIter15.csv
2021-01-27,PLD,103.27999877929688,61.587628879775465,0.319070521324057,103.4000015258789,1,15 Biggest Real Estate Companies in the World,headlinesIter16.csv
2021-01-28,PLD,103.4000015258789,61.842386423986895,0.5497485434889194,103.1999969482422,0,15 Biggest Real Estate Companies in the World,headlinesIter17.csv
2021-01-29,PLD,103.1999969482422,61.11488082538932,0.7486901722959932,105.91000366210938,1,15 Biggest Real Estate Companies in the World,headlinesIter18.csv
2021-02-01,PLD,105.91000366210938,66.81189913726847,0.95884135367018,106.87999725341795,1,10 Best Real Estate Stocks To Buy Now,headlinesIter19.csv
2021-02-02,PLD,106.87999725341795,68.58597020725841,1.178292281072492,106.04000091552734,0,2 Cell Tower REITs Generating a Buy Signal,headlinesIter20.csv
2021-02-03,PLD,106.04000091552734,65.3291853770093,1.3759809114518402,106.41000366210938,1,2 Cell Tower REITs Generating a Buy Signal,headlinesIter21.csv
2021-02-04,PLD,106.41000366210938,66.09294395800295,1.5524332298872137,106.6999969482422,1,2021 Outlook: Data Center REITs,headlinesIter22.csv
2021-02-05,PLD,106.6999969482422,66.71188451999977,1.7074134814609037,107.08000183105467,1,2021 Outlook: Data Center REITs,headlinesIter23.csv
2021-02-08,PLD,107.08000183105467,67.54784982813159,1.842982351895148,107.41999816894533,1,Forget Penny Stocks! Invest in These Dividend Stocks Instead,headlinesIter24.csv
2021-02-09,PLD,107.41999816894533,68.31455536055594,1.960501713907751,107.5199966430664,1,Forget Penny Stocks! Invest in These Dividend Stocks Instead,headlinesIter25.csv
2021-02-10,PLD,107.5199966430664,68.54990358086509,2.0576744718467306,107.76000213623048,1,Forget Penny Stocks! Invest in These Dividend Stocks Instead,headlinesIter26.csv
2021-02-11,PLD,107.76000213623048,69.14231971753357,2.1361397071132524,107.66999816894533,0,Forget Penny Stocks! Invest in These Dividend Stocks Instead,headlinesIter27.csv
2021-02-12,PLD,107.66999816894533,68.6203050601171,2.192461497082531,106.58000183105467,0,Akre Capital's Top Trades of the 4th Quarter,headlinesIter28.csv
2021-02-16,PLD,106.58000183105467,62.46920489831048,2.209564405027073,105.83000183105467,0,Akre Capital's Top Trades of the 4th Quarter,headlinesIter29.csv
2021-02-17,PLD,105.83000183105467,58.57823942385549,2.184187258625056,105.77999877929688,0,Akre Capital's Top Trades of the 4th Quarter,headlinesIter30.csv
2021-02-18,PLD,105.77999877929688,58.31743811488823,2.1277387750173693,105.3000030517578,0,Akre Capital's Top Trades of the 4th Quarter,headlinesIter31.csv
2021-02-19,PLD,105.3000030517578,55.75144704584062,2.042266903429347,104.72000122070312,0,Akre Capital's Top Trades of the 4th Quarter,headlinesIter32.csv
2021-02-22,PLD,104.72000122070312,52.7321301657991,1.9291759814279203,104.5500030517578,0,How Top Real Estate Fund Managers Are Preparing for a Post-Covid World,headlinesIter33.csv
2021-02-23,PLD,104.5500030517578,51.84585986758255,1.797593182909804,103.23999786376952,0,"American Tower Shares Can Rally 90%, Says Portfolio Manager",headlinesIter34.csv
2021-02-24,PLD,103.23999786376952,45.499676151222666,1.6363203760156155,101.38999938964844,0,"American Tower Corporation to Present at the Morgan Stanley Technology, Media &amp; Telecom Conference",headlinesIter35.csv
2021-02-25,PLD,101.38999938964844,38.35886780923691,1.4316474837887403,99.06999969482422,0,Telefonica seeks fibre partner like American Tower for Brazilian venture,headlinesIter36.csv
2021-02-26,PLD,99.06999969482422,31.650448749092785,1.1702242957377536,99.43000030517578,1,3 Great Stocks You Can Buy and Hold Forever,headlinesIter37.csv
2021-03-01,PLD,99.43000030517578,33.59124409040244,0.8900117787984811,99.08999633789062,0,Vornado (VNO) Boosts Strength With $525M Loan Refinancing,headlinesIter38.csv
2021-03-02,PLD,99.08999633789062,32.6483334813585,0.6052585960940376,96.11000061035156,0,Vornado (VNO) Boosts Strength With $525M Loan Refinancing,headlinesIter39.csv
2021-03-03,PLD,96.11000061035156,25.810018644029093,0.2836630462737235,95.63999938964844,0,"American Tower Corporation to Present at the Deutsche Bank 29th Annual Media, Internet and Telecom Conference",headlinesIter40.csv
2021-03-04,PLD,95.63999938964844,24.923347697561876,-0.0523111358022985,97.37000274658205,1,American Tower Corporation Declares Quarterly Distribution,headlinesIter41.csv
2021-03-05,PLD,97.37000274658205,33.921748726331394,-0.3519648234013628,95.9499969482422,0,American Tower Corporation Declares Quarterly Distribution,headlinesIter42.csv
2021-03-08,PLD,95.9499969482422,30.67213116318419,-0.634998351385692,98.31999969482422,1,American Tower Corporation Declares Quarterly Distribution,headlinesIter43.csv
2021-03-09,PLD,98.31999969482422,40.8559066068767,-0.8535183007599887,97.72000122070312,0,American Tower Corporation Declares Quarterly Distribution,headlinesIter44.csv
2021-03-10,PLD,97.72000122070312,39.28269124726824,-1.0277744964356414,99.55999755859376,1,American Tower Corporation Declares Quarterly Distribution,headlinesIter45.csv
2021-03-11,PLD,99.55999755859376,46.13296452395919,-1.1334536581982757,101.29000091552734,1,"'Halftime Report' Traders Share Their Thoughts On ViacomCBS, General Electric And More",headlinesIter46.csv
2021-03-12,PLD,101.29000091552734,51.655712418811575,-1.1604256240558286,102.77999877929688,1,How COVID-19 impacted investors' REIT stocks,headlinesIter47.csv
2021-03-15,PLD,102.77999877929688,55.85377668516243,-1.1102346388955733,104.2300033569336,1,American Tower Inks Long-Term Master Lease Agreement With DISH,headlinesIter48.csv
2021-03-16,PLD,104.2300033569336,59.53624105700492,-0.9886460798240592,102.0999984741211,0,"American Tower (AMT) Inks Lease With DISH for 20,000 Towers",headlinesIter49.csv
2021-03-17,PLD,102.0999984741211,52.59573079396892,-0.8604104372947985,102.11000061035156,1,"American Tower (AMT) Inks Lease With DISH for 20,000 Towers",headlinesIter50.csv
2021-03-18,PLD,102.11000061035156,52.62366062706688,-0.7326102282387772,100.37999725341795,0,American Tower (AMT) Stock Moves -0.3%: What You Should Know,headlinesIter51.csv
2021-03-19,PLD,100.37999725341795,47.4195429085626,-0.6377138648436675,103.6500015258789,1,A Trio of Stock Picks for the 'Buy and Hold' Approach,headlinesIter52.csv
2021-03-22,PLD,103.6500015258789,56.2305103581516,-0.5147911314035859,105.1999969482422,1,Is Raytheon (RTX) Stock A Buy or Sell?,headlinesIter53.csv
2021-03-23,PLD,105.1999969482422,59.67950027363057,-0.3548432401716115,103.81999969482422,0,Industrial real estate is ‘as strong as we’ve ever seen’: IRG CEO,headlinesIter54.csv
2021-03-24,PLD,103.81999969482422,55.48725959213166,-0.2012817207671476,104.43000030517578,1,American Tower Corporation Prices Senior Notes Offering,headlinesIter55.csv
2021-03-25,PLD,104.43000030517578,56.92757332444389,-0.0495820388684155,106.77999877929688,1,American Tower (AMT) to Raise $1.38B With Senior Notes Offering,headlinesIter56.csv
2021-03-26,PLD,106.77999877929688,62.02543007073616,0.1306041919989067,106.7699966430664,0,Expert Ratings for American Tower,headlinesIter57.csv
2021-03-29,PLD,106.7699966430664,61.99179964232925,0.3187423283039559,106.76000213623048,0,American Tower (AMT) Up 6.3% Since Last Earnings Report: Can It Continue?,headlinesIter58.csv
2021-03-30,PLD,106.76000213623048,61.9556505976438,0.5011161181342523,106.0,0,"American Tower Corp. (AMT), A Top Detractor in Richie Capital’s Q4 Results",headlinesIter59.csv
2021-03-31,PLD,106.0,59.13192354802997,0.6570490566405596,108.5,1,"American Tower Corp. (AMT), A Top Detractor in Richie Capital’s Q4 Results",headlinesIter60.csv
2021-04-01,PLD,108.5,64.81303692556764,0.8266236116565352,108.37000274658205,0,Forget Penny Stocks! Buy These High-Quality Stocks Instead,headlinesIter61.csv
2021-04-05,PLD,108.37000274658205,64.31240005861402,0.9919010165624472,109.31999969482422,1,3 Best REITs to Buy in April,headlinesIter63.csv
2021-04-06,PLD,109.31999969482422,66.35753062211766,1.1587168397658585,109.62999725341795,1,3 Best REITs to Buy in April,headlinesIter64.csv
2021-04-07,PLD,109.62999725341795,67.02166081462768,1.3200570325841423,108.44000244140624,0,"'Mad Money' Lightning Round: Ocugen, American Tower",headlinesIter65.csv
2021-04-08,PLD,108.44000244140624,61.96479043409055,1.4475131376362786,109.51000213623048,1,"'Mad Money' Lightning Round: Ocugen, American Tower",headlinesIter66.csv
2021-04-09,PLD,109.51000213623048,64.55449972973014,1.560821938242245,109.83999633789062,1,American Tower Corporation -- Moody's announces completion of a periodic review of ratings of American Tower Corporation,headlinesIter67.csv
2021-04-12,PLD,109.83999633789062,65.33832998706495,1.6610310837752646,110.77999877929688,1,10 Best Stocks That Will Gain From Biden’s Job and Infrastructure Plan,headlinesIter68.csv
2021-04-13,PLD,110.77999877929688,67.5403065102205,1.7589878544108453,109.66000366210938,0,10 Best Stocks That Will Gain From Biden’s Job and Infrastructure Plan,headlinesIter69.csv
2021-04-14,PLD,109.66000366210938,62.44974487033858,1.8285198672204712,112.36000061035156,1,10 Best Stocks That Will Gain From Biden’s Job and Infrastructure Plan,headlinesIter70.csv
2021-04-15,PLD,112.36000061035156,68.59492166266199,1.915500117235152,112.55999755859376,1,10 Best Stocks That Will Gain From Biden’s Job and Infrastructure Plan,headlinesIter71.csv
2021-04-16,PLD,112.55999755859376,68.99962171625474,2.007681958136468,112.25,0,American Tower (AMT) Outpaces Stock Market Gains: What You Should Know,headlinesIter72.csv
2021-04-19,PLD,112.25,67.54665123306253,2.088769987721095,114.75,1,"Alaska Sold Berkshire Hathaway, Oracle Stock; Bought Wireless-Tower Shares",headlinesIter73.csv
2021-04-20,PLD,114.75,72.56422467778205,2.193779173362115,114.70999908447266,0,"Alaska Sold Berkshire Hathaway, Oracle Stock; Bought Wireless-Tower Shares",headlinesIter74.csv
2021-04-21,PLD,114.70999908447266,72.37142072842668,2.3026386634218525,114.68000030517578,0,Were Hedge Funds Right About Piling Into Sea Limited (SE)?,headlinesIter75.csv
2021-04-22,PLD,114.68000030517578,72.21645065431659,2.4024780630548603,114.87000274658205,1,Was The Smart Money Right About Piling Into Intuit Inc. (INTU)?,headlinesIter76.csv
2021-04-23,PLD,114.87000274658205,72.61640596875827,2.4889857429565403,115.22000122070312,1,3 REITs That Even a Growth Investor Can Love,headlinesIter77.csv
2021-04-26,PLD,115.22000122070312,73.37669268766749,2.562513602942636,114.8499984741211,0,A Closer Look At American Tower Corporation (REIT)'s (NYSE:AMT) Impressive ROE,headlinesIter78.csv
2021-04-27,PLD,114.8499984741211,71.12839684704844,2.61230784677948,115.0999984741211,1,A Closer Look At American Tower Corporation (REIT)'s (NYSE:AMT) Impressive ROE,headlinesIter79.csv
2021-04-28,PLD,115.0999984741211,71.7580618644218,2.642650649257757,116.2699966430664,1,REITs: the Perfect Investment Asset for Biden’s Tax Plans?,headlinesIter80.csv
2021-04-29,PLD,116.2699966430664,74.55493105413433,2.6718545473548465,116.52999877929688,1,3 Stocks to Supplement Your Social Security Income,headlinesIter81.csv
2021-04-30,PLD,116.52999877929688,75.14402542253974,2.6968721709110803,116.01000213623048,0,Don't Waste Your Money on Penny Stocks; These 3 Stocks Are Better Buys,headlinesIter82.csv
2021-05-03,PLD,116.01000213623048,71.57499012657583,2.7035114935832003,115.5999984741211,0,Was The Smart Money Right About Raytheon Technologies Corp (RTX)?,headlinesIter83.csv
2021-05-04,PLD,115.5999984741211,68.8002747650171,2.685580390516427,113.01000213623048,0,Was The Smart Money Right About Raytheon Technologies Corp (RTX)?,headlinesIter84.csv
2021-05-05,PLD,113.01000213623048,54.44239109255251,2.605746138815097,114.72000122070312,1,American Tower Partners with CDPQ in Europe,headlinesIter85.csv
2021-05-06,PLD,114.72000122070312,60.32887764723775,2.5126402503436776,116.0199966430664,1,American Tower Corporation Prices Upsized Public Offering of Common Stock,headlinesIter86.csv
2021-05-07,PLD,116.0199966430664,64.12403237190995,2.431110573904776,116.1999969482422,1,American Tower Corporation to Present at the Moffett Nathanson 8th Annual Media &amp; Communications Summit,headlinesIter87.csv
2021-05-10,PLD,116.1999969482422,64.62860454344741,2.3584413702393485,114.86000061035156,0,"Top Stock Reports for Nike, CVS Health &amp; American Tower",headlinesIter88.csv
2021-05-11,PLD,114.86000061035156,58.07982970532708,2.268380955090246,112.37000274658205,0,"The Zacks Analyst Blog Highlights: Nike, CVS Health, American Tower Corp, The Southern Co, American International Group and Parker-Hannifin Corp",headlinesIter89.csv
2021-05-12,PLD,112.37000274658205,48.28817447017055,2.127244620599699,113.5,1,"7 High Return, Low Risk Investments for Retirees",headlinesIter90.csv
2021-05-13,PLD,113.5,52.22456791165325,1.974673514662338,114.6500015258789,1,"Brookfield, IFM Mull Bids For Singtel’s Australia Towers",headlinesIter91.csv
2021-05-14,PLD,114.6500015258789,55.903474131142886,1.8367802673122748,114.19000244140624,0,Akre Capital Management's Top 1st-Quarter Trades,headlinesIter92.csv
2021-05-17,PLD,114.19000244140624,54.108641494700215,1.7037899987472516,114.9800033569336,1,Akre Capital Management's Top 1st-Quarter Trades,headlinesIter93.csv
2021-05-18,PLD,114.9800033569336,56.68092954103094,1.589565113094654,115.3499984741211,1,American Tower Corporation Prices Senior Notes Offering,headlinesIter94.csv
2021-05-19,PLD,115.3499984741211,57.87193373761234,1.4953699787312758,117.36000061035156,1,"American Tower Corporation to Present at the J.P. Morgan 49th Annual Global Technology, Media and Communications Conference",headlinesIter95.csv
2021-05-20,PLD,117.36000061035156,63.709274225271,1.4473271285155307,117.52999877929688,1,American Tower (AMT) Boosts Flexibility With Notes Offering,headlinesIter96.csv
2021-05-21,PLD,117.52999877929688,64.16157242158663,1.4301435916893317,118.1500015258789,1,American Tower (AMT) Boosts Flexibility With Notes Offering,headlinesIter97.csv
2021-05-24,PLD,118.1500015258789,65.83403697454976,1.4398350592244142,118.18000030517578,1,Better Buy: AT&amp;T vs. American Tower,headlinesIter98.csv
2021-05-25,PLD,118.18000030517578,65.91691540553013,1.4630601537495806,117.51000213623048,0,"Hey, Growth Investors, Here's a Dividend Stock You Might Love",headlinesIter99.csv
2021-05-26,PLD,117.51000213623048,62.28302150115429,1.4795263261364624,116.86000061035156,0,2 Stocks With World-Class Dividends,headlinesIter100.csv
2021-05-27,PLD,116.86000061035156,58.891065406319335,1.4771504186140223,117.83999633789062,1,Alpine (PINE) Taps Debt Market With $60M Unsecured Term Loan,headlinesIter101.csv
2021-05-28,PLD,117.83999633789062,62.23080614325791,1.4753577443043715,119.83000183105467,1,American Tower (AMT) Rewards Investors With 2.4% Dividend Hike,headlinesIter102.csv
2021-06-01,PLD,119.83000183105467,67.92862779080811,1.502411340879013,121.73999786376952,1,American Tower sees newly-bought Telxius masts earning $280 million in 2021,headlinesIter103.csv
2021-06-02,PLD,121.73999786376952,72.254955684425,1.5731755987871896,121.87000274658205,1,"Telefonica (TEF) Sells Telxius' European Tower Division, Trims Debt",headlinesIter104.csv
2021-06-03,PLD,121.87000274658205,72.52661583118078,1.666115839637213,122.38999938964844,1,American Tower Closes Latin American Tranche of Telxius Towers Acquisition,headlinesIter105.csv
2021-06-04,PLD,122.38999938964844,73.63844261323241,1.7725823036924413,122.68000030517578,1,American Tower Corporation to Present at Nareit's REITweek: 2021 Virtual Investor Conference,headlinesIter106.csv
2021-06-07,PLD,122.68000030517578,74.26397521686474,1.882532316039774,123.66000366210938,1,American Tower Corporation to Present at Nareit's REITweek: 2021 Virtual Investor Conference,headlinesIter107.csv
2021-06-08,PLD,123.66000366210938,76.30976555477504,2.0002466968858776,123.61000061035156,0,American Tower Corporation to Present at Nareit's REITweek: 2021 Virtual Investor Conference,headlinesIter108.csv
2021-06-09,PLD,123.61000061035156,75.97790122087314,2.1113001148112063,126.27999877929688,1,5 Stocks Set to Gain From the Ongoing 5G Boom,headlinesIter109.csv
2021-06-10,PLD,126.27999877929688,80.78355646484326,2.250143147898497,124.70999908447266,0,American Tower Corporation to Present at the Credit Suisse 23rd Annual Communications Conference,headlinesIter110.csv
2021-06-11,PLD,124.70999908447266,71.70040493792847,2.368948832602572,126.16000366210938,1,American Tower (AMT) Stock Sinks As Market Gains: What You Should Know,headlinesIter111.csv
2021-06-14,PLD,126.16000366210938,74.54689014357542,2.4867021678075605,123.13999938964844,0,Hedge Funds Are Done Buying General Electric Company (GE),headlinesIter112.csv
2021-06-15,PLD,123.13999938964844,60.82449066711855,2.543772984728795,121.41999816894533,0,Hedge Funds Are Done Buying General Electric Company (GE),headlinesIter113.csv
2021-06-16,PLD,121.41999816894533,54.65388942592413,2.526578040175677,122.61000061035156,1,Is American Express Company (AXP) A Good Stock To Buy?,headlinesIter114.csv
2021-06-17,PLD,122.61000061035156,57.8406312584051,2.4769633540133147,119.56999969482422,0,American Tower (AMT) to Sell 10% in ATC Europe to Allianz Capital,headlinesIter115.csv
2021-06-21,PLD,122.58999633789062,56.081893264787176,2.238139331445421,121.9800033569336,0,Here's How Much a $1000 Investment in American Tower Made 10 Years Ago Would Be Worth Today,headlinesIter116.csv
2021-06-22,PLD,121.9800033569336,54.33590443649702,2.114707551313217,121.12000274658205,0,Here's How Much a $1000 Investment in American Tower Made 10 Years Ago Would Be Worth Today,headlinesIter117.csv
2021-06-23,PLD,121.12000274658205,51.88342142961817,1.9753894204336837,121.2699966430664,1,Here is What Hedge Funds Think About 3M Company (MMM),headlinesIter118.csv
2021-06-24,PLD,121.2699966430664,52.28791074277768,1.831308072254252,122.0,1,Here is What Hedge Funds Think About 3M Company (MMM),headlinesIter119.csv
2021-06-25,PLD,122.0,54.30140819494198,1.6992670697772378,121.62000274658205,0,Are Institutions Heavily Invested In American Tower Corporation (REIT)'s (NYSE:AMT) Shares?,headlinesIter120.csv
2021-06-28,PLD,121.62000274658205,53.04647822788468,1.571758922642521,121.4499969482422,0,Are Institutions Heavily Invested In American Tower Corporation (REIT)'s (NYSE:AMT) Shares?,headlinesIter121.csv
2021-06-29,PLD,121.4499969482422,52.46232884395361,1.4474813694501605,119.52999877929688,0,Are Institutions Heavily Invested In American Tower Corporation (REIT)'s (NYSE:AMT) Shares?,headlinesIter122.csv
2021-06-30,PLD,119.52999877929688,46.26579079981577,1.2978119723957044,119.9800033569336,1,1 Great Income Stock That Could Double Its Dividend,headlinesIter123.csv
2021-07-01,PLD,119.9800033569336,47.82138008710902,1.14429496084834,121.02999877929688,1,20 Best Countries to Invest in Real Estate in 2021,headlinesIter124.csv
2021-07-02,PLD,121.02999877929688,51.35968775447096,1.0105579385334198,122.54000091552734,1,American Tower Plans Second Quarter 2021 Earnings Release and Conference Call,headlinesIter125.csv
2021-07-06,PLD,122.54000091552734,55.98247074204554,0.9180172821837284,123.29000091552734,1,American Tower Plans Second Quarter 2021 Earnings Release and Conference Call,headlinesIter126.csv
2021-07-07,PLD,123.29000091552734,58.111913913878375,0.8660223089207554,123.11000061035156,0,American Tower Plans Second Quarter 2021 Earnings Release and Conference Call,headlinesIter127.csv
2021-07-08,PLD,123.11000061035156,57.39427557370749,0.837320606971159,125.38999938964844,1,American Tower Plans Second Quarter 2021 Earnings Release and Conference Call,headlinesIter128.csv
2021-07-09,PLD,125.38999938964844,63.53673218711757,0.8591908927232774,127.41000366210938,1,20 Best Places to Invest in Rental Property in 2021,headlinesIter129.csv
2021-07-12,PLD,127.41000366210938,67.94593087590056,0.9418819626581332,125.61000061035156,0,20 Best Places to Invest in Rental Property in 2021,headlinesIter130.csv
2021-07-13,PLD,125.61000061035156,60.88123934462069,1.027494782374842,126.2300033569336,1,15 Best States to Invest in Real Estate in 2021,headlinesIter131.csv
2021-07-14,PLD,126.2300033569336,62.33396856067736,1.1180008460350823,126.93000030517578,1,3 Stocks I'll Hold Forever,headlinesIter132.csv
2021-07-15,PLD,126.93000030517578,63.96122794609654,1.2154493151926362,127.27999877929688,1,Here's How Much You'd Have If You Invested $1000 in American Tower a Decade Ago,headlinesIter133.csv
2021-07-16,PLD,127.27999877929688,64.78053070208819,1.3149545062300605,126.77999877929688,0,Why Did American Tower Rise 21% in the First Half of 2021?,headlinesIter134.csv
2021-07-19,PLD,126.77999877929688,62.5913710634917,1.399558328872895,127.98999786376952,1,Why Did American Tower Rise 21% in the First Half of 2021?,headlinesIter135.csv
2021-07-20,PLD,127.98999786376952,65.61931081701452,1.4865021424744491,126.9000015258789,0,Why Did American Tower Rise 21% in the First Half of 2021?,headlinesIter136.csv
2021-07-21,PLD,126.9000015258789,60.84179495889885,1.5495765846642706,127.16999816894533,1,Why Did American Tower Rise 21% in the First Half of 2021?,headlinesIter137.csv
2021-07-22,PLD,127.16999816894533,61.58782679351832,1.5951595410608332,127.88999938964844,1,Why Did American Tower Rise 21% in the First Half of 2021?,headlinesIter138.csv
2021-07-23,PLD,127.88999938964844,63.58046534312783,1.6352411468331092,127.9800033569336,1,Why Did American Tower Rise 21% in the First Half of 2021?,headlinesIter139.csv
2021-07-26,PLD,127.9800033569336,63.83303710501254,1.6674823839893684,129.19000244140625,1,Why Did American Tower Rise 21% in the First Half of 2021?,headlinesIter140.csv
2021-07-27,PLD,129.19000244140625,67.13306547173457,1.7086235901104618,127.62999725341795,0,Is Beat in Store for American Tower (AMT) This Earnings Season?,headlinesIter141.csv
2021-07-28,PLD,127.62999725341795,59.58449707067094,1.724403163909084,127.88999938964844,1,Key Factors to Impact Medical Properties' (MPW) Q2 Earnings,headlinesIter142.csv
2021-07-29,PLD,127.88999938964844,60.38402569066632,1.7236772851804258,128.0399932861328,1,American Tower (AMT) Q2 AFFO &amp; Revenues Surpass Estimates,headlinesIter143.csv
2021-07-30,PLD,128.0399932861328,60.86501185920514,1.7111086161519782,128.4600067138672,1,American Tower (AMT) Q2 2021 Earnings Call Transcript,headlinesIter144.csv
2021-08-02,PLD,128.4600067138672,62.24725686874376,1.6945770922704266,129.6699981689453,1,American Tower (AMT) Q2 2021 Earnings Call Transcript,headlinesIter145.csv
2021-08-03,PLD,129.6699981689453,65.9755863541763,1.6918707605437433,128.89999389648438,0,American Tower (AMT) Q2 2021 Earnings Call Transcript,headlinesIter146.csv
2021-08-04,PLD,128.89999389648438,61.79340001558149,1.6818305776593008,130.4499969482422,1,American Tower to Present at the Cowen 7th Annual Communications Infrastructure Summit,headlinesIter147.csv
2021-08-05,PLD,130.4499969482422,66.40936434781594,1.6886161632594248,129.7100067138672,0,American Tower to Present at the Cowen 7th Annual Communications Infrastructure Summit,headlinesIter148.csv
2021-08-06,PLD,129.7100067138672,62.52553964109296,1.689937293157143,130.00999450683594,1,American Tower to Present at the Cowen 7th Annual Communications Infrastructure Summit,headlinesIter149.csv
2021-08-09,PLD,130.00999450683594,63.458533001846085,1.6886985733723858,129.35000610351562,0,Did You Participate In Any Of American Tower Corporation (REIT)'s (NYSE:AMT) Fantastic 167% Return ?,headlinesIter150.csv
2021-08-10,PLD,129.35000610351562,59.92377462224796,1.6715417099882055,128.89999389648438,0,Did You Participate In Any Of American Tower Corporation (REIT)'s (NYSE:AMT) Fantastic 167% Return ?,headlinesIter151.csv
2021-08-11,PLD,128.89999389648438,57.569095234946175,1.634317590099838,130.07000732421875,1,Did You Participate In Any Of American Tower Corporation (REIT)'s (NYSE:AMT) Fantastic 167% Return ?,headlinesIter152.csv
2021-08-12,PLD,130.07000732421875,61.77475497251447,1.601408992998533,131.97999572753906,1,Did You Participate In Any Of American Tower Corporation (REIT)'s (NYSE:AMT) Fantastic 167% Return ?,headlinesIter153.csv
2021-08-13,PLD,131.97999572753906,67.44713840475006,1.5997532194414223,133.69000244140625,1,Did You Participate In Any Of American Tower Corporation (REIT)'s (NYSE:AMT) Fantastic 167% Return ?,headlinesIter154.csv
2021-08-16,PLD,133.69000244140625,71.52170200026445,1.6414089058138737,134.0800018310547,1,American Tower Corporation Releases 2020 Sustainability Report,headlinesIter155.csv
2021-08-17,PLD,134.0800018310547,72.37109067339453,1.7105088258405414,132.5,0,American Tower Corporation Releases 2020 Sustainability Report,headlinesIter156.csv
2021-08-18,PLD,132.5,64.03795868069156,1.764081325812674,133.14999389648438,1,American Tower Corporation Releases 2020 Sustainability Report,headlinesIter157.csv
2021-08-19,PLD,133.14999389648438,65.78344250381716,1.811462755551695,134.25,1,American Tower Corporation Releases 2020 Sustainability Report,headlinesIter158.csv
2021-08-20,PLD,134.25,68.56421995728633,1.8659011944552848,133.38999938964844,0,American Tower Corporation Releases 2020 Sustainability Report,headlinesIter159.csv
2021-08-23,PLD,133.38999938964844,64.17313798654911,1.9039355033498864,130.75,0,3 Dividend Stocks I'd Buy Right Now,headlinesIter160.csv
2021-08-24,PLD,130.75,52.96032887731543,1.8832350975141487,130.52999877929688,0,3 Dividend Stocks I'd Buy Right Now,headlinesIter161.csv
2021-08-25,PLD,130.52999877929688,52.142691855614885,1.8190037951335545,130.6199951171875,1,3 Dividend Stocks I'd Buy Right Now,headlinesIter162.csv
2021-08-26,PLD,130.6199951171875,52.465986706712606,1.7281452425535693,131.30999755859375,1,3 Dividend Stocks I'd Buy Right Now,headlinesIter163.csv
2021-08-27,PLD,131.30999755859375,54.97725418292797,1.6324299942511882,133.72999572753906,1,10 Best Stocks to Buy if ESG Investing Is Your Thing,headlinesIter164.csv
2021-08-30,PLD,133.72999572753906,62.46676683691989,1.5735772338705416,134.66000366210938,1,10 Best Stocks to Buy if ESG Investing Is Your Thing,headlinesIter165.csv
2021-08-31,PLD,134.66000366210938,64.88433526154915,1.5521655583340055,137.7899932861328,1,3 Best REITs to Buy in September,headlinesIter166.csv
2021-09-01,PLD,137.7899932861328,71.53065463391455,1.6017431219525706,138.47000122070312,1,"Top Analyst Reports for Mastercard, Cisco &amp; American Tower",headlinesIter167.csv
2021-09-02,PLD,138.47000122070312,72.7378995675868,1.7004148604417118,138.99000549316406,1,"Top Analyst Reports for Mastercard, Cisco &amp; American Tower",headlinesIter168.csv
2021-09-03,PLD,138.99000549316406,73.65781380567068,1.8291061160840008,137.64999389648438,0,"Top Analyst Reports for Mastercard, Cisco &amp; American Tower",headlinesIter169.csv
2021-09-07,PLD,137.64999389648438,67.3508885338117,1.9443188100043545,138.5399932861328,1,3 Recession-Ready Stocks to Buy in September,headlinesIter170.csv
2021-09-08,PLD,138.5399932861328,69.23506141360255,2.0548116873636446,134.72000122070312,0,3 Recession-Ready Stocks to Buy in September,headlinesIter171.csv
2021-09-09,PLD,134.72000122070312,54.65559992965,2.0909249820929,133.6300048828125,0,3 Recession-Ready Stocks to Buy in September,headlinesIter172.csv
2021-09-10,PLD,133.6300048828125,51.33385312306291,2.056369580869198,132.77999877929688,0,3 Recession-Ready Stocks to Buy in September,headlinesIter173.csv
2021-09-13,PLD,132.77999877929688,48.840992323683565,1.961083628159693,132.5500030517578,0,3 No-Brainer Stocks Begging to Be Bought Right Now,headlinesIter174.csv
2021-09-14,PLD,132.5500030517578,48.15950375469939,1.824588835638884,133.2899932861328,1,3 No-Brainer Stocks Begging to Be Bought Right Now,headlinesIter175.csv
2021-09-15,PLD,133.2899932861328,50.55022698803716,1.6770679282117666,132.5800018310547,0,3 No-Brainer Stocks Begging to Be Bought Right Now,headlinesIter176.csv
2021-09-16,PLD,132.5800018310547,48.25101799606607,1.5152194792640306,130.11000061035156,0,American Tower to Present at the Goldman Sachs 30th Annual Communacopia Conference,headlinesIter177.csv
2021-09-17,PLD,130.11000061035156,41.225891833880006,1.3100142494238507,129.05999755859375,0,7 Infrastructure Stocks to Buy as Biden Seeks a PR Reset,headlinesIter178.csv
2021-09-20,PLD,129.05999755859375,38.64973530053103,1.0686530536102847,128.85000610351562,0,2 Outside-The-Box Ways to Invest in the Latest Tech Trends,headlinesIter179.csv
2021-09-21,PLD,128.85000610351562,38.13647405772409,0.8114965840004182,130.00999450683594,1,2 Outside-The-Box Ways to Invest in the Latest Tech Trends,headlinesIter180.csv
2021-09-22,PLD,130.00999450683594,42.66588542085017,0.5745778824732515,128.83999633789062,0,"Is Applied Materials, Inc. (AMAT) A Good Stock To Buy?",headlinesIter181.csv
2021-09-23,PLD,128.83999633789062,39.52270054670035,0.3427872750606766,127.9000015258789,0,American Tower to Present at the 2021 RBC Capital Markets Global Tower and Wireless Infrastructure Summit,headlinesIter182.csv
2021-09-24,PLD,127.9000015258789,37.15446378129253,0.1105833545833979,126.19000244140624,0,American Tower (AMT) to Raise $1.7B Through Notes Offering,headlinesIter183.csv
2021-09-27,PLD,126.19000244140624,33.25109516812371,-0.1372411878145835,125.58000183105467,0,Could This Global Infrastructure Stock Have More Room to Grow?,headlinesIter184.csv
2021-09-28,PLD,125.58000183105467,31.961153454232733,-0.3912844644295168,126.44000244140624,1,Could This Global Infrastructure Stock Have More Room to Grow?,headlinesIter185.csv
2021-09-29,PLD,126.44000244140624,35.74574651495906,-0.6212955309262206,125.43000030517578,0,I Turned $100 into More Than $550 with This REIT,headlinesIter186.csv
2021-09-30,PLD,125.43000030517578,33.39628355639266,-0.8388840495271966,126.43000030517578,1,I Turned $100 into More Than $550 with This REIT,headlinesIter187.csv
2021-10-01,PLD,126.43000030517578,37.758307223861735,-1.0194136036867476,126.83000183105467,1,I Turned $100 into More Than $550 with This REIT,headlinesIter188.csv
2021-10-04,PLD,126.83000183105467,39.46609758541327,-1.1585464188106334,126.43000030517578,0,Here’s Why You Should Consider Investing in American Tower (AMT),headlinesIter189.csv
2021-10-05,PLD,126.43000030517578,38.333396929260736,-1.2681802169081549,127.79000091552734,1,Here’s Why You Should Consider Investing in American Tower (AMT),headlinesIter190.csv
2021-10-06,PLD,127.79000091552734,44.19756312571471,-1.3289889630903209,129.3800048828125,1,Here’s Why You Should Consider Investing in American Tower (AMT),headlinesIter191.csv
2021-10-07,PLD,129.3800048828125,50.16434550650754,-1.3276107983368743,128.52999877929688,0,"Top Analyst Reports for Pfizer, American Tower &amp; Intuitive Surgical",headlinesIter192.csv
2021-10-08,PLD,128.52999877929688,47.25532799669547,-1.2978627856251568,128.94000244140625,1,"With EPS Growth And More, American Tower Corporation (REIT) (NYSE:AMT) Is Interesting",headlinesIter193.csv
2021-10-12,PLD,132.2899932861328,59.276245963929455,-1.1174305193105434,133.89999389648438,1,3 5G Stocks to Buy Right Now,headlinesIter194.csv
2021-10-13,PLD,133.89999389648438,63.17658617045516,-0.9272284554247262,135.72999572753906,1,Is American Tower Corp. (AMT) A Great Investment Pick?,headlinesIter195.csv
2021-10-14,PLD,135.72999572753906,67.04064361039119,-0.6747962903403514,136.97999572753906,1,Is American Tower Corp. (AMT) A Great Investment Pick?,headlinesIter196.csv
2021-10-15,PLD,136.97999572753906,69.40247553094426,-0.3751113974542632,139.7899932861328,1,Here's Why You Should Retain Crown Castle (CCI) Stock Now,headlinesIter197.csv
2021-10-18,PLD,139.7899932861328,73.92583664665852,-0.0158325628776889,139.1199951171875,0,What's in Store for Crown Castle (CCI) This Earnings Season?,headlinesIter198.csv
2021-10-19,PLD,139.1199951171875,71.22223366899168,0.351311265772695,143.4199981689453,1,Like American Tower? You'll Love These 2 REITs,headlinesIter199.csv
2021-10-20,PLD,143.4199981689453,77.02870171485966,0.771941762019368,144.94000244140625,1,"DataSite, a premier operator of multi-tenant colocation facilities in Orlando, Florida and Atlanta, Georgia, has been acquired by American Tower Corporation",headlinesIter200.csv
2021-10-21,PLD,144.94000244140625,78.66726151616528,1.226537888626184,144.0,0,"DataSite, a premier operator of multi-tenant colocation facilities in Orlando, Florida and Atlanta, Georgia, has been acquired by American Tower Corporation",headlinesIter201.csv
2021-10-22,PLD,144.0,75.0996032051953,1.6607996162782692,145.10000610351562,1,"DataSite, a premier operator of multi-tenant colocation facilities in Orlando, Florida and Atlanta, Georgia, has been acquired by American Tower Corporation",headlinesIter202.csv
2021-10-25,PLD,145.10000610351562,76.44579948453017,2.073316075918462,146.22999572753906,1,American Tower Adopts Science-based Targets,headlinesIter203.csv
2021-10-26,PLD,146.22999572753906,77.77505033925499,2.4638810461392886,143.86000061035156,0,What's in Store for SBA Communications' (SBAC) Q3 Earnings?,headlinesIter204.csv
2021-10-27,PLD,143.86000061035156,68.98213501141583,2.776785615740496,146.6699981689453,1,What's in Store for SBA Communications' (SBAC) Q3 Earnings?,headlinesIter205.csv
2021-10-28,PLD,146.6699981689453,72.89492373739454,3.0631141899529686,144.9600067138672,0,American Tower (AMT) Q3 AFFO &amp; Revenues Surpass Estimates,headlinesIter206.csv
2021-10-29,PLD,144.9600067138672,67.32885687309536,3.283512256326605,144.72999572753906,0,American Tower (AMT) Q3 AFFO &amp; Revenues Surpass Estimates,headlinesIter207.csv
2021-11-01,PLD,144.72999572753906,66.59228626960999,3.439879247274833,147.02999877929688,1,Was The Smart Money Right About American Tower Corporation (AMT)?,headlinesIter208.csv
2021-11-02,PLD,147.02999877929688,70.11321225549956,3.576770809348382,147.64999389648438,1,"Was The Smart Money Right About The Goldman Sachs Group, Inc. (GS)?",headlinesIter209.csv
2021-11-03,PLD,147.64999389648438,71.00046175549923,3.696018943827028,147.8699951171875,1,"Was The Smart Money Right About The Goldman Sachs Group, Inc. (GS)?",headlinesIter210.csv
2021-11-04,PLD,147.8699951171875,71.3257586854773,3.793043351626443,146.69000244140625,0,3 Stocks to Pounce on When the Market Crashes,headlinesIter211.csv
2021-11-05,PLD,146.69000244140625,66.985565934896,3.8435809712816527,148.07000732421875,1,3 Stocks to Pounce on When the Market Crashes,headlinesIter212.csv
2021-11-08,PLD,148.07000732421875,69.33564486144076,3.875589180604509,148.4499969482422,1,7 REITs to Buy That Are Just Right for November,headlinesIter213.csv
2021-11-09,PLD,148.4499969482422,69.96953850340051,3.89153485210796,148.77000427246094,1,This Underrated Real Estate Stock Could Make You Richer,headlinesIter214.csv
2021-11-10,PLD,148.77000427246094,70.52218911110012,3.8928128724946194,148.91000366210938,1,Were Hedge Funds Right About Sanofi (SNY)?,headlinesIter215.csv
2021-11-12,PLD,148.80999755859375,70.31063738981757,3.843936702515952,150.1999969482422,1,"American Tower to Present at the Morgan Stanley European Technology, Media &amp; Telecom Conference",headlinesIter216.csv
2021-11-15,PLD,150.1999969482422,72.96863006890192,3.8125870513420623,149.47000122070312,0,"CORESITE ALERT: Bragar Eagel &amp; Squire, P.C. Investigates Sale of COR and Encourages Investors to Contact the Firm",headlinesIter217.csv
2021-11-16,PLD,149.47000122070312,69.45198944169442,3.7643654388963217,150.3800048828125,1,American Tower (AMT) Announces Deal to Buy CoreSite for $10.1B,headlinesIter218.csv
2021-11-17,PLD,150.3800048828125,71.3083198634371,3.714035491253687,150.5800018310547,1,American Tower (AMT) Announces Deal to Buy CoreSite for $10.1B,headlinesIter219.csv
2021-11-18,PLD,150.5800018310547,71.71512970757577,3.659748255321765,150.22000122070312,0,(COR): Johnson Fistel Investigates Proposed Sale of CoreSite Realty Corporation; Are Shareholders Getting a Fair Deal?,headlinesIter220.csv
2021-11-19,PLD,150.22000122070312,69.7967471903521,3.591741588322264,150.89999389648438,1,(COR): Johnson Fistel Investigates Proposed Sale of CoreSite Realty Corporation; Are Shareholders Getting a Fair Deal?,headlinesIter221.csv
2021-11-22,PLD,150.89999389648438,71.3554118320704,3.521363449959909,152.5800018310547,1,"In a Sea of Mergers, Equinix Offers Standalone Strength",headlinesIter222.csv
2021-11-23,PLD,152.5800018310547,74.81365757235257,3.471965903391477,154.50999450683594,1,"CORESITE ALERT: Bragar Eagel &amp; Squire, P.C. Reminds Investors of its Investigation of the Sale of COR and Encourages Investors to Contact the Firm",headlinesIter223.csv
2021-11-24,PLD,154.50999450683594,78.08668969758709,3.461186679652632,149.8800048828125,0,"KKR, Equinix Among Suitors for $11 Billion Global Switch",headlinesIter224.csv
2021-11-26,PLD,149.8800048828125,58.459798373809136,3.3934202123270305,153.27999877929688,1,"KKR, Equinix Among Suitors for $11 Billion Global Switch",headlinesIter225.csv
2021-11-29,PLD,153.27999877929688,65.34773225837228,3.339998300728366,150.75,0,American Tower Commences Cash Tender Offer for All Outstanding Shares of CoreSite,headlinesIter226.csv
2021-11-30,PLD,150.75,57.68302994794144,3.2503905590120308,151.6999969482422,1,"CORESITE ALERT: Bragar Eagel &amp; Squire, P.C. Reminds Investors of its Investigation of the Sale of COR and Encourages Investors to Contact the Firm",headlinesIter227.csv
2021-12-01,PLD,151.6999969482422,59.59923062198542,3.150547974801792,154.4199981689453,1,"CORESITE ALERT: Bragar Eagel &amp; Squire, P.C. Reminds Investors of its Investigation of the Sale of COR and Encourages Investors to Contact the Firm",headlinesIter228.csv
2021-12-02,PLD,154.4199981689453,64.54901522464456,3.085739597591284,154.66000366210938,1,American Tower to Present at the UBS Global TMT Conference,headlinesIter229.csv
2021-12-03,PLD,154.66000366210938,64.95699141283927,3.043083467572404,156.5500030517578,1,Metaverse Stocks No One Is Talking About,headlinesIter230.csv
2021-12-06,PLD,156.5500030517578,68.07294211046717,3.039766075395342,159.3000030517578,1,Hedge Funds Are Souring On ServiceNow Inc (NOW),headlinesIter231.csv
2021-12-07,PLD,159.3000030517578,71.97734152901648,3.0982257472665484,159.44000244140625,1,A Closer Look At American Tower Corporation's (NYSE:AMT) Impressive ROE,headlinesIter232.csv
2021-12-08,PLD,159.44000244140625,72.1639712248798,3.187513658774237,157.55999755859375,0,American Tower Is Getting Into the Data Center Business,headlinesIter233.csv
2021-12-09,PLD,157.55999755859375,65.82418753628363,3.2541841254885253,159.0800018310547,1,American Tower Is Getting Into the Data Center Business,headlinesIter234.csv
2021-12-10,PLD,159.0800018310547,68.25265319534753,3.320017276485717,161.0800018310547,1,American Tower Is Getting Into the Data Center Business,headlinesIter235.csv
2021-12-13,PLD,161.0800018310547,71.1568477780121,3.4062163726188115,158.72999572753906,0,"Virtus AllianzGI Global Dynamic Allocation Fund Buys The Walt Disney Co, Extra Space Storage ...",headlinesIter236.csv
2021-12-14,PLD,158.72999572753906,63.7745835724085,3.4554053185617795,162.55999755859375,1,"CORESITE REALTY INVESTOR ALERT BY THE FORMER ATTORNEY GENERAL OF LOUISIANA: Kahn Swick &amp; Foti, LLC Investigates Adequacy of Price and Process in Proposed Sale of CoreSite Realty Corporation - COR",headlinesIter237.csv
2021-12-15,PLD,162.55999755859375,69.35478885785308,3.5320483281853163,163.25,1,"CORESITE REALTY INVESTOR ALERT BY THE FORMER ATTORNEY GENERAL OF LOUISIANA: Kahn Swick &amp; Foti, LLC Investigates Adequacy of Price and Process in Proposed Sale of CoreSite Realty Corporation - COR",headlinesIter238.csv
2021-12-16,PLD,163.25,70.24408503943633,3.624839593199105,161.17999267578125,0,"Fidelity Magellan Fund Buys Roper Technologies Inc, Teledyne Technologies Inc, Equinix Inc, ...",headlinesIter239.csv
2021-12-17,PLD,161.17999267578125,64.22292932973278,3.6816004998636567,161.38999938964844,1,Fidelity Destiny Portfolios Buys Salesforce. ...,headlinesIter240.csv
2021-12-20,PLD,161.38999938964844,64.55487922761782,3.707762197634492,160.7899932861328,0,Under Armour Stock Can Continue Its Comeback,headlinesIter241.csv
2021-12-21,PLD,160.7899932861328,62.76312077145752,3.695349977646365,162.25999450683594,1,"NT Focused Large Cap Value Fund Buys American Tower Corp, F5 Inc, Conagra Brands Inc, Sells ...",headlinesIter242.csv
2021-12-22,PLD,162.25999450683594,65.3039590417699,3.674441603226984,161.75,0,Voya Jumps on Inclusion in S&amp;P MidCap 400 Index,headlinesIter243.csv
2021-12-23,PLD,161.75,63.68049504004598,3.632792595171073,165.88999938964844,1,Voya Jumps on Inclusion in S&amp;P MidCap 400 Index,headlinesIter244.csv
2021-12-27,PLD,165.88999938964844,70.16465448806292,3.63809847273934,165.7899932861328,0,2 Under-the-Radar Infrastructure Stocks to Buy in 2022 and Beyond,headlinesIter245.csv
2021-12-28,PLD,165.7899932861328,69.840291924551,3.6626691187753657,167.67999267578125,1,"T. Rowe Price U.S. Large-Cap Core Fund, Inc. ...",headlinesIter246.csv
2021-12-29,PLD,167.67999267578125,72.43391720268207,3.7198323872126906,167.97000122070312,1,American Tower (AMT) Closes Acquisition of CoreSite Realty,headlinesIter247.csv
2021-12-30,PLD,167.97000122070312,72.82016036176083,3.790576153458653,168.36000061035156,1,Want to Retire Early? Buy American Tower,headlinesIter248.csv
2022-01-03,PLD,164.89999389648438,61.646687196006,3.870489589051367,161.0,0,American Tower Corporation to Present at Citi’s AppsEconomy Conference,headlinesIter249.csv
2022-01-04,PLD,161.0,51.63786662329778,3.764288982211008,157.64999389648438,0,"Modus Advisors, LLC Buys Boeing Co, The Toro Co, Prologis Inc, Sells Penn National Gaming Inc, ...",headlinesIter250.csv
2022-01-05,PLD,157.64999389648438,44.895095549088495,3.5308123962956937,156.57000732421875,0,"Market check: Stocks mixed, tech losses accelerate, energy gains",headlinesIter251.csv
2022-01-06,PLD,156.57000732421875,42.94807185960381,3.2045229302169216,153.72999572753906,0,CoreSite Announces New Senior Leadership Team,headlinesIter252.csv
2022-01-07,PLD,153.72999572753906,38.25028362236748,2.784550299620512,153.02000427246094,0,3 Real Estate Stocks to Buy in January,headlinesIter253.csv
2022-01-10,PLD,153.02000427246094,37.156081962791816,2.3102004833288268,152.99000549316406,0,"Indiana Trust &amp; Investment Management CO Buys Technology Select Sector SPDR ETF, ...",headlinesIter254.csv
2022-01-11,PLD,152.99000549316406,37.10778021683785,1.820890274490369,153.24000549316406,1,Wall Street War: A Tale of Two Cell Tower Analysts,headlinesIter255.csv
2022-01-12,PLD,153.24000549316406,37.83307311604908,1.3476920578534606,153.14999389648438,0,"Town &amp; Country Bank &amp; Trust CO dba First Bankers T Buys Danaher Corp, iShares Core 1-5 ...",headlinesIter256.csv
2022-01-13,PLD,153.14999389648438,37.6646531347943,0.9048906129623356,152.74000549316406,0,American Tower (AMT) Dips More Than Broader Markets: What You Should Know,headlinesIter257.csv
2022-01-14,PLD,152.74000549316406,36.85977076358933,0.4957501048834805,153.42999267578125,1,"HighTower Trust Services, LTA Buys Amazon. ...",headlinesIter258.csv
2022-01-18,PLD,153.42999267578125,39.21403858776671,0.139033869129693,153.58999633789062,1,"HighTower Trust Services, LTA Buys Amazon. ...",headlinesIter259.csv
2022-01-19,PLD,153.58999633789062,39.77482996920092,-0.1638883151657104,154.13999938964844,1,"Cerro Pacific Wealth Advisors LLC Buys JPMorgan Short Duration Core Plus ETF, Simon Property ...",headlinesIter260.csv
2022-01-20,PLD,154.13999938964844,41.76372334296159,-0.4080652366296107,155.42999267578125,1,CoreSite Partners with Zenlayer to Empower Enterprises to Reach Global Markets on CoreSite’s Open Cloud Exchange®,headlinesIter261.csv
2022-01-21,PLD,155.42999267578125,46.24745422467236,-0.581110455046462,153.30999755859375,0,CoreSite Partners with Zenlayer to Empower Enterprises to Reach Global Markets on CoreSite’s Open Cloud Exchange®,headlinesIter262.csv
2022-01-24,PLD,153.30999755859375,40.70136327343153,-0.7329991993977603,153.9600067138672,1,"Presima Inc. Buys American Tower Corp, Realty Income Corp, Kite Realty Group Trust, Sells ...",headlinesIter263.csv
2022-01-25,PLD,153.9600067138672,42.960007922492366,-0.8516240468273113,151.72000122070312,0,"Lederer &amp; Associates Investment Counsel Buys Live Nation Entertainment Inc, Honeywell ...",headlinesIter264.csv
2022-01-26,PLD,151.72000122070312,37.63941150548168,-0.976978173484122,148.61000061035156,0,"Alera Investment Advisors, LLC Buys iShares MSCI EAFE Small-Cap ETF, Vanguard Tax-Exempt Bond ...",headlinesIter265.csv
2022-01-27,PLD,148.61000061035156,31.758415716213907,-1.1473703240118551,155.07000732421875,1,"Plimoth Trust Co Llc Buys iShares MSCI Intl Quality Factor ETF, The Walt Disney Co, Activision ...",headlinesIter266.csv
2022-01-28,PLD,155.07000732421875,49.43249347881044,-1.2313784740410845,156.82000732421875,1,"Stevens Capital Management Lp Buys VanEck Gold Miners ETF, Boeing Co, Financial Select Sector ...",headlinesIter267.csv
2022-01-31,PLD,156.82000732421875,52.98484014046084,-1.2261121715078087,153.52000427246094,0,"D.a. Davidson &amp; Co. Buys Vanguard Short-Term Corporate Bond ETF, SPDR SSgA Multi-Asset Real ...",headlinesIter268.csv
2022-02-01,PLD,153.52000427246094,46.36969980491337,-1.2150215036055791,157.3300018310547,1,CoreSite Doubles Down on Digitizing and Innovating Customer Experience,headlinesIter269.csv
2022-02-02,PLD,157.3300018310547,53.57618213988646,-1.1373060618492803,156.44000244140625,0,"Were Expert Investors Right About The Goldman Sachs Group, Inc. (GS)?",headlinesIter270.csv
2022-02-03,PLD,156.44000244140625,51.82433374035482,-1.0335127443464676,153.49000549316406,0,"Regency Capital Management Inc.DE Buys Vanguard Value ETF, Dominion Energy Inc, Honeywell ...",headlinesIter271.csv
2022-02-04,PLD,153.49000549316406,46.407679070207394,-0.9635252305259828,152.0500030517578,0,"Abbrea Capital, LLC Buys Vanguard Short-Term Corporate Bond ETF, JPMorgan Ultra-Short Municipal ...",headlinesIter272.csv
2022-02-07,PLD,152.0500030517578,43.9906380157432,-0.9391737296737702,151.19000244140625,0,"Waverton Investment Management Ltd Buys Alphabet Inc, Qualcomm Inc, Thermo Fisher Scientific ...",headlinesIter273.csv
2022-02-08,PLD,151.19000244140625,42.56481651923282,-0.9562827841005584,155.3699951171875,1,"Nichols &amp; Pratt Advisers Llp  Buys Global Payments Inc, Terminix Global Holdings Inc, Adobe ...",headlinesIter274.csv
2022-02-09,PLD,155.3699951171875,50.89561481994964,-0.9296127227104588,148.42999267578125,0,Why American Tower Fell 14% in January,headlinesIter275.csv
2022-02-10,PLD,148.42999267578125,40.4143634717139,-0.9855057585954852,146.30999755859375,0,4 of the Safest Dividend Stocks to Help You Crush Inflation,headlinesIter276.csv
2022-02-11,PLD,146.30999755859375,37.85011616349676,-1.1217948559893942,145.33999633789062,0,4 of the Safest Dividend Stocks to Help You Crush Inflation,headlinesIter277.csv
2022-02-14,PLD,145.33999633789062,36.70264025618373,-1.314249153072906,145.6199951171875,1,7 Best Stocks to Buy to Protect Your Portfolio From the Possibility of 5+ Rate Hikes,headlinesIter278.csv
2022-02-15,PLD,145.6199951171875,37.29359847712929,-1.5243552802956104,144.3800048828125,0,American Tower Corporation -- Moody's announces completion of a periodic review of ratings of American Tower Corporation,headlinesIter279.csv
2022-02-16,PLD,144.3800048828125,35.70383379036892,-1.750820128253322,143.27999877929688,0,Host Hotels (HST) Tops Q4 FFO and Revenue Estimates,headlinesIter280.csv
2022-02-17,PLD,143.27999877929688,34.306696856442635,-1.9892261256023844,142.5500030517578,0,7 Real Asset Stocks to Buy to Protect Against Inflation,headlinesIter281.csv
2022-02-18,PLD,142.5500030517578,33.3733693125656,-2.2297317744859515,142.3699951171875,0,7 Real Asset Stocks to Buy to Protect Against Inflation,headlinesIter282.csv
2022-02-22,PLD,142.3699951171875,33.133990923239466,-2.456735652463933,140.75999450683594,0,What's in Store for American Tower (AMT) This Earnings Season?,headlinesIter283.csv
2022-02-23,PLD,140.75999450683594,30.992756735977505,-2.6834641855472507,143.3300018310547,1,3 Reasons American Tower Turned Out to Be Pandemic-Proof,headlinesIter284.csv
2022-02-24,PLD,143.3300018310547,37.89242193543053,-2.8510155298852053,148.4499969482422,1,American Tower (AMT) Q4 AFFO Misses &amp; Revenues Beat Estimates,headlinesIter285.csv
2022-02-25,PLD,148.4499969482422,48.86214607974726,-2.8845078675566205,145.85000610351562,0,2 Top Dividend Stocks You Can Buy and Hold Forever,headlinesIter286.csv
2022-02-28,PLD,145.85000610351562,44.55821008051216,-2.86712585182812,145.75999450683594,0,2 Top Dividend Stocks You Can Buy and Hold Forever,headlinesIter287.csv
2022-03-01,PLD,145.75999450683594,44.41235940572435,-2.8136692936533727,147.63999938964844,1,CoreSite Secures Data Center Construction Approval in Silicon Valley,headlinesIter288.csv
2022-03-02,PLD,147.63999938964844,48.22434706072308,-2.7039968909018937,149.5800018310547,1,2 REITs To Buy and Hold Forever,headlinesIter289.csv
2022-03-03,PLD,149.5800018310547,51.89066858673488,-2.527724132649418,150.83999633789062,1,CoreSite Enriches Hybrid IT Solutions with IBM Cloud Direct Link Connect on the Open Cloud Exchange®,headlinesIter290.csv
2022-03-04,PLD,150.83999633789062,54.16100946041161,-2.293084400030063,148.91000366210938,0,CoreSite Enriches Hybrid IT Solutions with IBM Cloud Direct Link Connect on the Open Cloud Exchange®,headlinesIter291.csv
2022-03-07,PLD,148.91000366210938,50.24932619910545,-2.0597270838888693,146.99000549316406,0,CoreSite Enriches Hybrid IT Solutions with IBM Cloud Direct Link Connect on the Open Cloud Exchange®,headlinesIter292.csv
2022-03-08,PLD,146.99000549316406,46.64046915592533,-1.8653444524233889,150.47999572753906,1,Global Aerospace and Defense Company Selects CoreSite to Support Its Modern Hybrid IT Strategy,headlinesIter293.csv
2022-03-09,PLD,150.47999572753906,53.21751413334714,-1.6456480037874903,151.0800018310547,1,7 Dividend Stocks to Finance Your Golden Years,headlinesIter294.csv
2022-03-10,PLD,151.0800018310547,54.26131728047552,-1.408278684196294,147.8300018310547,0,Exclusive-Deutsche Telekom launches $20 billion auction of mobile towers,headlinesIter295.csv
2022-03-11,PLD,147.8300018310547,48.01244681575552,-1.2209177433029796,149.1699981689453,1,American Tower (AMT) Gains As Market Dips: What You Should Know,headlinesIter296.csv
2022-03-14,PLD,149.1699981689453,50.541495022841445,-1.0505612780197535,151.83999633789062,1,American Tower (AMT) Gains As Market Dips: What You Should Know,headlinesIter297.csv
2022-03-15,PLD,151.83999633789062,55.21636081525404,-0.8548005529841678,154.57000732421875,1,Like Growth? You'll Love These High-Yield Stocks,headlinesIter298.csv
2022-03-16,PLD,154.57000732421875,59.438039849790805,-0.6078750365790953,156.66000366210938,1,Like Growth? You'll Love These High-Yield Stocks,headlinesIter299.csv
2022-03-17,PLD,156.66000366210938,62.36316679088358,-0.307094522678625,160.16000366210938,1,Like Growth? You'll Love These High-Yield Stocks,headlinesIter300.csv
2022-03-18,PLD,160.16000366210938,66.6947413749129,0.0682142351288576,158.9199981689453,0,New Investor? These Real Estate Stocks Should Be on Your Shopping List,headlinesIter301.csv
2022-03-21,PLD,158.9199981689453,63.889300603013176,0.4506225096487765,158.6699981689453,0,American Tower (AMT) Dips More Than Broader Markets: What You Should Know,headlinesIter302.csv
2022-03-22,PLD,158.6699981689453,63.31108428220619,0.8124184862138484,157.22999572753906,0,"CoreSite Implements Modern, Energy-Efficient Cooling System in Its Boston Data Center",headlinesIter303.csv
2022-03-23,PLD,157.22999572753906,59.94574777200613,1.117503066825331,155.88999938964844,0,"CoreSite Implements Modern, Energy-Efficient Cooling System in Its Boston Data Center",headlinesIter304.csv
2022-03-24,PLD,155.88999938964844,56.914000963561406,1.3471231308023697,157.3300018310547,1,"CoreSite Implements Modern, Energy-Efficient Cooling System in Its Boston Data Center",headlinesIter305.csv
2022-03-25,PLD,157.3300018310547,59.29638530478245,1.5373104663762118,160.35000610351562,1,"CoreSite Implements Modern, Energy-Efficient Cooling System in Its Boston Data Center",headlinesIter306.csv
2022-03-28,PLD,160.35000610351562,63.81525841271895,1.7374907601535254,164.6999969482422,1,American Tower (AMT) Outpaces Stock Market Gains: What You Should Know,headlinesIter307.csv
2022-03-29,PLD,164.6999969482422,69.13122279986642,1.9988821351889827,164.13999938964844,0,American Tower Corporation Prices Senior Notes Offering,headlinesIter308.csv
2022-03-30,PLD,164.13999938964844,67.75129407133107,2.271446571591569,161.47999572753906,0,American Tower Corporation Prices Senior Notes Offering,headlinesIter309.csv
2022-03-31,PLD,161.47999572753906,61.47423343873529,2.489109897184682,165.8000030517578,1,American Tower Corporation Prices Senior Notes Offering,headlinesIter310.csv
2022-04-01,PLD,165.8000030517578,66.84647329065088,2.724202007760362,163.77999877929688,0,American Tower Corporation Prices Senior Notes Offering,headlinesIter311.csv
2022-04-04,PLD,163.77999877929688,62.46053710884299,2.919457230386133,166.27999877929688,1,"Pieter Nel, new CEO of American Tower Europe",headlinesIter312.csv
2022-04-05,PLD,166.27999877929688,65.47934348848536,3.112739868312181,170.11000061035156,1,"Pieter Nel, new CEO of American Tower Europe",headlinesIter313.csv
2022-04-06,PLD,170.11000061035156,69.52290808750259,3.348664811615662,168.8300018310547,0,"Got $1,000? 2 Unstoppable Real Estate Trends That Could Make You Richer",headlinesIter314.csv
2022-04-07,PLD,168.8300018310547,66.71052203409917,3.5708956330185564,168.64999389648438,0,"With EPS Growth And More, American Tower (NYSE:AMT) Is Interesting",headlinesIter315.csv
2022-04-08,PLD,168.64999389648438,66.304307437074,3.761882822307636,165.72999572753906,0,American Tower (AMT) Gains As Market Dips: What You Should Know,headlinesIter316.csv
2022-04-11,PLD,165.72999572753906,59.929362236332,3.868114286947431,165.3300018310547,0,American Tower Plans First Quarter 2022 Earnings Release and Conference Call,headlinesIter317.csv
2022-04-12,PLD,165.3300018310547,59.091228731357184,3.900455792549945,165.0,0,Deutsche Telekom reviews bids for full or partial sale of mobile towers - sources,headlinesIter318.csv
2022-04-13,PLD,165.0,58.3659898653664,3.870634193938119,162.6999969482422,0,Deutsche Telekom reviews bids for full or partial sale of mobile towers - sources,headlinesIter319.csv
2022-04-14,PLD,162.6999969482422,53.442826838188005,3.757896099720332,163.0,1,"If You Like Dividends, You Should Love These 3 Stocks",headlinesIter320.csv
2022-04-18,PLD,163.0,53.98800365839429,3.5953188377258,169.55999755859375,1,"If You Like Dividends, You Should Love These 3 Stocks",headlinesIter322.csv
2022-04-19,PLD,169.55999755859375,63.933338533609465,3.5064923904542304,172.6699981689453,1,Prologis (PLD) Q1 FFO Surpass Estimates,headlinesIter323.csv
2022-04-20,PLD,172.6699981689453,67.51788425278924,3.5101741921127343,170.77999877929688,0,3 Stocks to Buy During a Recession,headlinesIter324.csv
2022-04-21,PLD,170.77999877929688,63.39439457086543,3.533491132456071,168.72999572753906,0,CoreSite to Explore Connection and Innovation at National Association of Broadcasters NAB Show 2022,headlinesIter325.csv
2022-04-22,PLD,168.72999572753906,59.173079339239386,3.527132542350802,167.72999572753906,0,CoreSite to Explore Connection and Innovation at National Association of Broadcasters NAB Show 2022,headlinesIter326.csv
2022-04-25,PLD,167.72999572753906,57.17312966148771,3.4785137679873026,165.6300048828125,0,What's in Store for American Tower (AMT) This Earnings Season?,headlinesIter327.csv
2022-04-26,PLD,165.6300048828125,53.11336551489636,3.364523441391948,167.6699981689453,1,What's in Store for American Tower (AMT) This Earnings Season?,headlinesIter328.csv
2022-04-27,PLD,167.6699981689453,56.355523311873945,3.2404135255304327,173.00999450683594,1,American Tower Registers 23% Revenue Growth In Q1 Backed By Organic Tenant Billings Growth,headlinesIter329.csv
2022-04-28,PLD,173.00999450683594,63.475331249986624,3.1942778589141065,160.2899932861328,0,City of Hope National Medical Center Selects CoreSite as Its Hybrid IT Provider,headlinesIter330.csv
2022-04-29,PLD,160.2899932861328,44.748984851869245,2.989212853199809,153.1300048828125,0,This REIT Sees Towering Growth Ahead,headlinesIter331.csv
2022-05-02,PLD,153.1300048828125,37.9602746212118,2.5742374092018503,152.36000061035156,0,"Down 17%, Is American Tower Stock Still a Buy?",headlinesIter332.csv
2022-05-03,PLD,152.36000061035156,37.30483201001234,2.0312956913976628,152.27999877929688,0,"Down 17%, Is American Tower Stock Still a Buy?",headlinesIter333.csv
2022-05-04,PLD,152.27999877929688,37.232899757029294,1.4307029780470455,144.97999572753906,0,"Down 17%, Is American Tower Stock Still a Buy?",headlinesIter334.csv
2022-05-05,PLD,144.97999572753906,31.301794765204647,0.7057316533948789,140.8800048828125,0,"Down 17%, Is American Tower Stock Still a Buy?",headlinesIter335.csv
2022-05-06,PLD,140.8800048828125,28.55090516780124,-0.1262150449493837,132.3699951171875,0,"Down 17%, Is American Tower Stock Still a Buy?",headlinesIter336.csv
2022-05-09,PLD,132.3699951171875,23.863162393957037,-1.117084380371336,125.41000366210938,0,Hedge Funds Love These 2 REITs,headlinesIter337.csv
2022-05-10,PLD,125.41000366210938,20.8482370697885,-2.2641168754214034,123.73999786376952,0,Better Buy: Crown Castle or American Tower?,headlinesIter338.csv
2022-05-11,PLD,123.73999786376952,20.1891238957912,-3.470383661581528,123.93000030517578,1,CoreSite’s Open Cloud Exchange® Platform Accelerates Digital Business Success for All,headlinesIter339.csv
2022-05-12,PLD,123.93000030517578,20.49708763151456,-4.639601771324912,128.35000610351562,1,American Tower Corporation to Present at the 9th Annual MoffettNathanson Media &amp; Communications Summit,headlinesIter340.csv
2022-05-13,PLD,128.35000610351562,27.50507700910669,-5.643212941128917,125.25,0,American Tower Corporation to Present at the 9th Annual MoffettNathanson Media &amp; Communications Summit,headlinesIter341.csv
2022-05-16,PLD,125.25,25.78813834261245,-6.52701069644781,125.9000015258789,1,Why American Tower Corporation (NYSE:AMT) Looks Like A Quality Company,headlinesIter342.csv
2022-05-17,PLD,125.9000015258789,26.81964711576576,-7.264134813628033,119.52999877929688,0,American Tower Corporation Announces Participation in Upcoming Investor Conferences,headlinesIter343.csv
2022-05-18,PLD,119.52999877929688,23.38868907347972,-7.955758712527159,119.72000122070312,1,3 Dividend-Paying Tech Stocks to Buy in May,headlinesIter344.csv
2022-05-19,PLD,119.72000122070312,23.70221864026061,-8.56144372708588,119.72000122070312,0,CoreSite and American Tower Executives to be Featured at Connect (X) 2022,headlinesIter345.csv
2022-05-20,PLD,119.72000122070312,23.702218640260615,-9.061999642486654,120.4800033569336,1,American Tower (AMT) Cheers Investors With 2% Dividend Hike,headlinesIter346.csv
2022-05-23,PLD,120.4800033569336,25.123744371283248,-9.437643186562635,120.08000183105467,0,American Tower Corporation Joins the United Nations Global Compact and Adopts the United Nations Women’s Empowerment Principles,headlinesIter347.csv
2022-05-24,PLD,120.08000183105467,24.86120376290146,-9.700173713810184,120.02999877929688,0,American Tower Corporation Joins the United Nations Global Compact and Adopts the United Nations Women’s Empowerment Principles,headlinesIter348.csv
2022-05-25,PLD,120.02999877929688,24.82627821037718,-9.856734020873075,122.36000061035156,1,American Tower Corp Shows Rising Price Performance With Jump To 88 RS Rating,headlinesIter349.csv
2022-05-26,PLD,122.36000061035156,29.77674896094829,-9.87902778787561,127.26000213623048,1,American Tower Corp Shows Rising Price Performance With Jump To 88 RS Rating,headlinesIter350.csv
2022-05-27,PLD,127.26000213623048,38.890804105158864,-9.715304247466898,127.4800033569336,1,American Tower Corp Shows Rising Price Performance With Jump To 88 RS Rating,headlinesIter351.csv
2022-05-31,PLD,127.4800033569336,39.27189974012648,-9.417918186485917,125.86000061035156,0,American Tower Corp Shows Rising Price Performance With Jump To 88 RS Rating,headlinesIter352.csv
2022-06-01,PLD,125.86000061035156,37.421262957797765,-9.056725372877647,129.5399932861328,1,Why Is Outfront Media (OUT) Down 14.7% Since Last Earnings Report?,headlinesIter353.csv
2022-06-02,PLD,129.5399932861328,43.88967865186131,-8.59511980402639,127.58000183105467,0,American Tower plans to shop for minority investor for U.S. data center business,headlinesIter354.csv
2022-06-03,PLD,127.58000183105467,41.43320791708209,-8.106456094487445,127.87000274658205,1,3 REITs That Could Help Make You a Fortune,headlinesIter355.csv
2022-06-06,PLD,127.87000274658205,41.950903586113085,-7.603346377260985,129.67999267578125,1,3 REITs That Could Help Make You a Fortune,headlinesIter356.csv
2022-06-07,PLD,129.67999267578125,45.20638005764789,-7.071349128411704,124.7699966430664,0,CoreSite Expands into Atlanta and Orlando Data Center Markets,headlinesIter357.csv
2022-06-08,PLD,124.7699966430664,38.842576150598624,-6.611352993244131,122.16999816894533,0,Jim Cramer is Recommending These 10 Stocks in June,headlinesIter358.csv
2022-06-09,PLD,122.16999816894533,35.95611046917591,-6.247012365078104,117.23999786376952,0,Jim Cramer is Recommending These 10 Stocks in June,headlinesIter359.csv
2022-06-10,PLD,117.23999786376952,31.21878800627972,-6.026143164021811,108.43000030517578,0,This is Why  American Tower (AMT) is a Great Dividend Stock,headlinesIter360.csv
2022-06-13,PLD,108.43000030517578,24.904184436612088,-6.033600968835842,110.66000366210938,1,16 Best Beginner Stocks To Invest In Right Now,headlinesIter361.csv
2022-06-14,PLD,110.66000366210938,28.82838576449106,-6.134448568832201,115.08999633789062,1,10 Best REIT ETFs to Buy Now,headlinesIter362.csv
2022-06-15,PLD,115.08999633789062,35.98487933401005,-6.203884890369126,111.79000091552734,0,10 Best REIT ETFs to Buy Now,headlinesIter363.csv
2022-06-16,PLD,111.79000091552734,33.29881013397778,-6.288502855426235,110.36000061035156,0,10 Best REIT ETFs to Buy Now,headlinesIter364.csv
2022-06-17,PLD,110.36000061035156,32.17792113869801,-6.386682616614491,112.36000061035156,1,American Tower (AMT) Outpaces Stock Market Gains: What You Should Know,headlinesIter365.csv
2022-06-21,PLD,112.36000061035156,35.45060901911074,-6.441750530081085,115.45999908447266,1,Global REIT American Tower Is Poised for a Rally,headlinesIter366.csv
2022-06-22,PLD,115.45999908447266,40.26230438763748,-6.402769303987297,118.23999786376952,1,7 REITs to Buy for a Profitable Summer,headlinesIter367.csv
2022-06-23,PLD,118.23999786376952,44.27403171609362,-6.247936896268409,122.58999633789062,1,"Got $1,000? 2 Unstoppable Real Estate Trends That Could Make You Richer",headlinesIter368.csv
2022-06-24,PLD,122.58999633789062,49.93916595309759,-5.944965785906822,120.20999908447266,0,2 REITs That Are Outperforming the S&amp;P 500,headlinesIter369.csv
2022-06-27,PLD,120.20999908447266,47.11687922434695,-5.589448139475932,118.95999908447266,0,American Tower (AMT) is a Top Dividend Stock Right Now: Should You Buy?,headlinesIter370.csv
2022-06-28,PLD,118.95999908447266,45.65742817261388,-5.226835701727383,118.30999755859376,0,3 REITs You'll Want to Own in a Market Correction,headlinesIter371.csv
2022-06-29,PLD,118.30999755859376,44.878952976943765,-4.877242508275778,117.6500015258789,0,Looking for Stocks with Positive Earnings Momentum? Check Out These 2 Basic Materials Names,headlinesIter372.csv
2022-06-30,PLD,117.6500015258789,44.05753322011214,-4.553549406794028,120.02999877929688,1,These 2 REITs Will Take Your Portfolio to New Heights,headlinesIter373.csv
2022-07-01,PLD,120.02999877929688,47.76999754148664,-4.214708582110161,121.43000030517578,1,American Tower (AMT) Outpaces Stock Market Gains: What You Should Know,headlinesIter374.csv
2022-07-05,PLD,121.43000030517578,49.87713701112516,-3.852193673834008,121.45999908447266,1,7 Best Large-Cap Stocks to Buy in July 2022,headlinesIter375.csv
2022-07-06,PLD,121.45999908447266,49.92375620270659,-3.484585397520387,122.56999969482422,1,Top 10 Stocks to Buy in 2022 According to Motley Fool’s 1623 Capital,headlinesIter376.csv
2022-07-07,PLD,122.56999969482422,51.71337303417207,-3.107403843656746,121.58000183105467,0,2 Unstoppable REITs to Buy in July,headlinesIter377.csv
2022-07-08,PLD,121.58000183105467,49.997166978258775,-2.7527068609961547,121.77999877929688,1,American Tower Plans Second Quarter 2022 Earnings Release and Conference Call,headlinesIter378.csv
2022-07-11,PLD,121.77999877929688,50.35560214003135,-2.421231763653718,120.91000366210938,0,American Tower Partners With Stonepeak in U.S. Data Center Business,headlinesIter379.csv
2022-07-12,PLD,120.91000366210938,48.71954907687476,-2.130049953509066,120.76000213623048,0,10 Best Data Center Stocks To Invest In,headlinesIter380.csv
2022-07-13,PLD,120.76000213623048,48.42740015276875,-1.876925798841021,118.12999725341795,0,Why American Tower (AMT) is a Top Dividend Stock for Your Portfolio,headlinesIter381.csv
2022-07-14,PLD,118.12999725341795,43.501854344453264,-1.6986069300858584,121.01000213623048,1,RevBase Makes Managing Brand Assets Easy Leveraging CoreSite’s Colocation Solution,headlinesIter382.csv
2022-07-15,PLD,121.01000213623048,49.55277977860446,-1.526702070442124,119.1999969482422,0,Investors in American Tower (NYSE:AMT) have made a stellar return of 108% over the past five years,headlinesIter383.csv
2022-07-18,PLD,119.1999969482422,46.2036270280484,-1.3932268370614629,125.11000061035156,1,This REIT Has Delivered Towering Dividend Growth,headlinesIter384.csv
2022-07-19,PLD,125.11000061035156,56.533869714604855,-1.193369438708206,124.56999969482422,0,"CoreSite and CIO Release 2022 State of the Data Center Report Finding Colocation Serves as the Interconnection Hub of Choice in a Hybrid, Multicloud Landscape",headlinesIter385.csv
2022-07-20,PLD,124.56999969482422,55.48546684137814,-0.9682773093341976,125.68000030517578,1,Should You Consider Acquiring American Tower (AMT) Shares?,headlinesIter386.csv
2022-07-21,PLD,125.68000030517578,57.24081129010696,-0.7192519295057136,126.9000015258789,1,2 REITs That Are Way More Resilient Than Tech Stocks,headlinesIter387.csv
2022-07-22,PLD,126.9000015258789,59.14758851400893,-0.4471762462849742,127.51000213623048,1,American Tower (AMT) Gains As Market Dips: What You Should Know,headlinesIter388.csv
2022-07-25,PLD,127.51000213623048,60.105527641051424,-0.164164327765001,127.58999633789062,1,American Tower (AMT) to Report Q2 Earnings: What's in Store?,headlinesIter389.csv
2022-07-26,PLD,127.58999633789062,60.2372046778181,0.1125166832238416,127.38999938964844,0,10 Dividend Paying REIT Stocks To Buy Now,headlinesIter390.csv
2022-07-27,PLD,127.38999938964844,59.70660226531128,0.3672782454497822,132.39999389648438,1,What's in Store for W. P. Carey (WPC) This Earnings Season?,headlinesIter391.csv
2022-07-28,PLD,132.39999389648438,67.44312327838065,0.6740405346532898,132.55999755859375,1,10 Stocks to Buy According to William Von Mueffling’s Cantillon Capital Management,headlinesIter392.csv
2022-07-29,PLD,132.55999755859375,67.65670957015716,0.998331376260816,130.97999572753906,0,Why American Tower (AMT) is a Great Dividend Stock Right Now,headlinesIter393.csv
2022-08-01,PLD,130.97999572753906,63.24440861269464,1.2891255075788572,129.3699951171875,0,This Fast-Growing Dividend Stock Has Lofty International Growth Ambitions,headlinesIter394.csv
2022-08-02,PLD,129.3699951171875,59.02053848488313,1.5150558437288892,130.72000122070312,1,This Fast-Growing Dividend Stock Has Lofty International Growth Ambitions,headlinesIter395.csv
2022-08-03,PLD,130.72000122070312,61.35140045862366,1.7065726083193238,130.75,1,American Tower Corporation Announces Participation in Upcoming August Investor Conferences,headlinesIter396.csv
2022-08-04,PLD,130.75,61.40393511205063,1.8630689765161184,131.38999938964844,1,"Lamar (LAMR) Q2 AFFO &amp; Revenues Beat Estimates, Stock Up",headlinesIter397.csv
2022-08-05,PLD,131.38999938964844,62.57278902630371,1.9953759459077731,131.22000122070312,0,1 Ultra-Safe Dividend Growth Stock I Just Bought,headlinesIter398.csv
2022-08-08,PLD,131.22000122070312,62.03537869327205,2.098325631889863,132.89999389648438,1,7 Undervalued Telecom Stocks to Buy Now,headlinesIter399.csv
2022-08-09,PLD,132.89999389648438,65.21489895506814,2.199498742107533,134.41000366210938,1,American Tower Corporation (AMT)’s Shares Outperformed in Recession,headlinesIter400.csv
2022-08-10,PLD,134.41000366210938,67.82333728784846,2.3133328887857063,134.22999572753906,0,IBD 50 Stocks To Watch: American Tower In Buy Range Following Breakout,headlinesIter401.csv
2022-08-11,PLD,134.22999572753906,67.17663834969436,2.420990878705502,137.24000549316406,1,The 7 Best Real Estate Stocks to Buy Now,headlinesIter402.csv
2022-08-12,PLD,137.24000549316406,71.98667694410025,2.561639183392162,138.3800048828125,1,Should You Buy American Tower Now or Wait?,headlinesIter403.csv
2022-08-15,PLD,138.3800048828125,73.56661370300093,2.727941692289058,137.11000061035156,0,Are You Looking for a High-Growth Dividend Stock?,headlinesIter404.csv
2022-08-16,PLD,137.11000061035156,68.90424817761846,2.8751261997128386,137.38999938964844,1,Are You Looking for a High-Growth Dividend Stock?,headlinesIter405.csv
2022-08-17,PLD,137.38999938964844,69.36522165112389,3.0005264819047346,136.6300048828125,0,Storage Stock Making Space For New Breakout Move,headlinesIter406.csv
2022-08-18,PLD,136.6300048828125,66.48429030360748,3.086735068463724,134.0800018310547,0,3 Unique REIT Archetypes You Need In Your Portfolio,headlinesIter407.csv
2022-08-19,PLD,134.0800018310547,57.80869601347432,3.096140759932859,130.94000244140625,0,3 Unique REIT Archetypes You Need In Your Portfolio,headlinesIter408.csv
2022-08-22,PLD,130.94000244140625,49.28097413623355,2.999761235354192,128.4600067138672,0,3 Unique REIT Archetypes You Need In Your Portfolio,headlinesIter409.csv
2022-08-23,PLD,128.4600067138672,43.78694955813325,2.7957260146479705,131.1199951171875,1,Adela Technologies Strengthens Managed Security Services Leveraging CoreSite’s Hybrid IT Solutions,headlinesIter410.csv
2022-08-24,PLD,131.1199951171875,50.19986257393671,2.5709766889839405,132.77999877929688,1,Here’s What Makes American Tower (AMT) a Great Investment Pick,headlinesIter411.csv
2022-08-25,PLD,132.77999877929688,53.746196549488666,2.365650507645052,128.35000610351562,0,Here’s What Makes American Tower (AMT) a Great Investment Pick,headlinesIter412.csv
2022-08-26,PLD,128.35000610351562,44.61533259738293,2.107192172738293,127.29000091552734,0,Here’s What Makes American Tower (AMT) a Great Investment Pick,headlinesIter413.csv
2022-08-29,PLD,127.29000091552734,42.74409089883309,1.807265965428194,125.6500015258789,0,Here’s What Makes American Tower (AMT) a Great Investment Pick,headlinesIter414.csv
2022-08-30,PLD,125.6500015258789,39.95214960581108,1.4667867693186512,124.51000213623048,0,2 Monster Stocks to Buy Hand Over Fist and 1 to Avoid Like the Plague,headlinesIter415.csv
2022-08-31,PLD,124.51000213623048,38.08970476430294,1.0972070993488603,124.3000030517578,0,American Tower (AMT) Could Be a Great Choice,headlinesIter416.csv
2022-09-01,PLD,124.3000030517578,37.7406846085285,0.7229106234692806,121.88999938964844,0,"American Tower (AMT), Verizon Secure Long-Term Lease Deal",headlinesIter417.csv
2022-09-02,PLD,121.88999938964844,33.90143802458272,0.3251811243687358,123.8000030517578,1,"American Tower (AMT), Verizon Secure Long-Term Lease Deal",headlinesIter418.csv
2022-09-06,PLD,123.8000030517578,39.18188145295747,-0.0366542628139858,126.62999725341795,1,"Top Analyst Reports for Visa, Broadcom &amp; Medtronic",headlinesIter419.csv
2022-09-07,PLD,126.62999725341795,46.05797333790452,-0.3117894600091516,127.91000366210938,1,Is American Tower (AMT) a Solid Pick for Your Portfolio Now?,headlinesIter420.csv
2022-09-08,PLD,127.91000366210938,48.873539271002194,-0.4970272301891298,129.6300048828125,1,American Tower Corporation Announces Participation in Upcoming Investor Conferences,headlinesIter421.csv
2022-09-09,PLD,129.6300048828125,52.464093705824,-0.5876341242017536,130.1999969482422,1,IHS Is a Play on Emerging Market Cellphones. Why the Stock Looks Like a Buy.,headlinesIter422.csv
2022-09-12,PLD,130.1999969482422,53.626375839961874,-0.6037452276946662,125.08000183105467,0,American Tower (AMT) Outpaces Stock Market Gains: What You Should Know,headlinesIter423.csv
2022-09-13,PLD,125.08000183105467,43.36864962048128,-0.6526297165308474,121.08000183105467,0,American Tower (AMT) Outpaces Stock Market Gains: What You Should Know,headlinesIter424.csv
2022-09-14,PLD,121.08000183105467,37.35668860148117,-0.7818235113718979,116.22000122070312,0,Do American Tower's (NYSE:AMT) Earnings Warrant Your Attention?,headlinesIter425.csv
2022-09-15,PLD,116.22000122070312,31.62109717348858,-1.03033760850602,113.66999816894533,0,3 Stocks to Add to Your Portfolio in a Market Pullback,headlinesIter426.csv
2022-09-16,PLD,113.66999816894533,29.0967805187413,-1.3789473014243214,112.8000030517578,0,Is it a Good Choice to Invest in American Tower (AMT)?,headlinesIter427.csv
2022-09-19,PLD,112.8000030517578,28.267660199895595,-1.7827576425988407,110.93000030517578,0,American Tower's (NYSE:AMT) five-year total shareholder returns outpace the underlying earnings growth,headlinesIter428.csv
2022-09-20,PLD,110.93000030517578,26.51849206250469,-2.225769811709363,108.5500030517578,0,American Tower's (NYSE:AMT) five-year total shareholder returns outpace the underlying earnings growth,headlinesIter429.csv
