date,symbol,close,rsi,26-Day EMA,NextDayClose,Diff,Titles,filename
2021-01-05,NVDA,134.04750061035156,55.12490556973096,-0.5750569513839356,126.1449966430664,0,Semiconductor Market on Growth Trajectory: 4 Strong Buys,headlinesIter1.csv
2021-01-06,NVDA,126.1449966430664,39.20843359588721,-0.6268271517150655,133.44000244140625,1,Semiconductor Market on Growth Trajectory: 4 Strong Buys,headlinesIter2.csv
2021-01-07,NVDA,133.44000244140625,52.7664253867835,-0.6131164973863205,132.7675018310547,0,Semiconductor Market on Growth Trajectory: 4 Strong Buys,headlinesIter3.csv
2021-01-08,NVDA,132.7675018310547,51.62341419864248,-0.56841438503631,136.21499633789062,1,"The Best Mutual Funds Bet These Tech Stocks, IPOs Will Keep Running",headlinesIter4.csv
2021-01-11,NVDA,136.21499633789062,56.79073335143519,-0.4503324930744816,134.84750366210938,0,"NIO stock hits record highs after unveiling new Sedan, powerful battery pack",headlinesIter5.csv
2021-01-12,NVDA,134.84750366210938,54.312533958638696,-0.3132387728716633,135.3175048828125,1,NVIDIA Ampere Architecture Powers Record 70+ New GeForce RTX Laptops,headlinesIter6.csv
2021-01-13,NVDA,135.3175048828125,55.03873349281952,-0.1632029568981292,132.00250244140625,0,3 Hot IPO Stocks to Buy in January,headlinesIter7.csv
2021-01-14,NVDA,132.00250244140625,49.10955598917221,-0.0654373667101058,128.59500122070312,0,Why Nvidia Is My “Slam Dunk” Investment For The Decade,headlinesIter8.csv
2021-01-15,NVDA,128.59500122070312,43.87715163791036,-0.0597743220344446,130.25250244140625,1,Hot DWS Fund Defends Apple's Sluggish Sales Growth,headlinesIter9.csv
2021-01-19,NVDA,130.25250244140625,46.84396605545829,-0.0855555330316819,133.65750122070312,1,Global Semiconductor Revenues Rebound in 2020: 5 Winners,headlinesIter10.csv
2021-01-20,NVDA,133.65750122070312,52.40963648000593,-0.0751741354112608,138.6750030517578,1,Global Semiconductor Revenues Rebound in 2020: 5 Winners,headlinesIter11.csv
2021-01-21,NVDA,138.6750030517578,59.19045245033951,0.0375517230123069,137.125,0,ARK ETFs Might Be Too Popular for Their Own Good,headlinesIter12.csv
2021-01-22,NVDA,137.125,56.51170928431446,0.1837008495653495,136.53250122070312,0,ARK ETFs Might Be Too Popular for Their Own Good,headlinesIter13.csv
2021-01-25,NVDA,136.53250122070312,55.47813695305221,0.3332659909793463,134.3524932861328,0,ARK ETFs Might Be Too Popular for Their Own Good,headlinesIter14.csv
2021-01-26,NVDA,134.3524932861328,51.72931788043263,0.4415914384930977,129.17750549316406,0,ARK ETFs Might Be Too Popular for Their Own Good,headlinesIter15.csv
2021-01-27,NVDA,129.17750549316406,44.10955842742465,0.4348196618366892,130.50999450683594,1,ARK ETFs Might Be Too Popular for Their Own Good,headlinesIter16.csv
2021-01-28,NVDA,130.50999450683594,46.30284207350034,0.3765302046108655,129.8975067138672,0,ARK ETFs Might Be Too Popular for Their Own Good,headlinesIter17.csv
2021-01-29,NVDA,129.8975067138672,45.42051860279154,0.278376019417436,132.3699951171875,1,"The Zacks Analyst Blog Highlights: NVIDIA, Verizon, AstraZeneca, Micron Technology and Anthem",headlinesIter18.csv
2021-02-01,NVDA,132.3699951171875,49.596001261591255,0.1991934327930833,135.5675048828125,1,"The Zacks Analyst Blog Highlights: NVIDIA, Verizon, AstraZeneca, Micron Technology and Anthem",headlinesIter19.csv
2021-02-02,NVDA,135.5675048828125,54.44927586321201,0.1866131573378162,135.30499267578125,0,Own Today's Leading Growth Stocks With The Innovator IBD 50 ETF,headlinesIter20.csv
2021-02-03,NVDA,135.30499267578125,53.98965185395557,0.2118238409718111,136.6425018310547,1,NVIDIA Sets Conference Call for Fourth-Quarter Financial Results,headlinesIter21.csv
2021-02-04,NVDA,136.6425018310547,56.02638760191435,0.2802559679605799,135.91000366210938,0,Billionaire Ken Griffin’s Top 10 Stock Holdings,headlinesIter22.csv
2021-02-05,NVDA,135.91000366210938,54.60086805385732,0.3598657926160018,144.3874969482422,1,Billionaire Ken Griffin’s Top 10 Stock Holdings,headlinesIter23.csv
2021-02-08,NVDA,144.3874969482422,65.53156235708728,0.576741550266453,142.63250732421875,0,"Nvidia, Semiconductor Stocks Climb on Dialog Deal, Chip Shortage",headlinesIter24.csv
2021-02-09,NVDA,142.63250732421875,62.1931897143573,0.8389696047356878,147.6425018310547,1,"Marvell Technology Shows Rising Relative Strength, Rising To 81",headlinesIter25.csv
2021-02-10,NVDA,147.6425018310547,67.3125196021621,1.1938965271604558,152.50750732421875,1,"Marvell Technology Shows Rising Relative Strength, Rising To 81",headlinesIter26.csv
2021-02-11,NVDA,152.50750732421875,71.36704493773895,1.6632166379544298,149.6125030517578,0,Screen Of The Day: Cooking Your Own List Of Leading Stocks,headlinesIter27.csv
2021-02-12,NVDA,149.6125030517578,66.11185437393691,2.1296547378266744,153.30250549316406,1,Screen Of The Day: Cooking Your Own List Of Leading Stocks,headlinesIter28.csv
2021-02-16,NVDA,153.30250549316406,69.22273213839046,2.623852913029922,149.05999755859375,0,These 3 Unstoppable Stocks Could Make You Richer in 2021 and Beyond,headlinesIter29.csv
2021-02-17,NVDA,149.05999755859375,62.15774923583049,3.0358768528629816,148.2899932861328,0,NVIDIA Announces Upcoming Events for Financial Community,headlinesIter30.csv
2021-02-18,NVDA,148.2899932861328,60.94202681065227,3.355592252290226,149.26499938964844,1,"How To Read Stock Charts: 3 Clues To Look For In Amazon, Nvidia, Netflix",headlinesIter31.csv
2021-02-19,NVDA,149.26499938964844,61.95667730578482,3.608598016786172,143.5574951171875,0,7 Blockchain Stocks to Buy to Go Beyond Crypto,headlinesIter32.csv
2021-02-22,NVDA,143.5574951171875,53.237974281404775,3.707243872191461,141.4199981689453,0,"With Earnings Due, IBD 50 Stock With 107% Growth Steps Up To Buy Zone",headlinesIter33.csv
2021-02-23,NVDA,141.4199981689453,50.37870718757953,3.6614166741856016,144.99000549316406,1,Tech Stocks Likely to Be in Focus Over the Weeks Ahead,headlinesIter34.csv
2021-02-24,NVDA,144.99000549316406,54.74990982971104,3.5760511752371023,133.0749969482422,0,"Earnings Scheduled For February 24, 2021",headlinesIter35.csv
2021-02-25,NVDA,133.0749969482422,41.58358126870065,3.272131289341364,137.14500427246094,1,Nvidia’s Earnings Were Expected to Be Good. They Turned Out Even Better.,headlinesIter36.csv
2021-02-26,NVDA,137.14500427246094,46.33132902351751,2.9046344711272214,138.41749572753906,1,7 Robinhood Stocks to Buy As the Trading Platform Expands,headlinesIter37.csv
2021-03-01,NVDA,138.41749572753906,47.76085847438829,2.5302352623621607,134.0625,0,IBD 50 Growth Stocks Lift This ETF To Nearly 100% Gain Off Coronavirus Lows,headlinesIter38.csv
2021-03-02,NVDA,134.0625,43.49121735525525,2.095888062816379,128.04750061035156,0,A little ‘commodity explosion’ is to be expected: Sarge986 LLC President,headlinesIter39.csv
2021-03-03,NVDA,128.04750061035156,38.38692947539306,1.5459930668819943,123.70249938964844,0,A little ‘commodity explosion’ is to be expected: Sarge986 LLC President,headlinesIter40.csv
2021-03-04,NVDA,123.70249938964844,35.17540184759476,0.8796557673301066,124.61499786376952,1,3 Reasons NVIDIA's Gaming Growth Is Legit,headlinesIter41.csv
2021-03-05,NVDA,124.61499786376952,36.379201818700665,0.187818656829836,115.93250274658205,0,Dow Jones Futures Rise After Fed Chief Powell Triggers Clear Market Break; What You Should Do Now,headlinesIter42.csv
2021-03-08,NVDA,115.93250274658205,30.563358981401613,-0.6226862119529222,125.20249938964844,1,Columbia Mutual Fund Wins With A Daring Focused Approach,headlinesIter43.csv
2021-03-09,NVDA,125.20249938964844,41.344986994341085,-1.3157651179602097,124.68250274658205,0,NVIDIA Unveils AI Enterprise Software Suite to Help Every Industry Unlock the Power of AI,headlinesIter44.csv
2021-03-10,NVDA,124.68250274658205,40.96077628574776,-1.9042087117899071,129.93499755859375,1,5 Top-Ranked Semiconductor Stocks to Buy for Better Returns,headlinesIter45.csv
2021-03-11,NVDA,129.93499755859375,46.38097596110378,-2.3080811696588297,128.55999755859375,0,Is NVIDIA Corp. (NVDA) A Smart Long-Term Buy?,headlinesIter46.csv
2021-03-12,NVDA,128.55999755859375,45.21083304938331,-2.591773091710407,131.91250610351562,1,8 High-Tech Stocks That Are Better Than Bitcoin,headlinesIter47.csv
2021-03-15,NVDA,131.91250610351562,48.61482659796305,-2.725872091908729,132.91250610351562,1,"NVIDIA (NVDA) Rides on Strong Chip Demand, AI Proliferation",headlinesIter48.csv
2021-03-16,NVDA,132.91250610351562,49.6202859528089,-2.737012225768321,133.41250610351562,1,"Achronix CEO Robert Blake On Going Public, Opportunities Ahead",headlinesIter49.csv
2021-03-17,NVDA,133.41250610351562,50.14555913719835,-2.656284727610389,127.2249984741211,0,3 Chip Stocks That Could Benefit From a Crypto Mining Boom,headlinesIter50.csv
2021-03-18,NVDA,127.2249984741211,44.02786716728038,-2.614872106560066,128.45750427246094,1,"The Zacks Analyst Blog Highlights: General Motors, Ford, CarMax and NVIDIA",headlinesIter51.csv
2021-03-19,NVDA,128.45750427246094,45.45533174367833,-2.574648474213588,131.8625030517578,1,"Stock Picks: UPST Stock, Google, Netflix Reveal 7 Telltale Traits Of Top Stocks To Buy",headlinesIter52.csv
2021-03-22,NVDA,131.8625030517578,49.30210085017317,-2.477085754706393,130.70750427246094,0,Buy These 4 Semiconductor Stocks on Higher Data Center Demand,headlinesIter53.csv
2021-03-23,NVDA,130.70750427246094,48.06384170658776,-2.3614799566347293,126.43000030517578,0,Report: Nintendo Will Turn to NVIDIA to Power Its Switch Pro Console,headlinesIter54.csv
2021-03-24,NVDA,126.43000030517578,43.68763129263888,-2.3034881404770924,125.35250091552734,0,Investing In Stocks: See How To Invest In 3 Simple Steps,headlinesIter55.csv
2021-03-25,NVDA,125.35250091552734,42.63457178125308,-2.296588436877965,128.3925018310547,1,Intel must execute its new strategy perfectly to win back investors,headlinesIter56.csv
2021-03-26,NVDA,128.3925018310547,46.54919554090257,-2.268338144767845,129.4824981689453,1,"The Zacks Analyst Blog Highlights: Dynatrace, NVIDIA, Apple, Cerence and Microsoft",headlinesIter57.csv
2021-03-29,NVDA,129.4824981689453,47.92145008880361,-2.20562638796942,128.71749877929688,0,The First 39 Companies In Cathie Wood's Ark Invest Space ETF,headlinesIter58.csv
2021-03-30,NVDA,128.71749877929688,47.00926158317528,-2.1317803564283127,133.4824981689453,1,Volvo Collaborates With Aurora For Autonomous Truck Development,headlinesIter59.csv
2021-03-31,NVDA,133.4824981689453,53.00928740324825,-1.9739451672512909,138.11749267578125,1,Goldman Sachs To Offer 'Full Spectrum' Of Investments In Cryptocurrencies,headlinesIter60.csv
2021-04-01,NVDA,138.11749267578125,57.99190126358508,-1.6932935320026814,139.875,1,"Forget Dogecoin, These 3 Tech Stocks Are Better Buys Right Now",headlinesIter61.csv
2021-04-05,NVDA,139.875,59.73532133467167,-1.318475788809909,138.61500549316406,0,Top stocks investors bought and sold in March,headlinesIter63.csv
2021-04-06,NVDA,138.61500549316406,57.88068456435175,-0.921382522352931,141.43499755859375,1,5 Winners to Pick as Global Semiconductor Sales Continue to Soar,headlinesIter64.csv
2021-04-07,NVDA,141.43499755859375,60.81314392074659,-0.4840523311107538,143.1699981689453,1,5 Tech Stocks with Strong Growth Prospects and Attractive Valuations,headlinesIter65.csv
2021-04-08,NVDA,143.1699981689453,62.54113593006242,-0.0156438116157408,144.0,1,"Top Research Reports for NVIDIA, Bank of America &amp; McDonald's",headlinesIter66.csv
2021-04-09,NVDA,144.0,63.37321427148381,0.4609671032072341,152.08999633789062,1,The 4 Best Semiconductor Stocks to Buy for the Next Decade,headlinesIter67.csv
2021-04-12,NVDA,152.08999633789062,70.29855506722181,1.045754918169896,156.7949981689453,1,NVIDIA AI-on-5G Computing Platform Adopted by Leading Service and Network Infrastructure Providers,headlinesIter68.csv
2021-04-13,NVDA,156.7949981689453,73.44347596988541,1.740372444114858,152.77000427246094,0,Nvidia Wows Investors With a New Chip and a Better Outlook. What Wall Street Thinks.,headlinesIter69.csv
2021-04-14,NVDA,152.77000427246094,66.91590478409711,2.399233018957583,161.37249755859375,1,Cloudflare Stock Adds Nvidia Artificial Intelligence Tools To Security Network,headlinesIter70.csv
2021-04-15,NVDA,161.37249755859375,72.53452102517701,3.132922688294839,159.125,0,NVIDIA's Continued Innovation Makes It a Name to Watch Closely,headlinesIter71.csv
2021-04-16,NVDA,159.125,69.226690520826,3.8320544841113806,153.61749267578125,0,Looking for Computer and Technology Stocks? The Zacks Rank Can Help You Find Winners,headlinesIter72.csv
2021-04-19,NVDA,153.61749267578125,61.790343503153466,4.376273340268392,151.71249389648438,0,Here's How Much You'd Have If You Invested $1000 in Nvidia a Decade Ago,headlinesIter73.csv
2021-04-20,NVDA,151.71249389648438,59.41300039895129,4.754499360201295,153.60499572753906,1,The Zacks Rank Explained: How to Find Strong Buy Computer and Technology Stocks,headlinesIter74.csv
2021-04-21,NVDA,153.60499572753906,61.01759800853296,5.028214348879716,148.50250244140625,0,"NVIDIA Sets AI Inference Records, Introduces A30 and A10 GPUs for Enterprise Servers",headlinesIter75.csv
2021-04-22,NVDA,148.50250244140625,54.7345346302814,5.129207637987998,152.65249633789062,1,NVIDIA's Relationship With Healthcare Is Worth More Than You Think,headlinesIter76.csv
2021-04-23,NVDA,152.65249633789062,58.47934814663847,5.17116830397634,154.77999877929688,1,The Zacks Rank Explained: How to Find Strong Buy Computer and Technology Stocks,headlinesIter77.csv
2021-04-26,NVDA,154.77999877929688,60.29293470589576,5.196085738306905,153.8175048828125,0,The Zacks Rank Explained: How to Find Strong Buy Computer and Technology Stocks,headlinesIter78.csv
2021-04-27,NVDA,153.8175048828125,59.03659233360025,5.181815633699147,152.7675018310547,0,"Arm details new data center chips, says Oracle, Alibaba will use them",headlinesIter79.csv
2021-04-28,NVDA,152.7675018310547,57.625886494202405,5.115169009893528,153.24749755859375,1,"Top Analyst Reports for NVIDIA, Booking Holdings &amp; Altria",headlinesIter80.csv
2021-04-29,NVDA,153.24749755859375,58.11857017383549,5.015187071332344,150.09500122070312,0,Semiconductor Watchlist: AMD Is Dominating the Semiconductors,headlinesIter81.csv
2021-04-30,NVDA,150.09500122070312,53.702236996966846,4.837825558053346,148.36749267578125,0,Top Stocks 2021: 11 Bullseye Stock Picks for Your Must-Buy List,headlinesIter82.csv
2021-05-03,NVDA,148.36749267578125,51.39740945145061,4.582673837106,143.5124969482422,0,Ways investors are benefiting from global chip shortage,headlinesIter83.csv
2021-05-04,NVDA,143.5124969482422,45.48857620875037,4.204236733920737,144.5850067138672,1,Software Storage Firm Vast Data Valued at $3.7 Billion in Round,headlinesIter84.csv
2021-05-05,NVDA,144.5850067138672,46.93977425002329,3.7758940008398394,145.22999572753906,1,3 Top Artificial Intelligence Stocks to Buy in May,headlinesIter85.csv
2021-05-06,NVDA,145.22999572753906,47.83910600717039,3.340410216441385,148.12249755859375,1,"Qorvo (QRVO) Q4 Earnings &amp; Revenues Beat Estimates, Up Y/Y",headlinesIter86.csv
2021-05-07,NVDA,148.12249755859375,51.78578618371675,2.9618140457860145,142.65750122070312,0,The New IBM Chip Just Got a Boost from Biden Bill,headlinesIter87.csv
2021-05-10,NVDA,142.65750122070312,44.87686367258618,2.5447791681070564,143.0625,1,"Smith &amp; Wesson Brands, Okta, Google, NVIDIA and Amazon highlighted as Zacks Bull and Bear of the Day",headlinesIter88.csv
2021-05-11,NVDA,143.0625,45.45760465804166,2.126174763458523,137.5850067138672,0,NVIDIA Transforms Mainstream Laptops into Gaming Powerhouses with GeForce RTX 30 Series,headlinesIter89.csv
2021-05-12,NVDA,137.5850067138672,39.410188055119214,1.6362943556735678,136.65249633789062,0,"The Zacks Analyst Blog Highlights: Maxim Integrated Products, Silicon Laboratories, MACOM Technology Solutions, NVIDIA and Texas Instruments",headlinesIter90.csv
2021-05-13,NVDA,136.65249633789062,38.4718424410181,1.1088127661883995,142.42999267578125,1,3 Artificial Intelligence Stocks Leading the New Wave,headlinesIter91.csv
2021-05-14,NVDA,142.42999267578125,46.90648174827334,0.6750643121782044,141.65499877929688,0,"The Zacks Analyst Blog Highlights: Marathon Digital Holdings, NVIDIA and PayPal",headlinesIter92.csv
2021-05-17,NVDA,141.65499877929688,45.99562019577087,0.3089005991601115,140.15750122070312,0,"Is Nvidia Stock A Buy With New Chip To Take On Intel, AMD?",headlinesIter93.csv
2021-05-18,NVDA,140.15750122070312,44.20919576305572,-0.0203031465350703,140.65750122070312,1,How These 2 Tech Stocks Are Helping the Fight Against COVID-19,headlinesIter94.csv
2021-05-19,NVDA,140.65750122070312,44.97761136722735,-0.3010602134580039,146.125,1,Semiconductor Watchlist: Cramer Says Keep an Eye on Applied Materials,headlinesIter95.csv
2021-05-20,NVDA,146.125,52.65648356176542,-0.4488171644376187,149.91749572753906,1,NVIDIA's $24 Billion Advantage Over Advanced Micro Devices,headlinesIter96.csv
2021-05-21,NVDA,149.91749572753906,57.12611699215744,-0.4439365564106123,156.1199951171875,1,"Dow Jones Futures: Market Rally Survives Wild Week, Bitcoin Remains Active; Follow Google, Nvidia, Tesla",headlinesIter97.csv
2021-05-24,NVDA,156.1199951171875,63.23874585005325,-0.2436724565861138,156.4774932861328,1,How Investors Can Grab Better Returns for Computer and Technology Using the Zacks ESP Screener,headlinesIter98.csv
2021-05-25,NVDA,156.4774932861328,63.56121698619177,0.0748151089649959,157.0,1,Nvidia's Charts Show Support for Further Gains,headlinesIter99.csv
2021-05-26,NVDA,157.0,64.05747986424248,0.4588729786876099,154.8800048828125,0,Semiconductor Watchlist: Cramer Eyes Nvidia as It Dominates the Sector,headlinesIter100.csv
2021-05-27,NVDA,154.8800048828125,60.45964529998865,0.829026948340812,162.44500732421875,1,"Wall Street Near Unanimous NVIDIA's ""Exceptional"" Q1 Gives It More Room to Run",headlinesIter101.csv
2021-05-28,NVDA,162.44500732421875,67.47895930913023,1.2898678155903447,162.64500427246094,1,"This Leading Franklin Fund Focuses On Innovation, Some Pre-IPO Bets",headlinesIter102.csv
2021-06-01,NVDA,162.64500427246094,67.642500832367,1.7836423984281538,167.78250122070312,1,NVIDIA Base Command Platform Provides Enterprises with Fast Path to Scale Production AI,headlinesIter103.csv
2021-06-02,NVDA,167.78250122070312,71.59419716110443,2.350075198065449,169.69749450683594,1,Nvidia Is Gaining on AMD in 1 Key Area. What It Means for the Stocks.,headlinesIter104.csv
2021-06-03,NVDA,169.69749450683594,72.92168518013358,2.957551719715424,175.78250122070312,1,3 Reasons Why Nvidia (NVDA) Is a Great Growth Stock,headlinesIter105.csv
2021-06-04,NVDA,175.78250122070312,76.65500959879506,3.6492505976796896,176.19000244140625,1,7 Technology Bigwigs to Buy Irrespective of Inflation,headlinesIter106.csv
2021-06-07,NVDA,176.19000244140625,76.88484841662377,4.355662482459895,174.57000732421875,0,"As Nvidia Stock Breaks Out, Cloud And Chip Stocks GOOGL, MSFT, AMAT Set Up",headlinesIter107.csv
2021-06-08,NVDA,174.57000732421875,73.77521195253867,4.998491404782354,173.58250427246094,0,SoftBank Seeks $7.5 Billion Loan Secured by Future Arm Proceeds,headlinesIter108.csv
2021-06-09,NVDA,173.58250427246094,71.86708052391704,5.540621996264052,174.25,1,4 Stocks to Capitalize on the Booming Virtual Reality Market,headlinesIter109.csv
2021-06-10,NVDA,174.25,72.38696481204602,5.989238749594689,178.25250244140625,1,"5 Tools To Help You Win Big As Nasdaq Clears 14,000 And Chip Stocks NVDA, ASML Pop",headlinesIter110.csv
2021-06-11,NVDA,178.25250244140625,75.33080764064101,6.405932511522711,180.1875,1,Chip Maker Nvidia Is Buying a Mapping Start-Up. What It Means for Its Automotive Business.,headlinesIter111.csv
2021-06-14,NVDA,180.1875,76.62807207206129,6.797045125276535,177.88499450683594,0,NVIDIA (NVDA) to Acquire DeepMap to Bolster NVIDIA DRIVE Platform,headlinesIter112.csv
2021-06-15,NVDA,177.88499450683594,71.7903116742889,7.0993942303314,178.1024932861328,1,"The Zacks Analyst Blog Highlights: NVIDIA, Target, Lam Research, Alphabet and Intuitive Surgical",headlinesIter113.csv
2021-06-16,NVDA,178.1024932861328,71.97032940477767,7.317547558557256,186.57249450683597,1,Why Nvidia (NVDA) is a Top Stock for the Long-Term,headlinesIter114.csv
2021-06-17,NVDA,186.57249450683597,77.88805982793086,7.589948398598936,186.3874969482422,0,"Nvidia to invest at least $100 million in U.K. supercomputer, CEO says",headlinesIter115.csv
2021-06-21,NVDA,184.2725067138672,73.05840128719568,8.067446509391328,188.86749267578125,1,3 Reasons Why Nvidia (NVDA) Is a Great Growth Stock,headlinesIter116.csv
2021-06-22,NVDA,188.86749267578125,76.2457692241198,8.275694977094108,190.57249450683597,1,NVIDIA Announces Instant AI Infrastructure for Enterprises,headlinesIter117.csv
2021-06-23,NVDA,190.57249450683597,77.31806426202115,8.483010603630301,192.05499267578125,1,AI Dreams and Reality: Investing in Advanced Technology,headlinesIter118.csv
2021-06-24,NVDA,192.05499267578125,78.23793626719616,8.683191611016284,190.30999755859372,0,"Nvidia Is A True Stock Market Leader In 2021; Can This Option Trade Make You $3,470?",headlinesIter119.csv
2021-06-25,NVDA,190.30999755859372,74.412525595525,8.820775830100235,199.8500061035156,1,10 Best Drone Stocks to Invest In,headlinesIter120.csv
2021-06-28,NVDA,199.8500061035156,80.13197893834109,9.04401413502433,200.2675018310547,1,"NVIDIA Extends Arm Support, Collaborates With Google Cloud For AI-on-5G Lab, Introduces New HGX A100 Systems To Drive Industrial AI",headlinesIter121.csv
2021-06-29,NVDA,200.2675018310547,80.33909725622806,9.29528400359637,200.0249938964844,0,NVIDIA (NVDA) Makes Key Advancements with AI-on-5G Platform,headlinesIter122.csv
2021-06-30,NVDA,200.0249938964844,79.81859028256254,9.525896626539788,202.1199951171875,1,"TOP500's Supercomputer List Gives Investors Great Insight on AMD, NVIDIA, and Intel",headlinesIter123.csv
2021-07-01,NVDA,202.1199951171875,80.96588577488966,9.743185668953997,204.8699951171875,1,10 Best Cryptocurrencies to Invest in According to Reddit,headlinesIter124.csv
2021-07-02,NVDA,204.8699951171875,82.38174409887036,9.962401051447946,206.9850006103516,1,Earnings Growth &amp; Price Strength Make Nvidia (NVDA) a Stock to Watch,headlinesIter125.csv
2021-07-06,NVDA,206.9850006103516,83.40420936523961,10.182369544198922,203.71749877929688,0,Nvidia gives health researchers access to UK supercomputer,headlinesIter126.csv
2021-07-07,NVDA,203.71749877929688,76.06021674167154,10.315940196780844,199.02749633789065,0,Nvidia Continues to Travel to New Heights So Raise Stops,headlinesIter127.csv
2021-07-08,NVDA,199.02749633789065,66.94800478455588,10.290017998439692,200.50250244140625,1,10 Top-Ranked Stocks Powering S&amp;P 500 ETF,headlinesIter128.csv
2021-07-09,NVDA,200.50250244140625,68.23683428138824,10.165567483937108,205.125,1,Diversified Hot Stocks Give This ClearBridge Fund Its Edge,headlinesIter129.csv
2021-07-12,NVDA,205.125,71.93081891526086,10.036465095509469,202.5,0,Data Center Trends Are Positive For These Semiconductor Stocks,headlinesIter130.csv
2021-07-13,NVDA,202.5,67.15459848923864,9.84645928715918,198.4149932861328,0,5 Data Center Stocks to Watch as Digitalization Accelerates,headlinesIter131.csv
2021-07-14,NVDA,198.4149932861328,60.42994785035168,9.54062484480114,189.6625061035156,0,"Velodyne Lidar, NVIDIA Metropolis Bond Over Intelligent Infrastructure Solutions",headlinesIter132.csv
2021-07-15,NVDA,189.6625061035156,49.08789278680313,9.016837770417984,181.6100006103516,0,Strongest Semiconductor Stocks to Buy That Aren't Nvidia,headlinesIter133.csv
2021-07-16,NVDA,181.6100006103516,41.390787145247934,8.234875773371211,187.7975006103516,1,Advanced Micro Devices Remains a Great Buy-the-Dip Move,headlinesIter134.csv
2021-07-19,NVDA,187.7975006103516,48.12216221877463,7.412035477580767,186.1199951171875,0,"$10,000 Invested in These Growth Stocks Could Make You a Fortune Over the Next 10 Years",headlinesIter135.csv
2021-07-20,NVDA,186.1199951171875,46.56084142392657,6.563050955508705,194.1000061035156,1,Quantum Computing is Set to Transform Tech: 5 Stocks to Watch,headlinesIter136.csv
2021-07-21,NVDA,194.1000061035156,54.17728231395896,5.85454280432895,195.94000244140625,1,AMD Stock to $100 - Here Is How It Will Get There,headlinesIter137.csv
2021-07-22,NVDA,195.94000244140625,55.74355419269943,5.287236068609991,195.5800018310547,0,"Baron Opportunity Fund Wins By Investing In Innovators, Big And Small",headlinesIter138.csv
2021-07-23,NVDA,195.5800018310547,55.3449560085608,4.820376521112534,192.94000244140625,0,Nvidia Leads Market Rebound,headlinesIter139.csv
2021-07-26,NVDA,192.94000244140625,52.3866276618009,4.387842612600155,192.0800018310547,0,"Intel to build Qualcomm chips, aims to catch foundry rivals by 2025",headlinesIter140.csv
2021-07-27,NVDA,192.0800018310547,51.42235488496152,3.9757759034760864,195.02999877929688,1,Intel to make Qualcomm chips,headlinesIter141.csv
2021-07-28,NVDA,195.02999877929688,54.51516714127915,3.636142737089013,196.6199951171875,1,Intel CEO: We have 100 companies that want us to make their chips,headlinesIter142.csv
2021-07-29,NVDA,196.6199951171875,56.13616679502643,3.3767936019446068,194.9900054931641,0,Nvidia and ARM Could Turn the Internet of Things Into the Internet of Everything,headlinesIter143.csv
2021-07-30,NVDA,194.9900054931641,54.011099270081445,3.147658524304354,197.5,1,"Not Just a Meme, Newegg Has the Right Plans for Success",headlinesIter144.csv
2021-08-02,NVDA,197.5,56.72762208271857,2.982344017884423,198.1499938964844,1,"In Tech We Trust? Google, Microsoft, PayPal, Square Among Most Trusted Tech Stocks On Leaderboard",headlinesIter145.csv
2021-08-03,NVDA,198.1499938964844,57.428909892554216,2.8692699764006826,202.7400054931641,1,How To Invest In Stocks: A Guide For Beginning Investors,headlinesIter146.csv
2021-08-04,NVDA,202.7400054931641,62.09995864302783,2.86155808195269,206.3699951171875,1,AMD Stock Is Rallying Again. Here’s Why This Time.,headlinesIter147.csv
2021-08-05,NVDA,206.3699951171875,65.339003465392,2.971681704982407,203.66000366210935,0,"How To Read Stock Charts: 3 Clues To Look For In Amazon, Nvidia, Netflix",headlinesIter148.csv
2021-08-06,NVDA,203.66000366210935,61.138156737044405,3.099880090601663,202.9499969482422,0,New to Investing? This 1 Computer and Technology Stock Could Be the Perfect Starting Point,headlinesIter149.csv
2021-08-09,NVDA,202.9499969482422,60.04885479873949,3.214294019822527,199.3600006103516,0,Here’s Why NVIDIA Corp. (NVDA) Became a Material Contributor in Vulcan Value’s Q2 Results,headlinesIter150.csv
2021-08-10,NVDA,199.3600006103516,54.73826009773081,3.249468030486823,196.9900054931641,0,NVIDIA Brings Millions More Into the Metaverse With Expanded Omniverse Platform,headlinesIter151.csv
2021-08-11,NVDA,196.9900054931641,51.50019601388415,3.187914032720049,199.0500030517578,1,Nvidia (NVDA) Earnings Expected to Grow: What to Know Ahead of Next Week's Release,headlinesIter152.csv
2021-08-12,NVDA,199.0500030517578,54.044871317740906,3.0945597124633064,201.8800048828125,1,NVIDIA Founder and CEO Jensen Huang to Receive Semiconductor Industry's Top Honor,headlinesIter153.csv
2021-08-13,NVDA,201.8800048828125,57.35514377375913,3.02426525268766,199.5,0,Could Nvidia Join the Trillion-Dollar Club Next Year?,headlinesIter154.csv
2021-08-16,NVDA,199.5,53.84252523560468,2.927244718324593,194.5800018310547,0,"Data Center, Gaming Segments to Aid NVIDIA's (NVDA) Q2 Earnings",headlinesIter155.csv
2021-08-17,NVDA,194.5800018310547,47.38231478003464,2.7333912947942727,190.3999938964844,0,These Growth Stocks Could Help You Beat a Market Crash,headlinesIter156.csv
2021-08-18,NVDA,190.3999938964844,42.69528209773368,2.416087472137837,197.97999572753903,1,Baidu Plans Future In AI And Autonomous Driving,headlinesIter157.csv
2021-08-19,NVDA,197.97999572753903,51.97305177996349,2.153468671718808,208.16000366210935,1,I Reinitiated a Long Position in Nvidia and Here's What's Key,headlinesIter158.csv
2021-08-20,NVDA,208.16000366210935,61.08538233017473,2.096400185590826,219.5800018310547,1,Artificial Intelligence Stocks To Buy And Watch: Tesla Touts AI Capabilities Beyond Electric Vehicles,headlinesIter159.csv
2021-08-23,NVDA,219.5800018310547,68.3419498174179,2.3485795595380767,217.92999267578125,0,Why This 1 Computer and Technology Stock Could Be a Great Addition to Your Portfolio,headlinesIter160.csv
2021-08-24,NVDA,217.92999267578125,66.41491701199615,2.7496920212880607,222.1300048828125,1,Global Availability of NVIDIA AI Enterprise Makes AI Accessible for Every Industry,headlinesIter161.csv
2021-08-25,NVDA,222.1300048828125,68.82461415215,3.2838675165501443,220.67999267578125,0,Looking for a Growth Stock? 3 Reasons Why Nvidia (NVDA) is a Solid Choice,headlinesIter162.csv
2021-08-26,NVDA,220.67999267578125,67.03634793590561,3.842823284995199,226.3600006103516,1,Time to Focus on NVIDIA (NVDA) for Strong Earnings Growth Potential,headlinesIter163.csv
2021-08-27,NVDA,226.3600006103516,70.29257960695986,4.469872101207949,226.8800048828125,1,Nvida Will Seek EU Approval for Arm Deal: Report,headlinesIter164.csv
2021-08-30,NVDA,226.8800048828125,70.579115056185,5.104838007265132,223.8500061035156,0,4 Stocks to Benefit From the Potential of Quantum Computing,headlinesIter165.csv
2021-08-31,NVDA,223.8500061035156,66.5511192833452,5.651503410542962,224.41000366210935,1,"Nvidia Aims To Beat Amazon, Alphabet With New AI Speech Technology",headlinesIter166.csv
2021-09-01,NVDA,224.41000366210935,66.92679869502683,6.110220180111165,223.9600067138672,0,Is Invesco Dynamic Large Cap Growth ETF (PWB) a Strong ETF Right Now?,headlinesIter167.csv
2021-09-02,NVDA,223.9600067138672,66.28256530228914,6.468659892612648,228.42999267578125,1,4 Stocks Benefiting From the Smartcar Trend,headlinesIter168.csv
2021-09-03,NVDA,228.42999267578125,69.43041506202991,6.802030517387418,226.6199951171875,0,"Broadcom, DocuSign, Didi Rise Premarket; Virgin Galactic Falls",headlinesIter169.csv
2021-09-07,NVDA,226.6199951171875,66.71437959952358,7.057831827239768,223.38999938964844,0,How Tesla’s battery technology is giving it an edge over the competition,headlinesIter170.csv
2021-09-08,NVDA,223.38999938964844,62.04957828345247,7.183985744157009,221.7700042724609,0,"UPDATE 1-Nvidia seeks EU approval for Arm deal, decision due Oct. 13",headlinesIter171.csv
2021-09-09,NVDA,221.7700042724609,59.79144691634013,7.180046157460068,224.77999877929688,1,10 Stocks That Benefit from Global Chip Shortage,headlinesIter172.csv
2021-09-10,NVDA,224.77999877929688,62.52066902100582,7.126430929487963,221.5200042724609,0,Boost Your Portfolio With These 3 Promising Tech Stocks,headlinesIter173.csv
2021-09-13,NVDA,221.5200042724609,57.93407441099463,6.976236684798701,222.4199981689453,1,Peptone: Putting molecular physics at the heart of UK's next billion-pound pharma company,headlinesIter174.csv
2021-09-14,NVDA,222.4199981689453,58.83198692801711,6.771840636397134,223.41000366210935,1,"3 Futuristic Stocks for a 5G, Cannabis, and Metaverse World",headlinesIter175.csv
2021-09-15,NVDA,223.41000366210935,59.8473024541483,6.544547290920023,222.4199981689453,0,10 Penny Stocks with Upcoming Growth Catalysts,headlinesIter176.csv
2021-09-16,NVDA,222.4199981689453,58.29889196499701,6.284106149447769,219.0,0,"Top Research Reports for NVIDIA, Johnson &amp; Johnson &amp; Toyota",headlinesIter177.csv
2021-09-17,NVDA,219.0,53.18014142132444,5.9476545442105735,211.1300048828125,0,"Nvidia, AMD, Marvell, KLAC Among Top Chip Picks at Bank of America",headlinesIter178.csv
2021-09-20,NVDA,211.1300048828125,43.676594808603966,5.442081318507446,212.4600067138672,1,4 Stocks to Benefit From Continued Demand for AI,headlinesIter179.csv
2021-09-21,NVDA,212.4600067138672,45.45073361262102,4.865824719726065,219.41000366210935,1,Investing In Stocks: 3 Steps To Say Protected And Profitable In Troubled Market,headlinesIter180.csv
2021-09-22,NVDA,219.41000366210935,53.66429528444703,4.37526641859351,224.82000732421875,1,Do NVIDIA's (NASDAQ:NVDA) Earnings Warrant Your Attention?,headlinesIter181.csv
2021-09-23,NVDA,224.82000732421875,58.85745192067372,4.040479358476675,220.80999755859372,0,10 Best Micro-Cap Stocks to Invest In,headlinesIter182.csv
2021-09-24,NVDA,220.80999755859372,54.02422945723471,3.74769035179382,216.6000061035156,0,Why This 1 Computer and Technology Stock Could Be a Great Addition to Your Portfolio,headlinesIter183.csv
2021-09-27,NVDA,216.6000061035156,49.43451106845032,3.4208636956766827,206.9900054931641,0,Is NVIDIA Corporation (NVDA) A Great Investment Pick?,headlinesIter184.csv
2021-09-28,NVDA,206.9900054931641,40.89399877804173,2.928716906290324,205.1699981689453,0,3 Growth Stocks That Expect to Boost Sales by at least 180% in the Next 5 Years,headlinesIter185.csv
2021-09-29,NVDA,205.1699981689453,39.50209810152741,2.323037515949044,207.16000366210935,1,"NVIDIA CEO Jensen Huang to Unveil New AI Technologies, Products in GTC Keynote; Hundreds of Industry and AI Leaders to Speak at November Event",headlinesIter186.csv
2021-09-30,NVDA,207.16000366210935,41.833346585683465,1.704403508289122,207.4199981689453,1,"Check Point (CHKP), Alkira Partner to Offer Cloud Network Security",headlinesIter187.csv
2021-10-01,NVDA,207.4199981689453,42.14701343203181,1.1103429945394367,197.32000732421875,0,Top 3 High-Growth Stocks to Buy in October 2021,headlinesIter188.csv
2021-10-04,NVDA,197.32000732421875,34.388926379842616,0.3991561531177978,204.50999450683597,1,10 Penny Stocks With Long-Term Growth Catalysts,headlinesIter189.csv
2021-10-05,NVDA,204.50999450683597,42.50276920709143,-0.2343593233622722,207.0,1,"NVIDIA Expands Early Access Program for VMware’s Project Monterey to Enable Secure, Accelerated Data Centers",headlinesIter190.csv
2021-10-06,NVDA,207.0,45.03772851218062,-0.7457212292589039,210.75,1,VMware’s Project Monterey Access Enhanced by NVIDIA; Street Says Buy,headlinesIter191.csv
2021-10-07,NVDA,210.75,48.70556494566634,-1.0921844981747306,208.30999755859372,0,"The Zacks Analyst Blog Highlights: Texas Instruments, NVIDIA, Analog Devices, Semtech Corp and Vishay Intertechnology",headlinesIter192.csv
2021-10-08,NVDA,208.30999755859372,46.52976087807218,-1.3535698234709224,206.9499969482422,0,Is Invesco Dynamic Large Cap Growth ETF (PWB) a Strong ETF Right Now?,headlinesIter193.csv
2021-10-12,NVDA,206.7100067138672,45.09088251538903,-1.7382603580060985,209.38999938964844,1,Nvidia (NVDA) and Funko (FNKO) are Aggressive Growth Stocks,headlinesIter194.csv
2021-10-13,NVDA,209.38999938964844,48.1690060639012,-1.8284032743587804,217.4600067138672,1,11 Best Quantum Computing Stocks To Invest In,headlinesIter195.csv
2021-10-14,NVDA,217.4600067138672,56.141906456178816,-1.729770441256957,218.6199951171875,1,Former Outcast Growth Stocks Help Drive Winning Mutual Fund,headlinesIter196.csv
2021-10-15,NVDA,218.6199951171875,57.16195501308668,-1.4955376874642046,222.22000122070312,1,Should Franklin LibertyQ U.S. Equity ETF (FLQL) Be on Your Investing Radar?,headlinesIter197.csv
2021-10-18,NVDA,222.22000122070312,60.25170852839041,-1.127747770674652,222.8999938964844,1,Better Growth Stock: Nvidia or Teladoc Health?,headlinesIter198.csv
2021-10-19,NVDA,222.8999938964844,60.82645034973575,-0.6821077154483983,221.02999877929688,0,We Think NVIDIA (NASDAQ:NVDA) Can Manage Its Debt With Ease,headlinesIter199.csv
2021-10-20,NVDA,221.02999877929688,58.328652989685295,-0.2393139082106889,226.9199981689453,1,"28 Stocks To Benefit From Inflation, According To Jim Cramer",headlinesIter200.csv
2021-10-21,NVDA,226.9199981689453,63.42345045049004,0.2730008879100589,227.25999450683597,1,NVIDIA Introduces the Next Generation in Cloud Gaming,headlinesIter201.csv
2021-10-22,NVDA,227.25999450683597,63.69934777292173,0.8068359235963505,231.66000366210935,1,3 Long-Term Investments You'll Thank Yourself for Later,headlinesIter202.csv
2021-10-25,NVDA,231.66000366210935,67.15246671238539,1.3945355478252206,247.1699981689453,1,"Got $5,000? 2 Tech Stocks to Buy and Hold for the Long Term",headlinesIter203.csv
2021-10-26,NVDA,247.1699981689453,75.86710373113178,2.229462742406167,244.50999450683597,0,Is Nvidia’s New Gaming Service Worth $15 Billion in Extra Market Cap?,headlinesIter204.csv
2021-10-27,NVDA,244.50999450683597,72.32321919214651,3.1280589238686765,249.41000366210935,1,3 Ways to Trade the Hot Video Games Growth,headlinesIter205.csv
2021-10-28,NVDA,249.41000366210935,74.67043554125286,4.0905030013581705,255.6699981689453,1,10 Long-term Stocks to Buy for the Next 15 Years,headlinesIter206.csv
2021-10-29,NVDA,255.6699981689453,77.31709445526839,5.133064266703284,258.2699890136719,1,Should Invesco Dynamic Large Cap Growth ETF (PWB) Be on Your Investing Radar?,headlinesIter207.csv
2021-11-01,NVDA,258.2699890136719,78.32987248196036,6.20097069262673,264.010009765625,1,Earnings Growth &amp; Price Strength Make Nvidia (NVDA) a Stock to Watch,headlinesIter208.csv
2021-11-02,NVDA,264.010009765625,80.40950813040901,7.306226966832444,265.9800109863281,1,Nvidia on track to eclipse Warren Buffett’s Berkshire Hathaway as 7th largest U.S. company,headlinesIter209.csv
2021-11-03,NVDA,265.9800109863281,81.08058341250158,8.391731891862051,298.010009765625,1,NVIDIA Stock Is A Big Money Favorite,headlinesIter210.csv
2021-11-04,NVDA,298.010009765625,88.1738307399225,9.899846561083354,297.5199890136719,0,Better AI Stock: Nvidia or Palantir,headlinesIter211.csv
2021-11-05,NVDA,297.5199890136719,87.63252216347753,11.563405219902084,308.0400085449219,1,Sit Fund Excels With Mix Of Home Runs And Singles,headlinesIter212.csv
2021-11-08,NVDA,308.0400085449219,89.16972581515668,13.378672094071945,306.57000732421875,0,"AMD partners with Meta, seeks to 'advance semiconductor ecosystem in United States,' CEO says",headlinesIter213.csv
2021-11-09,NVDA,306.57000732421875,87.53251166435237,15.13992173855898,294.5899963378906,0,Luminar Sensors Selected For Nvidia's Self-Driving Platform,headlinesIter214.csv
2021-11-10,NVDA,294.5899963378906,75.3847620671558,16.54934579072958,303.8999938964844,1,"BofA Finds Nvidia ""Uniquely Ready"" For AI, Robotics, Metaverse, Autos",headlinesIter215.csv
2021-11-12,NVDA,303.8999938964844,77.94621622234364,18.781181244264992,300.25,0,Nvidia CEO Huang: We could make ARM successful in ‘all other areas of computing’,headlinesIter216.csv
2021-11-15,NVDA,300.25,74.4248402369225,19.49561008557044,302.0299987792969,1,"Luminar Pops, 'Best Positioned' Among Laser Stocks To Bring Self-Driving Cars To Market",headlinesIter217.csv
2021-11-16,NVDA,302.0299987792969,75.0175800707081,19.97380255439355,292.6099853515625,0,5G Stocks To Buy And Watch: How The Metaverse Could Give 5G Wireless And 6G A Boost,headlinesIter218.csv
2021-11-17,NVDA,292.6099853515625,66.26481540301343,20.08304385338393,316.75,1,"NVIDIA Cruises to New Beat &amp; Raise, Cisco &amp; Sonos Also Beat",headlinesIter219.csv
2021-11-18,NVDA,316.75,74.48166341242114,20.294673613012268,329.8500061035156,1,Nvidia Could Join the $1 Trillion Club Following Latest Earnings Report,headlinesIter220.csv
2021-11-19,NVDA,329.8500061035156,77.66143603565234,20.72213177449948,319.5599975585937,0,Data Center Growth Is Still the Top Reason to Buy Nvidia Stock Now,headlinesIter221.csv
2021-11-22,NVDA,319.5599975585937,70.25591654882413,21.05105792734402,317.4599914550781,0,"For Investors, Nvidia Is a Gift That Keeps on Giving",headlinesIter222.csv
2021-11-23,NVDA,317.4599914550781,68.81375187118059,21.21949928350683,326.739990234375,1,My 5 Tips to Set Your Portfolio Up for the Long Haul,headlinesIter223.csv
2021-11-24,NVDA,326.739990234375,71.58916706970359,21.37821533344138,315.0299987792969,0,Could This Be the Best Way To Invest In the Metaverse?,headlinesIter224.csv
2021-11-26,NVDA,315.0299987792969,63.86548498906608,21.286964240628905,333.760009765625,1,"Nvidia Stock Is a Great Buy for Consistent, Long-Term Gains",headlinesIter225.csv
2021-11-29,NVDA,333.760009765625,69.52838275827304,21.29413120717353,326.760009765625,0,Jim Cramer Talks With Nvidia CEO Jensen Huang,headlinesIter226.csv
2021-11-30,NVDA,326.760009765625,65.40304822290199,21.202394458357475,314.3500061035156,0,NFTs go mainstream at Art Basel: A ‘better way’ to transfer digital ownership,headlinesIter227.csv
2021-12-01,NVDA,314.3500061035156,58.748034724577295,20.80715686260229,321.260009765625,1,Everything You Need to Know About Nvidia's Business Mix in 1 Simple Chart,headlinesIter228.csv
2021-12-02,NVDA,321.260009765625,61.12030852282457,20.30523117696966,306.92999267578125,0,3 Top Stocks to Invest in the Metaverse,headlinesIter229.csv
2021-12-03,NVDA,306.92999267578125,54.16392651760221,19.48784045486382,300.3699951171875,0,"Marvell will be ‘in the same camp’ as AMD, Nvidia after ‘one of the best’ semiconductor earnings calls",headlinesIter230.csv
2021-12-06,NVDA,300.3699951171875,51.28625934752486,18.36649367170564,324.2699890136719,1,Is NVIDIA (NVDA) A Great Investment Choice?,headlinesIter231.csv
2021-12-07,NVDA,324.2699890136719,59.689189408859455,17.45286545909315,318.260009765625,0,Should You Invest in the Invesco Dynamic Semiconductors ETF (PSI)?,headlinesIter232.csv
2021-12-08,NVDA,318.260009765625,57.02535553838265,16.581660803391735,304.8999938964844,0,Can Microsoft (MSFT) Become a $3 Trillion Company?,headlinesIter233.csv
2021-12-09,NVDA,304.8999938964844,51.52090900843626,15.531772189500696,301.9800109863281,0,Applied Materials: First Stop In Solving the Chip Shortage,headlinesIter234.csv
2021-12-10,NVDA,301.9800109863281,50.37637013967411,14.342938155795988,281.6099853515625,0,"NVIT AQR Large Cap Defensive Style Fund Buys Regeneron Pharmaceuticals Inc, Becton, Dickinson ...",headlinesIter235.csv
2021-12-13,NVDA,281.6099853515625,43.171301535190345,12.771654149959758,283.3699951171875,1,"Invesco V.I. Global Fund Buys Analog Devices Inc, Dassault Systemes SE, Splunk Inc, Sells , ...",headlinesIter236.csv
2021-12-14,NVDA,283.3699951171875,43.9176567738606,11.04199795952519,304.5899963378906,1,"Northern Lights Fund Trust Iii Buys BTC iShares MSCI USA Min Vol Factor ETF, Vanguard ...",headlinesIter237.csv
2021-12-15,NVDA,304.5899963378906,52.0879499388282,9.617134366699394,283.8699951171875,0,MTS AI’s INTEMA Joins NVIDIA Inception VC Alliance to Invest in AI Startups,headlinesIter238.csv
2021-12-16,NVDA,283.8699951171875,45.1684358751863,8.105507660633219,278.010009765625,0,NVIDIA to Unveil Latest Accelerated Computing Breakthroughs  in Virtual Special Address During CES,headlinesIter239.csv
2021-12-17,NVDA,278.010009765625,43.41197176458358,6.506774750525674,277.19000244140625,0,"Top 10 Metaverse Stocks in META, the World's First Metaverse ETF",headlinesIter240.csv
2021-12-20,NVDA,277.19000244140625,43.159052439504784,4.90934058640341,290.75,1,Analysts are Recommending These 10 Stocks for 2022,headlinesIter241.csv
2021-12-21,NVDA,290.75,48.502094930064615,3.601613050758675,294.0,1,Jim Cramer: The metaverse is coming — and these 4 stocks will make it real,headlinesIter242.csv
2021-12-22,NVDA,294.0,49.721966294085455,2.587664302807129,296.3999938964844,1,Annual Event Sedan Reveal Shows Nio Stock Has 2x Potential Into 2022,headlinesIter243.csv
2021-12-23,NVDA,296.3999938964844,50.6515940090918,1.8433959669150692,309.45001220703125,1,"MainStay VP Winslow Large Cap Growth Portfolio Buys Tesla Inc, Advanced Micro Devices Inc, ...",headlinesIter244.csv
2021-12-27,NVDA,309.45001220703125,55.47266121063069,1.5111778127866284,303.2200012207031,0,"AI, Self-Driving Cars Pave Way For Nvidia's Continued Growth",headlinesIter245.csv
2021-12-28,NVDA,303.2200012207031,52.819714767442015,1.3517996878613086,300.010009765625,0,"Northland Names Luminar As Top Pick For 2022, Thanks To Intel, NVIDIA",headlinesIter246.csv
2021-12-29,NVDA,300.010009765625,51.454280681458044,1.254814645627101,295.8599853515625,0,The Best Tech Stocks of 2021—#1 Is a Highflying Security Company,headlinesIter247.csv
2021-12-30,NVDA,295.8599853515625,49.666676956940805,1.1329493029196962,294.1099853515625,0,Investing In Stocks: Get Ready For 2022 With This 3-Step Routine,headlinesIter248.csv
2022-01-03,NVDA,301.2099914550781,52.14295237511375,0.9044454116441204,292.8999938964844,0,Alphabet (GOOGL) Boosts Stadia Game Suite With New Titles,headlinesIter249.csv
2022-01-04,NVDA,292.8999938964844,48.2759762281861,0.7657023955509329,276.0400085449219,0,Nvidia Extends TuSimple Partnership For Autonomous Trucking; Showcases Omniverse Plans,headlinesIter250.csv
2022-01-05,NVDA,276.0400085449219,41.544232214561774,0.3184850956468618,281.7799987792969,1,NVIDIA's (NVDA) DRIVE Orin SoC to Power TuSimple's ADC Unit,headlinesIter251.csv
2022-01-06,NVDA,281.7799987792969,44.3874366343032,-0.2077817395397703,272.4700012207031,0,Veritone MARVEL.ai Synthetic Voice Solution Supports NVIDIA Omniverse Audio2Face,headlinesIter252.csv
2022-01-07,NVDA,272.4700012207031,40.91166696729724,-0.9040695118523911,274.0,1,"Nvidia partners with AT&amp;T, Samsung on GeForce gaming platform",headlinesIter253.csv
2022-01-10,NVDA,274.0,41.7193510112201,-1.643951763890419,278.1700134277344,1,Financial Stocks Lead New Buys By The Best Mutual Funds To Start 2022,headlinesIter254.csv
2022-01-11,NVDA,278.1700134277344,43.96742897232637,-2.3020953136368965,279.989990234375,1,AMD Stock Gives Investors Plenty of Ways to Play It,headlinesIter255.csv
2022-01-12,NVDA,279.989990234375,44.965214838287366,-2.840222048034172,265.75,0,"Hoffman, Alan N Investment Management Buys NVIDIA Corp, Vanguard Mega Cap Growth ETF, SPDR ...",headlinesIter256.csv
2022-01-13,NVDA,265.75,39.09861234128267,-3.4956323618739997,269.4200134277344,1,Intel (INTC) to Power Turkey E-Commerce Platform for SMEs,headlinesIter257.csv
2022-01-14,NVDA,269.4200134277344,41.226904288106056,-4.123675885451426,259.0299987792969,0,Block (SQ) to Boost Cryptocurrency Efforts With Latest Plans,headlinesIter258.csv
2022-01-18,NVDA,259.0299987792969,37.25728871522207,-4.85801127977341,250.6699981689453,0,"TTP Investments, Inc. Buys ProShares Ultra S&amp;P500, Amplify BlackSwan Growth &amp; Treasury ...",headlinesIter259.csv
2022-01-19,NVDA,250.6699981689453,34.38815106689919,-5.742779821395756,241.5,0,Hewlett Packard's (HPE) GreenLake Selected by J. J. Keller,headlinesIter260.csv
2022-01-20,NVDA,241.5,31.520775053942508,-6.808668924639767,233.7400054931641,0,"Blossom Wealth Management Buys Invesco BulletShares 2023 Corporate Bond ETF, iShares Gold ...",headlinesIter261.csv
2022-01-21,NVDA,233.7400054931641,29.294690843246,-8.040493065364256,233.72000122070312,0,Best Semiconductor Stocks to Invest in for 2022 (Part 2 of 2),headlinesIter262.csv
2022-01-24,NVDA,233.72000122070312,29.28894842909072,-9.29374106229918,223.2400054931641,0,TSMC Aims To Construct Advanced Packaging Fab In Taiwan,headlinesIter263.csv
2022-01-25,NVDA,223.2400054931641,26.372345080013915,-10.640739681590432,227.72000122070312,1,"Genesee Capital Advisors, LLC Buys SPDR Portfolio TIPS ETF, Synchrony Financial, Archer-Daniels ...",headlinesIter264.csv
2022-01-26,NVDA,227.72000122070312,29.5997181176528,-11.88015936784448,219.44000244140625,0,Meta Platforms (FB) to Launch World's Fastest AI Computer,headlinesIter265.csv
2022-01-27,NVDA,219.44000244140625,27.224490092301075,-13.0922034933422,228.3999938964844,1,Hewlett Packard's (HPE) GreenLake Selected by CDW UK,headlinesIter266.csv
2022-01-28,NVDA,228.3999938964844,33.44807162738535,-14.050760581179915,244.8600006103516,1,Mercury (MRCY) Offers US &amp; Allies RF Microelectronics Solutions,headlinesIter267.csv
2022-01-31,NVDA,244.8600006103516,43.0783663493352,-14.505553438920714,246.3800048828125,1,"Capital Planning LLC Buys PIMCO Enhanced Short Maturity Active Exchange-Trad, Schwab U.S. ...",headlinesIter268.csv
2022-02-01,NVDA,246.3800048828125,43.88588128748884,-14.563443772784968,252.4199981689453,1,"James Hambro &amp; Partners Buys Netflix Inc, Pool Corp, Union Pacific Corp, Sells Comcast ...",headlinesIter269.csv
2022-02-02,NVDA,252.4199981689453,47.09751224235205,-14.239970987513852,239.47999572753903,0,Intel Stock Is Now a Compelling Long-Term Investment,headlinesIter270.csv
2022-02-03,NVDA,239.47999572753903,41.603764614552006,-13.868418572388244,243.19000244140625,1,This Is One of the Best Chip Stocks to Own in February,headlinesIter271.csv
2022-02-04,NVDA,243.19000244140625,43.63384921111511,-13.395408246763363,247.27999877929688,1,"Ameraudi Asset Management, Inc. Buys Health Care Select Sector SPDR, The Energy Select Sector ...",headlinesIter272.csv
2022-02-07,NVDA,247.27999877929688,45.86801869533742,-12.78781770345204,251.0800018310547,1,"Benjamin F. Edwards &amp; Company, Inc. Buys iShares iBonds Dec 2030 Term Corporate ETF, SPDR ...",headlinesIter273.csv
2022-02-08,NVDA,251.0800018310547,47.93295370932959,-12.03795293465156,267.04998779296875,1,"Smith Chas P &amp; Associates Pa Cpas Buys ProShares UltraPro Dow30, Vanguard Total Stock ...",headlinesIter274.csv
2022-02-09,NVDA,267.04998779296875,55.5986846746922,-10.955993859309412,258.239990234375,0,10 Best Cryptocurrencies To Invest Your $1000,headlinesIter275.csv
2022-02-10,NVDA,258.239990234375,51.12675658261429,-9.838190028376967,239.4900054931641,0,10 Best Cryptocurrencies to Invest In For Beginners in 2022 According to Reddit,headlinesIter276.csv
2022-02-11,NVDA,239.4900054931641,43.16866819387094,-9.0332383535339,242.6699981689453,1,Nvidia Offers Offers Clarity in an Uncertain Economy,headlinesIter277.csv
2022-02-14,NVDA,242.6699981689453,44.73969529058254,-8.395249742763687,264.95001220703125,1,"NVIDIA GTC 2022 to Feature Keynote From CEO Jensen Huang, New Products, 900+ Sessions From Industry and AI Leaders",headlinesIter278.csv
2022-02-15,NVDA,264.95001220703125,54.27661707574205,-7.520755679363013,265.1099853515625,1,Will Nvidia (NVDA) Earnings Match Rivals?,headlinesIter279.csv
2022-02-16,NVDA,265.1099853515625,54.33755258367013,-6.524173402386862,245.07000732421875,0,Nvidia partners with Jaguar Land Rover on 'next generation' vehicles,headlinesIter280.csv
2022-02-17,NVDA,245.07000732421875,46.05694747651714,-5.808167322393533,236.4199981689453,0,The Xilinx Deal Will Accelerate Growth in Advanced Micro Devices,headlinesIter281.csv
2022-02-18,NVDA,236.4199981689453,43.01019336955071,-5.430323044735573,233.8999938964844,0,3 Lidar Stocks to Buy as Amazon Bet Shines Light on Autonomous Vehicles,headlinesIter282.csv
2022-02-22,NVDA,233.8999938964844,42.1356894658767,-5.312067646600918,223.8699951171875,0,Intel chief says he would be open to joining consortium to buy Arm,headlinesIter283.csv
2022-02-23,NVDA,223.8699951171875,38.75788351181061,-5.510632168316938,237.47999572753903,1,AMD is now worth more than rival Intel,headlinesIter284.csv
2022-02-24,NVDA,237.47999572753903,45.17983311928969,-5.667664741357607,241.57000732421875,1,7 Electric Vehicle Stocks With Strong Price Targets,headlinesIter285.csv
2022-02-25,NVDA,241.57000732421875,46.979177295070905,-5.71226248594523,243.8500061035156,1,"Got $5,000? 3 Tech Stocks to Buy and Hold For the Long Term",headlinesIter286.csv
2022-02-28,NVDA,243.8500061035156,48.00374511596317,-5.634654920239687,234.7700042724609,0,Nvidia's Quarter Shows Why It's the Best Tech Stock to Beat Inflation,headlinesIter287.csv
2022-03-01,NVDA,234.7700042724609,44.3298518556401,-5.616543358130159,242.1999969482422,1,"Target, Chevron Rise Premarket; Zoom, Lucid Fall",headlinesIter288.csv
2022-03-02,NVDA,242.1999969482422,47.84720621810236,-5.505329744348439,237.13999938964844,0,3 Smartest Tech Stocks To Buy in 2022 and Beyond,headlinesIter289.csv
2022-03-03,NVDA,237.13999938964844,45.72823624236214,-5.409773115348334,229.3600006103516,0,Why Now Could Be the Best Time to Buy Nvidia in Over a Year,headlinesIter290.csv
2022-03-04,NVDA,229.3600006103516,42.60407618157468,-5.440834586910453,213.5200042724609,0,Nvidia Stock Is a Buy Even After the Arm Deal Came Apart,headlinesIter291.csv
2022-03-07,NVDA,213.5200042724609,37.05349749006163,-5.789946664938684,215.13999938964844,1,Buying These 3 Robinhood Stocks Could Be the Smartest Investing Move You Ever Make,headlinesIter292.csv
2022-03-08,NVDA,215.13999938964844,37.94395765995616,-6.281063133846182,230.13999938964844,1,Why Micron (MU) May Be a Good Bet Amid Highly Volatile Market,headlinesIter293.csv
2022-03-09,NVDA,230.13999938964844,45.61546260703561,-6.581808014316261,226.5800018310547,0,These 3 Household Tech Stocks Can Give Your Portfolio a Boost,headlinesIter294.csv
2022-03-10,NVDA,226.5800018310547,44.21831650605842,-6.789262537691725,221.0,0,10 Best Semiconductor Stocks to Invest in According to DE Shaw,headlinesIter295.csv
2022-03-11,NVDA,221.0,42.04456960768121,-7.000920931246189,213.3000030517578,0,"Zacks Investment Ideas feature highlights: Apple, Advanced Micro Devices and Nvidia",headlinesIter296.csv
2022-03-14,NVDA,213.3000030517578,39.18213383929469,-7.311011185664288,229.72999572753903,1,Apple iPhone SE is a more than $20 billion opportunity: analyst,headlinesIter297.csv
2022-03-15,NVDA,229.72999572753903,47.40956246045187,-7.387746969358173,244.9600067138672,1,Chip design firm SiFive to sell OpenFive to Canadian tech company,headlinesIter298.csv
2022-03-16,NVDA,244.9600067138672,53.66667469540816,-7.054373975051434,247.66000366210935,1,Nvidia Placed on Wells Fargo's Signature Pick List,headlinesIter299.csv
2022-03-17,NVDA,247.66000366210935,54.69576550009295,-6.422273487425356,264.5299987792969,1,"These 2 Artificial Intelligence Stocks Are Set for Strong Growth, Says Truist",headlinesIter300.csv
2022-03-18,NVDA,264.5299987792969,60.58617134681264,-5.352283566739088,267.3399963378906,1,Why Nvidia Stock Rocketed 18% Higher This Week,headlinesIter301.csv
2022-03-21,NVDA,267.3399963378906,61.48446438271687,-4.006892865670681,265.239990234375,0,"Semiconductor Watchlist: Micron, Nvidia Applied Materials",headlinesIter302.csv
2022-03-22,NVDA,265.239990234375,60.37697378500296,-2.58378574609156,256.3399963378906,0,"Kroger and NVIDIA to Reinvent the Shopping Experience Through State-of-the-Art, AI-Enabled Applications and Services",headlinesIter303.csv
2022-03-23,NVDA,256.3399963378906,55.79040410141528,-1.3226743420433158,281.5,1,10 Finance Stocks to Invest In According to Paul Tudor Jones’s Tudor Investment Corp,headlinesIter304.csv
2022-03-24,NVDA,281.5,64.09435949270141,0.1752195484156558,276.9200134277344,0,Nvidia CEO Jensen Huang: Our Grace CPU is ‘a new growth market’,headlinesIter305.csv
2022-03-25,NVDA,276.9200134277344,61.81809730469813,1.669531669593989,282.19000244140625,1,Meta (FB) Steps Forward in Metaverse With VNTANA Collaboration,headlinesIter306.csv
2022-03-28,NVDA,282.19000244140625,63.427580169408174,3.1635388929645294,286.5599975585937,1,Nvidia is the most important tech company on planet: analyst,headlinesIter307.csv
2022-03-29,NVDA,286.5599975585937,64.75433425688604,4.641547059680214,276.8999938964844,0,Kroger teams with tech giant to build artificial intelligence lab,headlinesIter308.csv
2022-03-30,NVDA,276.8999938964844,59.60664373670211,5.867348956062017,272.8599853515625,0,What Nvidia's Booming Growth Means for Intel,headlinesIter309.csv
2022-03-31,NVDA,272.8599853515625,57.54624968157665,6.792985435397407,267.1199951171875,0,"Electric vehicle adoption is ‘a major uplift’ for chipmakers, analyst says",headlinesIter310.csv
2022-04-01,NVDA,267.1199951171875,54.65554704803832,7.374899873049602,273.6000061035156,1,"Next Generation Of The Internet Is A $13 Trillion Market, Bank Says",headlinesIter311.csv
2022-04-04,NVDA,273.6000061035156,57.2653958618607,7.79744697965307,259.3099975585937,0,Apple (AAPL) Now Rumored to Launch Foldable iPhone in 2025,headlinesIter312.csv
2022-04-05,NVDA,259.3099975585937,50.37913711045321,7.852194413813489,244.07000732421875,0,AMD Acquires Pensando to Build Leading-Edge Data Center,headlinesIter313.csv
2022-04-06,NVDA,244.07000732421875,44.26557827909395,7.412500305040655,242.0800018310547,0,Qualcomm's Autonomous Vehicle Segment Just Got a Big Boost,headlinesIter314.csv
2022-04-07,NVDA,242.0800018310547,43.52287520917611,6.637305344844323,231.19000244140625,0,Better Metaverse Chip Stock: Nvidia vs. Qualcomm,headlinesIter315.csv
2022-04-08,NVDA,231.19000244140625,39.60658605530098,5.503590609994252,219.1699981689453,0,Meta (FB) Plans to Introduce Virtual Coins to Diversify Income,headlinesIter316.csv
2022-04-11,NVDA,219.1699981689453,35.77962210527805,4.00027788165028,215.0399932861328,0,10 Growth ETFs to Buy Now,headlinesIter317.csv
2022-04-12,NVDA,215.0399932861328,34.544536779912235,2.269105170354172,222.02999877929688,1,Here's Why BofA Views Nvidia As Leading Growth Company In Semis,headlinesIter318.csv
2022-04-13,NVDA,222.02999877929688,38.41906749988271,0.5922148757640839,212.5800018310547,0,3 of the Best Momentum Stocks to Buy Using Driehaus Strategy,headlinesIter319.csv
2022-04-14,NVDA,212.5800018310547,35.37077512492669,-1.1148658510624283,217.8300018310547,1,These 2 High-Growth Stocks Could Power the Bull Market's Next Record Run,headlinesIter320.csv
2022-04-18,NVDA,217.8300018310547,38.29970748094817,-2.6650796748620302,221.97999572753903,1,Here’s Why You Should Consider Investing in Nvidia Corp. (NVDA),headlinesIter322.csv
2022-04-19,NVDA,221.97999572753903,40.59163476301833,-3.9634226081088304,214.82000732421875,0,Nvidia (NVDA) Outpaces Stock Market Gains: What You Should Know,headlinesIter323.csv
2022-04-20,NVDA,214.82000732421875,37.97095093229017,-5.141036456109897,201.8300018310547,0,AMD EPYC CPUs Help Mercedes-AMG F1 Team Win Pole Position,headlinesIter324.csv
2022-04-21,NVDA,201.8300018310547,33.71772850215588,-6.376777677443018,195.1499938964844,0,10 Technology Stocks to Invest in According to Billionaire Paul Tudor Jones,headlinesIter325.csv
2022-04-22,NVDA,195.1499938964844,31.748303392485,-7.676214072429015,199.0200042724609,1,SoftBank Wants Controlling Stake In Arm Post IPO - Read Why,headlinesIter326.csv
2022-04-25,NVDA,199.0200042724609,34.14807265417238,-8.868215365342305,187.8800048828125,0,AMD Has Three Main Layers of Support According to This Chart,headlinesIter327.csv
2022-04-26,NVDA,187.8800048828125,30.791858546262613,-10.08791146749821,184.1499938964844,0,Smart Investors Will Buy Nvidia Stock As It Hits a New 2022 Low,headlinesIter328.csv
2022-04-27,NVDA,184.1499938964844,29.737947211477668,-11.297545410403815,197.82000732421875,1,Take Advantage of the Current Rally in CrowdStrike,headlinesIter329.csv
2022-04-28,NVDA,197.82000732421875,38.09982070579866,-12.19361510513801,185.47000122070312,0,Tesla Could See 50% Revenue Growth in Next Few Years,headlinesIter330.csv
2022-04-29,NVDA,185.47000122070312,34.146093521816766,-13.015420768860125,195.3300018310547,1,2 Top Growth Stocks to Buy Now and Hold Through Any Market Crash,headlinesIter331.csv
2022-05-02,NVDA,195.3300018310547,39.54048976848825,-13.560623438085932,196.0200042724609,1,11 Best Video Game Stocks To Invest in Now,headlinesIter332.csv
2022-05-03,NVDA,196.0200042724609,39.91143645229848,-13.861960294419193,203.33999633789065,1,"Is Qualcomm Stock A Buy? In Big Win, Chip Giant QCOM Lands Deal With Volkswagen",headlinesIter333.csv
2022-05-04,NVDA,203.33999633789065,43.8474875457144,-13.846269798060607,188.44000244140625,0,The Stellar Cloud Business Update Bodes Incredibly Well for Nvidia,headlinesIter334.csv
2022-05-05,NVDA,188.44000244140625,38.3419107955103,-13.83885747128225,186.75,0,Your investments and why it’s right to diversify,headlinesIter335.csv
2022-05-06,NVDA,186.75,37.76273884866335,-13.83244375366406,169.5,0,"Costco, Nvidia Lauded by AAP's Versace",headlinesIter336.csv
2022-05-09,NVDA,169.5,32.38537793759021,-14.07067890048029,175.9499969482422,1,Looking for Stocks with Positive Earnings Momentum? Check Out These 2 Computer and Technology Names,headlinesIter337.csv
2022-05-10,NVDA,175.9499969482422,36.05217257937876,-14.314790678190004,166.3000030517578,0,"Where Nvidia, AMD, Intel and Qualcomm Shares Now Stand",headlinesIter338.csv
2022-05-11,NVDA,166.3000030517578,33.15516660603393,-14.671122784573416,161.75,0,"3 Stocks That Can Turn $10,000 Into $50,000 by 2025",headlinesIter339.csv
2022-05-12,NVDA,161.75,31.855385708662958,-15.118267085865504,177.05999755859375,1,How to Invest in Web 3.0? 3 Stocks That Will Be the Long-Term Winner,headlinesIter340.csv
2022-05-13,NVDA,177.05999755859375,40.331762640274896,-15.320171010346524,172.63999938964844,0,This Semiconductor Giant Just Reported Over 50% Growth,headlinesIter341.csv
2022-05-16,NVDA,172.63999938964844,38.8300783369036,-15.393379601006831,181.7700042724609,1,"Top Analyst Reports for NVIDIA, Home Depot, Pfizer &amp; Others",headlinesIter342.csv
2022-05-17,NVDA,181.7700042724609,43.50898538359171,-15.201338212939906,169.3800048828125,0,Advanced Micro Devices Stock Offers More Than 36.50% Upside for Buyers,headlinesIter343.csv
2022-05-18,NVDA,169.3800048828125,39.1342800994968,-15.016138683084144,171.24000549316406,1,"Baidu's Chip Affiliate Explores Second Funding Round, Wants To Capitalize On Growing Appetite From Venture Capitalists",headlinesIter344.csv
2022-05-19,NVDA,171.24000549316406,40.10784800399726,-14.781035921864754,166.94000244140625,0,10 Stocks Under $30 to Invest in According to Bruce Kovner’s Caxton Associates,headlinesIter345.csv
2022-05-20,NVDA,166.94000244140625,38.57180352595081,-14.561894323775816,168.97999572753906,1,"Yes, Nvidia Stock is Expensive — But Oppenheimer Says It’s Worth the Price",headlinesIter346.csv
2022-05-23,NVDA,168.97999572753906,39.75068782045074,-14.298508234040645,161.5399932861328,0,Ray Dalio is Buying These 10 Stocks in 2022,headlinesIter347.csv
2022-05-24,NVDA,161.5399932861328,36.96445891199856,-14.107309389244495,169.75,1,Taiwan’s Tech Titans Adopt World’s First NVIDIA Grace CPU-Powered System Designs,headlinesIter348.csv
2022-05-25,NVDA,169.75,41.811373532194615,-13.808239796647165,178.50999450683594,1,"With Nvidia Earnings on Tap, Be Smart with NVDA Stock",headlinesIter349.csv
2022-05-26,NVDA,178.50999450683594,46.53518901413872,-13.286004263627984,188.1100006103516,1,How To Invest In Stocks In A Bear Market: Protect And Prepare With 3-Step Routine,headlinesIter350.csv
2022-05-27,NVDA,188.1100006103516,51.20974402153087,-12.467825110449704,186.72000122070312,0,Nvidia's Profit Has More Room to Run Thanks to This Technology,headlinesIter351.csv
2022-05-31,NVDA,186.72000122070312,50.52097790986535,-11.50080446575333,183.1999969482422,0,Qualcomm Keen To Procure Stake In Arm Ltd In Impending IPO,headlinesIter352.csv
2022-06-01,NVDA,183.1999969482422,48.733423173928735,-10.52113263040628,195.9199981689453,1,Nvidia's Potential Is Massive as 2 New Data Center Types Emerge,headlinesIter353.csv
2022-06-02,NVDA,195.9199981689453,54.93818262863691,-9.357967310406735,187.1999969482422,0,"1 Green Flag for Nvidia in 2022, and 1 Red Flag",headlinesIter354.csv
2022-06-03,NVDA,187.1999969482422,50.43197991819779,-8.25856070337601,187.8600006103516,1,"Nvidia, ON Semi, AMD Among Bank of America's Top Chip Stocks",headlinesIter355.csv
2022-06-06,NVDA,187.8600006103516,50.761178961485584,-7.227396630111642,189.25999450683597,1,"Apple debuts new M2 chip, redesigned MacBook Air",headlinesIter356.csv
2022-06-07,NVDA,189.25999450683597,51.49702983034994,-6.254252195742606,186.47999572753903,0,This Chip Stock Is One of the Best to Own in H2,headlinesIter357.csv
2022-06-08,NVDA,186.47999572753903,49.902233272693735,-5.398585737318959,180.47999572753903,0,Agilent (A) to Provide Genomics Innovation Via New Tie-Ups,headlinesIter358.csv
2022-06-09,NVDA,180.47999572753903,46.55144056228589,-4.744829674773159,169.74000549316406,0,3 Stocks That Could Be Worth More Than Meta by 2032,headlinesIter359.csv
2022-06-10,NVDA,169.74000549316406,41.21643012973576,-4.412433954724942,156.47000122070312,0,Fortinet (FTNT) to Split Stock in 5 to Attract More Investors,headlinesIter360.csv
2022-06-13,NVDA,156.47000122070312,35.762801730398834,-4.500543742825888,158.36000061035156,1,16 Best Beginner Stocks To Invest In Right Now,headlinesIter361.csv
2022-06-14,NVDA,158.36000061035156,37.04056752528174,-4.807187890230158,165.27000427246094,1,"Forget Inflation and Intel, With Data Center Strength Nvidia Is a Long-Term Buy",headlinesIter362.csv
2022-06-15,NVDA,165.27000427246094,41.613340035367976,-5.113528721151509,156.00999450683594,0,FTSE 100: SoftBank plots additional London listing for Arm,headlinesIter363.csv
2022-06-16,NVDA,156.00999450683594,37.66532859202702,-5.539703827843185,158.8000030517578,1,7 Growth Stocks That Cathie Wood Is Bullish on Right Now,headlinesIter364.csv
2022-06-17,NVDA,158.8000030517578,39.52692965749869,-5.961508871265655,165.66000366210938,1,4 Compelling Reasons Nvidia Is My Newest Stock Buy,headlinesIter365.csv
2022-06-21,NVDA,165.66000366210938,43.95861681012116,-6.2354283385252165,163.60000610351562,0,"Why Amazon, Nvidia, and Meta Platforms Are Climbing Higher Today",headlinesIter366.csv
2022-06-22,NVDA,163.60000610351562,42.9409492045585,-6.42095093599529,162.25,0,Jump on the Metaverse Bandwagon With These 4 Tech Stocks,headlinesIter367.csv
2022-06-23,NVDA,162.25,42.25063175956239,-6.548246599800845,171.25999450683594,1,"KeyBanc Sees Steady Cloud Growth Resuming Led By Intel; Nvidia, AMD",headlinesIter368.csv
2022-06-24,NVDA,171.25999450683594,48.23214238114343,-6.4736997219017365,168.69000244140625,0,"Intel wins latest race in chip uses for the cloud, says KeyBanc Capital Markets",headlinesIter369.csv
2022-06-27,NVDA,168.69000244140625,46.74487324063975,-6.302797570974711,159.82000732421875,0,Apple prepares to release over 20 products and updates this year,headlinesIter370.csv
2022-06-28,NVDA,159.82000732421875,41.9382547878902,-6.207611015803769,155.4199981689453,0,Qualcomm CFO explains product expansion to create ‘better Wi-Fi’,headlinesIter371.csv
2022-06-29,NVDA,155.4199981689453,39.75448583808066,-6.220922540799135,151.58999633789062,0,Siemens and NVIDIA to enable industrial metaverse,headlinesIter372.csv
2022-06-30,NVDA,151.58999633789062,37.90430184451984,-6.348467449834213,145.22999572753906,0,10 Warren Buffett Stocks to Buy for the Second Half of 2022,headlinesIter373.csv
2022-07-01,NVDA,145.22999572753906,34.99197512581802,-6.627926169754167,149.63999938964844,1,Nvidia Partners Up to Create the Ultimate Metaverse,headlinesIter374.csv
2022-07-05,NVDA,149.63999938964844,38.519387656342815,-6.902486418177055,151.3000030517578,1,2 Explosive Growth Stocks to Buy in 2022 and Beyond,headlinesIter375.csv
2022-07-06,NVDA,151.3000030517578,39.84261066034671,-7.1173669459655,158.5800018310547,1,The 100 Best Companies to Work for Are Great Stocks to Buy in a Crisis,headlinesIter376.csv
2022-07-07,NVDA,158.5800018310547,45.39330942348423,-7.151206941070984,158.3800048828125,0,"America’s Frontier Fund to ‘start a brand new renaissance’ in tech, CEO says",headlinesIter377.csv
2022-07-08,NVDA,158.3800048828125,45.26973080506147,-7.056692076510105,151.52000427246094,0,10 Cheap ETFs to Invest in For Beginners,headlinesIter378.csv
2022-07-11,NVDA,151.52000427246094,41.133258914710666,-6.98004517245658,150.82000732421875,0,New Metaverse Angle Should Spur Investor Interest in Nvidia,headlinesIter379.csv
2022-07-12,NVDA,150.82000732421875,40.72434401200712,-6.913874624865721,151.63999938964844,1,10 Best Data Center Stocks To Invest In,headlinesIter380.csv
2022-07-13,NVDA,151.63999938964844,41.4585225500462,-6.828898610696962,153.72000122070312,1,Best Stocks for 2022: Nvidia Has What It Takes to Bounce Back,headlinesIter381.csv
2022-07-14,NVDA,153.72000122070312,43.37443907660406,-6.687840621802003,157.6199951171875,1,Prediction: These Growth Stocks Will Be Worth $1 Trillion by 2030,headlinesIter382.csv
2022-07-15,NVDA,157.6199951171875,46.88453349260218,-6.441560964069862,161.00999450683594,1,Single-stock focused ETF launches in the U.S.,headlinesIter383.csv
2022-07-18,NVDA,161.00999450683594,49.79760467321172,-6.073473708630614,169.9199981689453,1,"Tesla upgraded to Deutsche Bank's 'short-term buy' list, Uber settles disabled passenger lawsuit",headlinesIter384.csv
2022-07-19,NVDA,169.9199981689453,56.5436101141367,-5.492338973219283,178.07000732421875,1,Senate Votes on Chips Act Today. What It Means for Intel and Other Stocks.,headlinesIter385.csv
2022-07-20,NVDA,178.07000732421875,61.62348151721196,-4.665587460285456,180.5,1,Motorsport Games Brings Two Titles to NVIDIA GeForce NOW,headlinesIter386.csv
2022-07-21,NVDA,180.5,63.011814532458885,-3.678824858549437,173.19000244140625,0,10 Best Value ETFs To Invest In,headlinesIter387.csv
2022-07-22,NVDA,173.19000244140625,56.401587754562186,-2.7517400880862035,170.24000549316406,0,Want to Invest in the Metaverse? 3 Promising Ways to Gain Exposure,headlinesIter388.csv
2022-07-25,NVDA,170.24000549316406,53.94228102318175,-1.9514532478116355,165.3300018310547,0,"2 Growth Stocks That Could Turn $100,000 Into $1 Million by 2030",headlinesIter389.csv
2022-07-26,NVDA,165.3300018310547,50.031948265774616,-1.3464817363465276,177.89999389648438,1,Chips bill advances in Senate — Here's what's in the $79B legislation,headlinesIter390.csv
2022-07-27,NVDA,177.89999389648438,58.355040762206166,-0.6920279091935484,179.83999633789062,1,Siemens USA CEO: U.S. chip manufacturing is 'essential' for next era,headlinesIter391.csv
2022-07-28,NVDA,179.83999633789062,59.4769215007132,-0.0083381987615154,181.6300048828125,1,Smartphones ‘still a very strong story for us’: Qualcomm CFO,headlinesIter392.csv
2022-07-29,NVDA,181.6300048828125,60.53337823307302,0.6864133978813801,184.41000366210935,1,Intel's Earnings: What It Means for AMD and Nvidia Investors,headlinesIter393.csv
2022-08-01,NVDA,184.41000366210935,62.18236741592322,1.3944671256750376,185.25999450683597,1,"CHIPS Act to ‘scale up’ the smartphone market, Akoustis CEO says",headlinesIter394.csv
2022-08-02,NVDA,185.25999450683597,62.69558603184038,2.0841238599977334,188.92999267578125,1,Don't Want to Miss Out on the Metaverse? Buy This Stock Right Now,headlinesIter395.csv
2022-08-03,NVDA,188.92999267578125,64.90985085195203,2.77989930709236,192.1499938964844,1,Nvidia Stock Can Thrive Despite CHIPS Act Pressure,headlinesIter396.csv
2022-08-04,NVDA,192.1499938964844,66.77335637320817,3.4880734321743,189.88999938964844,0,10 Stocks That Will Benefit from CHIPS Act,headlinesIter397.csv
2022-08-05,NVDA,189.88999938964844,64.19648494971159,4.122888233243932,177.92999267578125,0,The Best Mutual Funds Bet Big On AAPL Stock — And These Other Names,headlinesIter398.csv
2022-08-08,NVDA,177.92999267578125,52.622787711659335,4.4782329721863885,170.86000061035156,0,AMD Partners With ECARX to Launch In-Vehicle Computing Platform,headlinesIter399.csv
2022-08-09,NVDA,170.86000061035156,47.20501037800802,4.516779139024355,180.97000122070312,1,NVIDIA and Partners Build Out Universal Scene Description to Accelerate Industrial Metaverse and Next Wave of AI,headlinesIter400.csv
2022-08-10,NVDA,180.97000122070312,54.430086737532,4.505745946243926,179.4199981689453,0,The 7 Best Mutual Funds for Your 401k,headlinesIter401.csv
2022-08-11,NVDA,179.4199981689453,53.22740401296973,4.429216849714987,187.08999633789065,1,My Take: 3 Strong Growth Stocks to Buy This Week,headlinesIter402.csv
2022-08-12,NVDA,187.08999633789065,58.15467433037437,4.427923231299386,190.32000732421875,1,"Got $5,000? These Are 2 of the Best Growth Stocks to Buy Right Now",headlinesIter403.csv
2022-08-15,NVDA,190.32000732421875,60.06271184166819,4.515294372719056,188.7899932861328,0,"NVIDIA GTC to Feature CEO Jensen Huang Keynote Announcing New AI and Metaverse Technologies, 200+ Sessions With Top Tech, Business Execs",headlinesIter404.csv
2022-08-16,NVDA,188.7899932861328,58.69739058845036,4.618956978669155,183.3500061035156,0,These 3 Semiconductor Stocks Could Be Great Buys Right Now,headlinesIter405.csv
2022-08-17,NVDA,183.3500061035156,53.99747049738337,4.63007723829909,187.72999572753903,1,Don’t Give Up on Nvidia (NVDA) Stock After Earnings Miss,headlinesIter406.csv
2022-08-18,NVDA,187.72999572753903,56.98396644588365,4.641938099456845,178.49000549316406,0,"Got $5,000? Buy the Dip on This Mega-Tech Stock While It's Down 39%",headlinesIter407.csv
2022-08-19,NVDA,178.49000549316406,49.6596516758395,4.495642825853208,170.33999633789062,0,10 Best Self-Driving Stocks To Invest In,headlinesIter408.csv
2022-08-22,NVDA,170.33999633789062,44.25632815870678,4.117612275487714,171.80999755859375,1,Warren Buffett's Secret Portfolio Bought 3 New Supercharged Growth Stocks,headlinesIter409.csv
2022-08-23,NVDA,171.80999755859375,45.4100842537874,3.628219668867699,172.22000122070312,1,Why Things Are Looking Up for Nvidia Before Earnings,headlinesIter410.csv
2022-08-24,NVDA,172.22000122070312,45.7473668879153,3.092954174380252,179.1300048828125,1,What Intel's new deal with Brookfield means for investors,headlinesIter411.csv
2022-08-25,NVDA,179.1300048828125,51.21775981842151,2.6601915486564613,162.60000610351562,0,"Nvidia stock: The key is ‘to get back to growth,’ analyst says",headlinesIter412.csv
2022-08-26,NVDA,162.60000610351562,40.656670060193846,2.0445722763182386,158.00999450683594,0,"Novartis Looks Appealing, Based on Drug Pipeline and Planned Spinoff",headlinesIter413.csv
2022-08-29,NVDA,158.00999450683594,38.29532446668144,1.2687228318814023,154.67999267578125,0,Top 12 From Cathie Wood’s Q2 Portfolio,headlinesIter414.csv
2022-08-30,NVDA,154.67999267578125,36.63300069876417,0.3770956193435189,150.94000244140625,0,AMD Expands Portfolio With Zen 4 Powered Ryzen 7000 Chip Series,headlinesIter415.csv
2022-08-31,NVDA,150.94000244140625,34.80561647770355,-0.6008871204864155,139.3699951171875,0,"Top after-hours movers: Okta, Disney, Five Below and more",headlinesIter416.csv
2022-09-01,NVDA,139.3699951171875,29.84557629758733,-1.7649515267283589,136.47000122070312,0,"With new AI chip rules, U.S. takes aim at a critical niche",headlinesIter417.csv
2022-09-02,NVDA,136.47000122070312,28.740044020926117,-3.026871164123349,134.64999389648438,0,Qualcomm and Meta teaming to build future VR headsets,headlinesIter418.csv
2022-09-06,NVDA,134.64999389648438,28.038102690339866,-4.306110954253182,137.13999938964844,1,3 Non-Buffett Tech Stocks That Would Match Warren Buffett's Philosophy,headlinesIter419.csv
2022-09-07,NVDA,137.13999938964844,30.537724162763716,-5.479605735659808,139.89999389648438,1,"The Zacks Analyst Blog Highlights NVIDIA, Microsoft, Apple and Alphabet",headlinesIter420.csv
2022-09-08,NVDA,139.89999389648438,33.303196128656275,-6.468781828394656,143.8699951171875,1,NVDA Stock Will Be Rangebound for the Foreseeable Future,headlinesIter421.csv
2022-09-09,NVDA,143.8699951171875,37.17757472168545,-7.212493579497687,145.0500030517578,1,3 No-Brainer Tech Stocks to Buy if You Have Money to Invest,headlinesIter422.csv
2022-09-12,NVDA,145.0500030517578,38.32437959816744,-7.72810136855944,131.30999755859375,0,12 Best Reddit Stocks To Invest In,headlinesIter423.csv
2022-09-13,NVDA,131.30999755859375,31.18571202112916,-8.275308857618498,131.27999877929688,0,Prediction: 3 Growth Stocks That Could Be Worth $1 Trillion by 2030,headlinesIter424.csv
2022-09-14,NVDA,131.27999877929688,31.172059624910048,-8.795254415847614,129.2899932861328,0,7 Quantum Computing Stock Picks to Beat the September Market Slump,headlinesIter425.csv
2022-09-15,NVDA,129.2899932861328,30.22673739999953,-9.28255953013097,131.97999572753906,1,Arm Bags Nvidia As Its First Customer For New Processor Chip,headlinesIter426.csv
2022-09-16,NVDA,131.97999572753906,33.17675764796673,-9.659786658468848,133.82000732421875,1,ARM listing: Why UK is desperate for Cambridge chipmaker to pick London,headlinesIter427.csv
2022-09-19,NVDA,133.82000732421875,35.19510697050532,-9.896871250232358,131.75999450683594,0,Nvidia Is on Sale and Cathie Wood Is a Big Buyer,headlinesIter428.csv
2022-09-20,NVDA,131.75999450683594,33.95844603283329,-10.043998178868655,132.61000061035156,1,NVIDIA and Deloitte to Bring New Services Built on NVIDIA AI and Omniverse Platforms to the World’s Enterprises,headlinesIter429.csv
