date,symbol,close,rsi,26-Day EMA,NextDayClose,Diff,Titles,filename
2021-01-05,SCHW,52.77000045776367,66.1929680804095,1.542133327506062,57.40999984741211,1,Santander (SC) Fined $4.75M for Credit Reporting Violation,headlinesIter1.csv
2021-01-06,SCHW,57.40999984741211,80.56128466327309,1.5714021729552818,59.060001373291016,1,Santander (SC) Fined $4.75M for Credit Reporting Violation,headlinesIter2.csv
2021-01-07,SCHW,59.060001373291016,83.28227569013782,1.6660859742770646,58.97999954223633,0,Santander (SC) Fined $4.75M for Credit Reporting Violation,headlinesIter3.csv
2021-01-08,SCHW,58.97999954223633,82.67797975859749,1.7917333918789464,60.25,1,This fund manager says Amazon and other large-cap tech companies will make lots of money for investors for years to come,headlinesIter4.csv
2021-01-11,SCHW,60.25,84.58959221333785,1.9463799517820264,61.20000076293945,1,This fund manager says Amazon and other large-cap tech companies will make lots of money for investors for years to come,headlinesIter5.csv
2021-01-12,SCHW,61.20000076293945,85.84774055962947,2.121816297767963,59.5099983215332,0,This fund manager says Amazon and other large-cap tech companies will make lots of money for investors for years to come,headlinesIter6.csv
2021-01-13,SCHW,59.5099983215332,74.23639256838463,2.2692875652980526,59.33000183105469,0,This fund manager says Amazon and other large-cap tech companies will make lots of money for investors for years to come,headlinesIter7.csv
2021-01-14,SCHW,59.33000183105469,73.10230592160613,2.3834562716265526,58.75,0,This fund manager says Amazon and other large-cap tech companies will make lots of money for investors for years to come,headlinesIter8.csv
2021-01-15,SCHW,58.75,69.42205964367439,2.456080696097497,59.22999954223633,1,This fund manager says Amazon and other large-cap tech companies will make lots of money for investors for years to come,headlinesIter9.csv
2021-01-19,SCHW,59.22999954223633,70.73513159147808,2.5009190848439906,58.61000061035156,0,"Yacktman Focused Fund Focuses on Charles Schwab, Tyson Foods",headlinesIter10.csv
2021-01-20,SCHW,58.61000061035156,66.74806251833985,2.5103994009444888,58.70000076293945,1,"Company News for Jan 20, 2021",headlinesIter11.csv
2021-01-21,SCHW,58.70000076293945,67.03850655390579,2.492935180108716,58.400001525878906,0,"Company News for Jan 20, 2021",headlinesIter12.csv
2021-01-22,SCHW,58.400001525878906,65.00041711488578,2.4490299326797023,57.08000183105469,0,"Company News for Jan 20, 2021",headlinesIter13.csv
2021-01-25,SCHW,57.08000183105469,56.81566771544162,2.364211888854737,56.209999084472656,0,"Company News for Jan 20, 2021",headlinesIter14.csv
2021-01-26,SCHW,56.209999084472656,52.154324865059486,2.238927896047799,53.290000915527344,0,Top Ranked Momentum Stocks to Buy for January 26th,headlinesIter15.csv
2021-01-27,SCHW,53.290000915527344,40.225640673887504,2.04315838936246,53.7400016784668,1,Top Ranked Momentum Stocks to Buy for January 26th,headlinesIter16.csv
2021-01-28,SCHW,53.7400016784668,42.41165093310689,1.8159952172376144,51.540000915527344,0,Top Ranked Momentum Stocks to Buy for January 26th,headlinesIter17.csv
2021-01-29,SCHW,51.540000915527344,35.56399314356855,1.5418246249536642,53.369998931884766,1,Top Ranked Momentum Stocks to Buy for January 26th,headlinesIter18.csv
2021-02-01,SCHW,53.369998931884766,43.7059997713585,1.2782455872413965,54.540000915527344,1,Top Ranked Momentum Stocks to Buy for January 26th,headlinesIter19.csv
2021-02-02,SCHW,54.540000915527344,48.21163181587968,1.0508756975014388,53.459999084472656,0,Yacktman Asset Management's Top 4 Buys of the 4th Quarter,headlinesIter20.csv
2021-02-03,SCHW,53.459999084472656,44.65843178757421,0.8384941488247744,55.20000076293945,1,10 Biggest Online Brokers in 2021,headlinesIter21.csv
2021-02-04,SCHW,55.20000076293945,50.93278665924088,0.6724900064442059,55.7400016784668,1,10 Biggest Online Brokers in 2021,headlinesIter22.csv
2021-02-05,SCHW,55.7400016784668,52.724161098752255,0.5513391937694528,55.84999847412109,1,10 Biggest Online Brokers in 2021,headlinesIter23.csv
2021-02-08,SCHW,55.84999847412109,53.099773686878216,0.465150826078015,56.27000045776367,1,Top Insider Buys Highlight for the Week of Feb. 5,headlinesIter24.csv
2021-02-09,SCHW,56.27000045776367,54.58355541348696,0.4110350917466566,55.70000076293945,0,Top Insider Buys Highlight for the Week of Feb. 5,headlinesIter25.csv
2021-02-10,SCHW,55.70000076293945,52.171239404311365,0.3698278545278385,55.93000030517578,1,Top Insider Buys Highlight for the Week of Feb. 5,headlinesIter26.csv
2021-02-11,SCHW,55.93000030517578,53.07247240027741,0.3416981605639654,58.18999862670898,1,Top Insider Buys Highlight for the Week of Feb. 5,headlinesIter27.csv
2021-02-12,SCHW,58.18999862670898,60.87399380574786,0.3585179764495455,60.95000076293945,1,Tesla is on this list of 20 S&amp;P 500 companies that have produced the biggest sales increases along with pricing power,headlinesIter28.csv
2021-02-16,SCHW,60.95000076293945,67.89381857222135,0.4458466388773369,61.29999923706055,1,Tesla is on this list of 20 S&amp;P 500 companies that have produced the biggest sales increases along with pricing power,headlinesIter29.csv
2021-02-17,SCHW,61.29999923706055,68.66167141723152,0.5773588141102328,61.93000030517578,1,Tesla is on this list of 20 S&amp;P 500 companies that have produced the biggest sales increases along with pricing power,headlinesIter30.csv
2021-02-18,SCHW,61.93000030517578,70.05016413714317,0.7384056552206069,61.90999984741211,0,Tesla is on this list of 20 S&amp;P 500 companies that have produced the biggest sales increases along with pricing power,headlinesIter31.csv
2021-02-19,SCHW,61.90999984741211,69.94421366348047,0.9075198397183344,62.95000076293945,1,How do brokerage firms make money: Yahoo U,headlinesIter32.csv
2021-02-22,SCHW,62.95000076293945,72.29109722697359,1.087349419673721,62.66999816894531,0,"Apex Clearing, ‘the Fintech for Fintechs,’ Is Going Public Via a SPAC",headlinesIter33.csv
2021-02-23,SCHW,62.66999816894531,70.69066051573829,1.2575226710462002,64.44000244140625,1,10 Best Bank Stocks for 2021,headlinesIter34.csv
2021-02-24,SCHW,64.44000244140625,74.52940896736295,1.4380959955681123,63.09999847412109,0,10 Best Bank Stocks for 2021,headlinesIter35.csv
2021-02-25,SCHW,63.09999847412109,67.33880334066035,1.5910652400570346,61.720001220703125,0,10 Best Bank Stocks for 2021,headlinesIter36.csv
2021-02-26,SCHW,61.720001220703125,60.829847271781446,1.693070471676896,64.0999984741211,1,This Hot Fund Likes Stocks Poised For The 'Real Economy' Rebound,headlinesIter37.csv
2021-03-01,SCHW,64.0999984741211,66.79163323375046,1.7918977806437686,63.79999923706055,0,Better Buy: iShares Russell 2000 Growth ETF vs Schwab U.S. Small-Cap ETF,headlinesIter38.csv
2021-03-02,SCHW,63.79999923706055,65.4395915753685,1.8746821282980988,64.95999908447266,1,Schwab Report: Year-End 2020 Self-Directed 401(k) Balances Up 13% Year-Over-Year Despite Ongoing Volatility and Q1 Market Lows,headlinesIter39.csv
2021-03-03,SCHW,64.95999908447266,68.12631379910364,1.957305706599922,64.7699966430664,0,Who Are the ETF Giants?,headlinesIter40.csv
2021-03-04,SCHW,64.7699966430664,67.20474079464167,2.0280047796725147,65.0199966430664,1,Who Are the ETF Giants?,headlinesIter41.csv
2021-03-05,SCHW,65.0199966430664,67.82154252893564,2.0868900125208785,64.45999908447266,0,Who Are the ETF Giants?,headlinesIter42.csv
2021-03-08,SCHW,64.45999908447266,64.87804885286218,2.1215928195234253,63.75,0,"Charles Schwab's (SCHW) Shares March Higher, Can It Continue?",headlinesIter43.csv
2021-03-09,SCHW,63.75,61.248542657819286,2.1231562120997824,65.02999877929688,1,"Charles Schwab's (SCHW) Shares March Higher, Can It Continue?",headlinesIter44.csv
2021-03-10,SCHW,65.02999877929688,65.0451340025499,2.1194490365770418,66.41000366210938,1,"Schwab, TD Ameritrade Experts Talk Retail Trader Sentiment, Inflation, Reopening Plays",headlinesIter45.csv
2021-03-11,SCHW,66.41000366210938,68.61523458050354,2.1298192261890723,67.6500015258789,1,"Schwab, TD Ameritrade Experts Talk Retail Trader Sentiment, Inflation, Reopening Plays",headlinesIter46.csv
2021-03-12,SCHW,67.6500015258789,71.43806881362215,2.1633983659348544,66.33999633789062,0,Schwab Reports Monthly Activity Highlights,headlinesIter47.csv
2021-03-15,SCHW,66.33999633789062,64.80642329562022,2.1839329618419496,65.47000122070312,0,Is Schwab Small-Cap Equity (SWSCX) a Strong Mutual Fund Pick Right Now?,headlinesIter48.csv
2021-03-16,SCHW,65.47000122070312,60.771632827121245,2.1763571439743297,65.69999694824219,1,1 Reason Charles Schwab Can Keep Winning,headlinesIter49.csv
2021-03-17,SCHW,65.69999694824219,61.45485237419608,2.150268489574986,66.06999969482422,1,Tencent-Backed Futu Taps Singapore's Retail Trading Boom: Bloomberg,headlinesIter50.csv
2021-03-18,SCHW,66.06999969482422,62.583839864849786,2.114946239144781,66.05000305175781,0,Tenth Edition of Schwab’s ETF Investor Study Shows Strong and Growing Appetite for ETFs,headlinesIter51.csv
2021-03-19,SCHW,66.05000305175781,62.47733272381448,2.0705487752918965,64.7699966430664,0,"If You Invested $1000 in The Charles Schwab Corporation 10 Years Ago, This Is How Much You'd Have Now",headlinesIter52.csv
2021-03-22,SCHW,64.7699966430664,55.91734811191355,1.9976495777438497,63.36000061035156,0,Is ServiceNow (NOW) Stock A Buy or Sell?,headlinesIter53.csv
2021-03-23,SCHW,63.36000061035156,49.72385623486867,1.8836588314110452,64.12000274658203,1,Charles Schwab Investment Management to Launch Schwab International Dividend Equity ETF,headlinesIter54.csv
2021-03-24,SCHW,64.12000274658203,52.76103914099121,1.7577204323649611,65.12999725341797,1,Is 3M (MMM) Stock A Buy or Sell?,headlinesIter55.csv
2021-03-25,SCHW,65.12999725341797,56.52015615980337,1.6430030471021115,65.70999908447266,1,"ETF Wrap: A year and change, and okay, boomer",headlinesIter56.csv
2021-03-26,SCHW,65.70999908447266,58.55956747899245,1.5468413049656808,64.11000061035156,0,"ETF Wrap: A year and change, and okay, boomer",headlinesIter57.csv
2021-03-29,SCHW,64.11000061035156,51.39756768576359,1.4382982324704805,64.76000213623047,1,Is Schwab Balanced Fund (SWOBX) a Strong Mutual Fund Pick Right Now?,headlinesIter58.csv
2021-03-30,SCHW,64.76000213623047,53.86608536804432,1.334777011297013,65.18000030517578,1,"Schwab, TD Ameritrade Are ‘Aggressively’ Hiring RIA Service Staff",headlinesIter59.csv
2021-03-31,SCHW,65.18000030517578,55.44091019801407,1.2434887413982714,66.44000244140625,1,"Schwab, TD Ameritrade Are ‘Aggressively’ Hiring RIA Service Staff",headlinesIter60.csv
2021-04-01,SCHW,66.44000244140625,59.86701760234079,1.1819217661329997,68.1500015258789,1,"Schwab, TD Ameritrade Are ‘Aggressively’ Hiring RIA Service Staff",headlinesIter61.csv
2021-04-05,SCHW,68.1500015258789,64.95474815002659,1.1667991630169765,67.30000305175781,0,Schwab Stock Has ‘Considerable Momentum.’ Why It Could Be a Bargain.,headlinesIter63.csv
2021-04-06,SCHW,67.30000305175781,60.82688584482141,1.1653591439028823,67.05000305175781,0,"Schwab Announces Redemption of All Outstanding Depositary Shares Representing Interests in Its 6.00% Non-Cumulative Perpetual Preferred Stock, Series C",headlinesIter64.csv
2021-04-07,SCHW,67.05000305175781,59.626664461140265,1.165925898341501,66.83999633789062,0,"If You Invested $1000 in The Charles Schwab Corporation a Decade Ago, This is How Much It'd Be Worth Now",headlinesIter65.csv
2021-04-08,SCHW,66.83999633789062,58.58098092294316,1.1617128339299674,67.56999969482422,1,"The Rise of the Investor Generation: 15% of U.S. Stock Market Investors Got Their Start in 2020, Schwab Study Shows",headlinesIter66.csv
2021-04-09,SCHW,67.56999969482422,61.13263179281629,1.1637237261276134,67.70999908447266,1,Gen I: What Investing's New Class Looks Like,headlinesIter67.csv
2021-04-12,SCHW,67.70999908447266,61.62094857190412,1.1691115061848387,66.5999984741211,0,Can You Retire a Millionaire With Index Funds?,headlinesIter68.csv
2021-04-13,SCHW,66.5999984741211,55.65099187931561,1.1559593647410322,67.44000244140625,1,Is Schwab Health Care Fund (SWHFX) a Strong Mutual Fund Pick Right Now?,headlinesIter69.csv
2021-04-14,SCHW,67.44000244140625,58.89637330968031,1.1426433241443554,65.5,0,Is Schwab Fundamental U.S. Broad Market Index ETF (FNDB) a Strong ETF Right Now?,headlinesIter70.csv
2021-04-15,SCHW,65.5,49.82744309216638,1.096366682414225,64.73999786376953,0,Schwab Reports Record First Quarter Earnings Per Share,headlinesIter71.csv
2021-04-16,SCHW,64.73999786376953,46.78796587975366,1.017232640825552,65.87999725341797,1,Schwab Reports Record First Quarter Earnings Per Share,headlinesIter72.csv
2021-04-19,SCHW,65.87999725341797,51.561054113813874,0.9375221002788277,63.68999862670898,0,Is Schwab Total Stock Market (SWTSX) a Strong Mutual Fund Pick Right Now?,headlinesIter73.csv
2021-04-20,SCHW,63.68999862670898,43.4904285917425,0.8245518280668458,65.4000015258789,1,Is Schwab Small-Cap Index (SWSSX) a Strong Mutual Fund Pick Right Now?,headlinesIter74.csv
2021-04-21,SCHW,65.4000015258789,50.0631368351513,0.7220598658697988,64.80000305175781,0,Should You Consider Investing in Charles Schwab (SCHW)?,headlinesIter75.csv
2021-04-22,SCHW,64.80000305175781,47.95548620619155,0.620289957689667,67.13999938964844,1,This Stock Is Tailor-Made for Volatile Times,headlinesIter76.csv
2021-04-23,SCHW,67.13999938964844,55.77528108084424,0.5602270743536133,67.7699966430664,1,This Stock Is Tailor-Made for Volatile Times,headlinesIter77.csv
2021-04-26,SCHW,67.7699966430664,57.62146313667116,0.538228309190601,69.63999938964844,1,These Top Hedge Funds are Buying Coinbase and Other Bitcoin Stocks,headlinesIter78.csv
2021-04-27,SCHW,69.63999938964844,62.61081076086269,0.5698486779608549,69.86000061035156,1,2021 Charles Schwab Challenge to Honor 75th Anniversary Celebration of Golf at Historic Texas Tournament,headlinesIter79.csv
2021-04-28,SCHW,69.86000061035156,63.160327711034114,0.6356300797040852,71.70999908447266,1,The Argus ESG Model Portfolio,headlinesIter80.csv
2021-04-29,SCHW,71.70999908447266,67.48760715823649,0.7474415009723708,70.4000015258789,0,Schwab Asset Management Launches Schwab International Dividend Equity ETF (SCHY),headlinesIter81.csv
2021-04-30,SCHW,70.4000015258789,61.93943155237059,0.8596384909451354,70.94000244140625,1,"LPL Financial (LPLA) Q1 Earnings Beat, Revenues Increase Y/Y",headlinesIter82.csv
2021-05-03,SCHW,70.94000244140625,63.279549020040605,0.9728517055152892,70.08999633789062,0,"Schwab’s Volunteer Week Goes Virtual, Expands to Month of Service",headlinesIter83.csv
2021-05-04,SCHW,70.08999633789062,59.71532006875336,1.0649883694279936,70.9800033569336,1,"Schwab’s Volunteer Week Goes Virtual, Expands to Month of Service",headlinesIter84.csv
2021-05-05,SCHW,70.9800033569336,62.12109869766146,1.1508569218035631,71.5199966430664,1,Fidelity Gains Young Investors and Trades. Why Robinhood Should Care.,headlinesIter85.csv
2021-05-06,SCHW,71.5199966430664,63.54365190559729,1.2342876136749177,71.75,1,Fidelity Gains Young Investors and Trades. Why Robinhood Should Care.,headlinesIter86.csv
2021-05-07,SCHW,71.75,64.1610383114836,1.312673105166009,71.0999984741211,0,It’s a good time to take advantage of virtual benefits,headlinesIter87.csv
2021-05-10,SCHW,71.0999984741211,61.016230158706485,1.3704250235626598,70.62999725341797,0,Was The Smart Money Right About 3M Company (MMM)?,headlinesIter88.csv
2021-05-11,SCHW,70.62999725341797,58.77301945062753,1.4015946962782206,69.12000274658203,0,Wall Street Slumps at Open as Correction Broadens; Dow Down 380 Pts,headlinesIter89.csv
2021-05-12,SCHW,69.12000274658203,52.14073815287331,1.3871835683581426,70.43000030517578,1,"Ready to Reset the ’20s: Economic Optimism, Celebratory Splurges and Healthy Money Habits on the Horizon as Americans Emerge From the Pandemic",headlinesIter90.csv
2021-05-13,SCHW,70.43000030517578,56.70530357306619,1.3626973067837267,73.25,1,Schwab Declares Preferred Stock Dividend,headlinesIter91.csv
2021-05-14,SCHW,73.25,64.54462957748552,1.375065342230971,73.0,0,How Much Money Does It Take to Be Wealthy? Here's What Americans Think,headlinesIter92.csv
2021-05-17,SCHW,73.0,63.44780726955046,1.402761928158989,70.9000015258789,0,Schwab's (SCHW) April Metrics Improve on Upbeat Markets,headlinesIter93.csv
2021-05-18,SCHW,70.9000015258789,54.99395304846961,1.4019128244205925,71.20999908447266,1,"If You Invested $1000 in The Charles Schwab Corporation a Decade Ago, This is How Much It'd Be Worth Now",headlinesIter94.csv
2021-05-19,SCHW,71.20999908447266,55.92748660389964,1.3849669339322368,70.73999786376953,0,"If You Invested $1000 in The Charles Schwab Corporation a Decade Ago, This is How Much It'd Be Worth Now",headlinesIter95.csv
2021-05-20,SCHW,70.73999786376953,54.095404907930686,1.3481650061701231,72.16999816894531,1,"Hey, Cathie Wood Fans, Here's a Value Stock You Might Love",headlinesIter96.csv
2021-05-21,SCHW,72.16999816894531,58.544979532889016,1.3205889957146917,72.61000061035156,1,"Top Analyst Reports for Cisco, Sanofi &amp; Charles Schwab",headlinesIter97.csv
2021-05-24,SCHW,72.61000061035156,59.83504933999877,1.3042512840488696,71.62999725341797,0,Should You Invest in the iShares U.S. BrokerDealers &amp; Securities Exchanges ETF (IAI)?,headlinesIter98.csv
2021-05-25,SCHW,71.62999725341797,55.6789646508593,1.2772059364921595,71.52999877929688,0,Charles Schwab Unveils Champion’s Prize for the 2021 Charles Schwab Challenge to Celebrate 75th Anniversary of the Tournament: a 1946 Schwab Power Wagon,headlinesIter99.csv
2021-05-26,SCHW,71.52999877929688,55.25720199964906,1.2403605840772605,73.8499984741211,1,Charles Schwab Unveils Champion’s Prize for the 2021 Charles Schwab Challenge to Celebrate 75th Anniversary of the Tournament: a 1946 Schwab Power Wagon,headlinesIter100.csv
2021-05-27,SCHW,73.8499984741211,62.3775783908882,1.23349148020762,73.8499984741211,0,"Schwab, Fidelity, or Both? Why Some Advisors Use Multiple Custodians.",headlinesIter101.csv
2021-05-28,SCHW,73.8499984741211,62.3775783908882,1.2429596213721466,74.63999938964844,1,"Schwab (SCHW) Rides on Strategic Buyouts, Expenses Rise",headlinesIter102.csv
2021-06-01,SCHW,74.63999938964844,64.60224320941992,1.271942342422556,74.93000030517578,1,The Big Q: Why Do You Use Multiple Custodians?,headlinesIter103.csv
2021-06-02,SCHW,74.93000030517578,65.41080779958958,1.3133648833036835,76.01000213623047,1,The Big Q: Why Do You Use Multiple Custodians?,headlinesIter104.csv
2021-06-03,SCHW,76.01000213623047,68.31363512289444,1.3746503984235825,75.72000122070312,0,Here's How Much You'd Have If You Invested $1000 in The Charles Schwab Corporation a Decade Ago,headlinesIter105.csv
2021-06-04,SCHW,75.72000122070312,66.6950558165805,1.4374130514598074,74.7300033569336,0,The Best Mutual Funds Bet Billions On These 4 Sectors,headlinesIter106.csv
2021-06-07,SCHW,74.7300033569336,61.35103599280066,1.4787404311269434,75.12000274658203,1,Is Charles Schwab (SCHW) A Great Stock to Invest In?,headlinesIter107.csv
2021-06-08,SCHW,75.12000274658203,62.62163659115134,1.507318011107622,72.8499984741211,0,25 Most Trusted Financial Companies Revealed In Survey,headlinesIter108.csv
2021-06-09,SCHW,72.8499984741211,51.921979274214166,1.4867541046571582,72.62000274658203,0,Is Schwab 1000 (SNXFX) a Strong Mutual Fund Pick Right Now?,headlinesIter109.csv
2021-06-10,SCHW,72.62000274658203,50.97169765143694,1.42940919964798,73.91999816894531,1,Top ETF Investing Areas to Park Your Money in June,headlinesIter110.csv
2021-06-11,SCHW,73.91999816894531,55.886228020185634,1.369499546988569,72.01000213623047,0,A Quick Guide to the 25 Cheapest ETFs,headlinesIter111.csv
2021-06-14,SCHW,72.01000213623047,48.23588749558313,1.2775286855117438,72.54000091552734,1,Best Online Brokers: A Year Of Change . . . With New Leadership,headlinesIter112.csv
2021-06-15,SCHW,72.54000091552734,50.2702094486429,1.1758278186987243,73.75,1,Schwab's (SCHW) May Metrics Improve as Markets Appreciate,headlinesIter113.csv
2021-06-16,SCHW,73.75,54.651929088032205,1.089984579787372,72.13999938964844,0,Charles Schwab Recognized as One of the 50 Most Community-Minded Companies in the United States,headlinesIter114.csv
2021-06-17,SCHW,72.13999938964844,48.525296506887926,0.99040972450148,69.83000183105469,0,Charles Schwab Recognized as One of the 50 Most Community-Minded Companies in the United States,headlinesIter115.csv
2021-06-21,SCHW,72.73999786376953,51.14620874465917,0.7315663833730033,72.5,0,Charles Schwab Excelled In Financials,headlinesIter116.csv
2021-06-22,SCHW,72.5,50.3992284245488,0.6312816668437874,72.88999938964844,1,Best Banks for Retirees,headlinesIter117.csv
2021-06-23,SCHW,72.88999938964844,51.6353605754173,0.551369869899833,73.38999938964844,1,Schwab Advisor Services Announces Digital Account Onboarding,headlinesIter118.csv
2021-06-24,SCHW,73.38999938964844,53.24416426817364,0.4951370572197133,73.77999877929688,1,Schwab Advisor Services Announces Digital Account Onboarding,headlinesIter119.csv
2021-06-25,SCHW,73.77999877929688,54.51509248676432,0.4617872850741052,73.27999877929688,0,3 Steps to Retiring a Millionaire With Zero Effort,headlinesIter120.csv
2021-06-28,SCHW,73.27999877929688,52.54315954054998,0.4354986949712663,73.22000122070312,0,The Best Mutual Funds Bet Billions On These 4 Sectors,headlinesIter121.csv
2021-06-29,SCHW,73.22000122070312,52.2986957699914,0.4130641926838145,72.80999755859375,0,Is SWRSX a Strong Bond Fund Right Now?,headlinesIter122.csv
2021-06-30,SCHW,72.80999755859375,50.56725923399525,0.3867385858365725,73.56999969482422,1,"How To Bet On Bitcoin, Real Estate In Your IRA, 401(k)",headlinesIter123.csv
2021-07-01,SCHW,73.56999969482422,53.6316829381876,0.3705980765877834,72.80000305175781,0,Is Schwab MarketTrack Growth Investor (SWHGX) a Strong Mutual Fund Pick Right Now?,headlinesIter124.csv
2021-07-02,SCHW,72.80000305175781,50.2339433053306,0.3485579866535097,70.7699966430664,0,Robinhood Is Going Public. 4 Metrics That Could Determine Its Value.,headlinesIter125.csv
2021-07-06,SCHW,70.7699966430664,42.575781174916,0.2907935309813149,70.06999969482422,0,"Company News for Jul 6, 2021",headlinesIter126.csv
2021-07-07,SCHW,70.06999969482422,40.29461105383389,0.2018350234204718,67.94000244140625,0,Is SWCAX a Strong Bond Fund Right Now?,headlinesIter127.csv
2021-07-08,SCHW,67.94000244140625,34.27651295050496,0.063545155420141,70.55000305175781,1,"If You Had Bought Charles Schwab (NYSE:SCHW) Stock Five Years Ago, You Could Pocket A 165% Gain Today",headlinesIter128.csv
2021-07-09,SCHW,70.55000305175781,45.09716255152711,-0.05691906708688,71.70999908447266,1,The Charles Schwab Corporation (SCHW) Earnings Expected to Grow: What to Know Ahead of Next Week's Release,headlinesIter129.csv
2021-07-12,SCHW,71.70999908447266,49.10755291827068,-0.1412587974584875,71.81999969482422,1,These money and investing tips can help you know when it’s time to hold stocks or fold them,headlinesIter130.csv
2021-07-13,SCHW,71.81999969482422,49.48437889196487,-0.1964582151105391,70.19999694824219,0,3 Ways to Start Investing With $100 or Less,headlinesIter131.csv
2021-07-14,SCHW,70.19999694824219,44.283949732946496,-0.2558978342602303,70.55000305175781,1,Is Schwab Fundamental International Small Company Index (SFILX) a Strong Mutual Fund Pick Right Now?,headlinesIter132.csv
2021-07-15,SCHW,70.55000305175781,45.6138047288439,-0.3087118206179827,68.88999938964844,0,16 Best Investment Apps for Beginners,headlinesIter133.csv
2021-07-16,SCHW,68.88999938964844,40.65724823335341,-0.3803851644917185,66.68000030517578,0,"Retail Sales, Intel M&amp;A, China's CO2 Trading  - What's Moving Markets",headlinesIter134.csv
2021-07-19,SCHW,66.68000030517578,35.176890157941685,-0.4945142230882269,67.94000244140625,1,Robinhood Is Going Public Next Week. It Is Seeking a $35 Billion Valuation.,headlinesIter135.csv
2021-07-20,SCHW,67.94000244140625,40.13175015191731,-0.6080411711989024,69.55999755859375,1,Charles Schwab is Yahoo Finance Plus’ investment idea of the day,headlinesIter136.csv
2021-07-21,SCHW,69.55999755859375,45.86149033297211,-0.6880075331405523,67.25,0,Schwab (SCHW) Option Traders Betting on Bounce Back,headlinesIter137.csv
2021-07-22,SCHW,67.25,39.98500071230513,-0.7780333545827711,67.91000366210938,1,Is Schwab International Index (SWISX) a Strong Mutual Fund Pick Right Now?,headlinesIter138.csv
2021-07-23,SCHW,67.91000366210938,42.26143593392816,-0.8573416796834211,68.04000091552734,1,Is Schwab International Index (SWISX) a Strong Mutual Fund Pick Right Now?,headlinesIter139.csv
2021-07-26,SCHW,68.04000091552734,42.72227971393907,-0.9217469268926626,67.37000274658203,0,"Wall Street Mixed at Open as China, Covid Fears Dominate; Dow Down 20 Pts",headlinesIter140.csv
2021-07-27,SCHW,67.37000274658203,40.90993556811096,-0.9820235658962644,67.8499984741211,1,"Wall Street Mixed at Open as China, Covid Fears Dominate; Dow Down 20 Pts",headlinesIter141.csv
2021-07-28,SCHW,67.8499984741211,42.78261188650638,-1.0266563903988877,68.56999969482422,1,RIAs Grew in 2020. A New Schwab Study Shows How They Did It.,headlinesIter142.csv
2021-07-29,SCHW,68.56999969482422,45.56920449574803,-1.0453170920829369,67.94999694824219,0,"Robinhood Prices IPO at $38 a Share, Raising $2.1 Billion",headlinesIter143.csv
2021-07-30,SCHW,67.94999694824219,43.600059926202775,-1.0542300381433969,67.73999786376953,0,Should Schwab 1000 Index ETF (SCHK) Be on Your Investing Radar?,headlinesIter144.csv
2021-08-02,SCHW,67.73999786376953,42.923494657691535,-1.0575136577019482,67.41000366210938,0,Lakehouse Capital Became Ecstatic After Charles Schwab’s +100.9% Return,headlinesIter145.csv
2021-08-03,SCHW,67.41000366210938,41.82516215031382,-1.0599513689210045,67.66999816894531,1,GPB CAPITAL INVESTOR ALERT: KlaymanToskes Announces Preparation to File FINRA Arbitration Claim on Behalf of Investor Who Purchased GPB Capital Through Advisor of TD AMERITRADE ADVISORDIRECT® Referral Program,headlinesIter146.csv
2021-08-04,SCHW,67.66999816894531,43.06136116157648,-1.055167188246792,69.30000305175781,1,"Record fee earnings, deals drive Apollo's second quarter",headlinesIter147.csv
2021-08-05,SCHW,69.30000305175781,50.2054153641485,-1.0176965449330884,71.93000030517578,1,"Top Stock Reports for Medtronic, Schwab &amp; Zoom Video",headlinesIter148.csv
2021-08-06,SCHW,71.93000030517578,59.118289802133184,-0.9174233266940208,73.41999816894531,1,"Top Stock Reports for Medtronic, Schwab &amp; Zoom Video",headlinesIter149.csv
2021-08-09,SCHW,73.41999816894531,63.14330142971038,-0.75718011994656,74.52999877929688,1,Hargreaves Lansdown's assets soar by £30bn but Reddit trading boom may have peaked,headlinesIter150.csv
2021-08-10,SCHW,74.52999877929688,65.84141491346361,-0.5483139217984748,74.80999755859375,1,Hargreaves Lansdown's assets soar by £30bn but Reddit trading boom may have peaked,headlinesIter151.csv
2021-08-11,SCHW,74.80999755859375,66.50746878353331,-0.3142039505343977,75.41999816894531,1,Tap the Current Market Momentum With These ETF Strategies,headlinesIter152.csv
2021-08-12,SCHW,75.41999816894531,67.97264342330308,-0.0660957650462299,74.01000213623047,0,Tap the Current Market Momentum With These ETF Strategies,headlinesIter153.csv
2021-08-13,SCHW,74.01000213623047,61.297557001560776,0.1554349712828253,73.26000213623047,0,Robinhood Just Went Public: Will It Become the Next Meme Stock?,headlinesIter154.csv
2021-08-16,SCHW,73.26000213623047,58.03298893413809,0.3363743904025192,72.5,0,Best Online Brokers Have New Leadership In A Year Of Startling Change,headlinesIter155.csv
2021-08-17,SCHW,72.5,54.84540906739406,0.4694947594564729,72.0,0,5 Stocks Insiders Are Selling,headlinesIter156.csv
2021-08-18,SCHW,72.0,52.791004661290174,0.5566174031183458,71.05999755859375,0,Schwab Retirement Plan Services Launches My Financial Guide to Help Workers Take Control of Their Financial Lives,headlinesIter157.csv
2021-08-19,SCHW,71.05999755859375,49.06964031067184,0.5940766170821952,71.97000122070312,1,"Charles Schwab survey sees ‘astounding’ influx of new traders, finds tech top pick in reopening",headlinesIter158.csv
2021-08-20,SCHW,71.97000122070312,52.55637552103138,0.6116086377231005,72.30000305175781,1,Is Schwab S&amp;P 500 (SWPPX) a Strong Mutual Fund Pick Right Now?,headlinesIter159.csv
2021-08-23,SCHW,72.30000305175781,53.79180821771735,0.6196026288280727,74.1500015258789,1,Is Schwab S&amp;P 500 (SWPPX) a Strong Mutual Fund Pick Right Now?,headlinesIter160.csv
2021-08-24,SCHW,74.1500015258789,60.06932130961107,0.6493027550264315,74.58000183105469,1,Is Schwab Core Equity (SWANX) a Strong Mutual Fund Pick Right Now?,headlinesIter161.csv
2021-08-25,SCHW,74.58000183105469,61.38253233886286,0.6964314479013114,73.6500015258789,0,Is Schwab Core Equity (SWANX) a Strong Mutual Fund Pick Right Now?,headlinesIter162.csv
2021-08-26,SCHW,73.6500015258789,57.01518831494983,0.7355885449147423,75.83999633789062,1,Is Schwab MarketTrack Allocation Equity Portfolio (SWEGX) a Strong Mutual Fund Pick Right Now?,headlinesIter163.csv
2021-08-27,SCHW,75.83999633789062,63.58557253167878,0.8009600534289361,73.44000244140625,0,Best Online Brokers: New Leadership In A Year Of Startling Change,headlinesIter164.csv
2021-08-30,SCHW,73.44000244140625,53.86798989111604,0.8392193138247579,72.8499984741211,0,Robinhood Stock Falls As Payment Giant Eyes Move Into Stock Trading,headlinesIter165.csv
2021-08-31,SCHW,72.8499984741211,51.77322932679173,0.8471536094194916,73.19999694824219,1,Schwab Report: Self-Directed 401(k) Balances Increase 22% Year-Over-Year,headlinesIter166.csv
2021-09-01,SCHW,73.19999694824219,52.94227229565192,0.8393180624853374,72.91000366210938,0,2 Charts That Show Why Robinhood Cares So Much About Payment for Order Flow,headlinesIter167.csv
2021-09-02,SCHW,72.91000366210938,51.82139551675314,0.8154693869326686,72.08999633789062,0,Interactive Brokers (IBKR) August DARTs Up on Solid Markets,headlinesIter168.csv
2021-09-03,SCHW,72.08999633789062,48.6827323457824,0.767892821946736,72.08000183105469,0,Margin Trading: Which Online Broker Offers You The Best Rate?,headlinesIter169.csv
2021-09-07,SCHW,72.08000183105469,48.6440606025527,0.7060284781134654,71.55999755859375,0,Are Americans Right About How Much Retirement Savings They'll Need?,headlinesIter170.csv
2021-09-08,SCHW,71.55999755859375,46.571216626827,0.6285463162512643,72.33000183105469,1,The Charles Schwab Corporation Announces Early Participation and Consent Results in Exchange Offers; Extends Early Participation Premium Deadline,headlinesIter171.csv
2021-09-09,SCHW,72.33000183105469,49.97084076102036,0.5561893358268982,71.44000244140625,0,The Charles Schwab Corporation Announces Early Participation and Consent Results in Exchange Offers; Extends Early Participation Premium Deadline,headlinesIter172.csv
2021-09-10,SCHW,71.44000244140625,46.30350445787347,0.4753707038510794,71.88999938964844,1,How to be better with money,headlinesIter173.csv
2021-09-13,SCHW,71.88999938964844,48.36682844204516,0.39958109134566,69.7300033569336,0,Is Schwab Small-Cap Equity (SWSCX) a Strong Mutual Fund Pick Right Now?,headlinesIter174.csv
2021-09-14,SCHW,69.7300033569336,40.35168611421603,0.2955443862399794,71.1500015258789,1,Charles Schwab Commits to Closing the Financial Education Gap and Helping Teens Across America Achieve Financial Freedom,headlinesIter175.csv
2021-09-15,SCHW,71.1500015258789,46.61497693150744,0.2012383627268614,70.77999877929688,0,Where Will Robinhood Markets Be in 5 Years?,headlinesIter176.csv
2021-09-16,SCHW,70.77999877929688,45.28077936026831,0.1116131788489663,70.43000030517578,0,Can Robinhood Markets Be a Millionaire-Maker Stock?,headlinesIter177.csv
2021-09-17,SCHW,70.43000030517578,43.99793820581727,0.023781744557809,68.80000305175781,0,Week’s Best: What Advisors Should Know About Proposed Tax Overhaul,headlinesIter178.csv
2021-09-20,SCHW,68.80000305175781,38.524045473881344,-0.0843809909149653,68.44000244140625,0,Ameriprise Financial Delivers On Client Expectations To Lead Most Trusted Wealth Managers,headlinesIter179.csv
2021-09-21,SCHW,68.44000244140625,37.41683037357159,-0.2051682008962642,70.4000015258789,1,Mitsubishi (MUFG) U.S. Arm Gets OCC's Cease-and-Desist Order,headlinesIter180.csv
2021-09-22,SCHW,70.4000015258789,46.44211392422167,-0.2957980612891195,74.30000305175781,1,Is The Charles Schwab Corporation (SCHW) A Good Stock To Buy?,headlinesIter181.csv
2021-09-23,SCHW,74.30000305175781,59.0857388719575,-0.2998784819821484,75.58999633789062,1,Wells Fargo (WFC) Asset Cap to Stay Intact Till Issues Persist,headlinesIter182.csv
2021-09-24,SCHW,75.58999633789062,62.25942549242701,-0.2282329150323195,77.37999725341797,1,Wells Fargo (WFC) Asset Cap to Stay Intact Till Issues Persist,headlinesIter183.csv
2021-09-27,SCHW,77.37999725341797,66.17970640641727,-0.0838009369470747,76.18000030517578,0,Is Schwab Balanced Fund (SWOBX) a Strong Mutual Fund Pick Right Now?,headlinesIter184.csv
2021-09-28,SCHW,76.18000030517578,61.56292315203504,0.0797265394071842,75.37999725341797,0,Schwab Study Finds That One in Three Investors Will Adopt Technology at a Faster Rate to Manage Finances Post-Pandemic,headlinesIter185.csv
2021-09-29,SCHW,75.37999725341797,58.62658909066101,0.2337050292454773,72.83999633789062,0,Interactive Brokers (IBKR) Fined $1.75M for Trading System Fault,headlinesIter186.csv
2021-09-30,SCHW,72.83999633789062,50.40612307410236,0.332569700289221,74.41999816894531,1,Schwab Retirement Plan Services Ranks #1 in J.D. Power 2021 U.S. Retirement Plan Digital Satisfaction Study,headlinesIter187.csv
2021-10-01,SCHW,74.41999816894531,54.66454052481706,0.4161574608248979,73.2300033569336,0,Washington Federal (WAFD) to Pay $2.5M for AML/BSA Consent Order,headlinesIter188.csv
2021-10-04,SCHW,73.2300033569336,51.1052928088906,0.4658539620399008,75.9000015258789,1,"Should I Buy Amgen, Inc. (AMGN)?",headlinesIter189.csv
2021-10-05,SCHW,75.9000015258789,57.75203569461556,0.5332393917550686,75.70999908447266,0,Schwab IMPACT® 2021 Brings Compelling Speaker Pairings and Enhanced Virtual Networking Opportunities to RIAs,headlinesIter190.csv
2021-10-06,SCHW,75.70999908447266,57.15658446083828,0.6039327051682344,76.38999938964844,1,Charles Schwab Stock Scores Composite Rating That's Pure Money,headlinesIter191.csv
2021-10-07,SCHW,76.38999938964844,58.7940546203102,0.6824659986144702,77.33999633789062,1,Schwab Announces Its Fall Business Update,headlinesIter192.csv
2021-10-08,SCHW,77.33999633789062,61.0346609263976,0.7753975630553771,76.61000061035156,0,Should Schwab 1000 Index ETF (SCHK) Be on Your Investing Radar?,headlinesIter193.csv
2021-10-12,SCHW,77.2699966430664,60.08017451186279,0.941119757057671,76.2699966430664,0,Is Schwab Health Care Fund (SWHFX) a Strong Mutual Fund Pick Right Now?,headlinesIter194.csv
2021-10-13,SCHW,76.2699966430664,56.37849318727221,0.999755996257884,78.11000061035156,1,5 Winning ETF Ideas for the Fourth Quarter,headlinesIter195.csv
2021-10-14,SCHW,78.11000061035156,61.1246842250435,1.0677196487036484,80.9000015258789,1,Normalized Trading to Hurt Schwab (SCHW) in Q3 Earnings,headlinesIter196.csv
2021-10-15,SCHW,80.9000015258789,66.98964390303328,1.1800460621665316,80.55000305175781,0,Schwab Posts Record Earnings With Retail Trading Powering On,headlinesIter197.csv
2021-10-18,SCHW,80.55000305175781,65.65156213346859,1.306016273667131,81.54000091552734,1,Is Schwab Total Stock Market (SWTSX) a Strong Mutual Fund Pick Right Now?,headlinesIter198.csv
2021-10-19,SCHW,81.54000091552734,67.621636707815,1.4467527492556582,81.58999633789062,1,Here's Why Momentum Investors Will Love The Charles Schwab Corporation (SCHW),headlinesIter199.csv
2021-10-20,SCHW,81.58999633789062,67.72232028817736,1.5868670000987293,82.23999786376953,1,Should Schwab Fundamental U.S. Large Company Index ETF (FNDX) Be on Your Investing Radar?,headlinesIter200.csv
2021-10-21,SCHW,82.23999786376953,69.06900659881767,1.72599983580029,83.55000305175781,1,Should Schwab U.S. LargeCap ETF (SCHX) Be on Your Investing Radar?,headlinesIter201.csv
2021-10-22,SCHW,83.55000305175781,71.63735637395422,1.8741904312626836,82.88999938964844,0,Should Schwab U.S. LargeCap Growth ETF (SCHG) Be on Your Investing Radar?,headlinesIter202.csv
2021-10-25,SCHW,82.88999938964844,68.54905424641122,2.005488227118392,83.05999755859375,1,Best Momentum Stocks to Buy for October 25th,headlinesIter203.csv
2021-10-26,SCHW,83.05999755859375,68.92070411424025,2.1174564041911457,81.1500015258789,0,Schwab Advisor Services Announces Key Enhancements to iRebal®,headlinesIter204.csv
2021-10-27,SCHW,81.1500015258789,60.29917067132728,2.176140611187134,81.98999786376953,1,Schwab Advisor Services Announces Key Enhancements to iRebal®,headlinesIter205.csv
2021-10-28,SCHW,81.98999786376953,62.51975293855255,2.2067929212532738,82.02999877929688,1,Robo-advisers give you decent financial advice on the cheap,headlinesIter206.csv
2021-10-29,SCHW,82.02999877929688,62.62695496493169,2.2138770004366983,81.87000274658203,0,Should Schwab U.S. SmallCap ETF (SCHA) Be on Your Investing Radar?,headlinesIter207.csv
2021-11-01,SCHW,81.87000274658203,61.86475692704308,2.1982190931964074,81.7699966430664,0,"Was The Smart Money Right About NextEra Energy, Inc. (NEE)?",headlinesIter208.csv
2021-11-02,SCHW,81.7699966430664,61.36205746636536,2.162522037881354,83.33000183105469,1,Schwab Launches the Schwab Ariel ESG ETF,headlinesIter209.csv
2021-11-03,SCHW,83.33000183105469,66.0028470448315,2.136096277904703,81.44999694824219,0,If You Like EPS Growth Then Check Out Charles Schwab (NYSE:SCHW) Before It's Too Late,headlinesIter210.csv
2021-11-04,SCHW,81.44999694824219,57.10172543794936,2.082003892833877,81.1500015258789,0,Top 10 Financial Stocks To Invest In,headlinesIter211.csv
2021-11-05,SCHW,81.1500015258789,55.808358811918254,2.003874655583802,81.68000030517578,1,Investors Should Not Give Up on Robinhood Stock,headlinesIter212.csv
2021-11-08,SCHW,81.68000030517578,57.63407810450269,1.9186638340760696,80.77999877929688,0,Is Schwab Fundamental U.S. Small Company Index ETF (FNDA) a Strong ETF Right Now?,headlinesIter213.csv
2021-11-09,SCHW,80.77999877929688,53.58557194422159,1.814749283129233,80.75,0,Should Schwab U.S. LargeCap Value ETF (SCHV) Be on Your Investing Radar?,headlinesIter214.csv
2021-11-10,SCHW,80.75,53.45079529784326,1.6999441756873908,81.4000015258789,1,Was The Smart Money Right About Anheuser-Busch InBev SA/NV (BUD)?,headlinesIter215.csv
2021-11-12,SCHW,82.11000061035156,58.723024539800775,1.4986974080033728,81.91999816894531,0,Schwab Reports Monthly Activity Highlights,headlinesIter216.csv
2021-11-15,SCHW,81.91999816894531,57.70493728890609,1.4155971711633266,81.80999755859375,0,Bet on Growth ETFs to Ride the US Economic Growth Optimism,headlinesIter217.csv
2021-11-16,SCHW,81.80999755859375,57.08785805949208,1.3375313272655345,81.41999816894531,0,The Schwab Ariel ESG ETF (SAEF) Begins Trading on NYSE,headlinesIter218.csv
2021-11-17,SCHW,81.41999816894531,54.84838761082057,1.257442566932335,81.72000122070312,1,Here’s How Markets Might React If Biden Picks Lael Brainard as Fed Chair,headlinesIter219.csv
2021-11-18,SCHW,81.72000122070312,56.269512782797385,1.1822046744357138,80.16999816894531,0,Schwab Expands Its Fixed Income Offering With the Launch of Five Wasmer Schroeder™ Strategies,headlinesIter220.csv
2021-11-19,SCHW,80.16999816894531,47.88381220756208,1.0865274295647116,81.91999816894531,1,‘Higher volatility’ expected with Fed pullback: Charles Schwab Chief Strategist,headlinesIter221.csv
2021-11-22,SCHW,81.91999816894531,55.8785800357702,1.0084985660031438,82.94000244140625,1,"Biden Keeps Powell as Fed Chief, Elevates Brainard to Vice Chair",headlinesIter222.csv
2021-11-23,SCHW,82.94000244140625,59.75388435330776,0.9595967681127656,83.13999938964844,1,Is Schwab Fundamental U.S. Large Company Index ETF (FNDX) a Strong ETF Right Now?,headlinesIter223.csv
2021-11-24,SCHW,83.13999938964844,60.486718158355416,0.9325184831127316,79.1500015258789,0,"Top Research Reports for Alphabet, AT&amp;T &amp; Schwab",headlinesIter224.csv
2021-11-26,SCHW,79.1500015258789,43.47762065552636,0.8547547578171885,80.0999984741211,1,3 Financial Stocks On Sale This Black Friday,headlinesIter225.csv
2021-11-29,SCHW,80.0999984741211,47.27898292224696,0.7625073709385348,77.38999938964844,0,Tom Gayner’s Markel Gayner Asset Management Portfolio: Top 10 Finance Stocks,headlinesIter226.csv
2021-11-30,SCHW,77.38999938964844,39.18333150766745,0.6210433048589852,76.52999877929688,0,6 Reasons to Invest in Hancock Whitney (HWC) Stock Right Now,headlinesIter227.csv
2021-12-01,SCHW,76.52999877929688,37.01712121831006,0.4410106670694935,80.12000274658203,1,New COVID variant and Fed tapering created a ‘double whammy catalyst’ for volatility: Strategist,headlinesIter228.csv
2021-12-02,SCHW,80.12000274658203,49.55440270864219,0.3025128681468986,78.47000122070312,0,10 Best Stocks to Buy Today According to Wallace Weitz’s Hedge Fund,headlinesIter229.csv
2021-12-03,SCHW,78.47000122070312,45.109865908149175,0.1702942863509521,80.37000274658203,1,10 Best Financial Services Stocks to Buy Now,headlinesIter230.csv
2021-12-06,SCHW,80.37000274658203,50.60389839556453,0.07886779227224,81.30999755859375,1,"Large corporate interest in relocating, expanding in DFW jumps fourfold amid pandemic",headlinesIter231.csv
2021-12-07,SCHW,81.30999755859375,53.104717498818246,0.0326190289692749,81.19999694824219,0,Is Citigroup Inc. (C) A Good Stock To Buy?,headlinesIter232.csv
2021-12-08,SCHW,81.19999694824219,52.76803938717391,0.0152818878152996,80.66000366210938,0,Should Schwab 1000 Index ETF (SCHK) Be on Your Investing Radar?,headlinesIter233.csv
2021-12-09,SCHW,80.66000366210938,51.05679026866176,0.0083247248875759,80.80999755859375,1,Should You Sell Stocks Right Now?,headlinesIter234.csv
2021-12-10,SCHW,80.80999755859375,51.52702195671338,0.0106123284785071,79.37999725341797,0,Should You Sell Stocks Right Now?,headlinesIter235.csv
2021-12-13,SCHW,79.37999725341797,46.900601654693965,-0.0042645546648525,80.79000091552734,1,Corporate relocations have delivered more than $235 billion in market valuation to North Texas,headlinesIter236.csv
2021-12-14,SCHW,80.79000091552734,51.52248699868125,-0.0066144300593853,81.5999984741211,1,Charles Schwab Reports Increasing Financial Confidence Among Hong Kong Rising Affluent and a More Aggressive Risk Appetite,headlinesIter237.csv
2021-12-15,SCHW,81.5999984741211,53.99956487123705,0.0119486782616782,83.88999938964844,1,Introducing Schwab Starter Kit™ – Designed to Support First-Time Investors,headlinesIter238.csv
2021-12-16,SCHW,83.88999938964844,60.1925534420359,0.0791549244991728,82.94999694824219,0,Schwab Partners With T. Rowe Price to Offer No-Transaction-Fee Funds,headlinesIter239.csv
2021-12-17,SCHW,82.94999694824219,56.81149582329601,0.1581490846949873,80.68000030517578,0,Charles Schwab (SCHW) to Tap T Rowe's (TROW) NTF Funds,headlinesIter240.csv
2021-12-20,SCHW,80.68000030517578,49.57027124279111,0.2038137521680088,83.19000244140625,1,Charles Schwab (NYSE:SCHW) shareholders have earned a 30% CAGR over the last three years,headlinesIter241.csv
2021-12-21,SCHW,83.19000244140625,56.21576319331151,0.2657754073351575,84.37999725341797,1,"American Century Investment Trust Buys Bank of America Corp, JPMorgan Chase, Charles Schwab ...",headlinesIter242.csv
2021-12-22,SCHW,84.37999725341797,58.97592749924429,0.3530834826135008,85.12999725341797,1,"American Century Investment Trust Buys Bank of America Corp, JPMorgan Chase, Charles Schwab ...",headlinesIter243.csv
2021-12-23,SCHW,85.12999725341797,60.65922523259587,0.4628624326874315,85.81999969482422,1,"Harris Associates Investment Trust Buys Charles Schwab Corp, Humana Inc, Bunge, Sells Bank of ...",headlinesIter244.csv
2021-12-27,SCHW,85.81999969482422,62.196080754079006,0.5909245266342804,85.5,0,"Harris Associates Investment Trust Buys Charles Schwab Corp, Humana Inc, Bunge, Sells Bank of ...",headlinesIter245.csv
2021-12-28,SCHW,85.5,61.00581218183785,0.7172806696155917,84.95999908447266,0,"Mairs and Power Growth Fund Buys Amazon.com Inc, Sysco Corp, Charles Schwab Corp, Sells 3M Co, ...",headlinesIter246.csv
2021-12-29,SCHW,84.95999908447266,58.95542746566564,0.825693530813653,84.4800033569336,0,Is Schwab MarketTrack Growth Investor (SWHGX) a Strong Mutual Fund Pick Right Now?,headlinesIter247.csv
2021-12-30,SCHW,84.4800033569336,57.11777663480927,0.907636735210492,84.0999984741211,0,Is Schwab Global Real Estate (SWASX) a Strong Mutual Fund Pick Right Now?,headlinesIter248.csv
2022-01-03,SCHW,85.76000213623047,60.455087264479154,1.0168206171124612,89.95999908447266,1,The Charles Schwab Corporation (SCHW) Outpaces Stock Market Gains: What You Should Know,headlinesIter249.csv
2022-01-04,SCHW,89.95999908447266,69.48234925231073,1.1369097981337402,89.30999755859375,0,Bet on Growth ETFs to Ride the US Market Optimism,headlinesIter250.csv
2022-01-05,SCHW,89.30999755859375,66.93567635755147,1.2777499685351843,90.73999786376952,1,Why Charles Schwabʻs Stock Price Rose 58.6% in 2021,headlinesIter251.csv
2022-01-06,SCHW,90.73999786376952,69.57747865738793,1.4441159516500377,91.73999786376952,1,Why The Charles Schwab Corporation (SCHW) Could Beat Earnings Estimates Again,headlinesIter252.csv
2022-01-07,SCHW,91.73999786376952,71.30414488572046,1.6304228235008345,91.6500015258789,0,"Top Stock Reports for Microsoft, UnitedHealth &amp; Schwab",headlinesIter253.csv
2022-01-10,SCHW,91.6500015258789,70.91406362819872,1.814309841587713,93.91000366210938,1,The Charles Schwab Corporation (SCHW) Is Up 9.08% in One Week: What You Should Know,headlinesIter254.csv
2022-01-11,SCHW,93.91000366210938,74.66267009193943,2.018962315881886,94.81999969482422,1,Is Schwab Fundamental Emerging Markets Large Company Index ETF (FNDE) a Strong ETF Right Now?,headlinesIter255.csv
2022-01-12,SCHW,94.81999969482422,76.00372325426211,2.2358187866691908,93.37999725341795,0,The Charles Schwab Corporation (SCHW) Outpaces Stock Market Gains: What You Should Know,headlinesIter256.csv
2022-01-13,SCHW,93.37999725341795,69.71556699879753,2.420886230290661,95.52999877929688,1,Should Schwab U.S. LargeCap Value ETF (SCHV) Be on Your Investing Radar?,headlinesIter257.csv
2022-01-14,SCHW,95.52999877929688,73.2712810261755,2.6051117155690284,92.16000366210938,0,Buy 5 Stocks That Are Set to Beat Earnings Results Next Week,headlinesIter258.csv
2022-01-18,SCHW,92.16000366210938,61.1516186428222,2.7194481928892498,91.51000213623048,0,"M&amp;g Investment Management Ltd Buys Linde PLC, Charles Schwab Corp, REE Automotive, Sells ...",headlinesIter259.csv
2022-01-19,SCHW,91.51000213623048,59.12036737506588,2.767417319688906,91.43000030517578,0,Independent Advisors Expect Continued Growth Over the Next Five Years and Most See It Coming From New-to-Firm Clients,headlinesIter260.csv
2022-01-20,SCHW,91.43000030517578,58.86121502628949,2.7636901696871514,89.19999694824219,0,Uptick in Charitable Giving Spurs Opportunity for Advisors,headlinesIter261.csv
2022-01-21,SCHW,89.19999694824219,52.01658281850669,2.685878768201479,88.70999908447266,0,"BLB&amp;B Advisors, LLC Buys Charles Schwab Corp, Barclays Bank PLC ZC SP REDEEM 12/06/2036 USD ...",headlinesIter262.csv
2022-01-24,SCHW,88.70999908447266,50.62359527612801,2.551772504633765,88.52999877929688,0,"Citizens &amp; Northern Corp Buys AmerisourceBergen Corp, PPL Corp, Cisco Systems Inc, Sells ...",headlinesIter263.csv
2022-01-25,SCHW,88.52999877929688,50.0928998726327,2.3807239786127905,90.01000213623047,1,"Montecito Bank &amp; Trust Buys Financial Select Sector SPDR, iShares MSCI Emerging Markets ex ...",headlinesIter264.csv
2022-01-26,SCHW,90.01000213623047,54.33204287978122,2.213673842207218,89.69999694824219,0,"Trust Co Of Virginia  Buys Realty Income Corp, Berkshire Hathaway Inc, Markel Corp, Sells ...",headlinesIter265.csv
2022-01-27,SCHW,89.69999694824219,53.31058578007294,2.047895500954781,88.91000366210938,0,"Bordeaux Wealth Advisors LLC Buys Upstart Holdings Inc, Apple Inc, iShares Core S&amp;P 500 ...",headlinesIter266.csv
2022-01-28,SCHW,88.91000366210938,50.69500356077423,1.874333221268234,87.69999694824219,0,Charles Schwab CEO sees bank lending as a huge growth opportunity,headlinesIter267.csv
2022-01-31,SCHW,87.69999694824219,46.89947740770179,1.6814136062997989,90.05999755859375,1,"Altium Wealth Management LLC Buys Vanguard FTSE Emerging Markets ETF, Invesco Variable Rate ...",headlinesIter268.csv
2022-02-01,SCHW,90.05999755859375,54.11526982733673,1.5202945032582362,90.36000061035156,1,Is Charles Schwab Corp. (SCHW) A Smart Long-Term Investment?,headlinesIter269.csv
2022-02-02,SCHW,90.36000061035156,54.95327499896615,1.3888747894107336,88.88999938964844,0,"Heritage Wealth Advisors Buys Markel Corp, Mastercard Inc, Williams Inc, Sells Owens &amp; ...",headlinesIter270.csv
2022-02-03,SCHW,88.88999938964844,50.122792816532005,1.256340778383803,91.9000015258789,1,"Curated Wealth Partners LLC Buys Ares Management Corp, iShares Russell 2000 ETF, Boyd Gaming ...",headlinesIter271.csv
2022-02-04,SCHW,91.9000015258789,58.22099771595152,1.1752153706719877,93.13999938964844,1,"Hosking Partners LLP Buys ConocoPhillips, Charles Schwab Corp, D-MARKET Electronic Services ...",headlinesIter272.csv
2022-02-07,SCHW,93.13999938964844,61.02821330371082,1.1476694956433469,94.95999908447266,1,"Raab &amp; Moskowitz Asset Management LLC Buys Vanguard Ultra-Short Bond ETF, Netflix Inc, ...",headlinesIter273.csv
2022-02-08,SCHW,94.95999908447266,64.7698939248397,1.1815714952167764,94.5199966430664,0,1 Top Stock That Can Benefit From Rising Interest Rates Over the Next Decade,headlinesIter274.csv
2022-02-09,SCHW,94.5199966430664,63.190336141726064,1.2424976108934973,92.8499984741211,0,1 Top Stock That Can Benefit From Rising Interest Rates Over the Next Decade,headlinesIter275.csv
2022-02-10,SCHW,92.8499984741211,57.46247774714759,1.287692322523105,89.11000061035156,0,Schwab Q1 Trader Sentiment Survey: Bulls Outnumber Bears But Inflation Concerns Abound,headlinesIter276.csv
2022-02-11,SCHW,89.11000061035156,47.15388992850909,1.2580533205359683,87.73999786376953,0,Schwab Q1 Trader Sentiment Survey: Bulls Outnumber Bears But Inflation Concerns Abound,headlinesIter277.csv
2022-02-14,SCHW,87.73999786376953,44.03736290061372,1.1583387704109165,89.63999938964844,1,Top-Ranked Value ETFs to Gift This Valentine's,headlinesIter278.csv
2022-02-15,SCHW,89.63999938964844,49.06524187927036,1.047602752082311,89.33000183105469,0,"Fidelity (FIS) Q4 Earnings Beat Estimates, Revenues Rise Y/Y",headlinesIter279.csv
2022-02-16,SCHW,89.33000183105469,48.30272876482123,0.928430127493515,86.0199966430664,0,Here’s What Makes Charles Schwab Corp. (SCHW) A Great Investment Choice,headlinesIter280.csv
2022-02-17,SCHW,86.0199966430664,40.9796071229248,0.7552915478063241,85.61000061035156,0,Is Schwab S&amp;P 500 (SWPPX) a Strong Mutual Fund Pick Right Now?,headlinesIter281.csv
2022-02-18,SCHW,85.61000061035156,40.167276856125326,0.54914165394007,84.56999969482422,0,Robo-Advisors Changed Investing. But Can They Survive Independently?,headlinesIter282.csv
2022-02-22,SCHW,84.56999969482422,38.10392492831094,0.315263413856267,82.55000305175781,0,Should Schwab U.S. LargeCap ETF (SCHX) Be on Your Investing Radar?,headlinesIter283.csv
2022-02-23,SCHW,82.55000305175781,34.40693309800491,0.0433194515998839,82.2699966430664,0,Is Schwab Core Equity (SWANX) a Strong Mutual Fund Pick Right Now?,headlinesIter284.csv
2022-02-24,SCHW,82.2699966430664,33.915706746091686,-0.2427936884981001,85.75,1,Should Schwab Fundamental U.S. Large Company Index ETF (FNDX) Be on Your Investing Radar?,headlinesIter285.csv
2022-02-25,SCHW,85.75,44.517679527466,-0.4667144741736422,84.45999908447266,0,Is Schwab MarketTrack Allocation Equity Portfolio (SWEGX) a Strong Mutual Fund Pick Right Now?,headlinesIter286.csv
2022-02-28,SCHW,84.45999908447266,41.83816507803311,-0.6594334738612844,77.86000061035156,0,Should Schwab U.S. Dividend Equity ETF (SCHD) Be on Your Investing Radar?,headlinesIter287.csv
2022-03-01,SCHW,77.86000061035156,31.41861221163228,-0.9262892888321148,81.80999755859375,1,Should Schwab U.S. LargeCap Growth ETF (SCHG) Be on Your Investing Radar?,headlinesIter288.csv
2022-03-02,SCHW,81.80999755859375,40.904321018952174,-1.160492505585326,80.70999908447266,0,Should Schwab U.S. LargeCap Growth ETF (SCHG) Be on Your Investing Radar?,headlinesIter289.csv
2022-03-03,SCHW,80.70999908447266,39.27516908301751,-1.376857222778635,79.2300033569336,0,Should Schwab U.S. SmallCap ETF (SCHA) Be on Your Investing Radar?,headlinesIter290.csv
2022-03-04,SCHW,79.2300033569336,37.132292187833855,-1.591173249363569,76.36000061035156,0,"Schwab (SCHW) Expands Crypto Exposure, Files for Crypto ETF",headlinesIter291.csv
2022-03-07,SCHW,76.36000061035156,33.33411970098276,-1.8351330080236137,75.69000244140625,0,Should Schwab U.S. MidCap ETF (SCHM) Be on Your Investing Radar?,headlinesIter292.csv
2022-03-08,SCHW,75.69000244140625,32.49839952956817,-2.0913909001219877,79.38999938964844,1,Schwab Advisor Services Expands Events &amp; Education Line-Up,headlinesIter293.csv
2022-03-09,SCHW,79.38999938964844,41.25710062632606,-2.2781255686065984,79.6500015258789,1,Should Schwab Fundamental U.S. Small Company Index ETF (FNDA) Be on Your Investing Radar?,headlinesIter294.csv
2022-03-10,SCHW,79.6500015258789,41.82831289757881,-2.4021549963136586,80.23999786376953,1,Schwab Fundamental International Index Mutual Fund Recognized as Best-in-Class by Refinitiv Lipper Fund Awards for Second Consecutive Year,headlinesIter295.csv
2022-03-11,SCHW,80.23999786376953,43.17855458020653,-2.4654921222255326,83.26000213623047,1,Schwab Fundamental International Index Mutual Fund Recognized as Best-in-Class by Refinitiv Lipper Fund Awards for Second Consecutive Year,headlinesIter296.csv
2022-03-14,SCHW,83.26000213623047,49.6241779101758,-2.4336664927662373,83.16999816894531,0,Is Schwab Small-Cap Equity (SWSCX) a Strong Mutual Fund Pick Right Now?,headlinesIter297.csv
2022-03-15,SCHW,83.16999816894531,49.4441638359005,-2.339752186449327,88.94000244140625,1,This Tech Company Wants to Make Farmland a Mainstream Asset Class,headlinesIter298.csv
2022-03-16,SCHW,88.94000244140625,59.56972304598387,-2.114455226721065,89.77999877929688,1,Schwab’s New Thematic Stock Lists Make It Easier for Individuals to Invest According to Their Interests and Values,headlinesIter299.csv
2022-03-17,SCHW,89.77999877929688,60.80059571429211,-1.8003996819071564,90.0,1,Is Schwab Fundamental Emerging Markets Large Company Index ETF (FNDE) a Strong ETF Right Now?,headlinesIter300.csv
2022-03-18,SCHW,90.0,61.13433314398318,-1.439561820068378,89.01000213623047,0,Is Schwab Fundamental Emerging Markets Large Company Index ETF (FNDE) a Strong ETF Right Now?,headlinesIter301.csv
2022-03-21,SCHW,89.01000213623047,58.71193409538866,-1.0808312103475948,92.1999969482422,1,The Charles Schwab Corporation (SCHW) Dips More Than Broader Markets: What You Should Know,headlinesIter302.csv
2022-03-22,SCHW,92.1999969482422,63.702781145761215,-0.688868699684583,89.75,0,"New Schwab Data: Virtual 401(k) Education Is on the Rise, Reaching More Workers More Efficiently Than Ever",headlinesIter303.csv
2022-03-23,SCHW,89.75,57.91271049381264,-0.3341425991050979,90.93000030517578,1,"New Schwab Data: Virtual 401(k) Education Is on the Rise, Reaching More Workers More Efficiently Than Ever",headlinesIter304.csv
2022-03-24,SCHW,90.93000030517578,59.807544911512025,-0.0017630930577197,91.36000061035156,1,3 Stocks to Buy Today With Interest Rates Rising,headlinesIter305.csv
2022-03-25,SCHW,91.36000061035156,60.50534332503816,0.3060505396993295,91.8000030517578,1,The Best Online Brokers for 2022: Tools to Cope With a Complex Investing World,headlinesIter306.csv
2022-03-28,SCHW,91.8000030517578,61.24676354615129,0.5886530906145381,91.22000122070312,0,Is Schwab Balanced Fund (SWOBX) a Strong Mutual Fund Pick Right Now?,headlinesIter307.csv
2022-03-29,SCHW,91.22000122070312,59.65695036238513,0.8300440812207932,88.76000213623047,0,Robinhood Adds Four Additional Trading Hours,headlinesIter308.csv
2022-03-30,SCHW,88.76000213623047,53.3335106040983,0.9918106626157982,84.30999755859375,0,"Robinhood Could Be the Millennial and Gen-Z ‘Schwab.’ Execution Is Key, Say Analysts.",headlinesIter309.csv
2022-03-31,SCHW,84.30999755859375,44.2054528991112,1.0219323742415671,83.54000091552734,0,Charles Schwab is Letting Customers Invest in Personalized Indexes,headlinesIter310.csv
2022-04-01,SCHW,83.54000091552734,42.83919537090654,0.9533485646601818,82.30000305175781,0,Is Schwab Fundamental U.S. Large Company Index ETF (FNDX) a Strong ETF Right Now?,headlinesIter311.csv
2022-04-04,SCHW,82.30000305175781,40.65978701586391,0.8045370073348834,81.86000061035156,0,3 Recent Wins for Robinhood,headlinesIter312.csv
2022-04-05,SCHW,81.86000061035156,39.88439881283672,0.6043875151759158,80.87000274658203,0,Chevron and Big Lots have been highlighted as Zacks Bull and Bear of the Day,headlinesIter313.csv
2022-04-06,SCHW,80.87000274658203,38.122816569675706,0.3653802080399321,80.02999877929688,0,Better Buy: SoFi vs. Charles Schwab,headlinesIter314.csv
2022-04-07,SCHW,80.02999877929688,36.64393387306741,0.1003121851578798,81.69000244140625,1,Why The Charles Schwab Corporation (SCHW) is a Top Momentum Stock for the Long-Term,headlinesIter315.csv
2022-04-08,SCHW,81.69000244140625,41.475612269626176,-0.1409391285601253,81.58000183105469,0,Why This 1 Value Stock Could Be a Great Addition to Your Portfolio,headlinesIter316.csv
2022-04-11,SCHW,81.58000183105469,41.25111233863219,-0.3560495645761887,80.06999969482422,0,Why This 1 Value Stock Could Be a Great Addition to Your Portfolio,headlinesIter317.csv
2022-04-12,SCHW,80.06999969482422,38.19481914600247,-0.5667786535669193,83.83000183105469,1,"For ESG Investors, Fidelity’s New Direct-Indexing Offering May Beat Schwab’s",headlinesIter318.csv
2022-04-13,SCHW,83.83000183105469,48.43897359740069,-0.7024343907948365,82.75,0,A New Big-Cap Buy That Benefits From Higher Interest Rates,headlinesIter319.csv
2022-04-14,SCHW,82.75,46.07657845225536,-0.7995541160240561,74.94000244140625,0,"The Zacks Analyst Blog Highlights Pfizer, Charles Schwab, Vale, Citigroup, and Palo Alto Networks",headlinesIter320.csv
2022-04-18,SCHW,74.94000244140625,33.39337384494529,-0.9902106431090468,76.9000015258789,1,Is Schwab Total Stock Market (SWTSX) a Strong Mutual Fund Pick Right Now?,headlinesIter322.csv
2022-04-19,SCHW,76.9000015258789,38.00540525040748,-1.1959721642748682,76.44999694824219,0,"Retirement Reimagined: Empowered by Early Savings, Millennials Are Reshaping What It Means to Retire, With an Emphasis on Flexibility and New Experiences",headlinesIter323.csv
2022-04-20,SCHW,76.44999694824219,37.36568005229187,-1.4048685418842135,73.2699966430664,0,Interactive Brokers (IBKR) Stock Declines on Q1 Earnings Miss,headlinesIter324.csv
2022-04-21,SCHW,73.2699966430664,33.12271953597503,-1.6523121615022214,70.31999969482422,0,Charles Schwab Foundation Supports Newly Formed AP Personal Finance Journalism Beat Team,headlinesIter325.csv
2022-04-22,SCHW,70.31999969482422,29.748032973525344,-1.9542445669375763,70.30999755859375,0,Millennials are already thinking of retirement — but are they thinking about the right things?,headlinesIter326.csv
2022-04-25,SCHW,70.30999755859375,29.73697030101477,-2.2702071516582474,68.54000091552734,0,Should Schwab U.S. LargeCap ETF (SCHX) Be on Your Investing Radar?,headlinesIter327.csv
2022-04-26,SCHW,68.54000091552734,27.76896672746765,-2.6014653015178224,68.58000183105469,1,3 Balanced Mutual Funds for a Steady Portfolio,headlinesIter328.csv
2022-04-27,SCHW,68.58000183105469,27.8851212738766,-2.9183778587989786,69.12000274658203,1,Schwab Introduces Third-Party ESG Ratings for Individual Stocks,headlinesIter329.csv
2022-04-28,SCHW,69.12000274658203,29.532563178325887,-3.1944188239570077,66.33000183105469,0,Is Schwab Fundamental U.S. Broad Market Index ETF (FNDB) a Strong ETF Right Now?,headlinesIter330.csv
2022-04-29,SCHW,66.33000183105469,26.20202360968505,-3.4676038519121613,67.88999938964844,1,"‘Stock picking matters now,’ Stifel Financial CEO says",headlinesIter331.csv
2022-05-02,SCHW,67.88999938964844,30.89478562964192,-3.69188580263466,69.45999908447266,1,Is it Still Safe to Own Charles Schwab (SCHW) Shares?,headlinesIter332.csv
2022-05-03,SCHW,69.45999908447266,35.35042549611111,-3.840296038777099,71.36000061035156,1,Should Schwab U.S. Dividend Equity ETF (SCHD) Be on Your Investing Radar?,headlinesIter333.csv
2022-05-04,SCHW,71.36000061035156,40.36186382222751,-3.8943052181429616,69.8499984741211,0,5 ETF Strategies to Follow in May,headlinesIter334.csv
2022-05-05,SCHW,69.8499984741211,37.85067893837503,-3.9015296863897313,67.41999816894531,0,Software Stocks Take the Harshest Blows in Brutal Tech Selloff,headlinesIter335.csv
2022-05-06,SCHW,67.41999816894531,34.16664776922149,-3.908928545798701,64.12999725341797,0,Should Schwab U.S. LargeCap Growth ETF (SCHG) Be on Your Investing Radar?,headlinesIter336.csv
2022-05-09,SCHW,64.12999725341797,29.92051935999416,-3.959629654019275,64.58000183105469,1,3 Stocks CEOs Are Buying Heading Into May 2022,headlinesIter337.csv
2022-05-10,SCHW,64.58000183105469,31.180340435571253,-4.0186095798732175,65.12000274658203,1,Should Schwab U.S. MidCap ETF (SCHM) Be on Your Investing Radar?,headlinesIter338.csv
2022-05-11,SCHW,65.12000274658203,32.74283600068914,-4.061912059723679,64.94999694824219,0,Schwab Q2 Trader Sentiment Survey: More Than Half of Traders Say the Market is Due for a Significant Correction in the Second Quarter,headlinesIter339.csv
2022-05-12,SCHW,64.94999694824219,32.49271726415454,-4.086572656590975,65.61000061035156,1,Should Schwab Fundamental U.S. Small Company Index ETF (FNDA) Be on Your Investing Radar?,headlinesIter340.csv
2022-05-13,SCHW,65.61000061035156,34.58198729576748,-4.078412034450467,64.04000091552734,0,Schwab books highest ever client cash disbursements for tax season,headlinesIter341.csv
2022-05-16,SCHW,64.04000091552734,32.0416210513556,-4.065860403561022,65.19999694824219,1,Should Schwab U.S. LargeCap Value ETF (SCHV) Be on Your Investing Radar?,headlinesIter342.csv
2022-05-17,SCHW,65.19999694824219,35.794464746557665,-4.02344057317741,63.27000045776367,0,Here’s What Makes Charles Schwab (SCHW) a Great Long-Term Investment,headlinesIter343.csv
2022-05-18,SCHW,63.27000045776367,32.57160555561669,-3.9861453834732288,62.65999984741211,0,"The Rise of Values Investing: Schwab’s Modern Wealth Survey Finds Values are Driving Spending, Saving &amp; Investing Decisions of Americans More Than Ever",headlinesIter344.csv
2022-05-19,SCHW,62.65999984741211,31.60307519995046,-3.954664266564552,63.27999877929688,1,This Fast-Growing Company Could Be a Great Value at Today's Prices,headlinesIter345.csv
2022-05-20,SCHW,63.27999877929688,33.759061044557974,-3.9095723893548033,65.2699966430664,1,LPL Financial (LPLA) April Metrics Fall on Adverse Markets,headlinesIter346.csv
2022-05-23,SCHW,65.2699966430664,40.26735861355062,-3.817653382019216,63.93999862670898,0,LPL Financial (LPLA) April Metrics Fall on Adverse Markets,headlinesIter347.csv
2022-05-24,SCHW,63.93999862670898,37.6078437512387,-3.71372072024852,65.80000305175781,1,LPL Financial (LPLA) April Metrics Fall on Adverse Markets,headlinesIter348.csv
2022-05-25,SCHW,65.80000305175781,43.252573069978126,-3.569566849487466,68.81999969482422,1,"Ex-Creative Planning Director Alleges Collusion Among Schwab, Fidelity, His Former Firm, and Others",headlinesIter349.csv
2022-05-26,SCHW,68.81999969482422,51.00352631124346,-3.3514418407302946,70.58999633789062,1,"Ex-Creative Planning Director Alleges Collusion Among Schwab, Fidelity, His Former Firm, and Others",headlinesIter350.csv
2022-05-27,SCHW,70.58999633789062,54.89228039865564,-3.0625097525663727,70.0999984741211,0,10 Best Dividend Stocks According to Edgar Wachenheim’s Greenhaven Associates,headlinesIter351.csv
2022-05-31,SCHW,70.0999984741211,53.62344069486249,-2.745181006817798,69.56999969482422,0,Charles Schwab (NYSE:SCHW) stock performs better than its underlying earnings growth over last five years,headlinesIter352.csv
2022-06-01,SCHW,69.56999969482422,52.21746870723896,-2.428887681615543,71.66999816894531,1,Charles Schwab (NYSE:SCHW) stock performs better than its underlying earnings growth over last five years,headlinesIter353.csv
2022-06-02,SCHW,71.66999816894531,57.02544355881272,-2.0907837812097005,70.06999969482422,0,Is Schwab Fundamental U.S. Large Company Index ETF (FNDX) a Strong ETF Right Now?,headlinesIter354.csv
2022-06-03,SCHW,70.06999969482422,52.67639411161908,-1.7774951219798958,68.05999755859375,0,Is Schwab Fundamental U.S. Large Company Index ETF (FNDX) a Strong ETF Right Now?,headlinesIter355.csv
2022-06-06,SCHW,68.05999755859375,47.74967577245254,-1.5242004235873106,67.48999786376953,0,Is Schwab Fundamental U.S. Large Company Index ETF (FNDX) a Strong ETF Right Now?,headlinesIter356.csv
2022-06-07,SCHW,67.48999786376953,46.423674335944895,-1.3274069553564267,65.7300033569336,0,"Citadel Securities, Virtu Build Crypto Plan With Brokerages",headlinesIter357.csv
2022-06-08,SCHW,65.7300033569336,42.49924796591332,-1.2013978578520892,64.25,0,"Schwab, Fidelity Said to Team With Market Makers on Crypto-Trading Platform",headlinesIter358.csv
2022-06-09,SCHW,64.25,39.47708536719782,-1.1472349981439545,62.220001220703125,0,"Fidelity, Schwab Reportedly Tapping Market Makers For Crypto Trading Platform",headlinesIter359.csv
2022-06-10,SCHW,62.220001220703125,35.72457882197737,-1.170715939288644,60.2400016784668,0,"Fidelity, Schwab Reportedly Tapping Market Makers For Crypto Trading Platform",headlinesIter360.csv
2022-06-13,SCHW,60.2400016784668,32.48143925505433,-1.270553038711543,61.11000061035156,1,ETF Strategies to Navigate 40-Year High U.S. Inflation Levels,headlinesIter361.csv
2022-06-14,SCHW,61.11000061035156,35.26239122427875,-1.3962389009330214,61.5099983215332,1,"Charles Schwab to pay $187M to settle SEC charges, FDA to consider Moderna vaccine for young kids",headlinesIter362.csv
2022-06-15,SCHW,61.5099983215332,36.55623759579027,-1.5219735655688826,60.86000061035156,0,"Americans Think It Takes $774,000 to Be Financially Comfortable. Here's How to Get There",headlinesIter363.csv
2022-06-16,SCHW,60.86000061035156,35.32086931342423,-1.6480490479598056,59.9900016784668,0,"Entering Its Third Decade, Schwab’s Premier Advisory Solution Announces Plans for New Name That Reflects Comprehensive Wealth Management Capabilities",headlinesIter364.csv
2022-06-17,SCHW,59.9900016784668,33.68027154967141,-1.7778531508929136,62.380001068115234,1,"Week’s Best: Veteran Stockpicker Chris Davis on Markets, Politics, and More",headlinesIter365.csv
2022-06-21,SCHW,62.380001068115234,41.69259055056093,-1.8610066040327644,62.43999862670898,1,"Tesla, Spirit Airways, Kellogg, and Lennar Rise Premarket",headlinesIter366.csv
2022-06-22,SCHW,62.43999862670898,41.88241124242276,-1.9053624557377389,62.02999877929688,0,Charles Schwab CIO Dennis Howard explains why it's investing $2B-plus in technology,headlinesIter367.csv
2022-06-23,SCHW,62.02999877929688,40.90246095603911,-1.925274117111868,64.43000030517578,1,Charles Schwab CIO Dennis Howard explains why it's investing $2B-plus in technology,headlinesIter368.csv
2022-06-24,SCHW,64.43000030517578,48.49876771111708,-1.8861421195666772,64.1500015258789,0,Charles Schwab CIO Dennis Howard explains why it's investing $2B-plus in technology,headlinesIter369.csv
2022-06-27,SCHW,64.1500015258789,47.72797882368822,-1.8122223820243075,64.16999816894531,1,Is SWRSX a Strong Bond Fund Right Now?,headlinesIter370.csv
2022-06-28,SCHW,64.16999816894531,47.79179475985768,-1.715923901646066,63.619998931884766,0,The Charles Schwab Corporation (SCHW) Gains As Market Dips: What You Should Know,headlinesIter371.csv
2022-06-29,SCHW,63.619998931884766,46.12387440683289,-1.6155109632088225,63.18000030517578,0,Is Schwab MarketTrack Growth Investor (SWHGX) a Strong Mutual Fund Pick Right Now?,headlinesIter372.csv
2022-06-30,SCHW,63.18000030517578,44.7775304562107,-1.5211208191683545,63.91999816894531,1,Is Schwab Global Real Estate (SWASX) a Strong Mutual Fund Pick Right Now?,headlinesIter373.csv
2022-07-01,SCHW,63.91999816894531,47.550441319115336,-1.420180557535838,63.38999938964844,0,Should Schwab U.S. LargeCap ETF (SCHX) Be on Your Investing Radar?,headlinesIter374.csv
2022-07-05,SCHW,63.38999938964844,45.77747295568647,-1.3256452066207614,63.43999862670898,1,Should Schwab U.S. SmallCap ETF (SCHA) Be on Your Investing Radar?,headlinesIter375.csv
2022-07-06,SCHW,63.43999862670898,45.98209732025791,-1.2362609067650523,64.23999786376953,1,Should Schwab U.S. LargeCap Growth ETF (SCHG) Be on Your Investing Radar?,headlinesIter376.csv
2022-07-07,SCHW,64.23999786376953,49.28021303753962,-1.1392096493522377,64.36000061035156,1,The Charles Schwab Corporation (SCHW) Gains But Lags Market: What You Should Know,headlinesIter377.csv
2022-07-08,SCHW,64.36000061035156,49.77558266462516,-1.037929415795522,62.93999862670898,0,"Top Analyst Reports for Exxon Mobil, Alibaba &amp; Charles Schwab",headlinesIter378.csv
2022-07-11,SCHW,62.93999862670898,44.26615818789482,-0.9595974703343824,62.25,0,The Charles Schwab Corporation (SCHW) Earnings Expected to Grow: Should You Buy?,headlinesIter379.csv
2022-07-12,SCHW,62.25,41.84260500197649,-0.9085767656447932,61.54999923706055,0,"With New Digital Onboarding Enhancements, Schwab Advisor Services Makes it Easier to Open Multiple Client Accounts for Households",headlinesIter380.csv
2022-07-13,SCHW,61.54999923706055,39.48101755852798,-0.8864460803169574,60.56999969482422,0,Is Schwab Fundamental International Small Company Index (SFILX) a Strong Mutual Fund Pick Right Now?,headlinesIter381.csv
2022-07-14,SCHW,60.56999969482422,36.38489275644137,-0.8971981569318199,62.18000030517578,1,Schwab Announces Its Summer Business Update,headlinesIter382.csv
2022-07-15,SCHW,62.18000030517578,44.13573756760088,-0.9002653545557024,61.2400016784668,0,"Trading Business, Higher Rates to Aid Schwab (SCHW) Q2 Earnings",headlinesIter383.csv
2022-07-18,SCHW,61.2400016784668,40.99517544160617,-0.9113002735802432,63.20000076293945,1,Is Schwab Fundamental International Small Company Index ETF (FNDC) a Strong ETF Right Now?,headlinesIter384.csv
2022-07-19,SCHW,63.20000076293945,49.12425081977737,-0.8934030590041628,62.83000183105469,0,Stocktwits First Went After the Crypto Trader. It’s  Expanding to Entice the Retail Stock Investor.,headlinesIter385.csv
2022-07-20,SCHW,62.83000183105469,47.78586188925868,-0.8621768157312575,63.130001068115234,1,Interactive Brokers (IBKR) Stock Declines on Q2 Earnings Miss,headlinesIter386.csv
2022-07-21,SCHW,63.130001068115234,48.99916154710105,-0.8174817387911041,62.9900016784668,0,Is Schwab International Index (SWISX) a Strong Mutual Fund Pick Right Now?,headlinesIter387.csv
2022-07-22,SCHW,62.9900016784668,48.43355170925776,-0.7670580498848625,63.65999984741211,1,5 Dividend ETFs Enjoying Huge Investor Love,headlinesIter388.csv
2022-07-25,SCHW,63.65999984741211,51.32909388155629,-0.703249361141965,61.16999816894531,0,Here is What to Know Beyond Why The Charles Schwab Corporation (SCHW) is a Trending Stock,headlinesIter389.csv
2022-07-26,SCHW,61.16999816894531,41.91032020840438,-0.6725198456734413,62.5099983215332,1,Top 5 Real Estate Funds To Add Yield And Stability To Your Portfolio,headlinesIter390.csv
2022-07-27,SCHW,62.5099983215332,47.49410557077597,-0.6412228785637561,67.69999694824219,1,"Schwab Authorizes $15 Billion Stock Repurchase, Declares 10% Increase in Quarterly Common Stock Dividend, and Declares Preferred Stock Dividends",headlinesIter391.csv
2022-07-28,SCHW,67.69999694824219,62.52089061835655,-0.526946008950769,69.05000305175781,1,The Charles Schwab Corporation Names CEO Walt Bettinger Co-Chairman of its Board of Directors,headlinesIter392.csv
2022-07-29,SCHW,69.05000305175781,65.30257843365172,-0.343909950914148,68.72000122070312,0,Schwab Launches Its First Crypto-related ETF—the Schwab Crypto Thematic ETF,headlinesIter393.csv
2022-08-01,SCHW,68.72000122070312,64.05113490661451,-0.1318531644098603,67.55000305175781,0,Schwab Announces Recipients of Its Registered Investment Advisor Talent Advantage Student Scholarship,headlinesIter394.csv
2022-08-02,SCHW,67.55000305175781,59.684039763767146,0.0689107678968249,68.9800033569336,1,Canada’s TD buying investment bank Cowen to broaden its U.S. push,headlinesIter395.csv
2022-08-03,SCHW,68.9800033569336,63.004163764805575,0.2747299389976724,69.0,1,"PayPal, Moderna Lead Buyback Frenzy Week, Giving Stocks a Lift",headlinesIter396.csv
2022-08-04,SCHW,69.0,63.049988242626966,0.4726211244473369,69.30999755859375,1,Toronto-Dominion (TD) Agrees to Acquire Cowen (COWN) for $1.3B,headlinesIter397.csv
2022-08-05,SCHW,69.30999755859375,63.798598752220734,0.6590380499911113,68.44999694824219,0,The Best Robo-Advisor for You: Barron’s Annual Ranking,headlinesIter398.csv
2022-08-08,SCHW,68.44999694824219,60.15731160783565,0.8132679599586373,69.04000091552734,1,Be Sure To Check Out The Charles Schwab Corporation (NYSE:SCHW) Before It Goes Ex-Dividend,headlinesIter399.csv
2022-08-09,SCHW,69.04000091552734,61.76942460019116,0.9467982519166276,69.94000244140625,1,Be Sure To Check Out The Charles Schwab Corporation (NYSE:SCHW) Before It Goes Ex-Dividend,headlinesIter400.csv
2022-08-10,SCHW,69.94000244140625,64.15219609337417,1.0725555997414646,72.56999969482422,1,Schwab Q3 Trader Sentiment Survey: Most Traders See a Recession Beginning This Year,headlinesIter401.csv
2022-08-11,SCHW,72.56999969482422,70.03045197469967,1.2263641077659526,75.0,1,2 Stocks Under $100 You Can Buy and Hold Forever,headlinesIter402.csv
2022-08-12,SCHW,75.0,74.23443803685959,1.4256657471837284,75.86000061035156,1,Asset managers bet big on crypto despite market rout,headlinesIter403.csv
2022-08-15,SCHW,75.86000061035156,75.54204816071926,1.6535053055800175,77.18000030517578,1,Asset managers bet big on crypto despite market rout,headlinesIter404.csv
2022-08-16,SCHW,77.18000030517578,77.43497660816152,1.9045793037122976,75.45999908447266,0,Should Schwab 1000 Index ETF (SCHK) Be on Your Investing Radar?,headlinesIter405.csv
2022-08-17,SCHW,75.45999908447266,69.8489619665215,2.1252719482758504,75.75,1,The Charles Schwab Corporation (SCHW) Up 22.1% Since Last Earnings Report: Can It Continue?,headlinesIter406.csv
2022-08-18,SCHW,75.75,70.3759207682714,2.3151359464668744,73.86000061035156,0,Is Schwab S&amp;P 500 (SWPPX) a Strong Mutual Fund Pick Right Now?,headlinesIter407.csv
2022-08-19,SCHW,73.86000061035156,62.68647210498028,2.44029366229928,72.55000305175781,0,"The Zacks Analyst Blog Highlights Schwab U.S. Dividend Equity ETF, Vanguard High Dividend Yield ETF, iShares Core High Dividend ETF, iShares Core Dividend Growth ETF and iShares Select Dividend ETF",headlinesIter408.csv
2022-08-22,SCHW,72.55000305175781,57.95943752159578,2.4918715908149416,72.79000091552734,1,Bridgewater Bancshares (BWB) Announces New Share Buyback Plan,headlinesIter409.csv
2022-08-23,SCHW,72.79000091552734,58.57573632031858,2.4927768802140378,73.31999969482422,1,Is Schwab Core Equity (SWANX) a Strong Mutual Fund Pick Right Now?,headlinesIter410.csv
2022-08-24,SCHW,73.31999969482422,59.9712900870604,2.4646483625741125,74.0,1,"The Zacks Analyst Blog Highlights UnitedHealth Group, Adobe, Charles Schwab, Lowe's Companies and Analog Devices",headlinesIter411.csv
2022-08-25,SCHW,74.0,61.75171108892417,2.4250281360877914,71.88999938964844,0,Is Schwab MarketTrack Allocation Equity Portfolio (SWEGX) a Strong Mutual Fund Pick Right Now?,headlinesIter412.csv
2022-08-26,SCHW,71.88999938964844,53.76114125667712,2.3410911298131585,71.94000244140625,1,"The Best Online Brokers and Trading Platforms, 2022",headlinesIter413.csv
2022-08-29,SCHW,71.94000244140625,53.91333704389689,2.229239290341994,72.5,1,IBD's 25 Most Trusted Financial Companies,headlinesIter414.csv
2022-08-30,SCHW,72.5,55.673033824662745,2.109607979186737,70.94999694824219,0,Is Schwab Fundamental U.S. Broad Market Index ETF (FNDB) a Strong ETF Right Now?,headlinesIter415.csv
2022-08-31,SCHW,70.94999694824219,49.9841626322842,1.961834300172688,71.72000122070312,1,Should Schwab U.S. LargeCap ETF (SCHX) Be on Your Investing Radar?,headlinesIter416.csv
2022-09-01,SCHW,71.72000122070312,52.57666164778843,1.811981621872504,70.33999633789062,0,Should Schwab Fundamental U.S. Large Company Index ETF (FNDX) Be on Your Investing Radar?,headlinesIter417.csv
2022-09-02,SCHW,70.33999633789062,47.795131600847256,1.642534347551028,70.47000122070312,1,Interactive Brokers' (IBKR) August DARTs Up From July Level,headlinesIter418.csv
2022-09-06,SCHW,70.47000122070312,48.272397011662285,1.4680187501199786,71.79000091552734,1,Is Schwab Fundamental International Large Company Index ETF (FNDF) a Strong ETF Right Now?,headlinesIter419.csv
2022-09-07,SCHW,71.79000091552734,52.97340844973076,1.3171887344540134,73.16000366210938,1,Should Schwab U.S. Dividend Equity ETF (SCHD) Be on Your Investing Radar?,headlinesIter420.csv
2022-09-08,SCHW,73.16000366210938,57.3098085581316,1.2079665953403829,74.54000091552734,1,Should Schwab U.S. LargeCap Growth ETF (SCHG) Be on Your Investing Radar?,headlinesIter421.csv
2022-09-09,SCHW,74.54000091552734,61.191769429031,1.1498129221642777,74.91999816894531,1,Morningstar Lists Stocks That Benefit from Rising Rates,headlinesIter422.csv
2022-09-12,SCHW,74.91999816894531,62.21077819180645,1.1301584637292148,72.94999694824219,0,Is Schwab Small-Cap Equity (SWSCX) a Strong Mutual Fund Pick Right Now?,headlinesIter423.csv
2022-09-13,SCHW,72.94999694824219,54.25688660676439,1.1016588077765264,72.75,0,"Fidelity, Schwab, Citadel Securities Plan to Launch New Crypto Exchange",headlinesIter424.csv
2022-09-14,SCHW,72.75,53.50892073643732,1.0634074146707742,72.58000183105469,0,Should Schwab U.S. MidCap ETF (SCHM) Be on Your Investing Radar?,headlinesIter425.csv
2022-09-15,SCHW,72.58000183105469,52.84209478071985,1.0159130807719778,71.87000274658203,0,Grab These 3 Balanced Mutual Funds for Solid Returns,headlinesIter426.csv
2022-09-16,SCHW,71.87000274658203,50.03743875851266,0.9514720899831624,73.70999908447266,1,"Schwab (SCHW) Offers Q3 View, August Core Net New Assets Rise",headlinesIter427.csv
2022-09-19,SCHW,73.70999908447266,56.48353830665707,0.9069748357610444,73.3499984741211,0,Is Schwab Fundamental International Small Company Index ETF (FNDC) a Strong ETF Right Now?,headlinesIter428.csv
2022-09-20,SCHW,73.3499984741211,54.98869158810583,0.8694997702448605,72.91000366210938,0,Schwab Stock Plan Services Earns Highest Net Promoter Score Client Loyalty Rating in Group Five Benchmarking Study,headlinesIter429.csv
