﻿,Titles,Polarity,Positive,Neutral,Negative
0,"Stock Market News About Johnson &amp; Johnson, NVIDIA, and More",0.0,0.0,1.0,0.0
1,Pfizer identifies fake COVID-19 shots abroad,-0.691,0.0,0.814,0.186
2,"Spain likely to start J&amp;J COVID vaccinations on Thursday, minister says",-0.889,0.034,0.907,0.059
3,I’m confident in the J&amp;J vaccine and its effectiveness: NewYork Presbyterian CEO,0.0,0.0,1.0,0.0
4,UPDATE 1-South African researchers hope to resume J&amp;J vaccination study next week,0.984,0.125,0.868,0.007
5,UPDATE 1-Greece to start J&amp;J coronavirus vaccinations on May 5,-0.153,0.028,0.951,0.021
6,"FDA's Inspection Of Emergent's COVID-19 Vaccine Baltimore Plant Outlines Concerns About Sanitary Conditions, Employee Training",-0.962,0.033,0.871,0.096
7,"EXPLAINER-How worried should we be about blood clots linked to Astra, J&amp;J vaccines?",-0.87,0.07,0.853,0.077
8,"EU says J&amp;J vaccine benefits outweigh risks, Pfizer finds fake COVID-19 shots ",-0.735,0.045,0.9,0.055
9,Healthcare ETFs in Focus Post JNJ's Q1 Earnings Results,0.998,0.138,0.832,0.03
10,US Indexes Close Lower Again Tuesday,-0.866,0.055,0.865,0.079
11,FDA inspection of Emergent's COVID-19 vaccine plant identifies 'potential quality issues',0.178,0.059,0.896,0.045
12,"RPT-UPDATE 1-U.S. FDA finds peeling paint, debris at U.S. plant making J&amp;J's COVID-19 vaccine",-0.863,0.014,0.912,0.074
13,12 Best Value Dividend Stocks to Buy Now According to Warren Buffett,0.999,0.095,0.892,0.012
14,"U.S. FDA finds peeling paint, debris at U.S. plant making J&amp;J's COVID-19 vaccine",-0.859,0.035,0.883,0.082
15,J&amp;J (JNJ) Gets Usage Guidance for COVID-19 Vaccine in Europe,0.997,0.125,0.849,0.026
16,"UPDATE 2-U.S. FDA finds peeling paint, debris at U.S. plant making J&amp;J's COVID-19 vaccine",-0.859,0.034,0.887,0.079
17,"Company News for Apr 21, 2021",0.986,0.209,0.763,0.029
18,"EU snubs extra 300 mln J&amp;J, Astra shots in bet on Pfizer-source",-0.743,0.046,0.899,0.055
19,J&amp;J resumes European COVID-19 vaccine rollout with regulator-mandated safety warning,-0.459,0.0,0.862,0.138
20,"Dow Jones Futures: Netflix Dives On Subscriber Miss, Chip Giant ASML Rallies After Market Retreat Slams Leaders",-0.44,0.0,0.884,0.116
21,"Dow Jones Futures: Netflix Dives On Subscriber Miss, Chip Giant ASML Rallies After Market Retreat Slams Leaders",-0.44,0.0,0.884,0.116
22,"House Democrats Investigating Emergent BioSolutions' Vaccine Contracts, Call On Execs To Testify",0.25,0.062,0.888,0.05
23,Is Pfizer Stock A Buy As The Company Bolsters Its Covid Vaccine Supply?,-0.494,0.0,0.897,0.103
24,Is J&amp;J Stock A Sell As Blood-Clot Questions Plague Its Covid Vaccine?,0.0,0.0,1.0,0.0
25,Is AstraZeneca a Bad-News Buy?,-0.511,0.043,0.867,0.09
26,UPDATE 1-European countries to resume J&amp;J COVID vaccine deliveries,0.585,0.073,0.873,0.054
27,2 Reasons This COVID Vaccine Latecomer Could Gain Major Market Share,-0.511,0.043,0.863,0.094
28,Bear of the Day: OrganiGram Holdings (OGI),0.986,0.129,0.803,0.068
29,Why Novavax Could Be the Biggest Winner From Johnson &amp; Johnson's Vaccine Woes,0.534,0.149,0.773,0.078
30,Will Blood Clot Issues Make Johnson &amp; Johnson's COVID Vaccine a Loser?,-0.743,0.0,0.921,0.079
