﻿,Titles,Polarity,Positive,Neutral,Negative
0,UPDATE 1-FDA to allow export of certain lots of AstraZeneca COVID-19 vaccine made at Baltimore plant,0.898,0.06,0.94,0.0
1,FDA to allow export of certain lots of AstraZeneca COVID-19 vaccine made at Baltimore plant,0.898,0.076,0.924,0.0
2,Novavax CEO: The headline of delaying our vaccine filing in the U.S. is not accurate,-0.382,0.0,0.909,0.091
3,Booster shots are an ‘ethical question’ we have to look at: Doctor,0.477,0.103,0.897,0.0
4,"Despite Novavax’s Challenges, NVAX Stock Could Still Pop",0.997,0.111,0.861,0.028
5,10 Popular Stocks to Buy Right Now,1.0,0.115,0.854,0.031
6,Moderna presses for COVID-19 boosters as federal health officials warm to an extra dose for some people,0.593,0.038,0.962,0.0
7,Pharma ETFs Gain on Q2 Earnings,0.998,0.122,0.844,0.034
8,UPDATE 2-J&amp;J seeks emergency use nod for COVID-19 vaccine in India,0.855,0.059,0.918,0.022
9,J&amp;J seeks emergency use nod for COVID-19 vaccine in India,0.855,0.062,0.915,0.023
10,UPDATE 1-South Africa study shows high COVID protection from J&amp;J vaccine,-0.752,0.055,0.873,0.072
