﻿,Titles,Polarity,Positive,Neutral,Negative
0,FDA advisers say the U.S. needs updated COVID-19 boosters to fight omicron,0.671,0.256,0.744,0.0
1,10 Best Stocks Under $50 According to Billionaire Ray Dalio,0.999,0.089,0.896,0.015
2,MeiraGTx Posts Encouraging Gene Therapy Data From Eye Disorder Trial,0.986,0.162,0.823,0.016
3,J&amp;J does not plan to update its COVID-19 vaccine,0.153,0.062,0.883,0.055
4,New to Dividend Stocks? Start by Buying These 3 Ultra-Safe Picks,0.743,0.189,0.766,0.045
5,10 Cheap Dividend Stocks with Over 6% Yield,0.999,0.125,0.866,0.009
6,"The Zacks Analyst Blog Highlights Johnson &amp; Johnson, Advanced Micro Devices, Union Pacific,  Anheuser-Busch, and ServiceNow",0.999,0.144,0.83,0.026
7,Dow Jones Rallies As Nike Falls On Weak Sales Guidance,-0.681,0.0,0.772,0.228
8,Dow Jones Futures Climb But Nike Slides On Weak Sales Guidance,-0.681,0.0,0.772,0.228
9,"Got $1,000? 3 Buffett Stocks to Buy Now and Hold Forever",-0.115,0.047,0.897,0.056
10,Should You Invest in the Vanguard Health Care ETF (VHT)?,0.997,0.135,0.833,0.032
