﻿,Titles,Polarity,Positive,Neutral,Negative
0,"Emergent BioSolutions, feds terminate long-running pandemic preparedness contract",0.0,0.0,1.0,0.0
1,"RTP firm to coordinate study on Covid vaccines, autoimmune disease",0.0,0.0,1.0,0.0
2,Novavax Looks Primed and Ready for a Vaccine Comeback,0.997,0.111,0.854,0.036
3,J&amp;J Takes Second Shot at Halting Baby Powder Suits in Bankruptcy,-0.991,0.072,0.776,0.151
4,7 Stocks to Buy to Hone in on Ray Dalio’s Reliable Favorites,0.999,0.103,0.877,0.02
5,7 Safe Stocks that are Immune from China’s Market Volatility,1.0,0.144,0.82,0.036
6,"Theravance's (TBPH) Q3 Earnings Beat, Restructuring On Track",0.987,0.092,0.877,0.032
7,10 Stocks To Buy Now According To Stamos Capital,0.998,0.092,0.893,0.015
