﻿,Titles,Polarity,Positive,Neutral,Negative
0,"'The threat of COVID is not gone,"" says Milwaukee medical director",-0.637,0.0,0.828,0.172
1,U.S. administers over 416 mln doses of COVID-19 vaccines - CDC,0.599,0.035,0.965,0.0
2,Novavax files first COVID-19 vaccine authorization in UK,0.0,0.075,0.825,0.1
3,Healthcare ETFs in Focus as Q3 Earnings Unfold,0.999,0.145,0.832,0.023
4,"Sentiment is Down, but Here is Why Johnson &amp; Johnson (NYSE:JNJ) Seems to be Undervalued",0.999,0.203,0.765,0.032
5,Boston Named World's Top Biotech Hub as the City's Leading Biotech Companies Continue to Make Major Breakthroughs,0.995,0.118,0.827,0.055
