﻿,Titles,Polarity,Positive,Neutral,Negative
0,J&amp;J claims lawyers for talc plaintiffs leaked documents to Reuters,-0.523,0.063,0.869,0.068
1,"HMS Capital Management, LLC Buys PowerShares QQQ Trust Ser 1, WESCO International Inc, Lincoln ...",0.994,0.072,0.92,0.008
2,"COVID-19 variants: ‘Vaccines are our most important tool,’ doctor says",0.0,0.0,1.0,0.0
3,"COVID-19: We need to vaccinate more young people and kids, doctor urges",-0.758,0.0,0.87,0.13
4,Janssen Inks Over $1B Pact For Mersana's ADC Technology In Three targets,0.178,0.058,0.901,0.041
5,"Miller Howard Investments Inc  Buys Johnson &amp; Johnson, Snap-on Inc, iShares Select Dividend ...",0.996,0.059,0.938,0.004
6,10 Dividend ETFs for 2022,0.993,0.064,0.91,0.026
7,Johnson &amp; Johnson's Q4: Looking Behind the Numbers,0.077,0.018,0.982,0.0
8,10 Income Stocks with Over 10 Years of Dividend Increases,0.999,0.089,0.895,0.016
9,"Greenhouse Wealth Management, LLC Buys Eli Lilly and Co, Johnson &amp; Johnson, Oracle Corp, ...",0.998,0.165,0.828,0.008
10,Here's What to Like About Johnson &amp; Johnson's Q4 Update,-0.103,0.038,0.917,0.044
