﻿,Titles,Polarity,Positive,Neutral,Negative
0,FDA advisory panel authorizes booster dose for those 65 &amp; older,0.0,0.0,1.0,0.0
1,FDA advisory panel votes against approving COVID-19 booster,0.0,0.0,1.0,0.0
2,"Wearing masks is something we should consider possibly in every flu, winter season: Doctor",-0.382,0.0,0.867,0.133
3,3 Value Dividend Stocks for High Total Returns,1.0,0.136,0.854,0.01
4,FDA panel votes against Pfizer's booster shot,-0.513,0.036,0.925,0.039
5,Impact of NYC’s Covid-19 vaccination proof mandate for restaurants,-0.34,0.0,0.932,0.068
6,Doctor: This conversation about boosters doesn’t take place just in the U.S.,-0.637,0.0,0.871,0.129
7,Janssen Shares Erdafitinib Combo Therapy Data In Bladder Cancer,0.832,0.048,0.952,0.0
8,FDA vaccine advisors weigh need for booster shots,0.361,0.057,0.943,0.0
9,Powell orders ethics review amid trading scandal,-0.273,0.0,0.94,0.06
10,BioSig Expands in Electrophysiology with St. Elizabeth's Medical Center Evaluation,0.991,0.113,0.872,0.015
11,Is Moderna Winning on Vaccine Efficacy?,0.527,0.123,0.823,0.053
12,3 Top Warren Buffett Stocks to Buy and Hold,0.718,0.118,0.882,0.0
