﻿,Titles,Polarity,Positive,Neutral,Negative
0,"Inv Corp Composite Buys Johnson &amp; Johnson, EOG Resources Inc, Cerner Corp, Sells Amgen Inc, ...",0.987,0.049,0.951,0.0
1,'Vaccines are available': Doctor explains the biggest difference for second winter COVID-19 wave,0.0,0.0,1.0,0.0
2,"The stats on covid-19 vaccines, one year after the first jab was given",0.0,0.0,1.0,0.0
3,Markets Upbeat on Vaccine Efficacy Against Omicron Variant,0.995,0.11,0.872,0.017
4,"Remedies for Omicron Apparent, Markets Up Again",0.996,0.115,0.869,0.016
5,Big Companies Are Splitting: 1 Investor Weighs In,0.202,0.069,0.889,0.042
6,"Vaccine stocks: Pfizer, Moderna rise on Omicron news, Novavax falls",0.997,0.104,0.865,0.032
7,"Omicron and Fed making for 'very confusing market action,' strategist says",0.0,0.0,1.0,0.0
8,Pfizer says its COVID-19 booster protects against the Omicron variant,-0.815,0.043,0.903,0.054
