﻿,Titles,Polarity,Positive,Neutral,Negative
0,"AstraZeneca Weighs Seeking Full U.S. Approval for Covid Shot, Skipping Emergency-Use Application",0.0,0.0,1.0,0.0
1,Moderna and Pfizer vaccines show defense against variants,0.976,0.075,0.898,0.027
2,"EMA Safety Committee Reviews Heart Inflammation, Rare Nerve Disorder Reports After Pfizer, AstraZeneca COVID-19 Shots",0.736,0.068,0.879,0.054
3,‘We are not out of the woods with this pandemic’: Doctor,0.0,0.0,1.0,0.0
4,Pfizer begins process of seeking full U.S. vaccine approval: RPT,0.0,0.0,1.0,0.0
5,10 Best Dividend Stocks According to Billionaire Ray Dalio,1.0,0.118,0.861,0.021
6,10 Best Dividend Stocks According to Billionaire Ray Dalio,1.0,0.118,0.861,0.021
7,UPDATE 1-German panel to recommend J&amp;J COVID vaccine for over-60s - Spiegel,-0.128,0.036,0.921,0.043
8,J&amp;J Vision Receives Approval For TECNIS Synergy And TECNIS Synergy Toric II IOLs In US And Canada,0.996,0.177,0.818,0.005
9,Should You Invest in the VanEck Vectors Pharmaceutical ETF (PPH)?,0.994,0.111,0.861,0.029
10,Here Are the Best Healthcare Stocks That Robinhood Investors Love,0.765,0.185,0.759,0.056
11,Here Are the Best Healthcare Stocks That Robinhood Investors Love,0.765,0.185,0.759,0.056
12,"India's Biological E. to begin Phase III trial of  vaccine, production from August",-0.773,0.021,0.943,0.036
