﻿,Titles,Polarity,Positive,Neutral,Negative
0,Eli Lilly (LLY) Option Traders Prepped for Earnings Beat,0.612,0.227,0.773,0.0
1,Amgen (AMGN) Option Traders Unenthusiastic Into Earnings,0.103,0.072,0.928,0.0
2,IBD/TIPP Poll: Will Employer-Required Shots Rattle Resisters — Or Vaccine Stocks?,0.66,0.252,0.748,0.0
3,Doctor on COVID-19: 'People who are vaccinated are still very susceptible to infection',0.0,0.0,1.0,0.0
4,Latest Covid deaths are 'largely preventable' and 'inexcusable': Doctor,0.0,0.0,1.0,0.0
5,"Booster shots for coronavirus 'are going to become a reality,' doctor says",0.947,0.071,0.88,0.049
6,Physician: The 'best tool' to prevent lingering COVID-19 symptoms is vaccination,-0.128,0.066,0.852,0.082
7,White House urges vaccinations as Delta variant engulfs the nation,0.0,0.0,1.0,0.0
8,Johnson &amp; Johnson Pulls Application For Accelerated Approval Of COVID-19 Shot In India: Report,0.859,0.1,0.85,0.05
9,UPDATE 2-J&amp;J says still in talks with Indian govt on COVID-19 vaccine,0.919,0.066,0.915,0.019
