﻿,Titles,Polarity,Positive,Neutral,Negative
0,Doctor on CDC adding testing to isolation guidelines: I've agreed virtually 100% with the CDC... this is one I would push back on,0.0,0.0,1.0,0.0
1,Conservative Stock Portfolio: 10 Best Stocks To Buy,1.0,0.123,0.849,0.029
2,"Omicron: 'We have yet to see the full force of this surge' on health systems, doctor explains",0.75,0.085,0.845,0.07
3,"Omicron is particularly dangerous for the unvaccinated, doctor says",0.988,0.077,0.868,0.055
4,Novavax (NVAX) Further Delays FDA Filing for COVID-19 Vaccine,0.992,0.078,0.899,0.023
5,"COVID-19: Pfizer booster approved for teens, officials fear boosters may limit global vaccine supply",-0.422,0.07,0.795,0.134
6,Teva Suffers Loss In New York's Opioid Trial,0.361,0.069,0.881,0.05
7,Should Vanguard Russell 1000 Value ETF (VONV) Be on Your Investing Radar?,0.999,0.18,0.784,0.036
8,Some Investors Should Buy Novavax Stock on the Dip,0.985,0.095,0.841,0.064
9,Novavax Slips as Covid Shot Urgent Use Filing to Take Another Month,0.652,0.059,0.91,0.03
