﻿,Titles,Polarity,Positive,Neutral,Negative
0,UPDATE 1-J&amp;J puts talc liabilities into bankruptcy,0.785,0.111,0.814,0.074
1,J&amp;J puts talc liabilities into bankruptcy,0.785,0.115,0.809,0.076
2,Johnson &amp; Johnson Takes Steps to Equitably Resolve All Current and Future Talc Claims,0.999,0.161,0.79,0.049
3,Doctor: Just a 'matter of time' before another COVID-19 surge,-0.382,0.0,0.885,0.115
4,Kyrie Irving won't play for the Brooklyn Nets until vaccinated,0.128,0.077,0.923,0.0
5,FDA panel endorses a lower dose of Moderna’s COVID-19 vaccine for booster shot,0.0,0.0,1.0,0.0
6,France donates COVID-19 vaccine to Nigeria under COVAX scheme,0.904,0.073,0.912,0.015
7,Doctor on Covid-19: ‘Let history guide our future actions’,0.494,0.151,0.849,0.0
8,Lack of US COVID-19 data is 'red meat' for anti-vaccine movement: Expert,-0.087,0.075,0.839,0.086
9,11 Best Value Stocks To Buy According To Warren Buffett,0.999,0.105,0.872,0.023
10,"90,000 U.S. adult deaths from COVID-19 over the summer could have been prevented if victims had been vaccinated, study finds",-0.625,0.0,0.87,0.13
11,"With CEO hire, this Boston biotech boasts an all-woman C-suite",-0.66,0.0,0.82,0.18
12,‘I am for’ a national vaccine mandate: Stanley McChrystal,-0.98,0.097,0.756,0.147
13,"Stocks Jump, Oil Surges, Earnings on Tap, Squid Game Enthralls - 5 Things You Must Know",-0.382,0.051,0.858,0.091
