﻿,Titles,Polarity,Positive,Neutral,Negative
0,Chile approves J&amp;J's COVID-19 vaccine for emergency use,-0.466,0.057,0.878,0.064
1,The COVID vaccine for teens 12 to 17 is 'built on the backs of very solid clinical evidence': Doctor,0.0,0.0,1.0,0.0
2,"Biden meets with Johnson, Suu Kyi faces new corruption cases, EU forgoes J&amp;J vaccine: RPT",0.202,0.141,0.859,0.0
3,Moderna’s Covid-19 Vaccine Seeks FDA Authorization for Use in Adolescents,0.0,0.0,1.0,0.0
4,UPDATE 2-FDA extends shelf life of Johnson &amp; Johnson COVID-19 vaccine,0.667,0.056,0.919,0.025
5,Analysis: G7 global tax plan may hit corporate titans unevenly,0.999,0.111,0.873,0.016
6,"EU foregoes 100 million J&amp;J vaccines, considers donating other doses - sources",0.626,0.049,0.909,0.042
