﻿,Titles,Polarity,Positive,Neutral,Negative
0,"Dow Jones Rises, Hits New High After Fed Chairman Powell's Comments; This Chip Stock Breaks Out",0.0,0.0,1.0,0.0
1,"Dow Jones Rises, Hits New High After Fed Chairman Powell's Comments; This Chip Stock Breaks Out",0.0,0.0,1.0,0.0
2,"Charlie Munger, Q4 GDP, Disney: 3 Things to Watch",0.985,0.104,0.855,0.041
3,"Charlie Munger, Q4 GDP, Disney: 3 Things to Watch",0.985,0.104,0.855,0.041
4,Top 15 Pharmaceutical Companies With Highest R&amp;D Spending,0.994,0.083,0.868,0.049
