﻿,Titles,Polarity,Positive,Neutral,Negative
0,Brazil looks at extending expiry date of J&amp;J COVID vaccines,-0.502,0.042,0.916,0.043
1,Seattle becomes first major U.S.city with 70% fully vaccinated,0.0,0.0,1.0,0.0
2,COVID SCIENCE-Vaccines effective vs variants despite diminished antibodies; kids may be as contagious as adults,0.96,0.054,0.919,0.027
3,"FDA Authorizes 10M JNJ COVID-19 Vaccine Doses, Asks To Discard 60M From Emergent Plant: NYT",0.869,0.066,0.898,0.036
4,"Johnson &amp; Johnson Can’t Use 60 Million Covid Doses Because of Possible Contamination, FDA Rules",-0.402,0.0,0.87,0.13
5,"J&amp;J Can’t Use 60 Million Covid Doses Because of Possible Contamination, FDA Rules",-0.402,0.0,0.87,0.13
6,"Dow Slips, Small Caps Lead Upside, Nasdaq Holds Gain; These Biotech Stocks Make Notable Moves",0.169,0.121,0.746,0.133
7,"New daily COVID-19 cases and deaths fall for first time in 4 days, while vaccine concerns grow with reports of side effects",0.417,0.128,0.757,0.114
8,CDC plans 'emergency meeting' over COVID-19 vaccine side effects,-0.382,0.0,0.909,0.091
9,Dow Jones Slips As These 2 Key Stocks Weigh; Nasdaq Aims For Big Weekly Gain,-0.329,0.0,0.895,0.105
10,UPDATE 2-U.S. FDA asks J&amp;J to discard 60 mln vaccine doses made at Baltimore plant -NYT,-0.323,0.025,0.943,0.031
11,"Ocugen (OCGN) to File Coronavirus Vaccine BLA in US, Stock Tanks",0.998,0.159,0.825,0.015
12,Warren Buffett’s Most Profitable Investments of All Time,1.0,0.118,0.858,0.024
13,Warren Buffett’s Most Profitable Investments of All Time,1.0,0.118,0.858,0.024
14,J&amp;J stock drops after report FDA said millions of COVID-19 vaccine doses need to be discarded,0.052,0.027,0.948,0.025
15,UPDATE 1-EU won't use J&amp;J COVID shots from time of U.S. contamination issue,-0.009,0.018,0.963,0.018
16,"BeiGene Touts Initial Brukinsa Efficacy, Safety Profile For Leukemia, Compared To Imbruvica",0.099,0.073,0.858,0.068
17,"BeiGene Touts Initial Brukinsa Efficacy, Safety Profile For Leukemia, Compared To Imbruvica",0.099,0.073,0.858,0.068
18,Johnson &amp; Johnson says FDA has extended shelf life of single-dose COVID vaccine by six weeks,0.422,0.069,0.931,0.0
19,J&amp;J Slips As FDA Wants 60 Million Doses From Troubled Plant Discarded,0.093,0.032,0.938,0.03
20,Better Buy: Verizon Communications vs. Johnson &amp; Johnson,0.318,0.071,0.929,0.0
21,PRESS DIGEST- Wall Street Journal - June 11,0.527,0.062,0.907,0.032
22,The next generation Covid-19 vaccines seeking a slice of the market,0.922,0.166,0.801,0.032
