﻿,Titles,Polarity,Positive,Neutral,Negative
0,Johnson &amp; Johnson COVID-19 Vaccine Booster Shot Authorized for Emergency Use by U.S. FDA,0.979,0.071,0.871,0.058
1,Vaccine Stocks Rise After FDA Unexpectedly Authorizes Mix-And-Match Covid Boosters,0.0,0.0,1.0,0.0
2,"FDA Authorizes Mix-and-Match, J&amp;J, and Moderna Boosters",0.67,0.097,0.903,0.0
3,"FDA backs Moderna and J&amp;J boosters, authorizes mixing COVID vaccines",0.0,0.0,1.0,0.0
4,"UPDATE 2-U.S. FDA clears Moderna, J&amp;J COVID-19 boosters, backs use of different vaccine for boost",0.962,0.063,0.914,0.023
5,"FDA authorizes mixing COVID vaccines, backs Moderna, J&amp;J boosters",0.0,0.0,1.0,0.0
6,People who got J&amp;J’s COVID-19 shot will soon be able to get a booster. Which one should they get?,0.0,0.0,1.0,0.0
7,Doctor on Covid-19: ‘This is a virus that is really here to stay’,-0.637,0.0,0.871,0.129
8,Pfizer Covid-19 vaccine is 93% effective against adolescent hospitalizations: CDC,-0.103,0.074,0.839,0.087
9,"JNJ Posts Mixed Q3 Bag, Ups View: ETFs in Focus",0.999,0.178,0.788,0.033
10,10 Earnings Reports Everyone is Talking About,0.999,0.118,0.864,0.018
11,A Crowded Earnings Calendar Ahead,0.978,0.055,0.938,0.007
12,"Stock Market News for Oct 20, 2021",0.992,0.106,0.861,0.033
13,F-star Shares Rise On Bispecific Antibody Therapeutics Pact With Janssen,0.951,0.125,0.853,0.022
14,11 Best Dividend Paying Stocks Under $20,1.0,0.116,0.878,0.007
15,Retirement Stock Portfolio: 10 Healthcare Stocks To Consider,1.0,0.127,0.855,0.018
16,J&amp;J Seeks Early Victory in Fight With Baby Powder Cancer Victims,-0.991,0.071,0.791,0.138
17,Top 12 High Dividend Stocks To Buy According to Hedge Funds,0.998,0.077,0.904,0.019
18,"28 Stocks To Benefit From Inflation, According To Jim Cramer",0.974,0.133,0.835,0.032
19,Facebook May Be Changing Its Name. Investors Aren’t Rewarding the Current One.,0.691,0.144,0.856,0.0
20,Intuitive's Q3 Earnings Slightly Edges Out Expectations,0.758,0.13,0.87,0.0
21,3 Things You Might Have Missed in Johnson &amp; Johnson's Q3 Results,0.407,0.097,0.838,0.064
22,Johnson &amp; Johnson Posts Mixed Q3 Results; Shares Rise 2.3%,0.996,0.143,0.845,0.012
