﻿,Titles,Polarity,Positive,Neutral,Negative
0,How Nomi Health Fills in Gaps in the Health Care Industry,0.999,0.102,0.88,0.017
1,Africa's struggle to get COVID vaccine doses: 'We feel forgotten',-0.955,0.059,0.868,0.073
2,Labor Secretary on the December jobs report: ‘It’s a solid report’,0.0,0.0,1.0,0.0
3,"Pharma Stock Roundup: FDA Nod to PFE Booster for Age 12-15, Breakthrough Tag to ABBV Drug",0.995,0.101,0.858,0.04
4,"Could the U.S. See a Fourth Covid-19 Vaccine Dose? Moderna, Pfizer Say Yes.",0.026,0.042,0.958,0.0
5,"UPDATE 2-In reversal, Georgia joins $26 billion U.S. opioid settlement",0.944,0.12,0.813,0.068
6,"In reversal, Georgia joins $26 billion U.S. opioid settlement",0.944,0.123,0.807,0.07
