﻿,Titles,Polarity,Positive,Neutral,Negative
0,U.S. administers about 423 million doses of COVID-19 vaccines - CDC,0.599,0.037,0.963,0.0
1,"Coronavirus: 'We have to be cautious' going into the winter season, doctor says",0.0,0.0,1.0,0.0
2,11 Best Covid Vaccine and Pill Stocks To Invest In,0.999,0.107,0.866,0.027
3,"J&amp;J, Costco settle lawsuits over recalled sunscreen",0.572,0.057,0.893,0.051
4,10 Stocks With Over 30 Years of Dividend Hikes,0.998,0.118,0.848,0.034
5,What Is the Nifty 50?,0.816,0.214,0.786,0.0
