﻿,Titles,Polarity,Positive,Neutral,Negative
0,Johnson &amp; Johnson (JNJ) Down 4.3% Since Last Earnings Report: Can It Rebound?,0.999,0.118,0.848,0.035
1,10 Stocks That are Benefiting From Rising Inflation,1.0,0.149,0.816,0.035
2,9 cybersecurity stocks to watch amid Russia attacking Ukraine: analyst,-0.649,0.051,0.884,0.066
3,Ukraine-Russia crisis won't stop Fed from jacking up interest rates: Goldman Sachs,-0.596,0.057,0.873,0.069
4,Japan to accept J&amp;J COVID vaccine for border entry next month,0.647,0.058,0.924,0.018
