﻿,Titles,Polarity,Positive,Neutral,Negative
0,10 Best Blue Chip Dividend Stocks,0.999,0.117,0.854,0.03
1,9/11 Victim Fund Director Feinberg Is Named Mediator for J&amp;J Fight,-0.556,0.108,0.776,0.115
2,"McKesson, Cardinal Health, AmerisourceBergen Face $95B Opioid Trial In Washington: Reuters",-0.286,0.062,0.87,0.069
3,Vaccines sent to some of the 'hardest to reach' places with Zipline drone delivery,0.44,0.091,0.909,0.0
4,"UPDATE 2-Washington state, in $95 billion opioid trial, blames drug distributors for crisis",-0.995,0.038,0.838,0.124
5,"J&amp;J (JNJ) to Separate Consumer Unit Into New Company, Stock Up",0.997,0.129,0.864,0.007
6,"Company News for Nov 15, 2021",0.991,0.234,0.735,0.031
7,Should You Buy Johnson &amp; Johnson Before It Splits?,0.0,0.0,1.0,0.0
8,10 Best Biotech Stocks to Buy According to Mark Lampert’s Biotechnology Value Fund,0.999,0.149,0.835,0.017
9,"McKesson, drug distributors face $95 billion opioid trial in Washington state",-0.981,0.049,0.837,0.114
10,Washington state seeks over $38 billion from opioid distributors,-0.813,0.0,0.829,0.171
11,Johnson &amp; Johnson Spinoff Plans Point to Rise of Direct to Consumer Commerce,0.996,0.127,0.87,0.004
