﻿,Titles,Polarity,Positive,Neutral,Negative
0,3 Healthcare Stocks for Long-Term Dividend Growth,0.999,0.117,0.864,0.019
1,Doctor: 'We're just going to keep recycling COVID' without proper measures,0.153,0.095,0.828,0.077
2,Johnson &amp; Johnson to Host Investor Conference Call on Fourth-Quarter Results,0.992,0.148,0.852,0.0
3,Here's What Investors Need to Know About Johnson &amp; Johnson's Split,0.0,0.0,1.0,0.0
4,Is Johnson &amp; Johnson's Upcoming Split Good or Bad News for Investors?,0.572,0.103,0.848,0.049
5,4 Stocks That Could Be Worth $1 Trillion by 2035,-0.077,0.051,0.889,0.059
6,10 Pharmaceutical Stocks to Buy Based on Billionaire Ken Griffin’s Portfolio,0.999,0.091,0.887,0.022
7,Moderna stock drops after posting interim data for mRNA flu vaccine,-0.751,0.0,0.709,0.291
8,"Pfizer, BioNTech Booster Gets FDA Nod for 16- &amp; 17-Year Olds",0.995,0.096,0.893,0.012
9,J&amp;J's (JNJ) COVID-19 Booster Jab Gets WHO Recommendation,0.984,0.089,0.888,0.023
10,Why You Should Buy Moderna Stock at Every Dip,0.995,0.101,0.856,0.043
11,UPDATE 1-South Africa to offer vaccine boosters as Omicron spreads,0.889,0.04,0.96,0.0
