﻿,Titles,Polarity,Positive,Neutral,Negative
0,U.S. study suggests COVID-19 vaccines may be ineffective against Omicron without booster,-0.392,0.009,0.973,0.018
1,"10 Stocks to Buy if You Have $5,000 in Starter Money",1.0,0.123,0.853,0.024
2,Pfizer early study shows vaccine is 70% effective against Omicron variant as cases rise globally,0.0,0.0,1.0,0.0
3,Merck's (MRK) HIV Studies on Islatravir Put on Clinical Hold,0.963,0.051,0.929,0.02
4,"Pfizer finds COVID pill 89% effective, some hospitals drop vaccine mandates amid labor shortage",0.0,0.0,1.0,0.0
5,Pfizer Stops 70% Omicron Hospitalizations in South Africa Study,-0.983,0.057,0.843,0.1
6,"No Omicron deaths in J&amp;J vaccine study in South Africa, scientist says",-0.543,0.075,0.816,0.109
7,UPDATE 4-Pfizer shot less effective against hospitalisation in South Africa - study,0.111,0.064,0.868,0.068
8,"DWS CROCI(R) U.S. Fund Buys SS&amp;C Technologies Holdings Inc, Meta Platforms Inc, Johnson ...",0.993,0.05,0.944,0.006
