﻿,Titles,Polarity,Positive,Neutral,Negative
0,Epidemiologist slams Aaron Rogers comments on COVID-19: 'It actually is a pandemic of the unvaccinated',0.0,0.0,1.0,0.0
1,U.S. authorizes more batches of J&amp;J COVID-19 vaccine made at Emergent,-0.361,0.007,0.977,0.016
2,See Why Emergent BioSolutions Stock Plunged 37% On Friday?,-0.34,0.0,0.93,0.07
3,10 Dividend Stocks With Over 10% Yield,0.999,0.104,0.869,0.026
4,Here's Why Johnson &amp; Johnson (JNJ) is a Strong Value Stock,1.0,0.219,0.772,0.008
5,"FATE's Q3 Loss Narrower Than Expected, Pipeline in Focus",0.995,0.108,0.865,0.027
6,"Emergent Tanks as U.S. Ends Contract, Vaccine Maker Cuts Outlook",0.511,0.049,0.921,0.03
7,Emergent Biosolutions shares tumble on news it will lose COVID vaccine production contract with govt',0.052,0.036,0.931,0.033
8,Emergent BioSolutions Stock Plunges After Key Government Contract Terminated,-0.34,0.062,0.81,0.129
9,Coronavirus tally: Global cases of COVID-19 top 248.7 million and U.S. cancels Emergent BioSolutions vaccine deal,-0.765,0.0,0.761,0.239
10,The Novavax Rebound Is Just Warming Up,0.999,0.136,0.853,0.011
11,"U.S. cancels multimillion dollar deal with Emergent BioSolutions, which produced contaminated J&amp;J vaccines: report",0.0,0.0,1.0,0.0
12,10 Stocks to Buy Under $15 According to Canadian Billionaire Prem Watsa,0.998,0.094,0.89,0.016
13,J&amp;J fails in final bid to appeal Australian pelvic mesh class action ruling,-0.487,0.047,0.892,0.062
14,J&amp;J fails in final bid to appeal Australian pelvic mesh class action ruling,-0.487,0.046,0.892,0.062
