﻿,Titles,Polarity,Positive,Neutral,Negative
0,Johnson &amp; Johnson to Host Live ESG Investor Update Webcast,0.997,0.117,0.847,0.036
1,"United Airlines joins Uber, Lyft, and Shake Shack in COVID-19 vaccine push",0.318,0.119,0.881,0.0
2,Pfizer begins testing booster shot on fully vaccinated adults,-0.637,0.0,0.822,0.178
3,U.S. must be ‘mindful’ as Covid escalates in other countries: Doctor,-0.572,0.0,0.856,0.144
4,Why Johnson &amp; Johnson (JNJ) is a Top Dividend Stock for Your Portfolio,0.992,0.131,0.863,0.007
5,The Power and Precision of BioSig's PURE EP™ System in the Electrophysiology (EP) Market,0.996,0.12,0.861,0.019
6,The Power and Precision of BioSig's PURE EP™ System in the Electrophysiology (EP) Market,0.996,0.118,0.863,0.019
7,JNJ's Stelara Fails to Beat AbbVie's Humira In Crohn's Disease Patients,0.976,0.116,0.842,0.042
8,J&amp;J's (JNJ) Amivantamab Gets FDA Nod for Rare Lung Cancer,0.997,0.142,0.831,0.027
