﻿,Titles,Polarity,Positive,Neutral,Negative
0,Why Kaiser and Mayo Clinic are investing $100 million in Medically Home,0.0,0.0,1.0,0.0
1,US Poised To Dispatch 20M Additional COVID-19 Shots To Countries In Need: CNBC,0.402,0.028,0.96,0.012
2,J&amp;J Cuts This Week's COVID-19 Vaccine Deliveries For EU By Half: Reuters,0.382,0.027,0.949,0.025
3,CDC to remain vigilant for case spikes after new mask guidance,0.994,0.113,0.875,0.012
4,UPDATE 1-J&amp;J vaccine deliveries to EU cut by half this week -EU source,0.581,0.049,0.899,0.052
5,U.S. plans to send 20 million more COVID vaccine doses overseas: White House,-0.273,0.0,0.97,0.03
6,Reinventing health care in a post-pandemic world,0.494,0.127,0.873,0.0
7,J&amp;J cuts vaccine deliveries to EU by half this week - EU source,0.186,0.032,0.926,0.042
8,"Walmart Profits, Home Depot Sales, Macy's Outlook: 3 Things to Watch",0.778,0.067,0.897,0.035
9,UPDATE 1-U.S. Supreme Court rejects J&amp;J appeal over Risperdal drug,0.345,0.083,0.834,0.082
10,U.S. Supreme Court rejects J&amp;J appeal over Risperdal drug,0.44,0.131,0.767,0.102
11,"Ireland considering giving AstraZeneca, J&amp;J vaccines to ages 40-49",0.202,0.021,0.979,0.0
