﻿,Titles,Polarity,Positive,Neutral,Negative
0,10 Blue Chip Dividend Stocks to Buy After the Market Selloff,0.996,0.06,0.93,0.01
1,3M’s Failed Legal Move Leaves Firm Back With Judge It Criticized,-0.984,0.081,0.81,0.109
2,"J&amp;J (JNJ) Announces $5B Stock Repurchase Program, Stock Up",0.994,0.139,0.813,0.048
3,10 Monthly Dividend Stocks with Highest Yields,0.999,0.091,0.891,0.019
4,Should Vanguard Russell 1000 Value ETF (VONV) Be on Your Investing Radar?,0.998,0.155,0.813,0.032
5,Wall Street Says This Stock Can Deliver a 543% Return. Should You Listen?,-0.128,0.057,0.858,0.086
