﻿,Titles,Polarity,Positive,Neutral,Negative
0,REFILE-UPDATE 1-Deadline to join drug distributors' $21 billion U.S. opioid settlement extended,0.972,0.121,0.836,0.044
1,"Pfizer COVID-19 pill: 'It's positive news' but 'this isn't a magic bullet,' doctor explains",-0.637,0.0,0.852,0.148
2,"COVID-19: How Omicron is impacting professional sports, 2022 Winter Olympics",0.966,0.074,0.876,0.05
3,"COVID-19 will be ‘ever present’ — even in a post-pandemic world, doctor says",0.103,0.072,0.868,0.06
4,"Market check: Stocks open mixed, bond volatility settles",0.0,0.0,1.0,0.0
5,Novavax (NVAX) Commences COVID-19 Vaccine Booster Study,0.992,0.084,0.891,0.024
6,"FDA set to approve Pfizer, Merck COVID-19 pills within days",-0.128,0.0,0.947,0.053
7,Should Vanguard High Dividend Yield ETF (VYM) Be on Your Investing Radar?,0.997,0.133,0.838,0.03
