﻿,Titles,Polarity,Positive,Neutral,Negative
0,Why Shares of Johnson &amp; Johnson Are Down 2% Today,0.296,0.066,0.934,0.0
1,Norfolk State University President on its vaccine incentive program ,0.318,0.119,0.881,0.0
2,Morgan Stanley warns of a 15% plunge before year-end — protect yourself this way,0.998,0.131,0.848,0.021
3,Covid vaccine potentially causing infertility is a ‘complete myth’ at this point: Doctor,0.0,0.0,1.0,0.0
4,This Controversial Move Could Save Johnson &amp; Johnson Billions,0.026,0.092,0.821,0.087
5,Novavax Slips on Report India Launch May Take More Time,0.826,0.042,0.944,0.014
6,Vaccine Makers Up as Biden May Make Shots for Federal Staff a Must,0.242,0.054,0.902,0.044
