﻿,Titles,Polarity,Positive,Neutral,Negative
0,12 Best Healthcare Stocks To Buy Now,1.0,0.132,0.831,0.036
1,Bayer (BAYRY) Earnings &amp; Revenues Surpass Estimates in Q2,0.998,0.147,0.843,0.011
2,"FATE's Q2 Loss Narrower Than Expected, Pipeline in Focus",0.958,0.088,0.851,0.061
3,10 Dividend Stocks to Buy Now Before Recession Begins,0.999,0.108,0.872,0.02
4,UPDATE 1-South Africa reports first death causally linked to COVID vaccine,-0.4,0.044,0.901,0.054
5,2 Trends That Suggest Healthcare Stocks Can Beat the Bear Market,0.743,0.178,0.771,0.051
6,2 Stocks That Could Lead the Market Recovery,-0.796,0.027,0.826,0.147
7,South Africa reports first death causally linked to COVID vaccine,-0.768,0.033,0.905,0.062
