﻿,Titles,Polarity,Positive,Neutral,Negative
0,10 Best Monthly Dividend Stocks to Buy in June,1.0,0.122,0.866,0.011
1,Johnson &amp; Johnson Releases 2021 Health for Humanity Report Highlighting Performance on ESG Priorities and Progress Against Public Commitments,0.612,0.051,0.949,0.0
2,Jim Cramer is Recommending These 10 Stocks in June,0.999,0.1,0.872,0.028
3,Johnson &amp; Johnson Releases 2021 Health for Humanity Report Highlighting Performance on ESG Priorities and Progress Against Public Commitments,0.999,0.125,0.848,0.027
4,7 Dividend Stocks to Buy for a Rich Retirement,1.0,0.152,0.817,0.031
