﻿,Titles,Polarity,Positive,Neutral,Negative
0,The latest on the Covid-19 pandemic in the U.S.,0.34,0.112,0.888,0.0
1,10 Best Healthcare Stocks to Buy According to Hedge Funds,0.999,0.103,0.876,0.021
2,10 Best Healthcare Stocks to Buy According to Hedge Funds,0.999,0.103,0.876,0.021
3,Affordable Care Act survives third Supreme Court challenge,-0.477,0.116,0.716,0.169
4,"Mayo Clinic, nference AI Analysis Find No Real-World Link Between COVID-19 Shots And Clots",-0.878,0.041,0.896,0.063
5,Supreme Court upholds Obamacare in latest ruling,0.625,0.225,0.695,0.079
6,Supreme Court upholds Obamacare in latest ruling,0.973,0.257,0.717,0.026
7,EU drug regulator records 415 cases of possible rare blood clotting,-0.273,0.0,0.981,0.019
8,Influencers with Andy Serwer: David Ricks,1.0,0.13,0.823,0.047
9,By next summer we'll have enough vaccines to vaccinate the world: Eli Lilly CEO,0.986,0.077,0.888,0.036
10,Influencers with Andy Serwer: David Ricks,1.0,0.13,0.823,0.047
11,By next summer we'll have enough vaccines to vaccinate the world: Eli Lilly CEO,0.986,0.077,0.888,0.036
