﻿,Titles,Polarity,Positive,Neutral,Negative
0,"Dow Jones Surges 650 Points, Led By Salesforce Stock; Johnson &amp; Johnson, Astrazeneca Form Bullish Patterns",0.202,0.073,0.927,0.0
1,"Dow Up Over 650 Points; Health Care, Biotechs The Winners This Week",-0.235,0.0,0.956,0.044
2,"Not ‘Putin’s price hike’: Fed chair contradicts Biden, says inflation was 'certainly' high before Russia’s Ukraine invasion. Here are 3 ways to protect your wealth",0.999,0.177,0.781,0.041
3,"Got $2,500? 2 Top Stocks That You Can Buy and Hold for a Lifetime",0.361,0.21,0.663,0.127
4,7 Large-Cap Stocks to Buy After the Next Big Correction,1.0,0.136,0.839,0.025
