﻿,Titles,Polarity,Positive,Neutral,Negative
0,"Despite Setbacks, the Future Remains Bright for Novavax Stock",0.997,0.145,0.806,0.049
1,“We still need to go even above and beyond the 70% threshold’ on vaccinations: Doctor,0.0,0.0,1.0,0.0
2,Brazil to get 3 million J&amp;J COVID-19 shots early,0.238,0.017,0.975,0.008
3,"'We'll play our part in Q4,' Sanofi CEO says on COVID-19 vaccine",0.993,0.108,0.853,0.039
4,"'We'll play our part in Q4,' Sanofi CEO says on COVID-19 vaccine",0.993,0.108,0.853,0.039
5,Biden partners with small businesses in COVID-19 vaccination push,0.318,0.095,0.905,0.0
6,How the pandemic spurred reform of clinical trials in drug industry,0.998,0.113,0.866,0.021
7,How the pandemic spurred reform of clinical trials in drug industry,0.998,0.113,0.866,0.021
8,Mexico to apply U.S.-supplied J&amp;J shots to 18-40 year olds along border,0.844,0.101,0.899,0.0
9,Johnson &amp; Johnson talking to Taiwan about providing COVID-19 vaccine,-0.105,0.0,0.979,0.021
