﻿,Titles,Polarity,Positive,Neutral,Negative
0,Dow Jones Fades Gains Into Close After Powell's Recession Warning,-0.723,0.0,0.79,0.21
1,Dow Jones Up As Powell Gives This Recession Warning; Bitcoin Crumbles Again; 3 Stocks Eye Buy Points,0.235,0.134,0.866,0.0
2,10 Stocks to Buy When They're Down,0.999,0.144,0.805,0.051
3,COVID-19 vaccines slowly begin to roll out for young kids,0.0,0.0,1.0,0.0
4,Johnson &amp; Johnson Appears to Be Running Out of Steam,0.153,0.078,0.922,0.0
5,5 Warren Buffett Stocks That Can Help You Crush Historically High Inflation,0.743,0.116,0.847,0.037
