﻿,Titles,Polarity,Positive,Neutral,Negative
0,J&amp;J single-dose COVID-19 vaccine gets green light from FDA,0.995,0.081,0.894,0.026
1,J&amp;J single-dose COVID-19 vaccine gets green light from FDA,0.995,0.079,0.895,0.025
2,Doctor: JNJ’s single-dose vaccine ‘has the potential to be a game changer’,0.998,0.113,0.831,0.056
3,Doctor: JNJ’s single-dose vaccine ‘has the potential to be a game changer’,0.998,0.113,0.831,0.056
4,Global COVID cases top 113 million as FDA committee meets to vote on J&amp;J vaccine,-0.103,0.108,0.774,0.117
5,Bitcoin Has Tumbled More Than 20%. What to Make of Its Bear Market.,-0.557,0.0,0.874,0.126
6,"The Daily Biotech Pulse: Adcom Test Awaits J&amp;J's COVID-19 Vaccine, Lilly To Supply Additional Antibody Therapy Doses To US, Regulatory Setback For Tricida",0.996,0.08,0.879,0.041
7,Johnson &amp; Johnson's COVID-19 Vaccine Likely To Get EU Approval Early March: Bloomberg,0.9,0.06,0.935,0.005
