﻿,Titles,Polarity,Positive,Neutral,Negative
0,Johnson &amp; Johnson Announces Submission of Application to the U.S. FDA for Emergency Use Authorization of its Investigational Single-Shot Janssen COVID-19 Vaccine Candidate,0.985,0.073,0.886,0.041
1,Johnson &amp; Johnson Announces Submission of Application to the U.S. FDA for Emergency Use Authorization of its Investigational Single-Shot Janssen COVID-19 Vaccine Candidate,0.985,0.073,0.886,0.041
2,"IBD 50 Stocks To Watch: Emergent BioSolutions, A Biotech Stock With Solid Biodefense Cred",0.202,0.091,0.909,0.0
3,"IBD 50 Stocks To Watch: Emergent BioSolutions, A Biotech Stock With Solid Biodefense Cred",0.202,0.091,0.909,0.0
4,"Doctor: 'It’s not about when I get vaccinated, it’s when we get vaccinated'",0.998,0.117,0.81,0.073
5,"Doctor: 'It’s not about when I get vaccinated, it’s when we get vaccinated'",0.998,0.117,0.81,0.073
