﻿,Titles,Polarity,Positive,Neutral,Negative
0,"Davis-Rea Ltd. Buys Raytheon Technologies Corp, Suncor Energy Inc, Sells Nike Inc, Algonquin ...",0.989,0.072,0.921,0.007
1,"Coronavirus: ‘We know that new variants will crop up,’ doctor says",-0.128,0.062,0.861,0.077
2,"COVID-19 deaths top 2,100 a day amid Omicron wave",0.0,0.0,1.0,0.0
3,Stock Market Today: Stocks End Down on Another Roller-Coaster Day,0.999,0.127,0.838,0.036
4,Johnson &amp; Johnson Posts Higher Quarterly Sales Despite Some Pandemic-Related Pains,0.671,0.159,0.841,0.0
5,Why Johnson &amp; Johnson Stock Rose Today,0.671,0.153,0.847,0.0
6,Uncertain Market Conditions And Good News Make Novavax A Cautious Buy,0.995,0.101,0.862,0.037
7,"COVID-19 deaths: Vaccine misinformation is ‘killing people,’ doctor says",0.052,0.066,0.873,0.061
8,Dow Jones Fights As Fed Meeting Starts; Microsoft Dips Ahead Of Earnings; GE Stock Dives On This,-0.318,0.0,0.901,0.099
9,RI gains $112M in opioid settlements with J&amp;J and 3 drug distributors,-0.053,0.048,0.896,0.056
10,"Rhode Island, in reversal, to settle opioid claims against U.S. drug distributors",0.693,0.074,0.875,0.051
11,US STOCKS-Tech stocks drag Wall Street lower ahead of Fed meeting,0.956,0.063,0.902,0.035
12,S&amp;P 500 Ends Lower as Intraday Turnaround Fades on Tech Pressure,0.995,0.14,0.807,0.053
13,"Earnings: GE misses on revenue, JNJ posts mixed results, IBM tops estimates",0.999,0.126,0.841,0.033
14,Stock Gyrations Continue After Wild Day,0.0,0.0,1.0,0.0
15,"Market check: Stocks fall across the board, bitcoin rallies",-0.44,0.035,0.856,0.108
16,Markets Await More Earnings Data,0.972,0.084,0.884,0.032
17,"J&amp;J (JNJ) Q4 Earnings Beat Estimates by a Penny, Sales Miss",0.991,0.07,0.899,0.03
18,US STOCKS-Wall St slides over 2% as tech rout deepens; Fed meeting eyed,0.691,0.049,0.911,0.039
19,"Market Selling Resumes; GE, J&amp;J Miss on Revenues",0.982,0.087,0.885,0.029
20,"S&amp;P 500, Dow Stage Another Turnaround as Fed Meeting Gets Underway",0.996,0.14,0.813,0.047
21,"Stocks to Watch Tuesday: What’s Moving VZ, JNJ, GE, IBM and MMM Today",0.984,0.073,0.918,0.009
22,US STOCKS-Futures tumble as tech selloff deepens; Fed meeting eyed,0.891,0.051,0.922,0.027
23,Johnson &amp; Johnson Expects At Least $3 Billion In Sales Of Its Underdog Covid Shot,-0.422,0.0,0.877,0.123
24,SoftBank backs $140M round for biotech developing antibody nasal spray,0.0,0.0,1.0,0.0
25,Johnson &amp; Johnson (JNJ) Surpasses Q4 Earnings Estimates,0.994,0.091,0.895,0.014
26,Johnson &amp; Johnson's FY21 COVID-19 Vaccine Sales Below Expectations,0.402,0.059,0.941,0.0
27,J&amp;J shares down 1.3% premarket after Q4 revenue lags consensus,0.681,0.085,0.915,0.0
28,Those who invested in Johnson &amp; Johnson (NYSE:JNJ) five years ago are up 64%,0.999,0.164,0.807,0.029
29,J&amp;J expects COVID vaccine sales to jump as much as 46% in 2022,-0.965,0.013,0.904,0.084
30,Johnson &amp; Johnson Reports Q4 and Full-Year 2021 Results,0.999,0.095,0.883,0.022
31,"Stock Market Today - 1/25: Dow Resumes Slide With Fed, Earnings In Focus; General Electric, Johnson &amp; Johnson, IBM Active",0.0,0.0,1.0,0.0
32,"Selloff to Resume, Microsoft Earnings, German Confidence - What's Moving Markets",-0.797,0.064,0.865,0.071
33,"Johnson &amp; Johnson Tops Q4 Earnings Forecast, Sees $3.5 Billion in 2022 Covid Vaccine Sales",-0.361,0.0,0.912,0.088
34,"Hotaling Investment Management, LLC Buys Johnson &amp; Johnson, Pfizer Inc, ON Semiconductor ...",0.994,0.052,0.945,0.004
