﻿,Titles,Polarity,Positive,Neutral,Negative
0,Earnings and economic data to expect out next week,0.0,0.0,1.0,0.0
1,"Stocks rise as traders mull earnings, favorable consumer data",0.0,0.0,1.0,0.0
2,Dow Jones Rallies After Strong Retail Sales; 4 Key Earnings Reports To Watch,0.649,0.218,0.782,0.0
3,Looking for Stocks with Positive Earnings Momentum? Check Out These 2 Medical Names,0.997,0.157,0.828,0.015
4,Dow Jones Futures Rise After Strong Retail Sales; 4 Key Earnings Reports To Watch,0.649,0.218,0.782,0.0
5,Dow Jones Futures Rise Ahead Of Retail Sales; 4 Key Earnings Reports To Watch,0.25,0.087,0.913,0.0
6,J&amp;J (JNJ) to Begin Pharma Sector's Q2 Earnings With a Beat?,0.996,0.105,0.863,0.032
7,7 Best Long-Term Dividend Stocks to Buy Right Now,1.0,0.15,0.809,0.04
8,"The Zacks Analyst Blog Highlights Synchrony Financial, Johnson &amp; Johnson, J.B. Hunt Transport Services, Citizens Financial Group, and Truist Financial",0.999,0.12,0.862,0.018
9,"Zacks Investment Ideas feature highlights: Coca-Cola, Kroger and Johnson &amp; Johnson",0.998,0.124,0.85,0.026
