﻿,Titles,Polarity,Positive,Neutral,Negative
0,Johnson &amp; Johnson to Participate in the 2022 Wells Fargo Securities Healthcare Conference,0.823,0.089,0.911,0.0
1,"Emergent BioSolutions Posts Q2 Loss On Lower Sales, Q3 Forecasts Below Consensus",0.944,0.11,0.847,0.043
2,West Virginia Reaches $400 Million Opioid Deal with Distributors,0.103,0.069,0.931,0.0
3,Why Emergent BioSolutions Stock Is Sinking Today,-0.637,0.035,0.863,0.102
4,Emergent's (EBS) Q2 Earnings and Revenues Miss Estimates,0.986,0.073,0.887,0.04
5,10 High Free Cash Flow Dividend Stocks,1.0,0.119,0.859,0.022
6,"Stocks lower at open, Caterpillar stock falls, gold hits 4-week high",0.0,0.0,1.0,0.0
7,3 Dow Stocks That Are Screaming Buys in August,-0.778,0.0,0.896,0.104
