﻿,Titles,Polarity,Positive,Neutral,Negative
0,Is Taiwan Semiconductor Mfg. (TSM) Stock A Buy or Sell?,0.996,0.085,0.9,0.015
1,States prep for COVID-19 vaccines for all adults in May if promised supplies arrive,0.989,0.115,0.852,0.033
2,Enseo technology makes staying in a hotel contactless amid pandemic,0.999,0.119,0.876,0.005
3,59% of small businesses say health of economy is poor: U.S. Chamber of Commerce,0.999,0.133,0.843,0.024
4,The COVID-19 rescue plan ‘isn’t nearly enough’ for the housing sector: NAA CEO,0.994,0.084,0.87,0.046
5,Is Johnson &amp; Johnson (JNJ) Stock A Buy or Sell?,0.999,0.114,0.859,0.027
6,"Moderna starts COVID-19 vaccine candidate testing on children, as U.S. cases and deaths tick up",0.226,0.083,0.855,0.062
7,UPDATE 1-South Africa approves Pfizer-BioNTech COVID vaccine for emergency use,0.883,0.084,0.874,0.042
8,J&amp;J (JNJ) Outperforms the Industry Year to Date: Here's Why,0.999,0.172,0.804,0.023
9,"The Daily Biotech Pulse: Fulgent Nabs CDC Contract, Enzo Rallies, Solid Biosciences Releases Gene Therapy Data, Moderna Begins Pediatric Vaccine Study",0.999,0.103,0.881,0.016
10,"The Daily Biotech Pulse: Fulgent Nabs CDC Contract, Enzo Rallies, Solid Biosciences Releases Gene Therapy Data, Moderna Begins Pediatric Vaccine Study",0.999,0.103,0.881,0.016
11,European Commission to accelerate delivery of 10 million doses from Pfizer and BioNTech,-0.103,0.025,0.944,0.03
