﻿,Titles,Polarity,Positive,Neutral,Negative
0,’Outside the hospital &amp; inside the emergency department are struggling for staff members’: GMR Chief Medical Officer,0.0,0.0,1.0,0.0
1,"If You Invested $1,000 In Johnson &amp; Johnson Stock One Year Ago, Here's How Much You'd Have Now",0.961,0.103,0.819,0.078
2,"The Daily Biotech Pulse: Lilly Reorganizes Business Units In Neuroscience Focus, Helius Medical Spikes On Breakthrough Designation, Ra Medical Sells Dermatology Business",0.996,0.054,0.93,0.016
3,UPDATE 1-U.S. plans to begin administering COVID-19 booster shots in September - source,0.361,0.023,0.965,0.012
