﻿,Titles,Polarity,Positive,Neutral,Negative
0,World Health Organization Strategic Advisory Group of Experts (SAGE) Interim Recommendation Supports Use of Johnson &amp; Johnson COVID-19 Vaccine as a Booster,0.911,0.062,0.88,0.057
1,‘The Days You Were Considered Fully Vaccinated With Two Shots Are Going to Be a Thing of the Past’,0.0,0.0,1.0,0.0
2,"Astrazeneca president talks COVID-19 antibody treatment, vaccines, and Omicron",0.422,0.123,0.877,0.0
3,"Omicron variant: Recent study on transmissibility is not ‘remotely conclusive,’ virologist says",0.0,0.0,1.0,0.0
4,"J&amp;J Has 'Tremendous, Deep Bench' of Leaders, CEO Says",0.527,0.063,0.937,0.0
5,Pfizer (PFE) COVID-19 Booster Gives Protection Against Omicron,0.989,0.081,0.906,0.013
6,J&amp;J CEO Says Collective Effort Needed to Fight Omicron,0.0,0.0,1.0,0.0
7,Senate passes GOP bill to overturn President Biden’s vaccine mandate,0.0,0.0,1.0,0.0
8,Vaccines are the 'working seatbelts' for dealing with the Omicron coronavirus variant: Doctor,0.993,0.092,0.874,0.034
9,The Omicron variant is 4 times more transmissible than Delta: Study,0.0,0.0,1.0,0.0
10,10 Dividend Stocks With Over 8% Yield,0.997,0.071,0.923,0.007
11,WRAPUP 1-WHO warns against vaccine hoarding as poor countries go without,-0.478,0.095,0.802,0.102
12,Johnson &amp; Johnson Appoints Senior Leaders to Executive Committee,0.998,0.129,0.855,0.016
13,UPDATE 3-People with health issues or inactivated vaccine should get COVID-19 booster - WHO,0.962,0.109,0.829,0.062
14,3 Investors Pick Their Favorite Dividend Stocks,0.863,0.143,0.824,0.033
