﻿,Titles,Polarity,Positive,Neutral,Negative
0,Millions of J&amp;J Covid-19 Vaccines Are at Risk of Expiring in June,0.0,0.0,1.0,0.0
1,White House Ends Talks on Infrastructure,0.939,0.181,0.79,0.029
2,Johnson &amp; Johnson (JNJ) Stock Sinks As Market Gains: What You Should Know,0.992,0.104,0.884,0.012
3,GOP’s Barrasso Says Talks On Infrastructure Hit ‘Roadblock’,0.0,0.085,0.829,0.085
4,"At J&amp;J, Some 15.5 Billion Potential Cyberattacks Each Day",-0.103,0.14,0.698,0.163
5,U.S. response to COVID-19 has a greater list of failures than accomplishments: Expert,0.612,0.147,0.853,0.0
6,"Dow Jones Pares Loss As Apple, IBM Lead; Nasdaq Tries To Hold Gains; Bitcoin Dives",0.519,0.159,0.728,0.113
7,UPDATE 1-White House urges states to seek longer shelf life for J&amp;J shots as millions near expiration,0.928,0.067,0.894,0.038
8,Millions of J&amp;J Vaccine Doses Set to Expire This Month,-0.593,0.0,0.946,0.054
9,argenx (ARGX) to Regain AML Candidate After J&amp;J's Dismissal,0.996,0.115,0.88,0.005
10,argenx (ARGX) to Regain AML Candidate After J&amp;J's Dismissal,0.996,0.115,0.88,0.005
11,White House urges states to seek to lengthen shelf life for J&amp;J COVID-19 shots,0.836,0.104,0.864,0.032
12,Biogen gets FDA approval for Alzheimer's treatment,0.649,0.146,0.854,0.0
13,Biogen gets FDA approval for Alzheimer's treatment,0.997,0.094,0.875,0.031
14,"Where to Invest $1,000 Right Now",0.869,0.157,0.843,0.0
15,"Where to Invest $1,000 Right Now",0.869,0.157,0.843,0.0
16,5 Top Dividend Kings to Buy and Hold Forever,0.226,0.048,0.952,0.0
