﻿,Titles,Polarity,Positive,Neutral,Negative
0,J&amp;J Talc Judge Weighs Expert Help to Value Cancer Claims,0.226,0.115,0.809,0.077
1,The timeline of the FDA's ban on Juul vaping products,-0.625,0.053,0.789,0.158
2,Wells Fargo sees a recession hitting the US in mid-2023 — here are 3 stocks the big bank likes for cash return and inflation protection,0.995,0.123,0.824,0.053
3,"COVID-19 subvariants may evade vaccine protection, giant snails pose health risk in Florida",0.273,0.091,0.85,0.059
4,Dow Jones Turns Lower Ahead Of Fed Minutes,0.0,0.0,1.0,0.0
5,Dow Jones Climbs Ahead Of Fed Minutes,0.0,0.0,1.0,0.0
6,New to Dividends? 3 Starter Stocks for Passive Income,0.89,0.231,0.666,0.103
7,10 Best Defensive Stocks to Buy Now,0.999,0.12,0.853,0.027
8,10 Best Hard Landing Stocks to Buy Now,1.0,0.128,0.843,0.029
9,Dow Jones Futures Fall Ahead Fed Minutes,-0.296,0.0,0.896,0.104
