﻿,Titles,Polarity,Positive,Neutral,Negative
0,Johnson &amp; Johnson recalling 5 sunscreen products due to benzene traces,-0.758,0.0,0.822,0.178
1,Hospitalizations rise again as delta variant spreads,0.999,0.118,0.867,0.015
2,Johnson &amp; Johnson Consumer Inc. Issues Voluntary Recall of Specific NEUTROGENA® and AVEENO® Aerosol Sunscreen Products Due to the Presence of Benzene,0.864,0.063,0.875,0.062
3,"J&amp;J Recalls Aveeno, Neutrogena Spray Sunscreens",0.422,0.123,0.877,0.0
4,Johnson &amp; Johnson (JNJ) Reports Next Week: Wall Street Expects Earnings Growth,0.996,0.117,0.839,0.044
5,Is JNJ Stock A Buy Or A Sell After A New Covid Vaccine Side Effect Emerges?,0.026,0.087,0.83,0.083
6,Pockets of the U.S. seeing potential for a 4th COVID-19 wave: Doctor,0.0,0.0,1.0,0.0
7,Coronavirus: 'We have a tale of two pandemics' in America,0.983,0.076,0.885,0.039
8,COVID-19 Delta variant won't derail economy: Goldman Sachs,-0.898,0.027,0.918,0.056
