﻿,Titles,Polarity,Positive,Neutral,Negative
0,"McKesson Stock, AmerisourceBergen Stock Hold Up With Earnings Due",-0.296,0.067,0.784,0.149
1,"COVID-19: Pfizer vaccine for kids under 5 ‘really good news,’ doctor says",0.998,0.088,0.899,0.013
2,"Omicron: Hospitals ‘are still taxed here,’ family physician in New Hampshire says",0.0,0.0,1.0,0.0
3,How to Handle Market Volatility and Manage Risk,0.459,0.111,0.889,0.0
4,"Defender Capital, LLC. Buys Landec Corp, Mirion Technologies Inc, Altria Group Inc, Sells ...",0.997,0.103,0.892,0.005
5,Moderna (MRNA) Up on Its COVID Vaccine's Receipt of Full FDA Nod,0.996,0.125,0.849,0.027
6,"UPDATE 1-Drug distributors, J&amp;J to pay $590 mln to settle U.S. tribes' opioid claims",-0.239,0.065,0.866,0.069
7,"Drug distributors, J&amp;J to pay $590 million to settle U.S. tribes' opioid claims",-0.239,0.066,0.864,0.07
8,"Drug distributors, J&amp;J to pay $590 mln to settle U.S. tribes' opioid claims",0.246,0.075,0.855,0.07
9,Novavax's (NVAX) Shares Rise on FDA Filing for COVID Jab,0.996,0.1,0.883,0.016
10,"Pharma Stocks to Report Q4 Earnings on Feb 2: ABBV, NVS &amp; NVO",0.998,0.113,0.856,0.03
11,7 Stocks to Watch in This Current Earnings Season,0.999,0.107,0.867,0.026
12,3 Warren Buffett Dividend Stocks to Buy in February,-0.061,0.065,0.864,0.071
13,"The Zacks Analyst Blog Highlights: Apple Inc., Tesla, Inc., and Johnson &amp; Johnson",0.997,0.113,0.857,0.03
