﻿,Titles,Polarity,Positive,Neutral,Negative
0,‘What determines when?’ Dr. Fauci outlines when COVID-19 will no longer be a ‘threat’,-0.625,0.0,0.843,0.157
1,Mass vaccination was never expected to go perfectly — or provide 100% protection against COVID-19,-0.273,0.0,0.92,0.08
2,Will J&amp;J ETFs Suffer on Latest COVID-19 Vaccine Updates?,0.983,0.117,0.812,0.07
3,"Coronavirus update: J&amp;J vaccine pause remains, Oxford studies blood clots and COVID-19 vaccines",0.088,0.036,0.926,0.037
4,"Coronavirus update: J&amp;J vaccine pause remains, Oxford studies blood clots and COVID-19 vaccines",0.088,0.036,0.926,0.037
5,How J&amp;J's Coronavirus Vaccine Fiasco Could Benefit Novavax And Others,-0.153,0.0,0.944,0.056
6,More domestic medical supply manufacturing is ‘critical’ for the U.S. : Premier President,0.0,0.0,1.0,0.0
7,"FDA, CDC precaution with vaccine side effects is ‘encouraging’: Doctor",-0.382,0.0,0.89,0.11
8,"Getting COVID creates far higher risk of rare blood clots than vaccines, Oxford study finds",-0.273,0.0,0.943,0.057
9,When COVID hit home for NYC’s health commissioner Dr. Dave Chokshi,-0.741,0.0,0.687,0.313
10,Global tally of COVID-19 cases tops 138 million as CDC committee opts to extend pause on J&amp;J vaccine,-0.71,0.029,0.858,0.113
11,Vaccination in the U.S. was never expected to go perfectly — or provide 100% protection against COVID-19,0.157,0.073,0.875,0.052
12,Dow ETF at All-Time Highs as Q1 Earnings Kick Off,0.999,0.129,0.862,0.008
13,"J&amp;J Vaccine Pause Could Boost Pfizer, Moderna Stock",0.0,0.0,1.0,0.0
14,"Moderna (MRNA) Gives Pipeline Update, to Initiate New Pivotal Study",0.993,0.074,0.917,0.009
15,"The Daily Biotech Pulse: Merck Shelves 2 COVID-19 Studies, Bristol-Myers Squibb Gets European Regulatory Nod, InspireMD's Reverse Split",0.995,0.078,0.894,0.028
16,"The Daily Biotech Pulse: Merck Shelves 2 COVID-19 Studies, Bristol-Myers Squibb Gets European Regulatory Nod, InspireMD's Reverse Split",0.995,0.078,0.894,0.028
17,"Poland starts J&amp;J COVID-19 jabs, says benefits outweigh risks",-0.281,0.06,0.866,0.074
18,UK scientists find higher risk of brain clots from COVID-19 compared with vaccines,-0.967,0.023,0.895,0.082
19,"SMART Global, General Motors, Moderna, BioNTech and Johnson &amp; Johnson highlighted as Zacks Bull and Bear of the Day",0.999,0.12,0.826,0.054
20,"SMART Global, General Motors, Moderna, BioNTech and Johnson &amp; Johnson highlighted as Zacks Bull and Bear of the Day",1.0,0.126,0.821,0.053
21,Inovio Is Still Working On A Midstage Covid Vaccine Test — Is It A Buy?,0.361,0.082,0.918,0.0
22,Will J&amp;J (JNJ) Kickstart Pharma Q1 Earnings With a Beat?,0.994,0.087,0.896,0.017
23,UPDATE 1-Hungary in talks to plug expected shortfall in COVID-19 vaccine deliveries,-0.827,0.033,0.909,0.058
24,"Coronavirus tally: Global cases of COVID-19 top138 million and UI.S. death toll above 564,000",-0.958,0.02,0.897,0.083
25,Should iShares Russell Top 200 Value ETF (IWX) Be on Your Investing Radar?,0.999,0.185,0.782,0.033
26,India vows to decide on foreign vaccines within 3 days to fast-track imports,-0.402,0.026,0.919,0.055
27,What Johnson &amp; Johnson and AstraZeneca’s problems reveal about the COVID-19 mass-vaccination campaign,0.25,0.096,0.839,0.065
28,Norway delays AstraZeneca vaccine ruling to further probe risks,-0.572,0.041,0.859,0.1
