﻿,Titles,Polarity,Positive,Neutral,Negative
0,Mixing &amp; matching covid boosters ‘might be a great opportunity’: Doctor,-0.382,0.0,0.885,0.115
1,Allowing people to mix COVID-19 vaccines could cut into Pfizer and Moderna’s revenue next year,0.836,0.175,0.825,0.0
2,Janssen Announces Novel Mechanism of Action that Shows Promise Against Dengue in Data Published in Nature,0.995,0.086,0.871,0.043
3,Moderna (MRNA) Gets EMA Authorization for SpikeVax Third Dose,0.99,0.093,0.891,0.016
4,J&amp;J (JNJ) Seeks FDA Authorization for COVID-19 Booster Jab,0.985,0.09,0.896,0.014
5,Shares of Vaccine Makers Continue to Reel Under Merck’s Covid Drug Potential,-0.906,0.042,0.874,0.084
6,The Energy Price Surge Is Spiraling Into Other Markets,0.0,0.0,1.0,0.0
7,J &amp; J Applies for Emergency Use Authorization for COVID-19 Booster,0.99,0.098,0.892,0.01
8,J &amp; J Applies for Emergency Use Authorization for COVID-19 Booster,0.985,0.091,0.899,0.011
9,Where can Investors Find Value in a Well-Rounded Company like Johnson &amp; Johnson (NYSE:JNJ),0.997,0.141,0.831,0.029
