﻿,Titles,Polarity,Positive,Neutral,Negative
0,Here's Why Right Now Is a Great Time to Invest in the Stock Market,-0.637,0.042,0.864,0.093
1,Here's How a New Investor Started Her Portfolio With Just 10 Top Stocks,-0.013,0.119,0.762,0.119
2,Here's Why Investors Shouldn't Count Out Johnson &amp; Johnson as a Coronavirus Vaccine Stock,0.691,0.068,0.909,0.023
3,Here's Why Johnson &amp; Johnson Is a Stock You Can Buy and Hold Forever,0.273,0.075,0.882,0.043
4,UPDATE 1-Slovenia temporarily suspends J&amp;J's Janssen COVID-19 vaccine,-0.34,0.015,0.951,0.033
5,"UPDATE 1-Swiss buy 150,000 doses of J&amp;J COVID-19 vaccine",0.802,0.061,0.922,0.017
6,"Swiss buy 150,000 doses of J&amp;J COVID-19 vaccine",0.625,0.064,0.936,0.0
