﻿,Titles,Polarity,Positive,Neutral,Negative
0,Doctor: 'Vaccines are the best form of protection' as U.S. hits 40M COVID-19 cases,0.999,0.122,0.856,0.022
1,'It's game over. It's mRNA or nothing:' Expert on future of vaccines,0.988,0.071,0.919,0.01
2,‘Vaccination is still working incredibly well as bolstering our immune response to Covid’: Doctor,0.997,0.118,0.844,0.038
3,Unvaccinated people are the majority being admitted to the hospital: University Hospital CEO,0.0,0.0,1.0,0.0
4,"Morning Brief: Unemployment down and pay up, as Delta variant stalls growth",-0.599,0.077,0.79,0.133
5,Here's when Pfizer Covid-19 vaccine boosters could be available,0.273,0.06,0.94,0.0
6,Normalcy delayed as Delta variant surges through the fall,0.178,0.041,0.959,0.0
7,"Boeing Falls Premarket; AMC Entertainment, Match Group Rise",0.889,0.064,0.909,0.026
