﻿,Titles,Polarity,Positive,Neutral,Negative
0,U.S. set to reach 100M vaccinations six weeks early,-0.382,0.0,0.909,0.091
1,There's Always Room for This Blue Chip in Your Portfolio,0.0,0.0,1.0,0.0
2,Billionaire John Paulson’s Top 10 Stock Picks,0.999,0.106,0.867,0.027
3,Billionaire John Paulson’s Top 10 Stock Picks,0.999,0.106,0.867,0.027
4,"J&amp;J developing several next-generation COVID-19 vaccines, says CEO",0.273,0.028,0.953,0.02
5,Rapid Vaccination to Boost These 4 Healthcare Mutual Funds,0.998,0.11,0.861,0.029
6,EU threat of tougher vaccine export controls backed by heavyweight governments,0.742,0.065,0.882,0.053
7,Moderna's Latest Move May be Key to COVID-19 Vaccine Market Dominance,-0.273,0.04,0.887,0.073
