﻿,Titles,Polarity,Positive,Neutral,Negative
0,7 Best S&amp;P 500 Stocks to Buy in July,1.0,0.131,0.856,0.012
1,These 3 Blue-Chip Stocks Are Great Shields for Volatility,0.997,0.116,0.866,0.018
2,"U.S. dollar holds strong amid market sell-off, all S&amp;P 500 sectors in the red",0.0,0.0,1.0,0.0
3,Want Better Returns? Don't Ignore These 2 Medical Stocks Set to Beat Earnings,0.997,0.149,0.842,0.008
4,5 Large-Cap Stocks Likely to Gain on Q2 Earnings Next Week,0.999,0.125,0.859,0.016
5,Is Vanguard High Dividend Yield ETF (VYM) a Strong ETF Right Now?,0.997,0.13,0.847,0.023
