﻿,Titles,Polarity,Positive,Neutral,Negative
0,Doctor explains Omicron and the possibility of more COVID-19 variants,0.0,0.0,1.0,0.0
1,US STOCKS-Wall Street rebounds after virus-related sell-off,0.967,0.078,0.869,0.054
2,UPDATE 2-U.S. CDC says all adults 18 and over should get COVID-19 booster shots,0.868,0.077,0.873,0.05
3,Omicron stock market rout doesn't mean stocks are a 'screaming' buy: strategist,0.892,0.077,0.863,0.06
4,Key takeaways from President Biden's comments on new COVID-19 variant,0.691,0.18,0.82,0.0
5,Omicron: What we know so far about the new COVID-19 variant,-0.422,0.0,0.917,0.083
6,Omicron variant may mean stock market rally is on hold: Goldman Sachs,0.934,0.084,0.854,0.062
7,Omicron Variant Has Covid-19 Vaccine Makers Preparing for Worst Case,0.329,0.121,0.82,0.059
8,"Omicron variant: ‘There probably are cases’ in the U.S. but not yet in large numbers, professor says",0.0,0.0,1.0,0.0
9,UPDATE 1-Biden says U.S. is working with pharma companies on Omicron contingency plans,0.893,0.073,0.884,0.042
10,"Rep. Perlmutter (D-CO) talks COVID, Build Back Better bill, the debt ceiling, and marijuana reform",0.0,0.0,1.0,0.0
11,"BioNTech, Pfizer, J&amp;J and Moderna Developing Omicron Vaccines",0.422,0.034,0.966,0.0
12,"Another COVID wave could depress consumer spending, labor force participation: Economist",0.026,0.075,0.853,0.072
13,"Omicron variant: The U.S. travel ban ‘makes no sense at all,’ doctor says",-0.735,0.0,0.807,0.193
14,UPDATE 1-South Africa's Aspen in advanced talks over COVID-19 vaccine deal,0.931,0.077,0.923,0.0
15,"COVID: 'The big concern is Delta — Omicron is not even here yet,' epidemiologist says",0.0,0.0,1.0,0.0
16,South Africa's Aspen in advanced talks over COVID-19 vaccine deal,0.382,0.037,0.963,0.0
17,UPDATE 1-COVID-19 vaccine makers start work on Omicron-tailored shots,0.705,0.048,0.926,0.027
18,COVID: Breaking down early data on Omicron variant,0.0,0.0,1.0,0.0
19,Confused about whether to get a COVID booster? Here’s what to know,0.883,0.348,0.652,0.0
