﻿,Titles,Polarity,Positive,Neutral,Negative
0,"Former U.S. Surgeon General talks Fauci’s pandemic comments, COVID vaccines for kids, mask mandates",0.0,0.0,1.0,0.0
1,Best Healthcare Stocks To Buy Now,0.984,0.118,0.832,0.05
2,"Glaxo's (GSK) Q1 Earnings Top, Xevudy Adds $1.7B in Sales",0.999,0.116,0.867,0.017
3,This Could Spell Bad News for Novavax,-0.751,0.023,0.858,0.119
4,10 Best DRIP Stocks To Buy in 2022,1.0,0.111,0.874,0.015
5,10 Best Stocks to Buy According to Motley Fool,0.999,0.105,0.861,0.034
6,Johnson &amp; Johnson Initiates Legal Action Against Entities Selling Fake HIV Medications,0.396,0.078,0.858,0.064
7,Should You Invest in the Vanguard Health Care ETF (VHT)?,0.997,0.134,0.834,0.032
