﻿,Titles,Polarity,Positive,Neutral,Negative
0,"TRH Financial, LLC Buys Atmos Energy Corp, Kimberly-Clark Corp, Becton, Dickinson and Co, Sells ...",0.994,0.066,0.927,0.007
1,"Omicron cases are falling in some parts of the country, hospitalizations rise",0.802,0.048,0.932,0.021
2,"Omicron: Why a fourth dose of coronavirus vaccines may not be 'absolutely necessary,' doctor says",0.25,0.065,0.889,0.045
3,Why You Should Invest in Dividend Growth ETFs Now,0.997,0.197,0.787,0.017
4,"QV Investors Inc. Buys CGI Inc, UnitedHealth Group Inc, Johnson &amp; Johnson, Sells Points. ...",0.989,0.063,0.931,0.006
5,"Family Legacy, Inc. Buys Coca-Cola Co, Johnson &amp; Johnson, Duke Energy Corp, Sells Alibaba ...",0.991,0.075,0.914,0.011
6,11 Best Blue Chip Stocks To Buy Now,0.998,0.089,0.899,0.012
7,"David J Yvars Group Buys Amazon.com Inc, Entegris Inc, Crocs Inc, Sells iShares Core S&amp;P ...",0.995,0.06,0.936,0.004
