﻿,Titles,Polarity,Positive,Neutral,Negative
0,10 Medical Device Stocks for 2021,1.0,0.125,0.845,0.03
1,10 Medical Device Stocks for 2021,1.0,0.125,0.845,0.03
2,"Top Analyst Reports for Tesla, Alibaba &amp; Johnson &amp; Johnson",0.999,0.159,0.793,0.048
3,"Top Analyst Reports for Tesla, Alibaba &amp; Johnson &amp; Johnson",0.999,0.159,0.793,0.048
4,‘Unchecked spread in the U.S. is going to lead to other problems’: Doctor,-0.382,0.0,0.88,0.12
5,‘Unchecked spread in the U.S. is going to lead to other problems’: Doctor,-0.382,0.0,0.88,0.12
6,A Covid underclass is forming,-0.273,0.0,0.87,0.13
7,UPDATE 1-EU slightly cuts estimates for vaccine deliveries by year-end,-0.34,0.009,0.974,0.018
8,J&amp;J (JNJ)/Bayer Seek Nod for Xarelto for Blood Clots in Kids,0.995,0.124,0.834,0.042
9,Top 25 S&amp;P 500 Stocks By Index Weight,1.0,0.111,0.872,0.017
10,Top 25 S&amp;P 500 Stocks By Index Weight,1.0,0.111,0.872,0.017
11,"Pharma Stock Roundup: EU Nod to AZN, SNY, JNJ Drugs, Glaxo's New COVID-19 Drug Data",0.995,0.1,0.851,0.049
12,mRNA vaccine-makers’ stocks take a hit amid possible link to rare heart conditions,0.959,0.078,0.879,0.044
