﻿,Titles,Polarity,Positive,Neutral,Negative
0,Houghton Mifflin Harcourt solidified as a ‘leader in learning technology in K-12’ amid the pandemic: CEO,0.999,0.145,0.83,0.026
1,Russia Secures Sputnik Italy Output in European Vaccine Push,0.97,0.071,0.886,0.043
2,Coronavirus update: Pfizer/BioNTech vaccine effective against Brazil variant; Experts weigh in on CDC rules for vaccinated people,0.985,0.076,0.896,0.027
3,Coronavirus update: Pfizer/BioNTech vaccine effective against Brazil variant; Experts weigh in on CDC rules for vaccinated people,0.985,0.076,0.896,0.027
4,New York Times Credits Report On Emergent BioSolutions For Biden's Canceled Vaccine Plant Visit,0.314,0.047,0.909,0.044
5,Global tally of COVID cases tops 117 million as study finds Pfizer-BioNTech vaccine works against Brazil variant,0.103,0.062,0.884,0.054
6,Pfizer vaccine proves effective against Brazil virus variant,0.903,0.052,0.909,0.038
7,Pfizer vaccine proves effective against Brazil virus variant,0.903,0.052,0.909,0.038
8,How Cigna plans to spend billions of dollars in cash beyond the COVID-19 pandemic,0.997,0.136,0.846,0.018
9,How Cigna plans to spend billions of dollars in cash beyond the COVID-19 pandemic,0.997,0.136,0.846,0.018
