﻿,Titles,Polarity,Positive,Neutral,Negative
0,Korean Hedge Fund Buys Tech Stocks Betting Worst Over for Market,-0.964,0.074,0.808,0.118
1,"Top Analyst Reports for Johnson &amp; Johnson, Cigna, &amp; Vertex",1.0,0.193,0.771,0.036
2,"Novavax COVID-19 vaccine will be available ‘next week,’ CEO says",-0.128,0.0,0.952,0.048
3,10 Best Dividend Stocks to Buy in 2022,0.999,0.112,0.874,0.014
4,10 Best Dividend Stocks of All Time,0.998,0.086,0.897,0.017
5,10 Best Value ETFs To Invest In,1.0,0.169,0.809,0.022
6,"This Chart Shows a Big Problem for Johnson &amp; Johnson, IBM, and Microsoft",-0.402,0.05,0.835,0.115
