﻿,Titles,Polarity,Positive,Neutral,Negative
0,"If we roll out the coronavirus vaccine 'in a stepwise fashion, I think that we can be successful': Doctor",0.997,0.097,0.853,0.05
1,"If we roll out the coronavirus vaccine 'in a stepwise fashion, I think that we can be successful': Doctor",0.997,0.097,0.853,0.05
2,South Africa Will Pause Rollout of AstraZeneca Vaccine,-0.052,0.0,0.95,0.05
3,Coronavirus pandemic: 'Every additional vaccine is a game changer',0.997,0.088,0.87,0.042
4,Coronavirus pandemic: 'Every additional vaccine is a game changer',0.997,0.087,0.872,0.041
5,Coronavirus update: Variant concerns rising globally as spread grows in US,-0.956,0.052,0.864,0.084
6,Coronavirus update: Variant concerns rising globally as spread grows in US,-0.956,0.051,0.867,0.082
7,How the ‘grandma phenomenon’ is influencing when people get the COVID-19 vaccine,0.998,0.097,0.866,0.036
8,How the ‘grandma phenomenon’ is influencing when people get the COVID-19 vaccine,0.998,0.097,0.866,0.036
