﻿,Titles,Polarity,Positive,Neutral,Negative
0,CDC eases COVID mask rules for most U.S. regions,0.0,0.0,1.0,0.0
1,Emergent BioSolutions Stock Fell Today -- Is It a Buy?,0.718,0.166,0.789,0.045
2,Dow Jones Surges As Putin Tightens Grip On Ukraine; Etsy Explodes; 3 Stocks Make Bullish Moves,-0.44,0.0,0.884,0.116
3,US STOCKS-Wall Street ends sharply higher for second day after Ukraine shock,-0.296,0.052,0.899,0.05
4,3M Stock Is Soaring. Thank Johnson &amp; Johnson.,0.459,0.243,0.625,0.132
5,"All 30 Dow stocks rise, led by J&amp;J and UnitedHealth; 3M set to snap longest losing streak in 10 years",0.902,0.176,0.772,0.053
6,US STOCKS-Wall St rallies for second day after Ukraine shock,0.94,0.075,0.878,0.047
7,Emergent BioSolutions to begin 'facility improvements' in Baltimore as J&amp;J evaluates Covid vaccine demand,0.625,0.054,0.934,0.012
8,Why Emergent BioSciences Stock Is Slipping Today,0.026,0.048,0.907,0.045
9,J&amp;J’s Controversial Bankruptcy Strategy Upheld by Judge,-0.979,0.101,0.768,0.131
10,"UPDATE 3-Drug distributors, J&amp;J agree to finalize $26 bln opioid settlement",0.103,0.064,0.877,0.059
11,UPDATE 5-J&amp;J wins fight to resolve talc lawsuits in bankruptcy court,-0.986,0.065,0.826,0.109
12,J&amp;J wins fight to resolve talc lawsuits in bankruptcy court,-0.986,0.065,0.825,0.11
13,Completed Settlements Signal Opioid Litigation Is Drawing to a Close,0.296,0.167,0.833,0.0
14,Top 10 Stock Picks of Kenneth A. Moffet’s Hourglass Capital,0.999,0.112,0.859,0.029
15,"J&amp;J, distributors finalize $26B landmark opioid settlement",0.202,0.087,0.913,0.0
16,"Drug distributors, J&amp;J agree to finalize $26 billion opioid settlement",0.103,0.065,0.875,0.06
17,"RPT-UPDATE 2-Drug distributors, J&amp;J agree to finalize $26 bln opioid settlement",-0.401,0.062,0.876,0.063
18,Should You Invest in the Vanguard Health Care ETF (VHT)?,0.997,0.131,0.837,0.032
19,Emergent BioSolutions (EBS) Q4 2021 Earnings Call Transcript,0.7,0.095,0.905,0.0
