﻿,Titles,Polarity,Positive,Neutral,Negative
0,Why Moderna and Pfizer Beat the Market Today,0.44,0.121,0.879,0.0
1,Doctor says 'We have to prepare for a surge' amid the Omicron variant's surge,0.494,0.091,0.909,0.0
2,CDC Advisors Recommend Pfizer and Moderna’s Vaccines Over J&amp;J’s,-0.115,0.0,0.925,0.075
3,UPDATE 2-CDC panel votes to recommend mRNA COVID-19 vaccines over J&amp;J's,0.714,0.06,0.901,0.04
4,"Omicron is 'very transmissible,' doctor explains, and ‘people need to stay vigilant’",-0.382,0.0,0.931,0.069
5,10 Biotech Stocks in Billionaire Ray Dalio’s Portfolio,0.999,0.117,0.859,0.025
6,Unstoppable Dividend King for 2022: AbbVie or Johnson &amp; Johnson?,-0.317,0.039,0.897,0.063
7,"UPDATE 1-EU watchdog okays production capacity hikes for J&amp;J, Moderna, Pfizer vaccines",0.765,0.064,0.912,0.024
8,S&amp;P 500 Wobbles as Big Tech Wreckage Offsets Shine in Cyclicals,0.989,0.13,0.835,0.034
9,"Airline CEOs clash with lawmakers over travel recovery, pilot shortage",-0.25,0.0,0.933,0.067
10,J&amp;J's (JNJ) COVID-19 Booster Jab Gets CHMP Recommendation,0.99,0.077,0.908,0.015
11,Teva Pharmaceutical Finance Netherlands IV BV -- Moody's affirms Teva's Ba2 ratings; outlook revised to stable,1.0,0.126,0.8,0.074
12,10 Dividend Stocks with over 11% Yield,0.998,0.118,0.862,0.02
13,Coronavirus tally: Global cases of COVID-19 top 272 million and France restricts travel from UK over omicron variant,-0.765,0.0,0.761,0.239
14,"Russell Investment Funds Buys Catalent Inc, Willis Towers Watson PLC, Edison International, ...",0.997,0.053,0.947,0.0
15,UPDATE 1-U.S. CDC advisers to weigh limits on J&amp;J vaccine due to blood clot issues -Washington Post,0.351,0.022,0.978,0.0
