﻿,Titles,Polarity,Positive,Neutral,Negative
0,Alabama doctor explains COVID-19 situation in the South,0.226,0.105,0.82,0.075
1,"Dow Jones Gains, S&amp;P 500, Nasdaq Hit New Highs; These Stocks Rally On House Vote",0.34,0.094,0.906,0.0
2,J&amp;J Covid Booster Generates 'Rapid And Robust' Antibody Response,0.166,0.076,0.924,0.0
3,Dow Jones Gains As Apple Falls; J&amp;J Slips Despite Booster News; These Stocks Pass Buy Points,-0.193,0.0,0.901,0.099
4,‘I am in favor of companies adopting these strong policies about covid vaccination &amp; mandating it’: Doctor,0.0,0.0,1.0,0.0
5,UPDATE 1-J&amp;J says booster dose increased antibodies in early-stage trials,0.153,0.048,0.91,0.042
6,Sackler Immunity and a Texas Two-Step Could Tilt Bankruptcy Scales Away From Victims,0.886,0.077,0.843,0.08
7,Delta's unvaccinated workers to pay extra $200 on health plan,0.0,0.0,1.0,0.0
8,Nasdaq Holds Gain; Here Are Some Winners From The Infrastructure Bill,0.052,0.144,0.755,0.101
9,10 Best No-Fee DRIP Stocks to Buy Now,1.0,0.128,0.823,0.049
10,"J&amp;J’s latest booster shot news, Moderna pushes for FDA approval, Pentagon’s vaccine mandate",0.459,0.086,0.875,0.039
11,J&amp;J Covid Booster Generates 'Rapid And Robust' Antibody Response,0.166,0.076,0.924,0.0
12,Nasdaq Pares Gains As Stock Advance Slows; This IBD 50 Stock Tops Buy Point,0.052,0.144,0.755,0.101
13,Moderna completes BLA submission for full approval of COVID-19 vaccine,0.103,0.047,0.923,0.03
14,J&amp;J says an extra dose of its COVID-19 vaccine can boost antibody levels,0.66,0.134,0.866,0.0
15,J&amp;J’s Covid Vaccine Booster Shot Increased Antibodies in Early Trials. What Comes Next.,0.511,0.129,0.871,0.0
16,2 Stocks to Help You Build Retirement Wealth,0.599,0.058,0.942,0.0
17,J&amp;J says new data indicates an extra dose of its COVID-19 vaccine can boost antibody levels,0.827,0.117,0.883,0.0
18,"Coronavirus tally: Daily average of COVID-19 cases rises to 7-month high, as J&amp;J data supports booster shots",-0.765,0.0,0.769,0.231
19,J&amp;J says booster dose increased antibodies in early-stage studies,0.942,0.078,0.876,0.047
20,Johnson &amp; Johnson Announces Data to Support Boosting its Single-Shot COVID-19 Vaccine,0.908,0.074,0.858,0.068
21,"Nordstrom, Urban Outfitters Fall Premarket; Dick's Sporting Goods Rises",0.961,0.089,0.882,0.029
22,J&amp;J Gains as Covid Booster Found to Trigger Strong Response,0.93,0.071,0.929,0.0
23,Johnson &amp; Johnson Stock Gains After Promising COVID Booster Shot Data,0.785,0.248,0.752,0.0
24,U.S. Futures Edge Higher; Nordstrom Slumps on Revenue Drop,0.92,0.079,0.865,0.055
