﻿,Titles,Polarity,Positive,Neutral,Negative
0,CDC committee votes to extend the ‘pause’ for J&amp;J’s COVID-19 shot,-0.226,0.041,0.896,0.063
1,Johnson &amp; Johnson and AstraZeneca problems are not unexpected — it would be more unusual to have NO vaccine problems,0.25,0.096,0.839,0.065
2,J&amp;J suspension reveals strengths and vulnerabilities in COVID-19 vaccine strategy: ‘It was a wise decision to spread the risk’,0.34,0.103,0.897,0.0
3,"Venezuela's seeking of specific vaccines will slow inoculation, Guaido says",-0.94,0.034,0.887,0.078
4,"'The abundance of caution is good,' it gives clinicians time to figure out if the complications are due to the vaccine: Doctor",-0.459,0.0,0.871,0.129
5,Moderna discusses COVID-19 vaccine manufacturing with Nexus Pharmaceuticals: sources,0.955,0.061,0.926,0.012
6,Moderna discusses COVID-19 vaccine manufacturing with Nexus Pharmaceuticals -sources,0.955,0.061,0.927,0.012
7,Pfizer to Raise EU Vaccine Supply by 25%,0.586,0.138,0.862,0.0
8,Johnson &amp; Johnson’s Vaccine Pain Could Be Moderna’s and Pfizer’s Vaccine Gain,0.977,0.081,0.879,0.04
9,Vaccine transparency is ‘the best course of action’: Doctor ,0.226,0.077,0.867,0.055
10,U.S. in unique position to force increased accountability at the WHO: FDD,0.128,0.048,0.952,0.0
11,Belgium delays start of Johnson &amp; Johnson vaccination,-0.296,0.015,0.952,0.033
12,"Moderna CEO sees likely need for COVID booster for high-risk groups, eyes flu market",0.842,0.059,0.903,0.038
13,Stocks Mixed as Wall Street Banks Kick Off Earnings Season,0.361,0.122,0.878,0.0
14,What Does The J&amp;J Covid Vaccine Debacle Mean For Herd Immunity?,0.026,0.041,0.959,0.0
15,"Coronavirus J&amp;J vaccine concerns 'are very, very tiny risks worth taking': Doctor",-0.924,0.042,0.892,0.066
16,UPDATE 1-Fauci says pause on J&amp;J COVID-19 shot should not prompt vaccine hesitancy,0.988,0.115,0.885,0.0
17,Why Novavax Stock Is Jumping Again Today,0.735,0.21,0.742,0.048
18,Michigan Doctor on case spike: 'Michigan has the highest percent of variants',-0.25,0.072,0.829,0.099
19,Why Fastly Stock Popped This Morning,0.527,0.036,0.964,0.0
20,REFILE-Fauci says U.S pause on J&amp;J COVID-19 shot should not prompt vaccine hesitancy,0.944,0.125,0.848,0.027
21,Denmark Is First Country to Permanently Stop Use of AstraZeneca Vaccine,-0.848,0.014,0.866,0.12
22,Russia Says No Clotting From Sputnik; Pfizer Boost: Virus Update,0.985,0.064,0.889,0.047
23,"Europe's vaccine rollout hit by doubts over J&amp;J, AstraZeneca shots",-0.996,0.048,0.835,0.117
24,UPDATE 1-ECB's Lagarde says euro zone economy still on crutches,-0.923,0.036,0.878,0.086
25,JNJ Vaccine Pause Gives Stay-at-Home ETFs a Shot in the Arm,0.998,0.127,0.843,0.03
26,Moderna is committed to keep chasing new COVID variants: CEO,0.318,0.108,0.892,0.0
27,Rare blood-clotting issue dominates COVID news as Denmark scraps AstraZeneca vaccine,-0.25,0.035,0.909,0.056
28,Pfizer Will Send More Vaccine Doses After J&amp;J Pause,0.477,0.038,0.962,0.0
29,‘It was a wise decision to spread the risk’: What Johnson &amp; Johnson saga reveals about COVID-19 vaccination campaign,0.34,0.103,0.897,0.0
30,Italy suspends distribution of J&amp;J shots after use paused in U.S.,-0.944,0.04,0.864,0.096
31,UPDATE 1-France says to administer J&amp;J COVID-19 vaccine as planned,0.212,0.023,0.96,0.017
32,UPDATE 1-EU drug regulator to issue view on J&amp;J vaccine next week,0.857,0.085,0.863,0.051
33,Oil Jumps With U.S. Supply Drop Adding to Brighter Demand View,0.592,0.099,0.826,0.075
34,France says to administer J&amp;J COVID-19 vaccine as planned,0.398,0.041,0.931,0.028
35,Stocks Creep Higher as Wall Street Banks Kick Off Earnings Season,0.361,0.122,0.878,0.0
36,"UPDATE 1-Sweden pauses plans for J&amp;J COVID-19 vaccinations, awaits review",0.527,0.042,0.944,0.014
37,UPDATE 1-U.S. CDC to weigh rare clot risk with J&amp;J's COVID-19 vaccine as use paused,0.971,0.085,0.871,0.043
38,UPDATE 2-South Africa says non-refundable downpayments among onerous vaccine terms,0.612,0.032,0.946,0.023
39,Denmark becomes first country to permanently stop use of AstraZeneca vaccine,0.0,0.0,1.0,0.0
40,Is J&amp;J's COVID-19 Vaccine Setback a Boon for Other Players?,0.999,0.173,0.799,0.029
41,J&amp;J investor calls on shareholders to reject CEO Gorsky's pay,-0.922,0.052,0.859,0.088
42,S&amp;P Reaches New Record Ahead of Big Bank Reports,0.998,0.113,0.865,0.022
43,EU moves up delivery for 50 million BioNTech and Pfizer COVID-19 vaccine doses,0.494,0.052,0.922,0.027
44,It’s a Coinbase World. JPMorgan Is Just Living in It.,-0.494,0.0,0.906,0.094
45,Which Vaccine Maker Will Win the Fight Against COVID-19?,0.997,0.114,0.847,0.039
46,"Dow Jones Futures: Tesla, Nvidia In Buy Zones; Bitcoin Soars As Coinbase IPO Looms; JPMorgan Earnings Top",0.0,0.0,1.0,0.0
47,Moderna Previews Its Pipeline of Vaccines. The Stock Is Rising.,0.772,0.295,0.705,0.0
48,J&amp;J (JNJ) COVID-19 Jab to be Paused on FDA/CDC Recommendation,0.991,0.096,0.87,0.035
49,Denmark to halt use of AstraZeneca vaccine altogether: reports,0.273,0.032,0.968,0.0
