﻿,Titles,Polarity,Positive,Neutral,Negative
0,Johnson &amp; Johnson set to report earnings on Tuesday morning,0.0,0.0,1.0,0.0
1,5 Perfect Earnings Charts,0.999,0.18,0.774,0.046
2,"Markets check: Stocks in the green, Treasury yields jump",0.44,0.17,0.83,0.0
3,Dow Futures Rise as Q1 Earnings Heats Up,0.746,0.059,0.907,0.034
4,The Safest Healthcare Stocks in the World,0.0,0.0,1.0,0.0
5,UPDATE 4-J&amp;J settles West Virginia opioid litigation for $99 mln,-0.883,0.06,0.855,0.084
6,J&amp;J (JNJ) to Set the Tone for Pharma Sector's Q1 Earnings,0.996,0.106,0.867,0.027
7,J&amp;J settles West Virginia opioid litigation for $99 million,-0.909,0.057,0.855,0.087
8,Is Novavax Stock a Buy Now?,0.776,0.15,0.782,0.069
9,Tesla Earnings Follow Musk's Take-It-or-Leave-It Twitter Bid,0.998,0.112,0.86,0.027
