﻿,Titles,Polarity,Positive,Neutral,Negative
0,Is Roblox Stock a Game Bulls Want to Play?,0.996,0.144,0.799,0.057
1,"'It's embarrassing' if we repeat our pandemic mistakes, doctor says of new COVID roadmap",0.956,0.103,0.818,0.079
2,3 Dividend Stocks That Should Pay You for the Rest of Your Life,0.0,0.0,1.0,0.0
3,10 Consumer Stocks that Pay Dividends,0.998,0.083,0.901,0.016
4,7 Drug Stocks to Consider After the Viatris Plunge,0.998,0.085,0.892,0.022
5,The 7 Best Meme Stocks to Buy Now for March 2022,1.0,0.179,0.785,0.036
