﻿,Titles,Polarity,Positive,Neutral,Negative
0,FDA Warns J&amp;J Covid-19 Vaccine Raises Risk of Rare Neurological Condition,-0.586,0.0,0.814,0.186
1,Why Moderna Stock Rose Today,0.382,0.141,0.791,0.068
2,FDA Warns of New Rare Side Effect of J&amp;J Vaccine,-0.402,0.0,0.856,0.144
3,UPDATE 1-Johnson &amp; Johnson in discussion with FDA regarding COVID-19 vaccine side effects,-0.936,0.028,0.83,0.142
4,FDA Will Warn of New Rare Side Effect of J&amp;J Vaccine,-0.402,0.0,0.856,0.144
5,J&amp;J's COVID-19 shot may be connected to rare autoimmune disorder: report,-0.026,0.058,0.883,0.059
6,‘You are very protected against all the variants that we have right now’: Doctor,-0.422,0.0,0.906,0.094
7,UPDATE 2-U.S. to announce new warning on J&amp;J coronavirus vaccine for autoimmune disorder -Washington Post,-0.883,0.055,0.858,0.087
8,Why Johnson &amp; Johnson (JNJ) is a Top Dividend Stock for Your Portfolio,0.995,0.146,0.845,0.009
9,"Janssen's Darzalex Faspro Wins FDA Approval In Combination With Pomalidomide, Dexamethasone For Multiple Myeloma",0.974,0.126,0.867,0.007
10,Bayer's Kerendia Scores Long-Awaited Kidney &amp; Heart Disease Nod For Type 2 Diabetes,0.0,0.117,0.756,0.127
