﻿,Titles,Polarity,Positive,Neutral,Negative
0,Johnson &amp; Johnson (JNJ) Stock Sinks As Market Gains: What You Should Know,0.993,0.101,0.887,0.011
1,Johnson &amp; Johnson Reaches $300M Settlement In Australian Pelvic Mesh Lawsuit,-0.595,0.085,0.82,0.095
2,Investors Bet Ketamine Treatment Will Revolutionize Mental-Health Care,-0.637,0.0,0.894,0.106
3,UPDATE 1-J&amp;J reaches $205 mln settlement in Australian pelvic mesh class action,-0.236,0.046,0.898,0.056
4,J&amp;J reaches $205 million settlement in Australian pelvic mesh class action,-0.236,0.047,0.895,0.058
