﻿,Titles,Polarity,Positive,Neutral,Negative
0,U.S. Backs Waiver of Intellectual Property Protection for Covid-19 Vaccines,0.599,0.224,0.776,0.0
1,President Biden to back waiving IP protections for COVID vaccines,0.0,0.0,1.0,0.0
2,Moderna Stock Dives As Biden Considers Waiving Covid Vaccine Patents,0.402,0.088,0.912,0.0
3,US talk of waiving vaccine patents is merely symbolic: Experts,0.938,0.052,0.906,0.042
4,Moderna releases new information on booster shots,0.0,0.0,1.0,0.0
5,White House supports waiving IP protections for COVID vaccines,0.44,0.088,0.912,0.0
6,Moderna Stock Dives On Report Biden Will Support Waiting Covid Vaccine Patents,0.402,0.13,0.87,0.0
7,Biden administration backs waiving IP protections for COVID vaccines,0.758,0.104,0.872,0.024
8,CDC’s projection of U.S. COVID-19 surge is a ‘crystal ball’: Doctor,0.0,0.0,1.0,0.0
9,3 Dividend Aristocrats You Can Buy and Hold Forever,0.0,0.066,0.868,0.066
10,UPDATE 1-Poland offers to buy J&amp;J shots from Denmark,0.388,0.053,0.895,0.051
