﻿,Titles,Polarity,Positive,Neutral,Negative
0,Johnson &amp; Johnson (JNJ) Dips More Than Broader Markets: What You Should Know,0.988,0.093,0.892,0.015
1,"UPDATE 1-Spain to use AstraZeneca vaccine in 55-65 age group, J&amp;J for older people",0.772,0.031,0.969,0.0
2,Pandemic led to aggressive adoptions of technology in sports: Teamworks CEO,0.0,0.0,1.0,0.0
3,The Rockefeller Foundation is teaming up with COVID-19 testing companies to reopen schools safely,0.557,0.133,0.867,0.0
4,We can vaccinate our way out of this phase of the pandemic: Doctor ,0.0,0.0,1.0,0.0
5,Got $3000? Here Are 3 Stocks to Buy and Hold for the Long Term,0.653,0.125,0.832,0.044
6,Why the COVID ‘superhero villain tug-of-war’ will be an eternal battle,-0.382,0.0,0.931,0.069
7,"The Zacks Analyst Blog Highlights: Johnson &amp; Johnson, NIKE, Morgan Stanley, Deere &amp; Co and ViacomCBS",0.998,0.121,0.846,0.032
