﻿,Titles,Polarity,Positive,Neutral,Negative
0,"“The beginning of the end is here for covid, vaccination is key”: Doctor",0.0,0.0,1.0,0.0
1,"Czech health ministry recommends AstraZeneca, J&amp;J jabs only for over-60s",-0.262,0.03,0.928,0.042
2,‘Fertility is not going to be affected in any way’ by COVID-19 vaccine: Doctor,0.0,0.0,1.0,0.0
3,"Roivant's Datavant, Ciox Health To Merge In $7B Deal",0.889,0.088,0.873,0.038
4,UPDATE 1-Nigeria to borrow $1.76 bln for security spending – FinMin,0.527,0.067,0.915,0.018
5,"Dow Jones Slips As Covid Names Lead; Meme Stocks Strike Again As CLOV, CLNE Stock Move",0.778,0.281,0.719,0.0
6,Are You Looking for a High-Growth Dividend Stock? Johnson &amp; Johnson (JNJ) Could Be a Great Choice,0.993,0.136,0.858,0.007
7,Johnson &amp; Johnson to Host Investor Conference Call on Second-Quarter Results,0.992,0.142,0.858,0.0
8,10 Best Stocks to Buy According to Billionaire Ray Dalio,1.0,0.119,0.862,0.019
9,10 Best Stocks to Buy According to Billionaire Ray Dalio,1.0,0.119,0.862,0.019
10,"Johnson &amp; Johnson Releases 2020 Health for Humanity Report Highlighting Performance and Progress on Environmental, Social and Governance Priorities",0.998,0.113,0.856,0.03
11,Is JNJ Stock A Buy As Covid Vaccinations Resume Post Blood-Clot Scare?,0.052,0.139,0.764,0.097
12,Brazil to receive 3 million doses of J&amp;J COVID vaccine - minister,0.382,0.056,0.896,0.047
