﻿,Titles,Polarity,Positive,Neutral,Negative
0,"Democrats Reach Deal on Drug Prices, Schumer Says. Pharma Stocks Are Steady.",0.226,0.095,0.905,0.0
1,"Coronavirus: We must weigh the risk of vaccination vs. risk of not getting the vaccine, doctor says",0.0,0.0,1.0,0.0
2,Is Johnson &amp; Johnson a Good COVID Stock to Buy?,-0.44,0.0,0.938,0.062
3,U.S. administers 423.9 mln doses of COVID-19 vaccines - CDC,0.599,0.035,0.965,0.0
4,7 Stocks to Set Your Sights on as the ‘Hyperinflation’ Debate Stirs Up,1.0,0.121,0.845,0.035
5,Is J&amp;J Stock A Buy On Its Bullish 2021 Forecast As Covid Booster Launches?,0.0,0.0,1.0,0.0
6,Why Teva Pharmaceutical Stock Is Jumping Today,0.66,0.102,0.852,0.046
7,Were Hedge Funds Right About Tesla Inc. (TSLA)?,0.999,0.123,0.862,0.016
8,Should Intuitive Surgical Investors Be Worried About Competition?,-0.612,0.0,0.942,0.058
9,Was The Smart Money Right About Taiwan Semiconductor Mfg. Co. Ltd. (TSM)?,0.999,0.108,0.868,0.024
10,"The Daily Biotech Pulse: Pfizer Reports Solid Q3 Earnings, Regulatory Setback For Legend, Lilly to Supply Additional COVID-19 Antibody Cocktails To US",0.972,0.06,0.911,0.029
11,10 Best Diabetes Stocks To Buy Now,0.999,0.121,0.872,0.007
12,"Johnson &amp; Johnson, Costco Settle Lawsuits Over Recalled Sunscreen Products: Reuters",0.637,0.062,0.885,0.053
13,California Judge Rules For Drugmakers In Major Opioid Litigation,-0.599,0.062,0.856,0.082
14,"J&amp;J, Teva Beat $50 Billion Opioid Case in First Industry Win",-0.874,0.067,0.853,0.08
15,UPDATE 1-California judge rules for drugmakers in major opioid lawsuit,-0.887,0.034,0.893,0.073
