﻿,Titles,Polarity,Positive,Neutral,Negative
0,Johnson &amp; Johnson (JNJ) Outpaces Stock Market Gains: What You Should Know,0.989,0.096,0.885,0.019
1,FDA advisory committee recommends Novavax vaccine for use in adults,0.961,0.057,0.912,0.031
2,"Yumanity Therapeutics to sell its pipeline, merge with Seattle biotech",0.0,0.0,1.0,0.0
3,"FDA panel to review Novavax candidate as potential fourth vaccine for adult Americans, and Pete Buttigieg tests positive for COVID",0.128,0.059,0.892,0.048
4,10 Best Dividend Stocks on Robinhood,0.999,0.097,0.883,0.02
5,10 Stocks to Buy Before the Next Pandemic,1.0,0.098,0.875,0.027
6,Emergent (EBS) Stock Down as J&amp;J Ends COVID-19 CDMO Contract,0.976,0.083,0.871,0.045
7,Elon Musk’s Fight About Twitter Bots Is Really a Fight Over Deal Price,-0.226,0.048,0.878,0.074
