﻿,Titles,Polarity,Positive,Neutral,Negative
0,Top 10 Stocks to Buy According to Legendary Value Investor Joel Greenblatt,1.0,0.138,0.839,0.023
1,Teva Pharmaceutical Finance Netherlands IV BV -- Moody's affirms Teva's Ba2 ratings; outlook revised to stable,1.0,0.125,0.801,0.074
2,"Omicron variant accounts for 3% of U.S. COVID-19 cases, doctor notes that 'it's still early'",0.586,0.098,0.902,0.0
3,Unvaccinated Google employees could face termination next year,0.0,0.0,1.0,0.0
4,3 Consumer Staples Stocks to Buy for Safety,0.985,0.087,0.872,0.041
5,"COVID-19: ‘We have the tools to fight Omicron,’ doctor says",-0.153,0.054,0.88,0.067
6,European Medicines Committee Backs Johnson &amp; Johnson's COVID-19 Booster Dose,0.772,0.048,0.942,0.01
7,"Sanofi, Glaxo's COVID-19 Vaccine Candidate Works As Booster, But Data Readout Pushed Back",0.974,0.106,0.878,0.016
8,Lilly (LLY) Phase III Study in Ulcerative Colitis Meets Goal,0.997,0.123,0.852,0.025
9,Johnson &amp; Johnson Announces Positive CHMP Opinion for a Booster Shot of its COVID-19 Vaccine,0.935,0.063,0.88,0.057
10,UPDATE 1-EU regulator backs J&amp;J COVID-19 booster dose for adults,0.156,0.054,0.902,0.045
11,European Medicines Agency to recommend Johnson &amp; Johnson COVID booster,0.361,0.042,0.958,0.0
12,Large Company Value Portfolio Buys Fresenius Medical Care AG. ...,0.999,0.101,0.895,0.004
13,"UPDATE 2-Sanofi, GSK say COVID-19 vaccine booster candidate give good immune response",0.981,0.086,0.892,0.022
