﻿,Titles,Polarity,Positive,Neutral,Negative
0,Johnson &amp; Johnson (JNJ) Gains As Market Dips: What You Should Know,0.985,0.078,0.918,0.004
1,Why Emergent BioSolutions Stock Dropped 30% in April,-0.382,0.051,0.872,0.077
2,Top COVID-19 Vaccine Stories of April Put Biotech ETFs in Focus,0.999,0.116,0.857,0.027
3,Pfizer in talks with India for COVID-19 vaccine,0.931,0.073,0.87,0.057
4,How businesses are tracking their employee's vaccination status and well-being amid COVID-19 recovery,0.0,0.0,1.0,0.0
5,'We’re entering the harder phase' of coronavirus vaccination,0.992,0.073,0.899,0.028
6,Biden aims to have 70% of U.S. adults receive first vaccine shot by July 4th,0.0,0.0,1.0,0.0
7,Returning to normal ‘doesn’t have to be the the goal’ amid COVID-19 recovery: Doctor,0.0,0.0,1.0,0.0
8,"Zacks Industry Outlook Highlights: Johnson &amp; Johnson, AstraZeneca and Pfizer",0.999,0.113,0.848,0.038
9,Could Tonix Pharmaceuticals Be a Millionaire-Maker Stock?,0.542,0.078,0.922,0.0
10,Could Tonix Pharmaceuticals Be a Millionaire-Maker Stock?,0.542,0.078,0.922,0.0
11,Is Emergent BioSolutions Still a Buy After Its Coronavirus Vaccine Flub?,-0.772,0.0,0.901,0.099
12,The Big Winner for Johnson &amp; Johnson in Q1,0.226,0.053,0.907,0.04
13,Travel stocks rally as EU prepares to open borders to vaccinated holidaymakers,0.915,0.046,0.924,0.029
