﻿,Titles,Polarity,Positive,Neutral,Negative
0,J&amp;J (JNJ) Seeks FDA Approval for Myeloma Drug Teclistamab,0.994,0.108,0.875,0.017
1,"“[It's] really a shame in this pandemic the government didn’t support large-scale mass production of a traditional vaccine like ours."" Says Dyadic CEO",0.66,0.264,0.66,0.076
2,Doctor: 'We are seeing huge staff shortages' amid latest COVIF-19 surge,0.202,0.058,0.942,0.0
3,"Daily average of COVID-19 cases surges past 300,000, but there’s more data showing omicron is less dangerous",-0.648,0.0,0.85,0.15
4,"S&amp;P 500, Dow Close Lower, But Media Stocks Support Bullish Bets",0.788,0.087,0.836,0.076
5,Why the stock market rallied as COVID-19 cases reached pandemic high,0.296,0.071,0.929,0.0
6,"U.S. COVID-19 cases soar to pandemic high amid Omicron wave, Delta spread",-0.128,0.0,0.957,0.043
7,"J&amp;J's COVID-19 vaccine booster was 85% effective against hospitalization, in South Africa study",0.572,0.063,0.922,0.014
8,Johnson &amp; Johnson COVID-19 Vaccine Demonstrates 85 Percent Effectiveness against Hospitalization in South Africa when Omicron was Dominant,0.941,0.089,0.832,0.078
9,"Amazon, Berkshire Make Barron's Top 10 List of Promising Stocks",0.0,0.0,1.0,0.0
10,Johnson &amp; Johnson Booster Dose Cuts Omicron Hospitalization Stays,0.459,0.11,0.851,0.039
11,Two Doses of Johnson &amp; Johnson Covid Vaccine Cuts Hospitalizations 85%,-0.226,0.0,0.888,0.112
12,J&amp;J Gains as Study Says Its Booster Is Preventing Hospitalizations,0.962,0.106,0.857,0.037
13,"Micron, Tesla, Biogen Fall Premarket; Johnson &amp; Johnson Rises",0.832,0.086,0.861,0.052
14,UPDATE 1-J&amp;J booster slashes Omicron hospitalizations -S.African study,0.891,0.075,0.883,0.042
15,J&amp;J booster 84% effective against hospitalization -S.African Omicron-era study,-0.782,0.034,0.903,0.063
16,2021: The Year in Review,0.995,0.095,0.833,0.072
17,"Stocks Gain, Biogen Slumps, Ghislaine Maxwell Faces Perjury Charges - Five Things Your Must Know",-0.772,0.041,0.776,0.183
