﻿,Titles,Polarity,Positive,Neutral,Negative
0,"Philippines approves emergency use of J&amp;J, Bharat BiotechCOVID-19 vaccines",-0.807,0.025,0.883,0.092
1,"UPDATE 4-J&amp;J, other drugmakers go to trial in California in $50 bln case over 'deadly legacy' of opioids",-0.971,0.064,0.822,0.114
2,Emergent Plummets as FDA Inspects J&amp;J Vaccine Production Site,0.944,0.064,0.91,0.026
3,Gold prices end lower after biggest weekly rise since December,0.382,0.2,0.708,0.092
4,What does a strong reaction to a COVID-19 vaccine mean?,0.511,0.185,0.815,0.0
5,Doctor on J&amp;J vaccine: ‘You have a much higher risk of getting a blood clot if you smoke’,-0.637,0.0,0.882,0.118
6,Emergent BioSolutions Stock Falls After FDA Initiates Inspection Of Bayview Facility,-0.85,0.035,0.889,0.076
7,UPDATE 1-J&amp;J COVID-19 vaccine reviewed for links to additional reports of severe side effects -CDC,0.927,0.086,0.859,0.055
8,Why Emergent BioSolutions Stock Is Tumbling Today,0.0,0.0,1.0,0.0
9,2 Things Investors Need to Look For in Johnson &amp; Johnson's Earnings Tomorrow,0.0,0.0,1.0,0.0
10,Why Johnson &amp; Johnson (JNJ) is a Great Dividend Stock Right Now,0.99,0.126,0.867,0.007
11,Doctor on J&amp;J vaccine: It comes down to 'the benefit-risk ratio',0.477,0.094,0.906,0.0
12,U.S. agency reviewing potential additional cases of severe side effects linked to J&amp;J shot - CDC,0.468,0.045,0.937,0.019
13,South Africa's vaccine compensation fund could cost $17.5 mln in first year,0.849,0.048,0.922,0.03
14,Gold prices pull back after biggest weekly rise since December,-0.052,0.11,0.769,0.121
15,"Strong Earnings from Coca-Cola Start Week, with IBM on Way Ahead of Netflix Tomorrow",0.999,0.119,0.827,0.054
16,"U.S. COVID-19 vaccine program meets key goal, but India cases and Brazil deaths worry experts",0.0,0.0,1.0,0.0
17,U.S. hits vaccine milestone despite rise in COVID cases,0.557,0.039,0.934,0.026
18,Johnson &amp; Johnson Reports Earnings Tuesday. Here’s What to Expect.,0.103,0.15,0.752,0.098
19,"‘The more we talk about it, the more we’re validating the symptoms’: What we know about COVID vaccine side effects in women",0.477,0.114,0.886,0.0
20,What Does J&amp;J's Pause Mean for Investors?,-0.542,0.0,0.811,0.189
21,"J&amp;J, others face California trial over claims they fueled opioid epidemic",0.25,0.062,0.872,0.066
22,Gold prices slip Monday after biggest weekly rise since December,-0.318,0.078,0.778,0.144
23,Should You Buy Johnson &amp; Johnson (JNJ) Ahead of Earnings?,0.997,0.187,0.809,0.003
24,What to Know About Bitcoin’s Terrible Weekend—and Dogecoin’s Wicked Rally,0.361,0.077,0.923,0.0
25,How to Trade Johnson &amp; Johnson After It Reports Earnings,0.0,0.0,1.0,0.0
26,"UPDATE 1-J&amp;J, others face California trial over claims they fueled opioid epidemic",0.25,0.061,0.874,0.064
27,"JNJ COVID-19 Vaccine Could Return This Week With Warning, Says Anthony Fauci",-0.911,0.008,0.927,0.065
28,5 Blue-Chip Stocks Likely to Gain on Q1 Earnings This Week,0.999,0.126,0.863,0.011
29,UPDATE 1-Emergent to stop making new COVID-19 vaccine material at Baltimore plant,-0.612,0.031,0.903,0.066
30,Emergent BioSolutions says it has agreed with FDA not to manufacture new material at Baltimore facility,0.727,0.077,0.885,0.038
31,"J&amp;J, other drugmakers to face trial in California over claims they fueled opioid epidemic",0.25,0.062,0.873,0.065
32,Johnson &amp; Johnson Slips on Vaccine Commitment As FDA Moves on EBS,0.382,0.115,0.885,0.0
33,Johnson &amp; Johnson Gains on Vaccine Commitment As FDA Moves on EBS,0.382,0.115,0.885,0.0
34,The public’s expectation of perfection: Risk of blood clot from Johnson &amp; Johnson COVID-19 vaccine is 0.00009%,-0.681,0.0,0.741,0.259
35,Here’s what we know about COVID-19 vaccine side effects in women,-0.681,0.017,0.895,0.088
36,J&amp;J/Alex Gorsky: pay wrongly downplays negatives,0.649,0.115,0.84,0.045
