﻿,Titles,Polarity,Positive,Neutral,Negative
0,UPDATE 1-U.S. authorizes additional batch of J&amp;J COVID-19 vaccine produced by Emergent,-0.305,0.042,0.916,0.043
1,Why Johnson &amp; Johnson’s vaccine update is ‘welcome news’,0.998,0.122,0.838,0.04
2,The US is 'not even close' to having enough vaccine protection: Offit,-0.179,0.054,0.889,0.057
3,Without global control of the pandemic we’re going to see new variants: Doctor,0.0,0.0,1.0,0.0
4,UPDATE 1-Europe approves upgrade to Johnson &amp; Johnson's COVID-19 vaccine plant,0.914,0.092,0.884,0.023
5,European regulator approves ramp-up of production for  ingredients used in J&amp;J vaccine in Europe,0.954,0.227,0.773,0.0
6,Johnson &amp; Johnson vaccine shows promise against delta variant,0.542,0.22,0.78,0.0
7,"Rising COVID-19 cases in California highlight risks of delta variant, as WHO head warns world in dangerous period of pandemic",0.128,0.084,0.841,0.075
8,"As worries emerge about the delta variant and the J&amp;J shot, health officials — and, so far, the research — say the vaccinated are still protected",0.134,0.068,0.882,0.05
9,"J&amp;J Covid-19 Vaccine Protects Against Delta Variant, Study Says",0.0,0.0,1.0,0.0
10,10 Best Young Stocks To Buy and Hold For 20 Years,1.0,0.094,0.891,0.015
11,How Potent Are JNJ &amp; Other COVID-19 Jabs Against Delta Variant?,0.996,0.13,0.841,0.029
12,"Pharma Stock Roundup: EU Nod to RHHBY, MRK Drugs, FDA and Pipeline Updates",0.998,0.128,0.818,0.054
13,Is JNJ Stock A Buy As Covid Vaccinations Resume Post Blood-Clot Scare?,0.052,0.139,0.764,0.097
14,Johnson &amp; Johnson says single shot COVID vaccine protects against Delta variant,0.969,0.094,0.861,0.045
15,U.S. Futures Becalmed as Market Waits for Key Jobs Number,0.929,0.088,0.854,0.057
16,J&amp;J Gains As Vaccine Shows Promise Against Delta Variant,0.935,0.096,0.883,0.021
17,S.African scientist: data show J&amp;J vaccine works well against Delta variant,0.92,0.148,0.852,0.0
18,"Payrolls, OPEC Meeting, Global Tax, Robinhood IPO - What's Moving Markets",0.995,0.099,0.855,0.046
19,"Payrolls, OPEC Meeting, Global Tax, Robinhood IPO - What's Moving Markets",0.995,0.099,0.855,0.046
20,UPDATE 3-J&amp;J's COVID-19 vaccine shows promise against Delta variant,0.967,0.083,0.902,0.015
21,UPDATE 2-J&amp;J's COVID-19 vaccine shows promise against Delta variant,0.92,0.102,0.852,0.046
22,J&amp;J says its single-shot COVID vaccine shows strong activity against Delta,0.671,0.097,0.903,0.0
