﻿,Titles,Polarity,Positive,Neutral,Negative
0,10 Best High-Yield Dividend Champions to Buy in August,0.998,0.095,0.89,0.015
1,Apple Is Borrowing Money to Buy Back Stock. What That May Say About the Bond Market.,0.718,0.111,0.868,0.021
2,President Biden tests positive for COVID-19 again,0.836,0.271,0.729,0.0
3,15 Dividend Stocks for Passive Income,1.0,0.109,0.884,0.007
4,Is This World-Class Dividend Stock a Buy?,0.848,0.159,0.841,0.0
5,Health care bill ‘most aggressive action’ on drug pricing: Analyst,0.0,0.0,1.0,0.0
6,"Apple Starts Four-Part Bond Sale to Fund Buybacks, Dividends",0.962,0.087,0.877,0.036
7,Apple Is Selling Bonds to Buy Stock,0.718,0.111,0.868,0.021
8,Is Vanguard Dividend Appreciation ETF (VIG) a Strong ETF Right Now?,0.998,0.125,0.859,0.016
