﻿,Titles,Polarity,Positive,Neutral,Negative
0,Doctor: 'I will be wearing masks indoors for the foreseeable future’,0.0,0.0,1.0,0.0
1,COVID-19 vaccinations and mitigation turned the corner on school reopening: AFT President,0.0,0.0,1.0,0.0
2,People choosing to ditch their masks will be a ‘gradual process’: Doctor,0.0,0.0,1.0,0.0
3,It Won’t Take Much for Vaxart Stock to Pop Once Again,0.999,0.148,0.801,0.05
4,It Won’t Take Much for Vaxart Stock to Pop Once Again,0.999,0.148,0.801,0.05
5,Emergent (EBS) Issues Plan to Resume Bayview Facility Operation,0.99,0.114,0.848,0.038
6,U.S. Will Send No New J&amp;J Vaccines Doses to States Next Week,-0.296,0.0,0.905,0.095
7,J&amp;J pushes Latin America to take unfrozen vaccines in Covax talks,0.382,0.04,0.96,0.0
