﻿,Titles,Polarity,Positive,Neutral,Negative
0,Delta covid-19 variant gains ground among the unvaccinated,0.422,0.135,0.865,0.0
1,10 Best Dividend Stocks to Buy Under $20,1.0,0.111,0.868,0.021
2,Doctor on COVID-19 recovery: ‘We can’t let down our guard’,0.0,0.0,1.0,0.0
3,EU orders nearly 40 million additional J&amp;J COVID vaccines,-0.859,0.006,0.964,0.03
4,Mayo Clinic Purchases BioSig's PURE EP™ for use at its Phoenix Location,0.986,0.087,0.913,0.0
5,FDA Releases More JNJ's COVID-19 Vaccine Substance From Baltimore Plant,0.758,0.082,0.881,0.037
