﻿,Titles,Polarity,Positive,Neutral,Negative
0,"Teva, Allergan Settle Opioid Lawsuit With West Virginia",0.967,0.111,0.862,0.027
1,"Top Research Reports for Johnson &amp; Johnson, Walt Disney &amp; NextEra Energy",0.999,0.161,0.798,0.041
2,JNJ Stock Still Outperforms S&amp;P 500; How To Enhance Gains With A Covered Call,0.0,0.0,1.0,0.0
3,US Raises Objection To Johnson &amp; Johnson's High Cost Lawyer For Talc Bankruptcy Case: Reuters,0.969,0.177,0.744,0.078
4,2 Top Biotech Stocks to Buy in May,0.542,0.201,0.7,0.099
