﻿,Titles,Polarity,Positive,Neutral,Negative
0,Merck’s COVID-19 pill is a 'huge game changer': Doctor,0.382,0.106,0.894,0.0
1,"Bayer recalls some lots of Lotrimin, Tinactin antifungal sprays",-0.832,0.015,0.921,0.063
2,Vaccinations have mitigated rise of COVID-19 variants: COVID-19 National Task Force Chair,-0.382,0.0,0.902,0.098
3,"In today's low-rate world, Warren Buffett holds these stocks for the fat yields",0.996,0.098,0.883,0.019
4,Why Johnson &amp; Johnson (JNJ) is a Top Dividend Stock for Your Portfolio,0.994,0.137,0.854,0.009
5,"Merck seeks authorization for COVID pill, HHS clarifies HIPAA rights for COVID vaccine",0.981,0.102,0.845,0.053
6,"Pregnant women should ‘absolutely get vaccinated as soon as possible,’ doctor urges",-0.384,0.047,0.908,0.046
7,"Pharma Stock Roundup: MRK to Buy XLRN, ABBV Gets FDA Nod for Migraine Drug &amp; More",0.999,0.111,0.86,0.029
8,UPDATE 1-EU finds J&amp;J COVID shot possibly linked to another rare clotting condition,-0.883,0.044,0.872,0.084
9,2 Mega-Cap Stocks to Buy and Hold For the Next 10 Years,0.649,0.101,0.899,0.0
