﻿,Titles,Polarity,Positive,Neutral,Negative
0,"Bayou Intermediate II, LLC -- Moody's assigns a B2 CFR to Bayou Intermediate II, LLC; outlook stable",0.999,0.094,0.86,0.046
1,"Bayou Intermediate II, LLC -- Moody's assigns a B2 CFR to Bayou Intermediate II, LLC; outlook stable",0.999,0.094,0.86,0.046
2,Top Pharma Giants Expected to Be Most Active in M&amp;A,0.984,0.098,0.866,0.036
3,"Eli Lil­ly Aban­dons IL-23 Psoriasis Program, Instead Will Focus On Ulcerative Colitis, Crohn's Disease Indications",0.807,0.093,0.831,0.076
4,CDC’s latest guidance on outdoor mask wearing ‘is a big milestone’: Doctor,0.0,0.0,1.0,0.0
5,CDC: Small groups of people can gather outside without masks,0.301,0.035,0.947,0.018
6,U.S. probing two new blood clot cases after J&amp;J's COVID-19 vaccine,-0.881,0.016,0.909,0.075
7,"India’s COVID surge is ‘beyond heartbreaking,’ says WHO head, as first relief supplies arrive",0.0,0.1,0.799,0.1
8,Is JNJ Stock A Buy As Covid Vaccinations Resume Post Blood-Clot Scare?,0.052,0.139,0.764,0.097
9,3 Dividend Stocks That Just Hiked Their Payouts,0.494,0.069,0.931,0.0
10,"This Pharma Giant Lost the Vaccine Race, But Its COVID-19 Journey May Not Be Over",0.866,0.174,0.826,0.0
11,Is There Any Hope Left for Emergent BioSolutions?,-0.402,0.0,0.963,0.037
12,3 Reasons Not to Buy Johnson &amp; Johnson Stock Just Because Its COVID Vaccine Pause Was Lifted,0.751,0.098,0.902,0.0
13,Is There Any Hope for Inovio?,0.128,0.043,0.957,0.0
14,California man hospitalized with blood clot after J&amp;J vaccination,0.0,0.0,1.0,0.0
