﻿,Titles,Polarity,Positive,Neutral,Negative
0,"MedTech Round Up: Update On Johnson &amp; Johnson, Becton Dickinson, Labcorp, Second Sight Medical, Biocept",-0.459,0.0,0.944,0.056
1,CDC approves those fully vaccinated to largely ditch masks indoors,0.0,0.0,1.0,0.0
2,CDC recommends Pfizer vaccine for children 12 to 15 years-old,0.0,0.0,1.0,0.0
3,CDC recommends Pfizer vaccine for children 12 to 15 years-old,0.0,0.0,1.0,0.0
4,What the Yankees COVID-19 outbreak proves: no vaccine is 100% effective,0.0,0.0,1.0,0.0
5,CDC Panel Recommends Pfizer’s Covid-19 Vaccine in Younger Teens. What Comes Next.,-0.178,0.058,0.863,0.08
6,Johnson &amp; Johnson Joins World Health Organization in Efforts to Prevent Spread of Ebola in West Africa,0.996,0.07,0.903,0.027
7,Blood Expert Says He Found Why Some Covid-19 Vaccines Trigger Rare Clots,0.0,0.0,1.0,0.0
