﻿,Titles,Polarity,Positive,Neutral,Negative
0,"Fauci: new Covid-19 cases are at a disturbing level, U.S. is primed for a surge",0.0,0.0,1.0,0.0
1,Study shows wearables could detect COVID-19 earlier,0.0,0.0,1.0,0.0
2,Study shows wearables could detect COVID-19 earlier,0.999,0.134,0.854,0.012
3,US Allocates Significantly Lower Number Of J&amp;J Vaccines To States For Next Week: Reuters,0.361,0.013,0.987,0.0
4,"UPDATE 1-U.S. to allot 85% fewer J&amp;J vaccines to states next week, data shows",0.6,0.018,0.971,0.01
5,"WRAPUP 2-AstraZeneca woes grow as Australia, Philippines, African Union curb COVID-19 shots",-0.986,0.021,0.913,0.066
6,COVID-19 vaccinations are ‘extraordinarily safe’: Doctor,-0.382,0.0,0.898,0.102
7,Europe’s vaccine woes continue as Spain and Italy halt use of AstraZeneca shot for under-60s,0.0,0.0,1.0,0.0
8,"African Union drops AstraZeneca vaccine, which COVAX will supply",-0.724,0.04,0.919,0.042
9,"UPDATE 1-African Union drops plans to buy COVID vaccines from India's SSI, pivots to J&amp;J",0.944,0.074,0.926,0.0
10,Oxford scientists behind COVID-19 vaccine set for multimillion pound payday,0.755,0.067,0.895,0.038
11,"U.S. allotting 85% less J&amp;J vaccines to states next week, data shows",-0.422,0.005,0.98,0.015
12,"UPDATE 1-South Korea reports surge in coronavirus cases, more restrictions expected",-0.765,0.026,0.911,0.063
13,African Union halts AstraZeneca vaccine purchases over supply concerns,0.052,0.037,0.93,0.034
