﻿,Titles,Polarity,Positive,Neutral,Negative
0,UPDATE 1-Bolivia signs J&amp;J vaccine deal with a twist - it needs WTO patent waiver,0.977,0.103,0.846,0.051
1,Bolivia signs J&amp;J vaccine deal with a twist: someone else would make it,0.971,0.098,0.85,0.052
2,COVID-19 booster shot is likely and ‘it’s okay’: Doctor,-0.422,0.0,0.924,0.076
3,Halozyme (HALO) Stock Down Despite Q1 Earnings &amp; Sales Beat,0.998,0.142,0.855,0.003
4,Halozyme (HALO) Stock Down Despite Q1 Earnings &amp; Sales Beat,0.998,0.141,0.856,0.003
5,"Tech Downturn Advances, With Apple, Tesla Coming Under Early Pressure",0.997,0.094,0.855,0.051
6,Is SPDR MSCI USA StrategicFactors ETF (QUS) a Strong ETF Right Now?,0.996,0.099,0.885,0.016
7,How Will the U.S. Glut of Coronavirus Vaccines Affect Manufacturers?,-0.052,0.044,0.922,0.034
8,These 2 Evergreen Stocks Are Ready to Crush Inflation,0.228,0.108,0.816,0.077
9,Halozyme Therapeutics Inc (HALO) Q1 2021 Earnings Call Transcript,0.827,0.137,0.863,0.0
10,Halozyme Therapeutics Inc (HALO) Q1 2021 Earnings Call Transcript,0.827,0.137,0.863,0.0
