﻿,Titles,Polarity,Positive,Neutral,Negative
0,"UPDATE 1-J&amp;J shot performs best with paired with booster dose from Moderna or Pfizer, NIH study suggests",0.977,0.12,0.871,0.009
1,"Johnson &amp; Johnson Covid-19 Booster Shot Bolsters Immune Defense, FDA Staff Say",-0.226,0.0,0.939,0.061
2,"U.S. to open Canada, Mexico borders for vaccinated visitors",0.477,0.1,0.9,0.0
3,Biden’s approval ratings on his handling of the pandemic drop as vaccination push continues,0.178,0.092,0.836,0.072
4,How Johnson &amp; Johnson Has Pioneered in the Battle Against HIV/AIDS,-0.44,0.018,0.942,0.04
5,"Johnson &amp; Johnson Booster Shot May Bolster Immune Response, FDA Staff Says",0.402,0.088,0.912,0.0
6,Will J&amp;J's Covid Booster Get FDA's Blessing? Here's Why It Looks Likely,0.477,0.119,0.881,0.0
7,Americans are losing trust in Biden’s handling of the pandemic: poll,0.758,0.118,0.83,0.051
8,FDA Staff Shows Cautious Optimism for J&amp;J's Booster Shot,0.459,0.15,0.85,0.0
9,Relying on J&amp;J's analyses to assess vaccine booster dose data -U.S. FDA staff,0.807,0.087,0.913,0.0
10,These quality dividend stocks have a built-in advantage that can keep you ahead of inflation in 2022,0.751,0.298,0.649,0.053
11,3 Top Healthcare Stocks to Buy Right Now,0.579,0.073,0.927,0.0
12,J&amp;J Gains as FDA Says Its Covid Booster Shot Helps Immunity,0.671,0.051,0.928,0.022
13,"Got $1,000? 2 Super-Smart Stocks That Could Make You Richer Over the Next Decade",0.869,0.152,0.795,0.053
14,Johnson &amp; Johnson to Host Business Review Highlighting Pharmaceuticals,0.948,0.09,0.849,0.062
