﻿,Titles,Polarity,Positive,Neutral,Negative
0,S&amp;P 500 Hits Another New All-Time High,0.997,0.124,0.87,0.005
1,Johnson &amp; Johnson Vaccine Pause: What to Know If You Got or Scheduled the Shot,-0.331,0.0,0.864,0.136
2,"5 at 5: Your Daily Digest for Real Estate Investing, 4/13/21",0.691,0.081,0.896,0.024
3,Dow Jones Closes Near Session High Despite J&amp;J News; Bitcoin Soars,-0.38,0.0,0.906,0.094
4,Why Emergent BioSolutions Stock Fell Today,0.0,0.036,0.927,0.036
5,Why Airline Shares Are Down Today,-0.077,0.068,0.876,0.056
6,Why Bad COVID-19 News Didn't Stop the Nasdaq From Rising Tuesday,0.665,0.152,0.777,0.071
7,Why Zoom Video Stock Jumped Today,-0.103,0.031,0.932,0.037
8,Why Okta Stock Is Rising Today,0.0,0.0,1.0,0.0
9,UPDATE 1-U.S. has more than enough vaccine to maintain pace of inoculations as  J&amp;J shot paused,0.691,0.034,0.966,0.0
10,Dow Jones Lags As 'Inflation Domino' Falls; J&amp;J Dips On Covid Vaccine News; Nvidia Passes Buy,0.0,0.0,1.0,0.0
11,Stay-at-home ETFs benefit from J&amp;J vaccine pause,0.318,0.057,0.918,0.026
12,Could the Johnson &amp; Johnson Vaccine Pause Hurt Real Estate Investors?,0.422,0.113,0.887,0.0
13,Italy health min says thinks J&amp;J vaccine will have to be used -agency,0.572,0.064,0.903,0.033
14,Airline stocks stumble after vaccine rollout snag,-0.128,0.0,0.949,0.051
15,Johnson &amp; Johnson vaccine setback sends shares of stay-at-home stocks like Zoom higher,0.974,0.077,0.882,0.041
16,EU Governments to Seek Deal on Controversial Covid Passports,0.964,0.093,0.876,0.031
17,We’re not seeing anything that is outside the bounds of what we typically see with new vaccines: Dr. Howard Forman ,0.0,0.0,1.0,0.0
18,Johnson &amp; Johnson (JNJ) Earnings Expected to Grow: Should You Buy?,0.998,0.149,0.806,0.045
19,Dow Jones Lags Amid Inflation Data; J&amp;J Falls On Covid Vaccine News; Nvidia Passes Buy Point,0.0,0.0,1.0,0.0
20,"Why Peloton, Teladoc, DocuSign, and Other Stay-at-Home Stocks Are Rising Today",0.273,0.091,0.909,0.0
21,The Johnson &amp; Johnson COVID Vaccine Halt: Here's What Investors Need to Know,-0.273,0.079,0.84,0.081
22,"Stocks trade mixed, Dow under pressure as U.S. pauses Johnson &amp; Johnson COVID vaccine rollout",0.0,0.0,1.0,0.0
23,Doctor on J&amp;J vaccine: 'We’re talking about one in a million for these clots',-0.202,0.054,0.868,0.078
24,UPDATE 1-EU seeking clarification from J&amp;J after rollout delay news - source,-0.935,0.021,0.911,0.068
25,UPDATE 1-EXPLAINER-How worried should we be about blood clots linked to AstraZeneca and J&amp;J vaccines?,-0.483,0.048,0.906,0.046
26,"Johnson &amp; Johnson pause ‘will not have a significant impact on our vaccination plan,’ White House says",0.361,0.082,0.918,0.0
27,"U.S. Calls for Pause of J&amp;J Shot on Clots, Roiling Rollout",-0.969,0.061,0.855,0.083
28,U.S. Gives Johnson &amp; Johnson's COVID-19 Vaccine a Timeout,0.202,0.063,0.938,0.0
29,EU seeking clarification from J&amp;J after rollout delay news - source,-0.747,0.006,0.953,0.041
30,"U.S. COVID vaccine program faces setback with J&amp;J jab, as experts say there is no cause for alarm",0.402,0.085,0.915,0.0
31,Why Novavax and BioNTech Stocks Are Jumping Today,0.66,0.083,0.917,0.0
32,U.S. recommends pausing use of J&amp;J’s COVID-19 vaccine after reports of rare blood clots,0.0,0.0,1.0,0.0
33,How COVID-19 transformed the biotech industry,0.296,0.061,0.939,0.0
34,"Dow Jones Slides, Tech Stocks Rally As FDA Calls For Pause On J&amp;J Covid Vaccine; Bitcoin Surges To Record Highs",0.0,0.0,1.0,0.0
35,U.S. pauses J&amp;J COVID-19 vaccine over rare blood clots,0.587,0.058,0.886,0.056
36,Vaccine expert: The US doesn't need to rely on J&amp;J vaccine,-0.946,0.035,0.909,0.057
37,Consumer Price Index Rise 0.6%,0.997,0.117,0.864,0.019
38,UPDATE 1-Spain unaware of any delays in J&amp;J COVID vaccine deliveries,0.881,0.077,0.888,0.036
39,Why American Airlines Stock Is Falling Today,0.0,0.053,0.894,0.053
40,"CPI +0.6%: Higher, but Not Scary; JNJ Vax on Hold?",0.998,0.12,0.86,0.019
41,The J&amp;J Vaccine Just Got Paused. ‘These Adverse Events Appear to Be Extremely Rare.’,-0.382,0.0,0.874,0.126
42,EXPLAINER-How worried should we be about blood clots linked to AstraZeneca and J&amp;J vaccines?,0.689,0.047,0.912,0.041
43,"Moderna, BioNTech stocks surge after regulators halt use of J&amp;J vaccine",0.527,0.029,0.971,0.0
44,Consumer Prices in U.S. Advance by Most in Nearly Nine Years,0.974,0.075,0.883,0.042
45,White House adviser says J&amp;J pause to have little impact on U.S. vaccination plan,0.482,0.051,0.922,0.027
46,J&amp;J says delaying rollout of COVID-19 vaccine in Europe,0.202,0.046,0.928,0.026
47,Tech shares rise but Dow under pressure as U.S. pauses Johnson &amp; Johnson COVID vaccine rollout,0.0,0.0,1.0,0.0
48,Stock market reaction to J&amp;J vaccine pause is ‘pretty modest’: economist,0.0,0.0,1.0,0.0
49,"Moderna Rises, Johnson &amp; Johnson Falls After Its Vaccine Pause Dents Stocks",-0.572,0.0,0.928,0.072
