﻿,Titles,Polarity,Positive,Neutral,Negative
0,"Coyle Financial Counsel LLC Buys Vanguard Total Stock Market ETF, The Home Depot Inc, Starbucks ...",0.995,0.09,0.903,0.006
1,10 Low Beta Dividend Stocks with High Yields,0.998,0.095,0.879,0.026
2,Some school districts lifting mask mandates as Omicron cases recede,-0.273,0.0,0.94,0.06
3,"SFE Investment Counsel Buys Invesco BulletShares 2025 High Yield Corporate Bon, Ford Motor Co, ...",0.99,0.048,0.944,0.008
4,"Private Wealth Partners, LLC Buys Johnson &amp; Johnson, Morgan Stanley, AbbVie Inc, Sells ...",0.999,0.135,0.859,0.006
5,UPDATE 2-Nigeria receives 2 million doses of J&amp;J COVID vaccine from EU countries,0.296,0.028,0.953,0.019
6,Healthy Lives Mission: Lessons Learned,0.866,0.113,0.873,0.014
7,CORRECTED-UPDATE 1-Nigeria receives 2 million doses of J&amp;J COVID vaccine from EU countries,-0.178,0.029,0.943,0.028
