﻿,Titles,Polarity,Positive,Neutral,Negative
0,"Signature Select Canadian Fund Buys CI Global Financial Sector ETF, Sun Life Financial Inc, ...",0.997,0.058,0.94,0.003
1,Where Do Hedge Funds Stand On Johnson &amp; Johnson (JNJ)?,0.999,0.127,0.838,0.035
2,Here is What Hedge Funds Think About JPMorgan Chase &amp; Co. (JPM),0.996,0.091,0.885,0.024
3,Vaccine Stocks: The Beginning of the End?,0.718,0.126,0.833,0.04
4,Should I Avoid Berkshire Hathaway Inc. (BRK.B)?,0.999,0.137,0.832,0.03
5,Hedge Funds Dumped Visa Inc (V) Before Its Q4 Drop,0.998,0.123,0.854,0.023
6,"COVID testing remains 'troublesome' in various areas of the U.S., doctor explains",-0.382,0.0,0.906,0.094
7,Hedge Funds Are Cashing Out Of NVIDIA Corporation (NVDA),0.996,0.094,0.892,0.014
8,Facebook is the Second Most Popular Stock Among Hedge Funds,0.996,0.092,0.883,0.025
9,"Omicron variant: We don’t need to go into panic mode right now, physician says",-0.382,0.0,0.943,0.057
10,COVID: NYC expands vaccine mandate to include children,0.0,0.0,1.0,0.0
11,How millions of COVID vaccines are paid for,0.0,0.0,1.0,0.0
12,J&amp;J (JNJ) COVID-19 Booster Jab Compares Well With Comirnaty,0.993,0.102,0.876,0.022
13,Here's Why I Bought Shiba Inu Coin Instead of Johnson &amp; Johnson Stock,0.732,0.137,0.863,0.0
14,"The Zacks Analyst Blog Highlights: Moderna, Pfizer, BioNTech, J&amp;J and Regeneron",0.995,0.081,0.888,0.031
