﻿,Titles,Polarity,Positive,Neutral,Negative
0,AbbVie's (ABBV) Rinvoq Meets Crohn's Disease Study Goals,0.998,0.113,0.866,0.021
1,Best Stocks to Battle Inflation Fears for May 2022,0.999,0.169,0.802,0.029
2,10 Value Stocks with High Dividend Yields,1.0,0.109,0.879,0.012
3,Is Trending Stock Johnson &amp; Johnson (JNJ) a Buy Now?,0.998,0.122,0.867,0.011
4,10 High-Yield UK Dividend Stocks to Buy Now,0.992,0.083,0.867,0.05
5,Is Vanguard High Dividend Yield ETF (VYM) a Strong ETF Right Now?,0.998,0.134,0.846,0.02
6,Is iShares Core Dividend Growth ETF (DGRO) a Strong ETF Right Now?,0.998,0.14,0.841,0.019
7,Should Vanguard Russell 1000 Value ETF (VONV) Be on Your Investing Radar?,0.998,0.161,0.802,0.037
