﻿,Titles,Polarity,Positive,Neutral,Negative
0,Johnson &amp; Johnson (JNJ) Stock Moves -1.01%: What You Should Know,0.981,0.081,0.889,0.03
1,"S&amp;P 500 closes in bear market territory, bond markets move higher",0.0,0.0,1.0,0.0
2,Dow Jones Slammed; Tesla Stock Dives As Tech Gets Hammered; Bitcoin Plummets Amid Crypto Meltdown,-0.494,0.0,0.766,0.234
3,Dow Jones Dives; Tesla Stock Slammed As Tech Gets Hit; Bitcoin Plummets Amid Crypto Meltdown,-0.494,0.0,0.766,0.234
4,10 Favorite Defensive Stocks of Hedge Funds,0.999,0.115,0.865,0.02
5,5 Warren Buffett Stocks to Buy and Never Sell,0.0,0.0,1.0,0.0
