﻿,Titles,Polarity,Positive,Neutral,Negative
0,J&amp;J Loses a Round in Bankruptcy Spat Over Baby Powder Suits,-0.964,0.075,0.82,0.106
1,'We're definitely not doing enough' to help global vaccinations: Former US Commerce Sec.,0.991,0.114,0.825,0.061
2,"Logistics and distribution key to fighting COVID-19 worldwide, says former commerce secretary.",-0.128,0.11,0.731,0.159
3,Pfizer says vaccine is 90.7% effective in kids aged 5 to 11: BBG,-0.382,0.0,0.918,0.082
4,EXPLAINER-Americans wonder: Which COVID-19 booster is best?,0.954,0.065,0.894,0.04
5,"Top Analyst Reports for Tesla, Johnson &amp; Johnson &amp; PayPal",0.998,0.172,0.802,0.025
6,CDC approves Moderna and J&amp;J Covid-19 vaccine boosters,0.0,0.0,1.0,0.0
7,"UPDATE 1-Walgreens U.S. stores start administering Moderna, J&amp;J COVID-19 booster",0.25,0.04,0.935,0.025
8,Johnson &amp; Johnson's Shot Success Overshadowed by Baby Powder Cancer Suit,-0.214,0.093,0.815,0.093
9,"Pharma Stock Roundup: JNJ Mixed Q3 Results, FDA Nod to Mix &amp; Match COVID Boosters",0.998,0.122,0.836,0.042
10,Pfizer's (PFE) Comirnaty Booster Dose Achieves 95.6% Efficacy,0.993,0.108,0.882,0.01
11,"Walgreens U.S. stores start administering Moderna, J&amp;J COVID-19 booster",0.25,0.032,0.948,0.02
12,Moderna Slapped With Sell Rating Despite CDC Authorization For Covid Boosters,0.0,0.0,1.0,0.0
13,"Fastly, PagerDuty, Johnson &amp; Johnson, Moderna and Pfizer highlighted as Zacks Bull and Bear of the Day",0.999,0.104,0.847,0.048
14,UPDATE 1-Americans can mix and match COVID-19 boosters but original vaccine recommended -Fauci,0.971,0.091,0.872,0.037
15,10 Best Dividend Stocks For Steady Growth,1.0,0.124,0.864,0.012
16,Mix-and-Match Booster Rollout Is Set to Start. Nearly 100 Million People Could Be Eligible.,0.026,0.055,0.945,0.0
17,Americans can mix and match COVID-19 boosters but original vaccine recommended -Fauci,0.92,0.087,0.866,0.047
18,"The Daily Biotech Pulse: Athira CEO Resigns Over Doctored Research, Merck's Keytruda Snags First Approval For Breast Cancer In Europe, Minerva And Xilio IPOs",0.99,0.098,0.85,0.052
19,Should You Invest in the Vanguard Health Care ETF (VHT)?,0.998,0.145,0.823,0.032
20,CDC approves expanded rollout of COVID-19 boosters,0.0,0.0,1.0,0.0
