﻿,Titles,Polarity,Positive,Neutral,Negative
0,Cramer: ‘Stop freaking out’ about inflation — here's how to profit from soaring costs,0.999,0.18,0.783,0.037
1,11 Best High Dividend Stocks Under $50,1.0,0.124,0.858,0.019
2,Pfizer CEO explains how the drugmaker pivoted its COVID-19 vaccine distribution,0.153,0.057,0.902,0.041
3,Obama Stock Portfolio: 10 Stocks to Consider,1.0,0.131,0.838,0.031
4,"The Zacks Analyst Blog Highlights: Tesla, Johnson &amp; Johnson, PayPal, Verizon, Square and GlaxoSmithKline",0.999,0.149,0.82,0.031
5,S.Africa's Aspen aiming for 1.3 bln dose/year COVID-19 vaccine capacity by 2024,0.681,0.044,0.956,0.0
6,Does This News Make Johnson &amp; Johnson a Buy?,0.44,0.244,0.756,0.0
7,Should You Invest in the Health Care Select Sector SPDR ETF (XLV)?,0.998,0.146,0.824,0.03
8,Retirement Stock Portfolio: 10 Safe Tech Stocks To Consider,1.0,0.158,0.818,0.024
