﻿,Titles,Polarity,Positive,Neutral,Negative
0,'We don’t quite know yet' if everyone will need COVID-19 booster shot: Doctor,0.999,0.123,0.854,0.023
1,A large prevalence rate of the virus is going to affect everyone: Doctor,0.0,0.0,1.0,0.0
2,Moderna says lower booster dose could free up a billion doses,0.248,0.049,0.911,0.04
3,"Fauci defends vaccine boosters, Moderna seeks FDA approval of booster",0.527,0.086,0.914,0.0
4,"Pharma Stock Roundup: New Warning Order by FDA for JAK Drugs, &amp; Pipeline Updates",0.999,0.136,0.809,0.055
5,10 Best-Performing Countries for COVID-19 Vaccinations,0.995,0.067,0.906,0.027
6,South Africa will no longer send vaccines to Europe,0.0,0.0,1.0,0.0
