﻿,Titles,Polarity,Positive,Neutral,Negative
0,Regenerative Medicine Attracted Record $20 Billion in Funding in 2020,0.981,0.076,0.904,0.019
1,UPDATE 2-J&amp;J's large COVID-19 vaccine plant receives FDA authorization,0.813,0.042,0.952,0.006
2,"EU to extend vaccine export curbs to cover backloading, Britain: source",0.874,0.053,0.898,0.049
3,"UPDATE 1-EU to extend vaccine export curbs to cover backloading, Britain- source",0.841,0.049,0.902,0.049
4,EU to tighten vaccine export rules in possible blow to firms backloading supplies - source,-0.612,0.017,0.927,0.056
5,Biotech is ‘the superhero of the pandemic’: investor,0.0,0.0,1.0,0.0
6,Concerns raised over AstraZeneca vaccine trials: U.S officials,0.0,0.0,1.0,0.0
7,Biden team preps $3T economic package,0.955,0.062,0.917,0.021
8,Will the Fourth COVID-19 Vaccine in U.S. Get FDA Nod Soon?,0.995,0.1,0.872,0.028
9,Is J&amp;J Stock A Buy Now That The FDA Has Authorized Its Covid Vaccine?,-0.103,0.074,0.839,0.087
10,NIAID Concerned AstraZeneca May Have Given Outdated Info From COVID-19 Vaccine US Trial,0.842,0.1,0.83,0.07
