﻿,Titles,Polarity,Positive,Neutral,Negative
0,Jeremy Grantham warns the S&amp;P 500 will ‘likely’ plunge another 40% minimum — here are 3 shockproof stocks in his portfolio to help limit the pain,0.998,0.132,0.854,0.013
1,3 Stocks to Buy if You Think a Recession is Imminent,0.998,0.112,0.854,0.034
2,"Market check: Energy stocks outperform, AMC stock rises",0.0,0.0,1.0,0.0
3,7 Safe Dividend Stocks With High Yields to Buy Now,0.999,0.106,0.867,0.027
4,10 New Stock Picks of Billionaire David Harding,1.0,0.118,0.85,0.032
5,"The Zacks Analyst Blog Highlights AstraZeneca, Merck, Roche, J&amp;J, and Pfizer",0.999,0.122,0.859,0.019
