﻿,Titles,Polarity,Positive,Neutral,Negative
0,News on the Move: JNJ recalls spray sunscreen,0.068,0.051,0.889,0.059
1,Coronavirus vaccines are a ‘miracle of science’: Doctor,0.0,0.0,1.0,0.0
2,J&amp;J and CVS recall select sunscreens due to presence of benzene,0.0,0.0,1.0,0.0
3,Johnson &amp; Johnson Faces Class-Action Lawsuit Over Benzene-Tainted Neutrogena and Aveeno Sunscreen Products,-0.477,0.072,0.848,0.081
4,"Bronstein, Gewirtz &amp; Grossman, LLC Notifies Shareholders of Johnson &amp; Johnson (JNJ) Investigation",0.512,0.067,0.874,0.059
5,Johnson &amp; Johnson Is Recalling Sunscreen. Now the Stock Is Down.,0.259,0.14,0.793,0.067
6,"J&amp;J issues spray sunscreen recall, GM warns Bolt EV owners, clinics reject Alzheimer’s drug, Twitter shutting down fleets",-0.34,0.0,0.947,0.053
7,"More Than Vaccines: Tonix Programs Address the Spectrum of Covid-19 Problems from Prevention, to Infection to Post-Viral Syndrome",0.992,0.075,0.87,0.054
8,U.S. begins shipping 3.2 mln COVID shots to the Philippines -White House,0.971,0.097,0.895,0.008
9,UPDATE 1-Vietnam approves Johnson &amp; Johnson's COVID-19 vaccine as daily cases hit record,-0.332,0.066,0.867,0.067
10,10 Best Dividend Kings to Buy Now According to Hedge Funds,1.0,0.13,0.847,0.023
11,J&amp;J (JNJ) Recalls Some Sunscreens Due to Benzene Presence,0.969,0.088,0.866,0.046
12,"Johnson &amp; Johnson Recalls Aveeno, Neutrogena Spray Sunscreens After Finding Benzene Traces",-0.226,0.057,0.882,0.061
13,UPDATE 1-J&amp;J recalls sunscreens after carcinogen found in some sprays,-0.966,0.033,0.867,0.1
14,Netflix. AIG Rise Premarket; Morgan Stanley Falls,0.383,0.044,0.92,0.036
15,"J&amp;J Slips On Recall Of Aveeno, Neutrogena Spray Sunscreens",-0.909,0.008,0.907,0.085
16,"Sunscreen, Netflix, Morgan Stanley, NortonLifeLock - 5 Things You Must Know",0.586,0.11,0.89,0.0
17,"Netflix, J&amp;J Sunscreen, Morgan Stanley, NortonLifeLock - 5 Things You Must Know",0.586,0.11,0.89,0.0
18,"J&amp;J recalls Aveeno, Neutrogena sunscreens after carcinogen found in some sprays",-0.863,0.034,0.889,0.076
19,"J&amp;J recalls Aveeno, Neutrogena sunscreens after carcinogen found in some sprays",-0.863,0.034,0.89,0.076
