﻿,Titles,Polarity,Positive,Neutral,Negative
0,Johnson &amp; Johnson (JNJ) Gains As Market Dips: What You Should Know,0.988,0.088,0.891,0.021
1,Top 10 Dividend Stocks to Buy According to James Katz’s Humankind Investments,1.0,0.125,0.846,0.029
2,FDA recommends updating COVID booster shots to fight Omicron,0.0,0.0,1.0,0.0
3,Novavax Stock Is in Prime Position For Speculation,0.995,0.132,0.843,0.025
4,2 Dividend Stocks With Huge Passive Income Potential,0.476,0.066,0.916,0.018
5,These companies' values soared during the pandemic. Here's how they are faring in 2022's turbulent market.,0.402,0.101,0.899,0.0
