﻿,Titles,Polarity,Positive,Neutral,Negative
0,Boosters could create more enduring immunity for new Covid-19 variants: Doctor,0.997,0.108,0.848,0.045
1,U.S. CDC Advisory Committee Unanimously Recommends Johnson &amp; Johnson COVID-19 Vaccine as a Booster for All Eligible Individuals Who Receive Authorized COVID-19 Vaccines,-0.338,0.06,0.875,0.065
2,CDC Advisors Unanimously Back Mixing Covid-19 Vaccine Boosters,-0.282,0.044,0.892,0.064
3,CDC panel backs expanded rollout of COVID-19 boosters,0.599,0.12,0.88,0.0
4,In-N-Out refusing to check vaccination status at some CA locations,-0.382,0.0,0.822,0.178
5,Can Biotech ETFs Gain From Positive Booster Update?,0.993,0.084,0.901,0.015
6,U.S. administers over 411 mln doses of COVID-19 vaccines - CDC,0.599,0.034,0.966,0.0
7,Johnson &amp; Johnson Announces Quarterly Dividend for Fourth Quarter 2021,0.987,0.187,0.813,0.0
8,"UPDATE 1-U.S. CDC advisers weigh Moderna, J&amp;J COVID-19 vaccine boosters, mix-and-match shots",0.141,0.033,0.936,0.031
9,"U.S. CDC advisers weigh Moderna, J&amp;J COVID-19 vaccine boosters, mix-and-match shots",-0.818,0.034,0.903,0.063
10,J&amp;J Offered Talc Victims $4 Billion to Settle Claims Months Before Unit’s Bankruptcy,-0.963,0.056,0.858,0.086
11,Is J&amp;J Stock A Buy On Its Bullish 2021 Forecast With Covid Booster On Deck?,0.0,0.0,1.0,0.0
12,11 Safe Stocks To Buy According To Hedge Funds,1.0,0.152,0.83,0.018
13,Pfizer-BioNTech Covid Booster Shines As CDC Discusses Mix-And-Match Plan,0.0,0.0,1.0,0.0
14,"FDA OKs Moderna and J&amp;J booster, Trump launches new social media platform, Evergrande asset sale collapses",0.0,0.0,1.0,0.0
15,10 Dividend Stocks to Buy Under $20,0.999,0.114,0.871,0.014
16,"CDC gathers to discuss which patient groups should get Moderna and J&amp;J COVID-19 vaccine boosters, and Pfizer reports positive results in booster trial",0.557,0.093,0.907,0.0
17,5 Ways Johnson &amp; Johnson Is Working to Improve the Well-Being of the World by 2025,0.91,0.09,0.91,0.0
18,FDA Approves JNJ &amp; MRNA's COVID-19 Boosters &amp; Mixing of Doses,0.974,0.079,0.885,0.036
19,Johnson &amp; Johnson’s COVID-19 Vaccine Booster Dose Cleared for Emergency Use in U.S.,0.998,0.16,0.82,0.02
20,"If I Could Only Own 1 Healthcare Stock, This Is What It Would Be",0.887,0.144,0.856,0.0
21,Moderna Stock Is Rising After FDA Authorization of Mix-and-Match Boosters,0.0,0.0,1.0,0.0
22,FDA Clears 'Mix and Match' Covid-19 Booster Shots,0.296,0.071,0.89,0.039
