﻿,Titles,Polarity,Positive,Neutral,Negative
0,"San Francisco To Start Opioid Epidemic Trial Against Teva, Walgreen: Reuters",-0.95,0.063,0.825,0.112
1,"UPDATE 2-Walgreens, Teva accused of fueling opioid addiction in quest for new markets",-0.974,0.038,0.868,0.093
2,10 Dividend Challengers for 2022,1.0,0.142,0.847,0.011
3,"An Earnings Week in Review: NFLX, TSLA, BAC, IBM, JNJ",1.0,0.136,0.832,0.032
4,10 Healthcare Stocks for an Income Portfolio,0.999,0.097,0.888,0.015
5,"Walgreens, Teva face San Francisco trial over opioid epidemic",-0.982,0.023,0.872,0.104
6,"Johnson &amp; Johnson Launches Next Satellite Center for Global Health Discovery at Holistic Drug Discovery and Development Centre, University of Cape Town, Focused on Antimicrobial Resistance (AMR)",0.999,0.144,0.805,0.051
