﻿,Titles,Polarity,Positive,Neutral,Negative
0,"Coronavirus: ‘Defiance’ led to U.S. 600,000 deaths, physician says",-0.318,0.0,0.947,0.053
1,UPDATE 1-U.S. CDC advisers back J&amp;J COVID-19 vaccine benefits amid neurological illness reports,0.25,0.066,0.869,0.066
2,‘We haven’t seen the high consequence variants yet’: Doctor,0.0,0.0,1.0,0.0
3,Here's How to Find the Best Dividend Stocks,0.402,0.137,0.863,0.0
4,Why the Delta variant is so dangerous for the unvaccinated,0.963,0.054,0.913,0.034
5,UPDATE 1-EU has shipped tiny percentage of planned COVID-19 shot donations - document,0.987,0.071,0.897,0.032
6,"JNJ Beats on Q2 Earnings, Ups View: ETFs to Buy",0.998,0.131,0.841,0.029
7,US States Get $26B Settlement Deal in Opioid Abuse Litigation,0.974,0.102,0.826,0.072
8,Stocks Now Up for the Week After Second Day of Gains,0.999,0.135,0.819,0.047
9,10 Best Monthly Dividend Stocks with High Yields,0.999,0.109,0.859,0.031
10,"Portnoy Law: Lawsuit Filed On Behalf of Johnson &amp; Johnson Consumer, Inc. Investors",-0.51,0.064,0.865,0.071
11,"Portnoy Law: Lawsuit Filed On Behalf of Johnson &amp; Johnson Consumer, Inc. Investors",-0.51,0.065,0.864,0.071
12,How Big of an Impact Will COVID-19 Have on the Stock Market Going Forward?,0.202,0.095,0.847,0.058
13,UPDATE 1-Africa to start receiving 400 mln J&amp;J COVID-19 vaccine doses next week,0.84,0.068,0.9,0.031
14,What You Should Know About Johnson &amp; Johnson's Newest COVID Vaccine Warning,-0.902,0.0,0.844,0.156
15,EU has shipped tiny percentage of planned COVID-19 shot donations - document,0.989,0.077,0.892,0.031
16,Africa to start receiving 400 mln J&amp;J COVID-19 vaccine doses next week,0.402,0.032,0.968,0.0
