﻿,Titles,Polarity,Positive,Neutral,Negative
0,What the newly discovered COVID-19 variants means for investors: Stifel chief equity strategist,0.0,0.0,1.0,0.0
1,"Vaccines 'still the backbone of everything we do' amid any variants, doctor explains",0.361,0.075,0.925,0.0
2,"Market selloff: COVID-19 news 'caught people by surprise' on shortened day, strategist explains",0.0,0.0,1.0,0.0
3,"Stocks fall, Merck drops on COVID-19 pill effectiveness, pandemic-air travel hits high, PPP fraud",0.0,0.0,1.0,0.0
4,"Airlines and cruises take a hit, Zoom and vaccine stocks up",0.273,0.07,0.93,0.0
5,Hospital capacity is key for COVID-19 containment going forward: Oppenheimer analyst,0.557,0.113,0.887,0.0
6,"'Travel bans don't work,' doctor explains amid reports of newly discovered variant",0.34,0.064,0.936,0.0
7,Market strategist details 'the critical issue' to understand about risk from new COVID-19 variant,0.298,0.073,0.927,0.0
8,Better Buy: Johnson &amp; Johnson or All 30 Dow Jones Stocks?,0.962,0.214,0.726,0.06
9,Stocks down after discovery of new COVID-19 variant,-0.34,0.0,0.833,0.167
10,Pfizer/BioNTech's COVID Jab Gets CHMP Nod for Kids Aged 5-11,0.997,0.132,0.858,0.011
11,"Pharma Stock Roundup: FDA Nod to COVID Jab for All Adults, CHMP Nod to Shot for Kids",1.0,0.178,0.787,0.036
12,Here's Why We Think Johnson &amp; Johnson (NYSE:JNJ) Is Well Worth Watching,0.999,0.201,0.778,0.021
