﻿,Titles,Polarity,Positive,Neutral,Negative
0,"U.S. promises to send 80M vaccine doses to other countries, is it enough?",-0.128,0.089,0.802,0.11
1,UPDATE 1-India's Biological E. to produce J&amp;J COVID-19 vaccine,-0.226,0.022,0.951,0.027
2,Johnson &amp; Johnson: A Cornerstone Investment,1.0,0.172,0.785,0.044
3,"India's Biological E. to make J&amp;J vaccine alongside own shot, managing director says",-0.402,0.019,0.948,0.032
4,Arrowhead Receives $10M Option Exercise Fee From Janssen,0.25,0.025,0.963,0.013
5,Arrowhead Receives $10M Option Exercise Fee From Janssen,0.25,0.025,0.963,0.013
6,AbbVie exploits U.S. patents to protect profits: Congress report,-0.74,0.044,0.895,0.061
7,There's 'no data' about getting multiple vaccines at the same time: CDC Director,0.967,0.068,0.904,0.029
8,Here's 1 Surprising Ranking Where Moderna Handily Beats Pfizer,0.856,0.184,0.816,0.0
