﻿,Titles,Polarity,Positive,Neutral,Negative
0,Apple is still bigger than all these companies combined,0.981,0.087,0.908,0.005
1,"Pfizer, Moderna focus on fall 2022 vaccine plans",0.932,0.076,0.864,0.06
2,COVID-19 and existing care are ‘bringing hospitals to the brink’: Emergency medicine physician,-0.586,0.0,0.882,0.118
3,"Omicron: 'Vaccines still prevent serious illness, hospitalization, and death'",0.718,0.136,0.864,0.0
4,Should Investors Buy Dividend Stocks Right Now?,0.758,0.117,0.847,0.036
5,"COVID-19: Pfizer, Moderna developing Omicron booster shots",0.0,0.0,1.0,0.0
6,"Pelosi considering more COVID-19 aid in spending plan, Biden’s vaccine mandate goes into effect",0.988,0.104,0.851,0.045
7,"The Zacks Analyst Blog Highlights: Pfizer, AbbVie, Eli Lilly and J&amp;J",0.997,0.094,0.869,0.037
8,"Moderna CEO talks Omicron booster shots, 2022 COVID-19 vaccine sales forecasts, global vaccination",1.0,0.133,0.833,0.034
9,"New COVID-19 vaccine that covers Omicron ‘will be ready in March,’ Pfizer CEO says",0.0,0.0,1.0,0.0
10,Here's the next terrifying hurdle for the stock market: Morning Brief,0.993,0.062,0.909,0.029
