﻿,Titles,Polarity,Positive,Neutral,Negative
0,FDA restricts Johnson &amp; Johnson’s COVID-19 vaccine due to blood clot risk,0.0,0.0,1.0,0.0
1,UPDATE 1-U.S. limits use of J&amp;J's COVID-19 vaccine for adults on blood clot risks,-0.894,0.028,0.911,0.061
2,"FATE's Loss Narrower Than Expected in Q1, Pipeline in Focus",0.993,0.087,0.892,0.02
3,Dividend ETFs outperform as investors look to avoid market volatility,0.0,0.0,1.0,0.0
4,Better Dividend King: Johnson &amp; Johnson vs. Abbott Laboratories,0.142,0.054,0.915,0.031
5,Pfizer Is Poised to Shatter These 2 Records in 2022,0.735,0.15,0.85,0.0
