﻿,Titles,Polarity,Positive,Neutral,Negative
0,10 Best High-Yield Dividend Stocks for Retirees in 2022,0.999,0.097,0.893,0.01
1,McDonald’s Overhauls Board With Three New Directors,0.296,0.099,0.901,0.0
2,Marriott International CEO Tony Capuano to join McDonald's board,0.0,0.0,1.0,0.0
3,3M Awaits Bankruptcy Ruling That Could Sink Litigation Tactic,-0.991,0.065,0.806,0.129
4,"Johnson &amp; Johnson Is On a Roll, and This Trade Has My Attention",0.608,0.226,0.774,0.0
5,"Longtime McDonald's board member steps down, three new directors named",0.0,0.0,1.0,0.0
6,McDonald's Appoints New Board Members,0.958,0.129,0.845,0.025
7,Two US States To Move Forward With Talc Related Lawsuits Against JNJ,0.865,0.103,0.834,0.063
8,J&amp;J tries to extend its ‘Texas two-step’ to halt two states’ talc cases,-0.94,0.016,0.79,0.194
