﻿,Titles,Polarity,Positive,Neutral,Negative
0,"Stock market news live updates: Futures inch higher after big rally, COVID remains focus",0.642,0.064,0.878,0.058
1,J&amp;J Shot Is Less Effective Against Delta Variant Vs. Original Strain: New Study,0.604,0.23,0.716,0.054
2,Drug Stocks Pop On Reports Of $26 Billion Settlement In Opioid Fight,-0.103,0.0,0.935,0.065
3,JNJ Option Traders Ready for Positive Earnings,0.459,0.136,0.864,0.0
4,‘Likelihood of reaching herd immunity at this point is fairly low’: Epidemiologist,0.0,0.0,1.0,0.0
5,Drug Distributors Reach $1.2 Billion Opioid Settlement with New York State,0.0,0.0,1.0,0.0
6,Drug Distributors To Pay Up To $1.1B To Settle New York Opioid Claims,0.422,0.05,0.921,0.029
7,10 Cheap Monthly Dividend Stocks to Buy Now,1.0,0.152,0.832,0.016
8,"Opioid settlement nears $26 billion, Judge allows vaccine mandate at university, Israeli PM threatens Unilever",-0.459,0.041,0.863,0.095
9,"Drug Stocks McKesson, AmerisourceBergen Pop On Reports Of $26 Billion Settlement In Opioid Fight",-0.103,0.0,0.935,0.065
10,"J&amp;J, Distributors Near Final Opioid Deal Terms With States",0.907,0.077,0.856,0.067
11,Why Earnings Season Could Be Great for J&amp;J (JNJ),0.997,0.191,0.809,0.0
12,"Have $1,000? 2 Stocks to Buy Before the Next Market Crash",0.889,0.18,0.795,0.025
13,Vaccine Makers Gain After Fox News Anchors Become Jab Supporters,0.966,0.1,0.85,0.05
14,"Opioid Settlement Of $26B Between Drug Companies, States To Potentially Conclude This Week",0.802,0.069,0.892,0.039
15,"Johnson &amp; Johnson, 3 Drug Distributors Near $26B Opioid Accord",-0.103,0.0,0.924,0.076
16,"IBM, Apple and Halliburton Rise Premarket; PPG Falls",0.962,0.117,0.827,0.056
17,"Markets Steady, Evergrande Woes, IBM and Other Earnings - What's Moving Markets",0.876,0.101,0.806,0.092
18,"J&amp;J, Drug Distributors Up As Opioid Case Nears $26 Billion Settlement",-0.977,0.022,0.86,0.118
19,"U.S. states to unveil $26 billion opioid settlement with drug distributors, J&amp;J - sources",-0.922,0.079,0.828,0.093
