﻿,Titles,Polarity,Positive,Neutral,Negative
0,Got $300? These 3 Stocks Could Be Bargain Buys for 2022 and Beyond,0.552,0.066,0.934,0.0
1,2 Dividend Stocks to Buy and Hold for the Long Term,0.943,0.258,0.742,0.0
2,"Russia-Ukraine War Won’t Affect Pharmaceutical Sales, but It Could Disrupt Trials, Companies Say",-0.557,0.056,0.776,0.168
3,"Genmab (GMAB), AbbVie Lymphoma Candidate Gets Orphan Drug Tag",0.994,0.122,0.855,0.023
4,What's in Store for These 3 Big Pharma Outperformers in 2022?,1.0,0.156,0.801,0.042
5,10 Monthly Dividend Stocks to Buy in March,1.0,0.14,0.835,0.025
6,UPDATE 1-S.Africa's Aspen Pharmacare reports 37% rise in half-year profit,0.956,0.1,0.893,0.007
