﻿,Titles,Polarity,Positive,Neutral,Negative
0,Ken Fisher Loves These 10 Defensive Stocks,1.0,0.121,0.862,0.017
1,Dow Jones Climbs After Worst First Half Since 1962; Chinese EV Makers Report Strong Sales,-0.202,0.116,0.739,0.144
2,The U.S. bets billions of dollars on better COVID-19 boosters as it prepares for a spike in COVID-19 cases next winter,0.0,0.0,1.0,0.0
3,Dow Jones Futures Fall After Worst First Half Since 1962; Chinese EV Makers Report Strong Sales,-0.625,0.0,0.814,0.186
4,7 Retirement Stocks to Buy in July,0.999,0.088,0.893,0.019
5,Should Vanguard High Dividend Yield ETF (VYM) Be on Your Investing Radar?,0.997,0.135,0.83,0.035
