﻿,Titles,Polarity,Positive,Neutral,Negative
0,Johnson &amp; Johnson (JNJ) Stock Sinks As Market Gains: What You Should Know,0.995,0.118,0.873,0.008
1,"Immunity to the coronavirus may persist for years, what it could mean for vaccination efforts",0.0,0.0,1.0,0.0
2,Justice Department Opens Probe In Presumed lapses at Eli Lilly's COVID-19 Drug Plant: Reuters,0.787,0.09,0.86,0.05
3,NJ lifting COVID-19 mandates is a ‘good step in the right direction’: Doctor,-0.382,0.0,0.885,0.115
4,UPDATE 1-J&amp;J unsure of meeting June COVID-19 vaccine supply target for EU,-0.398,0.012,0.954,0.033
5,J&amp;J unsure of meeting June COVID-19 vaccine supply target for EU -NOS,-0.692,0.0,0.913,0.087
6,Top 10 Vaccine Companies in the World,0.997,0.092,0.883,0.025
7,"EXPLAINER-How worried should we be about blood clots linked to AstraZeneca, J&amp;J vaccines?",-0.984,0.048,0.861,0.091
8,UPDATE 1-Ireland likely to miss June vaccine target as supplies slow,0.743,0.032,0.934,0.034
9,Ireland's June vaccine target in doubt as supplies slow again,-0.863,0.019,0.923,0.058
10,UPDATE 1-India scraps local trials for COVID shots to fast-track imports as it battles second wave,-0.686,0.037,0.909,0.054
11,Correction: rare blood clots,-0.671,0.0,0.882,0.118
