﻿,Titles,Polarity,Positive,Neutral,Negative
0,"Top Analyst Reports for Johnson &amp; Johnson, Nike &amp; Morgan Stanley",0.999,0.163,0.792,0.046
1,UPDATE 1-U.S. vaccination campaign gains steam as White House speeds shipments,0.982,0.065,0.919,0.016
2,One dose of Pfizer or Moderna vaccine is 80% effective: CDC,0.0,0.0,1.0,0.0
3,3 High Ebitda Margin Ratio Stock Picks,0.998,0.158,0.807,0.035
4,J&amp;J's (JNJ) Pharma Unit &amp; COVID-19 Vaccine Key to 2021 Growth,0.998,0.165,0.81,0.025
5,Johnson &amp; Johnson Signs Single-Shot COVID-19 Vaccine Deal With AVAT,0.994,0.112,0.861,0.027
6,Bluebird Shares Jump as FDA Approves Cancer Therapy,0.262,0.076,0.924,0.0
7,White House Contemplates Waiving-Off Patent Protections For COVID-19 Treatments,0.938,0.089,0.893,0.018
8,JNJ Inks COVID-19 Vaccine Supply Pact With African Union,0.881,0.052,0.939,0.009
9,Next Stock Market Crash: 2 Bulletproof Value Stocks to Buy,-0.625,0.0,0.779,0.221
10,Exclusive: J&amp;J CEO pay irks investors upset with opioid lawsuits fallout,-0.86,0.069,0.845,0.087
11,Moderna Completes Delivery of First 100 Million COVID Shots to U.S.,0.0,0.0,1.0,0.0
12,UPDATE 1-J&amp;J in deal to supply COVID-19 vaccine to African Union member states,0.992,0.095,0.881,0.025
13,Johnson &amp; Johnson Announces Advance Purchase Agreement with the African Vaccine Acquisition Task Team for the Company's COVID-19 Vaccine Candidate,0.992,0.084,0.875,0.04
14,Johnson &amp; Johnson Announces Advance Purchase Agreement with the African Vaccine Acquisition Trust for the Company's COVID-19 Vaccine Candidate,0.994,0.089,0.871,0.04
15,"S.Korea's expert panel says J&amp;J COVID-19 vaccine safe, effective for approval",0.961,0.138,0.862,0.0
