﻿,Titles,Polarity,Positive,Neutral,Negative
0,‘All the teachers should be mandated now to get the vaccine’: Doctor,-0.422,0.0,0.909,0.091
1,15 Good Stocks to Buy Right Now,1.0,0.116,0.866,0.017
2,FDA Approves First And Only Twice-Yearly Schizophrenia Drug,0.793,0.081,0.879,0.04
3,J&amp;J's (JNJ) HIV Vaccine Study in Young African Women Fails,0.989,0.088,0.907,0.005
4,"Vaccine leaders to resign, Pfizer booster benefits, Moderna leads in protection",0.994,0.099,0.876,0.025
5,10 Dividend Stocks with Over 9% Yield,0.999,0.108,0.87,0.022
6,Elizabeth Holmes trial: The 5 biggest takeaways from 'Valley of Hype',-0.993,0.037,0.896,0.067
