﻿,Titles,Polarity,Positive,Neutral,Negative
0,What to know about kids returning to school amid the Delta variant's spread,0.0,0.0,1.0,0.0
1,12 Best Blue-Chip Stocks Right Now,1.0,0.106,0.88,0.014
2,NYCs new vaccine mandate fuels legal debate for businesses,0.599,0.234,0.766,0.0
3,"J&amp;J's Janssen Denied Data Protection Rights For Ketamine Analog Spravato In Canada, Court Rules 'Not An Innovative Drug'",0.997,0.113,0.849,0.038
4,"COVID-19: ‘In schools we should start at least implementing a testing requirement’, doctor says",-0.637,0.0,0.88,0.12
5,Were Hedge Funds Right About Tesla Inc. (TSLA)?,0.994,0.075,0.903,0.022
6,Were Hedge Funds Right About Johnson &amp; Johnson (JNJ)?,0.999,0.12,0.86,0.02
7,Sunscreen Concerns Heat Up as Another Potential Carcinogen Found,0.966,0.084,0.856,0.06
8,Were Hedge Funds Right About Taiwan Semiconductor Mfg. Co. Ltd. (TSM)?,0.997,0.091,0.896,0.013
9,Were Hedge Funds Right About JPMorgan Chase &amp; Co. (JPM)?,0.997,0.097,0.885,0.019
10,Were Hedge Funds Right About Alibaba Group Holding Limited (BABA)?,0.999,0.122,0.832,0.045
11,Were Hedge Funds Right About Visa Inc (V)?,0.998,0.104,0.886,0.01
12,Were Hedge Funds Right About Facebook Inc (FB)?,0.997,0.093,0.889,0.018
13,"Covid Cases Are Still Rising, but the Vaccine News Is Promising",-0.361,0.046,0.854,0.1
