﻿,Titles,Polarity,Positive,Neutral,Negative
0,Delta variant 'extraordinarily dangerous' for unvaccinated and 'a problem' for vaccinated: Doctor,-0.382,0.0,0.89,0.11
1,"‘If you don’t get vaccinated, you will get Covid at this point’: Doctor",0.0,0.0,1.0,0.0
2,Johnson &amp; Johnson's Prostate Cancer Drug Erleada Wins NICE Approval,0.127,0.087,0.828,0.085
3,UPDATE 1-EU lists rare nerve disorder as possible side-effect of AstraZeneca COVID-19 vaccine,-0.64,0.041,0.888,0.07
4,UPDATE 1-COVAX vaccine 2021 delivery target cut to 1.425 bln doses,-0.886,0.029,0.906,0.065
5,Johnson &amp; Johnson Plans COVID-19 Booster Shot Trial In South Africa: Bloomberg,0.718,0.04,0.946,0.014
6,"Singapore Infections Jump; U.S. Deaths Top 650,000: Virus Update",0.99,0.06,0.914,0.026
