﻿,Titles,Polarity,Positive,Neutral,Negative
0,"Six U.S. states will not join $26 billion opioid settlements with distributors, J&amp;J",0.027,0.073,0.854,0.073
1,"Six U.S. states will not join $26 bln opioid settlements with distributors, J&amp;J",0.027,0.073,0.855,0.073
2,FDA's approval of Pfizer vaccine already paving the way for mandates,0.994,0.095,0.886,0.019
3,15 Best Reopening Stocks to Buy Now,1.0,0.149,0.838,0.013
4,The FDA approval of Pfizer’s COVID-19 vaccine is a ‘critical step forward in vaccine confidence’: Doctor,-0.382,0.0,0.894,0.106
5,"Pfizer, BioNTech Gain Ahead of FDA’s Full Approval To Covid Shot",0.973,0.118,0.841,0.041
