﻿,Titles,Polarity,Positive,Neutral,Negative
0,U.S. COVID-19 deaths surpass 700K,0.296,0.055,0.945,0.0
1,Merck's new COVID-19 pill 'not a replacement for the vaccine': Doctor,0.226,0.083,0.857,0.06
2,"Top Analyst Reports for Johnson &amp; Johnson, Alibaba &amp; Netflix",0.997,0.144,0.82,0.036
3,Why Merck's Covid Pill Is Shaking Vaccine Stocks Even As Boosters Launch,0.598,0.205,0.795,0.0
4,"J&amp;J to test experimental RSV vaccine in 23,000 people in Phase 3 clinical study",0.218,0.047,0.916,0.037
5,"J&amp;J reportedly seeks FDA approval of booster shot,  William Shatner to blast into space, Oil spill closes CA beaches",0.0,0.0,1.0,0.0
6,"JNJ, Xencor Sign $1.3B Licensing Deal For B-Cell Malignancies-Targeted Bispecific Antibody",0.765,0.057,0.924,0.019
7,J&amp;J's RSV Vaccine Candidate Shows 80% Efficacy In Older Adults,-0.813,0.004,0.953,0.043
8,Tesla and Merck Give Investors Some Hope,0.995,0.106,0.826,0.068
9,Johnson &amp; Johnson Data on RSV Vaccines Raises the Bar In industrywide Race,0.0,0.0,1.0,0.0
10,Coronavirus tally: Global cases of COVID-19 near 235 million and J&amp;J to seek FDA authorization for booster,-0.765,0.0,0.761,0.239
11,UPDATE 2-J&amp;J to seek U.S. FDA authorization of booster shot this week - NYT,-0.052,0.023,0.951,0.026
12,Yahoo Finance's interview with Donald Trump,0.422,0.07,0.93,0.0
13,Wall Street Opens Mostly Lower as OPEC+ Pushes Oil Price Higher; Dow Ekes Out Gain,0.912,0.093,0.818,0.088
14,Johnson &amp; Johnson Reportedly Set to Seek FDA OK for Covid Booster,0.318,0.126,0.874,0.0
15,Merck Gains as Momentum From Potential Covid Drug Stays Intact,0.824,0.085,0.856,0.059
