﻿,Titles,Polarity,Positive,Neutral,Negative
0,"'It's important' to check vaccination status at holiday gatherings, doctor says",0.0,0.0,1.0,0.0
1,Why COVID-19 tests are in short supply and results are delayed,0.153,0.057,0.899,0.044
2,"China imposes lockdown in Xi-an; COVID-19 surges in South Korea, UK; Hong Kong removes Tiananmen statue",0.103,0.04,0.929,0.031
3,"Omicron: 'Relatively good news' based on early data, doctor says",0.0,0.0,1.0,0.0
4,"COVID-19: ‘We need a more rational approach’ to Omicron, doctor says",0.572,0.087,0.913,0.0
5,Novavax CEO: FDA filing for COVID-19 vaccine is ‘probably going to be next week’,0.0,0.0,1.0,0.0
6,"Shares of Vaccine-Makers Slip as Omicron Threat Wanes, Rivals Emerge",-0.422,0.085,0.825,0.09
7,Should You Invest in the Vanguard Health Care ETF (VHT)?,0.997,0.129,0.842,0.029
8,South African health regulator approves J&amp;J COVID-19 boosters,0.908,0.062,0.938,0.0
