﻿,Titles,Polarity,Positive,Neutral,Negative
0,Analysts Are Upgrading These 10 Stocks on Friday,0.999,0.099,0.889,0.012
1,Knowing This Number Can Save Your Portfolio From Disaster,0.527,0.114,0.811,0.075
2,J&amp;J (JNJ) Carvykti Gets EU Nod for Advanced Multiple Myeloma,0.995,0.127,0.856,0.017
3,"Pharma Stock Roundup: EU Nod for AZN, JNJ &amp; Others, PFE COVID Jab Effective in Kids",0.999,0.129,0.855,0.016
4,10 Best Dividend Stocks to Buy According to John Rogers’ Ariel Investments,1.0,0.131,0.86,0.009
