﻿,Titles,Polarity,Positive,Neutral,Negative
0,Doctor on booster shots: People shouldn’t be so anxious to get another shot,0.0,0.0,1.0,0.0
1,"Moderna CEO: Countries, not manufacturers, are responsible for WHO moratorium on boosters",0.741,0.042,0.938,0.02
2,CVS Health Stops Administration Of JNJ COVID-19 Shot In Several Locations: CNBC,-0.052,0.04,0.919,0.041
3,"FATE Reports Wider-Than-Expected Q2 Loss, Beats on Revenues",0.992,0.101,0.874,0.025
4,Moderna beats on earnings as vaccination push continues,-0.34,0.0,0.909,0.091
5,Africa's COVID vaccine project takes a step forward with bottling agreement -document,0.791,0.024,0.965,0.011
6,WHO asks for halt to Covid-19 booster shots,0.0,0.0,1.0,0.0
7,SoftBank Funding Turns India Startup Mindtickle Into Unicorn,0.983,0.094,0.902,0.005
