﻿,Titles,Polarity,Positive,Neutral,Negative
0,J&amp;J to Stop Selling Talc-Based Baby Powder Globally Next Year,0.103,0.116,0.744,0.14
1,Johnson &amp; Johnson Drops Talc Powder Globally as Lawsuits Pile On,-0.931,0.071,0.836,0.094
2,Redditors are Buying These 10 Dividend ETFs in August,0.999,0.088,0.903,0.008
3,Johnson &amp; Johnson to discontinue talc-based baby powder in 2023,0.0,0.0,1.0,0.0
4,UPDATE 2-J&amp;J to end global sales of talc-based baby powder,0.735,0.073,0.87,0.056
5,10 Best Stocks to Buy According to Thomas Bailard’s Hedge Fund,0.999,0.114,0.874,0.012
6,2 Best Buffett Stocks to Buy for the Long Haul,0.772,0.117,0.863,0.02
