﻿,Titles,Polarity,Positive,Neutral,Negative
0,Johnson &amp; Johnson (JNJ) Gains As Market Dips: What You Should Know,0.989,0.087,0.901,0.012
1,"COVID subvariants: Vaccinated individuals ‘still at pretty high risk’ of infection, doctor says",-0.296,0.0,0.953,0.047
2,What Lies Ahead for Dow ETF in Q2 Earnings?,0.998,0.117,0.858,0.026
3,"COVID subvariants: Vaccinated individuals ‘still at pretty high risk’ of infection, doctor says",0.999,0.143,0.808,0.049
4,COVID-19 resurgence in China could add pressure to supply chains,0.0,0.0,1.0,0.0
5,"Dow Jones Falls, Tech Stocks Dive Ahead Of Earnings Season; Elon Musk Seeks To Terminate Twitter Deal",0.296,0.091,0.909,0.0
6,10 Monthly Dividend Stocks with Over 5% Yield,0.998,0.096,0.885,0.019
7,Dow Jones Futures Fall Ahead Of Earnings Season; Elon Musk Seeks To Terminate Twitter Deal,0.296,0.091,0.909,0.0
8,Is Invesco Dynamic Large Cap Value ETF (PWV) a Strong ETF Right Now?,0.999,0.175,0.797,0.028
9,Should You Invest in the iShares U.S. Pharmaceuticals ETF (IHE)?,0.995,0.112,0.856,0.032
10,2 Dividend Stocks You Can Confidently Buy in a Bear Market,-0.422,0.029,0.911,0.06
