﻿,Titles,Polarity,Positive,Neutral,Negative
0,"'Unless we vaccinate the entire planet, we won't get rid of this pandemic:' Vaccine developer",0.997,0.139,0.814,0.047
1,"'Unless we vaccinate the entire planet, we won't get rid of this pandemic:' Vaccine developer",0.997,0.136,0.818,0.046
2,9 First Stocks a New Investor Should Buy,1.0,0.124,0.847,0.029
3,Vaccination distribution is ‘a race against time’ as variants spread: Doctor ,0.0,0.0,1.0,0.0
4,Rutgers University to require COVID-19 vaccinations this fall,0.0,0.0,1.0,0.0
5,UPDATE 1-U.S. to distribute 11 million Johnson &amp; Johnson COVID-19 shots next week - White House,0.772,0.032,0.962,0.006
6,Is Approval Even Enough for Ocugen Stock?,1.0,0.181,0.778,0.04
7,U.S. to Have Supply of 240 Million COVID Shots by Next Week,0.0,0.0,1.0,0.0
8,Johnson &amp; Johnson to distribute 11 million COVID-19 shots next week - White House,0.671,0.042,0.958,0.0
9,Why Johnson &amp; Johnson Is a Dividend Investor's Dream,0.735,0.09,0.91,0.0
10,UPDATE 1-EU pledges to keep AstraZeneca doses in the bloc for now,0.874,0.063,0.913,0.024
11,"Got $1,400? 3 COVID Stocks to Buy and Hold for the Long Term",0.778,0.108,0.87,0.022
