﻿,Titles,Polarity,Positive,Neutral,Negative
0,"'If you’re not vaccinated, get vaccinated': Doctor",-0.422,0.0,0.917,0.083
1,Johnson &amp; Johnson (JNJ) Gains But Lags Market: What You Should Know,0.99,0.092,0.893,0.015
2,Xencor (XNCR) Inks Deal With J&amp;J for B-Cell Malignancy Treatment,0.99,0.104,0.886,0.01
3,Rising Oil Prices and Yields Makes Market Navigation More Complex,0.993,0.099,0.836,0.065
4,Positive news on COVID-19 vaccines and treatments in the U.S. weighs against Russia’s latest record one-day death toll,-0.856,0.094,0.651,0.255
5,"NIH Chief Francis Collins to resign, AstraZeneca seeks COVID treatment authorization",-0.34,0.0,0.945,0.055
6,US STOCKS-Wall Street gains as Big Tech bounces from selloff,0.87,0.063,0.895,0.042
7,Johnson &amp; Johnson Asks FDA to Authorize Covid-19 Booster,-0.128,0.089,0.802,0.11
8,Xencor Inks Collaboration and License Agreement with Janssen; Shares Rise,0.994,0.111,0.864,0.025
9,US STOCKS-Futures up as Big Tech bounces from selloff; cyclicals rise,0.935,0.07,0.895,0.035
10,Johnson &amp; Johnson Sends Booster Data To FDA. Here’s What Comes Next.,-0.382,0.0,0.915,0.085
11,"The Zacks Analyst Blog Highlights: Johnson &amp; Johnson, Alibaba, Netflix, Qualcomm and Enbridge",0.997,0.124,0.839,0.037
12,"The Daily Biotech Pulse: J&amp;J Files For Booster Dose Authorization, Gemini Restructures, Strata Skin CFO Departs, Kaleido Reports Positive Readout",0.996,0.059,0.923,0.018
13,UPDATE 1-J&amp;J files for authorization of COVID-19 vaccine booster,0.565,0.039,0.932,0.029
14,J&amp;J amends FDA EUA submission for COVID-19 booster with data showing 94% protection against moderate to severe illness,-0.796,0.025,0.854,0.121
15,Johnson &amp; Johnson Announces Submission of Emergency Use Authorization Amendment to the U.S. FDA to Support Booster of its Single-Shot COVID-19 Vaccine,0.939,0.067,0.874,0.059
16,Here's What to Do When a Stock You Own Sparks Controversy,-0.91,0.039,0.757,0.204
17,J&amp;J Gains on Seeking FDA Nod for Covid Booster for Adults,-0.681,0.013,0.941,0.045
18,"PepsiCo, Facebook And J&amp;J Rise Premarket; Lordstown Motors Slumps",-0.778,0.035,0.903,0.062
19,Johnson &amp; Johnson Seeks Formal FDA Approval For COVID Booster Shot,0.477,0.11,0.89,0.0
