﻿,Titles,Polarity,Positive,Neutral,Negative
0,Johnson &amp; Johnson (JNJ) Gains As Market Dips: What You Should Know,0.984,0.079,0.898,0.023
1,"Halozyme (HALO) Q4 Earnings Top, Royalties Drive Revenues",0.997,0.124,0.866,0.01
2,UPDATE 1-J&amp;J says it nears vaccine licensing deal with S.Africa's Aspen,0.926,0.101,0.876,0.023
3,3 Top Stocks That Just Went on Sale,0.696,0.253,0.747,0.0
4,10 Stocks For Passive Income In 2022,0.998,0.097,0.887,0.016
5,Warren Buffett’s Latest Portfolio: 10 Dividend Stock Picks,0.999,0.106,0.889,0.005
