﻿,Titles,Polarity,Positive,Neutral,Negative
0,US Indexes Close Lower Thursday,-0.941,0.055,0.867,0.078
1,UPDATE 1-J&amp;J shareholders approve CEO Gorsky's near-$30 mln pay plan,0.949,0.105,0.838,0.057
2,'We are still dealing with the unknown' Doctor on Covid-19,0.0,0.0,1.0,0.0
3,Microsoft’s Big Deal and Coinbase’s Big Debut,-0.681,0.055,0.797,0.148
4,Microsoft’s Big Deal and Coinbase’s Big Debut,-0.681,0.055,0.797,0.148
5,Vaccine trials on pregnant women show reassuring results: Doctor,0.511,0.125,0.875,0.0
6,Was The Smart Money Right About Piling Into Taiwan Semiconductor (TSM)?,0.997,0.101,0.875,0.024
7,Global COVID cases top 144 million as India breaks U.S.’s daily case record,-0.402,0.0,0.94,0.06
8,Coronavirus: The risk going forward is 'general confidence in vaccines',0.653,0.055,0.899,0.046
9,J&amp;J shareholders approve CEO Gorsky's near $30 million pay plan,0.874,0.094,0.84,0.065
10,J&amp;J shareholders approve CEO Gorsky's near $30 mln pay plan,0.874,0.093,0.842,0.065
11,Why Emergent BioSolutions Stock Is Falling Again Today,-0.557,0.026,0.895,0.079
12,S.Africa's Imperial Logistics says it has been selected to import COVID-19 vaccines,0.978,0.084,0.908,0.008
13,Ocugen (OCGN) Up on Positive Data for COVID-19 Vaccine Candidate,0.996,0.134,0.843,0.022
14,Were Hedge Funds Right About Johnson &amp; Johnson (JNJ)?,0.999,0.129,0.841,0.03
15,Was The Smart Money Right About Piling Into Tesla Inc. (TSLA)?,0.993,0.077,0.904,0.019
16,"India to expand vaccinations but supplies tight, imports delayed",-0.97,0.05,0.871,0.079
