﻿,Titles,Polarity,Positive,Neutral,Negative
0,List of eligible booster candidates will grow: Osmosis Chief Medical Officer,0.477,0.11,0.89,0.0
1,J&amp;J's Xarelto Tops Aspirin With Fewer Blood Clots In Pediatric Patients,0.572,0.05,0.912,0.038
2,Doctor on Covid: Another variant of concern is anticipated to come in the future,-0.637,0.0,0.816,0.184
3,10 Best Biotech Stocks Under $10,0.999,0.111,0.864,0.025
4,10 Cheap Pharmaceutical Stocks to Watch,0.998,0.085,0.893,0.022
5,Harvard MBA courses move online amid COVID spikes,0.0,0.0,1.0,0.0
6,Billionaire Ray Dalio is Buying These 10 Stocks,1.0,0.128,0.851,0.021
7,CDC Director warns about Delta-hit areas of U.S; Pfizer CEO predicts ‘normal life’ within a year,0.0,0.0,1.0,0.0
8,10 Best German Stocks to Buy Now,0.999,0.115,0.87,0.015
