﻿,Titles,Polarity,Positive,Neutral,Negative
0,Were Hedge Funds Right About Alibaba Group (BABA)?,0.997,0.089,0.882,0.029
1,Johnson &amp; Johnson Rises on 1st-Quarter Earnings Beat,0.994,0.126,0.86,0.013
2,Covid-19 vaccines aren’t making any money for Johnson &amp; Johnson,-0.637,0.0,0.914,0.086
3,"Key Decisions Coming on Products From Vertex, AstraZeneca and Other Pharmas",0.991,0.102,0.852,0.047
4,"Dow Jones Futures: Market Retreat Slams Leaders; Netflix Dives Late On Subscriber Miss, But 3 Stocks Flash Buy Signals",-0.422,0.0,0.817,0.183
5,Dow Slides As Procter &amp; Gamble Move Raises Inflation Fears; JNJ Rallies On Vaccine News,0.0,0.0,1.0,0.0
6,Fauci: JNJ vaccine may return Friday with new limits,0.0,0.0,1.0,0.0
7,"UPDATE 1-J&amp;J to cooperate in study of rare clots linked to COVID-19 vaccine, German scientist says",0.437,0.071,0.86,0.069
8,EU regulatory agency links J&amp;J COVID-19 vaccine to rare blood clots,0.969,0.059,0.895,0.047
9,Dow Jones Loses 300 Points; These Blue Chips Score Breakouts On Earnings,-0.202,0.0,0.917,0.083
10,"Dow Jones Slumps 300 Points, But IBM Flashes Buy Signal; Apple Debuts New iMacs, iPad Pro Tablets",0.836,0.331,0.669,0.0
11,"Johnson &amp; Johnson vaccine ‘pause’ isn’t crimping confidence in the vaccination process, survey says",0.527,0.125,0.789,0.086
12,Pandemic eviction bans found to protect entire communities from COVID-19: Study,0.0,0.0,1.0,0.0
13,Were Hedge Funds Right About Betting On Visa Inc (V)?,0.999,0.128,0.855,0.018
14,Were Hedge Funds Right About Betting On Alphabet Inc (GOOGL)?,0.995,0.084,0.9,0.016
15,Were Hedge Funds Right About Piling Into Facebook Inc (FB)?,0.998,0.096,0.879,0.024
16,"Dow Jones Slumps 250 Points, But IBM Flashes Buy Signal; Leading Growth Stocks, Small Caps Crushed Again",0.836,0.331,0.669,0.0
17,"Netherlands to resume use of J&amp;J COVID-19 vaccine, says health minister",0.153,0.048,0.924,0.027
18,German scientist: J&amp;J to cooperate in study of rare clots linked to COVID-19 vaccine,0.735,0.071,0.913,0.016
19,"J&amp;J to resume COVID-19 vaccine shipments to EU, with a warning 'very rare' adverse events",0.947,0.139,0.816,0.045
20,"EMA Finds Potential Blood Clot Link With JNJ COVID-19 Shot, Adds Safety Warning",-0.329,0.051,0.895,0.054
21,"Dow Jones Dives 300 Points Despite IBM, J&amp;J Gains As Stock Market Gets Slammed",-0.478,0.0,0.848,0.152
22,Johnson &amp; Johnson (JNJ) Q1 2021 Earnings Call Transcript,0.0,0.0,1.0,0.0
23,Johnson &amp; Johnson COVID-19 Vaccine Roll-out to Resume in Europe Following European Medicines Agency (EMA) Review,0.986,0.089,0.86,0.051
24,Dow Jones Sells Off As Apple Slides Ahead Of 'Spring Loaded' Event; Tesla Jumps On Price Target Boost,0.0,0.0,1.0,0.0
25,Bellwether J&amp;J Squashes First-Quarter Views; Will Other Medical Stocks Follow?,0.0,0.0,1.0,0.0
26,J&amp;J Signals Optimism With Covid Vaccine Use in Limbo in U.S.,0.987,0.093,0.853,0.053
27,European Health Regulators Add Blood Clot Warning to J&amp;J’S Covid-19 Vaccine,0.128,0.126,0.773,0.101
28,Dow Jones Falls As Apple Reverses Ahead Of 'Spring Loaded' Event; Tesla Jumps On Price Target Boost,0.0,0.0,1.0,0.0
29,10 Best Biotech Stocks Under $6 in 2021,0.998,0.108,0.849,0.043
30,10 Best Biotech Stocks Under $6 in 2021,0.998,0.108,0.849,0.043
31,Vaccine Stocks Checkup: Johnson &amp; Johnson Is Rising,0.202,0.096,0.904,0.0
32,Better-than-Expected Corporate Earnings,0.993,0.115,0.849,0.036
33,Global tally of COVID-19 cases top 142 million as India’s surging cases raise the alarm,-0.527,0.033,0.85,0.118
34,COVID vaccine 'on track' after blood clot scare: Johnson &amp; Johnson CFO,0.0,0.0,1.0,0.0
35,"US STOCKS-S&amp;P 500, Dow slip as focus turns to tech earnings",0.984,0.086,0.877,0.037
36,"P&amp;G, J&amp;J Beat on Earnings, Drop in Pre-Market",0.997,0.131,0.837,0.031
37,"Johnson &amp; Johnson vaccine should get blood-clot warning, European agency says",-0.052,0.047,0.895,0.058
38,UPDATE 1-EU regulator finds possible link between J&amp;J COVID-19 vaccine and blood clots,0.66,0.071,0.887,0.042
39,Emergent (EBS) Bayview Unit Operation on Hold for FDA Probe,0.993,0.103,0.866,0.03
40,Strong Results From IBM And Johnson &amp; Johnson Not Enough As Covid Worries Rise,0.998,0.1,0.839,0.061
41,"J&amp;J (JNJ) Q1 Earnings Top, COVID-19 Vaccine Brings $100M Sales",0.999,0.128,0.852,0.02
42,How Johnson &amp; Johnson Beat Expectations in Q1,0.0,0.0,1.0,0.0
43,Johnson &amp; Johnson CFO: COVID vaccine 'on track' after blood clot scare,0.994,0.121,0.828,0.051
44,J&amp;J reports $100 million in vaccine sales as results top forecasts,0.774,0.081,0.868,0.051
45,Johnson &amp; Johnson Just Reported Earnings. This Number Is Critical.,0.0,0.0,1.0,0.0
46,"The Zacks Analyst Blog Highlights: Johnson &amp; Johnson, Verizon, Dow, American Express and Honeywell",0.999,0.121,0.865,0.014
47,Vaccine Stocks Checkup: J&amp;J Still to Deliver 100 Million U.S. Doses,0.202,0.096,0.904,0.0
48,Warren Buffett Owns These 5 Dividend Aristocrats. Should You?,-0.141,0.0,0.912,0.088
49,"5 Top Stock Gainers Tuesday: Kansas City Southern, IBM, Fisker",0.202,0.101,0.899,0.0
