﻿,Titles,Polarity,Positive,Neutral,Negative
0,Jackbox CEO on post-pandemic outlook: ‘The future looks really bright’ ,1.0,0.16,0.819,0.021
1,COVID-19 variants are ‘nothing to get overly worried about’: Doctor,0.0,0.0,1.0,0.0
2,"COVID-19 vaccines get an endorsement from Trump, as daily U.S. deaths rise back above 1,000",0.572,0.154,0.79,0.056
3,This is Why Johnson &amp; Johnson (JNJ) is a Great Dividend Stock,0.991,0.129,0.861,0.009
4,UPDATE 2-Catalent to ramp up J&amp;J vaccine production at Italian plant,0.893,0.061,0.939,0.0
5,More States Open Vaccinations to All,0.0,0.0,1.0,0.0
6,COVAX vaccine-sharing scheme to send out 'hundreds of millions' of J&amp;J shots,0.818,0.079,0.921,0.0
7,Is Novavax Stock A Buy On Its Leading Covid Vaccine Effectiveness?,0.735,0.205,0.795,0.0
8,"AstraZeneca's COVID-19 Vaccine Has No Efficacy Against South African Virus Strain, Study Shows",-0.572,0.035,0.917,0.049
