﻿,Titles,Polarity,Positive,Neutral,Negative
0,Ovid Pharmaceuticals CEO details biotech pledge to cut ties with Russia,-0.273,0.0,0.928,0.072
1,Is J&amp;J Stock A Buy After Signing Onto A $5 Billion Opioid Settlement?,0.118,0.082,0.786,0.132
2,"COVID-19: CDC issues new masking guidance, studies point to Wuhan market as coronavirus origin",0.0,0.0,1.0,0.0
3,Johnson &amp; Johnson Allowed To Move Ahead With Bankruptcy Strategy On Talc Lawsuits: WSJ,0.194,0.098,0.808,0.094
4,"Stock Market News for Feb 28, 2022",0.987,0.099,0.845,0.055
5,Dow Jones ETF's Best Day Since Late 2020: Stock Up At Least 4%,0.994,0.113,0.861,0.026
6,US lawmakers plan bill to outlaw ‘Texas two-step’ bankruptcy ploy,0.153,0.184,0.702,0.114
