﻿,Titles,Polarity,Positive,Neutral,Negative
0,"Dow Jones Rises For Fifth Straight Session As Nasdaq, Small Caps Lead Market",-0.077,0.082,0.823,0.095
1,"Dow Jones Rises For Fifth Straight Session As Nasdaq, Small Caps Lead Market",-0.077,0.082,0.823,0.095
2,"J&amp;J, Novavax Ask FDA To Authorize Covid Vaccines — Shares Surge Higher",0.0,0.0,1.0,0.0
3,"J&amp;J, Novavax Ask FDA To Authorize Covid Vaccines — Shares Surge Higher",0.0,0.0,1.0,0.0
4,"Dow Jones Jumps 100 Points, Nears All-Time High; Nike Nears Buy Point; Johnson &amp; Johnson Jumps On Vaccine News",0.586,0.128,0.872,0.0
5,"Dow Jones Jumps 100 Points, Nears All-Time High; Nike Nears Buy Point; Johnson &amp; Johnson Jumps On Vaccine News",0.586,0.128,0.872,0.0
6,"Dow Rallies As J&amp;J Gains, Senate OKs Budget Plan For Biden Stimulus Bill",0.71,0.237,0.763,0.0
7,"Dow Rallies As J&amp;J Gains, Senate OKs Budget Plan For Biden Stimulus Bill",0.71,0.237,0.763,0.0
8,"J&amp;J’s COVID-19 vaccine candidate sparks hopes for faster recovery, just as daily deaths spike above 5,000 in the U.S.",0.671,0.155,0.845,0.0
9,"Dow Jones Today, Stocks Climb Amid Senate Stimulus Vote, Spotty Payrolls Data; J&amp;J Seeks FDA Vaccine Nod",0.0,0.0,1.0,0.0
10,"Dow Jones Today, Stocks Climb Amid Senate Stimulus Vote, Spotty Payrolls Data; J&amp;J Seeks FDA Vaccine Nod",0.0,0.0,1.0,0.0
11,15 Very High Yield Dividend Stocks Worth Checking Out,1.0,0.142,0.823,0.035
12,15 Very High Yield Dividend Stocks Worth Checking Out,1.0,0.142,0.823,0.035
13,Coronavirus update: J&amp;J applies for vaccine emergency use; FDA to address variants,0.959,0.048,0.934,0.018
14,Coronavirus update: J&amp;J applies for vaccine emergency use; FDA to address variants,0.959,0.048,0.934,0.018
15,"The Daily Biotech Pulse: J&amp;J Files For COVID-19 Vaccine Approval, Zimmer Biomet's Spin-Off, IPO Deluge Hits Street",0.992,0.068,0.901,0.031
16,European Stock Futures Edge Higher; Vaccine Optimism Helps,0.988,0.115,0.833,0.052
17,European Stock Futures Edge Higher; Vaccine Optimism Helps,0.988,0.115,0.833,0.052
