﻿,Titles,Polarity,Positive,Neutral,Negative
0,Breaking down the legality of workplace vaccine mandates,-0.557,0.0,0.882,0.118
1,Johnson &amp; Johnson (JNJ) Dips More Than Broader Markets: What You Should Know,0.983,0.089,0.88,0.031
2,eMed CEO discusses what's next for COVID-19 testing,0.273,0.116,0.884,0.0
3,"Dow Jones Leads Major Indexes Lower, But These Growth Stocks Soar",-0.296,0.0,0.885,0.115
4,Johnson &amp; Johnson Announces Jessica Moore as Vice President of Investor Relations,0.996,0.129,0.823,0.048
5,Dow Jones Slips Ahead Of Bank Earnings; IBD 50 Jumps As Growth Stocks Rally,-0.235,0.0,0.903,0.097
6,Johnson &amp; Johnson (JNJ) Reports Next Week: Wall Street Expects Earnings Growth,0.999,0.153,0.799,0.049
7,Pushing back on businesses’ ability to have a vaccine mandate is a bad idea: Doctor,0.0,0.0,1.0,0.0
8,"J&amp;J's Stoffels, who managed development of the company's COVID-19 shot, is retiring",0.0,0.0,1.0,0.0
9,"UPDATE 1-Moderna pushes for COVID-19 vaccine boosters in older adults, high-risk individuals",0.912,0.106,0.894,0.0
10,12 Best Long-Term Dividend Stocks To Buy Now,1.0,0.119,0.857,0.024
11,An FDA Advisory Panel Will Debate Moderna and J&amp;J Boosters This Week,0.318,0.103,0.897,0.0
12,"Dr. Paul Stoffels, Vice Chairman of the Executive Committee and Chief Scientific Officer of Johnson &amp; Johnson To Retire,  Effective December 31, 2021",0.999,0.122,0.847,0.031
13,3 Dividend Stocks That Should Pay You for the Rest of Your Life,-0.207,0.0,0.886,0.114
14,"Johnson &amp; Johnson's Top Scientist, Stoffels, to Retire at Year-End",0.34,0.098,0.902,0.0
15,FDA Advisory Panel Will Debate J&amp;J and Moderna Boosters This Week,0.318,0.113,0.887,0.0
