﻿,Titles,Polarity,Positive,Neutral,Negative
0,J&amp;J Unit Tells Appeals Court Only Bankruptcy Can Settle Talc Claims,-0.743,0.045,0.721,0.234
1,Johnson &amp; Johnson Is Out Of The Talc Game — Is It A Buy Now?,0.0,0.0,1.0,0.0
2,Here is What to Know Beyond Why Johnson &amp; Johnson (JNJ) is a Trending Stock,0.999,0.132,0.86,0.008
3,AstraZeneca's (AZN) Lynparza sNDA Gets FDA Priority Tag,0.913,0.108,0.814,0.078
4,"These 6 Dividend Stocks Pay $83 Billion a Year, Combined, to Their Shareholders",0.0,0.0,1.0,0.0
