﻿,Titles,Polarity,Positive,Neutral,Negative
0,"COVID-19: “Testing at the first time you have symptoms, that’s really the most important time to test,” says Dr. Payal Patel",-0.402,0.0,0.909,0.091
1,Tactile Medical Announces New Appointments to Board of Directors,0.994,0.117,0.866,0.017
2,Tactile Medical Announces New Appointments to Board of Directors,0.994,0.122,0.861,0.017
3,"Biocontainment Unit medical director Omicron: Kids ‘should be wearing masks in schools right now,’ doctor says",-0.402,0.0,0.928,0.072
4,1 Simple Strategy to Beat Inflation in 2022,0.84,0.179,0.769,0.051
5,Buying These 3 Robinhood Stocks Could Be the Smartest Investing Move You Ever Make,0.844,0.114,0.872,0.014
6,"COVID-19: CDC doubles down on isolation guidance, school closings accelerate",-0.649,0.041,0.784,0.176
7,AbbVie (ABBV) Gets FDA Breakthrough Tag for Lung Cancer Drug,0.99,0.112,0.853,0.035
