﻿,Titles,Polarity,Positive,Neutral,Negative
0,The 5 Most-Sold Guru Stocks of the 4th Quarter,0.999,0.111,0.859,0.03
1,The 5 Most-Sold Guru Stocks of the 4th Quarter,0.999,0.111,0.859,0.03
2,AstraZeneca Covid Vaccine Appears Effective Against Brazil Variant: Report,0.477,0.124,0.876,0.0
3,AstraZeneca Covid Vaccine Appears Effective Against Brazil Variant: Report,0.477,0.124,0.876,0.0
4,Carnival Is Climbing Too High Too Fast,0.982,0.079,0.881,0.039
5,Carnival Is Climbing Too High Too Fast,0.982,0.079,0.881,0.039
6,Money worries are holding people back from getting the vaccine,-0.996,0.057,0.8,0.144
7,Money worries are holding people back from getting the vaccine,-0.996,0.057,0.8,0.144
8,Doctor: ‘We may be reaching that critical point of herd immunity’,0.891,0.062,0.89,0.048
9,Doctor: ‘We may be reaching that critical point of herd immunity’,0.891,0.062,0.89,0.048
10,White House says Americans 'should take whatever vaccine they have access to' after Detroit mayor rejects J&amp;J shots,0.727,0.152,0.78,0.067
11,7 Mega-Cap Stocks Standing Above the Fray,1.0,0.128,0.844,0.028
12,7 Mega-Cap Stocks Standing Above the Fray,1.0,0.128,0.844,0.028
13,Canada authorizes J&amp;J's COVID-19 vaccine,0.586,0.13,0.825,0.046
14,What's the Outlook for Intuitive Surgical?,0.888,0.127,0.873,0.0
15,Seniors are rushing to get back on planes: Morning Brief,0.997,0.097,0.882,0.021
16,Seniors are rushing to get back on planes: Morning Brief,0.997,0.097,0.882,0.021
17,Why 'vaccine passports' could be complicated to pull off in the US,0.991,0.092,0.861,0.047
18,Why 'vaccine passports' could be complicated to pull off in the US,0.991,0.092,0.861,0.047
19,The Future of Medicine is Here: Bioelectronic Medicine,0.999,0.131,0.85,0.019
20,Hospitals continue to see chronic staff shortages in sectors treating COVID-19 patients,0.993,0.09,0.863,0.047
21,Hospitals continue to see chronic staff shortages in sectors treating COVID-19 patients,0.993,0.09,0.863,0.047
22,Will Sanofi and GlaxoSmithKline Be Too Late to the Party With Their COVID Vaccine?,0.586,0.125,0.824,0.051
23,Wall Street Opens as Recovery Hopes Trump Bond Fears; Dow up 220 Pts,0.989,0.102,0.87,0.028
24,Wall Street Opens as Recovery Hopes Trump Bond Fears; Dow up 220 Pts,0.989,0.102,0.87,0.028
25,Top 10 S&amp;P 500 Stocks by Index Weight,0.382,0.135,0.865,0.0
