﻿,Titles,Polarity,Positive,Neutral,Negative
0,Johnson &amp; Johnson (JNJ) Stock Sinks As Market Gains: What You Should Know,0.995,0.127,0.85,0.022
1,"COVID hospitalizations dip for first time since mid-April, but daily deaths reach 2 1/2-month high",-0.422,0.0,0.924,0.076
2,"Distributors Not Liable for Opioid Crisis in West Virginia, Court Rules",-0.625,0.0,0.859,0.141
3,"Market check: Stocks sink, Treasury yields fall as recession fears flash",0.0,0.0,1.0,0.0
4,Dow Jones Dives; Tesla Skids On Slower Q2 Deliveries,0.0,0.0,1.0,0.0
5,10 Best Monthly Dividend Stocks to Buy in July,0.999,0.097,0.894,0.009
6,Johnson &amp; Johnson (JNJ) is Attracting Investor Attention: Here is What You Should Know,0.999,0.131,0.862,0.007
7,Dow Jones Futures Sell Off; Tesla Skids On Slower Q2 Deliveries,0.0,0.0,1.0,0.0
8,10 Dividend Stocks to Buy According to Lee Munder Capital Group,1.0,0.119,0.871,0.011
