﻿,Titles,Polarity,Positive,Neutral,Negative
0,Covid has offered up 'acceptability and acceleration' of technologies like telemedicine: Janssen Head of R&amp;D,0.0,0.0,1.0,0.0
1,Janssen head of R&amp;D on Johnson &amp; Johnson split,0.0,0.0,1.0,0.0
2,10 Dividend Stocks in Warren Buffett’s Latest Portfolio,1.0,0.115,0.857,0.028
3,'Everyone is a little bit confused' about COVID-19 vaccine mandates and rules: Doctor,0.026,0.086,0.831,0.083
4,FDA reviews mRNA booster shots for all adults ahead of holiday travel,0.402,0.068,0.932,0.0
5,Johnson &amp; Johnson (JNJ) Down 0.3% Since Last Earnings Report: Can It Rebound?,0.999,0.132,0.841,0.027
6,"Pharma Stock Roundup: JNJ to Spin Off Consumer Unit, PFE Eyes EUA for COVID Pill",0.998,0.134,0.841,0.025
7,J&amp;J sees potential for 14 new multibillion-dollar drugs by 2025,0.911,0.061,0.926,0.012
8,J&amp;J sees potential for 14 new multibillion-dollar drugs by 2025,0.911,0.061,0.927,0.012
9,12 Best Big Stocks To Invest In,1.0,0.107,0.876,0.016
10,Why Conglomerates Split Up,0.0,0.0,1.0,0.0
