﻿,Titles,Polarity,Positive,Neutral,Negative
0,Johnson &amp; Johnson (JNJ) Gains As Market Dips: What You Should Know,0.99,0.093,0.889,0.018
1,"Dws Croci(r) U.s. Vip Buys SS&amp;C Technologies Holdings Inc, Meta Platforms Inc, Johnson ...",0.999,0.108,0.886,0.006
2,"The Fed could tweak monetary policy based on Build Back Better passage, economist says",0.0,0.0,1.0,0.0
3,"Omicron: We don't know the full effect of latest variant, doctor explains",-0.382,0.0,0.936,0.064
4,Comparing Data: Sanofi Vs. Johnson &amp; Johnson Multiple Myeloma Therapies In Newly Diagnosed Patients,0.259,0.055,0.897,0.048
5,"The Zacks Analyst Blog Highlights: Pfizer, BNTX, Moderna, and J&amp;J",0.998,0.097,0.888,0.016
6,"Coronavirus: 'We need to vaccinate the unvaccinated,' doctor urges",0.361,0.053,0.947,0.0
7,UPDATE 1-U.S. Supreme Court snubs J&amp;J's bid to avoid Mississippi talc lawsuit,-0.599,0.106,0.778,0.117
8,U.S. Supreme Court snubs J&amp;J's bid to avoid Mississippi talc lawsuit,-0.599,0.109,0.771,0.12
9,U.S. Supreme Court snubs J&amp;J's bid to avoid Mississippi talc lawsuit,-0.599,0.109,0.771,0.12
10,U.S. Supreme Court snubs J&amp;J's bid to avoid Mississippi talc lawsuit,-0.599,0.109,0.771,0.12
11,Janssen Secures Conditional EU Marketing Authorization For Rybrevant in Lung Cancer Setting,0.926,0.112,0.853,0.036
12,J&amp;J Turned Away by U.S. Supreme Court Over Talc Cancer Suits,-0.847,0.114,0.745,0.141
13,"COVID-19: U.S. coronavirus deaths near 800,000",0.971,0.095,0.866,0.039
