﻿,Titles,Polarity,Positive,Neutral,Negative
0,Why Pfizer and Johnson &amp; Johnson Fell on Friday,-0.402,0.0,0.946,0.054
1,Dow Jones Dips; Tesla Stock Up As Rivian Plunges; J&amp;J Dives On This Covid Move,-0.296,0.0,0.862,0.138
2,Dow Jones Falls; Tesla Stock Gains As Rivian Dives; Donald Trump SPAC Does This,-0.296,0.0,0.862,0.138
3,The Funded: A court fight over Johnson &amp; Johnson's $3.4B Auris Health acquisition is going forward,-0.226,0.0,0.913,0.087
4,Analysis-Purdue Pharma ruling targets controversial U.S. bankruptcy tactic,0.515,0.11,0.784,0.106
5,Sackler Ruling Threatens Cash-for-Immunity Deals in Bankruptcy,-0.988,0.069,0.831,0.1
6,"Portfolio manager breaks down market worries over tighter monetary policy, Omicron",-0.077,0.067,0.858,0.075
7,"COVID-19: 'This will be a really, really tough winter' for the unvaccinated, doctor explains",-0.382,0.0,0.927,0.073
8,Stock Market Pares Losses Amid Mixed Signals; This Is Today's Best Index,-0.202,0.0,0.904,0.096
9,"PFM Multi-Manager Series Trust Buys Danaher Corp, Monolithic Power Systems Inc, Clorox Co, ...",1.0,0.098,0.9,0.002
10,"Omicron: 'There isn't a political appetite' to issue lockdowns again, doctor explains",0.0,0.0,1.0,0.0
11,S&amp;P 500 Ends Week Lower Amid Bank-Led Rout in Financials,0.968,0.09,0.871,0.04
12,"Johnson &amp; Johnson Leads Dow Rout After CDC Favors Pfizer, Moderna Covid Shots",0.202,0.091,0.909,0.0
13,"Unvaccinated Americans facing ‘winter of severe illness and death,’ Biden warns, as omicron starts to spread across the U.S.",-0.735,0.03,0.783,0.187
14,Dow Jones Dives 600 Points As J&amp;J Weighs; Rivian Skids On Earnings But FedEx Soars,0.153,0.109,0.806,0.085
15,S&amp;P 500 Slips as Bank Stocks Slide,0.974,0.096,0.859,0.045
16,U.S. CDC Recommends mRNA COVID-19 Vaccines Over J&amp;J's Jab,0.989,0.096,0.857,0.047
17,"Pharma Stock Roundup: PFE Announces Arena Buyout, LLY Ups 2021 View &amp; More",0.993,0.078,0.879,0.043
18,"Earnings: Pfizer stock falls on vaccine sales forecast, Rivian shares decline, FedEx stock rises",-0.008,0.0,0.974,0.026
19,Omicron: Biden warns of winter with 'severe illness and death' as COVID-19 cases rise,0.0,0.0,1.0,0.0
20,"CDC Backs mRNA COVID-19 Vaccines Over Johnson &amp; Johnson's, Citing Higher Rates Of Clotting Cases: Report",0.96,0.122,0.809,0.069
21,"Johnson &amp; Johnson's, Sputnik, Sinopharm COVID-19 Vaccines Show Weakness Against Omicron Variant: Study",0.867,0.047,0.928,0.024
22,"UPDATE 1-J&amp;J, Sinopharm, Sputnik V COVID-19 shots less effective against Omicron -study",-0.804,0.051,0.871,0.078
23,Coronavirus tally: Global cases of COVID-19 top 273 million and CDC panel recommends Pfizer and Moderna vaccines over J&amp;J's,-0.765,0.0,0.761,0.239
24,"FedEx, Oracle, GM, Stocks, Covid and Quadruple Witching Hour - Five Things You Must Know",0.649,0.139,0.828,0.032
25,South Africa to donate 2 mln J&amp;J COVID-19 shots to African countries,0.665,0.064,0.898,0.038
26,Here Are Barron’s 10 Top Stocks for the New Year,0.671,0.136,0.864,0.0
27,J&amp;J Slips as CDC Tells People to Pick Pfizer or Moderna For Covid Shots,0.552,0.053,0.905,0.042
28,CDC Advisers Recommend Pfizer and Moderna’s Vaccines Over J&amp;J’s,-0.115,0.0,0.925,0.075
