﻿,Titles,Polarity,Positive,Neutral,Negative
0,Oklahoma court overturns $465 million opioid ruling against Johnson &amp; Johnson,0.34,0.08,0.871,0.049
1,Johnson &amp; Johnson Opioid Verdict Overturned by Oklahoma Supreme Court,-0.153,0.101,0.754,0.145
2,Johnson &amp; Johnson Endows Research!America Outstanding Achievement in Public Health Awards,1.0,0.225,0.765,0.011
3,Is J&amp;J Stock A Buy Or A Sell As Covid Pills Curb Vaccine Enthusiasm?,0.44,0.132,0.868,0.0
4,U.S. administers 433.2 mln doses of COVID-19 vaccines - CDC,0.599,0.035,0.965,0.0
5,J&amp;J Persuades Oklahoma Supreme Court to Toss Opioid Award,-0.889,0.066,0.856,0.079
6,Janssen Partially Terminates Nanoparticle License Agreement With Alkermes,0.71,0.031,0.956,0.013
7,UPDATE 2-Oklahoma court overturns $465 million opioid award against Johnson &amp; Johnson,-0.972,0.042,0.846,0.112
8,Oklahoma court overturns $465 million opioid award against Johnson &amp; Johnson,-0.972,0.043,0.843,0.115
9,Oklahoma court overturns $465 million opioid award against Johnson &amp; Johnson,0.36,0.043,0.921,0.037
10,Why Alkermes Stock Is Sinking Today,0.66,0.088,0.912,0.0
11,Wave of Solid Q3 Earnings Push Pharma ETFs Higher,0.999,0.146,0.812,0.042
12,Oklahoma Court Overturns Opioid Judgement Against J&amp;J,0.7,0.279,0.721,0.0
13,"The Daily Biotech Pulse: Double Dose Of Positive Tidings For Merck, Alkermes Slips On Partial Termination Of J&amp;J Licensing Deal, Amgen Migraine Drug Data",0.996,0.066,0.912,0.022
14,Should You Invest in the Fidelity MSCI Health Care Index ETF (FHLC)?,0.998,0.147,0.821,0.032
15,7 Stocks to Buy That Could Be the Next Trillion-Dollar Company,0.999,0.104,0.868,0.028
