﻿,Titles,Polarity,Positive,Neutral,Negative
0,Gen Z: What do they look for in personal care,0.542,0.163,0.837,0.0
1,We will fight in protecting the right to vote: Michigan Lt. Governor,0.0,0.0,1.0,0.0
2,Coronavirus: 'We are seeing so many younger patients',0.927,0.085,0.862,0.054
3,COVID-19 mitigation is the ‘most effective weapon’ to avoid fourth wave: Doctor,0.0,0.0,1.0,0.0
4,AstraZeneca Stock Plagued As Issues Continue To Mount For Covid Vaccine,0.128,0.085,0.847,0.068
5,White House won’t support ‘vaccine passports’: Psaki,0.0,0.0,1.0,0.0
6,Jabil Inc. -- Moody's assigns Baa3 to Jabil's new note offering,1.0,0.134,0.805,0.061
7,3 Robinhood Stocks You Can Buy and Hold Forever,0.661,0.079,0.905,0.016
8,"UPDATE 3-S.Korea reels from most daily COVID-19 cases in 3 months, approves Johnson &amp; Johnson vaccine",0.973,0.075,0.919,0.006
9,Johnson &amp; Johnson does DIY to solve vaccine woes,0.128,0.052,0.904,0.043
