﻿,Titles,Polarity,Positive,Neutral,Negative
0,Misinformation online 'has significantly handicapped public health efforts': Doctor,-0.542,0.0,0.862,0.138
1,UPDATE 1-California judge questions counties' opioid case against drugmakers at trial's end,-0.967,0.059,0.832,0.109
2,Why the CDC is urging pregnant women to get vaccinated,0.0,0.0,1.0,0.0
3,California judge questions counties' opioid case against drugmakers at trial's end,-0.943,0.062,0.834,0.104
4,‘There’s been a high rate of Covid-19 among pregnant individuals’: Doctor,0.0,0.0,1.0,0.0
5,10 High Yield Dividend Champions,0.999,0.134,0.839,0.027
6,J&amp;J (JNJ) Starts Phase III Study on RSV Vaccine in Older Adults,0.991,0.116,0.863,0.021
7,"Moderna Is Likely to Get FDA Approval for Smaller Booster,  Report Says",0.0,0.0,1.0,0.0
