﻿,Titles,Polarity,Positive,Neutral,Negative
0,Here are 5 things we’ve learned so far from earnings season,0.325,0.118,0.772,0.11
1,"Stocks mixed, Treasury yields down, Snap stock plummets",0.0,0.0,1.0,0.0
2,7 Seriously Undervalued Retirement Stocks to Buy Now,0.999,0.131,0.84,0.029
3,10 Stocks Least Vulnerable to Recession,0.999,0.126,0.821,0.053
4,"Pharma Stock Roundup: JNJ, NVS Q2 Earnings, GSK Consumer Unit Spin-Off",0.997,0.125,0.832,0.044
5,"The Zacks Analyst Blog Highlights Johnson &amp; Johnson, Cigna, Vertex Pharmaceuticals, Xcel Energy and Illumina",0.999,0.158,0.816,0.026
6,Novavax CEO eyes next batch of COVID-19 vaccines after CDC approval,0.945,0.038,0.949,0.013
