﻿,Titles,Polarity,Positive,Neutral,Negative
0,"Regeneron, Novavax CEOs Top List of Highest Paid in 2020",0.988,0.102,0.836,0.062
1,"Regeneron, Novavax CEOs Top List of Highest Paid in 2020",0.988,0.102,0.836,0.062
2,Half of all U.S. adults are now fully vaccinated against covid-19,0.422,0.135,0.865,0.0
3,Deepak Chopra on managing stress in post-covid world,-0.422,0.0,0.859,0.141
4,It’s the ‘perfect moment’ to talk about getting kids vaccinated: Doctor,0.0,0.0,1.0,0.0
5,Moderna Sees Single-Dose COVID-19 Vaccine Launch In India In 2022,0.952,0.089,0.901,0.01
6,Moderna Sees Single-Dose COVID-19 Vaccine Launch In India In 2022,0.952,0.089,0.901,0.01
7,"Will we need COVID-19 booster shots? Increasingly, the expectation is yes",0.361,0.07,0.93,0.0
8,Moderna says its COVID-19 vaccine 100% effective in teens,0.25,0.175,0.68,0.145
9,J&amp;J's (JNJ) Multiple Sclerosis Drug Ponvory Gets EU Approval,0.998,0.152,0.848,0.0
10,Pfizer (PFE) Tests COVID-19 Booster &amp; Pneumococcal Vaccine Combo,0.996,0.129,0.866,0.005
11,Is Johnson &amp; Johnson a Buy for Summer 2021?,-0.422,0.102,0.678,0.22
