﻿,Titles,Polarity,Positive,Neutral,Negative
0,U.S. administers over 419 mln doses of COVID-19 vaccines - CDC,0.599,0.034,0.966,0.0
1,FDA authorizes Pfizer's COVID-19 vaccine for kids ages 5 to 11,0.0,0.0,1.0,0.0
2,Navigating religious exemptions to COVID-19 vaccine mandates,0.0,0.0,1.0,0.0
3,People being against getting the Covid-19 vaccine ‘makes no sense to me’: Doctor,0.0,0.0,1.0,0.0
4,2 Top Stocks That Raised Their Guidance After Strong Earnings Reports,0.511,0.202,0.798,0.0
5,‘The threat of COVID is not done’: doctor on possible winter wave,0.916,0.097,0.832,0.071
6,Johnson &amp; Johnson Earns a Spot on Fortune's 2021 Change the World List,0.791,0.117,0.852,0.032
7,Should You Invest in the iShares U.S. Healthcare ETF (IYH)?,0.997,0.136,0.836,0.028
