﻿,Titles,Polarity,Positive,Neutral,Negative
0,"Halozyme (HALO) Q2 Earnings and Sales Beat, Ups '22 Outlook",0.997,0.105,0.881,0.014
1,UPDATE 1-Aspen COVID vaccine lines risk going idle as J&amp;J orders dwindle,-0.956,0.017,0.91,0.072
2,The 3 Best Sectors for a Bear Market,0.998,0.132,0.834,0.034
3,Low-Risk Retirement Portfolio: Top 10 Stocks,0.999,0.126,0.862,0.012
4,10 Dividend ETFs to Buy in August,0.999,0.109,0.875,0.015
5,10 Healthcare and Biotech Stocks to Buy Amid Monkeypox Threat,0.997,0.075,0.903,0.022
6,S.Africa's Aspen to halt COVID vaccine output as J&amp;J orders dry up,-0.973,0.007,0.911,0.082
7,5 of the Safest Warren Buffett Stocks You Can Confidently Buy Right Now,0.34,0.054,0.921,0.025
