﻿,Titles,Polarity,Positive,Neutral,Negative
0,"New England Guild Wealth Advisors, Inc. Buys iShares Currency Hedged MSCI EMU ETF, Raytheon ...",0.999,0.138,0.858,0.005
1,Supreme Court set to rule on Biden's vaccine mandate,0.557,0.184,0.816,0.0
2,Does Johnson &amp; Johnson's Split Make Sense?,0.273,0.033,0.967,0.0
3,"U.S. reports record 1.5M daily COVID cases, 145K hospitalizations",0.602,0.056,0.914,0.031
4,FDA Adds Rare Bleeding Risk To Johnson &amp; Johnson's COVID-19 Vaccine Fact Sheet,0.19,0.088,0.837,0.076
5,BioMarin CEO: There are biotech companies 'that probably should not be on the market today’,0.713,0.129,0.871,0.0
6,"Centene vice chairman talks CMS changes, the Alzheimer’s drug, and COVID-19 hospitalizations",0.494,0.113,0.887,0.0
7,"China Blocks Some U.S. Flights After Passengers Get Covid-19, S. Korea OKs Novavax Vaccine",0.422,0.123,0.877,0.0
8,YFP: Cigna CEO David Cordani,1.0,0.145,0.822,0.033
9,"RVW Wealth, LLC Buys iShares ESG Screened S&amp;P Mid-Cap ETF, iShares iBonds Dec 2026 Term ...",1.0,0.111,0.884,0.005
