﻿,Titles,Polarity,Positive,Neutral,Negative
0,"Expect to get COVID-19 shots for years to come, Johnson &amp; Johnson CEO says",-0.026,0.096,0.805,0.1
1,"Dow Jones, Nasdaq Hit New High As Stocks Gain; Biden Stimulus Talks In Focus",0.0,0.0,1.0,0.0
2,"Dow Jones, Nasdaq Hit New High As Stocks Gain; Biden Stimulus Talks In Focus",0.0,0.0,1.0,0.0
3,1 in 4 people will stop wearing a mask after being vaccinated: Study,0.886,0.087,0.843,0.07
4,1 in 4 people will stop wearing a mask after being vaccinated: Study,0.886,0.087,0.843,0.07
5,14 Stocks With Sales and Earnings Momentum,0.226,0.058,0.91,0.032
6,Sanofi CEO on the Future of Messenger RNA Vaccines — and His Company,0.765,0.309,0.691,0.0
7,Health Insurer Centene’s Earnings Fell Short of Estimates. Here’s One Number to Look At.,0.0,0.0,1.0,0.0
8,Nextech AR’s Virtual Event Platform Selected by Canadian Surgery Forum for Its 2021 Virtual Trade Show,0.999,0.089,0.904,0.008
9,Nextech AR’s Virtual Event Platform Selected by Canadian Surgery Forum for Its 2021 Virtual Trade Show,0.999,0.089,0.904,0.008
10,Forget Gamestop! This Highly Shorted Stock Is a Strong Buy Now,-0.026,0.041,0.916,0.043
11,Here's Why Investors Should Remember These 2 Healthcare Lessons in 2021,0.762,0.103,0.897,0.0
