﻿,Titles,Polarity,Positive,Neutral,Negative
0,Johnson &amp; Johnson (JNJ) Outpaces Stock Market Gains: What You Should Know,0.993,0.102,0.895,0.003
1,"COVID-19: You’re going to see increased hospitalizations based on the sheer volume,” says Dr. Rajeev Fernando",-0.226,0.102,0.767,0.131
2,"Year in review: Novavax, Emergent stay on a vaccine roller coaster",0.0,0.0,1.0,0.0
3,Should You Invest in the iShares U.S. Healthcare ETF (IYH)?,0.998,0.148,0.816,0.037
4,Omicron: Doctor explains how to think about new CDC guidelines about COVID-19 symptons,-0.637,0.0,0.867,0.133
5,"Moderna: ‘Our concern is more in valuation’ with booster shots 'baked into the stock,' analyst says",0.296,0.063,0.938,0.0
6,"Daily U.S. COVID-19 cases hit all-time record, CDC estimates 59% are Omicron",0.202,0.044,0.956,0.0
7,Ring in 2022 With These 5 Dividend Kings,0.944,0.228,0.772,0.0
8,Invest Like Warren Buffett in 2022 and Buy These 3 Stocks for the Long Haul,-0.103,0.0,0.915,0.085
