﻿,Titles,Polarity,Positive,Neutral,Negative
0,Biotech company Kaleido develops oral therapy for COVID-19,0.0,0.0,1.0,0.0
1,Biotech company Kaleido develops oral therapy for COVID-19,0.997,0.082,0.905,0.013
2,There’s increasing confidence vaccine supply can meet demand: Doctor,0.0,0.0,1.0,0.0
3,"The next few weeks 'are going to be critical,' Fauci warns",0.397,0.063,0.871,0.066
4,10 Best Dividend Stocks to Buy for Consistent Growth and Income,1.0,0.162,0.812,0.026
5,UPDATE 1-South Africa signs deal for 20 million Pfizer vaccine doses,0.67,0.034,0.947,0.019
6,Yahoo Finance Presents: Director of the NIAID Dr. Anthony Fauci,0.999,0.087,0.879,0.034
7,3 Top Dividend Stocks to Buy in April,0.959,0.275,0.7,0.025
8,Catalent To Boost Output Of Finished Vials For Moderna's COVID-19 Shot: WSJ,0.974,0.105,0.888,0.007
9,Is Johnson &amp; Johnson a Buy in April?,0.598,0.068,0.897,0.035
10,AstraZeneca under pressure as UK considers under-30s ban,0.816,0.065,0.881,0.054
11,Cidara Inks Licensing and Collaboration Deal With J&amp;J’s Janssen For Influenza Antiviral CD388,0.989,0.104,0.876,0.02
12,S.Africa signs deal for 20 mln Pfizer COVID-19 doses,0.571,0.033,0.945,0.021
