﻿,Titles,Polarity,Positive,Neutral,Negative
0,"Doctor on COVID-19 vaccination: ‘Too little too late, better late than never, if anything it all counts’",-0.382,0.0,0.915,0.085
1,Ocugen CEO on vaccine hesitancy in the U.S.,0.052,0.072,0.862,0.066
2,JNJ Option Traders Aim to Continue Positive Trend,0.0,0.0,1.0,0.0
3,UPDATE 1-Aspen to start J&amp;J COVID-19 vaccine supplies to South Africa from Monday,-0.009,0.035,0.931,0.035
4,Aspen to start supplies of J&amp;J COVID-19 vaccine to South Africa from Monday,0.0,0.0,1.0,0.0
