﻿,Titles,Polarity,Positive,Neutral,Negative
0,"COVID vaccine delay for kids under 5 'a blow to many parents,’ doctor says",0.527,0.108,0.892,0.0
1,"COVID-19: Some countries ease travel restrictions, FDA to review vaccine for kids under 5",0.0,0.0,1.0,0.0
2,Top Stocks to Buy to Help Your Portfolio Weather the Next Market Storm,-0.214,0.069,0.838,0.093
3,Pfizer Positioned for Future Upside,0.296,0.115,0.885,0.0
4,Should Value Investors Pick Johnson &amp; Johnson (JNJ) Stock?,0.995,0.094,0.896,0.01
