﻿,Titles,Polarity,Positive,Neutral,Negative
0,Have the Markets Overreacted to Omicron?,0.998,0.096,0.867,0.037
1,U.S. administers 460.7 mln doses of COVID-19 vaccines - CDC,0.599,0.034,0.966,0.0
2,"Johnson &amp; Johnson Announces Significant Progress Towards Its Climate Goals - 100% Renewable Electricity for All Sites in the United States, Canada and Europe by 2023",0.938,0.097,0.903,0.0
3,7 Drug Stocks to Buy Now While They’re Still on Sale,1.0,0.136,0.827,0.037
4,Moderna CEO say vaccines likely less effective against Omicron COVID-19 variant,0.428,0.098,0.902,0.0
5,"Omicron: 'Time will tell' as we learn more about transmissibility and risk, doctor explains",0.0,0.0,1.0,0.0
6,"'The market doesn't like an information vacuum, and now we have two,' strategist says",0.625,0.163,0.837,0.0
7,UPDATE 1-Slovenia set to ban Janssen vaccine after woman's death,-0.958,0.038,0.852,0.109
8,Slovenia set to ban Janssen vaccine after woman's death,-0.963,0.014,0.869,0.117
9,These 3 Stocks Have Underperformed the Market This Year. Is Now the Time to Buy?,0.422,0.226,0.774,0.0
10,"‘We can’t have countries lingering at 10%' COVID-19 vaccination, Columbia professor explains",-0.446,0.0,0.873,0.127
11,J&amp;J (JNJ) to Explore Omicron Version of its COVID Vaccine,0.954,0.062,0.911,0.027
12,"Stocks fall as investors try to gauge omicron risk, ongoing supply chain issues",0.0,0.0,1.0,0.0
13,Market strategist: Investors ‘don’t want to overreact’ amid Omicron uncertainty,0.0,0.0,1.0,0.0
14,UPDATE 1-S.Africa's Aspen signs deal paving way for J&amp;J COVID vaccine license,0.95,0.063,0.937,0.0
15,S.Africa's Aspen signs non-binding agreement with J&amp;J for COVID vaccine license,0.751,0.053,0.947,0.0
16,Ocugen Looks Risky as Markets Tire Of Speculative Vaccine Plays,0.992,0.093,0.863,0.044
