﻿,Titles,Polarity,Positive,Neutral,Negative
0,Oklahoma reaches $250 million opioid settlement with drug distributors,-0.637,0.067,0.853,0.08
1,Dow Jones Futures: What To Do In New Stock Market Rally; Nike Earnings Beat; Tesla Sales Up Next,0.0,0.0,1.0,0.0
2,"Q2 Earnings Season Preview and Featured Analyst Reports for J&amp;J, AMD &amp; Union Pacific",1.0,0.161,0.795,0.044
3,"Pfizer booster improved to fight omicron, as hospitalizations rise to 3-month high",0.296,0.053,0.947,0.0
4,“I Dare All Meme Stock Maniacs”: Cliff Asness’ Short Position on AMC and His Top 10 Picks,1.0,0.127,0.849,0.025
5,Emergent's (EBS) Anthrax Vaccine BLA Gets FDA Acceptance,0.993,0.098,0.875,0.026
6,Dow Jones Reverses Lower As Stock Market Rally Continues; 6 Top Stocks To Buy And Watch,-0.103,0.075,0.833,0.092
7,Dow Jones Rises As Stock Market Rally Continues; 6 Top Stocks To Buy And Watch,0.202,0.083,0.917,0.0
8,10 Dividend Stocks with Over 10% Yield,0.999,0.134,0.853,0.013
9,10 Defensive Stocks in Billionaire Ray Dalio’s Latest Portfolio,0.999,0.108,0.858,0.034
10,Dow Jones Futures Rise As Stock Market Rally Continues; 6 Top Stocks To Buy And Watch,0.202,0.079,0.921,0.0
11,2 Dividend Stocks for a Lifetime of Passive Income,0.557,0.213,0.787,0.0
