﻿,Titles,Polarity,Positive,Neutral,Negative
0,Why Emergent BioSolutions Crashed Today,0.0,0.0,1.0,0.0
1,"US STOCKS-S&amp;P 500 rides Microsoft, Amazon to record close above 4,000",0.989,0.108,0.853,0.04
2,'The important thing is to have as many Americans vaccinated as possible': Doctor,0.995,0.098,0.857,0.045
3,"US STOCKS-S&amp;P 500 rides Microsoft, Amazon to record close north of 4,000",0.987,0.119,0.843,0.037
4,Quidel issued first emergency use authorization by FDA for a COVID-19 antigen test,0.999,0.126,0.844,0.03
5,EU Turns To India To Fill AstraZeneca Vaccine Supply Gap: Reuters,0.0,0.042,0.919,0.039
6,How Biden’s ‘momentous’ rescue plan helps older Americans: NCOA President,0.477,0.094,0.906,0.0
7,Layers of mitigation against the virus remains ‘critical’: Doctor,0.0,0.0,1.0,0.0
8,"Investors should reject J&amp;J CEO pay package, proxy adviser Glass Lewis says",-0.975,0.063,0.824,0.113
9,"Dow Jones Rallies, S&amp;P 500 Tops 4,000 As Stock Market Gets Biden Boost",0.0,0.0,1.0,0.0
10,"Anytime there’s a bad headline about these vaccines, it’s going to add to vaccine hesitancy: Dr. Amesh Adalja ",0.34,0.079,0.921,0.0
11,"US STOCKS-S&amp;P 500 hits 4,000 mark on tech strength, reopening optimism",0.989,0.09,0.887,0.023
12,"Dow Jones Climbs, S&amp;P 500 Tops 4000 For First Time As Stock Market Rallies",0.361,0.091,0.909,0.0
13,Pfizer and BioNTech say their COVID-19 vaccine is safe and highly effective — including against South Africa variant,0.851,0.219,0.781,0.0
14,"US STOCKS-S&amp;P 500 hits 4,000 mark on tech strength, reopening optimism",0.989,0.103,0.869,0.028
15,"Pfizer, Biotech vaccine shows strong results after 6 months",0.0,0.0,1.0,0.0
16,SpringWorks Therapeutics Stock Is Trading Higher After Nirogacestat Combo Study Starts Dosing In Multiple Myeloma Patients,0.898,0.081,0.891,0.028
17,SpringWorks Therapeutics Stock Is Trading Higher After Nirogacestat Combo Study Starts Dosing In Multiple Myeloma Patients,0.898,0.081,0.891,0.028
18,Emergent's stock falls 6.8% after error making J&amp;J's COVID-19 vaccine,0.052,0.047,0.915,0.038
19,Emergent BioSolutions Stock Falls After Vaccine Factory Mix-Up,0.0,0.0,1.0,0.0
20,"Forget the Vaccine Problems, AstraZeneca Stock Can Still Make You Rich",-0.572,0.068,0.8,0.132
21,3 Dividend Aristocrats to Buy and Hold Forever,0.959,0.233,0.767,0.0
22,US STOCKS-Futures rise as tech stocks gain ahead of weekly jobless claims data,0.98,0.091,0.886,0.023
23,Pfizer Versus Moderna: Which Is Leading U.S. Vaccine Rollout?,0.0,0.0,1.0,0.0
24,Here's How Today's Vaccines Are Holding Up to Strains Right Now,0.389,0.04,0.943,0.017
25,This Company May Be Next to Enter the U.S. Vaccine Market,-0.318,0.02,0.939,0.041
26,15M Doses Of JNJ COVID-19 Vaccine Batch Ruined After Ingredient Issues At Emergent Biosolutions' US Plant: NYT,-0.799,0.038,0.9,0.062
27,"Emergent, J&amp;J Fall As Production Mix-Up To Cause Vaccine Delays",-0.151,0.046,0.902,0.052
28,Johnson &amp; Johnson Slips After Vaccine Batch Hit by Production Mix-Up,0.0,0.0,1.0,0.0
29,J&amp;J sticks to vaccine targets after batch ruined in factory error,-0.881,0.0,0.852,0.148
