﻿,Titles,Polarity,Positive,Neutral,Negative
0,"Spotify Pressured by 270 Scientists, Medical Professionals Over Joe Rogan Episode",-0.956,0.047,0.878,0.075
1,UPDATE 1-J&amp;J reaches opioid settlement with holdout state New Mexico,0.792,0.107,0.808,0.085
2,J&amp;J reaches opioid settlement with holdout state New Mexico,0.796,0.105,0.866,0.03
3,Omicron: 'We think that things will get better' but hospitals are slammed right now,-0.153,0.0,0.962,0.038
4,Novavax Still Has Not Received an FDA EUA as the Market Waits,0.919,0.061,0.888,0.051
5,"RVW Wealth, LLC Buys iShares ESG Screened S&amp;P Mid-Cap ETF, iShares iBonds Dec 2026 Term ...",0.999,0.108,0.889,0.003
6,J&amp;J Baby Powder Bankruptcy Strategy Gets Final Test in February,0.743,0.095,0.817,0.088
7,"Q4 Earnings Update and Analyst Reports for Apple, JNJ &amp; McDonald's",1.0,0.189,0.758,0.053
8,What To Expect When Johnson &amp; Johnson Unveils Q4 Performance This Month,0.25,0.061,0.898,0.041
9,"Johnson and Johnson' COVID-19 Booster Is 85% Effective Against Omicron Hospitalization, South African Study Shows",-0.128,0.037,0.917,0.045
10,"UPDATE 2-J&amp;J booster 85% effective against Omicron hospitalisation, S.Africa says",0.66,0.039,0.933,0.028
11,Vaccine-Makers Hit as Supreme Court Blocks Vaccine-or-Test Mandate,0.222,0.076,0.847,0.077
12,"JPMorgan, BlackRock, Sherwin-Williams Fall Premarket; Well Fargo Rises",0.952,0.092,0.873,0.035
