﻿,Titles,Polarity,Positive,Neutral,Negative
0,Long-Term Analyst: Don’t Play the “Fool’s Game” of Timing the Market and Buy These 10 Stocks,1.0,0.135,0.859,0.005
1,Fate Therapeutics (FATE) Down 17% Since Last Earnings Report: Can It Rebound?,0.873,0.082,0.851,0.067
2,“A Strong Power in Rapid Ascent”: 10 China Stocks in Ray Dalio’s Portfolio,1.0,0.119,0.85,0.032
3,Johnson &amp; Johnson To Settle New Hampshire Opioid Lawsuit With Payment Of $40.5M: Report,0.916,0.117,0.816,0.067
4,"If You Invested $10,000 in Johnson &amp; Johnson 5 Years Ago, This Is How Much You Would Have Today",0.361,0.183,0.711,0.107
5,Should iShares Russell Top 200 Value ETF (IWX) Be on Your Investing Radar?,0.999,0.181,0.777,0.042
6,3 Warren Buffett Stocks to Buy Hand Over Fist In September,-0.382,0.051,0.889,0.06
