﻿,Titles,Polarity,Positive,Neutral,Negative
0,Johnson &amp; Johnson (JNJ) Gains As Market Dips: What You Should Know,0.995,0.12,0.861,0.018
1,COVID-19: Health experts predict uptick in subvariant cases as states lift restrictions,-0.422,0.029,0.934,0.037
2,10 Dividend ETFs to Consider for Retirement,0.998,0.083,0.907,0.01
3,"The Zacks Analyst Blog Highlights J&amp;J, Pfizer, BioNTech, and Moderna",0.998,0.115,0.864,0.022
4,Surgical Sutures Industry is Projected to Achieve a Global Market Size of US$ 6.5 Bn by 2031- Exclusive Report By Fact.MR,0.992,0.088,0.895,0.018
