﻿,Titles,Polarity,Positive,Neutral,Negative
0,A close eye must be kept on COVID-19 immunity: Doctor,-0.382,0.0,0.894,0.106
1,Why Is Johnson &amp; Johnson (JNJ) Up 2.1% Since Last Earnings Report?,0.999,0.116,0.859,0.026
2,Johnson &amp; Johnson Has a Surprisingly Strong Pipeline of Cancer Drugs. Investors Should Pay Attention.,-0.66,0.0,0.784,0.216
3,10 Best Aristocrat Dividend Stocks to Buy,1.0,0.138,0.854,0.008
4,10 Best Aristocrat Dividend Stocks to Buy,1.0,0.138,0.854,0.008
5,2 of the Safest Dividend Stocks to Hold During a Market Crash,0.96,0.268,0.649,0.083
6,3 Dividend Stocks You Can Safely Hold for Decades,0.649,0.16,0.783,0.057
7,3 Dividend Stocks You Can Safely Hold for Decades,0.649,0.16,0.783,0.057
