﻿,Titles,Polarity,Positive,Neutral,Negative
0,Johnson &amp; Johnson (JNJ) Dips More Than Broader Markets: What You Should Know,0.989,0.105,0.872,0.023
1,"UPDATE 2-Nevada to join $26 bln opioid settlement with drug distributors, J&amp;J",0.856,0.117,0.809,0.074
2,"FC Advisory LLC Buys Vanguard Large Cap ETF, Microsoft Corp, Norfolk Southern Corp, Sells ...",0.992,0.074,0.926,0.0
3,"Nevada to join $26 billion opioid settlement with drug distributors, J&amp;J",0.856,0.119,0.805,0.076
4,"COVID-19: “We’re seeing more kids in emergency departments,” says Dr. James Simmons",0.0,0.0,1.0,0.0
5,"Hospital and Dean of the National School of Tropical Medicine at Baylor College of Medicine COVID-19: New variants will emerge ‘unless we redouble’ global vaccination efforts, doctor says",-0.128,0.0,0.947,0.053
6,10 Finance Stocks to Buy According to Billionaire Ray Dalio,1.0,0.14,0.839,0.021
7,"Omicron: ‘There’s been a lack of concern’ for younger children with COVID-19, doctor says",0.382,0.061,0.939,0.0
8,CDC Backs Pfizer-BioNTech Booster for Immunocompromised Children,-0.026,0.062,0.873,0.065
9,"Pfizer, BioNTech Booster Gets FDA Nod for 12 to 15-Year Olds",0.99,0.093,0.883,0.024
10,Engage3 beefs up executive staff with key hires following funding round,0.0,0.0,1.0,0.0
11,5 Top Dividend Kings to Buy in 2022 and Hold Forever,0.863,0.128,0.856,0.016
12,Johnson &amp; Johnson Announces Quarterly Dividend for First Quarter 2022,0.987,0.187,0.813,0.0
