﻿,Titles,Polarity,Positive,Neutral,Negative
0,Making Sense of Financial Advice on TikTok,-0.44,0.122,0.695,0.183
1,"Pharma Stock Roundup: J&amp;J's Mixed Q1 Results, FDA Updates for GSK and AZN",0.986,0.129,0.796,0.075
2,Can Johnson &amp; Johnson Stock Keep Climbing?,0.077,0.043,0.93,0.027
3,"The Zacks Analyst Blog Highlights Johnson &amp; Johnson, Roche Holding, Raytheon Technologies, Intuit and Target",0.998,0.134,0.836,0.031
4,"The Zacks Analyst Blog Highlights Johnson &amp; Johnson, Eli Lilly, Vertex Pharmaceuticals and Deciphera Pharmaceuticals",0.999,0.145,0.806,0.048
