﻿,Titles,Polarity,Positive,Neutral,Negative
0,CDC urges some vaccinated to wear masks again,0.0,0.0,1.0,0.0
1,"Dow Jones Falls Below 35,000 on Boeing and Tech Stock Sell-Offs, Delta Variant Worries",0.202,0.096,0.904,0.0
2,‘There’s a great opportunity that we’ll have another variant’: Doctor,0.0,0.0,1.0,0.0
3,"Why Health Care, Not FAANG Stocks, Ones To Watch In CAN SLIM Portfolio",0.0,0.0,1.0,0.0
4,"Drug/Biotech Stock Earnings on Jul 28: PFE, GSK, BMY, BMRN &amp; TLRY",0.999,0.117,0.858,0.025
5,Worries About the Delta Variant Could Be Overdone Based on Clues From These Healthcare Giants,0.402,0.13,0.87,0.0
