﻿,Titles,Polarity,Positive,Neutral,Negative
0,‘Vaccination is very effective against the Delta variant’: Doctor,0.998,0.108,0.841,0.052
1,‘Vaccination is very effective against the Delta variant’: Doctor,0.998,0.108,0.841,0.052
2,U.S. House panels expand probe into Emergent's Baltimore COVID-19 vaccine plant,-0.972,0.006,0.882,0.112
3,U.S. House panels expand probe into Emergent's Baltimore COVID-19 vaccine plant,-0.972,0.006,0.882,0.112
4,Halozyme (HALO) Inks Collaboration Deal With Glaxo's HIV Unit,0.998,0.134,0.86,0.007
5,Halozyme (HALO) Inks Collaboration Deal With Glaxo's HIV Unit,0.998,0.134,0.86,0.007
6,Does Johnson &amp; Johnson Have the Safest Dividend in Healthcare?,0.889,0.194,0.806,0.0
7,Africa’s third wave: ‘What haunts me a lot is the Indian scenario’,-0.103,0.0,0.978,0.022
