﻿,Titles,Polarity,Positive,Neutral,Negative
0,German researchers tie cold viruses used to deliver COVID-19 vaccine to rare blood clot risk,0.899,0.059,0.912,0.029
1,Yesterday was first day dining activity exceeded pre-pandemic levels in the U.S.: OpenTable CEO,0.0,0.0,1.0,0.0
2,U.S. has ‘a false sense of security right now’ on COVID-19: Doctor,0.0,0.0,1.0,0.0
3,Biden to intensify investigation into COVID-19 origin,0.0,0.0,1.0,0.0
4,Belgium Stops JNJ COVID-19 Vaccine For Under 41 Years After One Death: Reuters,-0.915,0.034,0.88,0.086
5,FDA May Not Review New COVID-19 Vaccine Emergency Use Requests,-0.18,0.016,0.966,0.018
6,UPDATE 1-EU drug regulator reviewing woman's death in Belgium after getting J&amp;J shot,-0.955,0.031,0.863,0.105
7,EU drug regulator reviewing woman's death in Belgium after getting J&amp;J shot,-0.9,0.021,0.874,0.105
8,Doctor on Covid variants: ‘We’ve been fortunate that the vaccines have worked’,-0.382,0.0,0.915,0.085
9,AbbVie's (ABBV) Venclyxto Gets EU Nod for First-Line AML,0.999,0.172,0.806,0.022
10,UPDATE 1-Belgium halts J&amp;J COVID jab for under 41s after one dies,-0.967,0.023,0.891,0.086
11,Belgium says halts J&amp;J COVID jab for under 41s after one dies,-0.906,0.011,0.892,0.098
12,2 Smart Stocks to Pick During a Market Correction,0.818,0.362,0.638,0.0
13,Scientists claim to have solved Covid vaccine blood-clot puzzle,-0.599,0.0,0.961,0.039
