﻿,Titles,Polarity,Positive,Neutral,Negative
0,Johnson &amp; Johnson Enters into Agreement to Provide its Single-Shot COVID-19 Vaccine for the World's Most Vulnerable People through Novel Humanitarian Buffer,0.986,0.08,0.867,0.053
1,Dr. Sanjay Gupta on combating COVID-19 vaccine misinformation,-0.878,0.0,0.786,0.214
2,U.S. administers 434.5 mln doses of COVID-19 vaccines - CDC,0.599,0.034,0.966,0.0
3,J&amp;J Baby Powder Bankruptcy Moved to N.J. Despite ‘Texas Two-Step’,-0.955,0.077,0.814,0.109
4,"UPDATE 3-U.S. judge temporarily halts Johnson &amp; Johnson talc cases, moves them to New Jersey",0.875,0.115,0.788,0.097
5,"U.S. judge temporarily halts Johnson &amp; Johnson talc cases, moves them to New Jersey",0.856,0.115,0.786,0.099
6,Novavax asks for FDA meeting after first global authorization for COVID-19 vaccine: CEO,-0.428,0.024,0.944,0.032
7,"J&amp;J Wins Halt to 38,000 Baby Powder Lawsuits Amid Bankruptcy",-0.948,0.078,0.787,0.135
8,Oklahoma Supreme Court Overturns Opioid Ruling Against Johnson &amp; Johnson,-0.226,0.064,0.859,0.077
9,7 Defensive Stocks To Add Portfolio Stability in the Fourth Quarter,1.0,0.159,0.826,0.015
10,Novavax CEO: We aim to complete the FDA filing for our COVID vaccine this year,0.273,0.072,0.928,0.0
11,Pfizer asks the FDA to authorize its COVID booster shot for adults,0.0,0.0,1.0,0.0
12,UPDATE 2-U.S. brokers J&amp;J-COVAX deal to send vaccines to conflict zones -Blinken,0.921,0.117,0.787,0.096
13,3 Rock-Solid Healthcare Dividend Stocks Now on Sale,0.187,0.093,0.826,0.08
14,Judge to rule on request to halt Johnson &amp; Johnson talc lawsuits,-0.891,0.035,0.892,0.073
15,J&amp;J Lauds Oklahoma Ruling That Tosses Out $465 Million Opioid Judgment,-0.66,0.058,0.756,0.186
