﻿,Titles,Polarity,Positive,Neutral,Negative
0,COVID SCIENCE-Vaccinated pregnant women pass protective antibodies to babies,0.913,0.03,0.957,0.013
1,Wolfgang Puck on restaurant industry staffing hurdle: ‘Wages are not the issue’,-0.687,0.0,0.867,0.133
2,‘I don’t think we’ve done enough to get vaccines overseas’: Doctor,0.0,0.0,1.0,0.0
3,EXPLAINER-Who can get a COVID-19 vaccine booster in the United States?,0.936,0.046,0.936,0.019
4,CDC guidance exacerbates confusion over COVID-19 boosters,-0.85,0.047,0.887,0.066
5,Pfizer (PFE) Booster Dose Gets CDC Backing for Older Adults Only,0.982,0.087,0.88,0.032
6,CDC approves Covid booster shots for those over 65,0.202,0.083,0.859,0.058
7,‘Wildly political’ environment around vaccines creates room for ‘new leadership’: 23andMe CEO,0.799,0.069,0.873,0.058
8,"If You Like Dividends, You Should Love These 3 Stocks",0.0,0.0,1.0,0.0
9,"Pharma Stock Roundup: PFE Booster Jab Gets FDA Nod, JNJ's New Data on COVID-19 Shot",0.995,0.108,0.84,0.052
10,AstraZeneca - Merck's Lynparza Delays Disease Progression In Prostate Cancer Patients,0.128,0.059,0.89,0.052
11,Healthcare is still ‘stuck in a world of white coats’: 23andMe CEO,0.904,0.066,0.903,0.032
12,'A lot of the [COVID-19] morbidity' is from unvaccinated individuals: Doctor,0.0,0.0,1.0,0.0
13,J&amp;J ETFs to Gain on Upbeat COVID-19 Vaccine Data,0.998,0.138,0.839,0.023
