﻿,Titles,Polarity,Positive,Neutral,Negative
0,"Band-Aid, Lysol, UPS among most trusted U.S. brands",0.868,0.273,0.727,0.0
1,COVID-19 vaccines: Florida the only state to not order doses for kids after FDA authorization,0.718,0.158,0.842,0.0
2,Legend Biotech Shares Move Higher After Bullish BMO Pitch,0.976,0.132,0.84,0.028
3,Addex (ADXN) Terminates Parkinson's-Related Dyskinesia Study,0.902,0.064,0.894,0.042
4,"Moderna, Pfizer stocks edge higher after FDA authorizes COVID vaccines for kids",0.0,0.0,1.0,0.0
5,These 2 Dividend ETFs Are a Retiree's Best Friend,0.286,0.056,0.92,0.024
6,The Days of Big Pharma Are Over. What the Era of Big Biotech Means for Investors.,0.0,0.0,1.0,0.0
