﻿,Titles,Polarity,Positive,Neutral,Negative
0,Doctor on developing global COVID-19 vaccine: ‘We got zero help from the U.S. government’,0.0,0.0,1.0,0.0
1,"Opioid crisis: 'You can't put the genie back in the bottle' with the damage done, Harvard professor explains",-0.758,0.0,0.81,0.19
2,Take a Leap Into Novavax Stock After Vaccine Sales Start,0.999,0.135,0.843,0.022
3,"Boyer &amp; Corporon Wealth Management, LLC Buys The Walt Disney Co, iShares MSCI Brazil ETF, ...",0.999,0.129,0.861,0.01
4,Johnson &amp; Johnson Halts Production Of Its COVID-19 Vaccine: NYT,0.85,0.058,0.923,0.018
5,"COVID-19: States look to relax mask mandates, infected deer pose health risk",-0.273,0.0,0.955,0.045
6,3 Top Healthcare Stocks to Buy for February,0.382,0.167,0.833,0.0
7,UPDATE 2-J&amp;J pauses production of its COVID-19 vaccine - NYT,0.902,0.055,0.92,0.025
8,"CCLA Investment Management Ltd Buys PepsiCo Inc, PayPal Holdings Inc, Brookfield Renewable ...",0.99,0.061,0.933,0.005
9,"Market check: Stocks mixed, crude oil slides, pharmaceuticals swing on earnings",0.0,0.0,1.0,0.0
10,"High drug prices due to ‘complex health care system’ in the U.S., Novo Nordisk CEO says",0.7,0.146,0.854,0.0
11,"Pfizer reports revenue miss, weaker than expected COVID-19 vaccine sales forecast",0.0,0.0,1.0,0.0
12,"American Investment Services, Inc. Buys Verizon Communications Inc, iShares Core U.S. ...",0.994,0.067,0.926,0.007
13,"Wrapmanager Inc Buys Schwab US Aggregate Bond ETF, iShares iBonds Dec 2029 Term Corporate ETF, ...",0.997,0.059,0.937,0.003
