﻿,Titles,Polarity,Positive,Neutral,Negative
0,Earnings Report Roundup,0.0,0.0,1.0,0.0
1,Moderna (MRNA) Option Traders Ready for Earnings Boost,0.511,0.163,0.837,0.0
2,10 Best Dividend Stocks to Buy in August,1.0,0.134,0.844,0.023
3,Music events like Lollapalooza are not safe right now: Doctor,0.0,0.0,1.0,0.0
4,WHO urges nations to prioritize the COVAX initiative,0.0,0.0,1.0,0.0
5,"Drug/Biotech Stocks Q2 Earnings Due on Aug 5: REGN, MRNA, ZTS, ILMN",0.998,0.14,0.847,0.013
6,10 Best Dividend Paying Stocks to Buy Now,1.0,0.141,0.834,0.024
7,"BioNTech, Moderna Soar As WHO Wants Nations To Hold Off Boosters",-0.566,0.057,0.859,0.084
