﻿,Titles,Polarity,Positive,Neutral,Negative
0,Johnson &amp; Johnson (JNJ) Stock Sinks As Market Gains: What You Should Know,0.987,0.1,0.877,0.023
1,COVID: How insurers may be expected to cover testing costs,0.0,0.0,1.0,0.0
2,"COVID-19: The idea of mild Omicron ‘needs to be eradicated,’ emergency physician stresses",-0.382,0.0,0.934,0.066
3,"COVID-19: U.S. reports 1.35 million daily cases, CDC mulls recommending KN95 masks",0.0,0.0,1.0,0.0
4,5 Best Stocks to Buy in January and Hold Forever,0.696,0.068,0.932,0.0
5,Dow ETF in Focus Going Into Q4 Earnings Announcements,0.999,0.123,0.852,0.024
6,Recalibrated Fed expectations have ‘shaken the confidence of markets’: Strategist,0.586,0.105,0.895,0.0
