﻿,Titles,Polarity,Positive,Neutral,Negative
0,The Most Exciting Medical Breakthrough Of The Decade?,1.0,0.14,0.808,0.052
1,"Markets Bounce Back on S&amp;P 500, Nasdaq",0.998,0.128,0.865,0.007
2,Dow Jones Futures Fall: First Bitcoin ETF To Debut; Tesla Nears Record High,0.0,0.0,1.0,0.0
3,Dow Jones Futures: First Bitcoin ETF To Debut; Tesla Nears Record High,0.0,0.0,1.0,0.0
4,"US STOCKS-S&amp;P, Nasdaq enjoy boost from big tech firms, Dow ends a hair lower",0.992,0.11,0.852,0.038
5,Kevin O’Leary sees ‘trillions’ coming to crypto — but he still loves these income stocks,0.999,0.16,0.828,0.012
6,"US STOCKS-Tech lifts S&amp;P 500, Nasdaq amid inflation, China growth worries",0.977,0.083,0.876,0.041
7,"U.S. may soon authorize boosters for all 3 in-use vaccines, as experts renew plea for unvaccinated to get their shots",0.844,0.193,0.807,0.0
8,"J&amp;J, Procter &amp; Gamble, Netflix Earnings: 3 Things to Watch",0.836,0.053,0.919,0.028
9,Fauci Expects Regulators to Approve Mixing Vaccine Doses,0.542,0.153,0.847,0.0
10,Johnson &amp; Johnson Named to the TIME100 Most Influential Companies List,0.941,0.156,0.844,0.0
11,"J&amp;J, Moderna COVID-19 Booster Jabs Near FDA Authorization",0.985,0.089,0.882,0.029
12,Profit-Taking to Start a New Trading Week,0.996,0.131,0.856,0.012
13,J&amp;J (JNJ) to Start Q3 Earnings Season for Pharma Sector,0.996,0.122,0.862,0.016
14,"Netflix earnings, Tesla earning, Airlines earnings — what to expect",0.103,0.037,0.963,0.0
15,Retirement Stock Portfolio: 10 Safe Dividend Stocks To Consider,1.0,0.156,0.828,0.016
16,Johnson &amp; Johnson’s Booster Dose for COVID-19 Gets Green Light,0.981,0.097,0.884,0.019
17,"Netflix, Tesla, Snap, Johnson &amp; Johnson and Procter &amp; Gamble are part of Zacks Earnings Preview",0.997,0.105,0.859,0.035
18,Wedbush: 'Bar is High' Ahead of Tesla (TSLA) Earnings,0.998,0.117,0.858,0.025
19,2 Top Stocks for a Solid Portfolio Foundation,0.743,0.31,0.69,0.0
20,2 Top Biotech Stocks to Buy in October,0.579,0.069,0.931,0.0
21,A Peek Into The Markets: US Stock Futures Down Ahead Of Earnings,-0.077,0.049,0.908,0.043
22,Forget FedEx: Here Are 3 Better Dividend Stocks,0.617,0.126,0.874,0.0
23,Here's How Johnson &amp; Johnson Stock Looks Ahead of Earnings,0.412,0.074,0.877,0.049
24,"5 Stocks To Watch For October 18, 2021",0.988,0.152,0.839,0.009
