﻿,Titles,Polarity,Positive,Neutral,Negative
0,Johnson &amp; Johnson (JNJ) Gains But Lags Market: What You Should Know,0.988,0.093,0.892,0.015
1,'A fourth vaccine would absolutely be welcomed': Doctor on AstraZeneca vaccine,0.998,0.131,0.826,0.043
2,"Publix expanding administration of J&amp;J's COVID-19 vaccine to Tennessee, Georgia",0.34,0.045,0.934,0.021
3,The FDA has ‘a lot of positive things to look at’ with AstraZeneca vaccine: Doctor,-0.637,0.0,0.822,0.178
4,UPDATE 1-White House promises more J&amp;J COVID-19 shots after launch stalls,0.947,0.071,0.891,0.038
5,'This is a low-cost peoples' vaccine:' Expert on India's Biological E vaccine,0.99,0.081,0.896,0.023
6,2 Top Stocks for Retirees,0.807,0.168,0.832,0.0
7,"UPDATE 1-Swiss approve Johnson &amp; Johnson COVID-19 vaccine, haven't bought any",0.972,0.104,0.875,0.022
8,"White House promises more J&amp;J COVID-19 shots after launch stalls, declines to specify weekly shipment",-0.034,0.012,0.966,0.022
9,UPDATE 1-Irish PM warns of 'trouble' in vaccine supply chain if EU blocks exports,0.654,0.035,0.951,0.014
10,Lifted COVID-19 restrictions ‘defies logic’ at this point in recovery: Doctor,-0.382,0.0,0.898,0.102
11,AstraZeneca COVID-19 vaccine is 79% effective: U.S. study,0.0,0.0,1.0,0.0
12,Johnson &amp; Johnson’s Janssen Receives FDA Approval For PONVORY Therapy; Street Sees Over 19% Upside,0.992,0.134,0.833,0.032
13,J&amp;J's (JNJ) Multiple Sclerosis Drug Ponesimod Gets FDA Nod,0.994,0.15,0.84,0.01
14,Why I Didn't Jump on the Coronavirus Vaccine Stock Bandwagon,0.964,0.273,0.727,0.0
15,Should iShares Russell Top 200 Value ETF (IWX) Be on Your Investing Radar?,0.998,0.16,0.812,0.028
16,Airfinity CEO on Vaccination Campaign,-0.226,0.0,0.963,0.037
