﻿,Titles,Polarity,Positive,Neutral,Negative
0,Johnson &amp; Johnson (JNJ) Q2 2022 Earnings Call Transcript,0.318,0.049,0.951,0.0
1,Stock Market Rallies On Earnings Lift; FAANG Stocks Lead The Way,0.153,0.086,0.914,0.0
2,JPMorgan adds former J&amp;J chief Gorsky to board,0.625,0.041,0.946,0.013
3,"Stock Market Today: Dow Spikes 754 Points Despite IBM, J&amp;J Earnings Slumps",0.997,0.119,0.838,0.043
4,"Tech and semiconductor stocks move higher into the close, U.S. dollar rally comes to a pause",0.542,0.143,0.857,0.0
5,US STOCKS-Wall Street ends sharply higher on strong corporate earnings,0.985,0.112,0.855,0.033
6,COVID: CDC unanimously recommends Novavax vaccine for adults,0.612,0.25,0.75,0.0
7,"Dow Futures Rise Amid Robust Earnings, Netflix Pops 7.4%",0.986,0.107,0.877,0.017
8,Medical Giant J&amp;J Crumbles On Guidance Haircut — Is It A Sell Now?,-0.217,0.0,0.906,0.094
9,US STOCKS-Wall Street rallies with earnings in full swing,0.993,0.119,0.849,0.032
10,Weaker euro good for multi-nationals: J&amp;J CFO,0.857,0.075,0.865,0.06
11,Covid-19 vaccine manufacturing is 'right-sizing': J&amp;J CFO,-0.886,0.041,0.884,0.075
12,US STOCKS-Wall Street powers ahead with earnings in full swing,0.981,0.089,0.873,0.038
13,Stock Market Bounces Back To Monday's Highs; Netflix Report On Tap,0.0,0.0,1.0,0.0
14,Stock Market Nears Three-Week Highs; Netflix Report On Tap,0.0,0.0,1.0,0.0
15,Johnson &amp; Johnson CFO: Pharma industry ‘did a fantastic job in helping curtail’ pandemic effects,-0.128,0.0,0.927,0.073
16,"GLOBAL MARKETS-Stocks rally as U.S. earnings pick up, dollar eases for third session",0.938,0.082,0.868,0.05
17,U.S. Housing Starts Declined in June,0.982,0.091,0.865,0.044
18,Johnson &amp; Johnson blames US dollar strength for second cut in profit outlook,0.213,0.066,0.886,0.048
19,Indexes Open Higher; Netflix Earnings On Deck After These Stocks Reported Early,0.0,0.0,1.0,0.0
20,"Pre-Markets Try Again for Gains; J&amp;J, Halliburton Beat in Q2",0.987,0.093,0.867,0.04
21,GSK Completes Demerger of Consumer Healthcare Business,0.997,0.133,0.846,0.021
22,Johnson &amp; Johnson CFO on weakening euro: Financial markets will ‘do what they may',0.992,0.083,0.899,0.018
23,Here's The Surprising Driver Of Johnson &amp; Johnson's Second-Quarter Beat,0.494,0.176,0.824,0.0
24,US STOCKS-Wall Street rises as earnings kick into high gear,0.98,0.09,0.877,0.032
25,12 Best FMCG Stocks to Buy Now,1.0,0.124,0.859,0.017
26,Dow Jones Rallies But IBM Dives On Earnings; Netflix Earnings Due,0.0,0.0,1.0,0.0
27,Why Value Investors Might Be Better Off With Growth Stocks Right Now,0.494,0.276,0.724,0.0
28,"Johnson &amp; Johnson beats on Q2 earnings, cuts forecast",0.997,0.126,0.849,0.025
29,"J&amp;J (JNJ) Beats on Q2 Earnings &amp; Sales, Lowers 2022 Guidance",0.996,0.099,0.858,0.043
30,"J&amp;J Sees Sales, Profit Growth Diluted by Dollar’s Strength",-0.87,0.052,0.893,0.055
31,Dow Jones Futures Climb But IBM Dives On Earnings; Netflix Earnings Due,0.0,0.0,1.0,0.0
32,"Johnson &amp; Johnson Cuts Annual Profit Outlook, Pharma Unit Cushions Fall In Medical Devices",0.919,0.1,0.853,0.046
33,Johnson &amp; Johnson (JNJ) Beats Q2 Earnings and Revenue Estimates,0.995,0.096,0.895,0.01
34,Johnson &amp; Johnson Trims Full-Year Guidance on Stronger Dollar,-0.026,0.083,0.83,0.087
35,"IBM, Apple, JNJ, and More of Tuesday’s Stock Market Movers",0.44,0.092,0.83,0.078
36,"Johnson &amp; Johnson Tops Second-Quarter Targets, Trims Full-Year Outlook",0.0,0.0,1.0,0.0
37,Johnson &amp; Johnson Tops Profit Estimates but Trims Full-Year Outlook,0.296,0.066,0.934,0.0
38,"Johnson &amp; Johnson Tops Q2 Earnings Forecast, Trims 2022 Outlook On Strong Dollar Impact",0.586,0.156,0.844,0.0
39,Johnson &amp; Johnson profit outlook takes a knock from stronger dollar,0.917,0.175,0.745,0.08
40,Johnson &amp; Johnson Reports Q2 2022 Results,0.999,0.084,0.895,0.021
41,10 Best Dividend Stocks of All Time,1.0,0.11,0.84,0.05
42,"IBM, Lockheed Martin Fall Premarket; NCR, Halliburton Rise",0.936,0.103,0.84,0.057
43,"ECB Rates, Apple Slowdown, Housing Starts - What's Moving Markets",-0.994,0.058,0.838,0.104
