﻿,Titles,Polarity,Positive,Neutral,Negative
0,Super Bowl 2022: Soaring COVID-era ad spots a 'sign of the times' for brands,0.997,0.118,0.878,0.004
1,"COVID-19 variants: U.S. 'would be more relaxed’ if vaccination rates were higher, doctor says",0.0,0.0,1.0,0.0
2,"Omicron cases ‘mirroring where we were with Delta’ over the summer, doctor says",0.153,0.087,0.842,0.071
3,CDC Director Dr. Rochelle Walensky ‘cautiously optimistic’ about declining Omicron cases,0.0,0.0,1.0,0.0
4,ARWR: New Pulmonary Programs Announced…,0.993,0.059,0.906,0.034
