﻿,Titles,Polarity,Positive,Neutral,Negative
0,Moderna President details new clinical data on COVID-19 vaccine,0.0,0.0,1.0,0.0
1,"Biden meets with CEOs, business leaders on vaccine mandates",0.202,0.096,0.904,0.0
2,Doctor on Biden’s vaccine mandate: ’Extraordinary times call for extraordinary measures’,0.999,0.106,0.85,0.044
3,Why Moderna stock has been in rally mode this month,0.0,0.0,1.0,0.0
4,Why Johnson &amp; Johnson (JNJ) is a Great Dividend Stock Right Now,0.992,0.13,0.864,0.007
5,Emergent (EBS) Inks COVID-19 Manufacturing Deal With Providence,0.989,0.079,0.915,0.006
6,Is JNJ Stock A Sell After It's Left Out Of The Covid Booster Shot Conversation?,-0.052,0.0,0.93,0.07
7,15 Dividend Stocks People Buy for Early Retirement,0.997,0.062,0.918,0.019
