﻿,Titles,Polarity,Positive,Neutral,Negative
0,U.S. COVID-19 cases hits a new low but ‘we still have gaps to close’: Doctor,0.226,0.081,0.861,0.058
1,UPDATE 1-Mexico says U.S. to send it 1 mln J&amp;J COVID-19 vaccines,0.91,0.103,0.883,0.014
2,Mexico says U.S. to send it 1 mln J&amp;J COVID-19 vaccines,0.818,0.105,0.895,0.0
3,AstraZeneca Seeks Switching COVID-19 Vaccine Production to Catalent Plant: NYT,-0.477,0.023,0.94,0.037
4,AstraZeneca Seeks Switching COVID-19 Vaccine Production to Catalent Plant: NYT,-0.477,0.023,0.94,0.037
5,"Moody's: J&amp;J faces 'litigation exposure' from talc lawsuits, proposed opioid settlement",0.751,0.181,0.687,0.132
