﻿,Titles,Polarity,Positive,Neutral,Negative
0,FDA investigating how a known carcinogen wound up in J&amp;J sunscreen,0.077,0.031,0.938,0.03
1,Sun Bum Is Reviewing Gel Amid Neutrogena Sunscreen Recall,0.318,0.099,0.901,0.0
2,‘We need to continue mask wearing even with vaccination’: Doctor,-0.382,0.0,0.89,0.11
3,10 Best Blue Chip Dividend Stocks Hedge Funds Are Buying,1.0,0.149,0.822,0.029
4,15 Best Jim Cramer Stocks to Buy Now,1.0,0.124,0.843,0.033
5,7 Best Dividend Stocks to Buy to Juice Your Portfolio Yield,0.999,0.08,0.912,0.008
6,Why Johnson &amp; Johnson (JNJ) is Poised to Beat Earnings Estimates Again,0.997,0.156,0.819,0.025
7,"Moderna is the Tesla of biotechs, stock price could hit $325: analyst",0.946,0.062,0.907,0.031
8,10 Best Stocks to Buy With 50+ Years of Dividend Increases,1.0,0.142,0.828,0.029
9,Netflix (NFLX) Earnings: Will Subscriber Adds Stall Again?,0.998,0.11,0.861,0.029
10,MRNA Stock: 10 Things to Know About Moderna as It Gets Ready to Join the S&amp;P 500,0.98,0.08,0.903,0.018
11,"Vaccine Stocks Climb After Moderna Added To S&amp;P 500, With BioNTech Also Up",0.998,0.102,0.836,0.062
12,Moderna Is Joining the S&amp;P 500. What It Means for the Stock.,-0.743,0.0,0.799,0.201
13,CVS Health Takes Two Sun-Care Products Off The Shelf After Neutrogena Sunscreen Recall,0.701,0.033,0.953,0.014
14,"Pharma Stock Roundup: NVO &amp; LLY's Small Acquisitions, JNJ's Sunscreens Recall",0.996,0.095,0.871,0.033
15,Examining Johnson &amp; Johnson's (NYSE:JNJ) Stable 15.9% Return On Capital Employed,0.998,0.134,0.836,0.03
