﻿,Titles,Polarity,Positive,Neutral,Negative
0,UPDATE 1-J&amp;J reports promising Ebola vaccine data,0.861,0.109,0.82,0.071
1,Johnson &amp; Johnson Ebola Vaccine Regimen Demonstrated Robust and Durable Immune Response in Adults and Children in Data Published in The Lancet Infectious Diseases,0.996,0.071,0.903,0.026
2,'The key game changer in all of this is getting people vaccinated': Doctor,0.0,0.0,1.0,0.0
3,How the AHEAD100 Initiative is working to prevent future pandemics,-0.026,0.0,0.961,0.039
4,Dow Jones Gains; Moderna Stock Dips As Scientists Balk At Booster Shots; InMode Plunges,-0.361,0.0,0.848,0.152
5,Florida turns to Covid-detecting dogs amid surging cases   ,0.0,0.0,1.0,0.0
6,NYC has a good plan so far for keeping kids safe as they return to the classroom: Doctor,0.0,0.0,1.0,0.0
7,We aren’t seeing sufficient evidence to recommend COVID booster shots: Doctor,0.0,0.0,1.0,0.0
8,Endo (ENDP) Gains on Settlement of Opioid Cases in New York for $50M,0.97,0.087,0.862,0.051
