﻿,Titles,Polarity,Positive,Neutral,Negative
0,Doctor reacts to U.S. travel ban changes,0.0,0.0,1.0,0.0
1,Why Protagonist Therapeutics Stock Plunged Today,0.296,0.038,0.962,0.0
2,Rockefeller Foundation President on the call for a ’COVID charter’ &amp; ending ‘energy poverty’,0.273,0.058,0.942,0.0
3,"LAPD, LAFD members sue over Los Angeles’ vaccine mandate",-0.153,0.0,0.942,0.058
4,Early tests show Pfizer’s Covid-19 vaccine for kids ages 5 to 11 is ‘very safe’: Epidemiologist,0.0,0.0,1.0,0.0
5,"India set to get first J&amp;J COVID vaccine doses in October, says source",-0.296,0.015,0.965,0.02
6,15 Best Blue-Chip Stocks to Invest In,1.0,0.106,0.878,0.016
7,10 Pharmaceutical Stocks to Buy Today According to Tiger Cub Billionaire Lee Ainslie,0.999,0.082,0.905,0.013
8,3 reasons why FDA advisors rejected Pfizer’s booster for the general public,-0.128,0.054,0.882,0.065
9,"FDA Panel Vetoes PFE/BNTX Third Jab for All, Vaccine Stocks Down",0.996,0.113,0.862,0.025
