﻿,Titles,Polarity,Positive,Neutral,Negative
0,COVID SCIENCE-J&amp;J shot recipients may need a booster; new advice on infected kids,-0.985,0.059,0.859,0.081
1,"Top Research Reports for Johnson &amp; Johnson, Oracle &amp; SAP",0.998,0.178,0.809,0.013
2,Doctor on the Olympics regarding COVID-19: ‘There are a lot of concerns’,0.0,0.0,1.0,0.0
3,10 Best Dividend Contenders to Buy in 2021,1.0,0.135,0.845,0.021
4,"Stock Market Rally Rebounds To Highs; Snap, Crocs, Chipotle, Netflix Are Key Earnings",0.318,0.13,0.795,0.075
5,This is the tipping point for when people vaccinated against COVID-19 should mask up again indoors,0.202,0.107,0.893,0.0
6,"Bronstein, Gewirtz &amp; Grossman, LLC Reminds Shareholders of Johnson &amp; Johnson (NYSE:JNJ) Investigation",0.512,0.067,0.874,0.059
7,"Pharma Stock Roundup: JNJ, NVS Q2 Earnings, PFE, ABBV, LLY &amp; MRK FDA Updates",0.999,0.109,0.858,0.033
8,The Big Winner With Johnson &amp; Johnson's Recent FDA Approval,0.178,0.23,0.604,0.166
9,Can Today's Vaccines Beat the Delta Variant?,0.226,0.053,0.909,0.038
