﻿,Titles,Polarity,Positive,Neutral,Negative
0,Johnson &amp; Johnson (JNJ) Stock Moves -0.65%: What You Should Know,0.986,0.088,0.892,0.019
1,"UPDATE 1- COVID-19 vaccines hold strong against Delta, protection waning in older adults",0.72,0.084,0.84,0.076
2,Decoding Mu Variant: The Next Big Threat in COVID-19 Cases?,0.967,0.086,0.867,0.047
3,"COVID-19 vaccines hold strong against Delta, protection waning in older adults",0.871,0.118,0.807,0.075
4,"FDA Sees Covid Shots For Kids 'In The Coming Months,' But Only BioNTech, Moderna Rise",0.0,0.0,1.0,0.0
5,‘Traditional banking might not be the right path for us’: Rocket CEO,0.0,0.0,1.0,0.0
6,Biden’s vaccine mandate meets mixed reaction from unions,0.361,0.116,0.798,0.086
7,"'There should be a vaccine mandate for all businesses,' doctor argues",0.718,0.028,0.952,0.021
8,"'If you are getting federal funding, there should be a vaccine mandate': Doctor",-0.382,0.0,0.88,0.12
9,Endo Shares Move Higher On Settlement Of New York State Opioid Cases,0.735,0.065,0.889,0.046
10,Why Johnson &amp; Johnson Is a Retiree's Dream Stock,0.557,0.187,0.813,0.0
11,Could This Game-Changing FDA Approval Mean Profit for Johnson &amp; Johnson Shareholders?,0.422,0.135,0.865,0.0
12,Here's the Next Blockbuster Vaccine Opportunity for Pfizer,0.827,0.165,0.835,0.0
