﻿,Titles,Polarity,Positive,Neutral,Negative
0,U.S. administers nearly 445 mln doses of COVID-19 vaccines - CDC,0.599,0.034,0.966,0.0
1,'There will be another pandemic' and we need to be prepared when it comes: Doctor,0.0,0.07,0.86,0.07
2,Billionaire Ray Dalio: 'Misery and turbulence' ahead after inflation hits 31-year high — here are 3 shockproof stocks he's leaning on now,0.99,0.111,0.854,0.035
3,"Stocks: Travel and crypto dip, retail rallies, pharmaceuticals rise",-0.273,0.0,0.913,0.087
4,Inflation and Other News for Investors,-0.44,0.0,0.952,0.048
5,Dividend Stock Portfolio: 10 Stock Picks by Hedge Funds,1.0,0.105,0.878,0.017
6,Will Investors Win With Johnson &amp; Johnson's Planned Spinoff? Here's What History Shows,0.612,0.1,0.9,0.0
