﻿,Titles,Polarity,Positive,Neutral,Negative
0,Why Johnson &amp; Johnson (JNJ) Could Beat Earnings Estimates Again,0.998,0.174,0.794,0.032
1,"Biden officials push for 2nd COVID-19 booster shot, insurers invest in affordable housing",0.494,0.167,0.833,0.0
2,Johnson &amp; Johnson (JNJ) Earnings Expected to Grow: What to Know Ahead of Next Week's Release,0.998,0.149,0.804,0.047
3,10 Dividend Stocks with Over 7% Yield,1.0,0.146,0.844,0.011
4,Is iShares Core Dividend Growth ETF (DGRO) a Strong ETF Right Now?,0.998,0.141,0.837,0.022
