﻿,Titles,Polarity,Positive,Neutral,Negative
0,Japan declares state of emergency amid covid-19 uptick,-0.382,0.0,0.874,0.126
1,Is JNJ Stock A Buy As The Pharma Giant Takes On Covid's Delta Variant?,0.0,0.0,1.0,0.0
2,Doctor: ‘If you are unvaccinated you are at risk’,0.0,0.0,1.0,0.0
3,Aflac CEO: ‘Let politics fall where they may’ on racial justice,0.612,0.167,0.833,0.0
4,Aflac’s duck commercials ‘doubled its business in three years’: Dan Amos,0.402,0.091,0.909,0.0
5,"Helius Medical Technologies, Inc. Appoints Antonella Favit-Van Pelt, M.D., Ph.D. as Chief Medical Officer",0.995,0.08,0.884,0.035
6,Vaccine Stocks Fall as Delta Becomes Dominant Variant in US,0.997,0.116,0.859,0.025
