﻿,Titles,Polarity,Positive,Neutral,Negative
0,"""A big hit to the vaccine campaign"": Doctor on Johnson &amp; Johnson's vaccine delivery plunge",0.0,0.0,1.0,0.0
1,Michigan Seeks Aid Amid Surge; EU Reviews J&amp;J Shot: Virus Update,0.982,0.058,0.901,0.042
2,Dow Jones Rises To New High As Apple Extends Win Streak; Growth Stocks Break Out,0.34,0.085,0.915,0.0
3,Pfizer’s vaccine EUA expansion request is ‘extremely welcomed’ : Doctor,0.0,0.0,1.0,0.0
4,UPDATE 3-J&amp;J COVID-19 vaccine under EU review over blood clots,0.932,0.06,0.894,0.046
5,7 Excellent Index Funds With Juicy Dividends for Income Investors,1.0,0.107,0.889,0.005
6,Why Moderna Stock Is Jumping Today,0.823,0.16,0.84,0.0
7,7 Dividend Stocks With 50 Years of Dividend Increases,0.999,0.108,0.863,0.029
8,"Johnson &amp; Johnson's COVID-19 Vaccine Under Review At EMA For Blood Clots, AstraZeneca Probe Expanded",-0.983,0.019,0.897,0.085
9,Why Shares Of Johnson &amp; Johnson Are Under Pressure Today?,0.949,0.081,0.874,0.045
10,‘The Michigan spike is something we should be nervous about’: Doctor,0.991,0.071,0.882,0.047
11,Trouble Is Brewing For J&amp;J's Covid Vaccine — What You Need To Know,-0.273,0.0,0.923,0.077
12,Global COVID-19 case tally above 134 million as more countries impose restrictions on AstraZeneca vaccine,-0.765,0.0,0.883,0.117
13,Europe probes possible blood clot link with Johnson &amp; Johnson COVID vaccine,0.929,0.072,0.885,0.043
14,European Regulator Will Review Rare Blood Clots After J&amp;J Vaccine,-0.273,0.0,0.925,0.075
15,J&amp;J Seeks To Conduct Study For COVID-19 Vaccine In India: Reuters,-0.557,0.05,0.887,0.062
16,J&amp;J's shipment of COVID-19 shots to drop next week,0.178,0.029,0.955,0.016
17,J&amp;J Vaccine Dose Allocations Will Drop Next Week,0.0,0.0,1.0,0.0
18,"REFILE-UPDATE 1-EU reviews J&amp;J COVID-19 vaccine for blood clots, expands AstraZeneca probe",-0.94,0.0,0.905,0.095
19,EU Regulator Investigating Blood Clots After J&amp;J Covid Vaccine,0.165,0.062,0.874,0.064
20,"CORRECTED-EU reviews J&amp;J COVID-19 vaccine for blood clots, expands AstraZeneca probe",-0.898,0.0,0.884,0.116
21,"Coronavirus tally: Global cases of COVID-19 top 134 million and U.S. death toll above 560,000",-0.979,0.0,0.9,0.1
22,J&amp;J COVID-19 Vaccine Subject of EU Review on Blood Clots,-0.542,0.0,0.851,0.149
23,UPDATE 1-J&amp;J set to begin India trial of its single-shot vaccine - report,0.681,0.044,0.929,0.027
24,ISS joins Glass Lewis in recommending vote against J&amp;J CEO's pay package,-0.978,0.043,0.834,0.124
25,AstraZeneca cuts this week’s vaccine deliveries to EU by half,-0.361,0.013,0.95,0.038
