﻿,Titles,Polarity,Positive,Neutral,Negative
0,11 Best Vanguard Stocks to Buy Now,1.0,0.11,0.862,0.027
1,Almost 400M COVID-19 Vaccine Doses Lost Due To Emergent's Baltimore Plant Fiasco,0.415,0.069,0.877,0.054
2,"Halozyme (HALO) Q1 Earnings Miss, Royalties Aid Y/Y Revenues",0.996,0.112,0.874,0.014
3,10 Dividend Achievers to Buy in 2022,1.0,0.111,0.863,0.025
4,J&amp;J appoints consumer health head Thibaut Mongon to CEO of spun-off business,0.128,0.01,0.99,0.0
5,Johnson &amp; Johnson Appoints Thibaut Mongon as CEO Designate of Planned New Consumer Health Company,0.999,0.13,0.848,0.022
6,"Coinbase, Unity Software, Wendy's Fall Premarket; Krispy Kreme, Peloton Rise",0.285,0.066,0.874,0.06
