﻿,Titles,Polarity,Positive,Neutral,Negative
0,10 High Yield REIT Dividend Stocks For 2022,0.999,0.15,0.838,0.013
1,"HM Capital Management, LLC Buys ProShares UltraShort S&amp;P500, Automatic Data Processing Inc, ...",0.994,0.065,0.93,0.004
2,"Insight Wealth Strategies, LLC Buys ISHARES TRUST, iShares TIPS Bond ETF, iShares iBoxx USD ...",1.0,0.141,0.849,0.01
3,10 Stocks Making Big Moves on Quarterly Results,0.996,0.092,0.889,0.019
4,"COVID misinformation: ‘There are facts, and then there are opinions,’ doctor says",-0.542,0.0,0.884,0.116
5,"COVID-19 vaccines: FDA gives Moderna's vaccine full approval, Novavax seeks authorization",0.0,0.0,1.0,0.0
6,"COVID-19 pill: ‘The demand is really, really out there and the supply isn’t,' doctor explains",-0.778,0.0,0.799,0.201
7,"Top Analyst Reports for Apple, Tesla &amp; Johnson &amp; Johnson",0.999,0.166,0.782,0.051
8,Novavax (NVAX) Stock Rises on Deal for COVID-19 Jab in Israel,0.996,0.115,0.867,0.018
9,"Omicron subvariant likely ‘extends the tail of this outbreak,’ doctor says",0.0,0.0,1.0,0.0
10,AbbVie's (ABBV) Q4 Earnings May Reflect Slower Sales Recovery,0.997,0.117,0.868,0.015
11,10 Best Monthly Dividend Stocks to Buy for 2022,0.999,0.116,0.875,0.009
12,"Kaleido Halts Upcoming Phase 2 COPD Trial, Piper Sandler Cuts Price Target",0.952,0.083,0.891,0.026
