﻿,Titles,Polarity,Positive,Neutral,Negative
0,Dow Jones Fades As Market Watches Biden's $2 Trillion Stimulus Plan; Jobless Claims Disappoint,0.34,0.098,0.902,0.0
1,"Dow Jones Up 130 Points As Stock Market Shrugs Off Trump Impeachment, Jobs Data",0.0,0.0,1.0,0.0
2,"Dow Jones Up 130 Points As Stock Market Shrugs Off Trump Impeachment, Jobs Data",0.0,0.0,1.0,0.0
3,"The Daily Biotech Pulse: Alexion Pauses COVID-19 Study, NantKwest Readout, Organogenesis Jumps On Guidance, Trial Updates",0.852,0.064,0.889,0.047
4,European Stock Futures Higher; U.S. Stimulus Eyed,-0.914,0.041,0.891,0.068
