﻿,Titles,Polarity,Positive,Neutral,Negative
0,"COVID-19: ‘We don’t really know what Omicron is going to do in terms of Long-COVID,’ doctor says",-0.25,0.0,0.947,0.053
1,Gilead Sciences sued over royalty payments on key HIV drug,0.477,0.173,0.761,0.066
2,Stock market outlook: Sectors to watch going into 2022,-0.178,0.0,0.941,0.059
3,Gotham owner details staffing and inflation challenges restaurants are facing,0.995,0.088,0.878,0.034
4,Retail analyst: Department stores have ‘proved they’re resilient’,0.999,0.135,0.844,0.021
5,"Omicron: ‘It’s morally scandalous’ that we don’t have adequate COVID testing, doctor says",-0.318,0.0,0.927,0.073
6,"Omicron: Less severe infection rate has been ‘downplayed,’ FDA official says",0.0,0.0,1.0,0.0
7,Johnson &amp; Johnson Stock: Bull vs. Bear,0.718,0.126,0.795,0.079
8,"COVID-19 cases rise amid Omicron, CDC shortens isolation guidelines for health care workers",0.128,0.124,0.772,0.104
9,Sitting on Cash? These 2 Stocks Are Great Buys,0.671,0.224,0.776,0.0
