﻿,Titles,Polarity,Positive,Neutral,Negative
0,University Hospital to mandate boosters for those who received JNJ vaccine,0.0,0.0,1.0,0.0
1,U.S. administers over 415 mln doses of COVID-19 vaccines - CDC,0.599,0.034,0.966,0.0
2,Johnson &amp; Johnson Executive Jennifer Taubert Named to 2021 Fortune Most Powerful Women in Business List,0.8,0.069,0.931,0.0
3,3 Top COVID Stocks -- Are They Tricks or Treats?,0.296,0.042,0.958,0.0
4,Should WisdomTree U.S. LargeCap Dividend ETF (DLN) Be on Your Investing Radar?,0.997,0.137,0.826,0.037
5,Why Pfizer and BioNTech Will Be Bigger Winners Than Moderna With Mix-and-Match Boosters,0.0,0.0,1.0,0.0
