﻿,Titles,Polarity,Positive,Neutral,Negative
0,One dose of the J&amp;J COVID-19 vaccine is ‘certainly not enough’: Doctor,0.0,0.0,1.0,0.0
1,J&amp;J’s Push for Settlement Talks Rebuffed by Talc Cancer Victims,-0.835,0.111,0.763,0.126
2,Kevin O'Leary says the 'real opportunity' for Bitcoin will come from this overlooked group of investors — but he's still a big fan of blue chip income stocks,0.999,0.154,0.824,0.021
3,REFILE-U.S. administers 452.6 mln doses of COVID-19 vaccines - CDC,0.599,0.033,0.967,0.0
4,"Cramer's Mad Money Recap 11/22: Morgan Stanley, Centene, J&amp;J",-0.709,0.076,0.721,0.203
5,7 Companies That Ought to Be Broken Up Just Like GE,1.0,0.125,0.842,0.033
6,How Scale Went Out of Fashion in Corporate America,0.361,0.111,0.889,0.0
7,Walgreens (WBA) to Offer COVID-19 Vaccine Booster Shots,0.998,0.121,0.874,0.006
8,COVID-19 cases and hospitalizations on the rise ahead of holiday gatherings,-0.052,0.073,0.847,0.079
9,FDA Authorizes PFE &amp; MRNA's COVID-19 Boosters for All Adults,0.994,0.095,0.878,0.026
10,Implied Volatility Surging for Johnson &amp; Johnson (JNJ) Stock Options,0.974,0.085,0.901,0.014
11,UPDATE 1-EU says decision on J&amp;J COVID-19 vaccine booster dose 'within weeks',0.813,0.053,0.936,0.011
12,EU says decision on J&amp;J COVID-19 vaccine booster dose 'within weeks',0.0,0.0,1.0,0.0
13,7 Stocks to Buy for Their Resistance to the 6.2% Monthly Inflation,0.999,0.121,0.839,0.039
14,First COVID vaccine doses donated by EU begin arriving in Africa- GAVI,0.202,0.037,0.947,0.016
15,Vaccine-Makers Edge Higher as Regulators OK Boosters for All Adults,0.916,0.083,0.897,0.02
