﻿,Titles,Polarity,Positive,Neutral,Negative
0,Latest Report of Baby’s Death After Consuming Formula Mentions Cronobacter Bacteria,-0.542,0.0,0.844,0.156
1,Dow Jones Gains; Tesla Falls After Elon Musk Reveals These Fears; This Stock Up As Warren Buffett Raises Stake,-0.34,0.0,0.893,0.107
2,CDC endorses Moderna's COVID vaccine for kids 6 to 17 years old,0.318,0.133,0.867,0.0
3,Why Did HC Wainwright Downgrade Addex Therapeutics,0.967,0.089,0.905,0.006
4,Johnson &amp; Johnson (JNJ) Is a Trending Stock: Facts to Know Before Betting on It,0.998,0.122,0.868,0.01
5,7 Retirement Stocks to Buy After Age 30,1.0,0.163,0.796,0.04
6,3 Top Warren Buffett Stocks to Buy in This Bear Market,0.772,0.15,0.85,0.0
