﻿,Titles,Polarity,Positive,Neutral,Negative
0,COVID SCIENCE-Pausing methotrexate improves booster response; first-trimester of pregnancy vaccination most beneficial,0.974,0.084,0.875,0.041
1,7 Safe Stocks to Buy in July 2022,1.0,0.175,0.77,0.055
2,"Moody’s reduces outlook for pharma industry, Pfizer to provide additional COVID vaccine doses",0.273,0.07,0.93,0.0
3,Supreme Court Allows New York Vaccine Mandate for Health-Care Workers,-0.968,0.021,0.908,0.071
4,FDA says COVID-19 boosters should be updated to combat two omicron subvariants,0.494,0.05,0.936,0.014
5,Dow Jones Dives After Key Inflation Report,-0.402,0.077,0.769,0.154
6,10 Best Electric Utility Stocks To Invest In,1.0,0.184,0.804,0.012
7,"Pharma Stock Roundup: FDA Panel Backs Updated COVID Jabs, EU Nod for SNY, MRK Drugs",0.998,0.123,0.85,0.028
8,Dow Jones Futures Sell Off After Key Inflation Report,-0.402,0.077,0.769,0.154
9,Dow Jones Futures Dive Ahead Of Key Inflation Report,-0.402,0.077,0.769,0.154
