﻿,Titles,Polarity,Positive,Neutral,Negative
0,Is Alibaba Group Holding (BABA) Stock A Buy Or Sell?,0.998,0.112,0.844,0.045
1,Lifted COVID-19 restrictions becoming ’problematic’ for airline workers: AFA President,0.998,0.105,0.845,0.05
2,IDT Biologika To Make J&amp;J's COVID-19 Vaccine Using Takeda's Manufacturing Capacity,0.973,0.125,0.875,0.0
3,Vaccine hesitation could cause ‘back-sliding’ in COVID-19 progress: Expert,0.997,0.092,0.87,0.039
4,Novavax's (NVAX) COVID-19 Vaccine Shows Final Efficacy of 96.4%,0.994,0.122,0.86,0.019
5,UPDATE 3-Takeda grants J&amp;J German production capacity for COVID-19 shot,0.796,0.051,0.949,0.0
