﻿,Titles,Polarity,Positive,Neutral,Negative
0,Doctor: More than 90% of hospitalizations driven by the unvaccinated,0.0,0.0,1.0,0.0
1,CDC recommends pregnant women get COVID-19 vaccine,-0.737,0.042,0.88,0.078
2,3 of the Best Stocks You Can Buy With $200 or Less,0.0,0.0,1.0,0.0
3,UPDATE 1-WHO-led trial to study three anti-inflammatory drugs for COVID-19 patients,0.858,0.119,0.81,0.071
4,UPDATE 1-India in talks to buy 50 million doses of Pfizer vaccine - WSJ,0.751,0.057,0.929,0.013
5,4 Value Stocks That'll Help You Trounce Inflation,0.382,0.169,0.726,0.105
