﻿,Titles,Polarity,Positive,Neutral,Negative
0,UPDATE 1-Emergent BioSolutions posts first-quarter profit on vaccine funding,0.25,0.051,0.898,0.051
1,Dr. Krutika Kuppalli explains why COVID-19 cases could get worse in India before improving,-0.625,0.0,0.876,0.124
2,"Moderna ramps up investments to triple vaccine output, eyes boosters",0.925,0.057,0.925,0.018
3,"Moderna ramps up investments to triple vaccine output, eyes boosters",0.925,0.057,0.925,0.018
4,NYC reopening timeline is a ‘disastrous issue’: Doctor,-0.382,0.0,0.898,0.102
5,Doctor: Travel ban from India to the U.S. could be 'counterproductive',0.0,0.0,1.0,0.0
6,7 Reasons to Invest in Dividend-Paying Stocks for Retirement,0.382,0.101,0.823,0.076
7,Better Buy: Johnson &amp; Johnson Stock or the Entire S&amp;P 500?,-0.34,0.029,0.905,0.066
8,Is Novavax Stock A Buy On Hints Its Covid Vaccine Is Nearing Authorization?,0.735,0.205,0.795,0.0
9,Spain's Reig Jofre new plant to produce J&amp;J vaccine by end-Q2,0.477,0.039,0.961,0.0
