﻿,Titles,Polarity,Positive,Neutral,Negative
0,"Booster may be needed for J&amp;J shot as Delta variant spreads, some experts already taking them",0.954,0.063,0.897,0.04
1,"Zero N.J. Deaths, Pressure Mounts on U.K. Minister: Virus Update",0.961,0.054,0.904,0.041
2,It’s concerning seeing variants popping up all over the world: Doctor,-0.382,0.0,0.915,0.085
3,It’s concerning seeing variants popping up all over the world: Doctor,0.998,0.105,0.847,0.049
4,This is Why Johnson &amp; Johnson (JNJ) is a Great Dividend Stock,0.991,0.123,0.87,0.007
5,UPDATE 1-EU approves production line for J&amp;J's COVID-19 vaccine in Italy to boost supply,0.962,0.083,0.901,0.016
6,"UPDATE 3-Amid J&amp;J's supply woes, EU approves new COVID-19 vaccine plant",0.963,0.071,0.908,0.021
7,EU regulator approves Italian site for J&amp;J COVID-19 vaccine production,0.802,0.092,0.908,0.0
8,UPDATE 1-South Africa to ramp up COVID-19 vaccinations as opposition protests,0.902,0.05,0.921,0.028
9,"The Zacks Analyst Blog Highlights: Tesla, Alibaba, Johnson &amp; Johnson, Toyota Motor and 3M",0.997,0.11,0.861,0.029
10,"The Zacks Analyst Blog Highlights: Tesla, Alibaba, Johnson &amp; Johnson, Toyota Motor and 3M",0.997,0.11,0.861,0.029
11,"UPDATE 2-Denmark continues exclusion of J&amp;J, AstraZeneca COVID-19 vaccines",0.793,0.081,0.863,0.056
12,South Africa aims to more than double daily COVID-19 vaccinations over next month,0.843,0.035,0.953,0.011
13,Ignore Biogen: Here Are 3 Better Stocks,0.422,0.061,0.939,0.0
14,Ignore Biogen: Here Are 3 Better Stocks,0.422,0.061,0.939,0.0
