﻿,Titles,Polarity,Positive,Neutral,Negative
0,Former Biden COVID-19 adviser calls for vaccine mandate for teens,0.0,0.0,1.0,0.0
1,"Battle Against Johnson &amp; Johnson ""Texas Two-Step"" Ploy Moves to New Jersey",-0.993,0.08,0.785,0.136
2,Europe To Return Johnson &amp; Johnson COVID-19 vaccines Shipped From South Africa: WSJ,-0.202,0.011,0.971,0.018
3,Todos Medical launches test that measures COVID-19 antibody levels,0.0,0.0,1.0,0.0
4,Data is starting to support the need &amp; timeline for a Covid-19 booster vaccine: Virologist,0.0,0.0,1.0,0.0
5,7 Healthcare Stocks to Buy Before $3.5 Trillion Floods In,1.0,0.137,0.845,0.018
6,"Why Elizabeth Holmes, Theranos saga has cast a 'long shadow' on female-led startups",-0.929,0.055,0.868,0.077
7,Moderna (MRNA) Gives First COVID Jab Booster Data to the FDA,0.995,0.099,0.894,0.007
8,J&amp;J (JNJ) Gets FDA Nod for Twice-Yearly Schizophrenia Drug,0.996,0.123,0.869,0.008
9,UPDATE 1-SAfrica's Aspen seeks licence for J&amp;J COVID shot as EU shipments halted,0.768,0.023,0.965,0.011
10,Love Dividends? 2 Stocks You Might Want to Buy,0.949,0.237,0.745,0.017
11,Aspen eyes Serum Institute model as it seeks licence to make J&amp;J vaccine,0.077,0.023,0.957,0.02
12,"UPDATE 1-J&amp;J vaccine shipments from S.Africa to Europe halted, AU says",0.035,0.027,0.942,0.031
13,Aspen in talks with J&amp;J to produce and market COVID-19 vaccine,0.654,0.053,0.947,0.0
