﻿,Titles,Polarity,Positive,Neutral,Negative
0,UPDATE 1-J&amp;J gives notice to terminate Emergent manufacturing deal for COVID vaccine,0.361,0.061,0.879,0.06
1,How Newcomer Arcellx Is Looking To Rival Johnson &amp; Johnson In Cancer,0.0,0.0,1.0,0.0
2,"Johnson &amp; Johnson-AbbVie Partnered Lymphoma Drug Slows Disease Progression, Data Shows",0.899,0.092,0.874,0.034
3,Emergent Bio Says Johnson &amp; Johnson Breached COVID-19 Vaccine Contract,0.973,0.163,0.771,0.066
4,Ray Dalio Was Wrong About These 10 Stocks,0.999,0.107,0.86,0.033
5,Contract manufacturer Emergent says J&amp;J breached vaccine contract,0.382,0.078,0.848,0.075
6,Contract manufacturer Emergent says J&amp;J breached vaccine contract,0.382,0.077,0.849,0.074
