﻿,Titles,Polarity,Positive,Neutral,Negative
0,U.S. administers 425.3 mln doses of COVID-19 vaccines - CDC,0.599,0.035,0.965,0.0
1,COVID-19 vaccine has ‘an incredibly positive benefit to risk ratio’: Doctor,0.477,0.1,0.9,0.0
2,10 Best Cancer Stocks To Buy Now,-0.984,0.101,0.798,0.101
3,UPDATE 1-Italy recommends Pfizer or Moderna booster for those who had J&amp;J shot,0.296,0.016,0.977,0.007
4,CDC recommends Pfizer COVID-19 vaccine for kids ages 5 to 11,-0.382,0.0,0.867,0.133
5,Here's What Investors Need to Know About Johnson &amp; Johnson's Q3 Earnings,-0.273,0.043,0.887,0.07
6,Johnson &amp; Johnson Launches a Health Equity Innovation Challenge in 6 U.S. Cities,0.202,0.093,0.828,0.079
7,"Halozyme (HALO) Beats on Q3 Earnings, Tweaks 2021 Guidance",0.997,0.119,0.876,0.005
8,Italy recommends Pfizer or Moderna booster for those who had J&amp;J shot,0.296,0.019,0.973,0.009
9,11 Best Income Stocks To Buy Right Now,1.0,0.188,0.789,0.023
10,Should You Invest in the iShares U.S. Pharmaceuticals ETF (IHE)?,0.996,0.123,0.846,0.031
11,Covid Vaccines for Children Are Here. What to Know.,0.0,0.0,1.0,0.0
