﻿,Titles,Polarity,Positive,Neutral,Negative
0,"Citizens &amp; Northern Corp Buys AmerisourceBergen Corp, PPL Corp, Cisco Systems Inc, Sells ...",0.993,0.06,0.933,0.007
1,"Stocks pare losses but hold lower ahead of earnings, Fed meeting",0.34,0.094,0.906,0.0
2,"Websterrogers Financial Advisors, Llc Buys AvalonBay Communities Inc, Equity Residential, Essex ...",0.996,0.085,0.91,0.005
3,"S.E.E.D. Planning Group LLC Buys Honeywell International Inc, Medtronic PLC, Johnson &amp; ...",0.991,0.054,0.939,0.007
4,"Keeler Thomas Management LLC Buys Amcor PLC, Amazon. ...",0.988,0.058,0.936,0.005
5,"Pfizer, AstraZeneca or J&amp;J COVID-19 Shots Boost Sinovac Regime, Brazilian Study Shows",0.92,0.086,0.882,0.033
6,"Microsoft, Johnson &amp; Johnson, Verizon Earnings: 3 Things to Watch",0.802,0.071,0.877,0.052
7,"UPDATE 2-Sinovac regimen gets strong boost from Pfizer, AstraZeneca or J&amp;J COVID shots - study",0.778,0.05,0.92,0.03
8,10 High Yield Dividend Kings for 2022,0.999,0.115,0.879,0.006
9,Market Crash Predictions and 10 Stocks to Buy for Bad Times,0.999,0.101,0.858,0.041
10,Johnson &amp; Johnson May Shed Some Tears in This Bear Market Decline,-0.144,0.046,0.88,0.074
