﻿,Titles,Polarity,Positive,Neutral,Negative
0,Johnson &amp; Johnson (JNJ) Gains But Lags Market: What You Should Know,0.995,0.116,0.872,0.012
1,Delta COVID-19 variant likely to become dominant U.S. strain: Doctor,0.0,0.0,1.0,0.0
2,Delta COVID-19 variant likely to become dominant U.S. strain: Doctor,0.998,0.104,0.858,0.039
3,10 Best Dividend Stocks to Buy According to Billionaire Cliff Asness,1.0,0.123,0.859,0.018
4,10 Best Dividend Stocks to Buy According to Billionaire Cliff Asness,1.0,0.123,0.859,0.018
5,Sanofi's (SNY) Aubagio Gets EU Nod for MS in Pediatric Patients,0.998,0.161,0.827,0.012
6,There's 'huge demand' to vaccinate the world amid COVID variant concerns: Doctor,0.66,0.141,0.859,0.0
7,There's 'huge demand' to vaccinate the world amid COVID variant concerns: Doctor,0.66,0.141,0.859,0.0
8,"S.Africa's Ramaphosa accuses Big Pharma of 'selfish, unjust' vaccine policy",-0.925,0.057,0.841,0.102
9,AstraZeneca (AZN) Gets Court Order to Supply COVID-19 Jabs in EU,0.995,0.107,0.867,0.026
10,Will Emergence of COVID-19 Delta Variant Aid Vaccine Makers?,0.995,0.109,0.85,0.041
