﻿,Titles,Polarity,Positive,Neutral,Negative
0,COVID-19: Many feel it’s somewhat reckless to tell people after 5 days you can assume you’re fine and clear says Emergency Medicine Physician,-0.649,0.0,0.725,0.275
1,"CDC changes COVID-19 quarantine, isolation guidelines",-0.459,0.0,0.9,0.1
2,Omicron Should Be Hitting the Market. Why Stocks Are Looking Past the Spread.,-0.599,0.0,0.754,0.246
3,"More Covid-19 Vaccines Are Reaching Poorer Nations, but Slowly",0.026,0.09,0.824,0.086
4,Should You Invest in the Health Care Select Sector SPDR ETF (XLV)?,0.998,0.148,0.826,0.027
5,Should Oshares U.S. Quality Dividend ETF (OUSA) Be on Your Investing Radar?,0.997,0.138,0.83,0.032
6,"Advisors' Inner Circle Fund III Buys Petroleo Brasileiro SA Petrobras, Devon Energy Corp, ...",0.993,0.05,0.946,0.004
7,"Advisors' Inner Circle Fund III Buys Devon Energy Corp, Johnson &amp; Johnson, Exxon Mobil ...",0.991,0.066,0.928,0.006
