﻿,Titles,Polarity,Positive,Neutral,Negative
0,"Walgreens, drugmakers blame others for San Francisco's opioid crisis",-0.978,0.032,0.881,0.087
1,J&amp;J sues to block sales of 'dangerous' counterfeit HIV drugs,-0.773,0.067,0.837,0.096
2,J&amp;J sues to block sales of 'dangerous' counterfeit HIV drugs,-0.773,0.066,0.838,0.095
3,"Why High Dividend, Low Volatility ETFs are Beating the Market",0.984,0.142,0.798,0.06
4,"Drug/Biotech Stocks' Apr 27 Q1 Earnings Roster: GSK, AMGN &amp; More",0.999,0.149,0.829,0.022
5,Is a Beat Likely for AbbVie (ABBV) This Earnings Season?,0.998,0.118,0.852,0.029
6,Want to Get Richer? 2 Best Stocks to Buy Now and Hold Forever,0.915,0.139,0.861,0.0
7,10 Stocks to Buy Now According to James Katz’s Humankind Investments,0.999,0.082,0.9,0.018
8,Did Johnson &amp; Johnson's CFO Just Spell Trouble for Moderna and Pfizer?,0.633,0.057,0.913,0.03
9,Is Johnson &amp; Johnson Stock a Buy Now?,0.836,0.229,0.771,0.0
10,3 Dividend Stocks for Value Investors Seeking Regular Income,0.998,0.1,0.883,0.017
11,BIOAF: Collaboration Arrangement with Janssen,0.996,0.105,0.881,0.014
