﻿,Titles,Polarity,Positive,Neutral,Negative
0,U.S. Lowers India Advisory; MGM’s Vaccine Mandate: Virus Update,0.994,0.069,0.897,0.034
1,Doctor explains why COVID-19 cases are rising among children,0.0,0.0,1.0,0.0
2,U.S. children covid hospitalizations hit ‘highest levels we’ve ever seen’: Doctor,0.0,0.0,1.0,0.0
3,Doctor on delta variant: 'We have much more uncertainty than we would like',0.0,0.0,1.0,0.0
4,Pfizer Submits Third-Dose Data to FDA; J&amp;J Mandate: Virus Update,0.875,0.058,0.895,0.047
5,3 Popular Robinhood Dividend Stocks You Can Buy Right Now,0.907,0.279,0.721,0.0
6,5 Top Dividend Kings to Buy and Hold Forever,0.935,0.231,0.728,0.041
