﻿,Titles,Polarity,Positive,Neutral,Negative
0,CDC panel endorses Pfizer’s Covid vaccine for use in adolescents,0.0,0.0,1.0,0.0
1,'The biggest risk for Americans right now regarding COVID-19 is what’s happening across the world': Doctor,0.0,0.0,1.0,0.0
2,Emergent Initiates Quality Enhancement Plan For Troubled Baltimore Vaccine Facility,-0.202,0.045,0.911,0.044
3,"UPDATE 2-U.S. CDC finds more clotting cases after J&amp;J vaccine, sees causal link",0.477,0.034,0.942,0.024
4,10 Best Pharmaceutical Stocks to Buy According to Billionaire Kerr Neilson,1.0,0.112,0.864,0.024
5,10 Best Pharmaceutical Stocks to Buy According to Billionaire Kerr Neilson,1.0,0.112,0.864,0.024
6,Here's How Much You Could Be Making From Johnson &amp; Johnson's Dividend 5 Years From Now,0.527,0.087,0.913,0.0
7,Maduro says Venezuela will soon receive Russia's single-dose Sputnik Light vaccine,-0.84,0.018,0.934,0.048
