﻿,Titles,Polarity,Positive,Neutral,Negative
0,Pfizer Nabs Booster OK In U.S. — But How Long Will It Hold The Covid Lead?,0.0,0.0,1.0,0.0
1,Pfizer (PFE) Booster Dose Gets FDA Nod for High-Risk People,0.99,0.084,0.887,0.03
2,FDA Authorizes Pfizer Booster for Some Americans. The CDC’s Call on the Rollout Could Come Today.,0.0,0.0,1.0,0.0
3,Markets Defy Fed’s Hawkish Shift. Here’s Why.,-0.178,0.051,0.878,0.071
4,3 Relatively Safe Pharma Stocks You Can Buy Right Now,0.744,0.13,0.87,0.0
5,Anne Wojcicki on comparison to Elizabeth Holmes: ‘Theranos was never transparent’,0.511,0.109,0.891,0.0
6,Influencers with Andy Serwer: Anne Wojcicki,0.382,0.073,0.927,0.0
7,"Pfizer Covid-19 Booster Shouldn’t Be for Moderna, J&amp;J Vaccine Recipients, Health Official Says",0.625,0.203,0.797,0.0
