﻿,Titles,Polarity,Positive,Neutral,Negative
0,"COVID-19: ‘Vaccines absolutely decrease the risk of transmission’, doctor says",-0.382,0.0,0.898,0.102
1,Mario Gabelli says more companies will catch the 'contagion' to split up — watch for these 4 potentially lucrative breakups,0.997,0.103,0.88,0.017
2,10 Blue Chip Dividend Stocks with Over 8% Yield,0.999,0.13,0.849,0.021
3,The Key Issues in Picking an Active or Passive Fund,0.487,0.157,0.843,0.0
4,Germany mulls a lockdown as COVID cases rise in Europe,0.0,0.0,1.0,0.0
5,"U.S. has already seen more COVID deaths in 2021 than 2020 before vaccines were available, as experts again warn pandemic is not over",-0.914,0.022,0.707,0.271
6,Canada clears import of J&amp;J COVID-19 vaccine doses made at Emergent plant,0.752,0.059,0.911,0.031
7,UPDATE 1-Canada allows import of J&amp;J COVID-19 vaccine doses made at Emergent facility,0.562,0.04,0.95,0.01
8,Johnson &amp; Johnson COVID vaccine wins full approval in Canada in first major regulatory nod,0.937,0.207,0.764,0.028
9,UPDATE 2-Canada gives full approval to J&amp;J's single-shot COVID-19 vaccine,0.859,0.083,0.899,0.018
10,"The Zacks Analyst Blog Highlights: Johnson &amp; Johnson, Netflix, Oracle, PepsiCo and Verizon Communications",0.998,0.136,0.838,0.026
11,"CVS, Walmart Fall as Ohio Jury Rules Them Guilty in Opioid Crisis",-0.994,0.035,0.809,0.156
