﻿,Titles,Polarity,Positive,Neutral,Negative
0,Johnson &amp; Johnson (JNJ) Stock Moves -0.22%: What You Should Know,0.99,0.092,0.893,0.015
1,Barring new variant 'we're close' to return to normal: Doctor,0.422,0.109,0.891,0.0
2,Should I Avoid Taiwan Semiconductor Mfg. Co. Ltd. (TSM)?,0.998,0.107,0.871,0.021
3,Acceleron (XLRN) Stock Up on Takeover Rumors for $11 Billion,0.994,0.125,0.867,0.008
4,9 Best Clean Energy Stocks To Buy Today,1.0,0.158,0.822,0.02
5,Hedge Funds Aren’t Crazy About Tesla Inc. (TSLA) Anymore,0.997,0.091,0.89,0.02
6,CDC 'starting to see mix-and-match data' for COVID-19 vaccines: Director,-0.637,0.02,0.951,0.029
7,Yahoo Finance Presents: CDC Director Dr. Rochelle Walensky,0.999,0.097,0.864,0.039
8,Johnson &amp; Johnson Celebrates COVID-19 Vaccine Science Superheroes,1.0,0.205,0.788,0.006
