﻿,Titles,Polarity,Positive,Neutral,Negative
0,Broadway League president on Omicron spike: 'We don’t anticipate being shut down at any time soon’,0.542,0.139,0.81,0.051
1,3 Healthcare Stocks to Buy If You're Worried About a Market Crash,-0.369,0.0,0.819,0.181
2,Novavax CEO: 'We will be filing within the next few days' with FDA,0.936,0.061,0.914,0.025
3,"Novavax (NVAX) COVID Vaccine Gets EU Nod, 2nd Listing by WHO",0.998,0.129,0.865,0.006
4,Stocks rebound after Omicron concerns rattle markets,0.0,0.0,1.0,0.0
5,COVID-19: What the Biden administration is doing to address winter surge in cases,-0.649,0.0,0.862,0.138
6,Glaxo (GSK) Gets FDA Nod for HIV Preventive Injectable Drug,0.993,0.114,0.861,0.025
7,Novavax CEO: ‘We are making an Omicron variant strain vaccine’,0.0,0.0,1.0,0.0
8,"The Zacks Analyst Blog Highlights: Johnson &amp; Johnson, Home Depot, Toyota, Oracle and Intuit",0.995,0.101,0.869,0.03
9,UPDATE 1-Blood thinner drug Xarelto tied to higher rate of major side-effects - study,0.863,0.066,0.887,0.047
10,COVID-19: U.S. confirms first death linked to Omicron variant,0.0,0.0,1.0,0.0
11,Moderna (MRNA) COVID-19 Booster Jab Effective Against Omicron,0.988,0.095,0.889,0.016
12,"Omicron surge: Live event cancellations are ‘still a minority,’ Vivid Seats CEO says",0.0,0.0,1.0,0.0
13,Blood thinner drug Xarelto tied to more major side-effects - study,0.827,0.066,0.887,0.046
14,Coronavirus: White House to distribute 500M at-home COVID tests amid Omicron surge,0.511,0.073,0.927,0.0
15,UPDATE 1-German committee recommends booster after three months as Omicron spreads,0.542,0.052,0.93,0.018
16,DYAI: Jumpin’ Janssen Jamboree,1.0,0.109,0.887,0.004
