﻿,Titles,Polarity,Positive,Neutral,Negative
0,UPDATE 8-U.S. authorizes third shot of COVID-19 vaccines for the immunocompromised,0.978,0.063,0.914,0.024
1,Novavax: Bronze Medal May Be Good Enough in COVID Race,0.975,0.081,0.87,0.049
2,Doctor on COVID: ‘We have to react to the public health information’,0.0,0.0,1.0,0.0
3,Why Johnson &amp; Johnson (JNJ) is a Top Dividend Stock for Your Portfolio,0.992,0.13,0.863,0.007
4,"Musical Past, Cannabis Innovation And 'Buying Without Seeing': Meet Carlos Vives Jr., Avicanna's Director Of Genetics",0.993,0.062,0.924,0.015
5,CDC says authorization of COVID-19 vaccine boosters not applicable to J&amp;J shot,0.296,0.03,0.97,0.0
6,"FDA approves booster shot, Moderna’s vaccine effectiveness on variants, Facebook delays return to office",0.612,0.105,0.855,0.039
7,Moderna's Shot Seems To Have A Better Shot Against Delta Than Pfizer's,0.885,0.073,0.867,0.059
8,Johnson &amp; Johnson's (NYSE:JNJ) Strong ROE Continues the Bullish Run,0.999,0.175,0.814,0.011
9,India set for huge boost in COVID vaccine supplies - ruling party chief,0.971,0.082,0.898,0.021
