﻿,Titles,Polarity,Positive,Neutral,Negative
0,Why Johnson &amp; Johnson Stock Rose Today,0.71,0.136,0.864,0.0
1,"US STOCKS-Wall Street advances on earnings optimism, dovish rate rise remarks",0.994,0.112,0.85,0.038
2,"Dow jumps nearly 500 points, U.S. stocks end sharply higher as earnings season heats up",0.625,0.141,0.859,0.0
3,US STOCKS-Wall Street ends higher as earnings optimism outshines rising yields,0.995,0.124,0.836,0.039
4,'We always look at demand relative to our manufacturing capacity': J&amp;J exec on COVID vaccine,0.381,0.031,0.941,0.027
5,"Dow jumps 550 points, U.S. stocks trade sharply higher as earnings season heats up",0.402,0.101,0.899,0.0
6,Johnson &amp; Johnson (JNJ) Q1 2022 Earnings Call Transcript,0.361,0.07,0.93,0.0
7,"UPDATE 1-Alabama reaches $276 mln opioid settlement with J&amp;J, McKesson, Endo  -attorney general",-0.178,0.077,0.847,0.075
8,"US STOCKS-Wall Street buoyant on earnings optimism, overshadows rising yields",0.991,0.108,0.85,0.042
9,"Alabama reaches $276 million opioid settlement with J&amp;J, McKesson, Endo  -attorney general",-0.178,0.081,0.84,0.079
10,"Dow Jones Jumps 400 Points, Led by Surging J&amp;J Stock; Tech Stock Gives Rare Buy Signal",0.0,0.0,1.0,0.0
11,"Dow jumps more than 350 points, U.S. stocks trade sharply higher as earnings season heats up",0.402,0.101,0.899,0.0
12,US STOCKS-Wall Street climbs as earnings optimism overshadows rising yields,0.925,0.078,0.871,0.051
13,Medical-Device Stocks Surge Most Since 2020 After J&amp;J Results,0.98,0.123,0.839,0.038
14,"Stock Market Gains On Housing News, Lower Oil Prices; Positive Earnings Lift Stocks",0.103,0.109,0.798,0.092
15,"Johnson &amp; Johnson Backs Off Covid Vaccine Sales Guidance, Citing Supply Surplus",0.039,0.033,0.967,0.0
16,Stock Market Today: Dow Rallies on Tech Strength as Earnings Season Heats Up,0.98,0.105,0.848,0.047
17,"S&amp;P 500 Jumps as Dip-Buyers Return to Tech Ahead of Netflix, IBM Earnings",0.954,0.085,0.872,0.044
18,Ukraine Forms ‘Internet Army’ to Pressure Western Firms in Russia,-0.34,0.08,0.764,0.156
19,Why J&amp;J Is Shifting Its Focus From Covid Shots — And Seeing A Stock Resurgence,-0.25,0.0,0.875,0.125
20,US STOCKS-Earnings optimism helps Wall Street shrug off rising yields,0.926,0.106,0.814,0.08
21,"Shareholders push for review of lobbying by Gilead, other drugmakers",-0.026,0.041,0.915,0.044
22,Experts dismayed by response to face-mask mandate ruling as airlines immediately drop requirement — in some cases midflight,-0.802,0.0,0.813,0.187
23,Johnson &amp; Johnson CFO: How inflation plays out is ‘anybody’s guess’,0.382,0.091,0.909,0.0
24,"Housing Data Up for March; JNJ, LMT Mixed in Q1",0.995,0.101,0.892,0.007
25,Stock Market Up Nearly 1% As Earnings Pour In; These 2 Stocks Top Buy Points,0.0,0.0,1.0,0.0
26,J&amp;J Trims Annual Profit Forecast Citing Currency Headwinds,0.996,0.12,0.835,0.046
27,Dow jumps 300 points as earnings season heats up,0.402,0.105,0.895,0.0
28,"Housing Market Remains Strong, Mortgage Rates To Rise",0.993,0.096,0.897,0.007
29,U.S. stocks edge mostly higher as earnings season heats up,0.402,0.105,0.895,0.0
30,Dow Jones Rises As Earnings Season Continues; Netflix Earnings On Deck,0.0,0.0,1.0,0.0
31,"J&amp;J (JNJ) Beats on Q1 Earnings, Suspends COVID Jab Sales View",0.992,0.087,0.867,0.047
32,"Earnings: Johnson &amp; Johnson misses on revenue, suspends vaccine sales guidance",-0.052,0.069,0.855,0.076
33,Johnson &amp; Johnson Reports Mixed Earnings and Cuts Guidance,-0.128,0.0,0.919,0.081
34,Amgen's (AMGN) Stelara Biosimilar Meets Psoriasis Study Goal,0.995,0.119,0.862,0.018
35,US STOCKS-Wall St set to open flat as bond yields hit new highs,0.643,0.057,0.897,0.046
36,"Johnson &amp; Johnson Cuts 2022 Outlook, Stops Giving Covid Shots Guidance",-0.318,0.103,0.712,0.185
37,Dow Jones Futures Rise As Earnings Season Continues; Netflix Earnings On Deck,0.0,0.0,1.0,0.0
38,"Midday Stock Movers: Plug Power, WeWork, Checkmate Pharmaceuticals",0.949,0.1,0.86,0.04
39,Johnson &amp; Johnson (JNJ) Tops Q1 Earnings Estimates,0.995,0.095,0.893,0.012
40,US STOCKS-Futures slip as bond yields hit new highs,-0.153,0.065,0.867,0.069
41,"J&amp;J stock sinks after revenue misses and full-year outlook was cut, as drug sales disappoint",0.09,0.138,0.751,0.111
42,"Johnson &amp; Johnson Suspends Vaccine Sales Guidance, Cuts Profit Forecast; Stock Slumps",-0.44,0.0,0.804,0.196
43,"J&amp;J suspends sales forecast for COVID-19 vaccine, cuts profit view",0.459,0.086,0.828,0.086
44,J&amp;J boosts dividend to lift implied yield to above 2.5%,0.718,0.082,0.918,0.0
45,Johnson &amp; Johnson Reports Q1 2022 Results,0.999,0.092,0.879,0.028
46,Johnson &amp; Johnson Announces Dividend Increase of 6.6%,0.994,0.199,0.801,0.0
47,"U.S. Stocks Open Higher as Bond Yields Rise, Earnings Roll In",0.671,0.046,0.937,0.017
48,U.S. stock futures waver as earnings season heats up,0.077,0.096,0.783,0.121
49,"Johnson &amp; Johnson, Hasbro, Acadia Fall Premarket; WeWork Rises",0.772,0.089,0.838,0.073
