﻿,Titles,Polarity,Positive,Neutral,Negative
0,Why Johnson &amp; Johnson Shares Trounced the Market Today,0.649,0.261,0.739,0.0
1,"Dow Jones, Nasdaq Rally As Yields Also Climb; Netflix Scores Earnings Beat",0.0,0.0,1.0,0.0
2,How innovations in Covid-19 testing will play a part in this winter season,0.459,0.1,0.9,0.0
3,E-mini S&amp;P 500 Index (ES) Futures Technical Analysis – Charts Show No Major Resistance Until 4539.50,0.963,0.079,0.897,0.024
4,3 Biopharma Stocks To Watch Following Johnson &amp; Johnson's Earnings Beat,0.979,0.105,0.868,0.027
5,Mid-Afternoon Market Update: Dow Surges Over 100 Points; Harmony Biosciences Shares Spike Higher,0.984,0.095,0.869,0.036
6,Is J&amp;J Stock A Buy On Its Bullish 2021 Covid Vaccine Sales Projection?,0.0,0.0,1.0,0.0
7,Dow Jones Gains As Apple Pops; Biden Makes Spending Move; Bitcoin ETF Jumps On Debut,0.0,0.0,1.0,0.0
8,Johnson &amp; Johnson (JNJ) Q3 2021 Earnings Call Transcript,0.0,0.0,1.0,0.0
9,Johnson &amp; Johnson’s Sales Climb Across Divisions,-0.361,0.0,0.909,0.091
10,J&amp;J Wants Talc Suits Put on Hold After Unit’s Bankruptcy Filing,-0.983,0.053,0.845,0.102
11,20 Safe Dividend Stocks to Quit Your 9 to 5 Job,1.0,0.103,0.883,0.014
12,Mid-Day Market Update: Silver Surges 3%; Galera Therapeutics Shares Plunge,0.986,0.097,0.868,0.035
13,Dow Jones Rallies As J&amp;J Leads Blue Chips; IPO Stock Breaks Out; Bitcoin ETF Debuts,0.459,0.182,0.818,0.0
14,"S&amp;P 500 Closes Higher as Bulls Load Up on Tech, Healthcare",0.986,0.12,0.835,0.045
15,Why Johnson &amp; Johnson Stock Is Up By 3% Today,0.973,0.129,0.804,0.067
16,Dow Jones Giant J&amp;J Calls For $2.5 Billion In Covid Vaccine Sales — And Shares Pop,0.44,0.121,0.879,0.0
17,How Johnson &amp; Johnson’s vaccine meets the ‘gold standard’ of the WHO,0.625,0.181,0.819,0.0
18,Why Johnson &amp; Johnson Shares Are Trading Higher Today,0.952,0.095,0.897,0.009
19,Johnson &amp; Johnson’s Stock Deserves a Booster,0.718,0.304,0.696,0.0
20,Home Building Data Disappoints,0.992,0.122,0.823,0.055
21,Lower Than Expected Housing Starts and Building Permits Could Be Problems for Homebuilders,0.989,0.099,0.826,0.076
22,Johnson &amp; Johnson Covid Vaccine Sales In Q3 Surpasses $500 Million,0.959,0.094,0.897,0.009
23,Dow Jones Up 125 Points As These Key Stocks Rally On Earnings; Bitcoin ETF Launches,0.459,0.174,0.826,0.0
24,Home Building Disappoints Last Month; J&amp;J and P&amp;G Beat on Earnings,0.995,0.128,0.821,0.051
25,US STOCKS-Wall Street rises as earnings whip up risk appetite,-0.144,0.055,0.887,0.059
26,"S&amp;P 500 Advances as Tech, Health Care Climb; Bitcoin Nears Record",0.984,0.121,0.828,0.051
27,Mid-Morning Market Update: Markets Open Higher; Johnson &amp; Johnson Boosts FY21 Guidance,0.986,0.096,0.871,0.033
28,"5 Top Stock Gainers for Tuesday: Johnson &amp; Johnson, Travelers, Sunnova",0.44,0.206,0.794,0.0
29,"J&amp;J (JNJ) Beats on Q3 Earnings, Misses on Sales, Ups EPS View",0.998,0.098,0.889,0.013
30,"Dow rises tentatively and S&amp;P 500 retakes 4,500 in early Tuesday trade",0.785,0.148,0.793,0.059
31,Dow Jones Rallies As Bitcoin ETF Debuts; 4 Tech Stocks To Buy And Watch,0.0,0.0,1.0,0.0
32,"Procter &amp; Gamble warns of price hikes, Vaccine sales boost Johnson &amp; Johnson earnings",0.0,0.0,1.0,0.0
33,US STOCKS-Earnings whip up risk appetite as Wall St sees higher open,0.685,0.053,0.903,0.044
34,Dow Jones Giant J&amp;J Beats Profit Views As Covid Shot Brings In $502 Million,0.0,0.0,1.0,0.0
35,10 Healthcare Stocks to Buy According to Billionaire Noam Gottesman’s GLG Partners,0.999,0.109,0.873,0.018
36,Tuesday Could Be a Winning Market Day Despite Earnings Headwinds From These 2 Stocks,-0.146,0.0,0.905,0.095
37,FDA May Allow 'Mix and Match' Regime For COVID-19 Booster Shots: NYT,0.931,0.082,0.896,0.021
38,Dow Jones Futures Rally As Bitcoin ETF Debuts; 4 Tech Stocks To Buy And Watch,0.0,0.0,1.0,0.0
39,Dow Jones Futures Rally On Strong Earnings Results; 3 Tech Titans In New Buy Zones,0.0,0.0,1.0,0.0
40,Johnson &amp; Johnson (JNJ) Q3 Earnings Beat Estimates,0.994,0.101,0.89,0.009
41,J&amp;J's COVID-19 shot generated $502 million in sales in the third quarter,0.586,0.063,0.937,0.0
42,Futures rise as upbeat earnings boost risk appetite,0.961,0.088,0.885,0.027
43,US STOCKS-Futures rise as upbeat earnings boost risk appetite,0.97,0.085,0.891,0.023
44,Johnson &amp; Johnson May Not Have to Wait Long for Its Next Blockbuster Vaccine,0.872,0.115,0.885,0.0
45,Dow Jones Futures Rally 150 Points; 3 Tech Titans In New Buy Zones,0.0,0.0,1.0,0.0
46,J&amp;J beats profit estimates for latest quarter as sales fall short and company raises full-year guidance,0.818,0.123,0.877,0.0
47,Johnson &amp; Johnson Stock Is Rising Because Its Earnings Beat Trumps a Sales Miss,0.71,0.339,0.588,0.072
48,"UPDATE 1-J&amp;J raises 2021 profit view, keeps vaccine sales outlook unchanged",-0.077,0.067,0.87,0.063
49,Vaccine-Makers Up on Likely FDA OK for Mix and Match Covid Booster,0.875,0.061,0.921,0.019
