﻿,Titles,Polarity,Positive,Neutral,Negative
0,"Starr International Co Inc Buys Celularity Inc, Sells Moderna Inc, AstraZeneca PLC, Johnson ...",0.959,0.071,0.917,0.012
1,"We need COVID treatments ‘that are independent of the variant,’ Longeveron co-founder says",0.0,0.0,1.0,0.0
2,Coronavirus: Moderna launches trials for Omicron-specific booster,0.0,0.0,1.0,0.0
3,Moderna's Chief Medical Officer provides perspective on pandemic progress and outlook,1.0,0.134,0.836,0.03
4,"Pfizer (PFE), BioNTech Begin Omicron-Based COVID-19 Jab Study",0.987,0.089,0.885,0.026
5,"Market check: Stocks rise in early trading, Tesla shares fall, Robinhood declines",0.0,0.0,1.0,0.0
6,"Bridgecreek Investment Management, LLC Buys SoFi Technologies Inc, SoFi Technologies Inc, D.R. ...",0.993,0.049,0.947,0.004
7,Galapagos Surges On New CEO and Upgrade News,0.891,0.099,0.855,0.046
8,"The Petri Dish: Bayer leads startup's $80M round, Flagship hires lobbyist",0.273,0.065,0.935,0.0
9,Influencers with Andy Serwer: Gregory Zuckerman,1.0,0.129,0.814,0.057
10,Trump’s Operation Warp Speed was 'very helpful' for vaccine development: Gregory Zuckerman,0.973,0.099,0.874,0.026
11,3 of the Safest Stocks to Buy if There's a Stock Market Crash,-0.649,0.033,0.872,0.095
12,"Blue Bell Private Wealth Management, Llc Buys iShares Core S&amp;P 500 ETF, Apple Inc, ...",1.0,0.105,0.89,0.005
