﻿,Titles,Polarity,Positive,Neutral,Negative
0,UK approves COVID vaccine that targets Omicron subvariants,0.968,0.075,0.895,0.03
1,10 Important Dividend Increases to Watch in August,0.999,0.096,0.889,0.015
2,Glaukos (GKOS) Strong Portfolio Driving Sales Amid Competition,0.998,0.145,0.829,0.026
3,10 Famous Value Stocks that Underperformed in 2022,0.999,0.131,0.837,0.033
4,Levin Easterly Partners’ Latest Portfolio: Top 10 Stock Picks,0.999,0.116,0.849,0.035
5,10 Best Vanguard ETFs to Diversify Your Portfolio,0.999,0.108,0.875,0.016
6,Is ALPS O'Shares U.S. Quality Dividend ETF (OUSA) a Strong ETF Right Now?,0.998,0.142,0.839,0.019
