﻿,Titles,Polarity,Positive,Neutral,Negative
0,AbbVie's Humira Still Number 1 in Drug Sales,0.771,0.077,0.866,0.058
1,A ‘one size fits all policy’ for reopening travel is very concerning: Doctor,-0.382,0.0,0.92,0.08
2,Vaccine Hesitancy Ticks Down — Here's What That Means For Covid Stocks,-0.202,0.095,0.752,0.154
3,Denmark says it won't use J&amp;J COVID vaccine due to blood-clotting concerns,0.898,0.109,0.862,0.029
4,People should focus on wearing masks indoors 'where it matters the most': Doctor,0.637,0.157,0.843,0.0
5,"COVID-19 latest: U.S. cases fall, EU looks to reopen, India cases on the rise",0.0,0.0,1.0,0.0
6,"UPDATE 1-Distributors' 'mountain' of pills fueled opioid epidemic, W.Va. judge told",-0.852,0.04,0.895,0.065
7,UPDATE 1-Denmark excludes J&amp;J shot from vaccine programme - local media reports,-0.392,0.054,0.871,0.075
8,3 Big Drugmaker Stocks to Watch Out For Amid Pandemic Woes,0.999,0.124,0.84,0.036
9,Eupraxia Pharmaceuticals Inc. Announces Appointment of Bruce Cousins as President &amp; CFO,0.965,0.074,0.893,0.033
10,Eupraxia Pharmaceuticals Inc. Announces Appointment of Bruce Cousins as President &amp; CFO,0.965,0.074,0.893,0.033
11,"The Zacks Analyst Blog Highlights: Eli Lilly, Merck, GlaxoSmithKline, Novartis and Johnson &amp; Johnson",0.991,0.084,0.871,0.046
12,Drug distributors face off against West Virginia in billion-dollar opioid trial,-0.94,0.039,0.872,0.089
13,Denmark drops J&amp;J Covid vaccine over blood clot concerns,-0.634,0.064,0.837,0.098
