﻿,Titles,Polarity,Positive,Neutral,Negative
0,Cross-Sector: Market Data Highlights,1.0,0.083,0.87,0.047
1,Lawmakers Ask What Happened To Department of Justice's Probe Into JNJ's Talc Sales,0.959,0.095,0.879,0.026
2,"AbbVie (ABBV), J&amp;J's Imbruvica Gets FDA Nod for cGVHD in Kids",0.995,0.12,0.836,0.044
3,J&amp;J (JNJ) Gets EU Nod for Multiple Myeloma Drug Tecvayli,0.996,0.117,0.869,0.015
4,Janssen Scores Conditional Approval For Multiple Myeloma Treatment In Pretreated Patients,0.983,0.135,0.859,0.006
5,Do Warren Buffett's Recent Moves Spell Doom for This Group of Stocks?,-0.103,0.058,0.875,0.068
