﻿,Titles,Polarity,Positive,Neutral,Negative
0,Coronavirus: FDA authorizes fourth COVID shots from Moderna and Pfizer,0.0,0.0,1.0,0.0
1,Johnson &amp; Johnson MedTech Earns a Spot on Fast Company's 2022 Most Innovative Companies List,0.953,0.126,0.874,0.0
2,10 Best Dividend Stocks for College Students,1.0,0.139,0.843,0.018
3,10 Cheap Dividend Stocks to Buy Today,0.996,0.081,0.896,0.024
4,UPDATE 3-J&amp;J to stop selling personal care products in Russia,0.886,0.055,0.928,0.017
5,J&amp;J to stop selling personal care products in Russia,0.886,0.056,0.927,0.017
