﻿,Titles,Polarity,Positive,Neutral,Negative
0,Let drugmakers keep their Covid vaccine profits,0.999,0.142,0.789,0.069
1,"India's COVID-19 cases soar with over 412,000 confirmed",0.527,0.175,0.825,0.0
2,U.S. backing waiver of patent protection for vaccines is a ‘complex issue’: Doctor,0.0,0.0,1.0,0.0
3,Want to Buy a Micro-Concert from Lady Gaga? That Might be Coming Soon as an NFT,0.993,0.097,0.889,0.014
4,This is Why Johnson &amp; Johnson (JNJ) is a Great Dividend Stock,0.995,0.146,0.845,0.009
5,The Biggest Loser With Johnson &amp; Johnson's COVID Vaccine Manufacturing Woes,-0.878,0.015,0.85,0.135
6,"Moderna, BioNTech Lead Losses on Vaccine IP Waivers",0.978,0.113,0.825,0.062
7,Is It Too Late to Buy Johnson &amp; Johnson Stock?,0.791,0.133,0.867,0.0
8,"Vaccine IP Waiver, Jobless Claims, Central Banks - What's Moving Markets",-0.766,0.04,0.917,0.043
9,Biden Administration Supports Patent Waivers for Coronavirus Vaccine,0.813,0.189,0.738,0.072
