﻿,Titles,Polarity,Positive,Neutral,Negative
0,J&amp;J unit proposes independent exam if it remains in bankruptcy,-0.995,0.062,0.786,0.152
1,Coronavirus: Doctor details 'three questions' to ask about any new variant,0.734,0.112,0.869,0.02
2,Janssen's Tremfya Shows Clinical Response At 12 Weeks In Ulcerative Colitis,0.226,0.074,0.86,0.066
3,7 Low Volatility Stocks to Buy to Escape Wild Market Swings,0.999,0.112,0.837,0.051
4,"Ligand (LGND) Q4 Earnings Beat, OmniAb Spin-Off in 1H22",0.995,0.091,0.887,0.022
5,Ocugen Stock Is a Fairy Tale in Need of a Happy Ending,0.986,0.085,0.862,0.052
