﻿,Titles,Polarity,Positive,Neutral,Negative
0,"Chapman Investment Management, LLC Buys Charles Schwab Corp, Tesla Inc, KLA Corp, Sells ...",0.989,0.055,0.94,0.005
1,"CRA Financial Services, LLC Buys South Jersey Industries Inc, Innovator U.S. ...",0.996,0.05,0.946,0.004
2,"Coronavirus pandemic ‘won’t end magically or on its own,’ doctor says",0.995,0.093,0.885,0.022
3,COVID-19: Biden administration has been 'a little bit behind the curve' on the pandemic,-0.891,0.067,0.861,0.072
4,"Florida health official urging vaccinations puts DeSantis ‘in an awkward situation,’ doctor says",0.0,0.0,1.0,0.0
5,7 Bull Market Stocks to Buy for a Continued Run Higher in 2022,1.0,0.114,0.88,0.006
6,"Radnor Capital Management, LLC Buys Microsoft Corp, Apple Inc, International Business Machines ...",0.99,0.044,0.95,0.006
7,10 Dividend Kings to Buy for 2022,0.999,0.093,0.89,0.017
8,Why you should get a booster even though you could still get Omicron: Scientist,-0.219,0.035,0.916,0.049
9,Will Johnson &amp; Johnson Be a Better Buy After Spinning Off Its Consumer Business?,0.785,0.085,0.902,0.013
