﻿,Titles,Polarity,Positive,Neutral,Negative
0,COVID-19 variants 'are always going to be the wild card': Doctor,0.998,0.114,0.861,0.025
1,"Emergent Has Made Over 100 Million Doses of J&amp;J Covid-19 Vaccine, CEO Says",-0.402,0.0,0.899,0.101
2,There’s ‘always a concern' of another COVID-19 wave: Doctor,-0.382,0.0,0.902,0.098
3,Emergent shares slide 2.8% as execs blame J&amp;J vaccine snafu on challenge of making two vaccines to scale,-0.982,0.035,0.831,0.134
4,UPDATE 1-Emergent plans to fix issues that ruined COVID-19 shots early as July -U.S. House memo,-0.361,0.035,0.922,0.043
5,Emergent BioSolutions Stock Falls As Executives Face Questions As Part Of Botched Vaccine Probe,0.957,0.1,0.85,0.05
6,Emergent BioSolutions plans as early as July to correct problems that ruined COVID-19 shots - U.S. House memo,-0.796,0.0,0.937,0.063
7,"'Vaccinated people are exceedingly safe,' doctor stresses amid reports of breakthrough cases",0.987,0.058,0.918,0.024
8,India's Biological E To Make Johnson &amp; Johnson's COVID-19 Shots: Reuters,0.422,0.023,0.964,0.013
9,India's Biological E To Make Johnson &amp; Johnson's COVID-19 Shots: Reuters,0.422,0.023,0.964,0.013
10,These Are the Safest Dividend Stocks in the World,0.743,0.108,0.864,0.028
11,"Step Aside, Dogecoin -- This Stock Has Delivered a Gain of Over 1,100,000%",0.901,0.229,0.771,0.0
