﻿,Titles,Polarity,Positive,Neutral,Negative
0,‘Trust is an underlying issue’ in families of color sending children back to school: CEO of Baltimore City Public Schools,0.999,0.091,0.89,0.019
1,‘Trust is an underlying issue’ in families of color sending children back to school: CEO of Baltimore City Public Schools,0.999,0.091,0.89,0.019
2,Fmr. White House Doctor: It’s ‘ill advised’ to relax COVID-19 mandates amid spreading variants,0.998,0.117,0.84,0.044
3,Fmr. White House Doctor: It’s ‘ill advised’ to relax COVID-19 mandates amid spreading variants,0.998,0.117,0.84,0.044
4,Leadership in sports needs to see ‘more women at the table’: Big East Commissioner,0.998,0.112,0.88,0.008
5,Leadership in sports needs to see ‘more women at the table’: Big East Commissioner,0.998,0.112,0.88,0.008
6,Big East Commissioner: ‘It will be a happy ending to the basketball season this year’,1.0,0.156,0.825,0.019
7,Big East Commissioner: ‘It will be a happy ending to the basketball season this year’,1.0,0.156,0.825,0.019
8,CDC says vaccinated people can gather indoors in small groups without masks,-0.785,0.019,0.911,0.07
9,White House Moves Event from Emergent Facility,0.0,0.0,1.0,0.0
10,Cannabis Countdown: Top 10 Marijuana And Psychedelic Stock News Stories Of The Week,0.994,0.076,0.902,0.022
11,Should You Buy Ocugen Stock in March?,0.0,0.0,1.0,0.0
12,Why herd immunity is expected later than some may believe,0.998,0.098,0.864,0.038
13,Why herd immunity is expected later than some may believe,0.998,0.098,0.864,0.038
