﻿,Titles,Polarity,Positive,Neutral,Negative
0,Why Johnson &amp; Johnson Was Such a Healthy Stock Today,0.296,0.034,0.966,0.0
1,7 Dividend Stocks to Buy and Hold Forever,1.0,0.123,0.854,0.023
2,10 Dividend Stocks to Buy According to Billionaire Cliff Asness,0.999,0.076,0.914,0.011
3,Johnson &amp; Johnson Stock Has Major Support on the Chart,0.0,0.0,1.0,0.0
4,"Johnson &amp; Johnson, Comcast expand stock buyback programs",0.975,0.093,0.881,0.026
5,"UPDATE 1-Comcast, Johnson &amp; Johnson announce share buybacks",0.906,0.108,0.882,0.01
6,"Johnson &amp; Johnson Stock Gains After Unveiling $5 Billion Buyback Program, Repeating Profit Targets",0.599,0.17,0.83,0.0
7,Johnson &amp; Johnson stock gains after $5 billion stock repurchase program announced,0.813,0.135,0.838,0.028
8,Johnson &amp; Johnson Announces $5 Billion Share Repurchase Program,0.976,0.119,0.811,0.07
