﻿,Titles,Polarity,Positive,Neutral,Negative
0,Johnson &amp; Johnson (JNJ) Stock Sinks As Market Gains: What You Should Know,0.99,0.095,0.89,0.015
1,If we’re to get out of this pandemic it’ll require a global response: Doctor,0.0,0.0,1.0,0.0
2,J&amp;J's (JNJ) New Data Shows COVID-19 Booster Ups Protection,0.996,0.106,0.885,0.009
3,"After Today's Fed Meeting, Investors Are Stuck With Contradictory Reports On Evergrande And The Debt Ceiling",0.822,0.082,0.843,0.075
4,"Got $5,000? Buy and Hold These 3 Value Stocks for Years",0.511,0.12,0.817,0.063
5,‘Absolutely’ a future where everyone's DNA sequenced at birth: 23andMe CEO,0.0,0.0,1.0,0.0
6,Doctor: Vaccines for kids is 'really the way forward',0.0,0.0,1.0,0.0
7,NVIDIA Corporation (NVDA): Hedge Funds Are Snapping Up,0.996,0.079,0.914,0.006
8,Is Johnson &amp; Johnson (JNJ) Going to Burn These Hedge Funds?,0.998,0.098,0.885,0.017
9,Here is What Hedge Funds Think About JPMorgan Chase &amp; Co. (JPM),0.998,0.099,0.88,0.021
