﻿,Titles,Polarity,Positive,Neutral,Negative
0,Johnson &amp; Johnson (JNJ) Dips More Than Broader Markets: What You Should Know,0.993,0.106,0.888,0.006
1,Doctor on U.S. COVID-19 Data : 'Our data collection is frankly pathetic',0.994,0.093,0.853,0.054
2,‘We can’t rest complacently in the shield that the vaccines alone give us’: Doctor,0.0,0.0,1.0,0.0
3,"Who can get a COVID booster shot, and where do you get one? Here’s what we know so far",-0.917,0.021,0.864,0.115
4,'You can contain this virus if you get vaccinated': Northwell Health CEO,0.026,0.044,0.956,0.0
5,"Biden, Fauci, CDC director support COVID-19 booster shots",0.868,0.059,0.9,0.041
6,S&amp;P 500 Stumbles as Fed Signals Tapering This Year,0.971,0.083,0.872,0.045
7,UPDATE 1-U.S. to begin offering COVID-19 vaccine booster shots in September,0.992,0.091,0.866,0.043
8,The White House Just Announced Its Covid Booster Plan. Still No Word on Johnson &amp; Johnson Vaccine.,0.494,0.086,0.914,0.0
9,10 Best Healthcare Dividend Stocks to Buy Now,1.0,0.117,0.851,0.032
10,S&amp;P 500 in Holding Pattern Ahead of Fed Minutes,0.946,0.094,0.859,0.047
11,Here's Why Johnson &amp; Johnson's Vaccine Could Overtake Both Pfizer and Moderna,0.567,0.064,0.936,0.0
12,White House Expected to Announce Booster Plan Today as Covid Cases Climb,0.494,0.086,0.914,0.0
13,"The Daily Biotech Pulse: AzurRx Jumps On Data, Agios' Regulatory Application For Mitapivat Accepted For Priority Review, FDA Nod For GlaxoSmithKline",0.989,0.043,0.939,0.017
14,Is Johnson &amp; Johnson (JNJ) A Great Investment Pick?,0.995,0.098,0.899,0.003
