﻿,Titles,Polarity,Positive,Neutral,Negative
0,Novavax ETFs to Shine Bright on Positive Vaccine Update,0.998,0.121,0.849,0.03
1,RVshare sees 114% increase in bookings year-over-year,1.0,0.136,0.851,0.013
2,"Pfizer CEO compensation jumped 17% in 2020, as COVID-19 vaccine was developed but stock fell",0.991,0.203,0.776,0.021
3,COVID-19 variants to be the ‘biggest wildcard’ in recovery process: Doctor,0.996,0.086,0.876,0.038
4,7 Healthcare Stocks to Buy and Hold for the Long Term,1.0,0.129,0.85,0.021
5,Biden directs states to make COVID-19 vaccines eligible for all U.S. adults by May 1,0.989,0.084,0.891,0.025
6,UPDATE 1-Cardinal Health to sell Cordis medical device business in $1 bln deal,-0.303,0.086,0.821,0.093
7,UPDATE 1-S.Africa's Aspen Pharmacare to supply J&amp;J's COVID-19 vaccine by end-June,0.585,0.061,0.891,0.048
8,UPDATE 1-S.Africa's Aspen Pharmacare to supply J&amp;J's COVID-19 vaccine by end-June,0.585,0.061,0.891,0.048
9,S.Africa's Aspen Pharmacare to supply J&amp;J's COVID-19 vaccine by end-June,0.505,0.056,0.93,0.015
10,S.Africa's Aspen Pharmacare to supply J&amp;J's COVID-19 vaccine by end-June,0.505,0.056,0.93,0.015
