﻿,Titles,Polarity,Positive,Neutral,Negative
0,Johnson &amp; Johnson (JNJ) Gains As Market Dips: What You Should Know,0.99,0.102,0.879,0.019
1,AbbVie (ABBV) Inks Deal for Neuropsychiatric Conditions,0.997,0.133,0.851,0.016
2,Emergent (EBS) Begins Dosing in Phase I Cyanide Poisoning Study,0.983,0.081,0.889,0.03
3,COVID-19: China issues lockdowns amid Omicron outbreak,0.989,0.09,0.895,0.014
4,Johnson &amp; Johnson Named a 2022 Fortune World's Most Admired Company and Ranked #1 on the Pharmaceutical Industry List,0.861,0.109,0.88,0.011
5,"This Is the Greatest Dividend Stock of All Time, and You've Probably Never Heard of It",0.09,0.088,0.912,0.0
