﻿,Titles,Polarity,Positive,Neutral,Negative
0,"Johnson &amp; Johnson Stock: Here's the Level to Buy, and It's a Steal",-0.7,0.0,0.707,0.293
1,Johnson &amp; Johnson to discontinue talc-based baby powder in 2023,-0.209,0.033,0.921,0.046
2,J&amp;J (JNJ) to Stop Selling Talc-based Baby Powder From 2023,0.992,0.12,0.824,0.056
3,"Pharma Stock Roundup: PFE to Buy GBT, JNJ to Stall Baby Talc Sale Globally From 2023",0.988,0.098,0.85,0.052
4,Johnson &amp; Johnson Stock Lower After Unveiling End To Global Baby Powder Sales In 2023,0.0,0.0,1.0,0.0
5,Johnson &amp; Johnson Stock Higher After Unveiling End To Global Baby Powder Sales In 2023,0.0,0.0,1.0,0.0
