﻿,Titles,Polarity,Positive,Neutral,Negative
0,Doctor: Health care workers are ‘frustrated and concerned’ over lifting of virus mandates,0.193,0.066,0.87,0.064
1,"The Daily Biotech Pulse: KemPharm ADHD Drug Gets The Nod, MediciNova Shelves Vaccine Study",0.992,0.08,0.878,0.042
2,"The Daily Biotech Pulse: KemPharm ADHD Drug Gets The Nod, MediciNova Shelves Vaccine Study",0.992,0.08,0.878,0.042
3,"The Zacks Analyst Blog Highlights: Johnson &amp; Johnson, UnitedHealth Group, Comcast, QUALCOMM and Micron Technology",0.999,0.151,0.821,0.028
4,3 Dividend Stocks Ideal for Retirees,0.943,0.298,0.702,0.0
5,3 Dividend Stocks Ideal for Retirees,0.943,0.298,0.702,0.0
