﻿,Titles,Polarity,Positive,Neutral,Negative
0,U.S. administers 464.4 mln doses of COVID-19 vaccines - CDC,0.599,0.034,0.966,0.0
1,"'Investors need to take a longer term perspective' amid market volatility, strategist says",0.0,0.0,1.0,0.0
2,"Biden's new plan COVID-19 plan includes 'two new points,' analyst explains",-0.34,0.0,0.893,0.107
3,President Biden outlines steps to combat COVID-19 in winter,-0.382,0.0,0.874,0.126
4,Doctor: U.S. needs to prepare for ‘a potential perfect storm' between Omicron variant and winter,-0.743,0.0,0.855,0.145
5,Fauci says changing fully vaccinated definition to include boosters ‘on the table’,0.616,0.07,0.93,0.0
6,"Omicron variant: Areas with high vaccination rates ‘will just see this as a ripple, not a surge,’ doctor says",0.226,0.046,0.954,0.0
7,COVID: Second Omicron variant case identified in Minnesota,0.557,0.146,0.854,0.0
8,"COVID: The Omicron variant ‘doubles down on the importance’ of booster shots, doctor says",-0.382,0.0,0.906,0.094
9,Coronavirus update: Biden administration plans for winter COVID-19 surge,-0.903,0.024,0.938,0.038
10,Rimsys closes on $16 million Series A fund led by Silicon Valley's Bessemer Venture Partners,0.0,0.0,1.0,0.0
11,Amgen (AMGN) Kyprolis Gets FDA Nod for Use With Darzalex Faspro,0.997,0.135,0.853,0.013
12,3 Sickly Covid Stocks to Buy as Omicron Gets Around,0.998,0.127,0.836,0.037
13,Influencers with Andy Serwer: Geoff Martha,-0.527,0.0,0.923,0.077
