﻿,Titles,Polarity,Positive,Neutral,Negative
0,"Mathai Mammen, M.D., Ph.D., Leaves Position as Executive Vice President, Pharmaceuticals, R&amp;D, Johnson &amp; Johnson",0.986,0.109,0.86,0.031
1,10 Best Dividend Growth Stocks to Buy in August,1.0,0.129,0.848,0.023
2,Donald Yacktman’s Latest Portfolio: Top 10 Stock Picks,0.999,0.132,0.854,0.014
3,10 Dividend Stocks to Buy According to Steve Cohen’s Point72 Asset Management,1.0,0.118,0.871,0.011
4,"Zacks Investment Ideas feature highlights: Pfizer, Caterpillar, and Johnson &amp; Johnson",0.999,0.144,0.84,0.015
