﻿,Titles,Polarity,Positive,Neutral,Negative
0,Receiving vaccinations ‘is part of the social contract we sign up for’ in communities: Doctor,0.0,0.0,1.0,0.0
1,Long-term impact of COVID-19 for employers,0.494,0.132,0.868,0.0
2,5 Best Dow Dividend Stocks to Buy Now,1.0,0.187,0.794,0.019
3,7 Dividend Aristocrats That Could Outpace This Volatile Market,1.0,0.11,0.877,0.013
4,"COVID-19: Booster vaccination rollout was 'unfortunate' based on data, doctor says",0.998,0.111,0.826,0.063
5,"Sea Limited stock declines, AMD shares rise amid Xilinx acquisition announcement",0.153,0.091,0.839,0.069
6,J&amp;J Starts Trial on Bankruptcy Case Under Attack by Congress,-0.974,0.078,0.812,0.11
7,"Market Check: Oil steadies amid Russian-Ukraine tensions, Travel stocks increasing, Vaccine makers under pressure",-0.402,0.0,0.803,0.197
8,UPDATE 3-Johnson &amp; Johnson talc bankruptcy attacked by cancer plaintiffs as 'rotten',-0.949,0.069,0.843,0.088
9,Johnson &amp; Johnson To Defend Baby-Powder Lawsuits In Court: Report,-0.807,0.088,0.808,0.104
10,Equal vaccine access falling flat as poor countries left out,-0.262,0.082,0.839,0.079
11,Johnson &amp; Johnson to defend talc bankruptcy in court,-0.818,0.072,0.852,0.076
12,7 Defensive Growth Stocks to Buy for February,1.0,0.178,0.784,0.037
13,Johnson &amp; Johnson to defend talc bankruptcy in court,-0.818,0.072,0.853,0.076
14,"Russia Ukraine Threat, Oil Surge, Coinbase QR Code, JNJ 'Texas Two Step' And Stock Markets - Five Things You Must Know",-0.891,0.03,0.743,0.226
