﻿,Titles,Polarity,Positive,Neutral,Negative
0,Healthcare Outperformance May Signal Short-Term Market Bottom,0.992,0.107,0.851,0.042
1,Why Johnson &amp; Johnson Stock Is Rising Today,0.527,0.064,0.936,0.0
2,10 Stocks to Buy When Everyone is Selling,1.0,0.133,0.846,0.021
3,Could This Biosimilar Drug Candidate Create a Blockbuster for Amgen?,0.052,0.12,0.769,0.111
4,Ray Dalio is Buying These 10 Stocks in 2022,1.0,0.128,0.846,0.026
5,10 Best Dividend Stocks to Buy According to Noam Gottesman’s GLG Partners,1.0,0.118,0.869,0.013
