﻿,Titles,Polarity,Positive,Neutral,Negative
0,Johnson &amp; Johnson to Host Investor Conference Call on Third-Quarter Results,0.992,0.138,0.862,0.0
1,Johnson &amp; Johnson (JNJ) Stock Moves -0.12%: What You Should Know,0.987,0.091,0.889,0.019
2,COVID-19 infections 'rivaling' what happened in winter 2020: Doctor,0.0,0.0,1.0,0.0
3,"Top Research Reports for NVIDIA, Johnson &amp; Johnson &amp; Toyota",0.997,0.15,0.836,0.014
4,"Pfizer, Moderna Support COVID Vaccine Booster Before FDA Meet",0.999,0.136,0.84,0.023
5,UPDATE 1-Iran approves U.S. firm J&amp;J's shot as it fights fifth COVID wave,-0.887,0.054,0.873,0.072
6,"Booster shot debate heats up, LA County mandates vaccines for bar",0.0,0.0,1.0,0.0
7,Moderna: 'We don't really know' if a third COVID-19 shot is necessary,0.991,0.104,0.862,0.033
8,Iran approves U.S. J&amp;J COVID shot as fifth wave spreads,-0.922,0.047,0.877,0.076
9,3 Stocks You Can Keep Forever,0.91,0.23,0.753,0.016
