﻿,Titles,Polarity,Positive,Neutral,Negative
0,UPDATE 1-J&amp;J scientists refute idea that COVID-19 vaccine's design linked to clots,0.744,0.021,0.968,0.011
1,"'You can think of it like an annual flu shot, but for an illness that’s much more serious, deadly, and contagious': Doctor on possible COVID-19 booster shots",-0.382,0.0,0.92,0.08
2,Why comparing blood clot risks from COVID-19 vaccines and birth control pills doesn’t work,0.103,0.121,0.777,0.102
3,The push to vaccinate farm workers against COVID-19,0.995,0.091,0.881,0.028
4,The push to vaccinate farm workers against COVID-19,0.422,0.113,0.887,0.0
5,J&amp;J scientists refute 'class effect' to blame for clots in those who got its COVID-19 vaccine,0.782,0.021,0.97,0.008
6,Vaccinating kids will be very important in getting to herd immunity: Doctor,0.0,0.0,1.0,0.0
7,7 Reddit Penny Stocks to Buy for a Biotech Boom,0.999,0.107,0.869,0.024
8,Here’s how the ‘pause’ on J&amp;J’s COVID-19 shot may or may not affect the company’s earnings,0.422,0.094,0.906,0.0
9,Drug companies to face first opioid trial following pandemic delays,-0.978,0.047,0.862,0.091
10,"Stock Market Rally Keeps Rising As Treasury Yields Fall Despite Strong Earnings, Economic Data; Goldman, Nvidia, Coinbase In Focus",0.511,0.155,0.845,0.0
11,Doctor: COVID-19 vaccines 'do lead to a really strong immune response',-0.273,0.0,0.943,0.057
12,J&amp;J’s Vaccine Pause Could Have Ripple Effects for the World,-0.392,0.0,0.904,0.096
13,The expectation of perfection: Risk of blood clot from Johnson &amp; Johnson COVID-19 vaccine is 0.00009%,-0.577,0.047,0.876,0.077
14,UPDATE 1-U.S. panel to meet again next week to discuss pause on J&amp;J's COVID-19 shot,0.226,0.023,0.977,0.0
15,"WHO says global COVID-19 cases nearly doubled in last two months, making vaccine drive more urgent than ever",-0.586,0.0,0.888,0.112
16,CDC committee to meet again on April 23 to discuss J&amp;J's COVID-19 shot,-0.153,0.042,0.912,0.047
17,"Moderna, Pfizer Rebuffed J&amp;J Proposal for Joint Vaccine Safety Exam, WSJ Reports",-0.273,0.0,0.884,0.116
18,"Merck (MRK) Stops MK-7110 Development, Focuses on Molnupiravir",0.994,0.082,0.898,0.02
19,The J&amp;J Vaccine Pause Should Worry Us All. What to Know.,-0.392,0.0,0.904,0.096
20,"Pfizer CEO says a third vaccine dose is likely, Moderna updates booster shot timeline",0.0,0.0,1.0,0.0
21,This 1 Medical Stock Could Beat Earnings: Why It Should Be on Your Radar,0.999,0.194,0.787,0.019
22,UPDATE 1-Johnson &amp; Johnson asked rival COVID-19 vaccine makers to probe clotting risks - WSJ,0.778,0.066,0.915,0.02
23,"Norway delays decision to ditch AstraZeneca vaccine, warning it could impact J&amp;J rollout",0.0,0.0,1.0,0.0
24,Will Solid Pharma Unit Performance Drive J&amp;J (JNJ) Q1 Earnings?,0.999,0.161,0.831,0.008
25,"Pfizer, Moderna Reportedly Decline J&amp;J Request to Study Clot Risk",-0.296,0.059,0.863,0.078
26,What determines when Americans reclaim ‘liberty’? Jim Jordan demands of Dr. Fauci — here is his answer,-0.625,0.0,0.843,0.157
