﻿,Titles,Polarity,Positive,Neutral,Negative
0,Johnson &amp; Johnson (JNJ) Gains But Lags Market: What You Should Know,0.995,0.126,0.862,0.011
1,Doctor on booster shots: 'What we may be talking about is a vaccine that requires 3 shots',0.0,0.0,1.0,0.0
2,Early polls &amp; surveys show there’s about a 25% likelihood that parents are going to vaccinate their kids: Doctor,-0.637,0.0,0.816,0.184
3,Why Johnson &amp; Johnson (JNJ) is a Great Dividend Stock Right Now,0.995,0.151,0.84,0.009
4,Scientists debate the need for booster shots,0.746,0.042,0.919,0.039
5,UK's NICE Rejects Johnson &amp; Johnson's Darzalex Regime For Newly Diagnosed Myeloma,0.849,0.074,0.885,0.041
