﻿,Titles,Polarity,Positive,Neutral,Negative
0,U.S. should be ‘very concerned’ as Delta variant spreads in Britain: Doctor,0.0,0.0,1.0,0.0
1,"Safety Concerns, Lower Demand Interrupts Use of Johnson &amp; Johnson COVID-19 Shot: Reuters",0.835,0.073,0.872,0.055
2,Doctor: Another Covid surge is a ‘potential that we have to acknowledge’,0.998,0.106,0.874,0.02
3,Argenx Regains Global Rights from Johnson &amp; Johnson to Blood Cancer Candidate Cusatuzumab,-0.66,0.0,0.919,0.081
4,FOCUS-J&amp;J vaccine drive stalls out in U.S after safety pause,0.99,0.086,0.864,0.05
