﻿,Titles,Polarity,Positive,Neutral,Negative
0,WHO classifies triple-mutant Covid variant from India as global health risk,0.0,0.0,1.0,0.0
1,FDA Outlines Plan For Restarting Facility Inspections Halted Due To Pandemic,-0.468,0.036,0.925,0.039
2,FDA Outlines Plan For Restarting Facility Inspections Halted Due To Pandemic,-0.468,0.036,0.925,0.039
3,COVID-19 is not at the point yet where we can have mass gatherings: Doctor,0.994,0.063,0.921,0.016
4,It’s ‘very possible’ we will continue seasonal mask-wearing: UCLA Assistant Professor,0.0,0.0,1.0,0.0
5,"Norway may drop AstraZeneca, J&amp;J vaccines; EU will not take AstraZeneca one after June",0.637,0.038,0.937,0.025
6,Should iShares Russell Top 200 Value ETF (IWX) Be on Your Investing Radar?,0.998,0.152,0.819,0.029
7,UPDATE 1-Germany to make J&amp;J's COVID-19 vaccine available to all adults,-0.44,0.02,0.951,0.029
8,"UPDATE 1-Norway should exclude J&amp;J, AstraZeneca from COVID vaccination scheme, says commission",-0.873,0.026,0.907,0.067
9,"Norway should exclude J&amp;J, AstraZeneca from COVID vaccination scheme, says commission",-0.904,0.024,0.874,0.102
