﻿,Titles,Polarity,Positive,Neutral,Negative
0,Why Legend Biotech's Shares Jumped 11.8% on Wednesday,0.571,0.075,0.925,0.0
1,$4.4 Billion Opioid Settlement Gives Teva Stock a Boost,0.382,0.122,0.798,0.08
2,"GSK's Q2 Earnings Beat, Sales Miss, Raises 2022 Guidance",1.0,0.143,0.836,0.021
3,"Stocks: Tech leads gains, home builders fall, Sherwin-Williams sinks",0.0,0.0,1.0,0.0
4,Top 25 Dividend Stocks,1.0,0.102,0.874,0.024
5,3 No-Brainer Warren Buffett Stocks That Will Undeniably Profit from the Bear Market,0.796,0.15,0.85,0.0
6,7 Large-Cap Stocks to Buy on the Dip,0.999,0.117,0.871,0.012
7,3 Supercharged Dividend Stocks to Buy if There's a Stock Market Sell-Off,0.66,0.148,0.852,0.0
