﻿,Titles,Polarity,Positive,Neutral,Negative
0,Johnson &amp; Johnson to Host Investor Conference Call on Third-Quarter Results,0.992,0.134,0.866,0.0
1,These 3 Low-Beta Stocks Are Great Shields Against Volatility,0.999,0.131,0.865,0.003
2,7 Screaming Buy Stock Picks to Beat the September Market Slump,-0.678,0.075,0.841,0.084
3,Is Vanguard High Dividend Yield ETF (VYM) a Strong ETF Right Now?,0.998,0.133,0.849,0.018
4,Should You Invest in the iShares U.S. Pharmaceuticals ETF (IHE)?,0.995,0.111,0.855,0.034
