﻿,Titles,Polarity,Positive,Neutral,Negative
0,Doctor: Pediatric hospital units are 'getting stretched' due to Delta variant,0.0,0.0,1.0,0.0
1,15 Best Pharmaceutical Stocks to Invest In,1.0,0.101,0.862,0.037
2,5 Best Pharmaceutical Stocks to Invest In,0.999,0.111,0.87,0.018
3,Outcry Continues to Grow for Johnson &amp; Johnson to Resolve Talc-Cancer Claims After Latest Jury Verdict,-0.995,0.056,0.784,0.16
4,J&amp;J’s potential HIV vaccine falls short in sub-Saharan Africa trial,0.0,0.0,1.0,0.0
5,"UPDATE 1-Nigeria prioritising four COVID-19 vaccines, not including Sinopharm",-0.84,0.01,0.95,0.04
6,Unvaccinated Americans are ‘irresponsibly filling up our ERs and ICUs’: doctor,-0.683,0.029,0.931,0.04
7,UPDATE 1-Johnson &amp; Johnson's HIV vaccine fails mid-stage Africa study,0.718,0.047,0.925,0.028
8,Johnson &amp; Johnson's HIV vaccine fails mid-stage study in Africa,-0.637,0.061,0.868,0.07
9,Johnson &amp; Johnson and Global Partners Announce Results from Phase 2b Imbokodo HIV Vaccine Clinical Trial in Young Women in Sub-Saharan Africa,0.995,0.072,0.898,0.03
10,Johnson &amp; Johnson HIV Vaccine Candidate Fails Mid-Stage Trial,0.408,0.071,0.883,0.045
