﻿,Titles,Polarity,Positive,Neutral,Negative
0,7 Earnings Reports to Watch the Week of April 18,0.999,0.102,0.869,0.029
1,Raymond James Thinks Med Tech Investors are Somewhat 'Paralyzed' Ahead Of Q1 Earnings,0.987,0.135,0.816,0.049
2,"Johnson &amp; Johnson's Baby Talc Litigation, Faces Fresh Claims It Hid Evidence: Bloomberg",-0.736,0.081,0.81,0.109
3,"Genmab (GMAB), AbbVie's Epcoritamab Successful in LBCL Study",0.979,0.085,0.888,0.027
4,Poorer nations shun AstraZeneca COVID vaccine - document,-0.63,0.03,0.928,0.042
