﻿,Titles,Polarity,Positive,Neutral,Negative
0,"Covid Confounds the Fed, Raising the Risk of a Policy Error",0.153,0.068,0.855,0.077
1,Similarweb: 'Consumer demand for travel is showing minimal signs of slowdown',0.997,0.093,0.876,0.031
2,Doctor to immunocompromised: 'You should be getting your booster shot',-0.382,0.0,0.852,0.148
3,Doctor on U.S. travel amid the pandemic: ‘I wouldn’t be surprised if we see more restrictions’,0.0,0.0,1.0,0.0
4,Patients 'getting sicker' amid Delta variant surge: Doctor,0.0,0.0,1.0,0.0
5,Johnson &amp; Johnson (JNJ) Up 5.1% Since Last Earnings Report: Can It Continue?,1.0,0.134,0.857,0.009
6,Is JNJ Stock A Buy After Company Announces Looming CEO Departure?,0.0,0.0,1.0,0.0
7,"Novavax Stock Could Remain a Winner, Despite its ‘Also Ran’ Status",0.998,0.125,0.848,0.027
8,"J&amp;J CEO Alex Gorsky To Exit Stage Left, Handing Reins Over To Covid Czar",0.273,0.1,0.9,0.0
9,"Johnson &amp; Johnson’s new leadership, OnlyFans to ban sexually explicit content, Topps SPAC Merger collapses",0.0,0.0,1.0,0.0
10,"Coronavirus: 'We’re really still too much in the dark,' Yale professor says",0.956,0.061,0.897,0.042
11,"J&amp;J's Alex Gorsky To Step Down As CEO, Hands Baton To Joaquin Duato",0.7,0.07,0.894,0.036
12,"J&amp;J (JNJ) CEO Alex Gorsky to Resign, Joaquin Duato to Succeed",0.993,0.106,0.871,0.023
13,"Pharma Stock Roundup: FDA Nod for MRK, PFE Products &amp; New Use of LLY, GSK Drugs",0.998,0.15,0.797,0.053
14,J&amp;J’s CEO Plans To Step Down. Analysts Expect a Smooth Transition.,0.477,0.091,0.909,0.0
15,"The Daily Biotech Pulse: J&amp;J Announces CEO Transition, FibroGen's Roxadustat Approved In Europe, GeoVax, Sorrento Announce COVID-19 Vaccine Data",0.994,0.059,0.919,0.022
16,"Johnson &amp; Johnson taps Duato as new CEO, replacing Gorsky",0.992,0.079,0.894,0.026
17,"Stocks Turn Positive As Nasdaq Paces Gains, Volatility Gauge Ticks Higher",-0.372,0.0,0.919,0.081
18,"Premarket Movers Friday - Foot Locker, Moderna, Ross Stores, Coinbase",0.0,0.0,1.0,0.0
19,"Stocks Slide on Growth, Delta Worries; Moderna, Johnson &amp; Johnson in Focus",-0.372,0.0,0.919,0.081
20,"Deere, Foot Locker and Spotify Rise Premarket",0.97,0.096,0.882,0.022
21,"Johnson &amp; Johnson Stock Lower as Alex Gorsky Plans Exit, Joaquin Duato Named CEO",0.671,0.151,0.849,0.0
22,UPDATE 1-J&amp;J seeks nod for COVID-19 vaccine trial in Indian adolescents,0.778,0.072,0.908,0.02
23,"China Tumbles, Gazprom Signals Gas Relief, Tesla Robot -  What's Moving Markets",-0.962,0.062,0.847,0.091
24,"J&amp;J Drops as Gorsky, Who Steered It Through Crises, Steps Aside as CEO",-0.718,0.06,0.847,0.093
25,"Stock Futures Slide on Growth, Delta Worries; Moderna, Johnson &amp; Johnson in Focus",-0.372,0.0,0.919,0.081
26,"Tesla and Robots, Applied Materials, J&amp;J, COVID-19: 5 Things You Must Know",0.382,0.069,0.931,0.0
27,J&amp;J says veteran Duato to replace Gorsky as chief executive,0.951,0.085,0.864,0.051
