﻿,Titles,Polarity,Positive,Neutral,Negative
0,What Scott Gottlieb Thinks About The Heated Exchange Between Anthony Fauci And Rand Paul,0.838,0.039,0.929,0.032
1,Biden’s vaccine goal was not a ‘moonshot challenge’: Analyst,0.494,0.106,0.894,0.0
2,Janssen's Ponvory Wins FDA Nod For Relapsing Multiple Sclerosis,0.908,0.096,0.879,0.026
3,UPDATE 2-U.S. FDA approves J&amp;J's multiple sclerosis treatment; launch in April,0.955,0.153,0.837,0.011
4,Biden Administration Nears Goal of Administering 100 Million Vaccines,0.318,0.119,0.881,0.0
5,Could a Supply Glut Sink COVID Vaccine Stocks?,-0.44,0.0,0.937,0.063
