﻿,Titles,Polarity,Positive,Neutral,Negative
0,"Oil Jumps On Shocking OPEC+ Move As Saudis Brush Off Shale; 'Drill, Baby, Drill Is Gone Forever'",-0.128,0.068,0.843,0.088
1,"Oil Jumps On Shocking OPEC+ Move As Saudis Brush Off Shale; 'Drill, Baby, Drill Is Gone Forever'",-0.128,0.068,0.843,0.088
2,Dow Jones Falls 345 Points As Nasdaq Leads Sell-Off On Fed Chair Jerome Powell Comments,-0.422,0.066,0.781,0.153
3,Dow Jones Falls 345 Points As Nasdaq Leads Sell-Off On Fed Chair Jerome Powell Comments,-0.422,0.066,0.781,0.153
4,Coronavirus vaccine scams are on the rise — here's how to spot them,-0.992,0.083,0.779,0.138
5,Songlorious platform brings income to musicians amid the pandemic,0.999,0.144,0.849,0.007
6,It’s a ‘split field’ in Texas over lifted mask mandate: Fort Worth Mayor,0.998,0.11,0.864,0.027
7,Emergent Biosolutions CEO on JNJ vaccine production,0.999,0.131,0.844,0.024
8,Novartis Will Help Manufacture CureVac’s Covid-19 Vaccine,0.0,0.0,1.0,0.0
9,Biotech current stock performance is ‘actually pretty rational’: analyst,0.998,0.09,0.89,0.02
10,Biotech current stock performance is ‘actually pretty rational’: analyst,0.998,0.09,0.89,0.02
11,Novartis Lends Support To Manufacture CureVac's COVID-19 Shots,0.844,0.053,0.931,0.016
12,"Emergent BioSolutions Capable Of Manufacturing 1B COVID-19 Vaccine Doses Annually, CEO Says",0.966,0.093,0.893,0.015
