﻿,Titles,Polarity,Positive,Neutral,Negative
0,"COVID-19: The definition of fully vaccinated ‘needs to be changed,’ doctor says",-0.382,0.0,0.94,0.06
1,COVID-19 booster shots 90% effective against Omicron hospitalization: CDC,0.477,0.147,0.853,0.0
2,"COVID-19 natural immunity is ‘not anywhere near as safe as vaccine-induced immunity,’ doctor says",0.999,0.139,0.819,0.041
3,3 reasons why Americans aren't getting their COVID-19 booster shots,0.963,0.087,0.88,0.033
4,2 Dividend Stocks to Buy and Hold Forever,0.637,0.073,0.913,0.013
5,"New Potomac Partners, LLC Buys Simon Property Group Inc, Invesco BulletShares 2027 Corporate ...",0.992,0.066,0.926,0.008
6,J&amp;J (JNJ) to Set the Stage for Pharma Sector Q4 Earnings,0.997,0.106,0.869,0.025
7,"Retirement Systems of Alabama Buys Applied Materials Inc, Broadcom Inc, Johnson &amp; Johnson, ...",0.994,0.036,0.96,0.004
8,"Pinnacle Wealth Management Advisory Group, LLC Buys Microsoft Corp, Apple Inc, Berkshire ...",0.999,0.101,0.894,0.005
