﻿,Titles,Polarity,Positive,Neutral,Negative
0,Drugmaker Galapagos names former J&amp;J exec Paul Stoffels as CEO,0.962,0.11,0.89,0.0
1,Drugmaker Galapagos names former J&amp;J exec Paul Stoffels as CEO,0.962,0.109,0.891,0.0
2,"Tcw Group Inc Buys Nike Inc, Twilio Inc, Roblox Corp, Sells Splunk Inc, Schlumberger, Zimmer ...",0.997,0.058,0.939,0.003
3,"Landmark Financial Advisors, LLC Buys Vanguard FTSE Developed Markets ETF, Vanguard FTSE ...",0.997,0.084,0.912,0.004
4,"Polaris Wealth Advisory Group, LLC Buys iShares 7-10 Year Treasury Bond ETF, PulteGroup Inc, ...",0.999,0.107,0.886,0.007
5,UPDATE 1-Most U.S. local governments opt to join $26 bln opioid settlement,-0.859,0.058,0.87,0.072
6,Most U.S. local governments opt to join $26 bln opioid settlement,-0.705,0.056,0.884,0.06
7,"'We have critical nursing shortages across the country,' doctor warns",-0.273,0.061,0.827,0.112
8,"Childress Capital Advisors, Llc Buys Fidelity Blue Chip Growth ETF, Vanguard Mid-Cap ETF, ...",0.995,0.057,0.939,0.004
9,"The pandemic will end, but the virus isn't going away: Gregory Zuckerman",-0.942,0.063,0.843,0.094
10,"Company News for Jan 26, 2022",0.988,0.235,0.735,0.03
11,"ACR Alpine Capital Research, LLC Buys Johnson &amp; Johnson, VMware Inc, IAC/InterActiveCorp, Sells",0.986,0.08,0.912,0.008
12,2 Top Dividend Kings to Buy for the Long Haul,0.527,0.15,0.85,0.0
13,2 Charts That Show Why Investors Might Be More Conservative in 2022,0.8,0.168,0.803,0.028
