﻿,Titles,Polarity,Positive,Neutral,Negative
0,UK reports zero covid-19 deaths for first time in nearly a year; MRNA seeks full FDA approval for vaccine,0.0,0.0,1.0,0.0
1,Supreme Court Rules Johnson &amp; Johnson Must Pay $2.1 Billion in Baby Powder Lawsuit,0.802,0.17,0.735,0.095
2,Moderna seeks full FDA approval for its COVID-19 vaccine,0.0,0.0,1.0,0.0
3,Supreme Court Denies Johnson &amp; Johnson's Challenge to Baby Powder Cancer Judgement,0.931,0.107,0.838,0.055
4,Johnson &amp; Johnson Faces $2 Billion Payout Over Baby Powder Cancer Claims After Supreme Court Rejects Appeal,0.44,0.119,0.776,0.104
5,Supreme Court Won’t Hear Johnson &amp; Johnson’s Appeal of a $2.1 Billion Verdict. What to Know.,0.44,0.119,0.776,0.104
6,Supreme Court Won’t Consider Johnson &amp; Johnson Challenge to Baby Powder Judgment,-0.273,0.131,0.734,0.135
7,UPDATE 3-U.S. Supreme Court rebuffs J&amp;J appeal over $2 billion baby powder judgment,0.496,0.13,0.746,0.124
8,J&amp;J to Pay $2.1 Billion Talc Award as Top Court Nixes Appeal,0.396,0.119,0.764,0.116
9,Supreme Court rejects Johnson &amp; Johnson’s appeal of $2 billion baby-powder verdict,-0.883,0.0,0.681,0.319
10,CORRECTED-UPDATE 2-U.S. Supreme Court rebuffs J&amp;J appeal over $2 billion baby powder judgment,-0.382,0.127,0.743,0.13
11,U.S. Supreme Court rebuffs J&amp;J appeal over $2 billion baby powder judgment,-0.382,0.127,0.742,0.13
12,U.S. Supreme Court declines to hear J&amp;J appeal over $2 billion baby powder judgment,-0.586,0.052,0.848,0.1
13,J&amp;J Slips After U.S. Supreme Court Declines Review $2B Order,-0.681,0.068,0.839,0.092
14,Johnson &amp; Johnson Slides As SCOTUS Passes On $2.1 Billion Talc Case Appeal,-0.7,0.0,0.756,0.244
15,3 Safest Robinhood Stocks You Can Buy Right Now,0.477,0.14,0.86,0.0
16,"UPDATE 2-Foxconn, founder Gou apply to purchase BioNTech vaccines for Taiwan",0.964,0.071,0.893,0.036
17,"UPDATE 1-Foxconn, founder Gou apply to purchase BioNTech vaccines for Taiwan",0.943,0.059,0.914,0.027
18,"Cloudera, Tesla, Zoom Video, J&amp;J - 5 Things You Must Know Tuesday",-0.103,0.118,0.754,0.128
19,South Korea expands vaccination with J&amp;J's COVID-19 shot offered by U.S.,0.894,0.056,0.936,0.009
20,"Tesla, Cloudera, Zoom Video, J&amp;J - 5 Things You Must Know Tuesday",-0.153,0.084,0.793,0.123
21,Japan Eyes Olympic Spectators; New Variant Names: Virus Update,-0.985,0.042,0.903,0.055
22,Johnson &amp; Johnson to pay $2.1bn in talc cancer case after Supreme Court rejection,-0.968,0.037,0.679,0.284
