﻿,Titles,Polarity,Positive,Neutral,Negative
0,"Investing $50 Weekly Could Grow Your Portfolio to $500,000 in 30 Years",0.961,0.216,0.784,0.0
1,Billionaire Jeffrey Talpins Just Fled From These 10 Healthcare Stocks,1.0,0.121,0.843,0.036
2,11 Best Dividend-Paying Stocks To Buy Now,1.0,0.104,0.88,0.016
3,7 Best Bear Market Stocks to Buy in July 2022,1.0,0.175,0.802,0.023
4,2 Stocks That Could Make You Rich for Retirement,0.807,0.189,0.77,0.04
5,9 Dividend Aristocrat Stocks That Could Ride Out a Recession,0.0,0.0,1.0,0.0
