﻿,Titles,Polarity,Positive,Neutral,Negative
0,Johnson &amp; Johnson (JNJ) Outpaces Stock Market Gains: What You Should Know,0.989,0.1,0.877,0.022
1,How health care in the U.S. may change after covid-19,0.494,0.127,0.873,0.0
2,‘Vaccine confidence has gone up significantly’ in communities of color: Doctor,0.0,0.0,1.0,0.0
3,Employees suing companies requiring workers to get COVID-19 vaccine,0.0,0.0,1.0,0.0
4,"New COVID-19 cases, deaths and hospitalizations keep falling, as vaccinations keep increasing",0.077,0.073,0.861,0.066
5,Immunovant (IMVT) Reports Narrower-Than-Expected Loss in Q4,0.995,0.089,0.891,0.02
6,Immunovant (IMVT) Reports Narrower-Than-Expected Loss in Q4,0.995,0.089,0.891,0.02
7,J&amp;J stock gains after Moody's says $2.5 billion payment for talc claims doesn't affect Aaa rating,0.935,0.182,0.818,0.0
8,"Alkermes' (ALKS) Schizophrenia, Bipolar I Disorder Drug Approved",0.995,0.141,0.825,0.033
9,"Alkermes' (ALKS) Schizophrenia, Bipolar I Disorder Drug Approved",0.995,0.141,0.825,0.033
10,J&amp;J (JNJ) to Pay $2.5B in Baby Powder Case on Appeal Rejection,0.995,0.133,0.794,0.073
11,J&amp;J (JNJ) to Pay $2.5B in Baby Powder Case on Appeal Rejection,0.995,0.133,0.794,0.073
12,Zero U.K. COVID-19 deaths recorded for first time since start of pandemic,-0.296,0.0,0.929,0.071
13,"Thirty Madison Vaults to Unicorn Status, Raises $140 Million",0.99,0.107,0.888,0.005
14,"Thirty Madison Vaults to Unicorn Status, Raises $140 Million",0.99,0.107,0.888,0.005
15,15 Most Valuable Pharmaceutical Companies In The World,0.999,0.094,0.881,0.025
16,15 Most Valuable Pharmaceutical Companies In The World,0.999,0.094,0.881,0.025
17,Weary Seafarers Come Ashore in the U.S. for J&amp;J One-Dose Shots,0.824,0.068,0.887,0.045
