﻿,Titles,Polarity,Positive,Neutral,Negative
0,’People will start to get sick and die again if we don’t get vaccinated’: Doctor,0.0,0.0,1.0,0.0
1,"COVID-19 Vaccine-Induced Blood Clots Probably Linked To Amino Acids, Study Shows: WSJ",0.382,0.042,0.932,0.027
2,Certain European Countries Order 40M Additional J&amp;J COVID-19 Jabs: Reuters,-0.361,0.011,0.969,0.02
3,Emergent BioSolutions Faces Lawsuits Related to Vaccine Troubles,-0.153,0.0,0.946,0.054
4,New Zealand approves use of J&amp;J coronavirus vaccine,0.422,0.118,0.882,0.0
5,New Zealand health regulator approves use of Janssen COVID-19 vaccine,0.97,0.196,0.804,0.0
