﻿,Titles,Polarity,Positive,Neutral,Negative
0,J&amp;J tried to get federal judge to block publication of Reuters story,-0.963,0.05,0.863,0.087
1,"Hendershot Investments Inc. Buys Visa Inc, Johnson &amp; Johnson, Brookfield Asset Management ...",0.996,0.07,0.926,0.004
2,"Tandem Capital Management Corp  Buys PerkinElmer Inc, Altra Industrial Motion Corp, Autodesk ...",0.996,0.063,0.933,0.004
3,Special Report-Inside J&amp;J’s secret plan to cap litigation payouts to cancer victims,0.852,0.082,0.844,0.074
4,Special Report-Inside J&amp;J’s secret plan to cap litigation payouts to cancer victims,0.852,0.082,0.844,0.074
5,"Omicron: 'Really great news' across country as hospitals less filled, doctor says",-0.202,0.047,0.885,0.068
6,"Ironsides Asset Advisors, LLC Buys Global X Variable Rate Preferred ETF, BTC iShares MSCI USA ...",0.998,0.106,0.879,0.015
7,New England Professional Planning Group Inc. ...,0.989,0.057,0.937,0.005
