﻿,Titles,Polarity,Positive,Neutral,Negative
0,Johnson &amp; Johnson (JNJ) Stock Moves -0.29%: What You Should Know,0.988,0.083,0.902,0.015
1,Right-wing extremists are exploiting COVID-19 conspiracies on Telegram: Disinformation analyst,-0.302,0.076,0.86,0.064
2,"Omicron: 'We see a substantial surge' in NY this winter, NewYork Presbyterian Hospital CEO",0.0,0.0,1.0,0.0
3,‘Growth was going to slow’ whether Manchin supported Build Back Better or not: Strategist,0.44,0.091,0.909,0.0
4,"Top Stock Reports for Johnson &amp; Johnson, Home Depot &amp; Toyota",0.995,0.117,0.857,0.027
5,"Omicron surge prompts COVID restrictions, Hong Kong voters stay home, Chile elects youngest president",-0.273,0.0,0.94,0.06
6,"COVID-19 testing in the U.S. has been ‘a disaster from day one,’ doctor says",0.34,0.072,0.928,0.0
7,"Market check: Stocks open lower, yield curve steepens, oil under pressure",-0.296,0.0,0.896,0.104
8,"Market check: Stocks sink on stimulus blow, Omicron concerns",0.0,0.0,1.0,0.0
9,Moderna says COVID-19 booster shot offers protection against Omicron,0.0,0.0,1.0,0.0
10,10 Canadian Dividend Stocks to Buy for 2022,0.999,0.097,0.895,0.008
