﻿,Titles,Polarity,Positive,Neutral,Negative
0,"FDA Restricts Sale, Approves New Labeling Of Breast Implants",-0.964,0.056,0.829,0.115
1,U.S. administers 417.8 mln doses of COVID-19 vaccines - CDC,0.599,0.034,0.966,0.0
2,Ability to vaccinate 5 year olds &amp; up to be ‘critical’ in aiding pandemic resolution: Doctor,0.0,0.0,1.0,0.0
3,Millions Of JNJ COVID-19 Shots Sit Idle At Emergent's Baltimore Plant: Reuters,-0.105,0.052,0.905,0.043
4,What Investors Liked About Johnson &amp; Johnson's Q3 Results,0.042,0.055,0.893,0.052
5,Is This Steady Healthcare Stock a Buy?,0.0,0.0,1.0,0.0
6,Do Johnson &amp; Johnson's Ongoing Litigation Woes Spell Disaster for the Stock?,0.0,0.0,1.0,0.0
7,2 Top Stocks That Can Help Investors Crush Inflation,0.026,0.202,0.656,0.142
8,Exclusive-Tens of millions of J&amp;J COVID-19 shots sit at Baltimore factory -sources,0.747,0.036,0.939,0.025
9,3 Pharma Stocks You Can Buy and Hold Forever,0.153,0.035,0.965,0.0
