﻿,Titles,Polarity,Positive,Neutral,Negative
0,The New 'Mutant Virus' Signals A Need For Annual Shots: BioNTech CEO,0.0,0.0,1.0,0.0
1,Doctor explains what we know about the Omicron variant's spread,0.0,0.0,1.0,0.0
2,Novavax (NVAX) Starts Developing Omicron-Specific COVID Jab,0.987,0.077,0.895,0.028
3,"A new study finds that most COVID-19 vaccines boost immunity, though there is no winning shot",0.707,0.268,0.732,0.0
4,The 'Highly Mutated Virus' Signals A Need For Annual Shots: BioNTech CEO,0.0,0.0,1.0,0.0
5,"COVID: ‘We need to stop wearing cloth masks and go to N95s for all,’ expert says",-0.25,0.0,0.947,0.053
6,COVID-19 Vaccine &amp; Drug Makers Gear Up to Fight Omicron,0.994,0.087,0.885,0.028
7,Why is Africa’s Covid-19 vaccination rate so low?,0.05,0.041,0.909,0.05
8,10 Dividend Stocks That Have Doubled Their Payouts,0.998,0.096,0.887,0.017
9,"Pharma Stock Roundup: FDA Panel Vote for MRK COVID Pill, JNJ Omicron Jab Plan",0.998,0.12,0.86,0.021
