﻿,Titles,Polarity,Positive,Neutral,Negative
0,Johnson &amp; Johnson (JNJ) Stock Moves -0.06%: What You Should Know,0.99,0.101,0.886,0.013
1,Best Stocks to Buy in 2021 According to Billionaire Prem Watsa,1.0,0.146,0.814,0.039
2,Best Stocks to Buy in 2021 According to Billionaire Prem Watsa,1.0,0.146,0.814,0.039
3,The U.S. is not ‘maximizing’ access to COVID-19 vaccines : Doctor,0.0,0.0,1.0,0.0
4,Pfizer Hits Deadlock With India Over Vaccine Indemnity Issue: Reuters,0.226,0.047,0.92,0.033
5,"As Stock Market Nears Record Highs, Make Sure You Don't Miss Out With This Key Play",0.052,0.084,0.839,0.077
6,Top Pharmaceutical Companies in India,1.0,0.101,0.867,0.032
7,Worried About Market Volatility? Buy These 2 Stocks Right Now,0.665,0.186,0.729,0.085
8,2 Blue Chips I'd Love to Buy in a Bear Market,0.414,0.039,0.961,0.0
9,UPDATE 1-GAVI signs COVID-19 vaccine supply deal with J&amp;J,-0.259,0.06,0.876,0.064
10,GAVI signs COVID-19 vaccine supply deal with J&amp;J,0.521,0.09,0.862,0.048
