﻿,Titles,Polarity,Positive,Neutral,Negative
0,South African company to start making Pfizer vaccine,0.0,0.0,1.0,0.0
1,"Stock market news live updates: Futures gain after 2 day rally, eyes on jobless claims",-0.795,0.066,0.859,0.075
2,"Dow Jones Up 270 Points After Coca-Cola, Johnson &amp; Johnson, Verizon Announce Earnings",0.7,0.068,0.932,0.0
3,Dow closes up more than 285 points as stocks extend rebound rally,0.382,0.114,0.826,0.059
4,Johnson &amp; Johnson (JNJ) Q2 2021 Earnings Call Transcript,0.0,0.0,1.0,0.0
5,J&amp;J Nabs $5 Billion Opioid Settlement And Beats Second-Quarter Views,0.226,0.095,0.905,0.0
6,Why Shares of Endo Pharamecuticals Are Soaring Today,-0.153,0.132,0.66,0.208
7,States Unveil $26 Billion Settlement Over Opioid Lawsuits,0.0,0.0,1.0,0.0
8,Is JNJ Stock A Buy Or A Sell As Delta Question Plagues Covid Shot?,0.0,0.0,1.0,0.0
9,"J&amp;J, Distributors Reach Settlement With States Over Opioids",0.907,0.107,0.81,0.083
10,J&amp;J Shrugs Off Vaccine Worries And Nabs Opioid Settlement — Will Shares React?,0.226,0.101,0.899,0.0
11,J&amp;J to stop selling opioids for 10 years and will pay $5 billion as part of settlement,0.796,0.142,0.817,0.04
12,State AGs urge support for landmark $26 billion opioid settlement,0.939,0.115,0.787,0.098
13,"UPDATE 3-Big 3 U.S. drug distributors, J&amp;J reach landmark $26 bln opioid settlement",0.914,0.084,0.837,0.079
14,Catalent Plans $100M Expansion Of Biologics Capabilities At Italian Vaccine Plant,0.804,0.049,0.951,0.0
15,U.S. state officials urge support for landmark $26 billion opioid settlement,0.986,0.123,0.786,0.091
16,Johnson &amp; Johnson's COVID-19 Shot Is Less Effective Against Delta Variant: Study,-0.593,0.047,0.899,0.054
17,‘It’s very premature to talk about booster vaccines’: Doctor,0.34,0.103,0.897,0.0
18,"Delta variant of SARS-CoV-2 will likely be dominant strain globally within months after spreading to 124 countries, says WHO",-0.052,0.0,0.966,0.034
19,Stocks End Higher as Wall Street Turns Focus to Corporate Earnings,0.0,0.0,1.0,0.0
20,J&amp;J CFO: Not-for-Profit Vaccine Price Likely to End in 2021,-0.494,0.0,0.918,0.082
21,J&amp;J COVID-19 vaccine sales to total  $2.5 billion in 2021,0.974,0.087,0.867,0.046
22,Dow up more than 200 points as stocks extend rebound rally,0.382,0.114,0.826,0.059
23,U.S. Corporate Earnings Cast Off Covid Gloom With Rosy Outlooks,0.964,0.09,0.867,0.043
24,"Norway, Lithuania swap J&amp;J, Pfizer vaccines to speed up inoculation",0.202,0.045,0.913,0.042
25,"Delta variant of COVID is now in 124 countries and will likely be dominant strain globally within months, says WHO",-0.052,0.0,0.966,0.034
26,Stocks Trade Higher as Wall Street Turns Focus to Corporate Earnings,0.0,0.0,1.0,0.0
27,"US STOCKS-Wall Street rises on upbeat earnings, recovery optimism",0.993,0.116,0.862,0.022
28,Dow Jones Rallies As Netflix Slides On Earnings; Chipotle Surges On Earnings Beat,-0.44,0.0,0.868,0.132
29,"Coke, J&amp;J, Verizon All Beat on Q2 Numbers",0.996,0.129,0.855,0.016
30,"Earnings Strength From J&amp;J, Chipotle, Coca-Cola Helps Set Positive Early Tone",0.998,0.105,0.84,0.055
31,"Dow Jones Today Leads As Stocks Extend Rebound; Earnings Lift Chipotle, ASML Holdings; China Floods Weigh On Apple",0.178,0.086,0.914,0.0
32,Johnson &amp; Johnson Shrugs Off Vaccine Worries But Stays Flat Despite Quarterly Beat,0.226,0.101,0.899,0.0
33,J&amp;J Earnings Beat Expectations as Study Raises Doubts Over Vaccine’s Efficacy,0.625,0.053,0.947,0.0
34,Earnings Data Deluge,0.995,0.131,0.851,0.018
35,Dow opens higher as stocks extend rebound rally,0.382,0.114,0.826,0.059
36,"J&amp;J (JNJ) Beats on Q2 Earnings &amp; Sales, Ups View, Stock Rises",0.999,0.12,0.875,0.004
37,JNJ CFO: We’re certain vaccine demand will increase,0.0,0.0,1.0,0.0
38,"Dow Jones Today, Futures Seek Balance After Rebound; Earnings Lift Chipotle, ASML Holdings; Will China Floods Hurt Apple?",0.0,0.0,1.0,0.0
39,J&amp;J Stock Rises on Earnings.  Study Adds to Doubts Over Its Vaccine’s Efficacy.,0.625,0.054,0.946,0.0
40,Johnson &amp; Johnson (JNJ) Q2 Earnings and Revenues Top Estimates,0.994,0.098,0.896,0.006
41,Dow futures up 140 points as stocks aim to extend rebound,0.178,0.096,0.904,0.0
42,"US STOCKS-Upbeat earnings, recovery optimism lift Wall St futures",0.994,0.134,0.851,0.015
43,Stocks Extend Gains as Wall Street Turns Focus to Corporate Earnings,0.0,0.0,1.0,0.0
44,J&amp;J forecasts $2.5 billion in COVID-19 vaccine sales this year,0.908,0.071,0.885,0.044
45,Johnson &amp; Johnson beats earnings estimates for Q2 and raises full-year guidance,0.681,0.081,0.919,0.0
46,"UPDATE 2-J&amp;J raises forecasts, estimates $2.5 bln in COVID-19 vaccine sales",0.981,0.108,0.866,0.027
47,"Johnson &amp; Johnson Earnings Beat Views, Dow Giant Raises Full-Year Guidance",0.0,0.0,1.0,0.0
48,"J&amp;J raises forecasts, estimates $2.5 billion in COVID-19 vaccine sales",0.974,0.098,0.874,0.028
49,Coronavirus tally: Global cases of COVID-19 top 191.4 million and study finds J&amp;J vaccine less effective vs. delta variant,-0.706,0.034,0.864,0.103
