﻿,Titles,Polarity,Positive,Neutral,Negative
0,Johnson &amp; Johnson (JNJ) Stock Sinks As Market Gains: What You Should Know,0.992,0.1,0.897,0.003
1,Ovarian Cancer Victims Ask Court to Block Johnson &amp; Johnson's 'Texas Two-Step' Bankruptcy Plan,-0.985,0.064,0.828,0.108
2,"Doctor: 'If you want to question [the efficacy of vaccines], you’re betting against the house'",0.0,0.0,1.0,0.0
3,Unvaccinated LA residents were 29 times more likely to be hospitalized with COVID-19: CDC study,0.921,0.081,0.861,0.059
4,Here's Why Theravance Biopharma Stock Is Tanking Today,-0.406,0.0,0.763,0.237
5,The covid booster question is one of privilege and we must be very thoughtful about: Doctor,0.0,0.0,1.0,0.0
6,Is JNJ Stock A Buy As Covid Vaccine Recipients Await News On Boosters?,0.103,0.069,0.931,0.0
7,Theravance Stock Crashes; Can Longer Testing Salvage Its J&amp;J-Partnered Drug?,-0.511,0.0,0.829,0.171
8,3 COVID Vaccine Makers to Watch on Pfizer Jab Full FDA Approval,1.0,0.178,0.797,0.025
9,"UPDATE 1-With full vaccine approval, U.S. could control COVID by spring 2022 -Fauci",0.994,0.149,0.832,0.019
10,Theravance Stock Plunges As JAK Inhibitor Flops Ulcerative Colitis Study,0.511,0.056,0.901,0.043
11,"UPDATE 1-Six U.S. states do not join $26 bln opioid settlements with distributors, J&amp;J",0.729,0.081,0.854,0.066
12,'[Humans] are creating the waves and the strains': Doctor on Delta variant spread,0.671,0.159,0.841,0.0
