﻿,Titles,Polarity,Positive,Neutral,Negative
0,Cancer victims urge court to end J&amp;J bankruptcy roadblock to lawsuits,-0.995,0.061,0.789,0.15
1,Why Novavax and Johnson &amp; Johnson Stocks Slipped Today,0.25,0.125,0.875,0.0
2,J&amp;J’s Legal Strategy on Cancer Suits Questioned by Appeals Court,-0.99,0.073,0.795,0.132
3,Johnson &amp; Johnson (JNJ) Stock Sinks As Market Gains: What You Should Know,0.99,0.094,0.891,0.015
4,Defense Wins Ballgames; 3 Blue-Chip Stocks To Consider,0.999,0.147,0.843,0.009
5,"Beat the Market Like Zacks: Hargreaves Lansdown (HRGLY), Starbucks (SBUX), Johnson &amp; Johnson (JNJ) in Focus",0.998,0.109,0.87,0.021
