﻿,Titles,Polarity,Positive,Neutral,Negative
0,Johnson &amp; Johnson (JNJ) Stock Moves -0.12%: What You Should Know,0.99,0.101,0.879,0.019
1,Here's Why Moderna Stock Soared 125% During the First 6 Months of 2021,0.765,0.322,0.678,0.0
2,"AstraZeneca, JNJ To Start Research On Potentially Modified COVID-19 Shots: WSJ",-0.382,0.029,0.93,0.04
3,"Ahead Of AdComm AstraZeneca, FibroGen's Roxadustat Hit With Safety, Efficacy Questions",0.94,0.094,0.866,0.04
4,Moderna (MRNA) Set to Supply Argentina With COVID-19 Vaccine,0.989,0.091,0.882,0.026
5,"After FDA Warning, EMA Reviewing J&amp;J COVID-19 Jab For Rare Nerve Disorder: Reuters",0.84,0.084,0.857,0.059
6,Can J&amp;J Break Out to Highs Amid COVID Vaccine Headlines?,0.141,0.066,0.934,0.0
7,J&amp;J (JNJ) COVID-19 Jab Linked to New Rare Neurological Disorder,0.991,0.11,0.856,0.034
8,10 Best Safe Dividend Stocks to Buy Now,1.0,0.15,0.82,0.03
9,UPDATE 1-EU reviews J&amp;J COVID-19 shot for rare nerve disorder after U.S. warning,0.19,0.057,0.886,0.057
10,"UPDATE 1-J&amp;J, AstraZeneca explore COVID-19 vaccine modification after blood clot reports - WSJ",-0.402,0.022,0.924,0.054
11,EMA analyses J&amp;J COVID-19 vaccine data for cases of rare nerve disorder,-0.273,0.049,0.888,0.062
12,FDA Warns J&amp;J’s COVID-19 Vaccine Can Cause Complications — Report,0.296,0.07,0.863,0.067
13,"J&amp;J, AstraZeneca Explore Covid-19 Vaccine Modification in Response to Rare Blood Clots",-0.25,0.0,0.923,0.077
14,FDA Adds Rare Nerve Condition As Second Warning To Johnson &amp; Johnson's COVID-19 Vaccine,-0.953,0.086,0.768,0.146
15,How Johnson &amp; Johnson's COVID Vaccine Is Making a Comeback,0.891,0.192,0.808,0.0
16,"Johnson &amp; Johnson, AstraZeneca Aim to Cut Clot Risk in Vaccines",-0.494,0.0,0.819,0.181
17,COVID-19 Vaccines: How Much Revenue Will Each Drugmaker Generate in 2021?,0.202,0.07,0.93,0.0
18,"Goldman Sachs, PepsiCo Rise Premarket; JPMorgan Falls",0.795,0.075,0.88,0.045
19,J&amp;J Slips After Its Covid Vaccine Receives FDA Warning,-0.906,0.052,0.832,0.116
20,Italy's Enel to sell green power to Johnson &amp; Johnson in virtual deal,0.848,0.091,0.909,0.0
21,U.S. Futures Mixed; Inflation Data and Bank Earnings in Focus,0.856,0.08,0.86,0.059
22,"Bank Earnings, June CPI  and IEA Warns OPEC - What's Moving Markets",0.893,0.084,0.847,0.069
