﻿,Titles,Polarity,Positive,Neutral,Negative
0,Johnson &amp; Johnson (JNJ) Stock Moves -0.31%: What You Should Know,0.986,0.095,0.876,0.029
1,"COVID-19: 'Vaccination is the way' to keep the economy open, doctor says",0.0,0.0,1.0,0.0
2,Johnson &amp; Johnson’s got a new CEO and a plan to split the company in two. Here’s what else to expect out of J&amp;J’s earnings,0.494,0.033,0.967,0.0
3,"'We need to continue masking in schools,' doctor urges",0.0,0.0,1.0,0.0
4,J&amp;J Baby Powder Judge Says Two Victim Panels is One Too Many,-0.988,0.041,0.834,0.124
5,3 Warren Buffett dividend stocks yielding as high as 4.6%,0.995,0.103,0.876,0.021
6,What’s next for a J&amp;J that will soon be split into two different companies,0.494,0.033,0.967,0.0
7,Dr. Fauci on coronavirus pandemic: Vaccines are working but variants surprised us,0.989,0.087,0.898,0.014
8,Supplying an Award-Winning Model for Diversity and Inclusion,0.984,0.186,0.814,0.0
9,"Asymmetry Capital Management, L.P. Buys Biomarin Pharmaceutical Inc, UnitedHealth Group Inc, ...",0.986,0.043,0.953,0.004
10,"Deane Retirement Strategies, Inc. Buys Invesco S&amp;P 500 Low Volatility ETF, iShares iBoxx ...",0.99,0.059,0.922,0.019
11,"Market Street Wealth Management Advisors Llc Buys iShares Fallen Angels USD Bond ETF, ...",1.0,0.136,0.854,0.01
12,"Guinness Asset Management LTD Buys Johnson &amp; Johnson, Aflac Inc, VF Corp, Sells NVIDIA ...",0.998,0.115,0.88,0.005
13,Medical-imaging software startup raises $150M six months after previous VC round,0.0,0.0,1.0,0.0
