﻿,Titles,Polarity,Positive,Neutral,Negative
0,'Things are going to get much worse before they get better' in India: Expert,-0.976,0.067,0.839,0.094
1,West Virginia Governor on offering incentives after state ‘hit a wall’ in vaccinations,0.691,0.18,0.82,0.0
2,Emergent BioSolutions Has Supply Of 60M Johnson &amp; Johnson COVID-19 Vaccine Doses Awaiting Approval: Bloomberg,0.784,0.067,0.888,0.045
3,West Virginia city takes big three drug distributors to court over opioids,-0.699,0.036,0.908,0.057
4,West Virginia city takes big three drug distributors to court over opioids,-0.699,0.036,0.908,0.057
5,California has lowest COVID-19 case rate in the U.S.: RPT,0.0,0.0,1.0,0.0
6,Novavax Secures Additional $147M From Warp Speed Program For COVID-19 Vaccine,0.848,0.048,0.952,0.0
7,"Pharma Stock Roundup: Big Drugmakers' Q1 Earnings, Resumption of JNJ US COVID-19 Jabs",0.998,0.119,0.838,0.043
8,"Emergent BioSolutions Hopeful To Restart Vaccine Production, Plans To Submit Response To FDA Within Days",0.778,0.071,0.87,0.059
9,South Africa regulator says J&amp;J shot can be given to pregnant women,0.273,0.042,0.916,0.042
10,"Emergent (EBS) Beats on Q1 Earnings, Cuts Contract Revenue View",0.99,0.085,0.875,0.039
