﻿,Titles,Polarity,Positive,Neutral,Negative
0,Here's Why Orphazyme Shares Rocketed Higher on Wednesday,0.0,0.0,1.0,0.0
1,Here's Why Orphazyme Shares Rocketed Higher on Wednesday,0.0,0.0,1.0,0.0
2,COVID-19 pandemic is ‘far from over in other parts of the world’: Doctor,0.0,0.0,1.0,0.0
3,JNJ Unlikely To Meet Q2 COVID-19 Vaccine Supply Target To EU: Reuters,-0.296,0.01,0.97,0.02
4,FDA ‘shifting the bar’ for approval with new Alzheimer’s drug: Eli Lilly CEO,0.994,0.115,0.848,0.038
5,FDA ‘shifting the bar’ for approval with new Alzheimer’s drug: Eli Lilly CEO,0.994,0.115,0.848,0.038
6,Coronavirus vaccine: 'We don’t even realize how lucky we are' in America,-0.929,0.056,0.868,0.075
7,UPDATE 2-EU says J&amp;J to miss vaccine supply target in second quarter,0.813,0.049,0.921,0.03
8,Moderna Just Eliminated This 1 Risk,-0.743,0.0,0.875,0.125
9,EU says J&amp;J to miss vaccine supply target in second quarter,0.077,0.051,0.899,0.049
