﻿,Titles,Polarity,Positive,Neutral,Negative
0,"Earnings: It will be 'key to listen to the forward guidance' in the second quarter, strategist says",0.836,0.241,0.759,0.0
1,Inflation Is Yesterday’s News. A Strong Dollar Is Next Big Threat for U.S. Multinationals.,0.153,0.165,0.7,0.135
2,"JNJ Beats on Q2 Earnings, Cuts View: ETFs in Focus",1.0,0.211,0.748,0.042
3,Stock Market Today: Track Market Trends And The Best Stocks To Watch,0.637,0.174,0.826,0.0
4,"Stocks on the move: Salesforce, Disney, UnitedHealth, Netflix",0.0,0.0,1.0,0.0
5,10 Best Long-Term Dividend Stocks,0.999,0.097,0.896,0.007
6,10 Best Healthcare Stocks To Buy Now According To Motley Fool’s 1623 Capital,0.999,0.102,0.881,0.017
7,7 Best Stocks for College Graduates,1.0,0.146,0.833,0.022
