﻿,Titles,Polarity,Positive,Neutral,Negative
0,Boosters And Mandate Could Increase Vaccine Demand,0.993,0.085,0.871,0.044
1,Hedge Funds Have Never Been This Bullish On Berkshire Hathaway (BRK.B),0.998,0.091,0.892,0.017
2,J&amp;J says booster shot greatly improves its COVID-19 vaccine’s efficacy as experts await FDA decision,-0.137,0.07,0.849,0.081
3,Could natural COVID-19 immunity trump vaccine mandates?,0.0,0.0,1.0,0.0
4,Alibaba Group Holding Limited (BABA): Are Hedge Funds Right About This Stock?,0.997,0.101,0.868,0.032
5,"Johnson &amp; Johnson Shows Off Covid Boosters, But Can It Catch Moderna, Pfizer?",0.318,0.091,0.909,0.0
6,Here is What Hedge Funds Think About Visa Inc (V),0.999,0.119,0.863,0.018
7,Hedge Funds Have Never Been This Bullish On Facebook Inc (FB),0.999,0.111,0.876,0.014
8,Dow Jones Rises As Fed Meeting Kicks Off; Growth Stocks To Watch Today,0.791,0.259,0.741,0.0
9,Booster shots for those 75+ is a 'no-brainer': Doctor,0.0,0.0,1.0,0.0
10,"J&amp;J announces promising Covid-19 booster data, delays on kids vaccine trial",0.361,0.075,0.925,0.0
11,Why These 10 Stocks Are on the Move on Tuesday,0.989,0.073,0.9,0.027
12,"Dow Jones Trims Big Early Gains, Nasdaq Leads As Fed Meeting Starts",0.791,0.25,0.75,0.0
13,"Johnson &amp; Johnson Shows Off Covid Boosters, But Can It Catch Moderna, Pfizer?",0.318,0.091,0.909,0.0
14,S&amp;P 500 Ends Lower as China-led Global Growth Worries Persist; Fed Eyed,-0.653,0.091,0.816,0.093
15,Fed's FOMC Meeting in Focus,0.992,0.104,0.875,0.021
16,J&amp;J says booster greatly improves COVID-19 vaccine efficacy as experts await FDA decision,-0.137,0.07,0.849,0.081
17,Housing Data Better than Expected on Growth in Northeast,0.994,0.109,0.872,0.019
18,"J&amp;J announces promising COVID-19 booster data, delays on kids vaccine trial",0.866,0.036,0.952,0.012
19,S&amp;P 500 Rebound Fades on Global Growth Concerns Ahead of Fed Meeting,-0.36,0.084,0.837,0.079
20,"J&amp;J Says Its Booster Shot Works, but Emphasizes First Doses",-0.382,0.0,0.902,0.098
21,3 Underrated Warren Buffett Stocks That Are Smart Buys Right Now,0.871,0.143,0.857,0.0
22,Coronavirus tally: Global cases of COVID-19 top 229 million and J&amp;J says booster vaccine shot increases antibodies,-0.765,0.0,0.761,0.239
23,Johnson &amp; Johnson says Phase 3 trial data confirms 'strong and long-lasting' protection from COVID-19 vaccine,0.785,0.153,0.8,0.047
24,J&amp;J says second shot boosts protection for moderate-severe COVID-19 to 94%,0.986,0.096,0.857,0.047
25,J&amp;J Says Covid-19 Vaccine Booster Two Months After First Shot Increases Protection,-0.153,0.078,0.821,0.101
26,Johnson &amp; Johnson Announces Real-World Evidence and Phase 3 Data Confirming Strong and Long-Lasting Protection of Single-Shot COVID-19 Vaccine in the U.S.,0.967,0.052,0.904,0.045
27,"Jim Cramer on the Markets, Evergrande, J&amp;J, Uber, Universal Music: Watch Live",0.0,0.0,1.0,0.0
28,Wall Street Rebounds at Open; China Nerves Ease as Fed Gathers; Dow Up 230 Pts,0.859,0.095,0.834,0.07
29,"Premarket Movers Tuesday: Uber, Johnson &amp; Johnson, Apple",0.0,0.0,1.0,0.0
30,"Uber, Apple, ConocoPhillips Rise Premarket; Lennar Falls",0.914,0.08,0.878,0.042
31,J&amp;J Gains on Claims Its Booster Shot Raises Immunity Against Covid,0.955,0.088,0.898,0.014
32,Johnson &amp; Johnson Says Second COVID Vaccine Dose Boosts Overall Efficacy To 94%,0.511,0.121,0.879,0.0
