﻿,Titles,Polarity,Positive,Neutral,Negative
0,Johnson &amp; Johnson (JNJ) Gains As Market Dips: What You Should Know,0.989,0.105,0.875,0.02
1,‘Unvaccinated folks’ are driving coronavirus surges as American society slowly reopens,0.988,0.07,0.9,0.03
2,"South African Variant Able To Elude Pfizer/BioNTech' Vaccine Protection, Israeli Study Shows: Report",-0.801,0.044,0.894,0.061
3,I’d still trust vaccines to suppress emergence of more variants: Doctor,0.0,0.0,1.0,0.0
4,UPDATE 1-Spain to vaccinate 70-79 year olds with J&amp;J's one-dose COVID-19 shot,-0.879,0.021,0.936,0.043
5,"Greece to receive first 33,600 doses of J&amp;J COVID-19 vaccine this week",0.897,0.066,0.903,0.031
6,Pulmatrix Stock Is Trading Lower After JNJ's Lung Cancer Initiative Terminates PUR1800 Licensing Pact,0.859,0.074,0.9,0.026
7,Doctor on vaccine push: 'These vaccines work extremely well and that’s something to celebrate',0.0,0.0,1.0,0.0
8,Spain to vaccinate 70-79 year olds with J&amp;J's COVID-19 shot,-0.34,0.018,0.951,0.032
9,"UPDATE 1-J&amp;J begins COVID-19 vaccine supplies to EU, 50 mln doses expected in Q2 -lawmaker",0.904,0.066,0.914,0.02
10,"J&amp;J begins COVID-19 vaccine supplies to EU, 50 mln doses expected in Q2 -lawmaker",0.904,0.09,0.883,0.027
