﻿,Titles,Polarity,Positive,Neutral,Negative
0,Johnson &amp; Johnson (JNJ) Stock Sinks As Market Gains: What You Should Know,0.994,0.109,0.882,0.008
1,"Doylestown Health receives $5M gift from Johnson &amp; Johnson chairman Alex Gorsky, wife",0.967,0.236,0.764,0.0
2,Stock Market Today: Dow Ends Higher as Twitter Surge Keeps Tech in Vogue,0.033,0.073,0.856,0.071
3,Why the Earnings Surprise Streak Could Continue for Johnson &amp; Johnson (JNJ),0.995,0.14,0.837,0.022
4,"UPDATE 1-West Virginia says J&amp;J, drugmakers created 'tsunami' of opioid addiction",-0.965,0.058,0.836,0.106
5,"West Virginia faces off against J&amp;J, drugmakers at trial over opioid epidemic",-0.945,0.065,0.83,0.104
