﻿,Titles,Polarity,Positive,Neutral,Negative
0,"New York Takes Drugmakers, Drug Retailers To Legal Trial Over Opioid",-0.889,0.0,0.929,0.071
1,"New York Takes Drugmakers, Drug Retailers To Legal Trial Over Opioid",-0.889,0.0,0.929,0.071
2,"Ireland allows AstraZeneca vaccine for all adults, cuts dose gap",-0.064,0.022,0.955,0.023
3,"Ireland allows AstraZeneca vaccine for all adults, cuts dose gap",-0.064,0.022,0.955,0.023
4,Will This 2020 Biotech IPO Crush the Market This Year?,0.785,0.315,0.685,0.0
5,Will This 2020 Biotech IPO Crush the Market This Year?,0.785,0.315,0.685,0.0
6,Why Johnson &amp; Johnson Is Trashing 60 Million Doses of Its COVID Vaccine,-0.863,0.0,0.888,0.112
7,Why Johnson &amp; Johnson Is Trashing 60 Million Doses of Its COVID Vaccine,-0.863,0.0,0.888,0.112
8,"3 Reasons to Buy Johnson &amp; Johnson, and 1 Reason to Sell",0.0,0.0,1.0,0.0
9,"3 Reasons to Buy Johnson &amp; Johnson, and 1 Reason to Sell",0.0,0.0,1.0,0.0
10,"New York takes Teva, McKesson, others to trial over opioids",-0.873,0.022,0.924,0.055
11,"New York takes Teva, McKesson, others to trial over opioids",-0.873,0.022,0.924,0.055
12,"UPDATE 1-J&amp;J scraps India COVID-19 vaccine trial, aims to accelerate availability - ET",-0.017,0.035,0.929,0.036
13,REFILE-J&amp;J decides not to conduct trials in India for its COVID-19 vaccine - ET,0.477,0.028,0.972,0.0
