﻿,Titles,Polarity,Positive,Neutral,Negative
0,American Airlines Stock May Lose More Altitude,0.997,0.124,0.841,0.035
1,Johnson &amp; Johnson (JNJ) is a Top Dividend Stock Right Now: Should You Buy?,0.992,0.135,0.859,0.007
2,7 Robinhood Stocks Even Billionaires Want in Their Portfolios,0.999,0.105,0.864,0.03
3,Emergent says experimental COVID-19 treatment failed in Phase 3 trial,0.752,0.057,0.931,0.011
4,Vaccine Stocks Checkup: U.S. Administers 3.975 Million Doses Thursday,0.202,0.096,0.904,0.0
5,"U.S. May Not Need AstraZeneca Vaccine, Fauci Tells Reuters",0.0,0.0,1.0,0.0
6,When Will Johnson &amp; Johnson Start to Profit From Its COVID Vaccine?,0.864,0.146,0.834,0.02
7,Vaccine Stocks Checkup: 15 Million Johnson &amp; Johnson Doses Ruined,0.202,0.096,0.904,0.0
