﻿,Titles,Polarity,Positive,Neutral,Negative
0,These 3 Blue-Chip Stocks Are Great Shields Against Volatility,0.997,0.109,0.878,0.013
1,Johnson &amp; Johnson (JNJ) Stock Sinks As Market Gains: What You Should Know,0.992,0.098,0.89,0.012
2,"Africa: Why COVID vaccine equity is still a big, and deadly, problem for all of us",0.997,0.087,0.867,0.046
3,Johnson &amp; Johnson taps ex-CEO of CVS for board leadership role at new consumer unit,-0.026,0.026,0.946,0.028
4,Johnson &amp; Johnson Appoints Larry Merlo as Non-Executive Chair Designate of Planned New Consumer Health Company,0.999,0.126,0.848,0.026
