﻿,Titles,Polarity,Positive,Neutral,Negative
0,COVID-19 vaccines have ‘proved their merit at this point’: Doctor,0.422,0.118,0.882,0.0
1,"Top Analyst Reports for Johnson &amp; Johnson, Netflix &amp; Oracle",0.998,0.159,0.822,0.018
2,Countries pushing vaccine IP waivers ‘want to take advantage of the technology’: Fmr. U.S. Commerce Secretary,-0.296,0.0,0.951,0.049
3,COVID-19: The U.S. issues advisory for travel to Europe but has no plans for a lockdown,0.0,0.0,1.0,0.0
4,COVID-19: The U.S. issues advisory for travel to Europe but has no plans for a lockdown,0.91,0.079,0.891,0.029
5,Will Investors Benefit From Johnson &amp; Johnson's Breakup?,0.919,0.14,0.843,0.017
6,4 Reasons Arrowhead Pharmaceuticals Could Be the Next Biotech Buyout,0.361,0.111,0.889,0.0
