﻿,Titles,Polarity,Positive,Neutral,Negative
0,"UPDATE 1-Chile to ramp up purchase of Sinovac vaccine, seeking deal with Johnson &amp; Johnson",0.852,0.041,0.954,0.005
1,"Dow Jones Rips 600 Points Higher, Led By Boeing, Apple; Zoom Video Surges Late On Earnings",0.494,0.113,0.887,0.0
2,3 Penny Stocks To Buy According To Top Stock Market Analysts,0.995,0.08,0.907,0.012
3,3 Penny Stocks To Buy According To Top Stock Market Analysts,0.995,0.08,0.907,0.012
4,Dow Jones Rises Over 700 Points As Indexes Recover Some Of Last Week's Sell-Off; These Dow Stocks Trade Near Buy Zones,0.896,0.41,0.59,0.0
5,Dow Jones Rises Over 700 Points As Indexes Recover Some Of Last Week's Sell-Off; These Dow Stocks Trade Near Buy Zones,0.896,0.41,0.59,0.0
6,Genpact’s AI platform to process and track 'adverse events' of COVID-19 vaccine,0.99,0.082,0.903,0.015
7,Johnson &amp; Johnson waiting on new plant approval to ship high volumes of vaccine: executive,0.967,0.06,0.94,0.0
8,J&amp;J waiting on new plant approval to ship high volumes of vaccine -exec,0.967,0.059,0.941,0.0
9,J&amp;J’s Covid-19 Vaccine Is Authorized. Here’s What It Means for the Stock.,0.572,0.171,0.829,0.0
10,UPDATE 1-McKesson begins distribution of Johnson &amp; Johnson's COVID-19 vaccine,0.625,0.038,0.962,0.0
