﻿,Titles,Polarity,Positive,Neutral,Negative
0,"UPDATE 1-U.S. states to unveil $26 billion opioid settlement with drug distributors, J&amp;J this week - source",-0.944,0.059,0.845,0.096
1,"Drug distributors, J&amp;J to announce $26 bln opioid settlement this week - source",0.296,0.058,0.91,0.032
2,Stock market news live updates: Futures inch higher after Delta-variant selloff drags on Wall Street,0.935,0.076,0.879,0.044
3,‘Vaccination is really our route out of this pandemic’: Doctor,0.0,0.0,1.0,0.0
4,Johnson &amp; Johnson Announces Quarterly Dividend for Third Quarter 2021,0.987,0.187,0.813,0.0
5,Covid-19 hospitalizations rise among unvaccinated,-0.542,0.049,0.807,0.144
6,More athletes test positive for Covid days ahead of Olympics,0.557,0.159,0.841,0.0
7,Why the market can’t afford to ignore the COVID Delta variant,-0.296,0.0,0.948,0.052
8,Arrowhead Pharmaceuticals: Buy the Dip?,0.382,0.034,0.966,0.0
9,Will J&amp;J (JNJ) Initiate Pharma Q2 Earnings With a Beat?,0.997,0.118,0.854,0.028
10,"Delta variant: 'We’re going to see breakthrough cases' and that's OK, doctor says",0.992,0.099,0.84,0.062
11,Johnson &amp; Johnson Legal Representatives Exploring Putting Talc Lawsuits Into Subsidiary For Bankruptcy Filing: Reuters,-0.944,0.052,0.842,0.106
12,"Moderna, BioNTech Gain Amid Broader Selloff On Virus Worries",-0.548,0.043,0.894,0.063
13,5 Stocks with 50+ Years of Dividend Growth,0.999,0.168,0.83,0.002
14,Stock market news live updates: Futures slide as earnings season gears up; Robinhood files to go public,0.565,0.044,0.92,0.036
15,"Netflix, Johnson &amp; Johnson, JPMorgan, Citigroup and Wells Fargo are part of Zacks Earnings Preview",1.0,0.149,0.823,0.028
16,"Zoom, Facebook and Delta Air Lines Fall Premarket",0.318,0.062,0.876,0.062
17,"Dow Sinks, Zoom Video and Five9, Ackman and Universal, J&amp;J - 5 Things You Must Know",0.202,0.053,0.947,0.0
18,"Zoom Video and Five9, Ackman and Universal, J&amp;J, IBM - 5 Things You Must Know",0.202,0.053,0.947,0.0
19,Lawyers for Ovarian Cancer Victims Call on Regulators to Stop 'Contemptible' Johnson &amp; Johnson Bankruptcy Plan,-0.981,0.075,0.798,0.127
