﻿,Titles,Polarity,Positive,Neutral,Negative
0,Novavax COVID-19 vaccine for teens 82% effective,0.193,0.067,0.865,0.068
1,Johnson &amp; Johnson subsidiary acquires homegrown medical device firm,0.382,0.126,0.874,0.0
2,Final Analysis Show Johnson &amp; Johnson's COVID-19 Offers Only 52.9% Protection,-0.194,0.046,0.904,0.049
3,"Glaxo (GSK) Q4 Earnings Top Estimates, Xevudy Adds $1.1B in Sales",0.999,0.104,0.873,0.024
4,Bayer gets FDA fast track status for next-generation blood thinner,0.7,0.121,0.827,0.052
5,Are Biotech Stocks Still Worth Buying in 2022?,0.999,0.109,0.866,0.025
