﻿,Titles,Polarity,Positive,Neutral,Negative
0,"U.S. administers 432 mln COVID-19 vaccine doses, 70% adults fully vaccinated- CDC",0.599,0.032,0.968,0.0
1,Travel 'confidence level' is surging amid COVID-19 vaccinations: Vacasa CEO,0.402,0.137,0.863,0.0
2,Coronavirus: Infectious diseases physician details the latest news and therapeutics in pandemic,0.0,0.0,1.0,0.0
3,"IBD/TIPP Poll: Vaccine Holdouts Dig In With Pfizer, Merck Antiviral Pills Looming",-0.422,0.0,0.872,0.128
4,10 Dividend ETFs to Buy Now,0.999,0.109,0.855,0.035
5,Immunovant (IMVT) Reports Wider-Than-Expected Loss in Q2,0.981,0.081,0.895,0.023
6,"COVID testing costs, hospitalization to drop as treatments enter market: Analyst",0.494,0.084,0.916,0.0
7,2 Leading Healthcare Stocks to Buy in 2021 and Beyond,0.84,0.139,0.861,0.0
