﻿,Titles,Polarity,Positive,Neutral,Negative
0,Johnson &amp; Johnson (JNJ) Stock Sinks As Market Gains: What You Should Know,0.994,0.113,0.871,0.016
1,It’s been a ‘very traumatic experience’ for India after second COVID-19 wave: Journalist,-0.44,0.081,0.769,0.15
2,IMF says Africa urgently needs vaccines to halt repeated COVID waves,0.527,0.074,0.865,0.06
3,"Earnings Roundup: Adobe, Kroger, The Honest Company, and More",0.511,0.093,0.907,0.0
4,"Earnings Roundup: Adobe, Kroger, The Honest Company, and More",0.511,0.093,0.907,0.0
5,"India Made AstraZeneca's COVID-19 Vaccine Not Eligible For EU Travel, Seeks Resolution: Reuters",0.938,0.08,0.895,0.025
6,Delta variant is getting people in the public health world nervous: Doctor,0.997,0.107,0.845,0.049
7,Delta variant is getting people in the public health world nervous: Doctor,-0.637,0.0,0.828,0.172
8,AstraZeneca (AZN) Gets CHMP Nod for Forxiga in Kidney Disease,0.998,0.159,0.804,0.037
9,3 Low-Risk Stocks for Conservative Investors,0.557,0.074,0.902,0.024
10,3 Low-Risk Stocks for Conservative Investors,0.557,0.074,0.902,0.024
11,"NexTech Closes ""Game-Changing"" Acquisition of Threedy.AI Giving the Company New Augmented Reality Technology to Employ in Global Shopping Sites",0.992,0.099,0.893,0.008
12,"NexTech Closes ""Game-Changing"" Acquisition of Threedy.AI Giving the Company New Augmented Reality Technology to Employ in Global Shopping Sites",0.992,0.099,0.893,0.008
13,"RPT-Booster may be needed for J&amp;J shot as Delta variant spreads, some experts already taking them",0.954,0.062,0.898,0.039
14,"Boeing, Tesla and Johnson &amp; Johnson Fall Premarket",0.968,0.092,0.88,0.027
15,"Boeing, Tesla and Johnson &amp; Johnson Fall Premarket",0.968,0.092,0.88,0.027
16,U.S. Futures Flat; Near Record Levels Ahead of Payrolls,0.964,0.098,0.842,0.06
17,J&amp;J Falls On Agreeing To Pay $230 Million To Settle Opioid Case,0.494,0.057,0.911,0.032
