﻿,Titles,Polarity,Positive,Neutral,Negative
0,Why BioNTech Fell by 7% Today Before Recovering,0.527,0.207,0.793,0.0
1,"UPDATE 1-J&amp;J execs get pay raises, but only after bruising shareholder 'Vote No' campaign",0.823,0.103,0.824,0.073
2,Biden will reportedly announce new CDC mask guidance Tuesday,-0.382,0.0,0.885,0.115
3,"J&amp;J execs get pay raises, but only after bruising shareholder 'Vote No' campaign",0.823,0.106,0.82,0.075
4,Canada supports use of Johnson &amp; Johnson's COVID-19 vaccine despite reports of rare blood clots,0.423,0.067,0.907,0.026
5,3 Income Favorites Raising Dividends,1.0,0.15,0.839,0.011
6,"UPDATE 1-Venezuela keen on J&amp;J vaccine but seeks details on side effects, official says",0.361,0.074,0.874,0.052
7,Johnson &amp; Johnson: A Huge Vaccine Upside,0.995,0.106,0.868,0.026
8,US To Send COVID-19 Vaccine Raw Materials 'Urgently Required' To Help India Tackle Surge In Infections,-0.077,0.041,0.917,0.042
9,Biden administration to share access to U.S.’s pipeline of AstraZeneca vaccine to help close global gap,0.179,0.086,0.914,0.0
10,The Johnson &amp; Johnson vaccine ‘has become critically important’: Doctor,-0.637,0.0,0.839,0.161
11,Johnson &amp; Johnson Vaccinations Resume Amid Declining U.S. Infections,0.077,0.064,0.936,0.0
12,Doctor on updated mask guidelines: 'I think the time is now',-0.382,0.0,0.902,0.098
13,President Biden set to announce new CDC mask guidance Tuesday: RPT,0.296,0.104,0.896,0.0
14,"Investment Arm of World's Second-Largest Reinsurer Swoops In On Nio, Tesla Stock In Q1",0.989,0.138,0.847,0.015
15,"Mega-Cap Companies On Tap For Earnings This Week Include Tesla, Apple, Alphabet, Microsoft",0.999,0.127,0.841,0.032
16,Why There’s Room for More Players in the Covid-19 Vaccine Market,0.751,0.303,0.697,0.0
17,U.S. resumes J&amp;J vaccine with warning,-0.625,0.0,0.806,0.194
18,Sanofi Steps In For Fill-Finish 200M Doses Of Moderna's COVID-19 Vaccine,0.937,0.057,0.938,0.005
19,"Johnson &amp; Johnson Looks To Offload Breast Implant Business, Once Again: Bloomberg",0.351,0.059,0.889,0.053
20,France's Sanofi to help Moderna manufacture COVID-19 shots,0.765,0.065,0.909,0.027
21,Travel stocks rally as EU set to welcome vaccinated American tourists this summer,0.993,0.077,0.915,0.008
22,UPDATE 1-South African study using J&amp;J vaccine will resume on Wednesday,0.96,0.084,0.885,0.031
23,"J&amp;J vaccine study to resume in South Africa on Wednesday, ministry says",0.832,0.08,0.92,0.0
