﻿,Titles,Polarity,Positive,Neutral,Negative
0,Studies claim Pfizer vaccine is less effective after a few months,0.0,0.0,1.0,0.0
1,Covid-19 Vaccine Boosters Are Outpacing First Doses. What Vaccine Stocks Are Doing.,0.296,0.136,0.864,0.0
2,"Covid-19 Vaccine Boosters Now Outpace First Doses, CDC Data Show",0.296,0.136,0.864,0.0
3,Johnson &amp; Johson Asks FDA for Wider Use of Juvenile Arthritis Drug,0.7,0.234,0.766,0.0
4,10 Boring Stocks That Make Money,0.999,0.113,0.852,0.035
5,10 Best Big Pharma Stocks to Buy Now,0.998,0.074,0.904,0.022
6,"COVID Update: Vaccine Booster Shots, Alternate Treatments Wrap Up",0.382,0.094,0.906,0.0
