﻿,Titles,Polarity,Positive,Neutral,Negative
0,"Streaming TV, Burritos, Beer, and Capital Gains Taxes",0.0,0.0,1.0,0.0
1,Starbucks CEO: Vaccines and the 'great human reconnection' create a 2- to 3-year tailwind,0.987,0.087,0.889,0.024
2,It’s ‘good to lift’ COVID-19 restrictions right now: UAB Epidemiologist ,0.0,0.0,1.0,0.0
3,BeiGene's Stock Is Trading Higher As Brukinsa Drug On Par With JNJ's Imbruvica In Late-Stage Blood Cancer Studies,0.729,0.065,0.894,0.041
4,3 Top Healthcare Stocks to Buy and Hold for the Next 10 Years,0.422,0.07,0.88,0.049
5,Strong New Drugs Sales to Aid AbbVie's (ABBV) Q1 Earnings,0.998,0.122,0.864,0.014
6,"Vaccinated Americans 'can now enjoy some more freedoms,' health expert explains",0.992,0.077,0.891,0.032
