﻿,Titles,Polarity,Positive,Neutral,Negative
0,UPDATE 4-Emergent to resume J&amp;J COVID-19 vaccine production at Baltimore plant,-0.296,0.025,0.943,0.032
1,We must move towards vaccine mandates to get ahead of Covid-19: Doctor,-0.382,0.0,0.88,0.12
2,Smart stock investors know to check this telling sign of a company’s health,0.832,0.242,0.709,0.049
3,"Women Cancer Victims Opposed to Johnson &amp; Johnson's 'Texas Two-Step' Bankruptcy Ploy Urge Passage of Reforms Introduced by Warren, Durbin, Nadler, Blumenthal, and Maloney",-0.979,0.073,0.821,0.106
4,"Sandy Hook families offered a settlement, J&amp;J vaccine production resumes in Baltimore, AstraZeneca loses money on vaccine",-0.883,0.04,0.749,0.211
5,Emergent BioSolutions Stock Higher As COVID-19 Vaccine Production To Resume At Baltimore Plant,-0.152,0.036,0.923,0.042
6,Are Johnson &amp; Johnson's Legal Troubles Enough of a Reason to Avoid the Stock?,0.511,0.125,0.875,0.0
7,3 Dividend Stocks Safe Enough to Bet the Farm On,-0.115,0.0,0.917,0.083
8,Wall Street Might Be Missing This Key to Growth at Johnson &amp; Johnson,0.511,0.091,0.909,0.0
9,Pfizer CEO on South Africa vaccine deal: 'They want to see production happening',0.941,0.052,0.93,0.019
10,UPDATE 1-Emergent to resume J&amp;J COVID-19 vaccine production at Baltimore plant,-0.625,0.01,0.947,0.043
11,J&amp;J contractor plans to resume COVID-19 vaccine production at Baltimore plant - WSJ,0.477,0.028,0.972,0.0
12,UPDATE 1-J&amp;J says U.S. FDA agrees to extend shelf life of its COVID-19 vaccine,0.459,0.028,0.972,0.0
