﻿,Titles,Polarity,Positive,Neutral,Negative
0,10 Best Stocks to Buy According to Billionaire Jeffrey Talpins,1.0,0.13,0.86,0.01
1,"New study finds omicron no less severe than earlier variants, and not just more transmissible",-0.793,0.0,0.825,0.175
2,FDA limits use of Johnson &amp; Johnson COVID vaccine over blood clot concerns,0.0,0.0,1.0,0.0
3,"The Famous Fed Put Is Now a Fed Call, and the Bad News Is Piling Up",-0.612,0.06,0.762,0.179
4,Coronavirus tally: FDA limits who can get J&amp;J COVID vaccine over rare blood clot issue,-0.329,0.029,0.899,0.072
5,FDA limits use of J&amp;J COVID-19 vaccine over blood clot concerns,0.93,0.067,0.883,0.05
6,U.S. Stocks Extend Losses Despite Better Than Expected Jobs Number,-0.921,0.087,0.801,0.112
7,Should Invesco S&amp;P 500 Low Volatility ETF (SPLV) Be on Your Investing Radar?,0.989,0.1,0.856,0.044
8,J&amp;J Stock Slips as Covid Vaccine Restricted by FDA Over Blood Clot Risk,0.0,0.0,1.0,0.0
