﻿,Titles,Polarity,Positive,Neutral,Negative
0,Johnson &amp; Johnson Has Been Posting Negative Surprises: A Look Under The Hood,0.563,0.063,0.873,0.064
1,Johnson &amp; Johnson set to release earnings report Tuesday morning,0.494,0.158,0.842,0.0
2,"Dow Jones Futures: Stock Market Stages Nasty Reversal With Netflix, Tesla Earnings Due",-0.557,0.0,0.854,0.146
3,Dow Futures Tick Higher As Earnings Season Heats Up,-0.832,0.031,0.911,0.058
4,"Housing Starts, Johnson &amp; Johnson, Netflix: 3 Things to Watch",0.509,0.038,0.922,0.04
5,"Johnson &amp; Johnson’s Executive Vice President, General Counsel Michael Ullmann to Retire; Elizabeth Forminard Named General Counsel, Effective October 17, 2022",0.998,0.13,0.857,0.014
6,10 Blue Chip Dividend Stocks with Over 5% Yield,0.999,0.105,0.875,0.021
7,"Twitter Earnings on Tap, But All Eyes on Musk Court Battle",0.993,0.116,0.814,0.071
