﻿,Titles,Polarity,Positive,Neutral,Negative
0,UPDATE 2-U.S. authorizes another 14 mln doses of Johnson &amp; Johnson's COVID-19 vaccine -sources,-0.62,0.039,0.913,0.048
1,Workers sue over mandatory COVID-19 vaccination,0.0,0.0,1.0,0.0
2,UPDATE 1-J&amp;J to send 2 million COVID-19 vaccine doses to S.Africa by end-June -President Ramaphosa,-0.599,0.026,0.936,0.039
3,Novavax's (NVAX) COVID-19 Vaccine Shows 90% Efficacy in US Study,0.998,0.125,0.859,0.016
4,Hedge Funds Are Dumping Tesla Inc. (TSLA),0.996,0.089,0.888,0.023
5,This Biotech Stock Has Big Potential,0.0,0.0,1.0,0.0
6,This Biotech Stock Has Big Potential,0.0,0.0,1.0,0.0
7,Should Oshares U.S. Quality Dividend ETF (OUSA) Be on Your Investing Radar?,0.997,0.138,0.83,0.031
8,Argenx Is a Biotech Stock With Big Potential,0.0,0.0,1.0,0.0
9,The Johnson &amp; Johnson Charts Are Healthy Enough for Further Gains,-0.83,0.0,0.874,0.126
10,AstraZeneca's 'Storm Chaser' COVID trial misses goal but offers some hope,0.987,0.133,0.787,0.08
11,"UPDATE 1-Malaysia grants conditional approval for CanSino, J&amp;J COVID-19 vaccines",0.872,0.055,0.926,0.019
