﻿,Titles,Polarity,Positive,Neutral,Negative
0,"Concentrum Wealth Management Buys Apple Inc, Confluent Inc, Invesco DB Base Metals Fund, Sells ...",1.0,0.153,0.838,0.009
1,UPDATE 1-J&amp;J to record $610 mln charge related to skin disease drug,-0.572,0.014,0.946,0.041
2,"McKesson, AmerisourceBergen Lift Outlook On Covid Vaccine, Treatment Distribution",0.66,0.091,0.909,0.0
3,"Avoid Novavax for Now, Until the Picture Clears Up",0.993,0.075,0.885,0.04
4,‘Misinformation and political polarization’ responsible for lagging U.S. vaccinations: Dr. Emanuel,0.128,0.085,0.846,0.069
5,"Sorrento Therapeutics CEO details CoviShield neutralizing antibody, cancer ‘moonshot’ treatment",-0.318,0.081,0.805,0.114
6,J&amp;J Guides To At Least $3 Billion In Covid Vaccine Sales — Is It Now A Buy?,0.0,0.0,1.0,0.0
7,"Johnson &amp; Johnson, Distributors Reach $590M Opioid Settlement For Tribe Claims: Report",0.758,0.06,0.904,0.036
8,Making Our Packaging More Sustainable,0.542,0.056,0.944,0.0
9,"Drug/Biotech Stocks Earnings on Feb 3: BIIB, LLY &amp; MRK",0.99,0.095,0.859,0.046
10,Was The Smart Money Right About Taiwan Semiconductor Mfg. Co. Ltd. (TSM)?,0.997,0.085,0.909,0.006
11,10 Dividend Stocks in Crispin Odey’s Hedge Fund Portfolio,0.999,0.119,0.863,0.019
12,"AbbVie's (ABBV) Q4 Earnings Surpass Estimates, Sales Miss",0.998,0.139,0.834,0.027
13,Were Hedge Funds Illusioned With Tesla Inc. (TSLA)?,0.999,0.122,0.866,0.012
14,"Sterling Financial Planning, Inc. Buys BTC iShares U.S. ...",0.994,0.053,0.941,0.006
15,"Gabalex Capital Management LLC Buys Honeywell International Inc, The Walt Disney Co, Berkshire ...",0.982,0.058,0.936,0.007
16,"Trinity Wealth Management, LLC Buys First Trust Energy AlphaDEX Fund, Invesco Optimum Yield ...",0.999,0.149,0.838,0.013
17,"AmerisourceBergen Earnings Solid, McKesson On Tap With Both Drug Distributors Near Highs",0.296,0.075,0.882,0.043
18,3 Stocks to Buy Now If You're Anxious About the Stock Market,0.361,0.134,0.773,0.092
19,Was The Smart Money Right About NVIDIA Corporation (NVDA)?,0.999,0.137,0.845,0.018
20,Was The Smart Money Right About Johnson &amp; Johnson (JNJ)?,0.999,0.124,0.854,0.022
21,Did Hedge Funds Catch A Break With JPMorgan Chase &amp; Co. (JPM)?,0.999,0.137,0.83,0.032
22,Did The Smart Money Play Berkshire Hathaway Inc. (BRK.B) Correctly?,0.999,0.126,0.852,0.022
23,Were Expert Investors Right About Visa Inc (V)?,0.999,0.131,0.844,0.025
24,"Was The Smart Money Right About Meta Platforms, Inc. (FB)?",0.999,0.124,0.859,0.018
