﻿,Titles,Polarity,Positive,Neutral,Negative
0,Vaccine hesitancy can lead to development of ‘potent mutations’ in COVID-19: Doctor,0.0,0.0,1.0,0.0
1,U.S. must remain ‘worried about variants’: Doctor,-0.382,0.0,0.885,0.115
2,Inflation expectations key to prevent spiraling inflation: Daco,0.0,0.0,1.0,0.0
3,Intel Helps Market Comeback As Shares Rise Following Announcement,-0.987,0.086,0.81,0.104
4,Which COVID Vaccine Stock Is the Best Pick?,0.202,0.089,0.842,0.068
5,J&amp;J COVID-19 Vaccine To Get Supply Boost As Manufacturing Partner Secures Key FDA Clearance,0.902,0.053,0.941,0.007
