﻿,Titles,Polarity,Positive,Neutral,Negative
0,EMA Says Heart Inflammation Likely Linked To mRNA-Based COVID-19 Vaccines,0.459,0.061,0.871,0.068
1,Doctor: I would ‘discourage’ getting booster shot different from the vaccine you received,0.0,0.0,1.0,0.0
2,Abbott Lays Off Around 400 Employees As COVID-19 Test Demand Evaporates,0.557,0.071,0.929,0.0
3,10 Best Dividend Stocks for Long Term,1.0,0.132,0.839,0.029
4,Johnson &amp; Johnson Posts Positive 3-Year Stelara Data In Ulcerative Colitis,0.66,0.055,0.919,0.027
5,Watch Out for a Selloff in Vaxart Stock,0.996,0.132,0.797,0.072
6,BioNTech (BNTX)/ Pfizer to Seek FDA Nod for COVID-19 Booster,0.994,0.105,0.873,0.022
7,7 Travel Stocks to Sell if the Delta Variant Slows the Reopening Rally,0.999,0.108,0.843,0.05
8,10 Best Vanguard Stocks to Buy Now,1.0,0.129,0.85,0.021
9,16 Best E-Commerce Stocks to Buy in 2021,1.0,0.123,0.839,0.038
10,Psychedelic-Drug Developers Bring Hallucinogens To The World Of Therapeutics,0.026,0.061,0.939,0.0
