﻿,Titles,Polarity,Positive,Neutral,Negative
0,"General Electric, Tesla, Disney: Stocks That Defined the Week",0.0,0.0,1.0,0.0
1,One in three Americans aged 65 and above has got COVID-19 booster shot: CDC,0.273,0.012,0.988,0.0
2,Best way to minimize COVID-19 risk this holiday season is by getting vaccinated: Doctor,-0.382,0.0,0.894,0.106
3,Why Johnson &amp; Johnson Stock Rose Today,0.649,0.089,0.911,0.0
4,"GE, J&amp;J Breakups Add More Fuel to the Dealmaking Fire for Banks",0.993,0.096,0.874,0.03
5,Johnson &amp; Johnson Plans to Split Into Two Companies,0.99,0.106,0.876,0.018
6,Moderna vaccine patent dispute: 'It’s a political story. It’s a financial story. It’s a legal story’,-0.273,0.06,0.837,0.104
7,Johnson &amp; Johnson Is Becoming Two Companies. What Happens to My Stock?,0.153,0.124,0.787,0.09
8,"US STOCKS-Wall Street advances, powered by big tech",0.991,0.108,0.857,0.035
9,"J&amp;J’s Corporate Split: Just Another Big, Blue-Chip Breakup",0.997,0.103,0.884,0.012
10,"J&amp;J split will put spotlight on undervalued pipeline, CFO says",0.99,0.088,0.909,0.003
11,Coronavirus: Doctor sees ‘beginning of a wave’ as winter looms,0.933,0.074,0.883,0.043
12,Reactions to J&amp;J's plans to split into two companies,0.967,0.083,0.871,0.046
13,Doctor's holiday gathering advice amid pandemic: 'Being vaccinated goes a long way',0.402,0.083,0.917,0.0
14,QUOTEBOX-Reactions to J&amp;J's plans to split into two companies,0.967,0.083,0.871,0.046
15,Johnson &amp; Johnson (JNJ) Splitting Into Two Companies,0.382,0.115,0.885,0.0
16,Why Johnson &amp; Johnson is splitting its drugs from its deodorants,0.0,0.0,1.0,0.0
17,"US STOCKS-Wall Street powers higher on J&amp;J, Big Tech boost",0.859,0.062,0.896,0.042
18,Is Johnson &amp; Johnson Stock A Buy As It Plans To Separate Its Consumer Health Unit?,0.0,0.0,1.0,0.0
19,The Johnson &amp; Johnson split ‘makes sense’ as it moves into ‘more innovative products’: Analyst,0.0,0.0,1.0,0.0
20,Factbox-J&amp;J's legal liabilities as it plans to split,-0.815,0.052,0.87,0.078
21,"Stocks End Higher on Johnson &amp; Johnson Spin-Off, Down for the Week",0.0,0.0,1.0,0.0
22,"S&amp;PO 500 Ends Higher, but Snaps 5-Week Win Streak",0.989,0.123,0.831,0.046
23,"SNDL, TLRY, ACB, CGC: Why Are Marijuana Stocks Up Today?",0.995,0.118,0.873,0.009
24,Johnson &amp; Johnson Stock Is Gaining Because 2 Companies Make More Sense Than 1,0.0,0.0,1.0,0.0
25,"Stock Market Rally Cools On Hot Inflation; Rivian IPO Revs Higher, Elon Musk Sells Tesla Shares; GE, J&amp;J Plan Breakups: Weekly Review",0.296,0.091,0.909,0.0
26,Pre-Markets Edge Up on JNJ Split News,0.99,0.1,0.863,0.037
27,Four Big Takeaways From Johnson &amp; Johnson’s Plans to Break Apart,0.953,0.073,0.894,0.033
28,SNDL Stock: The Good News That Has Cannabis Play Sundial Growers Heading Higher Today,0.992,0.116,0.847,0.038
29,"Biden and Xi to meet virtually, AstraZeneca begins profiting off COVID vaccines, General Mills eyes sale of brands",0.0,0.0,1.0,0.0
30,"Johnson &amp; Johnson, with thousands of Philadelphia-area employees, to split into 2 companies",0.382,0.029,0.971,0.0
31,"Dow Jones Leads As J&amp;J Stock Rallies; Rivian IPO Revs Up, While Tesla Skids",0.0,0.0,1.0,0.0
32,Dow Up Nearly 200 Points on Johnson &amp; Johnson Spin-Off,-0.527,0.0,0.825,0.175
33,"US STOCKS-Wall Street rises on J&amp;J, Big Tech boost",-0.844,0.038,0.916,0.046
34,Johnson &amp; Johnson Stock Rises on Plan for Breakup,0.0,0.0,1.0,0.0
35,Johnson &amp; Johnson and Toshiba Just Followed GE’s Lead With Split Plans. Don’t Mourn the Conglomerate.,0.7,0.195,0.805,0.0
36,"Factbox-J&amp;J's legal strategy for Baby Powder, talc liability",-0.966,0.057,0.844,0.099
37,Factbox: Baby Powder to Band-Aid: Key facts on J&amp;J's consumer health business,0.781,0.076,0.869,0.055
38,Johnson &amp; Johnson CFO: Splitting company into two is about 'the potential unlocking of value for the consumer health business',0.0,0.0,1.0,0.0
39,J&amp;J Plans to Split in Two; Dow Up Triple Digits,0.993,0.104,0.862,0.034
40,"Dow Jones Rallies As J&amp;J Jumps On Breakup Plans; Tesla Falls, Rivian Races Higher",0.0,0.0,1.0,0.0
41,Johnson &amp; Johnson Pops As It Announces The Biggest Split In Health Care,0.0,0.0,1.0,0.0
42,"Johnson &amp; Johnson  to split into two companies, consumer products and medical devices",0.0,0.0,1.0,0.0
43,S&amp;P 500 Climbs as Bulls Raise Bets on Tech,0.942,0.073,0.897,0.031
44,Dow Up Over 100 Points on Johnson &amp; Johnson Spin-Off,-0.527,0.0,0.825,0.175
45,Dow Jones Futures Rise As J&amp;J Jumps On Breakup Plans; Rivian Set To Extend Rally,0.0,0.0,1.0,0.0
46,Johnson &amp; Johnson To Spin Off Consumer Health Business: What You Need To Know,0.936,0.062,0.938,0.0
47,Johnson &amp; Johnson to spin off consumer health unit from medical device and drug-making division,0.0,0.0,1.0,0.0
48,"The Daily Biotech Pulse: J&amp;J To Spin-off Consumer Health Business, AstraZeneca Earnings, Embattled Emergent To Buy Back Shares",0.991,0.064,0.909,0.028
49,"Wall Street rises on J&amp;J, Big Tech boost",-0.795,0.038,0.919,0.043
