﻿,Titles,Polarity,Positive,Neutral,Negative
0,Vir Biotechnology CEO on its covid-19 drug candidate winning FDA nod for emergency use,0.992,0.112,0.819,0.069
1,Vir Biotechnology CEO on its covid-19 drug candidate winning FDA nod for emergency use,0.0,0.0,1.0,0.0
2,"COVID-19 vaccine incentives include $1M, full college scholarships",0.625,0.267,0.733,0.0
3,This Just-Approved Amgen Drug Is the First to Hit a Hard Target in Cancer,0.557,0.258,0.583,0.158
4,Psychology of COVID-19 vaccine incentives ‘will only go so far’ : Doctor,0.0,0.0,1.0,0.0
5,Risk of new COVID-19 wave is ‘extremely high’: Doctor,-0.637,0.0,0.828,0.172
6,Emergent BioSolutions Poised To Receive FDA Nod to Restart J&amp;J COVID-19 Shot Production at Baltimore Plant After Mishap: WSJ,0.55,0.072,0.876,0.052
7,"Microsoft reveals cyberattack, Nike splits from Neymar, Japan extends state of emergency",-0.785,0.0,0.864,0.136
8,U.S. heads into holiday weekend with 51% of adults fully vaccinated and COVID cases down 35% from two weeks ago,0.25,0.15,0.739,0.112
9,Johnson &amp; Johnson Covid-19 Vaccine Authorized for Use in U.K.,0.459,0.14,0.811,0.05
10,"Pharma Stock Roundup: JNJ Cancer Drug Gets FDA Nod, PFE, GSK, SNY Begin New Studies",0.999,0.122,0.852,0.026
11,Johnson &amp; Johnson COVID-19 vaccine authorized for use in the U.K.,-0.382,0.0,0.852,0.148
12,"UPDATE 2-Britain approves J&amp;J COVID-19 vaccine, cuts order",0.983,0.093,0.892,0.015
13,Moderna and Pfizer are already developing COVID-19 vaccine boosters. Do we need a third shot?,0.361,0.072,0.928,0.0
14,"COVID Vaccine Update: Where J&amp;J, AstraZeneca, Novavax, and Sinovac Stand Now",-0.44,0.0,0.952,0.048
15,UPDATE 1-Mexico authorizes J&amp;J's COVID-19 vaccine for emergency use,-0.329,0.066,0.853,0.081
16,UPDATE 1-U.S. FDA to allow Baltimore plant to resume J&amp;J COVID-19 shot production -WSJ,0.739,0.05,0.925,0.025
17,UK approves use of Johnson &amp; Johnson vaccine,0.9,0.125,0.875,0.0
