﻿,Titles,Polarity,Positive,Neutral,Negative
0,"Vigilant Capital Management, LLC Buys Janus Henderson AAA CLO ETF, Rockwell Automation Inc, ...",0.998,0.065,0.931,0.004
1,J&amp;J: Study shows ‘real world evidence’ of COVID vaccine’s protection against breakthrough infection,0.477,0.107,0.893,0.0
2,UPDATE 1-J&amp;J says its single dose protects against breakthrough COVID-19 for up to 6 months,0.296,0.03,0.955,0.015
3,"COVID-19: ""There's no significant data saying there's a huge amount of transmission in school,"" says doctor",0.202,0.132,0.756,0.112
4,"Real World Evidence Shows Johnson &amp; Johnson COVID-19 Vaccine Demonstrates Durable Protection Against Breakthrough Infection, Hospitalization, and Intensive Care Unit Admission in the United States",0.993,0.057,0.902,0.041
5,Doctor cuts through confusing CDC messaging: ‘be vaccinated' and ‘get boosted',-0.296,0.052,0.851,0.098
6,Biden’s COVID-19 vaccine mandates face Supreme Court review,0.557,0.11,0.89,0.0
7,Moderna (MRNA) Begins Dosing in Study on Vaccine Against EBV,0.99,0.103,0.877,0.021
8,"UPDATE 1-Tie pharma CEO pay to fair global COVID-19 vaccine access, investors say",0.778,0.071,0.873,0.056
9,4 Reasons Why You Should Add AbbVie (ABBV) to Your Portfolio,0.999,0.142,0.836,0.023
10,"Earnings: Bed Bath &amp; Beyond misses, Walgreens tops estimates, Constellation Brands beats",-0.038,0.039,0.918,0.043
11,These Drug Companies Have Lots of Cash for Research and Product Buys,0.202,0.083,0.917,0.0
12,7 Best Stocks to Buy to Kick Off the New Year,0.999,0.14,0.785,0.075
13,Should You Invest in the iShares U.S. Pharmaceuticals ETF (IHE)?,0.996,0.118,0.849,0.033
14,"The Petri Dish: Janssen inks two local deals, Biogen licenses new drug",0.772,0.132,0.849,0.019
15,These Pharma Firms Have the Cash for Acquisitions,0.202,0.083,0.917,0.0
