﻿,Titles,Polarity,Positive,Neutral,Negative
0,Johnson &amp; Johnson (JNJ) Gains But Lags Market: What You Should Know,0.991,0.098,0.891,0.012
1,Is Tesla Inc. (TSLA) A Good Stock To Buy Now?,0.999,0.123,0.865,0.013
2,Delta was ‘our road map’ for understanding how markets would react to Omicron: Strategist,0.44,0.17,0.746,0.084
3,"COVID-19: GSK-Vir drug effective against Omicron, U.S. changes international travel rules",-0.361,0.0,0.912,0.088
4,"Funko, Bloomin' Brands, Johnson &amp; Johnson, Pfizer and BioNTech highlighted as Zacks Bull and Bear of the Day",0.999,0.112,0.864,0.024
5,7 Stocks to Watch as the Omicron Variant Becomes the Market’s New Wildcard,1.0,0.136,0.845,0.019
6,Here is What Hedge Funds Think About Taiwan Semiconductor Mfg. Co. Ltd. (TSM),0.998,0.108,0.869,0.023
