﻿,Titles,Polarity,Positive,Neutral,Negative
0,"Bristol Myers Squibb, Bayer Stocks Hit The Deck On Blood Thinner Flops",0.296,0.099,0.901,0.0
1,Why Bristol Myers Squibb Stock Is Slumping Today,0.202,0.053,0.918,0.029
2,Bristol Myers (BMY) Announces Milvexian Phase II Study Results,0.979,0.077,0.891,0.032
3,Investors Heavily Search Johnson &amp; Johnson (JNJ): Here is What You Need to Know,0.998,0.123,0.868,0.01
4,10 Best Index Funds to Diversify Your Portfolio,1.0,0.125,0.866,0.01
5,"The Zacks Analyst Blog Highlights Novartis, J&amp;J, AbbVie, Merck and Pfizer",0.998,0.101,0.869,0.03
6,"Bristol Myers-JNJ Partnered Secondary Stroke Drug Misses Endpoint, But Companies See Enough Potential For Phase 3 Trials",0.823,0.09,0.852,0.058
7,6 Dow stocks having a rough summer,0.743,0.057,0.888,0.054
8,Should You Invest in the Vanguard Health Care ETF (VHT)?,0.997,0.137,0.831,0.031
