﻿,Titles,Polarity,Positive,Neutral,Negative
0,Johnson &amp; Johnson Single-Shot COVID-19 Vaccinations to Resume in the U.S. for All Adults Aged 18 and Older Following CDC and FDA Decision,0.819,0.065,0.871,0.064
1,U.S. Ends Pause on Johnson &amp; Johnson’s Covid Vaccine. What to Know.,0.077,0.051,0.949,0.0
2,"U.S. FDA, CDC lift pause on Johnson &amp; Johnson COVID-19 vaccine use",0.494,0.068,0.932,0.0
3,"CDC, FDA lift pause, allowing Johnson &amp; Johnson COVID-19 vaccinations to resume",0.0,0.0,1.0,0.0
4,J&amp;J Covid Vaccines Could Resume This Weekend Following CDC Panel Vote,0.318,0.135,0.8,0.065
5,"Johnson &amp; Johnson Vaccine Can Resume in U.S., Panel Advises",0.273,0.094,0.906,0.0
6,'hopeful that JNJ coronavirus vaccine pause is lifted by FDA': Doctor,0.0,0.0,1.0,0.0
7,CDC committee votes to lift pause on Johnson &amp; Johnson COVID-19 vaccine,0.0,0.0,1.0,0.0
8,CDC panel recommends using Johnson &amp; Johnson covid vaccine for ages 18+,0.0,0.0,1.0,0.0
9,Ocugen Looks Less Interesting With Each Passing Shot,0.994,0.097,0.867,0.036
10,Portfolio manager says investors should avoid these sectors,0.0,0.0,1.0,0.0
11,Committee Advises J&amp;J Vaccine Use Be Resumed,-0.815,0.017,0.894,0.089
12,"Dow Jones Jumps 250 Points As Stock Market Rallies; Apple, Goldman Lead Blue Chips",-0.273,0.0,0.909,0.091
13,Doctor: COVID-19 variants have 'represented incremental setbacks',-0.382,0.0,0.894,0.106
14,8 Dividend Stocks Increasing Payouts in 2021,1.0,0.134,0.839,0.027
15,7 Great ETFs to Buy to Ride Out Rough Seas,0.998,0.107,0.873,0.02
16,CDC committee to meet on J&amp;J COVID vaccine as India sets record case number for second straight day,-0.66,0.0,0.899,0.101
17,UPDATE 1-EU backs AstraZeneca's COVID-19 vaccine as reviews into blood clots continue,-0.361,0.05,0.885,0.064
18,JNJ's COVID-19 Vaccine Halt Due To Blood-Clot Concerns To Be Scrutinized Today: WSJ,-0.606,0.045,0.895,0.059
19,CDC committee to meet today to discuss J&amp;J's COVID-19 shot,-0.153,0.042,0.912,0.047
20,UPDATE 1-U.S. officials hopeful as advisers meet again on J&amp;J COVID-19 vaccine,0.98,0.086,0.867,0.047
21,Johnson &amp; Johnson’s Covid Vaccine Faces a Make-or-Break Vote Today. What to Expect.,0.077,0.046,0.954,0.0
22,"Pharma Stock Roundup: JNJ's Q1 Earnings &amp; Sales Beat, RHHBY Sales, &amp; Other Updates",0.996,0.108,0.834,0.057
23,UPDATE 1-Swedish health agency extends pause on J&amp;J vaccine,0.852,0.068,0.932,0.0
24,UPDATE 1-Germany sets no limits on use of J&amp;J COVID-19 shot,0.877,0.062,0.911,0.027
25,"J&amp;J COVID-19 vaccine 'pause' reviewed, U.S. officials hope to resume shots",0.978,0.085,0.879,0.036
26,"UPDATE 1-U.S. CDC probes new death, hospitalisation after J&amp;J vaccine shots - officials",-0.401,0.052,0.894,0.054
27,J&amp;J COVID-19 vaccine expected to be imported to India by July - report,0.153,0.017,0.972,0.011
28,Texas woman hospitalized after J&amp;J shot with similar symptoms as blood clot cases,0.718,0.043,0.943,0.015
29,Oregon: CDC investigating woman’s death after J&amp;J vaccine,-0.718,0.0,0.85,0.15
30,CDC considers whether to lift pause on Johnson &amp; Johnson’s Covid-19 vaccine,0.812,0.115,0.866,0.019
