﻿,Titles,Polarity,Positive,Neutral,Negative
0,This is Why  Johnson &amp; Johnson (JNJ) is a Great Dividend Stock,0.992,0.134,0.86,0.007
1,2 Reasons to Invest in Dividend Stocks in a Recession,-0.077,0.097,0.801,0.102
2,Dividend Stocks Can Help During Recession. Here’s What to Look For.,-0.66,0.0,0.802,0.198
3,Dow Jones Drops On Strong Jobs Report; Twitter Tumbles On Elon Musk Doubts,0.273,0.129,0.784,0.086
4,10 Best Stocks to Buy Amid Inflation in 2022 and Beyond,1.0,0.125,0.854,0.021
5,Dow Jones Futures Drop After Strong Jobs Report; Twitter Tumbles On Elon Musk Doubts,0.103,0.105,0.806,0.089
