﻿,Titles,Polarity,Positive,Neutral,Negative
0,Johnson &amp; Johnson (JNJ) Gains As Market Dips: What You Should Know,0.987,0.085,0.894,0.022
1,U.S. administers 462.3 mln doses of COVID-19 vaccines - CDC,0.599,0.034,0.966,0.0
2,The US has its first omicron case—and the patient was fully vaccinated,0.0,0.0,1.0,0.0
3,The US has its first omicron case—and the patient was fully vaccinated,0.995,0.115,0.851,0.034
4,Jim Cramer: Buying the tech dip is a mistake when these 4 stocks offer ‘easier money’,0.997,0.117,0.852,0.031
5,CDC isn’t changing fully vaccinated definition to include boosters ‘right now’,0.296,0.095,0.905,0.0
6,CDC identifies the first case of Omicron variant in the U.S.,0.422,0.135,0.865,0.0
7,Inflation ‘is the biggest risk for markets’ going into 2022: Strategist,0.0,0.0,1.0,0.0
8,The CDC isn’t changing its definition of ‘fully vaccinated’ to include boosters,0.296,0.095,0.905,0.0
9,"‘We still have a lot more work to do,’ former White House vaccinations coordinator says",-0.153,0.0,0.932,0.068
10,Omicron variant: The Biden administration plans to tighten restrictions for travelers to the U.S.,0.0,0.0,1.0,0.0
11,Moderna's (MRNA) Stock Falls on Omicron Variant Concerns,0.98,0.074,0.896,0.03
12,Omicron: Doctor details key questions about new COVID-19 variant,-0.732,0.077,0.844,0.079
13,Medtronic CEO on partnering with Elon Musk at the height of COVID-19,0.999,0.117,0.863,0.021
