﻿,Titles,Polarity,Positive,Neutral,Negative
0,Covid update: Concerns over delta variant growing,-0.077,0.0,0.925,0.075
1,Covid update: Concerns over delta variant growing,0.996,0.119,0.843,0.038
2,Quidel CEO on the Delta variant impacting the need for COVID-19 testing,0.0,0.0,1.0,0.0
3,Quidel CEO on the Delta variant impacting the need for COVID-19 testing,0.998,0.112,0.865,0.023
4,Going out without a mask is ‘quite safe’ for those fully vaccinated: Doctor,0.0,0.0,1.0,0.0
5,Going out without a mask is ‘quite safe’ for those fully vaccinated: Doctor,0.0,0.0,1.0,0.0
6,15 Best Medical Stocks to Invest In,1.0,0.11,0.87,0.02
7,15 Best Medical Stocks to Invest In,1.0,0.11,0.87,0.02
8,LA county urges indoor masking for vaccinated as Delta variant spreads,0.0,0.0,1.0,0.0
9,LA county urges indoor masking for vaccinated as Delta variant spreads,0.991,0.063,0.92,0.016
10,Will Johnson &amp; Johnson Be a Trillion-Dollar Stock by 2030?,0.0,0.0,1.0,0.0
11,Will Johnson &amp; Johnson Be a Trillion-Dollar Stock by 2030?,0.0,0.0,1.0,0.0
12,3 Buffett Stocks You'll Never Have to Sell,0.858,0.147,0.853,0.0
13,3 Buffett Stocks You'll Never Have to Sell,0.858,0.147,0.853,0.0
