﻿,Titles,Polarity,Positive,Neutral,Negative
0,"UPDATE 1-U.S. approval of COVID-19 shots could boost vaccination numbers, Fauci says",0.989,0.105,0.858,0.037
1,Johnson &amp; Johnson not liable for Illinois woman's death in talc case,-0.994,0.051,0.771,0.178
2,Doctor on Delta variant: ’All of us are extremely concerned’,-0.382,0.0,0.898,0.102
3,WHO expert: Delta variant poses stark choice between behavior change or 'more lockdowns',-0.257,0.045,0.907,0.048
4,Fauci hopes U.S. regulators fully approve COVID-19 shots by mid-August,0.987,0.165,0.807,0.028
5,15 Most Valuable Biotech Companies in the World,1.0,0.124,0.85,0.027
6,"J&amp;J, Drug Distributors Settle State Opioid Suits for $26 Billion",-0.201,0.065,0.824,0.111
7,"Emergent (EBS) Misses on Q2 Earnings, to Restart Bayview Unit",0.988,0.082,0.896,0.023
8,Pharma &amp; Healthcare ETFs at a One-Year High: Here's Why,0.998,0.135,0.841,0.024
9,Will Johnson &amp; Johnson Be Hurt by Its Sunscreen Product Recall?,0.153,0.063,0.896,0.041
10,Emergent BioSolutions inc (EBS) Q2 2021 Earnings Call Transcript,0.0,0.0,1.0,0.0
