﻿,Titles,Polarity,Positive,Neutral,Negative
0,U.S. FDA agrees to extend J&amp;J COVID-19 vaccine's shelf-life to 6 months,0.44,0.037,0.963,0.0
1,Judge to Consider Blocking J&amp;J from Giving Talc Claims to Unit,0.861,0.091,0.829,0.081
2,UPDATE 1-U.S. House panel seeks J&amp;J documents on baby powder bankruptcy plans,-0.976,0.039,0.868,0.093
3,"Pfizer authorizes $1 billion for oral COVID-19 treatment, CEO says",0.354,0.053,0.892,0.054
4,U.S. House subcommittee asks J&amp;J for info on baby powder bankruptcy plans - letter,-0.985,0.015,0.856,0.13
5,Covid-19 vaccine booster shots will become a reality: Doctor,-0.637,0.0,0.816,0.184
6,Ripple effects of the CDC indoor mask guidance,0.0,0.0,1.0,0.0
7,WHO Is Currently Not In Favor Of COVID Booster Shots Citing Lack Of Data: CNBC,-0.163,0.03,0.932,0.037
8,Mega Caps Could Lead the S&amp;P 500 Higher,0.0,0.0,1.0,0.0
9,Why Johnson &amp; Johnson (JNJ) is a Great Dividend Stock Right Now,0.995,0.149,0.842,0.009
10,Zimbabwe approves J&amp;J COVID-19 vaccine for emergency use,0.34,0.034,0.945,0.021
11,Legal wrangles hold up U.S. vaccine donations to India,0.502,0.054,0.919,0.027
12,"UPDATE 1-Guatemala renegotiates Sputnik V contract to receive 8 mln doses, says president",-0.55,0.016,0.948,0.036
