﻿,Titles,Polarity,Positive,Neutral,Negative
0,"Johnson &amp; Johnson Names Darius Adamczyk, Chairman and Chief Executive Officer of Honeywell, to its Board of Directors",0.998,0.169,0.831,0.0
1,The Best Russell 2000 Stocks to Buy Before they Rebound,1.0,0.146,0.832,0.023
2,"Some mask mandates 'counterproductive’ amid ‘vitriol’ toward public health officials, doctor says",-0.026,0.049,0.9,0.051
3,AC Immune-Janssen Partnered Alzheimer's Vaccine Shows Tau-Specific Antibodies In Early-Stage Trial,0.902,0.098,0.862,0.04
4,Why Are AstraZeneca Shares Trading Higher Today,-0.962,0.052,0.835,0.113
5,"J&amp;J Talc Suits Threatened Stellar Credit Rating, Ex-Treasurer Testifies",-0.963,0.099,0.758,0.143
6,3 Top Biotech Stocks to Buy Right Now,0.557,0.247,0.753,0.0
