﻿,Titles,Polarity,Positive,Neutral,Negative
0,DivcoWest snags former Johnson &amp; Johnson facility in South San Francisco,0.25,0.111,0.889,0.0
1,How Johnson &amp; Johnson's Innovative Supply Chain Technology is Helping Transform How We Work - and Live,0.942,0.083,0.917,0.0
2,How to reduce health care costs when planning for retirement,0.863,0.22,0.78,0.0
3,12 Best Dow Stocks To Buy According To Hedge Funds,1.0,0.124,0.85,0.026
4,Should You Invest in the Fidelity MSCI Health Care Index ETF (FHLC)?,0.998,0.154,0.816,0.03
