﻿,Titles,Polarity,Positive,Neutral,Negative
0,J&amp;J Defeats Effort to Block Texas Corporate Restructuring Move,-0.955,0.05,0.822,0.128
1,Judge allows Johnson &amp; Johnson to split talc liabilities from main business,-0.958,0.02,0.857,0.123
2,Emergency medicine physician: Delta has 'changed the game' for COVID-19,-0.382,0.0,0.794,0.206
3,UPDATE 1-Judge allows Johnson &amp; Johnson to split talc liabilities from main business,-0.983,0.044,0.871,0.085
4,"Johnson &amp; Johnson Seeks Global Nominees for Award Geared at Female Researchers Working in Science, Technology, Engineering, Math, Manufacturing and Design",0.997,0.126,0.844,0.031
5,COVID vaccine: Experts debate best timing for booster shots for America,0.995,0.071,0.894,0.035
6,Best practices on how to prove your Covid-19 vaccination status,0.637,0.244,0.756,0.0
7,The cost of being unvaccinated in the U.S.,-0.103,0.0,0.955,0.045
8,"Delta variant surge: 'I wish everyone was mandated to have the vaccine,' says Alabama doctor",-0.19,0.074,0.869,0.057
9,Tap the Red Hot Biotech Sector With These 2 Leveraged ETFs,0.998,0.137,0.842,0.021
10,J&amp;J (JNJ) Reports Positive Interim Data on COVID Booster Jab,0.996,0.119,0.861,0.02
11,Moderna (MRNA) Seeks Full FDA Approval for COVID-19 Vaccine,0.996,0.129,0.866,0.005
12,"U.S. COVID-19 hospitalizations hit 100,000 to mark highest level since January",0.077,0.037,0.963,0.0
13,Better Healthcare Stock: Johnson &amp; Johnson vs. Pfizer,0.527,0.058,0.942,0.0
14,3 Pharma Stocks to Buy With Juicy Dividends,0.7,0.142,0.858,0.0
