﻿,Titles,Polarity,Positive,Neutral,Negative
0,Omicron: Military medical team helping New Jersey amid coronavirus wave,0.153,0.082,0.858,0.06
1,"COVID-19 vaccine booster shots will be key 'LAYER OF PROTECTION' going forward, doctor says",0.926,0.341,0.659,0.0
2,"The Zacks Analyst Blog Highlights: Pfizer, BioNTech, Moderna and J&amp;J",0.996,0.098,0.878,0.024
3,"Coronavirus: What to know about ‘stealth’ COVID variant hitting Europe, Asia",0.0,0.0,1.0,0.0
4,Novavax Could Be the Biggest Bargain in the Market Right Now,0.993,0.095,0.867,0.039
5,Is a Beat Likely for AbbVie (ABBV) This Earnings Season?,0.997,0.108,0.861,0.03
6,"Pharma Stock Roundup: J&amp;J Q4 Earnings, FDA's Rejection of PFE, MRK Pipeline Drugs",0.999,0.172,0.788,0.04
7,Should GlaxoSmithKline Have Accepted Unilever's $68 Billion Consumer Health Offer?,-0.202,0.028,0.933,0.039
8,"Stevens Capital Management Lp Buys VanEck Gold Miners ETF, Boeing Co, Financial Select Sector ...",0.997,0.049,0.947,0.004
9,Start Your Investing Resolutions Off Right With This Classic Stock Bundle,-0.338,0.066,0.828,0.106
