﻿,Titles,Polarity,Positive,Neutral,Negative
0,Director of 9/11 Fund Picked to Estimate Cost of J&amp;J Talc Claims,-0.997,0.036,0.799,0.166
1,BIOAF: FY 2022 Results and Valuation Update,0.999,0.079,0.889,0.031
2,2 Growth Stocks That Could Be Good Bear Market Buys,0.542,0.083,0.917,0.0
3,Top 10 Stock Picks of Efrem Kamen’s Pura Vida Investments,1.0,0.119,0.873,0.009
4,"Africa, Where Monkeypox Is Endemic, Gets No Vaccines",-0.911,0.054,0.866,0.08
5,"Allergan To End Around 3,000 Opioid Lawsuits With Over $2B In Settlement: Report",0.979,0.133,0.832,0.034
