﻿,Titles,Polarity,Positive,Neutral,Negative
0,Johnson &amp; Johnson (JNJ) Stock Moves -0.35%: What You Should Know,0.987,0.097,0.872,0.031
1,"Top Research Reports for Tesla, Meta Platforms &amp; Johnson &amp; Johnson",0.999,0.159,0.796,0.045
2,"Alkermes, Inc. -- Moody's confirms Alkermes' Ba3 CFR; outlook stable",0.999,0.101,0.849,0.051
3,"FATE's Loss Wider Than Expected in Q4, Pipeline in Focus",0.989,0.077,0.91,0.013
4,US bankruptcy/J&amp;J: new turn for Texas two-step,-0.511,0.019,0.912,0.07
5,"Legend's stock is up 8%, the day after the FDA approves its CAR-T treatment",0.778,0.093,0.907,0.0
6,FDA Approves JNJ-Legend Biotech Partnered Blood Cancer Therapy,0.946,0.098,0.881,0.021
7,"Pathalys Pharma, Inc. Launches with Mission to Address High Priority Needs in Chronic Kidney Disease",0.999,0.139,0.855,0.006
8,"CORRECTED-UPDATE 2-FDA approves cancer therapy by J&amp;J, partner Legend Biotech",0.933,0.076,0.897,0.027
