﻿,Titles,Polarity,Positive,Neutral,Negative
0,Best ETFs for High Inflation and Rising Rates,0.996,0.16,0.831,0.009
1,How can I stop the pain and make money in this nightmarish market? BofA says this is the ‘best hope’ for bulls in 2022,0.998,0.147,0.831,0.022
2,Johnson &amp; Johnson (JNJ) Down 4.6% Since Last Earnings Report: Can It Rebound?,0.997,0.101,0.849,0.05
3,UPDATE 1-India supplies non-J&amp;J COVID shots under Quad umbrella,0.842,0.041,0.959,0.0
4,5 Reasons Why You Should Add Halozyme (HALO) to Your Portfolio,0.999,0.14,0.855,0.005
5,India supplies non-J&amp;J COVID shots under Quad umbrella,0.842,0.042,0.958,0.0
6,12 Best DOW Stocks To Buy According To Hedge Funds,1.0,0.117,0.868,0.015
