﻿,Titles,Polarity,Positive,Neutral,Negative
0,Into the Heart of Q3 Earnings Season,0.996,0.108,0.853,0.039
1,FDA Vaccines Committee Seems Open to Mix-and-Match Boosters. What That Could Look Like.,0.625,0.203,0.797,0.0
2,Johnson &amp; Johnson COVID-19 Vaccine Booster Shot Unanimously Recommended for Emergency Use Authorization by U.S. FDA Advisory Committee,0.953,0.066,0.877,0.057
3,FDA Advisors Endorse J&amp;J Covid Booster; But Hold Off On Mix-And-Match Shots,0.494,0.198,0.802,0.0
4,"Cramer's Mad Money Recap: J&amp;J, Netflix, Nvidia, Tesla",-0.153,0.121,0.728,0.15
5,NIH Director:  I would like to see a lot more vaccine manufacturing in low- and middle-income countries,0.992,0.08,0.891,0.029
6,FDA panel backs booster shot for J&amp;J Covid-19 vaccine,0.0,0.0,1.0,0.0
7,NIH Director on FDA ‘being careful’ in clearing Moderna vaccine for kids 12-17,-0.026,0.083,0.83,0.087
8,J&amp;J Stock Rises As FDA Advisors Unanimously Endorse Covid Booster At Two Months,0.494,0.198,0.802,0.0
9,J&amp;J Booster Backed by FDA Advisory Committee. Here’s What Comes Next.,-0.052,0.11,0.769,0.121
10,Doctor: 'Just a matter of time before another COVID-19 surge' as new infections fall,0.584,0.054,0.899,0.048
11,J&amp;J Baby Powder Claims Spur Bankruptcy Despite $25 Billion in Cash,0.921,0.094,0.838,0.068
12,Colin Kaepernick Reminds Black Corporate Executives That Freedom Comes at a Cost,1.0,0.179,0.817,0.004
13,FDA to vote on J&amp;J Covid-19 booster recommendation,0.0,0.0,1.0,0.0
14,UPDATE 1-U.S. FDA advisers to vote on J&amp;J COVID-19 vaccine booster,0.643,0.068,0.883,0.049
15,"FDA advisory committee to vote on Johnson &amp; Johnson COVID-19 booster, a day after endorsing the Moderna one",0.318,0.045,0.955,0.0
16,FDA Advisors Mull When — Not Whom — To Offer Johnson &amp; Johnson Covid Booster,0.402,0.114,0.886,0.0
17,Health Care Sector Appears to Be a Drag on Positive UnitedHealth Earnings,0.99,0.111,0.803,0.087
18,Novavax (NVAX) Lags in COVID Vaccine Race: Will It Gather Pace?,0.999,0.169,0.794,0.038
19,U.S. FDA advisers to vote on J&amp;J vaccine booster,0.867,0.068,0.898,0.034
20,"The Daily Biotech Pulse: Moderna's Booster Shot Gets FDA Panel Backing, Decision Day For Avadel, Silence Therapeutics Strikes Licensing Deal, MiNK IPO",0.942,0.086,0.852,0.062
21,Coronavirus tally: Global cases of COVID-19 head toward 240 million and FDA panel endorses Moderna boosters for some,-0.765,0.0,0.761,0.239
22,Could Johnson &amp; Johnson's Booster Opportunity Be Better Than Pfizer's and Moderna's?,0.886,0.153,0.818,0.029
23,Johnson &amp; Johnson Puts New Unit Holding Talc Claims Into Bankruptcy,0.44,0.139,0.802,0.059
24,Moderna Gains on FDA Booster Approval; JNJ Booster on Tap,0.681,0.248,0.752,0.0
25,"Retail Sales, Bitcoin ETFs, Goldman Reports - What's Moving Markets",-0.948,0.083,0.819,0.098
26,Johnson &amp; Johnson Ovarian Cancer Victims Vow Fight to Stop J&amp;J's Bankruptcy Scheme,-0.99,0.084,0.768,0.148
27,Johnson &amp; Johnson Puts Talc Injury Claims Into Bankruptcy,-0.946,0.077,0.826,0.097
