﻿,Titles,Polarity,Positive,Neutral,Negative
0,Johnson &amp; Johnson CEO Alex Gorsky Is Stepping Aside,0.422,0.128,0.872,0.0
1,J&amp;J Names Duato Chief Executive Officer Replacing Gorsky,0.989,0.069,0.914,0.017
2,"Johnson &amp; Johnson CEO Gorsky to step down, become executive chairman",0.112,0.037,0.931,0.032
3,J&amp;J says veteran Duato to replace Gorsky as chief executive,0.625,0.032,0.968,0.0
4,"Alex Gorsky to Serve as Executive Chairman and Transition Role of Chief Executive Officer of Johnson &amp; Johnson to Joaquin Duato, Effective January 3, 2022",1.0,0.148,0.831,0.021
5,The US could 'take the lead' in vaccine production: NAM CEO,0.987,0.107,0.875,0.019
6,HIV physician details who should be getting COVID-19 booster shots,0.995,0.09,0.883,0.027
7,Europe Faces Backlash For Importing JNJ COVID-19 Shots From South Africa: Reuters,0.557,0.048,0.927,0.026
8,Why annual COVID-19 booster shots might be unlikely,0.0,0.0,1.0,0.0
9,Scammers selling fake COVID-19 vaccination cards online,-0.586,0.0,0.678,0.322
10,Johnson &amp; Johnson Touts Rybrevant Label Expansion After Rare Lung Cancer Approval,-0.818,0.051,0.868,0.081
11,U.S. data collection on COVID-19 is 'pathetic': Expert,-0.716,0.056,0.883,0.061
12,Morning Brief: The pandemic remains a part of the economic story,-0.422,0.0,0.92,0.08
13,"Coronavirus spread among kids 'is categorically different with Delta,' doctor explains",0.998,0.088,0.875,0.037
14,UPDATE 1-EU says import of J&amp;J COVID vaccines from South Africa is temporary,0.738,0.041,0.929,0.03
15,US Set to Receive COVID-19 Vaccine Booster Dose Next Month,0.978,0.076,0.898,0.026
16,EU says import of J&amp;J vaccines from South Africa is temporary,0.664,0.039,0.934,0.027
17,The gap is growing between rich and poor nations on the back of COVID: Ian Bremmer,-0.839,0.106,0.765,0.129
18,Johnson &amp; Johnson (NYSE:JNJ) Goes Ex-Dividend Soon,0.999,0.171,0.801,0.027
19,U.S. states rush to meet deadline to join $26 billion opioid settlement,0.697,0.076,0.856,0.068
