﻿,Titles,Polarity,Positive,Neutral,Negative
0,Johnson &amp; Johnson Given Control of Emergent BioSolutions Factory That Botched Its Coronavirus Vaccine,-0.511,0.018,0.923,0.059
1,The IBD/TIPP Poll Gives These 3 Covid Vaccine Stocks Reason To Be Bullish,0.318,0.078,0.922,0.0
2,Travel boom poses threat to COVID-19 recovery: Doctor,-0.422,0.0,0.92,0.08
3,UPDATE 1-White House says removal of AstraZeneca vaccine from U.S. plant will not affect dose output,0.614,0.034,0.94,0.026
4,Johnson &amp; Johnson Becomes Third Company To Expand COVID-19 Vaccine Study To Adolescents,0.938,0.064,0.927,0.009
5,White House's removal of AstraZeneca COVID-19 shot production from Emergent plant won't affect its dose output - official,-0.637,0.022,0.915,0.063
6,Emergent (EBS) Gets Extra $23M for COVID-19 Vaccine Production,0.997,0.143,0.841,0.016
7,U.S. COVID vaccine program speeds up to about 3 million doses a day in the past week,0.422,0.065,0.935,0.0
8,J&amp;J Will Manufacture Its Own Vaccine at Emergent Facility Where Doses Were Ruined,0.0,0.0,1.0,0.0
9,SpringWorks (SWTX) Begins Dosing in Multiple Myeloma Study,0.996,0.128,0.869,0.003
10,SpringWorks (SWTX) Begins Dosing in Multiple Myeloma Study,0.995,0.124,0.873,0.003
11,Cidara Therapeutics Stock Rises After Collaboration Agreement Janssen For Influenza Candidates,0.772,0.05,0.938,0.012
12,Is J&amp;J Stock A Buy Now That The FDA Has Authorized Its Covid Vaccine?,-0.103,0.074,0.839,0.087
13,Emergent BioSolutions' Plasma-Based Therapy Candidate Flunks COVID-19 Study; HHS Increases Task Order By $23M,0.957,0.097,0.854,0.048
14,J&amp;J (JNJ) Gets Full Charge of Emergent COVID-19 Vaccine Plant,0.993,0.113,0.857,0.03
15,"Emergent BioSolutions says on track with COVID vaccines, reaffirms guidance after J&amp;J vaccine snafu",0.761,0.073,0.901,0.026
16,I'm Buying Arcturus Therapeutics Stock and Here's the Reason Why,-0.026,0.027,0.927,0.046
17,I'm Buying Arcturus Therapeutics Stock and Here's the Reason Why,-0.026,0.027,0.927,0.046
18,"Vaccine Stocks Checkup: Johnson &amp; Johnson, Pfizer Update",0.202,0.096,0.904,0.0
19,"Covid-19 Vaccine Update And Outlook Amid New Variants, Hiccups For Some Vaccine Developers",0.422,0.093,0.907,0.0
20,Emergent gets $23 mln additional order for vaccine production,0.743,0.077,0.923,0.0
