﻿,Titles,Polarity,Positive,Neutral,Negative
0,Johnson &amp; Johnson (JNJ) Outpaces Stock Market Gains: What You Should Know,0.991,0.1,0.891,0.009
1,Novavax CEO: Its COVID-19 vaccine will have biggest impact outside of US,0.928,0.059,0.916,0.026
2,Brazil extends validity of J&amp;J COVID vaccine to 4.5 months,0.178,0.055,0.899,0.046
3,Is Johnson &amp; Johnson (JNJ) A Good Stock To Buy?,0.999,0.132,0.837,0.03
4,Hedge Funds Never Been This Bullish On Taiwan Semiconductor Mfg. Co. Ltd. (TSM),0.994,0.072,0.908,0.02
5,We’re a good 18 months away before there’s enough vaccine to stop COVID-19’s worldwide spread: Epidemiologist,0.0,0.0,1.0,0.0
6,Most of our vaccine will go to middle and low income countries: Novavax CEO,0.477,0.094,0.906,0.0
7,Ethics have been ‘pushed to the back’ amid COVID-19: Doctor,0.0,0.0,1.0,0.0
8,10 Best High Yield Dividend Stocks to Buy in June,0.999,0.101,0.887,0.012
9,10 Best High Yield Dividend Stocks to Buy in June,0.999,0.101,0.887,0.012
10,"J&amp;J (JNJ) Gets FDA Nod for 10M COVID Vaccines, Discards Many",0.993,0.115,0.84,0.045
11,"UPDATE 2-J&amp;J to send S.Africa more than 300,000 vaccine doses, says Aspen",-0.94,0.01,0.936,0.054
12,UPDATE 1-S.Africa's Aspen to release fresh J&amp;J vaccines within one week,0.477,0.038,0.95,0.012
13,Moderna hires J&amp;J executive as chief medical officer,0.25,0.027,0.958,0.015
14,Dr. Paul Burton to Join Moderna as Chief Medical Officer,0.986,0.062,0.917,0.021
15,Johnson &amp; Johnson Building Case With New Patient Survival Data For Darzalex In Multiple Myeloma,-0.289,0.032,0.915,0.052
16,"JNJ's Imbruvica, AbbVie's Venclexta Combo Achieves Progression-Free Survival Of 78.4% Versus Gazyva-Chemo Cocktail In Leukemia Patients",-0.904,0.036,0.884,0.08
17,Hedge Funds Are Betting On Berkshire Hathaway Inc. (BRK.B),0.997,0.096,0.895,0.009
18,Should You Invest in the VanEck Vectors Pharmaceutical ETF (PPH)?,0.995,0.112,0.86,0.028
19,This Is Hands Down the Safest Robinhood Stock You Can Buy Right Now,0.916,0.244,0.756,0.0
20,"Novavax Soars As Its COVID-19 Vaccine Is Found 90% Effective, To Seek FDA OK",0.964,0.141,0.818,0.041
