﻿,Titles,Polarity,Positive,Neutral,Negative
0,Johnson &amp; Johnson (JNJ) Dips More Than Broader Markets: What You Should Know,0.994,0.111,0.877,0.012
1,J&amp;J's Interest in Boston Scientific Is Resurfacing,0.966,0.08,0.888,0.032
2,"COVID vaccines: Novavax says India, Europe, South Korea to supply global doses for 2022",0.296,0.038,0.933,0.029
3,3 Stocks to Buy During a Recession,0.625,0.086,0.883,0.031
4,7 Stocks to Buy to Avoid Being Mauled by a Bear Market,0.999,0.14,0.8,0.06
5,3 Biotech Stocks to Buy Before They Boom,0.98,0.066,0.904,0.029
6,3 Warren Buffett Stocks to Buy Hand Over Fist in June,0.888,0.124,0.857,0.018
