﻿,Titles,Polarity,Positive,Neutral,Negative
0,SCAN Health Plan CEO on reducing Covid-19 vaccine disparities among minorities,0.494,0.106,0.894,0.0
1,US Judge Allows Johnson &amp; Johnson To Split Talc Powder Liabilities Into New Company,-0.968,0.018,0.863,0.118
2,NIH starts study of COVID-19 booster shot in people with autoimmune diseases,0.679,0.061,0.9,0.038
3,Pfizer (PFE) Inks Deal With Eurofarma to Make COVID-19 Vaccine,0.997,0.144,0.851,0.005
4,3 Top-Quality Dividend Stocks for a Secure Retirement,0.999,0.112,0.876,0.013
5,"Pharma Stock Roundup: PFE's COVID Jab Full Approval by FDA, JNJ's Booster Data",0.999,0.154,0.805,0.041
6,The Challenges Vaccine Stocks Face As They Try To Fight Delta Variant,-0.497,0.0,0.826,0.174
7,7 Safe Stocks To Buy for an Increasingly Unstable World,1.0,0.176,0.786,0.038
8,Longshot Covid Play Vaxart Stock Is Too Risky at These Prices,0.996,0.091,0.865,0.043
