﻿,Titles,Polarity,Positive,Neutral,Negative
0,Dow Jones Pares Losses But Closes Lower; These Stocks Trade Near Buy Zones,-0.664,0.0,0.795,0.205
1,"Top Stock Reports for Johnson &amp; Johnson, UnitedHealth &amp; Comcast",0.999,0.178,0.765,0.058
2,Morning Bell With Jim Cramer: Buy Emergent BioSolutions,0.649,0.218,0.782,0.0
3,"WHO Warns on Covid, China on Bubbles; Retail Earnings Due - What's up in Markets",0.973,0.08,0.865,0.055
4,"WHO Warns on Covid, China on Bubbles; Retail Earnings Due - What's up in Markets",0.973,0.08,0.865,0.055
