﻿,Highest Category,Polarity,PosOrNeg
1/4/2021,Neutral,0.996,Positive
1/5/2021,Neutral,0.4995,Positive
1/6/2021,Neutral,0.994,Positive
1/7/2021,Neutral,0.9006666666666666,Positive
1/8/2021,Neutral,0.9935,Positive
1/11/2021,Neutral,0.9966666666666667,Positive
1/12/2021,Neutral,0.8300000000000001,Positive
1/13/2021,Neutral,0.8300000000000001,Positive
1/14/2021,Neutral,0.05559999999999998,Positive
1/15/2021,Neutral,0.05559999999999998,Positive
1/19/2021,Neutral,0.599,Positive
1/20/2021,Neutral,0.985,Positive
1/21/2021,Neutral,0.995,Positive
1/22/2021,Neutral,0.92225,Positive
1/25/2021,Neutral,0.8585,Positive
1/26/2021,Neutral,0.989,Positive
1/27/2021,Neutral,0.9955,Positive
1/28/2021,Neutral,0.9955,Positive
1/29/2021,Neutral,0.9955,Positive
2/1/2021,Neutral,0.9955,Positive
2/2/2021,Neutral,0.9955,Positive
2/3/2021,Neutral,0.974,Positive
2/4/2021,Neutral,0.7283333333333334,Positive
2/5/2021,Neutral,0.5552777777777778,Positive
2/8/2021,Neutral,0.4466666666666667,Positive
2/9/2021,Neutral,0.4559166666666667,Positive
2/10/2021,Neutral,-0.028999999999999998,Positive
2/11/2021,Neutral,0.934,Positive
2/12/2021,Neutral,-0.361,Negative
2/16/2021,Neutral,-0.361,Negative
2/17/2021,Neutral,0.915,Positive
2/18/2021,Neutral,0.307,Positive
2/19/2021,Neutral,0.999,Positive
2/22/2021,Neutral,0.527,Positive
2/23/2021,Neutral,0.999,Positive
2/24/2021,Neutral,0.5928,Positive
2/25/2021,Neutral,0.413,Positive
2/26/2021,Neutral,0.6527499999999999,Positive
3/1/2021,Neutral,0.8408181818181817,Positive
3/2/2021,Neutral,0.586,Positive
3/3/2021,Neutral,0.8436666666666666,Positive
3/4/2021,Neutral,0.36230769230769233,Positive
3/5/2021,Neutral,0.7236153846153847,Positive
3/8/2021,Neutral,0.7282142857142856,Positive
3/9/2021,Neutral,0.8156000000000001,Positive
3/10/2021,Neutral,-0.052,Positive
3/11/2021,Neutral,0.9923333333333333,Positive
3/12/2021,Neutral,0.7137272727272728,Positive
3/15/2021,Neutral,0.9593333333333334,Positive
3/16/2021,Neutral,0.8315833333333335,Positive
3/17/2021,Neutral,0.49299999999999994,Positive
3/18/2021,Neutral,0.4195,Positive
3/19/2021,Neutral,0.5121666666666667,Positive
3/22/2021,Neutral,0.5508823529411764,Positive
3/23/2021,Neutral,0.5078181818181817,Positive
3/24/2021,Neutral,-0.04416666666666667,Negative
3/25/2021,Neutral,0.93825,Positive
3/26/2021,Neutral,0.652,Positive
3/29/2021,Neutral,0.594125,Positive
3/30/2021,Neutral,0.44825000000000004,Positive
3/31/2021,Neutral,-0.24066666666666667,Negative
4/1/2021,Neutral,0.2819,Positive
4/2/2021,Neutral,0.626,Positive
4/5/2021,Neutral,0.4002380952380952,Positive
4/6/2021,Neutral,0.6900000000000001,Positive
4/7/2021,Neutral,0.4359,Positive
4/8/2021,Neutral,0.03085714285714284,Positive
4/9/2021,Neutral,0.05461538461538463,Negative
4/12/2021,Neutral,0.3200909090909091,Positive
4/13/2021,Neutral,0.18590000000000004,Positive
4/14/2021,Neutral,0.2708,Positive
4/15/2021,Neutral,0.09437931034482758,Negative
4/16/2021,Neutral,0.14988888888888888,Positive
4/19/2021,Neutral,0.15862162162162158,Positive
4/20/2021,Neutral,0.4544,Positive
4/21/2021,Neutral,-0.1480967741935484,Negative
4/22/2021,Neutral,0.2701176470588236,Positive
4/23/2021,Neutral,0.22732258064516128,Positive
4/26/2021,Neutral,0.45741666666666664,Positive
4/27/2021,Neutral,0.33986666666666665,Positive
4/28/2021,Neutral,0.5897142857142857,Positive
4/29/2021,Neutral,0.2347,Positive
4/30/2021,Neutral,0.2716363636363637,Positive
5/3/2021,Neutral,0.2017142857142857,Positive
5/4/2021,Neutral,0.4269285714285714,Positive
5/5/2021,Neutral,0.357,Positive
5/6/2021,Neutral,0.4452,Positive
5/7/2021,Neutral,0.487,Positive
5/10/2021,Neutral,-0.05239999999999999,Positive
5/11/2021,Neutral,0.6677272727272727,Positive
5/12/2021,Neutral,0.24525,Positive
5/13/2021,Neutral,0.044875000000000005,Negative
5/14/2021,Neutral,0.38425,Positive
5/17/2021,Neutral,0.3775833333333334,Positive
5/18/2021,Neutral,0.20299999999999999,Positive
5/19/2021,Neutral,0.20891666666666664,Positive
5/20/2021,Neutral,0.526875,Positive
5/21/2021,Neutral,0.5099090909090909,Positive
5/24/2021,Neutral,0.5625555555555555,Positive
5/25/2021,Neutral,0.50525,Positive
5/26/2021,Neutral,-0.22057142857142858,Positive
5/27/2021,Neutral,-0.09616666666666669,Negative
5/28/2021,Neutral,0.26899999999999996,Positive
6/1/2021,Neutral,0.029869565217391317,Negative
6/2/2021,Neutral,0.7206111111111111,Positive
6/3/2021,Neutral,0.2918333333333334,Positive
6/4/2021,Neutral,0.6274,Positive
6/7/2021,Neutral,0.43260000000000004,Positive
6/8/2021,Neutral,0.5724705882352942,Positive
6/9/2021,Neutral,0.5653076923076923,Positive
6/10/2021,Neutral,0.2897142857142857,Positive
6/11/2021,Neutral,0.24330434782608695,Positive
6/14/2021,Neutral,0.5242857142857144,Positive
6/15/2021,Neutral,0.23341666666666663,Positive
6/16/2021,Neutral,0.09099999999999998,Positive
6/17/2021,Neutral,0.5233333333333333,Positive
6/21/2021,Neutral,0.6705454545454546,Positive
6/22/2021,Neutral,0.863,Positive
6/23/2021,Neutral,0.35425,Positive
6/24/2021,Neutral,0.5823076923076923,Positive
6/25/2021,Neutral,0.7750000000000001,Positive
6/28/2021,Neutral,0.6580555555555556,Positive
6/29/2021,Neutral,-0.23914285714285718,Positive
6/30/2021,Neutral,0.47314285714285703,Positive
7/1/2021,Neutral,0.33,Negative
7/2/2021,Neutral,0.6318695652173912,Positive
7/6/2021,Neutral,0.3845,Positive
7/7/2021,Neutral,0.21,Positive
7/8/2021,Neutral,0.3748571428571429,Positive
7/9/2021,Neutral,0.6991818181818181,Positive
7/12/2021,Neutral,-0.11872727272727275,Negative
7/13/2021,Neutral,0.3463913043478261,Positive
7/14/2021,Neutral,0.29266666666666663,Positive
7/15/2021,Neutral,0.06749999999999998,Positive
7/16/2021,Neutral,0.6801875,Positive
7/19/2021,Neutral,0.20884999999999998,Positive
7/20/2021,Neutral,0.34295,Positive
7/21/2021,Neutral,0.38368,Positive
7/22/2021,Neutral,0.39794117647058824,Positive
7/23/2021,Neutral,0.3448,Positive
7/26/2021,Neutral,-0.0678,Negative
7/27/2021,Neutral,0.2671666666666667,Positive
7/28/2021,Neutral,0.013923076923076927,Negative
7/29/2021,Neutral,0.023,Positive
7/30/2021,Neutral,0.2982727272727273,Positive
8/2/2021,Neutral,0.3972,Positive
8/3/2021,Neutral,0.2025,Positive
8/4/2021,Neutral,0.367875,Positive
8/5/2021,Neutral,0.389375,Positive
8/6/2021,Neutral,0.5851818181818182,Positive
8/9/2021,Neutral,0.6817857142857141,Positive
8/10/2021,Neutral,0.49424999999999997,Positive
8/11/2021,Neutral,0.209,Positive
8/12/2021,Neutral,0.2996666666666667,Positive
8/13/2021,Neutral,0.7701,Positive
8/16/2021,Neutral,0.5301428571428571,Positive
8/17/2021,Neutral,0.5794999999999999,Positive
8/18/2021,Neutral,0.6274666666666666,Positive
8/19/2021,Neutral,0.36899999999999994,Positive
8/20/2021,Neutral,0.3608928571428572,Positive
8/23/2021,Neutral,0.4398333333333333,Positive
8/24/2021,Neutral,0.30915384615384617,Positive
8/25/2021,Neutral,0.42751999999999996,Positive
8/26/2021,Neutral,0.22346666666666667,Positive
8/27/2021,Neutral,0.5221111111111111,Positive
8/30/2021,Neutral,0.4913333333333334,Positive
8/31/2021,Neutral,0.08772727272727271,Positive
9/1/2021,Neutral,0.48,Positive
9/2/2021,Neutral,0.23928571428571427,Positive
9/3/2021,Neutral,0.5382857142857144,Positive
9/7/2021,Neutral,0.465625,Positive
9/8/2021,Neutral,-0.010428571428571454,Negative
9/9/2021,Neutral,0.38657142857142857,Positive
9/10/2021,Neutral,0.5216923076923078,Positive
9/13/2021,Neutral,0.2711111111111111,Negative
9/14/2021,Neutral,0.975,Positive
9/15/2021,Neutral,0.515875,Positive
9/16/2021,Neutral,0.40669999999999995,Positive
9/17/2021,Neutral,0.17569230769230768,Positive
9/20/2021,Neutral,0.2987,Positive
9/21/2021,Neutral,0.4747575757575757,Positive
9/22/2021,Neutral,0.6311,Positive
9/23/2021,Neutral,0.38425,Positive
9/24/2021,Neutral,0.38,Positive
9/27/2021,Neutral,0.4897777777777777,Positive
9/28/2021,Neutral,0.7514444444444445,Positive
9/29/2021,Neutral,0.20014285714285715,Positive
9/30/2021,Neutral,-0.057749999999999996,Negative
10/1/2021,Neutral,0.252,Positive
10/4/2021,Neutral,0.3088125,Positive
10/5/2021,Neutral,0.22264999999999996,Negative
10/6/2021,Neutral,0.549,Positive
10/7/2021,Neutral,0.062400000000000025,Negative
10/8/2021,Neutral,0.5244285714285714,Positive
10/12/2021,Neutral,0.3651875,Positive
10/13/2021,Neutral,0.5124666666666666,Positive
10/14/2021,Neutral,0.14128571428571426,Positive
10/15/2021,Neutral,0.36953571428571436,Positive
10/18/2021,Neutral,0.73788,Positive
10/19/2021,Neutral,0.5489999999999999,Positive
10/20/2021,Neutral,0.5488260869565217,Positive
10/21/2021,Neutral,0.3545217391304348,Positive
10/22/2021,Neutral,0.45952380952380945,Positive
10/25/2021,Neutral,0.8077777777777778,Positive
10/26/2021,Neutral,0.4486666666666667,Positive
10/27/2021,Neutral,0.4925,Positive
10/28/2021,Neutral,0.0498,Positive
10/29/2021,Neutral,0.47675,Positive
11/1/2021,Neutral,0.664,Positive
11/2/2021,Neutral,0.2299375,Positive
11/3/2021,Neutral,0.26866666666666666,Positive
11/4/2021,Neutral,0.49875,Positive
11/5/2021,Neutral,0.18493333333333334,Positive
11/8/2021,Neutral,0.486625,Positive
11/9/2021,Neutral,0.3634375,Positive
11/10/2021,Neutral,0.0444375,Negative
11/12/2021,Neutral,0.32714,Positive
11/15/2021,Neutral,0.14925000000000002,Positive
11/16/2021,Neutral,0.2995,Positive
11/17/2021,Neutral,0.3554285714285714,Positive
11/18/2021,Neutral,0.5679090909090909,Positive
11/19/2021,Neutral,0.719,Positive
11/22/2021,Neutral,0.4536875,Positive
11/23/2021,Neutral,0.4734285714285714,Positive
11/24/2021,Neutral,0.35841666666666666,Positive
11/26/2021,Neutral,0.419,Positive
11/29/2021,Neutral,0.3883,Positive
11/30/2021,Neutral,0.37,Positive
12/1/2021,Neutral,0.40614285714285714,Positive
12/2/2021,Neutral,0.051142857142857136,Negative
12/3/2021,Neutral,0.4484,Positive
12/6/2021,Neutral,0.6436666666666666,Positive
12/7/2021,Neutral,0.7237142857142856,Positive
12/8/2021,Neutral,0.37355555555555553,Positive
12/9/2021,Neutral,0.4789333333333334,Positive
12/10/2021,Neutral,0.5625,Positive
12/13/2021,Neutral,0.13421428571428576,Positive
12/14/2021,Neutral,0.12766666666666668,Positive
12/15/2021,Neutral,0.6852142857142857,Positive
12/16/2021,Neutral,0.43175,Positive
12/17/2021,Neutral,0.1676551724137931,Negative
12/20/2021,Neutral,0.26281818181818184,Positive
12/21/2021,Neutral,0.481,Positive
12/22/2021,Neutral,0.40812499999999996,Positive
12/23/2021,Neutral,0.25677777777777777,Positive
12/27/2021,Neutral,0.3242,Positive
12/28/2021,Neutral,0.28725,Negative
12/29/2021,Neutral,0.27411111111111114,Positive
12/30/2021,Neutral,0.33533333333333337,Positive
1/3/2022,Neutral,0.6305000000000001,Positive
1/4/2022,Neutral,0.597,Positive
1/5/2022,Neutral,0.40112499999999995,Positive
1/6/2022,Neutral,0.5704374999999999,Positive
1/7/2022,Neutral,0.4218571428571429,Positive
1/10/2022,Neutral,0.6164545454545455,Positive
1/11/2022,Neutral,0.41228571428571426,Positive
1/12/2022,Neutral,0.625,Positive
1/13/2022,Neutral,0.8106,Positive
1/14/2022,Neutral,0.468923076923077,Positive
1/18/2022,Neutral,0.877,Positive
1/19/2022,Neutral,0.5662857142857144,Positive
1/20/2022,Neutral,0.5643999999999999,Positive
1/21/2022,Neutral,0.7417777777777776,Positive
1/24/2022,Neutral,0.7874545454545454,Positive
1/25/2022,Neutral,0.4603428571428571,Positive
1/26/2022,Neutral,0.4595714285714286,Positive
1/27/2022,Neutral,0.5713076923076923,Positive
1/28/2022,Neutral,0.5521,Positive
1/31/2022,Neutral,0.5855384615384615,Positive
2/1/2022,Neutral,0.4893571428571429,Positive
2/2/2022,Neutral,0.7119999999999999,Positive
2/3/2022,Neutral,0.35009090909090906,Positive
2/4/2022,Neutral,0.56475,Positive
2/7/2022,Neutral,0.586625,Positive
2/8/2022,Neutral,0.48442857142857143,Positive
2/9/2022,Neutral,0.4286,Positive
2/10/2022,Neutral,0.5131666666666667,Positive
2/11/2022,Neutral,0.32080000000000003,Positive
2/14/2022,Neutral,-0.08506666666666665,Positive
2/15/2022,Neutral,0.21514285714285716,Positive
2/16/2022,Neutral,0.2092,Positive
2/17/2022,Neutral,0.5703333333333334,Positive
2/18/2022,Neutral,0.4908333333333334,Positive
2/22/2022,Neutral,0.0,Positive
2/23/2022,Neutral,0.9333333333333332,Positive
2/24/2022,Neutral,0.28020000000000006,Positive
2/25/2022,Neutral,0.1491,Positive
2/28/2022,Neutral,0.31042857142857144,Positive
3/1/2022,Neutral,0.7909999999999999,Positive
3/2/2022,Neutral,0.9670000000000001,Positive
3/3/2022,Neutral,0.8664,Positive
3/4/2022,Neutral,0.4285,Positive
3/7/2022,Neutral,0.9526666666666667,Positive
3/8/2022,Neutral,0.9705,Positive
3/9/2022,Neutral,0.6982857142857143,Positive
3/10/2022,Neutral,0.8246666666666668,Positive
3/11/2022,Neutral,0.5189999999999999,Positive
3/14/2022,Neutral,0.8183333333333334,Positive
3/15/2022,Neutral,0.9902500000000001,Positive
3/16/2022,Neutral,0.7003333333333334,Positive
3/17/2022,Neutral,0.1742,Positive
3/18/2022,Neutral,0.9979999999999999,Positive
3/21/2022,Neutral,0.7121999999999999,Positive
3/22/2022,Neutral,0.9625,Positive
3/23/2022,Neutral,0.33266666666666667,Positive
3/24/2022,Neutral,0.674,Positive
3/25/2022,Neutral,0.755,Positive
3/28/2022,Neutral,0.996,Positive
3/29/2022,Neutral,0.7868333333333334,Positive
3/30/2022,Neutral,0.998,Positive
3/31/2022,Neutral,0.69775,Positive
4/1/2022,Neutral,0.78975,Positive
4/4/2022,Neutral,0.17983333333333337,Positive
4/5/2022,Neutral,0.936,Positive
4/6/2022,Neutral,0.5585,Positive
4/7/2022,Neutral,0.784,Positive
4/8/2022,Neutral,0.4995,Positive
4/11/2022,Neutral,0.995,Positive
4/12/2022,Neutral,0.985,Positive
4/13/2022,Neutral,0.9739999999999999,Positive
4/14/2022,Neutral,0.31980000000000003,Positive
4/15/2022,Neutral,0.28433333333333327,Positive
4/18/2022,Neutral,0.3163,Positive
4/19/2022,Neutral,0.4285400000000001,Positive
4/20/2022,Neutral,0.6636666666666667,Positive
4/21/2022,Neutral,0.999,Positive
4/22/2022,Neutral,0.524,Positive
4/25/2022,Neutral,0.156,Positive
4/26/2022,Neutral,0.48616666666666664,Positive
4/27/2022,Neutral,0.5780000000000001,Positive
4/28/2022,Neutral,0.8175,Positive
4/29/2022,Neutral,0.8341999999999998,Positive
5/2/2022,Neutral,0.0,Negative
5/3/2022,Neutral,0.15799999999999997,Positive
5/4/2022,Neutral,0.8955,Positive
5/5/2022,Neutral,0.16266666666666665,Positive
5/6/2022,Neutral,0.029333333333333322,Negative
5/9/2022,Neutral,0.37700000000000006,Positive
5/10/2022,Neutral,0.9966666666666667,Positive
5/11/2022,Neutral,0.6890000000000001,Positive
5/12/2022,Neutral,0.997625,Positive
5/13/2022,Neutral,0.7832000000000001,Positive
5/16/2022,Neutral,0.9966666666666667,Positive
5/17/2022,Neutral,0.998,Positive
5/18/2022,Neutral,0.80325,Positive
5/19/2022,Neutral,0.9534285714285714,Positive
5/20/2022,Neutral,0.97,Positive
5/23/2022,Neutral,0.7618333333333333,Positive
5/24/2022,Neutral,0.97275,Positive
5/25/2022,Neutral,0.6954,Positive
5/26/2022,Neutral,0.9955,Positive
5/27/2022,Neutral,0.9039999999999999,Positive
5/31/2022,Neutral,0.8323333333333333,Positive
6/1/2022,Neutral,0.8211428571428571,Positive
6/2/2022,Neutral,0.7172499999999999,Positive
6/3/2022,Neutral,0.69025,Positive
6/6/2022,Neutral,0.570857142857143,Positive
6/7/2022,Neutral,0.603375,Positive
6/8/2022,Neutral,0.922,Positive
6/9/2022,Neutral,0.8754,Positive
6/10/2022,Neutral,0.385,Positive
6/13/2022,Neutral,0.16533333333333333,Negative
6/14/2022,Neutral,0.21999999999999997,Positive
6/15/2022,Neutral,0.8193999999999999,Positive
6/16/2022,Neutral,0.6799999999999999,Positive
6/17/2022,Neutral,0.5357142857142857,Positive
6/21/2022,Neutral,0.9984999999999999,Positive
6/22/2022,Neutral,0.23450000000000001,Positive
6/23/2022,Neutral,0.4532857142857143,Positive
6/24/2022,Neutral,0.4654,Positive
6/27/2022,Neutral,0.4590000000000001,Positive
6/28/2022,Neutral,0.4609090909090909,Positive
6/29/2022,Neutral,0.6435000000000001,Positive
6/30/2022,Neutral,0.25649999999999995,Positive
7/1/2022,Neutral,0.3615,Positive
7/5/2022,Neutral,0.3273333333333333,Positive
7/6/2022,Neutral,0.3462,Positive
7/7/2022,Neutral,0.7946666666666666,Positive
7/8/2022,Neutral,0.2718333333333333,Positive
7/11/2022,Neutral,0.532,Positive
7/12/2022,Neutral,0.8976000000000001,Positive
7/13/2022,Neutral,0.43875,Positive
7/14/2022,Neutral,0.8316666666666667,Positive
7/15/2022,Neutral,0.6538,Positive
7/18/2022,Neutral,0.395875,Positive
7/19/2022,Neutral,0.5019545454545455,Positive
7/20/2022,Neutral,0.7030000000000001,Positive
7/21/2022,Neutral,0.3575714285714286,Positive
7/22/2022,Neutral,0.752,Positive
7/25/2022,Neutral,0.9782500000000001,Positive
7/26/2022,Neutral,0.525,Positive
7/27/2022,Neutral,0.6759999999999999,Positive
7/28/2022,Neutral,0.26866666666666666,Positive
7/29/2022,Neutral,0.319,Negative
8/1/2022,Neutral,0.7864444444444445,Positive
8/2/2022,Neutral,0.305125,Positive
8/3/2022,Neutral,0.623,Positive
8/4/2022,Neutral,0.34175,Positive
8/5/2022,Neutral,0.7968000000000001,Positive
8/8/2022,Neutral,0.9968,Positive
8/9/2022,Neutral,0.89625,Positive
8/10/2022,Neutral,0.425125,Positive
8/11/2022,Neutral,0.3824285714285714,Positive
8/12/2022,Neutral,0.17850000000000002,Negative
8/15/2022,Neutral,0.9942857142857143,Positive
8/16/2022,Neutral,0.2338,Negative
8/17/2022,Neutral,0.884,Positive
8/18/2022,Neutral,0.985,Positive
8/19/2022,Neutral,0.38919999999999993,Positive
8/22/2022,Neutral,0.19944444444444442,Positive
8/23/2022,Neutral,-0.402,Negative
8/24/2022,Neutral,0.7918000000000001,Positive
8/25/2022,Neutral,0.805,Positive
8/26/2022,Neutral,0.4746666666666666,Positive
8/29/2022,Neutral,0.7817777777777777,Positive
8/30/2022,Neutral,0.9923333333333334,Positive
8/31/2022,Neutral,0.97675,Positive
9/1/2022,Neutral,-0.777,Negative
9/2/2022,Neutral,0.681,Positive
9/6/2022,Neutral,0.994,Positive
9/7/2022,Neutral,0.92725,Positive
9/8/2022,Neutral,0.9582,Positive
9/9/2022,Neutral,0.999,Positive
9/12/2022,Neutral,-0.1422,Negative
9/13/2022,Neutral,0.6612,Positive
9/14/2022,Neutral,0.7293333333333334,Positive
9/15/2022,Neutral,0.4791666666666667,Positive
9/16/2022,Neutral,0.604,Positive
9/19/2022,Neutral,0.2086666666666667,Positive
9/20/2022,Neutral,0.988,Positive
