﻿,Titles,Polarity,Positive,Neutral,Negative
0,10 Key Earnings Reports from The Financial Sector,0.998,0.112,0.875,0.013
1,Charles Schwab to renovate Germantown office,0.318,0.038,0.962,0.0
2,"Benin Management Corp Buys Ford Motor Co, Invesco Financial Preferred ETF, Amgen Inc, Sells ...",0.995,0.074,0.918,0.008
3,Schwab CEO Sees Brokerage of the Future Looking More Like Uber,0.993,0.079,0.894,0.027
4,"Interactive Brokers (IBKR) Q4 Earnings Beat, Expenses Rise Y/Y",0.997,0.13,0.847,0.023
5,"Company News for Jan 19, 2022",0.979,0.172,0.806,0.022
6,"Purus Wealth Management, LLC Buys First Trust SMID Cap Rising Dividend Achievers ETF, First ...",1.0,0.156,0.832,0.012
7,Is it a Good Choice to Invest in Charles Schwab (SCHW)?,0.991,0.141,0.842,0.017
8,Independent Advisors Expect Continued Growth Over the Next Five Years and Most See It Coming From New-to-Firm Clients,1.0,0.15,0.848,0.001
