﻿,Titles,Polarity,Positive,Neutral,Negative
0,"Eagle Global Advisors Llc Buys Energy Transfer LP, Charles Schwab Corp, Qualcomm Inc, Sells ...",0.996,0.064,0.931,0.006
1,DraftKings is Not Such a Sure Thing,0.978,0.079,0.874,0.047
2,TD Ameritrade Salesforce to Begin Advising on Schwab Products,0.382,0.118,0.882,0.0
3,Is Charles Schwab Corp. (SCHW) A Smart Long-Term Investment?,0.995,0.14,0.848,0.012
4,"Has Robinhood’s stock bottomed? This analyst says ‘yes, indeed’",0.459,0.125,0.875,0.0
5,"RIA Compensation Costs Continued to Rise, Schwab Report Shows",0.66,0.233,0.719,0.048
