﻿,Titles,Polarity,Positive,Neutral,Negative
0,The Charles Schwab Corporation (SCHW) Stock Sinks As Market Gains: What You Should Know,0.99,0.092,0.893,0.015
1,"UPDATE 1-Trading firms Citadel Securities, Virtu building crypto-trading ecosystem- source",0.922,0.087,0.913,0.0
2,"Citadel Securities, Virtu Build Crypto Plan With Brokerages",0.994,0.122,0.872,0.006
3,"Charles Schwab Ranks Fifth Overall and First for Banking and Financial Services on Forbes’ 2022 List of ""Best Employers for New Graduates""",0.981,0.083,0.907,0.011
