﻿,Titles,Polarity,Positive,Neutral,Negative
0,A Guide to the 10 Most-Popular Dividend ETFs,0.999,0.121,0.842,0.037
1,"Fidelity Boosts Staff Again to Keep BlackRock, Vanguard at Bay",0.983,0.097,0.86,0.043
2,Raymond James CEO: Earnings miss ‘the result of good things’,0.382,0.11,0.89,0.0
3,Is Schwab Fundamental U.S. Broad Market Index ETF (FNDB) a Strong ETF Right Now?,0.998,0.134,0.85,0.016
4,Schwab Stock Has Almost Wiped Out a Year of Gains. The CEO Scooped Up Stock.,0.296,0.099,0.901,0.0
