﻿,Titles,Polarity,Positive,Neutral,Negative
0,"With New Digital Onboarding Enhancements, Schwab Advisor Services Makes it Easier to Open Multiple Client Accounts for Households",0.999,0.128,0.859,0.013
1,"Interactive Brokers Group, Inc. (IBKR) Earnings Expected to Grow: Should You Buy?",0.998,0.129,0.818,0.054
2,Is Trending Stock The Charles Schwab Corporation (SCHW) a Buy Now?,0.998,0.117,0.872,0.011
3,Should Schwab Fundamental U.S. Small Company Index ETF (FNDA) Be on Your Investing Radar?,0.998,0.161,0.795,0.044
4,Should Schwab U.S. MidCap ETF (SCHM) Be on Your Investing Radar?,0.996,0.114,0.856,0.03
5,"The Zacks Analyst Blog Highlights VYM, SCHD, SDY, SPYD, and SPHD",0.964,0.076,0.867,0.057
