﻿,Titles,Polarity,Positive,Neutral,Negative
0,"Fidelity, Charles Schwab, and Citadel Securities To Launch Crypto Exchange",0.0,0.0,1.0,0.0
1,These Wall Street giants launched a new crypto exchange. Here’s what they are trying to achieve,0.572,0.17,0.83,0.0
2,Want to Beat the Dow Jones? Buy and Hold This Growth Stock,0.0,0.0,1.0,0.0
3,"Charles Schwab, Citadel, Fidelity, Others Start Crypto Exchange EDX Markets",0.743,0.049,0.942,0.008
4,"Here’s where ETF investors plan to put money to work in coming year – and how their generational attitudes shake out, Schwab study finds",0.361,0.094,0.906,0.0
5,"No Matter the Weather: Despite a Perfect Storm of Market Disruptions, Schwab Study Finds Investors Continue to Favor ETFs",1.0,0.143,0.842,0.015
6,"Fidelity, Schwab, Citadel Securities Plan to Launch New Crypto Exchange",0.691,0.09,0.91,0.0
