﻿,Titles,Polarity,Positive,Neutral,Negative
0,"Charles Schwab survey sees ‘astounding’ influx of new traders, finds tech top pick in reopening",0.128,0.053,0.947,0.0
1,Schwab to boost 'vast majority' of employees' pay by 5%,0.989,0.174,0.798,0.028
2,"Schwab Boosts Staff Pay by 5%, Delays Office Return to January",0.964,0.188,0.801,0.011
3,Schwab Announces Pay Increase for Employees,0.989,0.099,0.896,0.004
4,SCHW Alert: Johnson Fistel Continues its Investigation into Charles Schwab - Long Term Investors Encouraged to Contact the Firm,0.94,0.113,0.851,0.035
