﻿,Titles,Polarity,Positive,Neutral,Negative
0,SEC Chairman Proposes Review of Rules Underpinning Stock Trading,0.991,0.091,0.888,0.021
1,3 Most Trusted Wealth Management Companies,0.948,0.521,0.479,0.0
2,3 Most Trusted Online Brokers,0.542,0.181,0.748,0.072
3,3 Best Banks In Client Trust Ratings,-0.128,0.201,0.56,0.239
4,"S&amp;P Flat as Tech Gives Up Some Gains, Financials Slip",0.873,0.105,0.806,0.089
5,"S&amp;P Flat as Tech Gives Up Some Gains, Financials Slip",0.873,0.105,0.806,0.089
6,S&amp;P 500 Flat as Falling Yields Lift Tech But Weigh on Financials,0.957,0.134,0.761,0.104
7,S&amp;P 500 Flat as Falling Yields Lift Tech But Weigh on Financials,0.957,0.134,0.761,0.104
8,Is Schwab 1000 (SNXFX) a Strong Mutual Fund Pick Right Now?,0.981,0.079,0.893,0.028
