﻿,Titles,Polarity,Positive,Neutral,Negative
0,Schwab US REIT ETF (SCHH) Sets a New 2021 High,0.995,0.12,0.864,0.015
1,Find the Right Robo Adviser for You,1.0,0.131,0.836,0.033
2,Al Gore’s Generation Investment Portfolio: Top 10 Stock Picks,1.0,0.116,0.871,0.013
3,Charles Schwab (NYSE:SCHW) shareholders have earned a 30% CAGR over the last three years,0.999,0.187,0.792,0.021
4,Home of College World Series to Be Named ‘Charles Schwab Field Omaha’,0.996,0.093,0.903,0.004
5,Analysts are Recommending These 10 Stocks for 2022,1.0,0.159,0.817,0.024
6,BlackBerry (BB) to Report Q3 Earnings: What's in Store?,0.996,0.119,0.849,0.032
7,Rocket Companies scoops up Truebill for nearly $1.3 billion in major fintech play,0.998,0.137,0.85,0.013
8,Schwab Asset Management Announces Zero Capital Gains Distributions for Schwab ETFs For 2021,0.997,0.095,0.866,0.039
9,Is Schwab Fundamental U.S. Broad Market Index ETF (FNDB) a Strong ETF Right Now?,0.996,0.108,0.874,0.017
