﻿,Titles,Polarity,Positive,Neutral,Negative
0,"Citizens &amp; Northern Corp Buys AmerisourceBergen Corp, PPL Corp, Cisco Systems Inc, Sells ...",0.993,0.06,0.933,0.007
1,These Are The Best Online Stock Brokers For Beginners,0.785,0.301,0.699,0.0
2,These Are The Best Options Trading Platforms,0.637,0.149,0.851,0.0
3,Charles Schwab Excels Once Again On Consistency And Customer Focus,0.955,0.476,0.524,0.0
4,Is Schwab Fundamental U.S. Large Company Index ETF (FNDX) a Strong ETF Right Now?,0.998,0.145,0.836,0.02
