﻿,Titles,Polarity,Positive,Neutral,Negative
0,Robinhood Lays Off 340 Staff. Sign of Crypto Decline?,0.836,0.176,0.824,0.0
1,Schwab Declares Common Stock Dividend and Declares Preferred Stock Dividends,0.896,0.037,0.963,0.0
2,Schwab Introduces Third-Party ESG Ratings for Individual Stocks,1.0,0.134,0.819,0.047
3,Should Schwab Fundamental U.S. Large Company Index ETF (FNDX) Be on Your Investing Radar?,0.997,0.142,0.828,0.03
4,Is it Time to Bail on Robinhood Stock After It Announced Deep Job Cuts?,0.691,0.099,0.875,0.027
