﻿,Titles,Polarity,Positive,Neutral,Negative
0,Schwab sues former client after accidental transfer of $1.2 mln,-0.606,0.065,0.858,0.077
1,Parnassus Endeavor Fund's Top 1st-Quarter Trades,0.999,0.136,0.828,0.036
2,Schwab Accidentally Puts $1.2 Million Into Woman’s Account,-0.965,0.046,0.861,0.094
3,Why The Charles Schwab Corporation (SCHW) Could Beat Earnings Estimates Again,0.998,0.183,0.785,0.032
4,"Volatility, Client Activity to Aid Schwab's (SCHW) Q1 Earnings",0.998,0.138,0.85,0.012
5,Is Schwab Health Care Fund (SWHFX) a Strong Mutual Fund Pick Right Now?,0.996,0.127,0.832,0.042
