﻿,Titles,Polarity,Positive,Neutral,Negative
0,Schwab Announces Its Summer Business Update,0.81,0.037,0.963,0.0
1,ETF Strategies to Cheer the Dovish Fed Minutes,0.999,0.15,0.842,0.008
2,SCHW Alert: Johnson Fistel Launches Investigation into Charles Schwab - Investors Encouraged to Contact the Firm,0.94,0.108,0.859,0.034
3,"Charles Schwab Falls; Goldman Cuts to Neutral, Partly on Valuation",0.0,0.0,1.0,0.0
4,"If You Had Bought Charles Schwab (NYSE:SCHW) Stock Five Years Ago, You Could Pocket A 165% Gain Today",0.998,0.164,0.81,0.027
5,Didi Global. Alphabet Fall Premarket; WD-40 Rises,-0.557,0.054,0.882,0.064
6,SHAREHOLDER ALERT: Pomerantz Law Firm Investigates Claims On Behalf of Investors of The Charles Schwab Corporation - SCHW,0.604,0.097,0.826,0.077
