﻿,Titles,Polarity,Positive,Neutral,Negative
0,BlackRock Underperforms Surging Financial Sector,-0.077,0.132,0.719,0.15
1,"Super Bowl ad spend keeps ‘going up and up,’ Mekanism CEO says",0.999,0.114,0.874,0.012
2,7 Hot Stocks to Buy on Any Dip This Year,1.0,0.127,0.857,0.016
3,Fort Worth's office market surged in fourth quarter,0.823,0.109,0.891,0.0
4,The Charles Schwab Corporation (SCHW) Is Up 9.08% in One Week: What You Should Know,0.999,0.175,0.81,0.015
5,"The Zacks Analyst Blog Highlights: Microsoft Corp., UnitedHealth Group Inc., and The Charles Schwab Corp.",0.998,0.124,0.859,0.017
6,Big Money Invests in Charles Schwab,0.997,0.154,0.824,0.021
