﻿,Titles,Polarity,Positive,Neutral,Negative
0,Charles Schwab expects charge of least $200 million in second quarter as SEC probes its robo-advisory business,0.765,0.17,0.83,0.0
1,Charles Schwab Discloses SEC Probe. The Stock Is Down.,0.0,0.0,1.0,0.0
2,Schwab Taking $200 Million Charge for SEC Robo-Adviser Probe,0.986,0.105,0.863,0.032
3,Owning stocks is ‘a privilege of the few’: Betterment CEO,0.954,0.096,0.873,0.031
4,"UPDATE: Charles Schwab discloses SEC investigation of digital advisory business, expects to book $200 million charge in Q2",0.637,0.066,0.934,0.0
5,Robinhood Is Going Public. 4 Metrics That Could Determine Its Value.,-0.103,0.075,0.833,0.092
6,Is Schwab International Core Equity (SICNX) a Strong Mutual Fund Pick Right Now?,0.978,0.089,0.868,0.043
7,"Charles Schwab says SEC investigating robo adviser disclosures, warns of Q2 results hit",0.665,0.07,0.904,0.026
8,"Charles Schwab discloses SEC investigation of digital adivisory business, expects to book $200 million charge in Q2",0.637,0.066,0.934,0.0
9,Charles Schwab Weaker After Disclosing SEC Probe,-0.619,0.083,0.81,0.107
10,Charles Schwab Says Cooperating With SEC Probe of Digital Advisory Business,0.459,0.143,0.857,0.0
