﻿,Titles,Polarity,Positive,Neutral,Negative
0,Top 10 Stocks to Buy in 2022 According to Motley Fool’s 1623 Capital,1.0,0.157,0.823,0.019
1,Bank stocks are super cheap — even with the risk of recession,0.0,0.0,1.0,0.0
2,This is how much money Americans think they need to be considered wealthy in cities across the U.S.,0.999,0.273,0.727,0.0
3,Should Schwab U.S. LargeCap Growth ETF (SCHG) Be on Your Investing Radar?,0.999,0.174,0.796,0.03
4,Should Schwab U.S. Dividend Equity ETF (SCHD) Be on Your Investing Radar?,0.997,0.131,0.835,0.034
