﻿,Titles,Polarity,Positive,Neutral,Negative
0,"Buckley Wealth Management, LLC Buys Campbell Soup Co, Caterpillar Inc, NVIDIA Corp, Sells ...",0.999,0.112,0.883,0.006
1,"Sustainable Insight Capital Management, LLC Buys Eli Lilly and Co, NXP Semiconductors NV, ...",0.995,0.055,0.939,0.006
2,"Knowledge Leaders Capital, LLC Buys MaxLinear Inc, Broadcom Inc, Omnicell Inc, Sells Schwab U.S. ...",0.992,0.048,0.946,0.006
3,How Interactive Brokers Is Reinventing Itself in the Robinhood Era,0.796,0.132,0.82,0.048
4,"WESPAC Advisors SoCal, LLC Buys Lululemon Athletica Inc, Goldman Sachs Group Inc, ServiceNow ...",0.986,0.053,0.941,0.005
5,Schwab Recognized in 2022 Fortune World’s Most Admired Companies List for Fifth Consecutive Year,0.992,0.091,0.905,0.003
6,"Were Hedge Funds Right About QUALCOMM, Incorporated (QCOM)?",0.999,0.132,0.843,0.025
7,Did Hedge Funds Get Intuit Inc. (INTU) Right?,0.999,0.115,0.869,0.016
8,Was The Smart Money Right About The Charles Schwab Corporation (SCHW)?,0.996,0.086,0.901,0.013
9,"Were Hedge Funds Illusioned With Lowe’s Companies, Inc. (LOW)?",0.994,0.085,0.884,0.032
10,"Heritage Wealth Advisors Buys Markel Corp, Mastercard Inc, Williams Inc, Sells Owens &amp; ...",0.999,0.115,0.88,0.005
11,"Asahi Life Asset Management Co., Ltd. Buys Organon, Applied Materials Inc, TJX Inc, Sells Bank ...",0.999,0.092,0.903,0.005
12,How Did Hedge Funds’ Citigroup Inc. (C) Bets Fare?,0.997,0.105,0.875,0.02
