﻿,Titles,Polarity,Positive,Neutral,Negative
0,"The best and worst retail trading platforms, according to a finance professor",0.997,0.096,0.86,0.044
1,"Payment for Order Flow Worries the SEC. Perhaps It Shouldn’t, Study Indicates.",-0.361,0.14,0.698,0.162
2,Young Retail Traders See ‘Even Worse’ Times Ahead for Markets,0.987,0.1,0.837,0.063
3,"Top Analyst Reports for UnitedHealth, Adobe &amp; The Charles Schwab",0.999,0.183,0.774,0.043
4,Is Schwab Core Equity (SWANX) a Strong Mutual Fund Pick Right Now?,0.938,0.067,0.89,0.043
