﻿,Titles,Polarity,Positive,Neutral,Negative
0,Does Interactive Brokers Have More Room to Run?,0.998,0.154,0.838,0.008
1,Schwab's (SCHW) February Metrics Improve on Volatile Markets,0.997,0.133,0.862,0.005
2,Schwab International Fundamental Index Mutual Fund Receives Best-in-Class Refinitiv Lipper Fund Award,0.997,0.113,0.862,0.025
3,"If You Invested $1000 in The Charles Schwab Corporation a Decade Ago, This is How Much It'd Be Worth Now",0.998,0.163,0.804,0.033
4,Is Schwab Small-Cap Equity (SWSCX) a Strong Mutual Fund Pick Right Now?,0.981,0.083,0.874,0.043
5,Charles Schwab’s Feb. Brokerage Accounts &amp; Client Assets Climb,0.988,0.133,0.827,0.04
