﻿,Titles,Polarity,Positive,Neutral,Negative
0,The Charles Schwab Corporation (SCHW) Dips More Than Broader Markets: What You Should Know,0.991,0.096,0.885,0.019
1,7 Earnings Reports to Watch the Week of April 18,0.999,0.102,0.869,0.029
2,"Charles Schwab, Bank of America, other big banks set to report quarterly results",0.0,0.0,1.0,0.0
3,Retirement investment strategies to consider as inflation rises,0.026,0.099,0.806,0.095
4,Morgan Stanley (MS) Tops Q1 Earnings and Revenue Estimates,0.994,0.088,0.904,0.008
5,Is a Positive Earnings Surprise Likely for Schwab (SCHW) in Q1?,0.997,0.109,0.869,0.022
6,"The Zacks Analyst Blog Highlights Pfizer, Charles Schwab, Vale, Citigroup, and Palo Alto Networks",0.998,0.125,0.851,0.024
