﻿,Titles,Polarity,Positive,Neutral,Negative
0,Charles Schwab Corporation Investors: Company Investigated by the Portnoy Law Firm,0.797,0.077,0.89,0.033
1,Charles Schwab Corporation Investors: Company Investigated by the Portnoy Law Firm,0.495,0.071,0.879,0.05
2,SCHW Alert: Johnson Fistel Launches Investigation into Charles Schwab - Investors Encouraged to Contact the Firm,0.925,0.099,0.867,0.034
3,SCHW Alert: Johnson Fistel Launches Investigation into Charles Schwab - Investors Encouraged to Contact the Firm,0.925,0.099,0.867,0.034
4,"Company News for Jul 6, 2021",0.972,0.142,0.844,0.013
5,"Schwab (SCHW) Down on Robo-Advisor Probe, to Incur $200M Charge",0.997,0.149,0.849,0.002
