﻿,Titles,Polarity,Positive,Neutral,Negative
0,The Charles Schwab Corporation (SCHW) Gains As Market Dips: What You Should Know,0.975,0.071,0.907,0.021
1,"Charles Schwab to pay $187M to settle SEC charges, FDA to consider Moderna vaccine for young kids",-0.128,0.061,0.814,0.125
2,Schwab (SCHW) Settles Charges Related to Robo-Adviser Clients,0.992,0.106,0.853,0.041
3,Charles Schwab agrees to pay $187M for misleading customers with robo-advisor product,-0.141,0.0,0.969,0.031
4,Should Schwab 1000 Index ETF (SCHK) Be on Your Investing Radar?,0.99,0.102,0.865,0.033
