﻿,Titles,Polarity,Positive,Neutral,Negative
0,Schwab Announces Its Spring Business Update,0.81,0.036,0.964,0.0
1,‘Generation I’ Has Entered the Stock Market—and They’re Shaking Things Up,0.0,0.0,1.0,0.0
2,"GameStop-Era Investors Add Bullish Force to Market, Survey Finds",0.0,0.0,1.0,0.0
3,"The Rise of the Investor Generation: 15% of U.S. Stock Market Investors Got Their Start in 2020, Schwab Study Shows",0.999,0.129,0.851,0.02
4,"The Zacks Analyst Blog Highlights: Salesforce, Citigroup, Royal Dutch Shell, NextEra Energy and Charles Schwab",0.997,0.125,0.852,0.023
5,What Kind Of Investors Own Most Of The Charles Schwab Corporation (NYSE:SCHW)?,0.994,0.091,0.889,0.02
