﻿,Titles,Polarity,Positive,Neutral,Negative
0,"Raab &amp; Moskowitz Asset Management LLC Buys Vanguard Ultra-Short Bond ETF, Netflix Inc, ...",0.998,0.101,0.895,0.004
1,These companies in the S&amp;P 500 are winning this earnings season using 4 critical measures,0.691,0.289,0.711,0.0
2,"Choate Investment Advisors Buys iShares 0-3 Month Treasury Bond ETF, Vanguard Growth ETF, CVS ...",0.996,0.06,0.935,0.005
3,Only 29 stocks hit all 4 of these key metrics so far this earnings season,0.691,0.289,0.711,0.0
4,4 Top Investment Bank Stocks to Buy From the Prospering Industry,1.0,0.124,0.864,0.012
