﻿,Titles,Polarity,Positive,Neutral,Negative
0,Charles Schwab’s Earnings Top Estimates and Assets Jump. The Stock Is Rising.,0.527,0.253,0.747,0.0
1,Schwab Posts Record Earnings With Retail Trading Powering On,0.812,0.072,0.889,0.039
2,The Charles Schwab Corporation (SCHW) Beats Q3 Earnings and Revenue Estimates,0.995,0.103,0.891,0.006
3,"Schwab (SCHW) Q3 Earnings &amp; Revenues Beat Estimates, Costs Up",0.994,0.112,0.876,0.012
4,"Charles Schwab stock rises toward another record after profit, revenue rise above forecasts",0.9,0.171,0.829,0.0
5,Schwab Shares Rise on Q3 Earnings-and-Revenue Beat,-0.459,0.0,0.857,0.143
6,A Peek Into The Markets: US Stock Futures Gain; Goldman Sachs Earnings In Focus,-0.422,0.032,0.937,0.032
