﻿,Titles,Polarity,Positive,Neutral,Negative
0,Nasdaq Leads Downward Spiral As Stocks Dive And Yields Rise; Goldman And Microsoft Fall,0.0,0.0,1.0,0.0
1,"Earnings Season Is Here, And Option Trades Can Help With Expected Moves",0.44,0.075,0.925,0.0
2,"Stock Market Today: Bond Yields, Goldman a One-Two Punch for the Bears",0.999,0.184,0.768,0.048
3,"Dow Jones Plummets 600 Points, Nasdaq Leads Downside; These Oil Stocks Score Breakouts As Energy Prices Rise",0.459,0.12,0.88,0.0
4,"If You Don't Love Your Online Broker, Now's The Time To Switch",0.586,0.158,0.789,0.053
5,"Stock Market Sinks As Techs, Financials Slide; 3 Energy Stocks Top Buy Points",0.068,0.179,0.652,0.169
6,Stock Market Slides As Yields Keep Rising; 3 Stocks In Energy Sector Top Buy Points,0.068,0.179,0.652,0.169
7,The Charles Schwab Corporation (SCHW) Q4 Earnings and Revenues Lag Estimates,0.996,0.097,0.896,0.007
8,"Leith Wheeler Investment Counsel Ltd. Buys Booz Allen Hamilton Holding Corp, Henry Schein Inc, ...",0.994,0.061,0.935,0.004
9,"M&amp;g Investment Management Ltd Buys Linde PLC, Charles Schwab Corp, REE Automotive, Sells ...",0.996,0.043,0.952,0.006
10,"IFM Investors Pty Ltd Buys Pfizer Inc, Salesforce. ...",0.992,0.045,0.948,0.007
11,"Goldman Sachs Dives, Charles Schwab Slides As Earnings Miss",-0.103,0.082,0.818,0.1
12,"Charles Schwab Q4 profit rises, but falls short of estimate",0.938,0.223,0.75,0.027
13,Schwab Reports Record Quarterly and Full-Year Earnings Per Share,1.0,0.132,0.863,0.006
14,"Goldman, Alibaba, Unilever Down in Premarket Trading; Activision Soars",0.232,0.045,0.907,0.048
