﻿,Titles,Polarity,Positive,Neutral,Negative
0,Charles Schwab reins in commission-free stock trading,0.296,0.104,0.896,0.0
1,Here is What Hedge Funds Think About Honeywell International Inc. (HON),0.997,0.099,0.878,0.023
2,"Hedge Funds Are Selling Lowe’s Companies, Inc. (LOW)",0.991,0.077,0.897,0.026
3,The Charles Schwab Corporation (SCHW) Fell Out Of Favor With Hedge Funds,0.993,0.084,0.896,0.02
4,"Charles Schwab Stock Near All-Time High Amid Strong Profit, Revenue Gains",0.0,0.0,1.0,0.0
5,Do Hedge Funds Love Intuit Inc. (INTU)?,0.996,0.085,0.906,0.009
6,Is Citigroup Inc. (C) A Good Stock To Buy?,0.996,0.096,0.877,0.027
7,"Hedge Funds Are Cashing Out Of QUALCOMM, Incorporated (QCOM)",0.996,0.083,0.9,0.017
