﻿,Titles,Polarity,Positive,Neutral,Negative
0,Charles Schwab (SCHW) to Tap T Rowe's (TROW) NTF Funds,0.995,0.112,0.869,0.018
1,"Dow Jones Drops 490 Points As Market Sell Off Steepens; Cerner, FedEx Rally",0.477,0.134,0.866,0.0
2,Is Charles Schwab (SCHW) A Smart Long-Term Buy?,0.996,0.155,0.84,0.005
3,LPL Financial (LPLA) November Brokerage &amp; Advisory Assets Dip Q/Q,0.995,0.108,0.892,0.0
4,"Nasdaq Futures Lead Early Declines, As Merck Props Dow Jones; Cerner, FedEx Rally",0.477,0.134,0.866,0.0
