﻿,Titles,Polarity,Positive,Neutral,Negative
0,Why Is The Charles Schwab Corporation (SCHW) Down 15.2% Since Last Earnings Report?,0.973,0.093,0.865,0.043
1,"The Rise of Values Investing: Schwab’s Modern Wealth Survey Finds Values are Driving Spending, Saving &amp; Investing Decisions of Americans More Than Ever",1.0,0.182,0.808,0.01
2,Is Schwab Fundamental Emerging Markets Large Company Index ETF (FNDE) a Strong ETF Right Now?,0.995,0.091,0.893,0.016
3,New survey seeks to identify the magic number Americans now need to be wealthy,0.987,0.105,0.878,0.017
