﻿,Titles,Polarity,Positive,Neutral,Negative
0,"Top Analyst Reports for Alphabet, Bank of America &amp; Charles Schwab",1.0,0.192,0.758,0.05
1,"Schwab Is ‘Relatively Insulated’ From Market Risks. The Stock Is a Buy, Analyst Says.",0.656,0.23,0.77,0.0
2,"US STOCKS-Wall Street bounces as growth, energy stocks jump",-0.542,0.077,0.844,0.079
3,"Midday Movers: Kellogg, Tesla, Spirit Airlines and More",0.91,0.104,0.856,0.04
4,Charles Schwab shaves fees on seven passive ETFs and three actively-managed ETFs,0.128,0.075,0.855,0.069
5,Schwab Asset Management Reduces Fees on 10 Funds,0.994,0.111,0.858,0.031
6,"Tesla, Spirit Airways, Kellogg, and Lennar Rise Premarket",0.969,0.118,0.847,0.036
