﻿,Titles,Polarity,Positive,Neutral,Negative
0,ETF Strategies to Navigate 40-Year High U.S. Inflation Levels,0.998,0.133,0.838,0.029
1,Charles Schwab pays fine for misleading robo-adviser clients,0.459,0.232,0.643,0.125
2,Charles Schwab to pay $187mn in settlement to robo-adviser clients,-0.908,0.042,0.777,0.18
3,SEC: Charles Schwab to Pay $187 Million Over Robo-Advisor Cash Allocations,0.34,0.085,0.915,0.0
4,Charles Schwab Paying More Than $186 Million in Settlement Over Robo-Adviser Business,-0.178,0.081,0.806,0.114
5,Schwab Statement on Settlement With SEC Related to 2015-2018 Disclosures for Schwab Intelligent Portfolios®,0.998,0.132,0.849,0.019
6,UPDATE 1-Charles Schwab subsidiaries to pay $187 mln to settle SEC charges,0.972,0.093,0.859,0.047
7,Charles Schwab pays fine for misleading robo-adviser clients about fees,0.746,0.139,0.798,0.063
8,Charles Schwab subsidiaries to pay $187 million to settle SEC charges,0.972,0.095,0.856,0.048
