﻿,Titles,Polarity,Positive,Neutral,Negative
0,10 ETFs to Buy and Hold for the Next 10 Years,0.999,0.091,0.89,0.019
1,S&amp;P 500 Ends in Red as Tech Wreck Continues Ahead of Fed Meeting,-0.604,0.122,0.753,0.125
2,"S&amp;P 500 Turns Negative as Tech, Energy Weigh",0.5,0.098,0.814,0.088
3,Options Traders Who Correctly Bet Against Russia Can’t Cash Out,0.971,0.109,0.831,0.06
4,Schwab Reports Monthly Activity Highlights,0.994,0.063,0.919,0.018
5,Is Schwab Small-Cap Equity (SWSCX) a Strong Mutual Fund Pick Right Now?,0.964,0.072,0.891,0.037
6,Is Schwab Fundamental U.S. Small Company Index ETF (FNDA) a Strong ETF Right Now?,0.997,0.127,0.853,0.02
7,Is Schwab Fundamental International Small Company Index ETF (FNDC) a Strong ETF Right Now?,0.992,0.084,0.897,0.019
