﻿,Titles,Polarity,Positive,Neutral,Negative
0,Bet on Growth ETFs to Ride the US Market Optimism,1.0,0.188,0.789,0.023
1,10 Finance Stocks to Buy According to Billionaire Ray Dalio,1.0,0.14,0.839,0.021
2,Smart Compensation Practices Can Make Wealth Management Hiring Easier. Here’s How.,0.66,0.274,0.66,0.066
3,"Park National Corp  Buys Charles Schwab Corp, PayPal Holdings Inc, Halliburton Co, Sells 3M Co, ...",0.997,0.053,0.944,0.003
4,3 Charts That Show Me Coinbase Is Set Up for a Big Year Ahead,0.0,0.0,1.0,0.0
5,Is SWCAX a Strong Bond Fund Right Now?,0.991,0.109,0.851,0.04
