﻿,Titles,Polarity,Positive,Neutral,Negative
0,7 Earnings Reports to Watch the Week of January 17,0.998,0.08,0.907,0.013
1,Young workers wonder: ‘When should I start saving for retirement?’,-0.06,0.0,0.963,0.037
2,"Bank, Broker Stocks: Goldman Sachs, Charles Schwab Earnings Due",0.827,0.35,0.65,0.0
3,"The Zacks Analyst Blog Highlights: Exxon Mobil Corp., STMicroelectronics N.V., The Charles Schwab Corp., Albemarle Corp. and Interactive Brokers Group Inc",0.999,0.115,0.862,0.022
4,Top 10 Stock Picks of John Armitage’s Egerton Capital,0.999,0.115,0.87,0.015
5,Why This Top Schwab Portfolio Underweights Tesla,0.794,0.243,0.757,0.0
6,Buy 5 Stocks That Are Set to Beat Earnings Results Next Week,1.0,0.138,0.843,0.019
