﻿,Titles,Polarity,Positive,Neutral,Negative
0,Robinhood’s Dismal First Day Means Nothing for the Stock—and Isn’t a Win for Retail Investors,0.361,0.17,0.755,0.075
1,Robinhood Falls 8% in Lackluster Trading Debut,0.361,0.17,0.755,0.075
2,Robinhood Stock Steadies After an Early Tumble,-0.459,0.035,0.883,0.082
3,Robinhood Opens at $38 and Tumbles in Early Trading,0.571,0.094,0.906,0.0
4,"Robinhood opens at $38 per share, falls 9% in first hour of trading",0.995,0.094,0.894,0.013
5,Robinhood Is Indicated to Open Above IPO Price After Clinching $32 Billion Valuation,0.026,0.108,0.788,0.103
6,"Robinhood Prices IPO at $38 a Share, Raising $2.1 Billion",0.382,0.155,0.734,0.11
7,Is Schwab Fundamental U.S. Broad Market Index ETF (FNDB) a Strong ETF Right Now?,0.998,0.127,0.859,0.015
8,"Three arguments for, and three against, buying Robinhood shares once they start trading after the IPO",0.0,0.0,1.0,0.0
9,Robinhood Valued at $32 Billion With Unorthodox IPO. It Begins Trading on Thursday.,0.382,0.155,0.734,0.11
