﻿,Titles,Polarity,Positive,Neutral,Negative
0,Who are the Financial Leaders of Tomorrow?,0.0,0.0,1.0,0.0
1,"Goldman Sachs Stock Rallies After Smashing Expectations, Bank of America, Charles Schwab Waver After Results",0.0,0.0,1.0,0.0
2,Dow Futures Tick Higher As Earnings Season Heats Up,-0.832,0.031,0.911,0.058
3,Stock Market Starts The Week With Gains; Financials Lead The Way With Solid Earning Reports,0.459,0.19,0.81,0.0
4,"Schwab (SCHW) Up as Q2 Earnings Beat Estimates, Revenues Rise",0.996,0.131,0.858,0.011
5,Charles Schwab’s Earnings Were Better Than Expected. Here’s Why the Stock Is Wobbling.,0.153,0.146,0.732,0.122
6,The Charles Schwab Corporation (SCHW) Tops Q2 Earnings and Revenue Estimates,0.994,0.087,0.901,0.012
7,Charles Schwab Rises After Earnings Beat: Watch These Levels,0.103,0.043,0.923,0.034
8,Dow Jones Rallies As Earnings Season Continues; Goldman Sachs Jumps On Earnings,0.0,0.0,1.0,0.0
9,Charles Schwab shares advance on earnings boost,0.93,0.181,0.819,0.0
10,Schwab’s Second Quarter Revenues Rise 13% to Surpass $5 Billion,1.0,0.146,0.84,0.014
11,Dow Jones Futures Rally As Earnings Season Continues; Goldman Sachs Jumps On Earnings,0.0,0.0,1.0,0.0
12,Is Schwab Fundamental International Small Company Index ETF (FNDC) a Strong ETF Right Now?,0.992,0.094,0.88,0.026
13,Is Schwab Fundamental U.S. Small Company Index ETF (FNDA) a Strong ETF Right Now?,0.998,0.141,0.837,0.022
14,Dow Futures Up 265 Pts; Corporate Earnings Season Hits Top Gear,-0.994,0.049,0.817,0.135
15,"Relief Rally, Bank Earnings, Europe's Heatwave - What's Moving Markets",-0.984,0.065,0.83,0.105
