﻿,Titles,Polarity,Positive,Neutral,Negative
0,SHAREHOLDER ALERT: Pomerantz Law Firm Investigates Claims On Behalf of Investors The Charles Schwab Corporation - SCHW,0.804,0.084,0.851,0.065
1,Wells Fargo Seeks $30 Million in Tax Breaks for Suburban Dallas Office Hub,0.981,0.089,0.88,0.031
2,Canada’s TD buying investment bank Cowen to broaden its U.S. push,0.207,0.083,0.865,0.052
3,TD buys investment bank Cowen for $39 a share by selling down Schwab stake,0.962,0.25,0.75,0.0
4,Is Schwab Fundamental U.S. Large Company Index ETF (FNDX) a Strong ETF Right Now?,0.998,0.143,0.838,0.02
5,Schwab Repurchases $1 Billion of Shares Held by TD Bank Group,0.863,0.052,0.938,0.009
