﻿,Titles,Polarity,Positive,Neutral,Negative
0,All Eyes On Inflation,0.991,0.095,0.874,0.032
1,7 Best Stocks to Buy to Protect Your Portfolio From the Possibility of 5+ Rate Hikes,1.0,0.168,0.8,0.032
2,Top-Ranked Value ETFs to Gift This Valentine's,0.997,0.143,0.819,0.037
3,U.S. Stocks Waver as Europe Slumps; Big Earnings Week Ahead,0.273,0.198,0.688,0.113
4,Should Rising Interest Rates Impact Your Investing Strategy for 2022?,0.026,0.047,0.908,0.045
5,10 New Stock Picks of Ken Fisher,1.0,0.152,0.824,0.024
6,Schwab Reports Monthly Activity Highlights,0.987,0.053,0.927,0.02
