﻿,Titles,Polarity,Positive,Neutral,Negative
0,Stock Market Today: Stocks End Record-Setting Week in the Red,0.994,0.11,0.859,0.032
1,Schwab Delivers Mixed Results. The Stock Is Falling.,0.0,0.0,1.0,0.0
2,The Charles Schwab Corporation (SCHW) Surpasses Q2 Earnings and Revenue Estimates,0.994,0.096,0.898,0.006
3,"Schwab (SCHW) Q2 Earnings Beat Estimates, Revenues Surge Y/Y",0.99,0.108,0.87,0.022
4,Charles Schwab profit falls slightly short but revenue tops estimates,0.765,0.114,0.866,0.02
5,Schwab Reports Second Quarter Results,1.0,0.116,0.874,0.011
6,"Charles Schwab Eases on Mixed Quarter, Lower Daily-Trade Volume",0.886,0.218,0.782,0.0
7,"Retail Sales, Intel M&amp;A, China's CO2 Trading  - What's Moving Markets",0.169,0.064,0.883,0.053
