﻿,Titles,Polarity,Positive,Neutral,Negative
0,10 Stocks Making Headlines on Monday,0.984,0.066,0.907,0.027
1,Schwab Stock Drops After Disappointing Results,-0.511,0.0,0.699,0.301
2,"3 Top S&amp;P 500 Stock Market Gainers Today: Twitter Soars As Schwab, Moderna Tumble",0.586,0.192,0.808,0.0
3,Charles Schwab Stumbles,0.995,0.122,0.854,0.024
4,Charles Schwab Stumbles on Earnings,0.995,0.122,0.854,0.023
5,"Dow Jones Dips; Twitter Soars As Elon Musk, Jack Dorsey Slam Board; Charles Schwab Hammered",-0.535,0.0,0.818,0.182
6,Schwab’s Advisor Assets Slip Amid Tough First Quarter,0.772,0.355,0.645,0.0
7,"Buy the Dip: Schwab, Lyft, Altria, Kimberly-Clark",0.318,0.113,0.887,0.0
8,Why Shares of Charles Schwab Are Falling Today,0.178,0.097,0.828,0.075
9,"Bank earnings: ‘There’s been a divergence’ this quarter, strategist says",1.0,0.15,0.817,0.032
10,Schwab Shares Tumble as Profit Misses Estimates on Trading Slump,0.912,0.09,0.858,0.052
11,"Big Week Ahead in Q1 Earnings, Econ Data",0.99,0.106,0.858,0.037
12,"Schwab (SCHW) Down as Q1 Earnings Miss Estimates, Costs Rise",0.983,0.096,0.876,0.028
13,The Charles Schwab Corporation (SCHW) Misses Q1 Earnings and Revenue Estimates,0.995,0.092,0.895,0.013
14,Charles Schwab Stock Is Falling. Earnings Missed.,0.296,0.121,0.879,0.0
15,Q1 Earnings To Gather Pace This Week,0.99,0.107,0.855,0.037
16,"Charles Schwab net income drops 6%, falls short of target",0.92,0.177,0.823,0.0
17,Schwab Reports First Quarter Results,1.0,0.144,0.848,0.008
18,"Midday Stock Movers: Casa Systems, BofA, Twitter",-0.459,0.068,0.857,0.075
19,Is Schwab Total Stock Market (SWTSX) a Strong Mutual Fund Pick Right Now?,0.988,0.088,0.877,0.035
20,"Bank Earnings, Oil Slips, Futures Slide Lower - What's Moving Markets",-0.971,0.063,0.843,0.094
