﻿,Titles,Polarity,Positive,Neutral,Negative
0,How to Retire With $2 Million on the Average American's Salary,0.402,0.137,0.863,0.0
1,"LPL Financial (LPLA) Q3 Earnings Beat, Revenues Increase Y/Y",0.996,0.139,0.855,0.006
2,Should Schwab Fundamental U.S. Small Company Index ETF (FNDA) Be on Your Investing Radar?,0.998,0.165,0.795,0.04
3,Should Schwab U.S. SmallCap ETF (SCHA) Be on Your Investing Radar?,0.997,0.134,0.835,0.031
4,9 Stocks To Buy According To Carson Yost’s Yost Capital Management,0.997,0.083,0.903,0.014
