﻿,Titles,Polarity,Positive,Neutral,Negative
0,Wall Street Says the Worst Is Over for Municipal Bonds in 2022,-0.34,0.07,0.854,0.076
1,"SCHW EQUITY ALERT: ROSEN, A TOP RANKED LAW FIRM, Encourages The Charles Schwab Corporation Investors with Losses to Inquire About Securities Class Action Investigation – SCHW",0.983,0.093,0.863,0.044
2,Is Schwab International Core Equity (SICNX) a Strong Mutual Fund Pick Right Now?,0.439,0.073,0.857,0.07
3,Is Schwab Global Real Estate (SWASX) a Strong Mutual Fund Pick Right Now?,0.815,0.073,0.87,0.058
