﻿,Titles,Polarity,Positive,Neutral,Negative
0,Wallace Weitz's Top Trades of the 1st Quarter,1.0,0.132,0.846,0.022
1,Wallace Weitz's Top Trades of the 1st Quarter,1.0,0.132,0.846,0.022
2,Schwab Reports Monthly Activity Highlights,0.996,0.063,0.928,0.009
3,Schwab Reports Monthly Activity Highlights,0.996,0.063,0.928,0.009
4,How Much Money Does It Take to Be Wealthy? Here's What Americans Think,0.361,0.068,0.932,0.0
5,How Much Money Does It Take to Be Wealthy? Here's What Americans Think,0.361,0.068,0.932,0.0
