﻿,Titles,Polarity,Positive,Neutral,Negative
0,"Moseley Investment Management Inc Buys Berkshire Hathaway Inc, Liberty Broadband Corp, ...",0.996,0.065,0.932,0.004
1,"Burleson &amp; Company, LLC Buys Block Inc, ARK Innovation ETF, Twitter Inc, Sells Airbnb Inc, ...",0.992,0.056,0.932,0.012
2,"Montecito Bank &amp; Trust Buys Financial Select Sector SPDR, iShares MSCI Emerging Markets ex ...",0.999,0.119,0.869,0.012
3,"PDS Planning, Inc Buys Apple Inc, iShares Core U.S. ...",0.995,0.057,0.937,0.005
