﻿,Titles,Polarity,Positive,Neutral,Negative
0,Crypto: Bank CEOs address blockchain in earnings calls,0.984,0.093,0.884,0.023
1,"Bonds ‘may be the more oversold asset class,’ strategist says",0.0,0.0,1.0,0.0
2,"Retirement Reimagined: Empowered by Early Savings, Millennials Are Reshaping What It Means to Retire, With an Emphasis on Flexibility and New Experiences",1.0,0.166,0.82,0.014
3,"Company News for Apr 19, 2022",0.969,0.162,0.787,0.05
4,Is Schwab Small-Cap Index (SWSSX) a Strong Mutual Fund Pick Right Now?,0.99,0.09,0.874,0.036
