﻿,Titles,Polarity,Positive,Neutral,Negative
0,EXPLAINER-Why did the SEC release a report on GameStop?,0.948,0.091,0.862,0.047
1,Treasury Curve Flattens as Inflation Risk Stokes Hike Bets,-0.738,0.045,0.903,0.052
2,"Company News for Oct 18, 2021",0.965,0.173,0.77,0.057
3,Is Schwab Total Stock Market (SWTSX) a Strong Mutual Fund Pick Right Now?,0.985,0.08,0.892,0.027
4,Is Schwab Fundamental U.S. Broad Market Index ETF (FNDB) a Strong ETF Right Now?,0.997,0.133,0.854,0.012
5,Schwab Q3 Results Top Estimates; Shares Rise 3.6%,0.997,0.157,0.839,0.005
