﻿,Titles,Polarity,Positive,Neutral,Negative
0,Schwab Declares Common Stock Dividend and Declares Preferred Stock Dividends,0.896,0.042,0.958,0.0
1,"Robinhood Stock Dives On Earnings As Revenue, Users, Guidance Fall Short",0.103,0.163,0.693,0.144
2,Why it could be tough for the SEC to ban payment for order flow,0.983,0.1,0.841,0.059
3,Wage growth 'above the pace' to lower inflation: Charles Schwab managing director,0.976,0.083,0.877,0.04
4,Large-Cap Growth ETF (SCHG) Hits New 52-Week High,0.977,0.121,0.842,0.037
5,5 Stocks Insiders Are Selling,0.992,0.09,0.905,0.005
6,Schwab Advisor Services Announces Key Enhancements to iRebal®,0.999,0.123,0.875,0.002
7,Robinhood Earnings On Tap After Ark Invest's Cathie Wood Bought The Dip,0.318,0.108,0.892,0.0
8,Schwab's Charts Remain Strong and Are Headed Higher,0.0,0.0,1.0,0.0
9,Should Schwab U.S. Dividend Equity ETF (SCHD) Be on Your Investing Radar?,0.997,0.144,0.825,0.03
