﻿,Titles,Polarity,Positive,Neutral,Negative
0,Wells Fargo (WFC) to Pay $37.3M to Settle Forex Lawsuit,0.998,0.158,0.788,0.053
1,Do Hedge Funds Love Union Pacific Corporation (UNP)?,0.995,0.077,0.903,0.02
2,"NextEra Energy, Inc. (NEE): Hedge Funds Are Cashing Out",0.999,0.128,0.854,0.018
3,Do Hedge Funds Love The Boeing Company (BA)?,0.999,0.13,0.838,0.032
4,Schwab Study Finds That One in Three Investors Will Adopt Technology at a Faster Rate to Manage Finances Post-Pandemic,1.0,0.133,0.851,0.016
