﻿,Titles,Polarity,Positive,Neutral,Negative
0,Retiree Wins $800K Arbitration Award Over Apple Options Strategy,0.527,0.146,0.781,0.074
1,LPL Financial's (LPLA) July Metrics Up on Robust Markets,0.993,0.11,0.887,0.004
2,The Case For and Against Investing in Crypto ETFs,0.0,0.0,1.0,0.0
3,"The Zacks Analyst Blog Highlights Schwab U.S. Dividend Equity ETF, Vanguard High Dividend Yield ETF, iShares Core High Dividend ETF, iShares Core Dividend Growth ETF and iShares Select Dividend ETF",0.997,0.115,0.837,0.048
4,What’s All the Fuss About Direct Indexing?,1.0,0.179,0.793,0.028
