﻿,Titles,Polarity,Positive,Neutral,Negative
0,5 Stocks to Outshine the Booming Investment Bank Industry,0.989,0.205,0.795,0.0
1,5 Stocks to Outshine the Booming Investment Bank Industry,0.989,0.202,0.798,0.0
2,"The Zacks Analyst Blog Highlights: Cisco Systems, Sanofi, Charles Schwab, Target and ConocoPhillips",0.997,0.117,0.856,0.027
3,"The Zacks Analyst Blog Highlights: Cisco Systems, Sanofi, Charles Schwab, Target and ConocoPhillips",0.997,0.117,0.856,0.027
4,Should You Invest in the iShares U.S. BrokerDealers &amp; Securities Exchanges ETF (IAI)?,0.993,0.103,0.87,0.027
5,Should You Invest in the iShares U.S. BrokerDealers &amp; Securities Exchanges ETF (IAI)?,0.993,0.103,0.87,0.027
