﻿,Titles,Polarity,Positive,Neutral,Negative
0,"Inflation on the shelves means deflation in confidence, a study finds",0.806,0.152,0.821,0.027
1,"How To Make An Easy $2,335 In Your Brokerage Account",0.649,0.253,0.673,0.074
2,"How To Make $2,335 In Easy Money With Your Brokerage Account",0.649,0.253,0.673,0.074
3,"Charles Schwab Poised to Benefit From Fed Tightening, Deutsche Says",0.969,0.148,0.84,0.012
4,Shrewd Mix Of Hot Stocks Drive Parnassus Fund In A Cold Market,0.637,0.167,0.833,0.0
5,Robo-Advisors Changed Investing. But Can They Survive Independently?,0.422,0.132,0.868,0.0
6,"Roku, DraftKings Shake Shack Fall Premarket; Livent, Fastly Rise",0.836,0.08,0.855,0.065
