﻿,Titles,Polarity,Positive,Neutral,Negative
0,Schwab Hikes TD Integration Cost Estimate After Surge of Investor Activity,-0.25,0.073,0.812,0.115
1,Schwab says needs regulatory clarity on crypto before any offerings,0.946,0.094,0.881,0.025
2,Was The Smart Money Right About Piling Into Intuit Inc. (INTU)?,0.997,0.092,0.884,0.024
3,Schwab says needs regulatory clarity on crypto before any offerings,0.946,0.094,0.882,0.025
4,Young UK investors choose cryptocurrencies over stocks: survey,-0.382,0.049,0.896,0.054
5,Charles Schwab Stock Is Tailor-Made for Volatile Times,-0.422,0.0,0.887,0.113
6,This Stock Is Tailor-Made for Volatile Times,-0.422,0.0,0.891,0.109
