﻿,Titles,Polarity,Positive,Neutral,Negative
0,Interactive Brokers (IBKR) April DARTs Fall From the Prior Month,0.981,0.079,0.908,0.012
1,5 ETF Strategies to Follow in May,0.996,0.118,0.821,0.061
2,Goldman Sachs Investment Manager Calls Out ‘Lazy’ ESG Tech Bets,0.985,0.118,0.819,0.064
3,Should Schwab U.S. SmallCap ETF (SCHA) Be on Your Investing Radar?,0.997,0.127,0.837,0.036
4,Is Schwab Fundamental International Large Company Index ETF (FNDF) a Strong ETF Right Now?,0.993,0.087,0.895,0.019
