﻿,Titles,Polarity,Positive,Neutral,Negative
0,Here Are 4 Key Numbers From Robinhood’s Filing,-0.103,0.075,0.833,0.092
1,Sizing Up Robinhood: What We Learned From the Disrupter’s IPO Filing,-0.103,0.075,0.833,0.092
2,Try These ETF Strategies to Play the Market Optimism for 2H21,0.999,0.171,0.812,0.017
3,Try These ETF Strategies to Play the Market Optimism for 2H21,0.999,0.171,0.812,0.017
4,Robinhood files S-1 to go public in IPO,0.985,0.089,0.855,0.057
5,Is Schwab MarketTrack Growth Investor (SWHGX) a Strong Mutual Fund Pick Right Now?,0.993,0.106,0.86,0.034
6,Is Schwab MarketTrack Growth Investor (SWHGX) a Strong Mutual Fund Pick Right Now?,0.993,0.106,0.86,0.034
7,Influencers with Andy Serwer: Sarah Levy,0.0,0.0,1.0,0.0
8,Influencers with Andy Serwer: Sarah Levy,1.0,0.165,0.815,0.02
