﻿,Titles,Polarity,Positive,Neutral,Negative
0,Loan Growth to Aid East West Bancorp (EWBC) Amid Low Rates,0.998,0.175,0.808,0.017
1,Schwab Advisor Services Hosts Second Technology Forum for Third-Party Technology Providers Serving Independent Advisors,0.997,0.106,0.889,0.005
2,Is Schwab Fundamental Emerging Markets Large Company Index ETF (FNDE) a Strong ETF Right Now?,0.982,0.071,0.907,0.022
3,Top 10 Financial Stocks To Invest In,1.0,0.143,0.828,0.029
4,10 Stocks To Invest In According To Claes Fornell,1.0,0.12,0.867,0.013
