﻿,Highest Category,Polarity,PosOrNeg
1/4/2021,Neutral,0.998,Positive
1/5/2021,Neutral,0.998,Positive
1/6/2021,Neutral,0.998,Positive
1/7/2021,Neutral,0.998,Positive
1/8/2021,Neutral,0.751,Positive
1/11/2021,Neutral,0.751,Positive
1/12/2021,Neutral,0.751,Positive
1/13/2021,Neutral,0.751,Positive
1/14/2021,Neutral,0.751,Positive
1/15/2021,Neutral,0.751,Positive
1/19/2021,Neutral,1.0,Positive
1/20/2021,Neutral,0.983,Positive
1/21/2021,Neutral,0.983,Positive
1/22/2021,Neutral,0.983,Positive
1/25/2021,Neutral,0.983,Positive
1/26/2021,Neutral,0.997,Positive
1/27/2021,Neutral,0.997,Positive
1/28/2021,Neutral,0.997,Positive
1/29/2021,Neutral,0.997,Positive
2/1/2021,Neutral,0.997,Positive
2/2/2021,Neutral,0.999,Positive
2/3/2021,Neutral,0.998,Positive
2/4/2021,Neutral,0.998,Positive
2/5/2021,Neutral,0.998,Positive
2/8/2021,Neutral,0.995,Positive
2/9/2021,Neutral,0.995,Positive
2/10/2021,Neutral,0.995,Positive
2/11/2021,Neutral,0.995,Positive
2/12/2021,Neutral,-0.3425,Negative
2/16/2021,Neutral,-0.3425,Negative
2/17/2021,Neutral,-0.3425,Negative
2/18/2021,Neutral,-0.3425,Negative
2/19/2021,Neutral,0.812,Positive
2/22/2021,Neutral,0.402,Positive
2/23/2021,Neutral,0.998,Positive
2/24/2021,Neutral,0.998,Positive
2/25/2021,Neutral,0.998,Positive
2/26/2021,Neutral,0.637,Positive
3/1/2021,Neutral,0.151,Positive
3/2/2021,Neutral,0.993,Positive
3/3/2021,Neutral,0.802,Positive
3/4/2021,Neutral,0.802,Positive
3/5/2021,Neutral,0.802,Positive
3/8/2021,Neutral,0.994,Positive
3/9/2021,Neutral,0.994,Positive
3/10/2021,Neutral,0.9944999999999999,Positive
3/11/2021,Neutral,0.9944999999999999,Positive
3/12/2021,Neutral,0.9715,Positive
3/15/2021,Neutral,0.9931666666666666,Positive
3/16/2021,Neutral,0.599,Positive
3/17/2021,Neutral,0.98,Positive
3/18/2021,Neutral,0.4985,Positive
3/19/2021,Neutral,0.9975,Positive
3/22/2021,Neutral,0.997,Positive
3/23/2021,Neutral,0.992,Positive
3/24/2021,Neutral,0.738,Positive
3/25/2021,Neutral,-0.1745,Positive
3/26/2021,Neutral,-0.1745,Positive
3/29/2021,Neutral,0.9940000000000001,Positive
3/30/2021,Neutral,0.499,Positive
3/31/2021,Neutral,0.499,Positive
4/1/2021,Neutral,0.499,Positive
4/2/2021,Neutral,0.909,Positive
4/5/2021,Neutral,0.614,Positive
4/6/2021,Neutral,0.974,Positive
4/7/2021,Neutral,0.3625,Positive
4/8/2021,Neutral,0.6333333333333333,Positive
4/9/2021,Neutral,0.9984999999999999,Positive
4/12/2021,Neutral,0.511,Positive
4/13/2021,Neutral,0.4033333333333333,Positive
4/14/2021,Neutral,0.013500000000000012,Negative
4/15/2021,Neutral,0.9963333333333333,Positive
4/16/2021,Neutral,0.9963333333333333,Positive
4/19/2021,Neutral,0.986,Positive
4/20/2021,Neutral,0.972,Positive
4/21/2021,Neutral,0.9983333333333334,Positive
4/22/2021,Neutral,0.2018571428571429,Negative
4/23/2021,Neutral,0.2018571428571429,Negative
4/26/2021,Neutral,0.99725,Positive
4/27/2021,Neutral,0.59625,Positive
4/28/2021,Neutral,0.7645,Positive
4/29/2021,Neutral,0.9913333333333334,Positive
4/30/2021,Neutral,0.998,Positive
5/3/2021,Neutral,0.9986666666666667,Positive
5/4/2021,Neutral,0.9986666666666667,Positive
5/5/2021,Neutral,0.845,Positive
5/6/2021,Neutral,0.845,Positive
5/7/2021,Neutral,0.844,Positive
5/10/2021,Neutral,0.999,Positive
5/11/2021,Neutral,-0.92,Negative
5/12/2021,Neutral,0.755,Positive
5/13/2021,Neutral,0.863,Positive
5/14/2021,Neutral,0.7856666666666666,Positive
5/17/2021,Neutral,0.998,Positive
5/18/2021,Neutral,0.719,Positive
5/19/2021,Neutral,0.719,Positive
5/20/2021,Neutral,-0.31,Negative
5/21/2021,Neutral,0.997,Positive
5/24/2021,Neutral,0.993,Positive
5/25/2021,Neutral,0.994,Positive
5/26/2021,Neutral,0.994,Positive
5/27/2021,Neutral,0.44,Positive
5/28/2021,Neutral,0.997,Positive
6/1/2021,Neutral,0.178,Positive
6/2/2021,Neutral,0.178,Positive
6/3/2021,Neutral,0.998,Positive
6/4/2021,Neutral,0.906,Positive
6/7/2021,Neutral,0.992,Positive
6/8/2021,Neutral,0.49950000000000006,Positive
6/9/2021,Neutral,0.7771111111111111,Positive
6/10/2021,Neutral,0.999,Positive
6/11/2021,Neutral,0.999,Positive
6/14/2021,Neutral,0.96075,Positive
6/15/2021,Neutral,0.778,Positive
6/16/2021,Neutral,0.9995,Positive
6/17/2021,Neutral,0.9995,Positive
6/21/2021,Neutral,0.0,Positive
6/22/2021,Neutral,0.995,Positive
6/23/2021,Neutral,0.9986666666666667,Positive
6/24/2021,Neutral,0.9986666666666667,Positive
6/25/2021,Neutral,0.542,Positive
6/28/2021,Neutral,0.436,Positive
6/29/2021,Neutral,0.9958,Positive
6/30/2021,Neutral,0.422,Positive
7/1/2021,Neutral,0.6403333333333333,Positive
7/2/2021,Neutral,0.48718181818181816,Positive
7/6/2021,Neutral,0.8518333333333334,Positive
7/7/2021,Neutral,0.9470000000000001,Positive
7/8/2021,Neutral,0.542,Positive
7/9/2021,Neutral,0.998,Positive
7/12/2021,Neutral,0.361,Positive
7/13/2021,Neutral,0.7742500000000001,Positive
7/14/2021,Neutral,0.9940000000000001,Positive
7/15/2021,Neutral,0.99,Positive
7/16/2021,Neutral,0.72475,Positive
7/19/2021,Neutral,0.46225000000000005,Positive
7/20/2021,Neutral,0.975,Positive
7/21/2021,Neutral,0.448,Positive
7/22/2021,Neutral,0.55575,Positive
7/23/2021,Neutral,0.55575,Positive
7/26/2021,Neutral,-0.557,Negative
7/27/2021,Neutral,-0.557,Negative
7/28/2021,Neutral,0.875,Positive
7/29/2021,Neutral,0.36169999999999997,Positive
7/30/2021,Neutral,0.454,Positive
8/2/2021,Neutral,0.999,Positive
8/3/2021,Neutral,0.9726666666666667,Positive
8/4/2021,Neutral,0.9565,Positive
8/5/2021,Neutral,0.9815,Positive
8/6/2021,Neutral,0.9815,Positive
8/9/2021,Neutral,0.996,Positive
8/10/2021,Neutral,0.996,Positive
8/11/2021,Neutral,0.9155,Positive
8/12/2021,Neutral,0.9155,Positive
8/13/2021,Neutral,0.8102499999999999,Positive
8/16/2021,Neutral,0.9255,Positive
8/17/2021,Neutral,0.9736666666666668,Positive
8/18/2021,Neutral,0.999,Positive
8/19/2021,Neutral,0.8019999999999999,Positive
8/20/2021,Neutral,0.87575,Positive
8/23/2021,Neutral,0.87575,Positive
8/24/2021,Neutral,0.9565,Positive
8/25/2021,Neutral,0.9565,Positive
8/26/2021,Neutral,0.95,Positive
8/27/2021,Neutral,0.8226666666666667,Positive
8/30/2021,Neutral,0.25,Positive
8/31/2021,Neutral,0.7799999999999999,Positive
9/1/2021,Neutral,-0.802,Negative
9/2/2021,Neutral,0.7805,Positive
9/3/2021,Neutral,0.506,Positive
9/7/2021,Neutral,0.748,Positive
9/8/2021,Neutral,1.0,Positive
9/9/2021,Neutral,1.0,Positive
9/10/2021,Neutral,0.659,Positive
9/13/2021,Neutral,0.9935,Positive
9/14/2021,Neutral,0.871,Positive
9/15/2021,Neutral,0.8705,Positive
9/16/2021,Neutral,0.3926666666666667,Positive
9/17/2021,Neutral,-0.768,Negative
9/20/2021,Neutral,0.82825,Positive
9/21/2021,Neutral,0.996,Positive
9/22/2021,Neutral,0.87225,Positive
9/23/2021,Neutral,0.9923333333333334,Positive
9/24/2021,Neutral,0.9923333333333334,Positive
9/27/2021,Neutral,0.521,Positive
9/28/2021,Neutral,0.9982,Positive
9/29/2021,Neutral,0.969,Positive
9/30/2021,Neutral,0.996,Positive
10/1/2021,Neutral,0.989,Positive
10/4/2021,Neutral,0.997,Positive
10/5/2021,Neutral,0.9983333333333334,Positive
10/6/2021,Neutral,0.74925,Positive
10/7/2021,Neutral,0.46900000000000003,Positive
10/8/2021,Neutral,0.688,Positive
10/12/2021,Neutral,0.9815,Positive
10/13/2021,Neutral,0.999,Positive
10/14/2021,Neutral,0.998,Positive
10/15/2021,Neutral,0.4781428571428572,Positive
10/18/2021,Neutral,0.6923333333333334,Positive
10/19/2021,Neutral,0.989,Positive
10/20/2021,Neutral,0.9944999999999999,Positive
10/21/2021,Neutral,0.7823333333333333,Positive
10/22/2021,Neutral,0.998,Positive
10/25/2021,Neutral,0.9715,Positive
10/26/2021,Neutral,0.7241,Positive
10/27/2021,Neutral,0.7241,Positive
10/28/2021,Neutral,0.8926000000000001,Positive
10/29/2021,Neutral,0.8779999999999999,Positive
11/1/2021,Neutral,0.9976666666666666,Positive
11/2/2021,Neutral,0.9966666666666667,Positive
11/3/2021,Neutral,0.995,Positive
11/4/2021,Neutral,0.9954000000000001,Positive
11/5/2021,Neutral,1.0,Positive
11/8/2021,Neutral,0.997,Positive
11/9/2021,Neutral,0.985,Positive
11/10/2021,Neutral,0.999,Positive
11/12/2021,Neutral,0.995,Positive
11/15/2021,Neutral,0.757,Positive
11/16/2021,Neutral,0.9955,Positive
11/17/2021,Neutral,0.954,Positive
11/18/2021,Neutral,0.996,Positive
11/19/2021,Neutral,0.4075,Positive
11/22/2021,Neutral,0.7599999999999999,Positive
11/23/2021,Neutral,0.998,Positive
11/24/2021,Neutral,0.999,Positive
11/26/2021,Neutral,0.9984999999999999,Positive
11/29/2021,Neutral,1.0,Positive
11/30/2021,Neutral,0.999,Positive
12/1/2021,Neutral,-0.318,Negative
12/2/2021,Neutral,0.9966666666666667,Positive
12/3/2021,Neutral,0.8674999999999999,Positive
12/6/2021,Neutral,0.67,Positive
12/7/2021,Neutral,0.7831250000000001,Positive
12/8/2021,Neutral,0.994,Positive
12/9/2021,Neutral,0.075,Positive
12/10/2021,Neutral,0.075,Positive
12/13/2021,Neutral,0.7646666666666667,Positive
12/14/2021,Neutral,0.9964999999999999,Positive
12/15/2021,Neutral,0.7305,Positive
12/16/2021,Neutral,0.6651999999999999,Positive
12/17/2021,Neutral,0.788,Positive
12/20/2021,Neutral,0.9977,Positive
12/21/2021,Neutral,0.992,Positive
12/22/2021,Neutral,0.992,Positive
12/23/2021,Neutral,0.9975,Positive
12/27/2021,Neutral,0.9975,Positive
12/28/2021,Neutral,0.9980000000000001,Positive
12/29/2021,Neutral,0.9922500000000001,Positive
12/30/2021,Neutral,0.9269999999999999,Positive
1/3/2022,Neutral,0.982,Positive
1/4/2022,Neutral,0.7746666666666666,Positive
1/5/2022,Neutral,0.94975,Positive
1/6/2022,Neutral,0.994,Positive
1/7/2022,Neutral,0.8747499999999999,Positive
1/10/2022,Neutral,0.8198571428571428,Positive
1/11/2022,Neutral,0.9923333333333333,Positive
1/12/2022,Neutral,0.9197500000000001,Positive
1/13/2022,Neutral,0.99875,Positive
1/14/2022,Neutral,0.7938571428571429,Positive
1/18/2022,Neutral,0.5776666666666667,Positive
1/19/2022,Neutral,0.919,Positive
1/20/2022,Neutral,0.7966666666666667,Positive
1/21/2022,Neutral,0.996,Positive
1/24/2022,Neutral,0.8736,Positive
1/25/2022,Neutral,0.9955,Positive
1/26/2022,Neutral,0.9783333333333332,Positive
1/27/2022,Neutral,0.04150000000000001,Positive
1/28/2022,Neutral,0.30433333333333334,Positive
1/31/2022,Neutral,0.6143333333333333,Positive
2/1/2022,Neutral,0.745,Positive
2/2/2022,Neutral,0.9802307692307692,Positive
2/3/2022,Neutral,0.999,Positive
2/4/2022,Neutral,0.636,Positive
2/7/2022,Neutral,0.8751999999999999,Positive
2/8/2022,Neutral,0.7482500000000001,Positive
2/9/2022,Neutral,0.7482500000000001,Positive
2/10/2022,Neutral,0.9955,Positive
2/11/2022,Neutral,0.9955,Positive
2/14/2022,Neutral,0.7534285714285714,Positive
2/15/2022,Neutral,0.986,Positive
2/16/2022,Neutral,0.989,Positive
2/17/2022,Neutral,0.9933333333333333,Positive
2/18/2022,Neutral,0.7097142857142857,Positive
2/22/2022,Neutral,0.996,Positive
2/23/2022,Neutral,0.987,Positive
2/24/2022,Neutral,0.9955,Positive
2/25/2022,Neutral,0.801,Positive
2/28/2022,Neutral,0.991,Positive
3/1/2022,Neutral,0.9975,Positive
3/2/2022,Neutral,0.9975,Positive
3/3/2022,Neutral,0.9753333333333333,Positive
3/4/2022,Neutral,0.993,Positive
3/7/2022,Neutral,0.9105,Positive
3/8/2022,Neutral,0.993,Positive
3/9/2022,Neutral,0.999,Positive
3/10/2022,Neutral,0.998,Positive
3/11/2022,Neutral,0.998,Positive
3/14/2022,Neutral,0.7266250000000001,Positive
3/15/2022,Neutral,0.7926666666666667,Positive
3/16/2022,Neutral,0.9536666666666666,Positive
3/17/2022,Neutral,0.988,Positive
3/18/2022,Neutral,0.988,Positive
3/21/2022,Neutral,0.992,Positive
3/22/2022,Neutral,0.999,Positive
3/23/2022,Neutral,0.999,Positive
3/24/2022,Neutral,0.8160000000000001,Positive
3/25/2022,Neutral,0.7857500000000001,Positive
3/28/2022,Neutral,0.9745000000000001,Positive
3/29/2022,Neutral,0.621,Positive
3/30/2022,Neutral,0.599,Positive
3/31/2022,Neutral,0.16666666666666666,Positive
4/1/2022,Neutral,0.6970000000000001,Positive
4/4/2022,Neutral,0.902,Positive
4/5/2022,Neutral,0.977,Positive
4/6/2022,Neutral,0.705,Positive
4/7/2022,Neutral,0.7,Positive
4/8/2022,Neutral,0.875,Positive
4/11/2022,Neutral,0.875,Positive
4/12/2022,Neutral,0.5873333333333334,Positive
4/13/2022,Neutral,0.968,Positive
4/14/2022,Neutral,0.715,Positive
4/15/2022,Neutral,0.715,Positive
4/18/2022,Neutral,0.5440952380952381,Positive
4/19/2022,Neutral,0.7886,Positive
4/20/2022,Neutral,0.989,Positive
4/21/2022,Neutral,0.9943333333333334,Positive
4/22/2022,Neutral,0.296,Positive
4/25/2022,Neutral,0.995,Positive
4/26/2022,Neutral,0.771,Positive
4/27/2022,Neutral,0.884,Positive
4/28/2022,Neutral,0.7316,Positive
4/29/2022,Neutral,0.4965,Positive
5/2/2022,Neutral,0.992,Positive
5/3/2022,Neutral,0.5666666666666668,Positive
5/4/2022,Neutral,0.9904,Positive
5/5/2022,Neutral,-0.715,Negative
5/6/2022,Neutral,0.999,Positive
5/9/2022,Neutral,0.999,Positive
5/10/2022,Neutral,0.996,Positive
5/11/2022,Neutral,0.997,Positive
5/12/2022,Neutral,0.6363333333333333,Positive
5/13/2022,Neutral,0.9249999999999999,Positive
5/16/2022,Neutral,0.996,Positive
5/17/2022,Neutral,0.9493333333333333,Positive
5/18/2022,Neutral,0.98875,Positive
5/19/2022,Neutral,0.7243333333333334,Positive
5/20/2022,Neutral,0.988,Positive
5/23/2022,Neutral,0.988,Positive
5/24/2022,Neutral,0.988,Positive
5/25/2022,Neutral,-0.382,Negative
5/26/2022,Neutral,-0.382,Negative
5/27/2022,Neutral,1.0,Positive
5/31/2022,Neutral,0.9903333333333334,Positive
6/1/2022,Neutral,0.9903333333333334,Positive
6/2/2022,Neutral,0.9923333333333334,Positive
6/3/2022,Neutral,0.9923333333333334,Positive
6/6/2022,Neutral,0.9923333333333334,Positive
6/7/2022,Neutral,0.9717499999999999,Positive
6/8/2022,Neutral,0.7365,Positive
6/9/2022,Neutral,0.92,Positive
6/10/2022,Neutral,0.92,Positive
6/13/2022,Neutral,0.48877777777777787,Positive
6/14/2022,Neutral,0.5376,Positive
6/15/2022,Neutral,0.7765,Positive
6/16/2022,Neutral,0.9916666666666667,Positive
6/17/2022,Neutral,0.052,Positive
6/21/2022,Neutral,0.5878571428571429,Positive
6/22/2022,Neutral,0.5616666666666666,Positive
6/23/2022,Neutral,0.5616666666666666,Positive
6/24/2022,Neutral,0.5616666666666666,Positive
6/27/2022,Neutral,0.7464999999999999,Positive
6/28/2022,Neutral,0.985,Positive
6/29/2022,Neutral,0.7081999999999999,Positive
6/30/2022,Neutral,0.47425,Positive
7/1/2022,Neutral,0.9555,Positive
7/5/2022,Neutral,0.9940000000000001,Positive
7/6/2022,Neutral,0.799,Positive
7/7/2022,Neutral,0.7336666666666667,Positive
7/8/2022,Neutral,0.999,Positive
7/11/2022,Neutral,0.998,Positive
7/12/2022,Neutral,0.9921666666666669,Positive
7/13/2022,Neutral,0.9525,Positive
7/14/2022,Neutral,0.926,Positive
7/15/2022,Neutral,0.9235,Positive
7/18/2022,Neutral,0.2384375,Positive
7/19/2022,Neutral,0.547,Positive
7/20/2022,Neutral,0.994,Positive
7/21/2022,Neutral,0.974,Positive
7/22/2022,Neutral,0.996,Positive
7/25/2022,Neutral,0.15899999999999997,Negative
7/26/2022,Neutral,0.908,Positive
7/27/2022,Neutral,0.7105,Positive
7/28/2022,Neutral,0.984,Positive
7/29/2022,Neutral,0.996,Positive
8/1/2022,Neutral,0.9273333333333333,Positive
8/2/2022,Neutral,0.8024999999999999,Positive
8/3/2022,Neutral,0.997,Positive
8/4/2022,Neutral,0.9975,Positive
8/5/2022,Neutral,0.36675,Positive
8/8/2022,Neutral,0.996,Positive
8/9/2022,Neutral,0.996,Positive
8/10/2022,Neutral,0.999,Positive
8/11/2022,Neutral,0.735,Positive
8/12/2022,Neutral,0.82075,Positive
8/15/2022,Neutral,0.82075,Positive
8/16/2022,Neutral,0.995,Positive
8/17/2022,Neutral,0.6986666666666667,Positive
8/18/2022,Neutral,0.9952,Positive
8/19/2022,Neutral,0.7034,Positive
8/22/2022,Neutral,0.995,Positive
8/23/2022,Neutral,0.712,Positive
8/24/2022,Neutral,0.999,Positive
8/25/2022,Neutral,0.942,Positive
8/26/2022,Neutral,1.0,Positive
8/29/2022,Neutral,0.89675,Positive
8/30/2022,Neutral,0.9979999999999999,Positive
8/31/2022,Neutral,0.6663333333333333,Positive
9/1/2022,Neutral,0.997,Positive
9/2/2022,Neutral,0.989,Positive
9/6/2022,Neutral,0.4653333333333333,Positive
9/7/2022,Neutral,0.998,Positive
9/8/2022,Neutral,0.999,Positive
9/9/2022,Neutral,0.843,Positive
9/12/2022,Neutral,0.986,Positive
9/13/2022,Neutral,0.481,Positive
9/14/2022,Neutral,0.995,Positive
9/15/2022,Neutral,0.9973333333333333,Positive
9/16/2022,Neutral,0.995,Positive
9/19/2022,Neutral,0.9966666666666667,Positive
9/20/2022,Neutral,0.9964999999999999,Positive
