﻿,Titles,Polarity,Positive,Neutral,Negative
0,"Nasdaq Announces Mid-Month Open Short Interest Positions in Nasdaq Stocks as of Settlement Date October 15, 2021",0.995,0.179,0.821,0.0
1,"Nasdaq Announces Mid-Month Open Short Interest Positions in Nasdaq Stocks as of Settlement Date October 15, 2021",0.996,0.193,0.807,0.0
2,"Delisting of Securities of Teligent, Inc. from The Nasdaq Stock Market",0.785,0.08,0.899,0.021
3,"Delisting of Securities of Teligent, Inc. from The Nasdaq Stock Market",0.785,0.078,0.901,0.02
