﻿,Titles,Polarity,Positive,Neutral,Negative
0,"Replay – Squeezes, Margin and Naked Shorts: Join Hedge Fund Veteran Charles Gradante in Fireside Chat Monday at 12PM ET",-0.898,0.029,0.904,0.068
1,"Nasdaq, Inc. -- Moody's affirms Nasdaq's Baa2 rating; revises outlook to positive",0.999,0.1,0.853,0.047
2,Nasdaq Recognized as a “Best Place to Work for LGBTQ+ Equality” for the Fourth Consecutive Year,0.996,0.137,0.863,0.0
3,Nasdaq Recognized as a “Best Place to Work for LGBTQ+ Equality” for the Fourth Consecutive Year,0.997,0.14,0.86,0.0
4,Nasdaq Fund Network Adds 555 New 529 Plan Share Classes in 2021,0.995,0.129,0.857,0.015
5,Nasdaq Fund Network Adds 555 New 529 Plan Share Classes in 2021,0.995,0.133,0.853,0.014
