﻿,Titles,Polarity,Positive,Neutral,Negative
0,"Nasdaq Announces End of Month Open Short Interest Positions in Nasdaq Stocks as of Settlement Date August 31, 2022",0.995,0.179,0.821,0.0
1,"Nasdaq Announces End of Month Open Short Interest Positions in Nasdaq Stocks as of Settlement Date August 31, 2022",0.996,0.187,0.813,0.0
2,Nasdaq Receives 'AA' ESG Rating From MSCI,0.993,0.115,0.863,0.022
3,Nasdaq CFO Ann Dennison to Present at Barclays Global Financial Services Conference,0.896,0.092,0.908,0.0
4,Nasdaq CFO Ann Dennison to Present at Barclays Global Financial Services Conference,0.896,0.09,0.91,0.0
