﻿,Titles,Polarity,Positive,Neutral,Negative
0,Nasdaq CFO Ann Dennison to Present at Raymond James 43rd Annual Institutional Investors Conference,0.896,0.102,0.898,0.0
1,Nasdaq CFO Ann Dennison to Present at Raymond James 43rd Annual Institutional Investors Conference,0.896,0.095,0.905,0.0
2,Cerberus Cyber Sentinel Corporation (Nasdaq: CISO) to Ring The Nasdaq Stock Market Opening Bell,0.987,0.121,0.86,0.018
3,Cerberus Cyber Sentinel Corporation (Nasdaq: CISO) to Ring The Nasdaq Stock Market Opening Bell,0.987,0.12,0.862,0.018
