﻿,Titles,Polarity,Positive,Neutral,Negative
0,"Replay: “SPAC to the Future” Featuring SwitchBack, Haymaker, InterPrivate, Nasdaq, Easterly, MorganFranklin, V&amp;E, Mizuho, ICR",0.999,0.11,0.882,0.008
1,"Replay: “SPAC to the Future” Featuring SwitchBack, Haymaker, InterPrivate, Nasdaq, Easterly, MorganFranklin, V&amp;E, Mizuho, ICR",0.999,0.11,0.882,0.008
2,"Nasdaq (NDAQ) Reports Mixed February Volumes, Shares Gain",0.995,0.129,0.86,0.011
3,Should You Invest in the First Trust NASDAQ Clean Edge Smart Grid Infrastructure ETF (GRID)?,0.996,0.131,0.84,0.029
