﻿,Titles,Polarity,Positive,Neutral,Negative
0,UPDATE 1-Nasdaq profit tops estimates on robust demand for software products,0.705,0.062,0.896,0.042
1,"Nasdaq (NDAQ) Beats on Q1 Earnings, Tweaks Expense View",0.997,0.118,0.873,0.01
2,Nasdaq (NDAQ) Surpasses Q1 Earnings Estimates,0.995,0.094,0.896,0.01
3,Nasdaq sets 3-for-1 stock split; adj. profit beats target,0.93,0.174,0.826,0.0
4,Nasdaq profit tops estimates on robust demand for investment products,0.807,0.076,0.877,0.047
5,"Nasdaq Announces 11% Increase in Quarterly Dividend, Seeks Approvals to Execute 3-For-1 Stock Split",0.997,0.093,0.891,0.016
6,"Nasdaq Announces 11% Increase in Quarterly Dividend, Seeks Approvals to Execute 3-For-1 Stock Split",0.997,0.094,0.891,0.016
7,Nasdaq profit tops estimates on robust demand for investment products,0.807,0.076,0.878,0.046
8,Nasdaq Reports First Quarter 2022 Results; Delivers Strong Growth in Solutions Segments Revenue,1.0,0.115,0.857,0.028
9,Nasdaq Reports First Quarter 2022 Results; Delivers Strong Growth in Solutions Segments Revenue,1.0,0.116,0.857,0.027
10,"Netflix, Baker Hughes Fall Premarket; IBM, Procter &amp; Gamble Rise",0.827,0.1,0.822,0.078
