﻿,Titles,Polarity,Positive,Neutral,Negative
0,"Nasdaq Announces End-of-Month Open Short Interest Positions in Nasdaq Stocks as of Settlement Date November 30, 2021",0.995,0.179,0.821,0.0
1,"Nasdaq Announces End-of-Month Open Short Interest Positions in Nasdaq Stocks as of Settlement Date November 30, 2021",0.996,0.193,0.807,0.0
2,"Where Do Hedge Funds Stand On Waste Connections, Inc. (WCN)?",0.997,0.108,0.857,0.035
3,Banxa Submits Application for NASDAQ Capital Market Uplist,0.993,0.108,0.857,0.036
4,"Hedge Funds Have Never Been This Bullish On Affirm Holdings, Inc. (AFRM)",0.997,0.094,0.897,0.009
