﻿,Titles,Polarity,Positive,Neutral,Negative
0,"Nasdaq Announces Mid-Month Open Short Interest Positions in Nasdaq Stocks as of Settlement Date August 13, 2021",0.996,0.193,0.807,0.0
1,"Nasdaq Announces Mid-Month Open Short Interest Positions in Nasdaq Stocks as of Settlement Date August 13, 2021",0.994,0.174,0.826,0.0
2,Crownstrike Soars Two Days Ahead of Inclusion in Nasdaq-100,0.883,0.065,0.928,0.007
3,Diversify Your Portfolio While Beating the Market With This Company,0.572,0.198,0.802,0.0
4,"CrowdStrike Holdings, Inc. to Join the NASDAQ-100 Index Beginning August 26, 2021",0.952,0.071,0.929,0.0
5,"CrowdStrike Holdings, Inc. to Join the NASDAQ-100 Index Beginning August 26, 2021",0.952,0.071,0.929,0.0
