﻿,Titles,Polarity,Positive,Neutral,Negative
0,Why Peloton Stock Flopped on Friday,0.422,0.087,0.874,0.038
1,AMC Stock: What Investors Are Saying About AMC Entertainment as Shares Dip Today,0.985,0.087,0.877,0.036
2,"Goodbye, PTON Stock! What to Know About the Nasdaq-100 News Sending Peloton Stumbling.",0.99,0.092,0.863,0.045
3,U.S. Inflation Stands Tall: 4 Sector ETFs to Win,0.998,0.135,0.865,0.0
4,"Bionomics Limited (Nasdaq: BNOX, ASX: BNO) to Ring the Nasdaq Stock Market Closing Bell on Friday January 14, 2022",0.59,0.09,0.829,0.081
5,"Old Dominion Freight Line, Inc. to Join the NASDAQ-100 Index Beginning January 24, 2022",0.952,0.069,0.931,0.0
6,"Old Dominion Freight Line, Inc. to Join the NASDAQ-100 Index Beginning January 24, 2022",0.952,0.068,0.932,0.0
