﻿,Titles,Polarity,Positive,Neutral,Negative
0,"Nasdaq Announces End-of-Month Open Short Interest Positions in Nasdaq Stocks as of Settlement Date March 31, 2022",0.996,0.187,0.813,0.0
1,"Nasdaq Announces End-of-Month Open Short Interest Positions in Nasdaq Stocks as of Settlement Date March 31, 2022",0.995,0.179,0.821,0.0
2,"Spot Crypto ETF in Demand by Majority of Financial Advisors, Finds New Nasdaq Survey",0.997,0.126,0.856,0.018
3,"Spot Crypto ETF in Demand by Majority of Financial Advisors, Finds New Nasdaq Survey",0.997,0.125,0.857,0.018
