﻿,Titles,Polarity,Positive,Neutral,Negative
0,"Was The Smart Money Right About Affirm Holdings, Inc. (AFRM)?",0.999,0.136,0.832,0.032
1,Cboe Global (CBOE) Q4 Earnings Beat on Higher Trading Volume,0.997,0.105,0.89,0.005
2,2 Reasons Nasdaq Is My Top Dividend Growth Stock to Own in 2022,0.765,0.098,0.902,0.0
3,"Constellation Energy Corp. Joined the NASDAQ-100 Index on February 2, 2022",0.979,0.103,0.897,0.0
4,"Constellation Energy Corp. Joined the NASDAQ-100 Index on February 2, 2022",0.979,0.102,0.898,0.0
