﻿,Titles,Polarity,Positive,Neutral,Negative
0,"Nasdaq, Inc. Announces $475 Million Accelerated Stock Repurchase Program",0.987,0.105,0.868,0.027
1,"Nasdaq, Inc. Announces $475 Million Accelerated Stock Repurchase Program",0.987,0.104,0.869,0.027
2,"Replay: SPACtivism and M&amp;A with Vinson &amp; Elkins, Nasdaq, Gallagher, Stifel, Morrow Sodali, ICR",0.998,0.116,0.875,0.01
3,"Replay: SPACtivism and M&amp;A with Vinson &amp; Elkins, Nasdaq, Gallagher, Stifel, Morrow Sodali, ICR",0.998,0.116,0.875,0.01
4,"Nasdaq, inc (NDAQ) Q2 2021 Earnings Call Transcript",0.71,0.141,0.859,0.0
5,"UPDATE 1-Nasdaq profit tops Wall St. view, helped by robust trading",0.986,0.116,0.867,0.017
6,Nasdaq Sees Up to $1.5 Billion of Revenue From Trading Platform,0.99,0.111,0.886,0.003
7,Nasdaq (NDAQ) Surpasses Q2 Earnings &amp; Revenue Estimates,0.996,0.121,0.866,0.013
8,Nasdaq (NDAQ) Tops Q2 Earnings and Revenue Estimates,0.995,0.11,0.884,0.006
9,Nasdaq beats profit estimates on trading strength,0.969,0.11,0.878,0.012
10,Nasdaq beats profit estimates on trading strength,0.969,0.11,0.878,0.012
11,Nasdaq beats profit estimates on trading strength,0.969,0.109,0.879,0.012
12,Nasdaq Announces Quarterly Dividend of $0.54 Per Share,0.973,0.098,0.865,0.038
13,Nasdaq Reports Second Quarter 2021 Results; Delivers 21% Increase in Revenue Compared to Prior Year,1.0,0.12,0.856,0.025
14,"Netflix Falls Premarket; Coca-Cola, Verizon and Chipotle Rise",0.989,0.14,0.813,0.048
