﻿,Titles,Polarity,Positive,Neutral,Negative
0,Nasdaq to eclipse NYSE in record year for IPOs,0.869,0.041,0.959,0.0
1,Cboe Global (CBOE) November Volume Increases Year Over Year,0.998,0.156,0.837,0.007
2,Nasdaq Survey Uncovers Portfolio Managers’ Top Data Infrastructure Challenges,0.989,0.073,0.903,0.024
3,Nasdaq Survey Uncovers Portfolio Managers’ Top Data Infrastructure Challenges,0.987,0.067,0.905,0.028
4,Should You Invest in the First Trust NASDAQ Clean Edge Smart Grid Infrastructure ETF (GRID)?,0.998,0.151,0.822,0.027
