﻿,Titles,Polarity,Positive,Neutral,Negative
0,"Nasdaq Announces Mid-Month Open Short Interest Positions in Nasdaq Stocks as of Settlement Date June 15, 2022",0.995,0.179,0.821,0.0
1,"Nasdaq Announces Mid-Month Open Short Interest Positions in Nasdaq Stocks as of Settlement Date June 15, 2022",0.996,0.187,0.813,0.0
2,ICR President Don Duffy on Upcoming SPAC Expirations and Liquidations at 2022 IPO Edge Spring Forum,0.928,0.092,0.908,0.0
3,Nasdaq Global Head of SPACs Eklavya Saraf Discusses Creative and Unique Transaction Types at 2022 IPO Edge Spring Forum,0.898,0.072,0.928,0.0
4,Cowen Capital Markets Managing Director Chris Weekes on Reduced SPAC Transaction Volume at 2022 IPO Edge Spring Forum – Video,0.892,0.068,0.932,0.0
5,Gallagher SPAC Segment National Director John Marchisi on Readiness From Announcement Through Transaction at 2022 IPO Edge Spring Forum – Video,0.888,0.066,0.934,0.0
6,Vinson &amp; Elkins Mergers &amp; Acquisitions Partner Ramey Layne on Need for Differentiated Rules for SPACs vs. IPOs at 2022 IPO Edge Spring Forum – Video,0.905,0.078,0.913,0.008
