﻿,Titles,Polarity,Positive,Neutral,Negative
0,"Nasdaq, Inc. Announces $325 Million Accelerated Stock Repurchase Program",0.976,0.093,0.876,0.03
1,"Nasdaq, Inc. Announces $325 Million Accelerated Stock Repurchase Program",0.976,0.093,0.877,0.03
2,"Nasdaq Announces Mid-Month Open Short Interest Positions in Nasdaq Stocks as of Settlement Date January 14, 2022",0.995,0.179,0.821,0.0
3,"Nasdaq Announces Mid-Month Open Short Interest Positions in Nasdaq Stocks as of Settlement Date January 14, 2022",0.996,0.193,0.807,0.0
4,"Squeezes, Margin and Naked Shorts: Join Hedge Fund Veteran Charles Gradante in Fireside Chat Monday at 12PM ET",-0.856,0.033,0.905,0.062
5,Nasdaq Beats Analyst Estimates With Revenue Up 12% to Record,0.979,0.104,0.852,0.044
6,Nasdaq's (NDAQ) Q4 Earnings and Revenues Surpass Estimates,0.998,0.117,0.868,0.014
7,Nasdaq (NDAQ) Beats Q4 Earnings and Revenue Estimates,0.995,0.097,0.896,0.008
8,The total return for Nasdaq (NASDAQ:NDAQ) investors has risen faster than earnings growth over the last five years,0.999,0.182,0.802,0.017
9,Nasdaq Named to 2022 Bloomberg Gender-Equality Index,0.996,0.157,0.83,0.013
10,Nasdaq Named to 2022 Bloomberg Gender-Equality Index,0.997,0.147,0.842,0.011
11,Nasdaq Announces Quarterly Dividend of $0.54 Per Share,0.973,0.098,0.864,0.038
12,Nasdaq Announces Quarterly Dividend of $0.54 Per Share,0.973,0.097,0.865,0.038
13,Nasdaq Reports Fourth Quarter and Full Year 2021 Results; Delivers Strong Growth in Revenue and EPS,1.0,0.119,0.847,0.034
14,Nasdaq Reports Fourth Quarter and Full Year 2021 Results; Delivers Strong Growth in Revenue and EPS,1.0,0.119,0.848,0.033
15,"Fed Day, Stocks Rebound, Earnings and Bank of Canada - What's Moving Markets",-0.983,0.036,0.897,0.067
