﻿,Titles,Polarity,Positive,Neutral,Negative
0,"With EPS Growth And More, Nasdaq (NASDAQ:NDAQ) Is Interesting",0.999,0.196,0.767,0.037
1,"Replay – IPO Edge Going-Public Boot Camp with Nasdaq, Gallagher, Vinson &amp; Elkins, Stifel, ICR, GTS, Morrow Sodali",0.765,0.048,0.926,0.025
2,"Nasdaq Appoints Oliver Albers Executive Vice President, Head of Investment Intelligence",0.994,0.13,0.855,0.014
3,"Nasdaq Appoints Oliver Albers Executive Vice President, Head of Investment Intelligence",0.994,0.13,0.856,0.014
