﻿,Titles,Polarity,Positive,Neutral,Negative
0,"Fintech Spotlight: Nasdaq Democratizes Information, Fuels On-Demand Finance Trend",0.996,0.107,0.884,0.01
1,Nasdaq Inc (NDAQ) Q1 2021 Earnings Call Transcript,0.71,0.141,0.859,0.0
2,Nasdaq tops quarterly profit views on trading surge,0.983,0.112,0.878,0.01
3,Nasdaq tops quarterly profit views on trading surge,0.983,0.112,0.878,0.01
4,UPDATE 1-Nasdaq tops quarterly profit views on trading surge,0.983,0.109,0.881,0.01
5,"Nasdaq (NDAQ) Beats on Q1 Earnings &amp; Revenues, Ups Dividend",0.998,0.139,0.848,0.013
6,Nasdaq (NDAQ) Surpasses Q1 Earnings and Revenue Estimates,0.995,0.107,0.887,0.006
7,Nasdaq Announces 10% Increase in Quarterly Dividend to $0.54 per Share,0.973,0.097,0.865,0.038
8,Nasdaq Announces 10% Increase in Quarterly Dividend to $0.54 per Share,0.973,0.098,0.865,0.038
9,Exchange operator Nasdaq beats profit estimates on trading boost,0.974,0.105,0.879,0.016
10,Nasdaq Reports First Quarter 2021 Results; Delivers 21% Increase in Revenue Compared to Prior Year,1.0,0.123,0.843,0.034
11,Nasdaq Reports First Quarter 2021 Results; Delivers 21% Increase in Revenue Compared to Prior Year,1.0,0.119,0.846,0.035
