﻿,Titles,Polarity,Positive,Neutral,Negative
0,"Volatile Markets Create Demand for Modernized Platforms and Digital Models for Market Infrastructure Operators, According to Nasdaq and Celent Survey",0.96,0.068,0.902,0.029
1,"Volatile Markets Create Demand for Modernized Platforms and Digital Models for Market Infrastructure Operators, According to Nasdaq and Celent Survey",0.965,0.069,0.903,0.028
2,Nasdaq Acquires Emerging Carbon Removal Market Puro.earth,0.993,0.096,0.886,0.018
3,Nasdaq Acquires Emerging Carbon Removal Market Puro.earth,0.993,0.096,0.886,0.018
