﻿,Titles,Polarity,Positive,Neutral,Negative
0,New NYSE president: Iconic trading floor is not going away,0.988,0.07,0.926,0.004
1,Nasdaq Announces Retirement of Market Technology EVP Lars Ottersgård; Appoints New Leadership to Anti-Financial Crime and Market Infrastructure Technology Businesses,0.967,0.074,0.884,0.042
2,Nasdaq Announces Retirement of Market Technology EVP Lars Ottersgård; Appoints New Leadership to Anti-Financial Crime and Market Infrastructure Technology Businesses,0.963,0.072,0.886,0.042
3,What The Rock's arms and the S&amp;P 500 all have in common: Morning Brief,0.999,0.105,0.854,0.041
