﻿,Titles,Polarity,Positive,Neutral,Negative
0,"Nasdaq Announces End-of-Month Open Short Interest Positions in Nasdaq Stocks as of Settlement Date December 31, 2021",0.995,0.179,0.821,0.0
1,"Nasdaq Announces End-of-Month Open Short Interest Positions in Nasdaq Stocks as of Settlement Date December 31, 2021",0.996,0.193,0.807,0.0
2,"Nasdaq's (NDAQ) Q4 Volumes Solid, December Volumes Mixed",0.997,0.145,0.849,0.006
3,Nasdaq Partners with TRIBE Freedom Foundation to Support Survivors of Financial Crime,0.997,0.194,0.716,0.09
4,Nasdaq Partners with TRIBE Freedom Foundation to Support Survivors of Financial Crime,0.997,0.193,0.718,0.09
