﻿,Titles,Polarity,Positive,Neutral,Negative
0,Is Occidental Petroleum Corporation (OXY) A Good Stock To Buy?,0.997,0.089,0.896,0.014
1,Is Occidental Petroleum Corporation (OXY) A Good Stock To Buy?,0.997,0.089,0.896,0.014
2,"Replay: “SPAC to the Future 2” with Gallagher, Stifel, Nasdaq, ICR, MorganFranklin, V&amp;E Featuring Hennessy, Bespoke, SOAC",0.998,0.104,0.876,0.02
3,"Replay: “SPAC to the Future 2” with Gallagher, Stifel, Nasdaq, ICR, MorganFranklin, V&amp;E Featuring Hennessy, Bespoke, SOAC",0.998,0.104,0.876,0.02
4,Hedge Funds Have Never Been This Bullish On Maxim Integrated Products Inc. (MXIM),0.997,0.09,0.896,0.014
5,Hedge Funds Have Never Been This Bullish On Maxim Integrated Products Inc. (MXIM),0.997,0.09,0.896,0.014
6,Nasdaq Announces Results from 2021 Annual Meeting of Shareholders,0.95,0.068,0.932,0.0
7,Nasdaq Announces Results from 2021 Annual Meeting of Shareholders,0.942,0.064,0.93,0.006
8,Nasdaq Announces Results from 2021 Annual Meeting of Shareholders,0.942,0.064,0.93,0.006
9,Big Companies Boost Share of Black and Latino Directors,0.527,0.132,0.868,0.0
10,Big Companies Boost Share of Black and Latino Directors,0.527,0.132,0.868,0.0
