﻿,Titles,Polarity,Positive,Neutral,Negative
0,"Nasdaq Announces Mid-Month Open Short Interest Positions in Nasdaq Stocks as of Settlement Date February 15, 2022",0.995,0.179,0.821,0.0
1,"Nasdaq Announces Mid-Month Open Short Interest Positions in Nasdaq Stocks as of Settlement Date February 15, 2022",0.996,0.187,0.813,0.0
2,Nasdaq (NDAQ) Down 1.2% Since Last Earnings Report: Can It Rebound?,0.997,0.115,0.86,0.026
3,Coinbase Global (COIN) Q4 Earnings &amp; Revenues Lag Estimates,0.995,0.086,0.899,0.015
