﻿,Titles,Polarity,Positive,Neutral,Negative
0,Hedge Funds Are Warming Up To Nokia Corporation (NOK),0.994,0.071,0.923,0.006
1,"Nasdaq, inc (NDAQ) Q3 2021 Earnings Call Transcript",0.71,0.141,0.859,0.0
2,"Nasdaq (NDAQ) Beats on Q3 Earnings, Tightens Expense View",0.995,0.115,0.864,0.021
3,Nasdaq Q3 Results Surpass Street’s Expectations,0.994,0.162,0.828,0.011
4,Nasdaq (NDAQ) Q3 Earnings and Revenues Beat Estimates,0.995,0.107,0.887,0.006
5,Nasdaq profit beats on robust demand for investment products,0.984,0.153,0.822,0.025
6,Nasdaq Announces Quarterly Dividend Of $0.54 Per Share,0.973,0.098,0.865,0.038
7,Nasdaq Announces Quarterly Dividend Of $0.54 Per Share,0.973,0.097,0.865,0.038
8,Nasdaq profit beats on robust demand for investment products,0.984,0.152,0.824,0.024
9,Nasdaq Reports Third Quarter 2021 Results; Delivers 17% Increase in Revenue Compared to Prior Year,1.0,0.118,0.85,0.031
10,Nasdaq Reports Third Quarter 2021 Results; Delivers 17% Increase in Revenue Compared to Prior Year,1.0,0.119,0.85,0.031
11,Dividends Make These Two Exchanges Lifelong Holds,0.823,0.122,0.878,0.0
