﻿,Titles,Polarity,Positive,Neutral,Negative
0,"Nasdaq Announces End-of-Month Open Short Interest Positions in Nasdaq Stocks as of Settlement Date May 28, 2021",0.996,0.193,0.807,0.0
1,"Nasdaq Announces End-of-Month Open Short Interest Positions in Nasdaq Stocks as of Settlement Date May 28, 2021",0.995,0.174,0.826,0.0
2,"Nasdaq Announces End-of-Month Open Short Interest Positions in Nasdaq Stocks as of Settlement Date May 28, 2021",0.996,0.193,0.807,0.0
3,"Gallagher, Nasdaq, ICR, MorganFranklin, V&amp;E Host “SPAC to the Future 2” June 16 Featuring Hennessy Capital",0.997,0.096,0.885,0.018
4,Should You Invest in the First Trust NASDAQ Clean Edge Smart Grid Infrastructure ETF (GRID)?,0.997,0.133,0.84,0.028
5,Should You Invest in the First Trust NASDAQ Clean Edge Smart Grid Infrastructure ETF (GRID)?,0.997,0.132,0.84,0.027
