﻿,Titles,Polarity,Positive,Neutral,Negative
0,Nasdaq’s Quandl and Marex Announce Exclusive Data Partnerships - Release Daily Commodities Speculative Positioning,0.997,0.097,0.895,0.008
1,Nasdaq’s Quandl and Marex Announce Exclusive Data Partnerships - Release Daily Commodities Speculative Positioning,0.997,0.097,0.895,0.008
2,Nasdaq and broker Marex team up to sell commodities data,0.892,0.073,0.889,0.037
3,Nasdaq and broker Marex team up to sell commodities data,0.892,0.073,0.889,0.037
4,Nasdaq Launches ESG Data Hub to Offer Investors Expert-led Sustainability Data,0.996,0.134,0.859,0.007
5,Nasdaq Launches ESG Data Hub to Offer Investors Expert-led Sustainability Data,0.996,0.131,0.863,0.007
6,Nasdaq Launches ESG Data Hub to Offer Investors Expert-led Sustainability Data,0.996,0.131,0.863,0.007
