﻿,Titles,Polarity,Positive,Neutral,Negative
0,18th Consecutive Nasdaq Closing Cross Sets Record for Number of Shares Traded During 2021 Russell US Indexes Reconstitution,0.988,0.091,0.894,0.015
1,18th Consecutive Nasdaq Closing Cross Sets Record for Number of Shares Traded During 2021 Russell US Indexes Reconstitution,0.988,0.09,0.895,0.015
2,18th Consecutive Nasdaq Closing Cross Sets Record for Number of Shares Traded During 2021 Russell US Indexes Reconstitution,0.988,0.09,0.895,0.015
3,Nasdaq Completes Sale of U.S. Fixed Income Business to Tradeweb Markets,0.951,0.078,0.874,0.048
4,Nasdaq Completes Sale of U.S. Fixed Income Business to Tradeweb Markets,0.951,0.077,0.875,0.048
5,Nasdaq Completes Sale of U.S. Fixed Income Business to Tradeweb Markets,0.951,0.077,0.875,0.048
6,Nasdaq (NDAQ) to Boost Market Technology With Digital Asset,0.998,0.159,0.834,0.007
7,Nasdaq (NDAQ) to Boost Market Technology With Digital Asset,0.998,0.159,0.834,0.007
