﻿,Titles,Polarity,Positive,Neutral,Negative
0,"Nasdaq Announces Mid-Month Open Short Interest Positions in Nasdaq Stocks as of Settlement Date June 15, 2021",0.996,0.193,0.807,0.0
1,"Nasdaq Announces Mid-Month Open Short Interest Positions in Nasdaq Stocks as of Settlement Date June 15, 2021",0.995,0.179,0.821,0.0
2,"Nasdaq Announces Mid-Month Open Short Interest Positions in Nasdaq Stocks as of Settlement Date June 15, 2021",0.996,0.193,0.807,0.0
3,DraftKings’ Sloan Files Spinoff SPAC as Nasdaq Seeks Rule Change,0.983,0.075,0.917,0.008
4,DraftKings’ Sloan Files Spinoff SPAC as Nasdaq Seeks Rule Change,0.983,0.075,0.917,0.008
5,Digital Asset partners with Nasdaq to bring Daml to the Nasdaq Marketplace Services Platform,0.998,0.163,0.828,0.01
6,Digital Asset partners with Nasdaq to bring Daml to the Nasdaq Marketplace Services Platform,0.997,0.159,0.83,0.01
7,Digital Asset partners with Nasdaq to bring Daml to the Nasdaq Marketplace Services Platform,0.998,0.163,0.828,0.01
