﻿,Titles,Polarity,Positive,Neutral,Negative
0,Nasdaq Updates Trading Halt Status in Yandex N.V.,0.656,0.043,0.957,0
1,Nasdaq Updates Trading Halt Status in Nexters Inc. / Nexters Inc. Warrants,0.656,0.04,0.96,0
2,Nasdaq Updates Trading Halt Status in Nexters Inc. / Nexters Inc. Warrants,0.656,0.04,0.96,0
3,Nasdaq Updates Trading Halt Status in Yandex N.V.,0.656,0.042,0.958,0
4,Nasdaq Updates Trading Halt Status in HeadHunter Group plc ADS,0.656,0.042,0.958,0
5,Nasdaq Updates Trading Halt Status in Ozon Holdings plc ADS,0.656,0.042,0.958,0
6,Nasdaq Updates Trading Halt Status in QIWI plc ADS,0.656,0.042,0.958,0
7,Nasdaq Updates Trading Halt Status in Ozon Holdings plc ADS,0.656,0.041,0.959,0
8,Nasdaq Updates Trading Halt Status in HeadHunter Group plc ADS,0.656,0.041,0.959,0
9,Nasdaq Updates Trading Halt Status in QIWI plc ADS,0.656,0.042,0.958,0
