﻿,Titles,Polarity,Positive,Neutral,Negative
0,UPDATE 1-U.S. markets regulator approves Nasdaq proposal to require corporate board diversity,0.477,0.032,0.949,0.019
1,Nasdaq Wins SEC Support for Plan to Diversify Company Boards,0.998,0.124,0.837,0.04
2,Nasdaq Rule May Open Up Hundreds of New Diverse Board Slots,0.922,0.064,0.904,0.032
3,U.S. markets regulator approves Nasdaq proposal to require corporate board diversity,0.7,0.053,0.947,0.0
4,Statement from Nasdaq on SEC’s Approval of Board Diversity Disclosure Listing Rule,0.983,0.182,0.818,0.0
5,Statement from Nasdaq on SEC’s Approval of Board Diversity Disclosure Listing Rule,0.992,0.193,0.807,0.0
6,Nasdaq Reports Strong Earnings Growth as Indexing Increases,0.794,0.126,0.874,0.0
