﻿,Titles,Polarity,Positive,Neutral,Negative
0,"Nasdaq Announces End-of-Month Open Short Interest Positions in Nasdaq Stocks as of Settlement Date October 29, 2021",0.995,0.179,0.821,0.0
1,"Nasdaq Announces End-of-Month Open Short Interest Positions in Nasdaq Stocks as of Settlement Date October 29, 2021",0.996,0.193,0.807,0.0
2,"Nasdaq Private Fund Manager Diversity, Equity and Inclusion Data Will be Free to Investors on February 16, 2022",0.998,0.137,0.855,0.007
3,"Nasdaq Private Fund Manager Diversity, Equity and Inclusion Data Will be Free to Investors on February 16, 2022",0.998,0.137,0.855,0.007
