﻿,Titles,Polarity,Positive,Neutral,Negative
0,"Should I Avoid Nasdaq, Inc. (NDAQ)?",0.998,0.103,0.885,0.012
1,UPDATE 1-Nasdaq partners with major banks to spin out trading platform for pre-IPO stocks,-0.44,0.0,0.982,0.018
2,Nasdaq Inc. Shares Rise on Plan to Spin Out Private Market,0.572,0.207,0.793,0.0
3,Nasdaq partners with major banks to spin out trading platform for pre-IPO stocks,-0.44,0.0,0.982,0.018
4,"Nasdaq Teams With Citi, Other Banks on Private-Stock Marketplace",0.965,0.111,0.876,0.012
5,Nasdaq to spin out marketplace for shares of private companies with group of banks: WSJ,0.852,0.128,0.872,0.0
6,"Nasdaq, SVB, Citi, Goldman Sachs, and Morgan Stanley Launch New Platform for Trading Private Company Stock",0.999,0.119,0.868,0.012
7,"Nasdaq, SVB, Citi, Goldman Sachs, and Morgan Stanley Launch New Platform for Trading Private Company Stock",0.999,0.122,0.866,0.013
8,"IBM, Apple and Halliburton Rise Premarket; PPG Falls",0.962,0.117,0.827,0.056
