﻿,Titles,Polarity,Positive,Neutral,Negative
0,Nasdaq Announces the Board of Directors of Its U.S. Exchanges,0.927,0.066,0.934,0.0
1,Nasdaq Announces the Board of Directors of Its U.S. Exchanges,0.914,0.063,0.929,0.008
2,Nasdaq Announces the Board of Directors of Its U.S. Exchanges,0.914,0.063,0.929,0.008
3,Nasdaq Welcomed 395 IPOs and 14 Exchange Transfers in the First Half of 2021,0.996,0.125,0.873,0.003
4,Nasdaq Welcomed 395 IPOs and 14 Exchange Transfers in the First Half of 2021,0.996,0.123,0.874,0.003
5,Nasdaq Welcomed 395 IPOs and 14 Exchange Transfers in the First Half of 2021,0.996,0.123,0.874,0.003
