﻿,Titles,Polarity,Positive,Neutral,Negative
0,WSFS Financial Corporation (Nasdaq: WSFS) to Ring The Nasdaq Stock Market Opening Bell,0.994,0.136,0.864,0.0
1,WSFS Financial Corporation (Nasdaq: WSFS) to Ring The Nasdaq Stock Market Opening Bell,0.994,0.133,0.867,0.0
2,Bitcoin 2022 Exclusive: Tapping Traditional Finance Expertise For Crypto Innovation,0.999,0.129,0.86,0.011
3,"Zacks Industry Outlook Highlights Intercontinental Exchange, CME Group, Cboe Global Markets, Nasdaq and MarketAxess",1.0,0.141,0.843,0.016
