﻿,Titles,Polarity,Positive,Neutral,Negative
0,Cambridge biotech Abcam to abandon London listing for Nasdaq,-0.459,0.033,0.888,0.079
1,MarketAxess' (MKTX) Q2 Earnings Beat on Higher Trading Volumes,0.999,0.154,0.835,0.011
2,"Nasdaq (NDAQ) Beats on Q2 Earnings, Tightens Expense View",0.997,0.117,0.874,0.009
3,UPDATE 1-Nasdaq earnings surge past Wall Street expectations,0.957,0.093,0.889,0.018
4,Nasdaq (NDAQ) Q2 Earnings and Revenues Surpass Estimates,0.995,0.098,0.894,0.008
5,Nasdaq earnings surge past Wall Street expectations,0.957,0.094,0.887,0.018
6,Nasdaq Announces 3-For-1 Stock Split and Quarterly Dividend of $0.20 Per Share,0.989,0.105,0.87,0.025
7,Nasdaq Announces 3-For-1 Stock Split and Quarterly Dividend of $0.20 Per Share,0.989,0.104,0.872,0.025
8,Nasdaq profit drops 10% as expenses rise,0.889,0.071,0.898,0.031
9,Nasdaq Reports Second Quarter 2022 Results; Continues Strong Growth in Solutions Segments Revenue,1.0,0.109,0.859,0.032
10,Nasdaq Reports Second Quarter 2022 Results; Continues Strong Growth in Solutions Segments Revenue,1.0,0.113,0.855,0.032
