﻿,Titles,Polarity,Positive,Neutral,Negative
0,Nasdaq bets big on digital assets despite crypto turmoil,-0.912,0.029,0.882,0.089
1,ESG Insights for IROs,1.0,0.146,0.836,0.019
2,Nasdaq names Gemini executive to head up new digital assets unit,0.599,0.079,0.921,0.0
3,Nasdaq Establishes New Digital Assets Business,0.998,0.199,0.745,0.055
4,Nasdaq Establishes New Digital Assets Business,0.998,0.199,0.746,0.055
5,Nasdaq Makes First Big Crypto Push to Lure Institutional Clients,0.971,0.098,0.847,0.055
