﻿,Highest Category,Polarity,PosOrNeg
1/4/2021,Neutral,0.997,Positive
1/5/2021,Neutral,0.997,Positive
1/6/2021,Neutral,0.98,Positive
1/7/2021,Neutral,0.98,Positive
1/8/2021,Neutral,0.98,Positive
1/11/2021,Neutral,0.98,Positive
1/12/2021,Neutral,0.983,Positive
1/13/2021,Neutral,0.9786666666666667,Positive
1/14/2021,Neutral,0.656,Positive
1/15/2021,Neutral,0.318,Positive
1/19/2021,Neutral,0.318,Positive
1/20/2021,Neutral,0.318,Positive
1/21/2021,Neutral,0.318,Positive
1/22/2021,Neutral,0.993,Positive
1/25/2021,Neutral,0.993,Positive
1/26/2021,Neutral,0.993,Positive
1/27/2021,Neutral,0.9940000000000001,Positive
1/28/2021,Neutral,0.9940000000000001,Positive
1/29/2021,Neutral,0.996,Positive
2/1/2021,Neutral,-0.318,Positive
2/2/2021,Neutral,0.9784999999999999,Positive
2/3/2021,Neutral,0.9784999999999999,Positive
2/4/2021,Neutral,0.9430000000000001,Positive
2/5/2021,Neutral,0.994,Positive
2/8/2021,Neutral,0.8436666666666667,Positive
2/9/2021,Neutral,0.995,Positive
2/10/2021,Neutral,0.49650000000000005,Positive
2/11/2021,Neutral,0.998,Positive
2/12/2021,Neutral,0.785,Positive
2/16/2021,Neutral,0.785,Positive
2/17/2021,Neutral,0.785,Positive
2/18/2021,Neutral,0.99,Positive
2/19/2021,Neutral,0.99,Positive
2/22/2021,Neutral,0.989,Positive
2/23/2021,Neutral,0.904,Positive
2/24/2021,Neutral,0.9955,Positive
2/25/2021,Neutral,0.9955,Positive
2/26/2021,Neutral,0.9955,Positive
3/1/2021,Neutral,0.999,Positive
3/2/2021,Neutral,0.999,Positive
3/3/2021,Neutral,0.96,Positive
3/4/2021,Neutral,0.99725,Positive
3/5/2021,Neutral,0.99725,Positive
3/8/2021,Neutral,0.9864999999999999,Positive
3/9/2021,Neutral,0.9953333333333334,Positive
3/10/2021,Neutral,0.998,Positive
3/11/2021,Neutral,0.998,Positive
3/12/2021,Neutral,0.999,Positive
3/15/2021,Neutral,0.999,Positive
3/16/2021,Neutral,0.964,Positive
3/17/2021,Neutral,0.997,Positive
3/18/2021,Neutral,0.914,Positive
3/19/2021,Neutral,0.914,Positive
3/22/2021,Neutral,0.999,Positive
3/23/2021,Neutral,0.999,Positive
3/24/2021,Neutral,0.9955,Positive
3/25/2021,Neutral,0.9955,Positive
3/26/2021,Neutral,0.994,Positive
3/29/2021,Neutral,0.994,Positive
3/30/2021,Neutral,0.994,Positive
3/31/2021,Neutral,0.994,Positive
4/1/2021,Neutral,0.994,Positive
4/2/2021,Neutral,0.994,Positive
4/5/2021,Neutral,0.994,Positive
4/6/2021,Neutral,0.994,Positive
4/7/2021,Neutral,0.998,Positive
4/8/2021,Neutral,0.963,Positive
4/9/2021,Neutral,0.963,Positive
4/12/2021,Neutral,0.872,Positive
4/13/2021,Neutral,0.872,Positive
4/14/2021,Neutral,0.993,Positive
4/15/2021,Neutral,0.993,Positive
4/16/2021,Neutral,0.993,Positive
4/19/2021,Neutral,0.998,Positive
4/20/2021,Neutral,0.998,Positive
4/21/2021,Neutral,0.964,Positive
4/22/2021,Neutral,0.9844999999999999,Positive
4/23/2021,Neutral,0.91,Positive
4/26/2021,Neutral,0.9966666666666667,Positive
4/27/2021,Neutral,0.9966666666666667,Positive
4/28/2021,Neutral,0.9966666666666667,Positive
4/29/2021,Neutral,0.9966666666666667,Positive
4/30/2021,Neutral,0.9966666666666667,Positive
5/3/2021,Neutral,0.9966666666666667,Positive
5/4/2021,Neutral,0.96,Positive
5/5/2021,Neutral,0.999,Positive
5/6/2021,Neutral,0.2095,Positive
5/7/2021,Neutral,0.9893333333333333,Positive
5/10/2021,Neutral,0.998,Positive
5/11/2021,Neutral,0.9955,Positive
5/12/2021,Neutral,0.9955,Positive
5/13/2021,Neutral,0.9955,Positive
5/14/2021,Neutral,0.9390000000000001,Positive
5/17/2021,Neutral,0.974,Positive
5/18/2021,Neutral,0.974,Positive
5/19/2021,Neutral,0.974,Positive
5/20/2021,Neutral,0.974,Positive
5/21/2021,Neutral,0.44275,Positive
5/24/2021,Neutral,0.44275,Positive
5/25/2021,Neutral,0.9774999999999999,Positive
5/26/2021,Neutral,0.898,Positive
5/27/2021,Neutral,0.997,Positive
5/28/2021,Neutral,0.997,Positive
6/1/2021,Neutral,0.9777499999999999,Positive
6/2/2021,Neutral,0.9726666666666667,Positive
6/3/2021,Neutral,0.983,Positive
6/4/2021,Neutral,0.997,Positive
6/7/2021,Neutral,0.996,Positive
6/8/2021,Neutral,0.995,Positive
6/9/2021,Neutral,0.9963333333333333,Positive
6/10/2021,Neutral,0.9986666666666667,Positive
6/11/2021,Neutral,0.998,Positive
6/14/2021,Neutral,0.998,Positive
6/15/2021,Neutral,0.998,Positive
6/16/2021,Neutral,0.8974545454545453,Positive
6/17/2021,Neutral,0.8974545454545453,Positive
6/21/2021,Neutral,0.999,Positive
6/22/2021,Neutral,-0.144,Negative
6/23/2021,Neutral,-0.144,Negative
6/24/2021,Neutral,0.99325,Positive
6/25/2021,Neutral,0.976625,Positive
6/28/2021,Neutral,0.9571666666666667,Positive
6/29/2021,Neutral,0.9665714285714285,Positive
6/30/2021,Neutral,0.9665714285714285,Positive
7/1/2021,Neutral,0.9665714285714285,Positive
7/2/2021,Neutral,0.9665714285714285,Positive
7/6/2021,Neutral,0.9665714285714285,Positive
7/7/2021,Neutral,0.9665714285714285,Positive
7/8/2021,Neutral,0.9665714285714285,Positive
7/9/2021,Neutral,0.9665714285714285,Positive
7/12/2021,Neutral,0.97925,Positive
7/13/2021,Neutral,0.997,Positive
7/14/2021,Neutral,0.9983333333333334,Positive
7/15/2021,Neutral,0.952,Positive
7/16/2021,Neutral,0.9983333333333334,Positive
7/19/2021,Neutral,0.999,Positive
7/20/2021,Neutral,0.6074444444444445,Positive
7/21/2021,Neutral,0.9677333333333332,Positive
7/22/2021,Neutral,0.9677333333333332,Positive
7/23/2021,Neutral,0.9677333333333332,Positive
7/26/2021,Neutral,0.9953333333333334,Positive
7/27/2021,Neutral,0.968,Positive
7/28/2021,Neutral,0.998,Positive
7/29/2021,Neutral,0.999,Positive
7/30/2021,Neutral,0.999,Positive
8/2/2021,Neutral,0.985,Positive
8/3/2021,Neutral,0.61875,Positive
8/4/2021,Neutral,0.61875,Positive
8/5/2021,Neutral,0.61875,Positive
8/6/2021,Neutral,0.838,Positive
8/9/2021,Neutral,0.9792500000000001,Positive
8/10/2021,Neutral,0.9955,Positive
8/11/2021,Neutral,0.9955,Positive
8/12/2021,Neutral,0.9955,Positive
8/13/2021,Neutral,0.9955,Positive
8/16/2021,Neutral,0.9955,Positive
8/17/2021,Neutral,0.9955,Positive
8/18/2021,Neutral,0.8465,Positive
8/19/2021,Neutral,0.987,Positive
8/20/2021,Neutral,0.997,Positive
8/23/2021,Neutral,0.997,Positive
8/24/2021,Neutral,0.8915000000000001,Positive
8/25/2021,Neutral,0.656,Positive
8/26/2021,Neutral,0.656,Positive
8/27/2021,Neutral,0.0,Positive
8/30/2021,Neutral,0.0,Positive
8/31/2021,Neutral,0.0,Positive
9/1/2021,Neutral,0.999,Positive
9/2/2021,Neutral,0.96,Positive
9/3/2021,Neutral,0.995,Positive
9/7/2021,Neutral,0.999,Positive
9/8/2021,Neutral,0.997,Positive
9/9/2021,Neutral,0.646,Positive
9/10/2021,Neutral,0.997,Positive
9/13/2021,Neutral,0.997,Positive
9/14/2021,Neutral,0.9860000000000001,Positive
9/15/2021,Neutral,0.914,Positive
9/16/2021,Neutral,0.586,Positive
9/17/2021,Neutral,0.586,Positive
9/20/2021,Neutral,0.586,Positive
9/21/2021,Neutral,0.975,Positive
9/22/2021,Neutral,0.975,Positive
9/23/2021,Neutral,0.975,Positive
9/24/2021,Neutral,0.9955,Positive
9/27/2021,Neutral,0.9955,Positive
9/28/2021,Neutral,0.9955,Positive
9/29/2021,Neutral,0.9625,Positive
9/30/2021,Neutral,0.994,Positive
10/1/2021,Neutral,0.994,Positive
10/4/2021,Neutral,0.997,Positive
10/5/2021,Neutral,0.997,Positive
10/6/2021,Neutral,0.998,Positive
10/7/2021,Neutral,0.98,Positive
10/8/2021,Neutral,0.9,Positive
10/12/2021,Neutral,0.999,Positive
10/13/2021,Neutral,0.998,Positive
10/14/2021,Neutral,0.998,Positive
10/15/2021,Neutral,0.998,Positive
10/18/2021,Neutral,0.99,Positive
10/19/2021,Neutral,0.999,Positive
10/20/2021,Neutral,0.9520833333333334,Positive
10/21/2021,Neutral,0.9520833333333334,Positive
10/22/2021,Neutral,0.9520833333333334,Positive
10/25/2021,Neutral,0.998,Positive
10/26/2021,Neutral,0.8902500000000001,Positive
10/27/2021,Neutral,0.6305000000000001,Positive
10/28/2021,Neutral,0.6305000000000001,Positive
10/29/2021,Neutral,0.6305000000000001,Positive
11/1/2021,Neutral,0.6305000000000001,Positive
11/2/2021,Neutral,0.6305000000000001,Positive
11/3/2021,Neutral,0.96,Positive
11/4/2021,Neutral,-0.153,Negative
11/5/2021,Neutral,-0.153,Negative
11/8/2021,Neutral,0.999,Positive
11/9/2021,Neutral,0.99675,Positive
11/10/2021,Neutral,0.993,Positive
11/12/2021,Neutral,0.95625,Positive
11/15/2021,Neutral,0.998,Positive
11/16/2021,Neutral,0.999,Positive
11/17/2021,Neutral,0.961,Positive
11/18/2021,Neutral,0.991,Positive
11/19/2021,Neutral,0.4975,Positive
11/22/2021,Neutral,0.971,Positive
11/23/2021,Neutral,0.971,Positive
11/24/2021,Neutral,0.9955,Positive
11/26/2021,Neutral,0.9955,Positive
11/29/2021,Neutral,0.998,Positive
11/30/2021,Neutral,0.9782500000000001,Positive
12/1/2021,Neutral,0.9782500000000001,Positive
12/2/2021,Neutral,0.7433333333333333,Positive
12/3/2021,Neutral,0.997,Positive
12/6/2021,Neutral,0.9682000000000001,Positive
12/7/2021,Neutral,0.9970000000000001,Positive
12/8/2021,Neutral,0.997,Positive
12/9/2021,Neutral,0.9955999999999999,Positive
12/10/2021,Neutral,0.9955999999999999,Positive
12/13/2021,Neutral,0.999,Positive
12/14/2021,Neutral,0.9946666666666667,Positive
12/15/2021,Neutral,0.9726666666666667,Positive
12/16/2021,Neutral,0.9726666666666667,Positive
12/17/2021,Neutral,0.997,Positive
12/20/2021,Neutral,1.0,Positive
12/21/2021,Neutral,1.0,Positive
12/22/2021,Neutral,1.0,Positive
12/23/2021,Neutral,0.999,Positive
12/27/2021,Neutral,0.9955,Positive
12/28/2021,Neutral,0.9955,Positive
12/29/2021,Neutral,0.9955,Positive
12/30/2021,Neutral,0.959,Positive
1/3/2022,Neutral,0.917,Positive
1/4/2022,Neutral,0.914,Positive
1/5/2022,Neutral,0.7869999999999999,Positive
1/6/2022,Neutral,0.8460000000000001,Positive
1/7/2022,Neutral,0.998,Positive
1/10/2022,Neutral,0.963,Positive
1/11/2022,Neutral,0.9964000000000001,Positive
1/12/2022,Neutral,0.996,Positive
1/13/2022,Neutral,0.996,Positive
1/14/2022,Neutral,0.8412857142857143,Positive
1/18/2022,Neutral,0.968,Positive
1/19/2022,Neutral,0.998,Positive
1/20/2022,Neutral,0.9984999999999999,Positive
1/21/2022,Neutral,0.999,Positive
1/24/2022,Neutral,0.586,Positive
1/25/2022,Neutral,0.586,Positive
1/26/2022,Neutral,0.750875,Positive
1/27/2022,Neutral,0.9924999999999999,Positive
1/28/2022,Neutral,0.996,Positive
1/31/2022,Neutral,0.6806666666666666,Positive
2/1/2022,Neutral,0.6806666666666666,Positive
2/2/2022,Neutral,0.5275,Positive
2/3/2022,Neutral,0.9977499999999999,Positive
2/4/2022,Neutral,0.9438000000000001,Positive
2/7/2022,Neutral,0.997,Positive
2/8/2022,Neutral,0.945,Positive
2/9/2022,Neutral,0.9963333333333333,Positive
2/10/2022,Neutral,0.952,Positive
2/11/2022,Neutral,0.997,Positive
2/14/2022,Neutral,0.9792500000000001,Positive
2/15/2022,Neutral,0.997,Positive
2/16/2022,Neutral,0.997,Positive
2/17/2022,Neutral,0.997,Positive
2/18/2022,Neutral,0.997,Positive
2/22/2022,Neutral,0.999,Positive
2/23/2022,Neutral,0.9415,Positive
2/24/2022,Neutral,0.995,Positive
2/25/2022,Neutral,0.99575,Positive
2/28/2022,Neutral,0.8205,Positive
3/1/2022,Neutral,0.8205,Positive
3/2/2022,Neutral,0.974,Positive
3/3/2022,Neutral,0.98,Positive
3/4/2022,Neutral,0.98,Positive
3/7/2022,Neutral,0.6559999999999999,Positive
3/8/2022,Neutral,0.991,Positive
3/9/2022,Neutral,0.9955,Positive
3/10/2022,Neutral,0.9955,Positive
3/11/2022,Neutral,0.883,Positive
3/14/2022,Neutral,0.883,Positive
3/15/2022,Neutral,0.883,Positive
3/16/2022,Neutral,0.883,Positive
3/17/2022,Neutral,0.914,Positive
3/18/2022,Neutral,0.914,Positive
3/21/2022,Neutral,0.9940000000000001,Positive
3/22/2022,Neutral,0.765,Positive
3/23/2022,Neutral,0.765,Positive
3/24/2022,Neutral,0.99625,Positive
3/25/2022,Neutral,0.99625,Positive
3/28/2022,Neutral,0.99625,Positive
3/29/2022,Neutral,0.938,Positive
3/30/2022,Neutral,0.938,Positive
3/31/2022,Neutral,0.949,Positive
4/1/2022,Neutral,0.999,Positive
4/4/2022,Neutral,-0.532,Negative
4/5/2022,Neutral,0.936,Positive
4/6/2022,Neutral,0.936,Positive
4/7/2022,Neutral,0.963,Positive
4/8/2022,Neutral,0.963,Positive
4/11/2022,Neutral,0.99625,Positive
4/12/2022,Neutral,0.998,Positive
4/13/2022,Neutral,0.988,Positive
4/14/2022,Neutral,0.994,Positive
4/15/2022,Neutral,0.994,Positive
4/18/2022,Neutral,0.9975,Positive
4/19/2022,Neutral,0.9975,Positive
4/20/2022,Neutral,0.9147272727272727,Positive
4/21/2022,Neutral,0.9995,Positive
4/22/2022,Neutral,0.99675,Positive
4/25/2022,Neutral,0.99675,Positive
4/26/2022,Neutral,0.9803333333333333,Positive
4/27/2022,Neutral,0.995,Positive
4/28/2022,Neutral,0.98875,Positive
4/29/2022,Neutral,0.98875,Positive
5/2/2022,Neutral,0.622,Positive
5/3/2022,Neutral,0.96,Positive
5/4/2022,Neutral,0.971,Positive
5/5/2022,Neutral,0.996,Positive
5/6/2022,Neutral,0.996,Positive
5/9/2022,Neutral,0.998,Positive
5/10/2022,Neutral,0.9955,Positive
5/11/2022,Neutral,0.9955,Positive
5/12/2022,Neutral,0.8473333333333333,Positive
5/13/2022,Neutral,0.6375,Positive
5/16/2022,Neutral,0.993,Positive
5/17/2022,Neutral,0.889,Positive
5/18/2022,Neutral,0.889,Positive
5/19/2022,Neutral,0.889,Positive
5/20/2022,Neutral,0.995,Positive
5/23/2022,Neutral,0.995,Positive
5/24/2022,Neutral,0.9955,Positive
5/25/2022,Neutral,0.76575,Positive
5/26/2022,Neutral,0.76575,Positive
5/27/2022,Neutral,0.76575,Positive
5/31/2022,Neutral,0.76575,Positive
6/1/2022,Neutral,0.76575,Positive
6/2/2022,Neutral,0.9790000000000001,Positive
6/3/2022,Neutral,0.996,Positive
6/6/2022,Neutral,0.996,Positive
6/7/2022,Neutral,-0.765,Negative
6/8/2022,Neutral,-0.765,Negative
6/9/2022,Neutral,0.9955,Positive
6/10/2022,Neutral,0.9955,Positive
6/13/2022,Neutral,0.996,Positive
6/14/2022,Neutral,0.996,Positive
6/15/2022,Neutral,-0.608,Negative
6/16/2022,Neutral,0.946,Positive
6/17/2022,Neutral,0.914,Positive
6/21/2022,Neutral,0.321,Positive
6/22/2022,Neutral,0.9704999999999999,Positive
6/23/2022,Neutral,0.9704999999999999,Positive
6/24/2022,Neutral,0.9893333333333333,Positive
6/27/2022,Neutral,0.9288571428571429,Positive
6/28/2022,Neutral,0.9288571428571429,Positive
6/29/2022,Neutral,0.9975,Positive
6/30/2022,Neutral,0.9975,Positive
7/1/2022,Neutral,0.997,Positive
7/5/2022,Neutral,0.8440000000000001,Positive
7/6/2022,Neutral,0.8440000000000001,Positive
7/7/2022,Neutral,0.993,Positive
7/8/2022,Neutral,0.993,Positive
7/11/2022,Neutral,0.963,Positive
7/12/2022,Neutral,0.9955,Positive
7/13/2022,Neutral,0.998,Positive
7/14/2022,Neutral,0.998,Positive
7/15/2022,Neutral,0.998,Positive
7/18/2022,Neutral,0.926,Positive
7/19/2022,Neutral,0.926,Positive
7/20/2022,Neutral,0.8466363636363635,Positive
7/21/2022,Neutral,0.98,Positive
7/22/2022,Neutral,0.98,Positive
7/25/2022,Neutral,0.996,Positive
7/26/2022,Neutral,0.9955,Positive
7/27/2022,Neutral,0.8585,Positive
7/28/2022,Neutral,0.8585,Positive
7/29/2022,Neutral,0.8585,Positive
8/1/2022,Neutral,0.8585,Positive
8/2/2022,Neutral,0.859,Positive
8/3/2022,Neutral,0.28900000000000003,Positive
8/4/2022,Neutral,0.7693333333333333,Positive
8/5/2022,Neutral,0.7693333333333333,Positive
8/8/2022,Neutral,0.7693333333333333,Positive
8/9/2022,Neutral,0.945,Positive
8/10/2022,Neutral,0.945,Positive
8/11/2022,Neutral,0.945,Positive
8/12/2022,Neutral,0.973,Positive
8/15/2022,Neutral,0.998,Positive
8/16/2022,Neutral,0.318,Positive
8/17/2022,Neutral,0.318,Positive
8/18/2022,Neutral,0.318,Positive
8/19/2022,Neutral,0.997,Positive
8/22/2022,Neutral,0.997,Positive
8/23/2022,Neutral,0.998,Positive
8/24/2022,Neutral,0.9955,Positive
8/25/2022,Neutral,0.7120000000000001,Positive
8/26/2022,Neutral,0.318,Positive
8/29/2022,Neutral,-0.718,Negative
8/30/2022,Neutral,-0.718,Negative
8/31/2022,Neutral,-0.718,Negative
9/1/2022,Neutral,-0.718,Negative
9/2/2022,Neutral,-0.718,Negative
9/6/2022,Neutral,0.96,Positive
9/7/2022,Neutral,0.96,Positive
9/8/2022,Neutral,0.96,Positive
9/9/2022,Neutral,0.96,Positive
9/12/2022,Neutral,0.9551999999999999,Positive
9/13/2022,Neutral,0.026,Positive
9/14/2022,Neutral,0.993,Positive
9/15/2022,Neutral,0.993,Positive
9/16/2022,Neutral,0.993,Positive
9/19/2022,Neutral,0.993,Positive
9/20/2022,Neutral,0.609,Positive
