﻿,Titles,Polarity,Positive,Neutral,Negative
0,Apple is seeking entrepreneurs of color for its green technology accelerator program,0.402,0.088,0.912,0.0
1,"Asian Stocks Down, China COVID Lockdowns, and Fed’s Hawkish Stance Dampen Mood",-0.911,0.051,0.878,0.071
2,10 Stocks Getting Crushed on Tuesday,-0.926,0.043,0.892,0.065
3,"Alphabet Revenue Misses Estimates on YouTube, Europe Ads",0.93,0.08,0.85,0.069
4,Microsoft ‘has pretty good guidance going forward’ compared to other tech stocks: Analyst,1.0,0.119,0.864,0.017
5,Apple says it’s not benefiting from privacy changes that burned Facebook,0.666,0.054,0.903,0.042
6,Apple denies claims it benefits from iOS privacy changes,-0.052,0.129,0.73,0.14
7,"Down 45% From Its Highs, This Is a Great Time to Buy Nvidia Stock",0.99,0.092,0.89,0.018
8,Apple Slows Hiring of Genius Employees at Some Retail Stores,-0.929,0.044,0.886,0.07
9,Dow Futures Move Higher Amid Big Tech Earnings,0.758,0.068,0.875,0.057
10,"Tesla, Facebook, Netflix, and Amazon stocks are all wildly overvalued, value investor says",0.855,0.091,0.86,0.049
11,Is Alphabet (GOOGL) a Buy Heading Into Q1?,0.999,0.132,0.851,0.017
12,Tech Giants Duped Into Giving Up Data Used to Sexually Extort Minors,-1.0,0.077,0.736,0.187
13,Apple and the Rest of Big Tech Look More Like ‘Value Stocks.’ It Just Doesn’t Matter Much Right Now.,0.416,0.111,0.814,0.075
14,10 NASDAQ-100 Stocks that Pay Dividends,1.0,0.123,0.856,0.021
15,"Stock Market Today: Dow in Bloodbath as Earnings Disappoint, Tech Tanks",-0.98,0.071,0.81,0.119
16,Apple (AAPL) to Report Q2 Earnings: What's in the Offing?,0.999,0.135,0.853,0.012
17,10 Stocks to Buy Under $20 According to Cliff Asness’ AQR Capital,0.998,0.07,0.921,0.009
18,5 Most Important Earnings Charts This Week,0.997,0.162,0.82,0.018
19,Why Apple Stock Could Crush the Market This Earnings Season,0.77,0.109,0.87,0.021
20,"S&amp;P 500 Slides on Tech Rout Ahead of Google, Microsoft Earnings",-0.95,0.079,0.803,0.117
21,"Tech stocks ‘seeing the bursting of a bubble,’ researcher says",-0.743,0.0,0.799,0.201
22,Big Tech: FAAMG companies made $321 billion in profit in 2021,0.34,0.059,0.908,0.032
23,SNAP Stock Could Drop in a Recession Even if it Makes Positive FCF,0.964,0.084,0.864,0.052
24,"Twitter takeover: ‘Musk’s timing was genius,’ analyst says",0.0,0.0,1.0,0.0
25,Alphabet Losing $215 Billion in Market Value This Month,0.989,0.108,0.836,0.056
26,Is it a Great Time to Add On to Your Meta (FB) Position?,0.918,0.071,0.897,0.031
27,Earnings Preview: Can Apple Combat Supply Chain Shortages and Deliver Sales Growth?,-0.402,0.037,0.855,0.108
28,10 Stocks to Buy Now According to James Katz’s Humankind Investments,0.999,0.082,0.9,0.018
29,Meta Takes Metaverse to Brick-and-Mortar Retail Store,0.0,0.0,1.0,0.0
30,Better Tech Dividend Stock: Broadcom or Cisco?,0.178,0.025,0.975,0.0
31,Alphabet Takes the Cake for Best FAANG Stock Today,0.296,0.14,0.75,0.11
32,Why Meta’s first hardware showroom looks like a fancy T-Mobile store,0.542,0.176,0.824,0.0
33,Meta Platforms Stock Before Earnings: Buy or Sell?,-0.612,0.067,0.849,0.084
34,3 Top Growth Stocks About to Report Earnings,0.687,0.148,0.781,0.071
35,The Future of Activision Blizzard Stock With Microsoft in the Picture,0.077,0.081,0.841,0.077
36,3 Top Stocks to Buy During a Sell-Off,-0.262,0.0,0.947,0.053
37,China COVID-19 lockdowns drag on Coca-Cola earnings: 'Momentum reversed',0.945,0.064,0.901,0.035
38,Could Meta Platforms Stock Help You Retire a Millionaire?,0.599,0.069,0.931,0.0
39,Alphabet Losing $215 Billion in Market Value This Month,0.989,0.106,0.839,0.055
40,U.S. Stocks Open Lower Ahead of Big Tech Earnings Reports,-0.966,0.024,0.885,0.09
41,India Woos Intel and TSMC to Set Up Local Semiconductor Plants,0.945,0.081,0.863,0.056
42,China’s No. 2 Phone Maker Seeks New Funding Ahead of 2022 IPO,0.896,0.1,0.821,0.079
43,Why Berkshire Hathaway Stock is a Must-Have for Any Diversified Portfolio,0.991,0.106,0.835,0.059
44,Yen Freefall Has Fewer Benefits for Japan Inc. As Economy Shifts,-0.561,0.103,0.797,0.1
