﻿,Titles,Polarity,Positive,Neutral,Negative
0,"Microsoft to allow Epic Games, Amazon storefronts on its app store",-0.02,0.041,0.928,0.03
1,Why High-Growth Tech Stocks Are Falling Today,-0.178,0.111,0.751,0.138
2,Epic Games is coming to Microsoft’s online app store,0.511,0.147,0.853,0.0
3,"Tech sector leads selloff, Amazon launches home robot, Ford doubles down on EV",0.0,0.0,1.0,0.0
4,Peloton Extends Drop as Amazon Launches Rival Fitness Service,0.217,0.08,0.852,0.068
5,Why Apple Shares Are Falling,0.511,0.066,0.885,0.048
6,"New Features in Keynote, Pages, and Numbers Enhance Remote Presentations and Working with Documents on the Go",0.999,0.127,0.869,0.005
7,Early Facebook Investor Says These 3 FAANG Names Will Outperform Because Of Next-Gen Tech,0.978,0.102,0.893,0.005
8,Microsoft Allows Epic Games on Its App Store Without Fee,0.478,0.082,0.853,0.065
9,Amazon Announces Smart Thermostat in Partnership With Honeywell,-0.796,0.047,0.888,0.065
10,Alphabet (GOOGL) Google Launches Wear OS Health Services App,0.999,0.171,0.824,0.005
11,NXP's (NXPI) Trimension UWB Solution Powers Xiaomi MIX4,0.998,0.185,0.815,0.0
12,2 Top 5G Stocks to Buy Right Now,0.735,0.089,0.893,0.017
13,Will a Market Correction Make Apple Stock a Buy?,0.45,0.235,0.635,0.131
14,"Treasury Yields Hit Highest Level Since June, Weighing On Tech Sector In Particular",0.998,0.119,0.804,0.077
15,9 Stocks Better than Apple (AAPL) According to Hedge Funds,1.0,0.11,0.865,0.025
16,10 Best International Stocks in 2021,0.999,0.109,0.856,0.034
17,Options Trading Hits Record Highs,0.477,0.193,0.807,0.0
18,"Facebook, Wells Fargo Fall Premarket; Ford, Chevron Rise",0.983,0.117,0.869,0.014
19,"Tech Stocks Roundup: Cramer on Salesforce, Amazon, Facebook, Zoom",0.511,0.185,0.815,0.0
20,Laurene Powell Jobs to invest $3.5 billion in climate-action group,-0.625,0.0,0.889,0.111
21,Apple spent $450M to buy 5 older buildings near its old Infinite Loop headquarters,0.0,0.0,1.0,0.0
22,Power cuts in China may worsen global shortages of goods,-0.572,0.053,0.777,0.17
