﻿,Titles,Polarity,Positive,Neutral,Negative
0,Apple store unions could jeopardize its 'caring' reputation,0.997,0.102,0.864,0.034
1,ISS supports Apple shareholder proposal on forced labor,-0.821,0.043,0.884,0.073
2,Ford’s CEO Is Exploring Ways to Separate Its EV Business to Unlock Tesla-Like Value,0.998,0.112,0.853,0.035
3,Frances Haugen takes us inside Meta HQ,0.997,0.175,0.797,0.028
4,"Apple is more responsible than Meta, says whistleblower Frances Haugen",-0.858,0.047,0.886,0.067
5,3 Stocks That Could Be Worth More Than Apple by 2035,-0.09,0.0,0.968,0.032
6,Frances Haugen explains why Apple is more responsible than Meta,0.0,0.0,1.0,0.0
7,"Russia-Ukraine Tension Continues; Meta Down 40% YTD; Nvidia, Tesla Continue to Drop",0.0,0.136,0.682,0.182
8,EPAM Systems' (EPAM) Q4 Earnings and Revenue Beat Estimates,0.998,0.109,0.882,0.009
9,Tim Cook got a 500% pay raise last year. Now Apple store employees are considering unionization,0.948,0.101,0.871,0.028
10,Market check: Stocks mixed at open as volatility spikes,0.0,0.0,1.0,0.0
11,"Iridium (IRDM) Q4 Earnings Meet Estimates, Revenues Up Y/Y",0.998,0.13,0.855,0.015
12,Apple store employees look to unionize in 2 locations,0.0,0.0,1.0,0.0
13,The Best Bargains in Megacap Tech Now,0.402,0.119,0.881,0.0
14,Is The Trade Desk Stock a Buy Now?,0.511,0.089,0.911,0.0
15,U.S. Apple store workers looking to unionize - Washington Post,0.563,0.051,0.949,0.0
16,Forget Apple and Google. Meta Has Another Existential Threat on the Horizon.,-0.511,0.0,0.798,0.202
17,5 Dividend Growth Stocks to Buy Amid Market Volatility,1.0,0.195,0.795,0.01
18,Roku stock crashes and one analyst warns it's now 'dead money',0.772,0.088,0.847,0.065
19,"Once Again, Microsoft Stock Is the Easiest Stock to Recommend",0.98,0.09,0.863,0.048
20,How predictive text took over the internet,-0.318,0.0,0.881,0.119
21,Dow Jones Futures Rise On U.S.-Russia Meeting After Market Rally Flashes Bearish Signal,-0.718,0.0,0.739,0.261
22,Intel Sees Sales Picking Up in Coming Years as It Makes Comeback,0.991,0.085,0.89,0.026
