﻿,Titles,Polarity,Positive,Neutral,Negative
0,Dow Jones Closes At Break-Even After Paring Earlier Gains; These Travel Stocks Break Out,0.34,0.094,0.906,0.0
1,"Game makers rely on Unity Software, which is a reason you should consider owning its shares",0.0,0.0,1.0,0.0
2,"Apple in Talks to Buy Self-Driving Sensors, Key Step in Car Plan",0.907,0.045,0.933,0.022
3,Apple Stock Still Isn't No. 1 In One Big Way,-0.485,0.049,0.826,0.126
4,The Best 5G Stocks? There Could Be A Boatload Soon When Business Adopts It,0.0,0.0,1.0,0.0
5,Energous Shares Skyrocket on Apple Battery Rumors,0.296,0.128,0.872,0.0
6,"Apple Looks To Make iPads in India This Year, In A Shift Away From China: Report",-0.929,0.046,0.88,0.075
7,Universal Electronics Inc (UEIC) Q4 2020 Earnings Call Transcript,0.863,0.144,0.856,0.0
