﻿,Titles,Polarity,Positive,Neutral,Negative
0,Apple CEO Tim Cook’s $99 million pay package is under attack as advisory firm urges shareholders to vote against it,0.99,0.16,0.806,0.034
1,Dow Jones Futures: Stock Market Is Minefield As Biden Sees 'Very High' Russia Risk; Roku Sells Off On Sales Miss,-0.335,0.0,0.889,0.111
2,"Apple iPhone Upgrade Plans Increasing, Survey Shows",0.422,0.167,0.833,0.0
3,10 Best Index Funds to Invest In 2022,0.999,0.091,0.883,0.026
4,"AAPL, TSLA, FB, PLTR: Why Are Stocks Crashing Today?",-0.899,0.071,0.839,0.089
5,BofA Analyst Is Bullish On Apple - See Why,0.91,0.087,0.88,0.033
6,"Apple is 'ungodly well-managed,' Berkshire's Charlie Munger says",0.992,0.108,0.884,0.008
7,"Google to Purge Its Privacy Settings From Facebook, Others",0.844,0.126,0.874,0.0
8,7 Stocks To Buy at the Bottom After the Market Rout,0.999,0.09,0.898,0.013
9,All You Need to Know About Apple (AAPL) Rating Upgrade to Strong Buy,0.997,0.126,0.864,0.01
10,2 Hot Growth Stocks to Buy and Hold,0.965,0.257,0.743,0.0
11,UPDATE 1-Two U.S. Big Tech antitrust bills backed by publisher trade group,0.296,0.055,0.907,0.038
12,"Today's Market: Amazon &amp; Visa Strike Deal, Google Updates Privacy Terms, Housing Cools",-0.782,0.05,0.817,0.133
13,10 Best Stocks to Buy According to Warren Buffett,0.999,0.124,0.835,0.041
14,This Top Computer and Technology Stock is a #1 (Strong Buy): Why It Should Be on Your Radar,0.993,0.184,0.804,0.012
15,Synopsys' (SNPS) Q1 Earnings and Revenues Beat Estimates,0.997,0.102,0.89,0.008
16,"Tyler's (TYL) Q4 Earnings &amp; Revenues Beat Estimates, Up Y/Y",0.998,0.115,0.876,0.009
17,Best Growth Stocks to Buy for February 17th,0.988,0.104,0.896,0.0
18,Theragun opens an L.A. mega-wellness store as Apple tweak sends more e-tailers to malls,0.999,0.113,0.838,0.049
19,3 Dow Stocks To Avoid,0.988,0.11,0.815,0.075
20,Shopify CEO Joins Coinbase Board. Will His Move Legitimize Crypto?,-0.103,0.091,0.811,0.098
21,2 Top Bargain Stocks Ready for a Bull Run,0.439,0.169,0.753,0.077
22,New Strong Buy Stocks for February 17th,0.98,0.078,0.922,0.0
23,The Fed Minutes Boosted Stocks. Why That Doesn’t Add Up.,0.727,0.213,0.787,0.0
24,"After an Explosive Q4, What Could Possibly Stop Apple?",-0.494,0.032,0.895,0.073
25,Nvidia Stock Is a Strong “Sell” Following the Arm Deal Collapse,0.989,0.084,0.879,0.036
26,Influencers with Andy Serwer: Frances Haugen,-0.402,0.0,0.938,0.062
27,Frances Haugen: I believe in crypto,0.993,0.102,0.871,0.027
28,How a Saudi woman's iPhone revealed hacking around the world,-0.984,0.046,0.884,0.07
29,INSIGHT-How a Saudi woman's iPhone revealed hacking around the world,-0.984,0.046,0.885,0.069
30,Apple Shareholders Are Urged to Vote Against CEO Tim Cook’s Pay Package,0.71,0.205,0.749,0.046
31,"The Zacks Analyst Blog Highlights: Apple Inc., Tesla Inc. , Advanced Micro Devices Inc., Texas Instruments Inc. and ON Semiconductor Corp",1.0,0.141,0.845,0.014
32,"The Zacks Analyst Blog Highlights: Apple Inc., The Walt Disney Company, Broadcom Inc., American Express Co. and Becton, Dickinson and Co",0.999,0.136,0.847,0.017
33,‘Zero-Click’ Hacks Are Growing in Popularity. There’s Practically No Way to Stop Them,-0.994,0.053,0.869,0.077
34,Google to Limit Personal Information Shared on Android,0.47,0.122,0.878,0.0
35,Apple defeats copyright lawsuit over racially diverse emoji,-0.262,0.061,0.871,0.068
