﻿,Titles,Polarity,Positive,Neutral,Negative
0,7 Reasons Why Taiwan Semi (TSM) Is Taking Flight,0.987,0.129,0.847,0.024
1,Apple Hires New HomePod Software Head as It Takes on Amazon Echo,0.974,0.092,0.874,0.033
2,"New bills aim at Apple, Google and Facebook as U.S. attempts to catch up to Europe’s Big Tech push",0.0,0.0,1.0,0.0
3,Features &amp; benefits of the Apple Watch Series 7 ,0.997,0.101,0.866,0.033
4,"US Senate's Latest Antitrust Bill Targets Amazon, Apple, Google: CNBC",0.964,0.117,0.856,0.027
5,Tech Support: Is the Apple Watch Series 7 worth it?,0.996,0.092,0.883,0.024
6,Why Apple Shares Are Rising,0.807,0.089,0.864,0.047
7,"S&amp;P 500 in Rally as Bank Earnings Delight, Bulls Dip Into Chips",0.957,0.061,0.928,0.011
8,Apple Part Shortages Lead One Analyst to Chop 2022 Profit Estimates,0.459,0.22,0.69,0.091
9,"Microsoft Shuts LinkedIn in China, Citing ‘Challenging’ Climate",0.946,0.101,0.854,0.045
10,"S&amp;P 500 Gains Amid Chip-Led Rally, Bullish Bank Earnings",0.772,0.056,0.923,0.021
11,Apple's rumored AirPods would be just its latest attempt to make you healthier,0.976,0.076,0.899,0.025
12,10 Best Jim Cramer Stocks To Buy Today,1.0,0.148,0.834,0.018
13,"Company News for Oct 14, 2021",0.985,0.192,0.788,0.02
14,Nvidia's Pending Arm Acquisition: What Investors Need to Know,0.542,0.06,0.94,0.0
15,10 Best Tech Stocks to Buy Under $10,0.998,0.093,0.869,0.038
16,Earnings Estimates For Technology Stocks Rise Ahead Of Reports,0.178,0.069,0.931,0.0
17,ETFs to Gain/Lose on Chip Crunch,0.976,0.11,0.814,0.075
18,Why Apple Stock Is Attractive Heading Into the Holidays,0.785,0.15,0.781,0.069
19,Is a Wave of Fintech Acquisitions Coming Soon?,0.0,0.0,1.0,0.0
20,Where to Invest $100 Right Now,0.178,0.096,0.904,0.0
21,Apple iPhone 13 Shipment Estimates Lowered at Needham,-0.273,0.0,0.9,0.1
22,Netflix’s algorithm is force feeding international entertainment into western TV diets,0.572,0.198,0.802,0.0
23,Senate Bill Would Restrict Tech Firms From Favoring Own Products,0.877,0.079,0.865,0.056
24,TSMC Quarterly Profit Beats Expectations as Margins Recover,0.577,0.074,0.858,0.068
25,TSMC Gains on Lifting Forecast as Demand for Chips Stays Strong,0.797,0.064,0.882,0.055
26,"Pinterest Co-Founder, Creative Chief Evan Sharp Steps Down",-0.95,0.045,0.888,0.067
27,Apple is Looking to Turn AirPods Into Health Accessories,-0.477,0.0,0.871,0.129
