﻿,Titles,Polarity,Positive,Neutral,Negative
0,"Update your devices: Apple discloses serious security vulnerabilities for iPhones, iPads and Macs",-0.103,0.172,0.68,0.148
1,Is the Worst Over for Tech Stocks &amp; ETFs?,0.996,0.164,0.811,0.025
2,Almost 75% of iPhone users have activated Apple Pay: Report,0.99,0.106,0.842,0.053
3,Dow Jones Fights Back As Rally Resumes; BBBY Stock Sinks On This Move; Warren Buffett Stock Eyes Buy Zone,-0.527,0.0,0.804,0.196
4,Dow Jones Gains; BBBY Stock Craters On This Move; Key Warren Buffett Stock Eyes Buy Zone,-0.273,0.0,0.909,0.091
5,What Did Buffett Buy During the Summer Bear Market?,0.997,0.12,0.864,0.017
6,"Fox, CBS, and NBC are splitting historic $7 billion Big Ten sports deal",0.968,0.065,0.92,0.015
7,Qualcomm Is Plotting a Return to Server Market With New Chip,0.986,0.081,0.89,0.029
8,Amazon is 'the dark horse' in streaming as tech giants ‘have nothing to lose': Analyst,0.978,0.1,0.864,0.036
9,"Browser Startups Take Aim at Google Chrome, Apple Safari",-0.55,0.0,0.871,0.129
10,2 Top Stocks to Buy During a Bear Market (And It's Not Even Close),0.718,0.109,0.841,0.05
11,"3 Stocks That Turned $10,000 Into $100,000 (or More)",0.296,0.081,0.919,0.0
12,Big Tech Has a Message for Schumer: We Come Bearing Gifts,0.991,0.07,0.904,0.025
13,"Dow Jones Futures Rise: Costco Rival Breaking Out, Time To Bite Into Apple Stock?",0.0,0.0,1.0,0.0
14,"Sloppy Wednesday, Parsing Retail Sales, Dissecting Fed Minutes, Shiny Apple",-0.296,0.0,0.916,0.084
15,Why I'm Bullish on Apple Stock,0.12,0.08,0.92,0.0
16,5 Companies Most at Risk of Biden’s Stock Buyback Tax,0.99,0.091,0.864,0.045
17,Roblox Short Sellers Retreat After 100% Stock Run,0.996,0.111,0.836,0.053
18,"Dow Jones Futures Signal Modest Market Rally; BBBY Stock Skids, Time To Bite Into Apple Stock?",0.0,0.0,1.0,0.0
19,Apple Preparing For iPhone 14 Launch On September 7 - Report,0.0,0.0,1.0,0.0
20,Browsers Are Back in the Antitrust Hot Seat,-0.55,0.0,0.876,0.124
21,"Wait, When Did Everyone Start Using Apple Pay?",0.0,0.0,1.0,0.0
22,"Stocks Nudge Lower, Cisco, Bed, Bath &amp; Beyond, Apple And Home Sales In Focus - Five Things To Know",-0.382,0.046,0.854,0.1
23,"Vietnam gets a bigger bite of Apple, Nintendo heirs put their wealth to work",0.189,0.027,0.973,0.0
