﻿,Titles,Polarity,Positive,Neutral,Negative
0,Alibaba and Tencent Face End of an Era as Sales Start to Shrink,-0.968,0.078,0.832,0.09
1,"Stocks lower amid Chinese geopolitical tensions, Treasury yields boosted",-0.844,0.027,0.916,0.056
2,"Apple Services Growth Engine Stalling, Creating Challenge For Stock",0.654,0.239,0.761,0.0
3,7 Electric Vehicle Stocks Trading at a Discount Right Now,0.999,0.117,0.868,0.015
4,Unity Software stock rises on report of possible China spinoff,0.791,0.155,0.845,0.0
5,History Says Apple Stock Could Have Another Monumental Month,0.986,0.116,0.855,0.029
6,Instagram Head Adam Mosseri moves to London,0.89,0.05,0.934,0.015
7,Act Fast! Apple's HomePod Mini is Seeing a Rare Discount,0.877,0.185,0.815,0.0
8,Buy Smart to Win Big in ‘The Great EV Consolidation’,0.999,0.125,0.842,0.033
9,Experts question CDC guidelines on isolation after testing positive for COVID as Biden continues to work remotely,0.318,0.086,0.859,0.055
10,"Stocks lower at open, Caterpillar stock falls, gold hits 4-week high",0.0,0.0,1.0,0.0
11,Supply Chain Constraints Ease as Apple Reports $83 Billion in Revenue,-0.077,0.101,0.78,0.118
12,Apple Inc. (AAPL) is Attracting Investor Attention: Here is What You Should Know,0.999,0.127,0.866,0.007
13,"Taiwan and Pelosi, Mangled Yield Curve, AMD's Big Night, Apple Bond Sale",0.0,0.0,1.0,0.0
14,3 Bullish Comments From Apple Management,0.681,0.15,0.791,0.059
15,"Instagram Head Adam Mosseri Looks To Shift Base To London, Establish Biggest Overseas Engineering Hub",0.943,0.11,0.824,0.066
16,"Investors Put Forward More Proposals, Dialing Up Pressure on Companies",0.077,0.084,0.843,0.073
17,Taiwan Is in the Spotlight. The Risk to Tech Investors Is Growing.,0.178,0.053,0.918,0.029
