﻿,Titles,Polarity,Positive,Neutral,Negative
0,Qualcomm’s Guidance Falls Short. The Stock Is Dropping,-0.44,0.0,0.804,0.196
1,"Dow Jones Futures: Market Rallies Strongly As Powell Hints At Slower Fed Rate Hikes; Meta, Qualcomm Lead Earnings",0.273,0.104,0.896,0.0
2,Qualcomm is 'almost Apple-proofing itself' in automotive chip production: Analyst,0.0,0.0,1.0,0.0
3,"Qualcomm Gives Lackluster Forecast, Renewing Slowdown Fears",-0.008,0.074,0.856,0.07
4,Meta Stock Slides on Disappointing Results and a Weak Forecast,-0.527,0.0,0.804,0.196
5,Meta Falls as Sales Miss Estimates in First-Ever Quarterly Drop,-0.837,0.067,0.855,0.078
6,Apple Nabs Key Lamborghini Executive to Work on Its Electric Car,-0.928,0.058,0.875,0.067
7,"Dow Futures Tick Lower, Meta Dips 4.5% After Earnings",0.265,0.056,0.895,0.05
8,FTC sues Facebook parent company Meta to block acquisition of VR firm Within Unlimited,0.598,0.107,0.845,0.048
9,What To Expect From Apple's June-Quarter Earnings Report,0.273,0.158,0.739,0.103
10,Big Tech CEOs came to Capitol Hill to fight tech regulation — now it's stalled,0.308,0.069,0.859,0.072
11,"Apple, Amazon.com, Mastercard Earnings: 3 Things to Watch",0.739,0.094,0.835,0.071
12,"Microsoft’s Q4 earnings ‘weren’t that bad’, analyst says",0.0,0.0,1.0,0.0
13,Can Continued Services Growth Aid Apple's (AAPL) Q3 Earnings?,0.996,0.13,0.867,0.004
14,Senate’s Antitrust Crackdown Sputters as Schumer Signals Doubts,0.937,0.089,0.842,0.069
15,7 Blue-Chip Stocks to Buy on the Dip,0.999,0.115,0.867,0.018
16,"Stocks: Tech leads gains, home builders fall, Sherwin-Williams sinks",0.0,0.0,1.0,0.0
17,Exclusive: EU found evidence employee phones compromised with spyware -letter,-0.537,0.045,0.906,0.049
18,Megacap Tech Earnings Have Investors Looking Past the Fed Decision,0.885,0.092,0.826,0.082
19,These 10 Social Media Stocks Are Getting Hammered,0.999,0.091,0.87,0.039
20,Is a Surprise Coming for Apple (AAPL) This Earnings Season?,0.997,0.191,0.809,0.0
21,Factors to Note Ahead of Check Point's (CHKP) Q2 Earnings,0.998,0.139,0.839,0.022
22,7 Large-Cap Stocks to Buy on the Dip,0.999,0.117,0.871,0.012
23,"If You'd Invested $3,000 in Apple in 2007, This Is How Much You Would Have Today",0.477,0.069,0.931,0.0
24,Pixar pioneer hopes for animation comeback after Disney ousting,0.852,0.168,0.799,0.033
25,Meta’s Earnings Come Today. Watch for TikTok Fallout.,-0.527,0.0,0.784,0.216
26,Qualcomm Reports Earnings Today. Here’s What Wall Street Expects.,-0.44,0.0,0.769,0.231
27,Here’s Why You Should Consider Buying Apple (AAPL) Shares,0.977,0.077,0.923,0.0
28,China Q2 smartphone sales fall 14.2% y/y as consumers pull back,-0.452,0.04,0.914,0.047
29,Top US regulator fires warning shot after Apple’s push into lending,0.052,0.08,0.85,0.07
30,Apple Supplier SK Hynix’s Outlook Sours as Tech Demand Wanes,0.922,0.11,0.796,0.093
31,"SK Hynix Profit Jumps 56% on Resilient Chip Demand, Weak Won",0.25,0.114,0.766,0.119
