﻿,Titles,Polarity,Positive,Neutral,Negative
0,The EU Accuses Apple of Abusing Its Mobile Payments Power,0.0,0.0,1.0,0.0
1,U.S. Futures Dip Ahead of Asia Open; Dollar Steady: Markets Wrap,-0.914,0.058,0.862,0.08
2,This Tech Giant Is Taking a Page Out of Apple's Playbook With This New Product,0.999,0.171,0.808,0.021
3,Why Apple Stock Couldn't Keep Up With the Market Today,0.691,0.171,0.793,0.036
4,"Amazon, Apple employees continue fight for unionization",0.994,0.137,0.84,0.023
5,US STOCKS-Wall Street up before Fed meet as tech buying punctuates volatile trade,0.926,0.078,0.862,0.059
6,US STOCKS-Wall Street ends higher amid topsy-turvy trade before Fed meeting,0.207,0.064,0.872,0.064
7,"Crypto enthusiasts sniff at Buffett, Munger comments on bitcoin. ‘It took them decades before they decided to invest in Apple,’ one analyst says.",-0.128,0.099,0.782,0.119
8,Warren Buffett praises Apple CEO Tim Cook in annual shareholders letter,0.178,0.116,0.794,0.09
9,Apple Sues 'Stealth' Startup Rivos Over Chip Trade-Secrets Theft,-0.849,0.064,0.848,0.087
10,Apple Announces Self Service Repair,0.0,0.0,1.0,0.0
11,"Top Stock Reports for Apple, Intel &amp; Citigroup",0.999,0.184,0.759,0.057
12,"US STOCKS-Wall Street drops as Fed focus takes hold, 10-yr Treasuries breach 3%",-0.918,0.061,0.862,0.078
13,Apple Hit With EU Antitrust Complaint Over iPhone Payments,0.991,0.108,0.836,0.056
14,Netflix: Bull vs. Bear,0.7,0.139,0.861,0.0
15,Big-tech earnings have largely been a disappointment. The more resilient companies have had one thing in common,0.885,0.151,0.849,0.0
16,Apple Under Antitrust Allegations in Brussels,0.861,0.128,0.785,0.087
17,Three prominent media stocks have crashed more than 50% in 2022,0.882,0.101,0.821,0.078
18,US STOCKS-Wall Street falls in volatile trading as focus turns to Fed meet,-0.76,0.053,0.872,0.075
19,Stock Market Today: Dow Ends Higher as Wild Tech Swings Continue,0.94,0.093,0.862,0.045
20,Apple handed antitrust charge by EU regulator over payment technology,-0.92,0.048,0.88,0.071
21,Is It Fair To Blame Oil Companies For High Prices?,0.924,0.081,0.858,0.061
22,Truth Social app to be available via web browser ‘end of May’ – CEO,0.951,0.113,0.844,0.042
23,EU Antitrust Chief: Apple ‘Abused’ Mobile-Payment Market Power,-0.691,0.067,0.72,0.213
24,US STOCKS-Wall Street inches higher as growth stocks rebound,-0.744,0.056,0.872,0.072
25,"Apple faces EU antitrust charges, Quantas promises nonstop London-Sydney flights, Netflix cancels Markle project",-0.727,0.0,0.843,0.157
26,Stocks rise modestly at market open,0.0,0.0,1.0,0.0
27,Apple Gets Some Very Bad News from EU,-0.572,0.0,0.783,0.217
28,Apple Hit With EU Antitrust Complaint Over Apple Pay,-0.202,0.077,0.812,0.111
29,Roku makes Apple Music app available on all of its devices,0.832,0.099,0.901,0.0
30,Investors Heavily Search Apple Inc. (AAPL): Here is What You Need to Know,0.998,0.127,0.864,0.01
31,"Apple, Nike, and 6 Other Companies With Big Exposure to China",0.202,0.147,0.769,0.084
32,Europe’s antitrust cops charge Apple over its refusal to let iPhone owners tap-to-pay with competing mobile wallets,0.644,0.09,0.828,0.082
33,Apple charged by Brussels with abusing its market power in mobile payments,-0.494,0.046,0.858,0.096
34,Apple hit with EU antitrust charge over mobile payments technology,-0.948,0.055,0.853,0.092
35,UPDATE 2-Apple hit with EU antitrust charge over mobile payments technology,-0.948,0.054,0.855,0.091
36,India Seizes Millions in Accounts of Smartphone Seller Xiaomi,-0.557,0.0,0.847,0.153
37,U.S. Stocks Wobble as Investors Try to Shake Off April Weakness,-0.897,0.054,0.856,0.09
38,"Amazon, Alphabet, Apple, Meta and Microsoft are part of Zacks Earnings Preview",0.998,0.12,0.854,0.027
39,"Spirit Falls, JetBlue, Frontier Rise in Premarket",-0.775,0.053,0.88,0.068
40,Earnings Season Has Been Just One More Reason to Sell Stocks,0.422,0.128,0.872,0.0
41,Big Tech Can’t Easily Fix the Stock Market’s Woes This Time,0.329,0.093,0.907,0.0
