﻿,Titles,Polarity,Positive,Neutral,Negative
0,Bill Gates and the Secret Push to Save Biden’s Climate Bill,1.0,0.088,0.883,0.029
1,Employers reaching out to candidates will be 'the new normal: ZipRecruiter CEO,0.0,0.0,1.0,0.0
2,"Stocks to watch: Apple, Digital World Acquistion Corp, Cassava Science, Canoo",-0.318,0.0,0.916,0.084
3,A Major Change Is Coming to Wall Street and Corporate America,-0.671,0.0,0.792,0.208
4,Fundamentals &amp; Price Targets: Why Analysts Expect a Peak for Apple's (NASDAQ:AAPL) Stock,0.999,0.161,0.786,0.054
5,Should Disney Spin ESPN Off? This Analyst Says No.,0.671,0.116,0.825,0.059
6,Top 10 Trending Stocks Today,0.996,0.105,0.873,0.023
7,"Buffett and Berkshire added big to their bets on Ally, Occidental, Paramount and Activision. But these other 6 stocks also got a vote of confidence.",0.296,0.053,0.947,0.0
8,"Stock Market Today: Dow Rides Rally in Retailers to Close Above 34,000",0.937,0.1,0.825,0.075
9,"S&amp;P 500 Edges Higher as Retailers Rally on Walmart, Home Depot Results",0.166,0.106,0.793,0.1
10,"NFL, NBA 'have to be careful' as sports streaming wars heat up: Analyst",0.988,0.109,0.832,0.058
11,Stock Market Keeping You Up at Night? Buy These Top 3 Tech Stocks,0.867,0.149,0.833,0.018
12,"‘Serenity Now’: Hedge fund managed by Michael Burry of ‘The Big Short’ fame dumps stocks including Apple and Alphabet, adds GEO Group",-0.202,0.09,0.791,0.119
13,"13F filings: Michael Burry dumps stock, Buffett adds Apple stock, Tepper buys Netflix",0.0,0.0,1.0,0.0
14,Apple Supplier Lumentum Issues Forecast Below Estimates. The Stock Falls.,0.0,0.113,0.773,0.113
15,"Apple lays off recruiters, Elliott exited Twitter stake in Q2, Ola plans to launch EV in 2024",0.0,0.0,1.0,0.0
16,Apple app ads ‘a natural progression’ for the business model: Analyst,0.318,0.05,0.95,0.0
17,"Apple updates return-to-office plan, says employees should be back week of Sept. 5",0.0,0.0,1.0,0.0
18,"Got $1,000? 5 Buffett Stocks to Buy and Hold Forever",0.735,0.292,0.708,0.0
19,1 Metric That Apple Investors Should Stop Worrying About,0.422,0.052,0.948,0.0
20,Jim Cramer Recommends Selling These 10 Stocks in August,0.999,0.11,0.839,0.052
21,9 Stocks Warren Buffett Just Bought in the Second Quarter,0.382,0.035,0.949,0.016
22,Walmart Spices Up Amazon Rivalry By Collaborating With Paramount - Report,0.99,0.175,0.815,0.01
23,Apple Urges Return to the Office as Tech CEOs Try to Boost Productivity,0.273,0.07,0.93,0.0
24,Apple lays off 100 recruiters: report,0.402,0.13,0.87,0.0
25,Apple employee claims managers are threatening to fire her over viral TikTok video,0.728,0.074,0.864,0.062
26,"Apple supplier BOE, others say operations hit by Sichuan power rationing",-0.372,0.018,0.953,0.029
27,"Buy, Sell or Hold: The 7 Biggest Analyst Calls of Last Week",0.999,0.126,0.839,0.036
28,Screen Of The Day: Apple Relative Strength Hits 52-Week High,0.943,0.243,0.757,0.0
29,3 Stocks to Buy in a New Nasdaq Bull Market,0.34,0.118,0.882,0.0
30,2 Stocks Warren Buffett Just Bought That You Should Buy Too,0.296,0.053,0.947,0.0
31,Netflix Burns Shorts as ‘Extreme’ Bearishness Ebbs,0.99,0.103,0.845,0.052
32,This Tech Stock May Plunge Sooner Than Later Following Its Impressive Rally,0.866,0.174,0.795,0.031
33,"These 6 Dividend Stocks Pay $83 Billion a Year, Combined, to Their Shareholders",0.0,0.0,1.0,0.0
34,H&amp;M Returns to China’s Tmall After Cancellation Over Xinjiang,-0.902,0.047,0.885,0.068
35,Slowing economy reaches Apple as it lays off 100 recruiters: report,0.402,0.13,0.87,0.0
36,Apple Lays Off Recruiters as Part of Its Slowdown in Hiring,0.663,0.073,0.868,0.059
37,Apple tells employees to return to work 3 days a week from September,0.542,0.041,0.959,0.0
