﻿,Titles,Polarity,Positive,Neutral,Negative
0,Apple (AAPL) Gains As Market Dips: What You Should Know,0.974,0.076,0.892,0.031
1,S&amp;P 500 Hits Bear Market Territory,0.0,0.0,1.0,0.0
2,Jan. 6 Panel Takes Cues From Netflix With Made-for-TV Hearings,0.862,0.057,0.892,0.051
3,Apple signs 10-year streaming deal with MLS,0.947,0.069,0.917,0.015
4,Why Skillz Stock Sank to a Fresh All-Time Low Today,-0.412,0.05,0.873,0.077
5,Apple scores deal for Major League Soccer streaming rights worth $2.5bn,0.34,0.124,0.876,0.0
6,10 Best REIT ETFs to Buy Now,1.0,0.134,0.842,0.023
7,New ocean health ETF aims to help 'most important ecosystem on the planet',0.985,0.107,0.852,0.041
8,3 Top Warren Buffett Stocks to Buy in a Bear Market,0.881,0.148,0.821,0.031
9,"Major League Soccer, Apple net media rights deal; Here's how it affects Charlotte FC",0.637,0.14,0.86,0.0
10,Facebook Could Have Help From Germany in Its Showdown With Apple,0.207,0.048,0.921,0.03
11,Dow Futures Higher Ahead of Fed’s Interest Rate Decision,0.942,0.094,0.872,0.034
12,Apple to Stream Major League Soccer as Sports Ambitions Grow,0.985,0.105,0.857,0.038
13,Apple Outlook Weakens As Consumer Spending Slows,-0.296,0.0,0.896,0.104
14,Big Tech to toe Europe’s line on fake news,-0.25,0.036,0.913,0.051
15,Stock Market Today: Dow Slides as Fears of Big Fed Hike Run High Ahead of Decision,0.985,0.113,0.831,0.056
16,"Stocks: Oracle rises, Fedex soars, consumer staples lag",-0.557,0.043,0.905,0.052
17,"Apple and Major League Soccer to Present All MLS Matches Around the World for 10 Years, Beginning in 2023",0.998,0.116,0.866,0.018
18,"4 Dow Jones Stocks To Watch In June: Apple, Microsoft Rebound",0.691,0.186,0.716,0.098
19,Hearing on data-privacy bill reveals contours of latest best hope for tech regulation,0.743,0.169,0.831,0.0
20,Apple (AAPL) Likely to Launch Its VR Headset in Early 2023,0.88,0.091,0.846,0.064
21,Apple (AAPL) Watch Gets FDA Nod for Parkinson's Monitoring,0.997,0.124,0.865,0.011
22,What Target Is Getting Right,0.511,0.088,0.912,0.0
23,Tech Sell-Off: 1 Stock That's Defying the Downturn and Looks Set to Explode,0.875,0.151,0.793,0.057
24,Travel stocks mixed following report of dip in online bookings for May,0.0,0.0,1.0,0.0
25,S&amp;P 500 Stutters as Surging Treasury Yields Point to Hawkish Fed,0.973,0.105,0.837,0.058
26,Jim Cramer Recommends Selling These 10 Stocks,0.998,0.095,0.877,0.028
27,7 Stocks to Jump on During Any Market Correction,0.999,0.138,0.782,0.08
28,Dow Jones Rises After Key Inflation Report; Fed Meeting Set To Kick Off,0.0,0.0,1.0,0.0
29,Sony Heightens Microsoft Xbox Rivalry With Latest Move,0.984,0.152,0.815,0.033
30,Alphabet (GOOGL) Updates Google Calendar With New Features,0.996,0.12,0.865,0.014
31,10 Popular Penny Stocks on Robinhood,0.995,0.067,0.918,0.015
32,Adobe revamps metaverse design tools for Apple's chips,0.99,0.128,0.872,0.0
33,Dow Jones Futures Extend Gains After Key Inflation Report; Fed Meeting Set To Kick Off,0.34,0.112,0.888,0.0
34,Stock market news lives updates: Stock futures steady after bear market slide as rate decision looms,0.878,0.051,0.918,0.031
35,Apple faces German antitrust probe over app tracking rules,-0.494,0.022,0.926,0.052
36,BofA survey signals 'deeper investor misery' as S&amp;P enters bear market,0.935,0.127,0.773,0.1
37,Deutsche Bank cuts Apple price target in note cautious on IT hardware sector,-0.638,0.02,0.885,0.096
38,UPDATE 1-German cartel office examining Apple's tracking rules,0.45,0.052,0.92,0.028
39,"Oracle, Twitter, Continental Resources Rise Premarket; Coinbase, Best Buy Fall",0.964,0.098,0.864,0.038
40,"Fed Meeting, U.S. PPI, Crypto Pressure - What's Moving Markets",-0.986,0.036,0.884,0.08
