﻿,Titles,Polarity,Positive,Neutral,Negative
0,Apple sidelines Goldman and goes in-house for new lending service,0.751,0.092,0.872,0.036
1,Apple sidelines Goldman Sachs and goes in-house for lending service,0.586,0.07,0.893,0.037
2,Fintechs paying later for early promise,0.943,0.169,0.803,0.028
3,Apple to fund pay-later loans off its own balance sheet,0.931,0.072,0.899,0.029
4,"Apple defeats class action over Meltdown, Spectre security flaws",-0.968,0.028,0.865,0.107
5,Invest Like Warren Buffett With These 3 Stocks,0.999,0.138,0.851,0.011
6,Apple to shift some iPad production to Vietnam amid China supply chain woes,-0.382,0.025,0.933,0.042
7,"Apple defeats class action over Meltdown, Spectre security flaws",-0.968,0.028,0.866,0.107
8,10 Blue Chip Stocks Hedge Funds Love,1.0,0.132,0.844,0.024
9,"Why Netflix Buying Roku Helps Amazon, Apple (and Maybe Google)",0.0,0.0,1.0,0.0
10,Apple Will Handle the Lending Itself With New Pay Later Service,0.978,0.083,0.864,0.053
11,Markets are 'waiting to see what the earnings picture looks like': Strategist,0.44,0.115,0.885,0.0
12,Congress’s Big Tech Crackdown Quickens With Rare Show of Unity,0.992,0.11,0.835,0.055
13,Spotify jumps 6% as platform reveals podcast figures: 'A $20 billion opportunity',0.973,0.072,0.897,0.032
14,Apple is finally giving the people what they’re asking for,0.992,0.087,0.88,0.033
15,Key Takeaways From Baidu's First EV Launch,0.985,0.136,0.858,0.006
16,What’s next for tech stocks as value investing edges out growth trades,0.612,0.185,0.815,0.0
17,Better Buy: Twitter vs. Meta Platforms,0.026,0.066,0.888,0.046
18,"US STOCKS-S&amp;P 500, Dow fall as Intel slides",0.802,0.053,0.907,0.04
19,Market check: Stocks edge lower on inflation concerns,0.0,0.0,1.0,0.0
20,Alphabet (GOOGL) Boosts Smartwatch Efforts With New Feature,0.997,0.157,0.833,0.011
21,Will Apple (AAPL) Stock Rebound Post WWDC22 Announcements?,0.997,0.119,0.849,0.032
22,Microsoft Goes Aggressive In Its Protest Against Russia's Ukraine Invasion - Read How,0.978,0.135,0.835,0.03
23,These 2 Meme Stocks Have Legitimate Long-Term Upsides,0.887,0.137,0.836,0.027
24,7 Oversold Stocks to Buy Right Now,0.999,0.108,0.869,0.024
25,Spotify’s Lack of Focus Is Hurting Shareholders,0.233,0.073,0.859,0.068
26,Warren Buffett Has Gained Over $171 Billion On These 4 Stocks,0.951,0.219,0.781,0.0
27,TSMC Expects 30% Sales Rise Despite Global Economic Ructions,0.981,0.088,0.857,0.054
28,EU Will Mandate a Common Phone Charger by 2024,0.0,0.0,1.0,0.0
