﻿,Titles,Polarity,Positive,Neutral,Negative
0,Locomation promotes Steve Kenner to assume chief product and safety officer position,0.422,0.109,0.891,0.0
1,"Searcy Financial Services Inc  Buys First Trust Financials AlphaDEX Fund, Apple Inc, CVS Health ...",0.998,0.091,0.905,0.005
2,"Asset Planning Services Inc  Buys TC Energy Corp, Bank of America Corp, Apple Inc, Sells TC ...",0.998,0.159,0.833,0.008
3,"TTP Investments, Inc. Buys ProShares Ultra S&amp;P500, Amplify BlackSwan Growth &amp; Treasury ...",0.998,0.108,0.884,0.008
4,Microsoft’s Activision Deal Set to Test Biden’s Antitrust Regime,0.982,0.081,0.869,0.05
5,Himax (HIMX) Introduces TV TCON Chip for the Gaming Market,0.997,0.114,0.881,0.005
6,Apple Tells U.S. Senators Tech Bills Will Harm iPhone Privacy,0.978,0.071,0.885,0.043
7,10 New Stock Picks of Suraj Parkash Chopra’s Force Hill Capital Management,1.0,0.119,0.858,0.022
8,"Microsoft could have just kicked off a Big Tech gold rush, which helps videogame stocks but maybe not gamers",0.637,0.123,0.877,0.0
9,Apple told workers they need to get a Covid vaccine booster — or produce a negative test result,-0.296,0.099,0.754,0.147
10,"Big Tech selloff not 'a longterm problem for the sector,' market strategist says",0.997,0.102,0.86,0.038
11,Five Reasons Microsoft Is Making Activision Blizzard Its Biggest Deal Ever,0.989,0.081,0.893,0.026
12,"Here's How Cadence Is Set To Gain Despite Competition From Tesla, Apple",0.852,0.083,0.884,0.033
13,Buy the Dip: 2 Top Growth Stocks for January,0.868,0.144,0.856,0.0
14,Himax (HIMX) Introduces TV TCON Chip for the Gaming Market,0.997,0.114,0.881,0.005
15,"Market check: 10-year Treasury yield climbs to 2-year high, Dow falls 500+ points",0.0,0.0,1.0,0.0
16,Alphabet's (GOOGL) Google to Bring Digital Wellbeing Widget,0.997,0.144,0.846,0.01
17,Warren Buffett’s Performance in 2021: 10 Best Stock Picks,1.0,0.144,0.846,0.01
18,"Abundance Wealth Counselors Buys iShares Core S&amp;P 500 ETF, iShares Core S&amp;P Mid-Cap ...",0.998,0.113,0.867,0.02
19,"Arlington Financial Advisors, LLC Buys FIRST TR EXCHANGE, Apple Inc, iShares MSCI All Country ...",0.996,0.077,0.904,0.019
20,"Ritholtz Wealth Management Buys Apple Inc, Prologis Inc, Microsoft Corp, Sells iShares iBonds ...",0.999,0.104,0.89,0.006
21,"Snider Financial Group Buys iShares Core Growth Allocation ETF, Apple Inc, Sells International ...",0.986,0.087,0.89,0.023
22,"This Potential Metaverse Winner Is Down 13% in 2022, and It Is a Screaming Buy",0.742,0.12,0.88,0.0
23,Retirement Stock Portfolio: 10 Safe Tech Stocks To Consider,1.0,0.135,0.834,0.03
24,Why Apple is a $200 stock: Deutsche Bank,0.973,0.111,0.84,0.049
25,HP (HPQ) Gains 53% in 12 Months: Will Rally the Continue?,0.998,0.141,0.84,0.02
26,"Brace for a volatile 2022, but cling to this tech stalwart when the storm comes, says investment adviser",0.0,0.0,1.0,0.0
27,Read Why Deutsche Bank Remains Bullish On Apple; Bumps Up Price Target BY 14%,0.943,0.094,0.877,0.029
28,"Dow Jones Futures Fall, Techs Dive As Treasury Yield Hits 2-Year High; Apple, Qualcomm Near Buy Points",0.262,0.061,0.939,0.0
29,FOCUS-Cadence Design Systems aims to cash in on new custom-chip era,0.995,0.09,0.905,0.004
30,Will AMD Be Worth More Than Apple by 2030?,0.318,0.141,0.859,0.0
31,Ericsson sues Apple again over 5G patent licensing,0.296,0.086,0.829,0.085
32,U.S. Senate panel to debate app store reform bill,0.659,0.061,0.902,0.037
33,Samsung Partners With AMD to Power Up Mobile Chips,0.951,0.102,0.839,0.059
34,"Dow Jones Futures Rise After Market Rally Holds Support; Apple, Qualcomm Lead 5 Stocks Near Buy Points",-0.296,0.0,0.916,0.084
35,EU’s Tough Data Privacy Rules Rake in Biggest Annual Fines,-0.912,0.084,0.805,0.111
36,"Apple, Amazon, and Ford Contend With Payment Models",0.382,0.102,0.898,0.0
