﻿,Titles,Polarity,Positive,Neutral,Negative
0,Russia-Linked Group Behind JBS Attack Revels in ‘Audaciousness’,-0.975,0.059,0.856,0.085
1,How much does Apple make from the App Store? Even a landmark antitrust trial couldn’t reveal it,-0.103,0.085,0.789,0.126
2,6 Habits of a Rule Breaker Investor,-0.727,0.058,0.82,0.122
3,European Consumer Lobby Group Joins EU Antitrust Lawsuit Versus Apple,0.887,0.108,0.848,0.044
4,"Walmart, Amazon and Apple top the 2021 Fortune 500 list — here’s what they have in common",0.34,0.085,0.863,0.052
5,"As Epic fight puts all eyes on App Store revenue, Apple offers numbers that aim much larger",0.039,0.09,0.799,0.11
6,Apple defends App Store in new study finding developers made $643B on it last year,0.946,0.06,0.91,0.03
7,15 Companies with the Best Benefits,1.0,0.248,0.729,0.024
8,S&amp;P 500 in Holding Pattern Ahead of Jobs Report; AMC Hits Record High,0.935,0.066,0.905,0.029
9,Better Buy: Spotify vs. T-Mobile,0.542,0.08,0.92,0.0
10,The Moomoo Trading App Launches New Referral Program - Moomoo Ambassador,0.999,0.141,0.846,0.012
11,European consumer group joins EU antitrust case against Apple,-0.557,0.073,0.84,0.087
12,10 Best Tech ETFs to Buy According to Reddit,1.0,0.116,0.874,0.01
13,These 5G Stocks Have Doubled and They Look Like Buys,0.44,0.162,0.838,0.0
14,S&amp;P 500 Flat as Materials Slip; AMC Rockets on Meme Mania,0.983,0.096,0.876,0.028
15,10 Best Pharmaceutical Stocks to Buy According to Cathie Wood,0.999,0.111,0.848,0.041
16,"DICK'S Sporting Goods, Nomura Holdings, Apple, Garmin, Google highlighted as Zacks Bull and Bear of the Day",1.0,0.159,0.788,0.053
17,"Twitter Begins Testing Full Screen Vertical Format Ad to Compete Facebook, Snap",0.827,0.063,0.915,0.022
18,Huawei Unveils New Software to Overcome Trump Blacklist,0.997,0.125,0.852,0.022
19,Huawei Launches Harmony OS to Take On Google's Android: WSJ,0.991,0.148,0.82,0.032
20,Apple Loses Several Top Managers From Self-Driving Car Division,0.979,0.068,0.929,0.003
21,Coinbase Card Comes to Apple Pay and Google Pay,0.983,0.092,0.887,0.021
22,Why This Penny Cryptocurrency Could Crush Dogecoin,0.848,0.218,0.745,0.037
23,How Should Inflation Affect Your Investment Strategy?,0.637,0.044,0.956,0.0
24,Nvidia CEO Optimistic Over Regulatory Support for Arm Acquisition: Bloomberg,0.927,0.088,0.896,0.015
25,Broadcom Earnings Could Get a Chip Shortage Boost. Here’s What to Watch.,0.226,0.042,0.929,0.029
26,Nvidia CEO Says Confident of Getting Regulators OK for Arm Deal,0.946,0.073,0.898,0.029
27,Hacking Outfit Linked to Russia Is Behind JBS Cyberattack,0.572,0.084,0.849,0.068
28,"Decoupling, what decoupling? Apple deepens supply chain in China",-0.077,0.055,0.886,0.059
