﻿,Titles,Polarity,Positive,Neutral,Negative
0,President Biden will posthumously award Steve Jobs the Presidential Medal of Freedom,0.0,0.111,0.809,0.08
1,Alphabet's (GOOGL) Google Docs to Bring eSignature Feature,0.997,0.142,0.839,0.019
2,"Big-name investors are back putting more ‘junk’ in their funds, despite the carnage in bonds",-0.511,0.0,0.878,0.122
3,What the Grateful Dead and the stock market have in common,-0.128,0.126,0.761,0.113
4,"Apple: The iPhone Upgrade Cycle Is Underappreciated, Says 5-Star Analyst",0.986,0.093,0.883,0.024
5,Meta could be 'bracing for a tornado-like quarter': Wedbush's Dan Ives,-0.851,0.018,0.932,0.05
6,Stock Market Today: Dow Rides Consumer Stocks Higher to Make Strong Start to Q3,0.847,0.08,0.857,0.062
7,Apple Stock Is Under Pressure. Why Its Earnings Could Trigger a Rebound.,-0.128,0.0,0.909,0.091
8,"This Famous 'Big Short' Investor Is Betting Big Against Apple, but Buying This Stock",0.812,0.134,0.836,0.03
9,Are Netflix and Roku a Match Made in Heaven?,0.718,0.082,0.918,0.0
10,"Bond markets move to the downside, mega cap tech stocks hold on to gains",0.0,0.0,1.0,0.0
11,3 Dividend-Paying Tech Stocks to Buy in July,0.751,0.175,0.747,0.078
12,Ken Fisher Loves These 10 Defensive Stocks,1.0,0.121,0.862,0.017
13,3 Green Flags for Snap's Future,0.34,0.121,0.782,0.098
14,"GM earnings: ‘It’s a boy that cried wolf,’ analyst says",-0.527,0.064,0.764,0.172
15,"Trimming and Downgrading One Stock, While Downgrading Another",0.852,0.19,0.81,0.0
16,Better Augmented Reality Stock: Apple vs. Nvidia,0.732,0.128,0.872,0.0
17,"Warren Buffett says these are the best stocks to own when inflation spikes — with consumer prices still raging, it's time to follow his lead",0.998,0.126,0.837,0.037
18,Stock market news lives updates: Stock futures fall as July begins with more selling,-0.142,0.036,0.928,0.036
19,TikTok's Smaller US Rival Files For IPO,0.951,0.119,0.841,0.039
20,Google Settles Lawsuit With App Developers For Hefty Sum - Key Takeaways,0.983,0.16,0.802,0.038
21,Why Goldman is still very cautious on the stock market,-0.984,0.051,0.82,0.129
22,Roku Stock Looks as If It Is Ready to Bounce and Keep Going,0.997,0.126,0.836,0.038
23,This News Is a Game Changer for Solana,0.494,0.071,0.9,0.03
24,7 Undervalued Reddit Stocks to Buy Before Wall Street Catches On,0.998,0.08,0.903,0.017
25,China Tech Rally Sends Insiders Rushing for Exits: Tech Watch,0.998,0.148,0.799,0.052
26,The iPhone’s Creators Reveal the Consequences They Never Expected,0.0,0.0,1.0,0.0
27,"Micron, Kohl's, Apple Fall Premarket; Nio Climbs",-0.178,0.04,0.918,0.042
28,Apple hikes Japan price of iPhone by nearly a fifth,-0.153,0.04,0.924,0.036
29,UPDATE 1-Google to pay $90 mln to settle legal fight with app developers,0.96,0.096,0.875,0.029
30,Google Reaches Deal With Developers on Play Store,0.972,0.088,0.888,0.024
31,Apple Hikes iPhone and iPad Prices in Japan After Yen Tanks,-0.865,0.068,0.842,0.09
32,Google to pay $90 million to settle legal fight with app developers,0.96,0.097,0.873,0.029
