﻿,Titles,Polarity,Positive,Neutral,Negative
0,"Garrison Bradford &amp; Associates Inc Buys argenx SE, Apple Inc, Brookfield Asset Management ...",0.994,0.105,0.884,0.011
1,"Goodman Financial CORP Buys Schneider National Inc, PTC Inc, iShares MSCI USA Equal Weighted ...",0.992,0.069,0.925,0.006
2,AMD Soars After Server-Chip Demand Helps Brighten Forecast,0.985,0.08,0.884,0.036
3,"Google Sales Top Estimates, Showing Strength of Ad Business",0.976,0.074,0.892,0.033
4,Investors Won’t Have a Good Time with Phunware for Long,0.993,0.085,0.892,0.023
5,The Mindset Behind Buying Stocks When the Market Is Falling,0.83,0.167,0.775,0.058
6,"Apple stock ‘dwarfs anything else on the table,’ market strategist says",0.273,0.07,0.93,0.0
7,"Truxt Investmentos Ltda. Buys XP Inc, Arco Platform, Sells NVIDIA Corp, Amazon.com Inc, Alphabet Inc",0.994,0.106,0.886,0.008
8,"Mitchell Sinkler &amp; Starr Buys Moody's Corporation, Union Pacific Corp, JPMorgan Chase, ...",0.993,0.06,0.936,0.004
9,Morningstar Investment Management LLC Buys Schwab Intermediate-Term U.S. ...,0.994,0.081,0.913,0.006
10,"BCGM Wealth Management, LLC Buys PowerShares QQQ Trust Ser 1, Apple Inc, First Merchants Corp, ...",0.999,0.144,0.851,0.005
11,"Assenagon Asset Management S.A. Buys Apple Inc, Microsoft Corp, Tesla Inc, Sells Amazon. ...",0.999,0.062,0.934,0.004
12,"Defender Capital, LLC. Buys Landec Corp, Mirion Technologies Inc, Altria Group Inc, Sells ...",0.997,0.103,0.892,0.005
13,Winter Olympics will be behind paywall on the Peacock streaming service,0.34,0.104,0.844,0.052
14,Why Apollo is making a $760 million investment in 'Dune' studio Legendary Entertainment,0.318,0.056,0.915,0.03
15,Facebook Parent Meta Attempting to Break Out,0.296,0.099,0.901,0.0
16,Apple Stock Has More Room to Run Beyond Latest Earnings Blockbuster,0.991,0.08,0.871,0.049
17,2 Reasons the Nasdaq Has Led the Market Lower in 2022,0.25,0.077,0.869,0.055
18,Cirrus Logic's (CRUS) Q3 Earnings &amp; Revenues Beat Estimates,0.997,0.125,0.855,0.02
19,"January yielded ‘healthy correction’ for tech stocks, analyst says",0.572,0.148,0.852,0.0
20,Why Nvidia and Meta Platforms are Partnering Up on Hardware,-0.052,0.036,0.927,0.038
21,"Semiconductor Watchlist: Intel, Nvidia, Apple",-0.128,0.059,0.888,0.053
22,7 Reeling Tech Stocks to Pick Up for a Sizable Discount,0.984,0.115,0.784,0.101
23,Alphabet Tempts Traders Hunting Bargains in Tech-Stock Rebound,0.996,0.134,0.811,0.055
24,"Occidental Asset Management, LLC Buys SPDR Bloomberg SASB Corporate Bond ESG Select ETF, Apple ...",0.999,0.108,0.887,0.005
25,"Alphinity Investment Management Pty Ltd Buys Accenture PLC, PepsiCo Inc, Merck Inc, Sells ...",0.991,0.051,0.942,0.007
26,3 Reasons to Buy Roblox and 1 Reason to Sell,0.273,0.058,0.942,0.0
27,3 Investors Pick Their Top Stocks for 2022 (and Beyond),0.494,0.141,0.802,0.057
28,"DC investor buys Durham apartments for $56M, cites Apple, jobs",0.625,0.067,0.933,0.0
29,"As iPad Sales Fall, Apple Has a Surprise Hardware Winner",0.296,0.049,0.92,0.031
30,Lessons From 2000: Amid Tech Wreckage Look to These Proven and Durable Winners,-0.052,0.068,0.872,0.061
31,7 Stocks to Watch in This Current Earnings Season,0.999,0.107,0.867,0.026
32,Rogan vs. Young: A Primer for Spotify Investors,-0.226,0.041,0.884,0.076
33,"JPMorgan Sees Sharp Upside In Qualcomm, Thanks To Apple",0.908,0.135,0.799,0.066
34,"The Zacks Analyst Blog Highlights: Apple Inc., Tesla, Inc., and Johnson &amp; Johnson",0.997,0.113,0.857,0.03
35,"Wall Street Opens Mixed as Virus, Rate Concerns Linger; Dow Flat",-0.765,0.048,0.883,0.069
36,Buy Snap Stock Before Q4 Earnings for Big Upside Potential?,0.991,0.096,0.874,0.03
