﻿,Titles,Polarity,Positive,Neutral,Negative
0,Starbucks just became the latest company to cover employees’ abortion travel costs. Here are the companies that have pledged to do the same.,0.999,0.108,0.865,0.027
1,Powerbeats Pro are Just $180 on Amazon,0.459,0.136,0.864,0.0
2,Stock Market Sell-Off: 3 Beaten-Down Stocks You Can Buy and Hold Forever,0.914,0.17,0.83,0.0
3,10 Battered Tech Stocks Advisors Should Consider for Clients,0.477,0.17,0.83,0.0
4,"Markets: ‘Right now is sort of a pivot point,’ strategist says",0.735,0.158,0.842,0.0
5,"What's happening to tech stocks is 'kind of unheard of' — and 'we are not done,' analyst says",-0.972,0.034,0.873,0.093
6,Dow Futures Little Changed After Mixed Session,0.116,0.057,0.884,0.059
7,Apple (AAPL) Expected to Unveil iPhone 15 With USB-C,0.993,0.094,0.869,0.037
8,"Warren Buffett says these are the best stocks to own when inflation spikes — with consumer prices still surging, it's time to follow his lead",0.997,0.117,0.852,0.031
9,"Stock Market Today: Dow Ekes Out Gain as Energy Shines, but Tech Stutters",-0.672,0.064,0.86,0.076
10,"US STOCKS-Wall Street falls as growth stocks, glum China data weigh",0.077,0.085,0.839,0.075
11,Starbucks to Cover Worker Travel Expenses for Medical Treatment,0.625,0.057,0.903,0.04
12,"US STOCKS-Wall Street falls as growth stocks, glum China data weigh",-0.817,0.071,0.845,0.084
13,"Tech stocks lead Nasdaq lower, JPMorgan upgrades some China stocks",0.0,0.0,1.0,0.0
14,There’s No Greater Divide Than the Tesla Stock Gap,0.994,0.099,0.861,0.039
15,When your neighbor asks: 'Has the stock market bottomed yet?',0.997,0.09,0.876,0.034
16,"Switzerland’s Central Bank Scooped Up Apple, AMC, Tesla, and Rivian Stock",0.0,0.0,1.0,0.0
17,"Wheat Price Surge, Chinese Slump, JetBlue Tender - What's Moving Markets",-0.991,0.068,0.818,0.114
