﻿,Titles,Polarity,Positive,Neutral,Negative
0,Apple CEO Tim Cook talks  self-driving cars and retirement,0.994,0.106,0.894,0.0
1,Is Peloton Stock A Buy Amid Post-Covid Expansion Plans?,0.66,0.286,0.714,0.0
2,Is Apple Inc. (AAPL) A Good Investment?,0.996,0.13,0.85,0.019
3,Facebook Option Traders Are Betting On An All-Time High Run,-0.691,0.049,0.889,0.061
4,LG Exits Mobile Phone Market: What You Need To Know,0.988,0.128,0.844,0.029
5,"At 60, Tim Cook Doubts He’ll Be at Apple for 10 More Years",0.955,0.09,0.841,0.069
6,Facebook Hits Record as Megacap Tech Stocks March Higher,0.997,0.158,0.822,0.02
7,Buy This Top Tech Stock if You Haven't Already,0.71,0.365,0.635,0.0
8,"Automakers, Job Openings, Stonks: 3 Things to Watch",0.994,0.126,0.858,0.016
9,Facebook Hits Record as Growth Optimism Continues to Build,0.983,0.115,0.856,0.029
10,Top stocks investors bought and sold in March,0.59,0.113,0.887,0.0
11,"Apple (AAPL) Expands Arcade Service, Adds Two New Categories",0.999,0.168,0.824,0.008
12,Apple Shares Gain As Cook Drops Hints of Autonomous Car,0.99,0.117,0.883,0.0
13,Worried About a Market Crash? These 3 Surefire Stocks Will Win Over the Long Term,0.796,0.367,0.633,0.0
14,Facebook Stock Is a Buy—and Could Gain 20%,0.557,0.15,0.85,0.0
15,15 Tech Stocks That Could Benefit From Biden’s Infrastructure Plan,0.671,0.244,0.756,0.0
16,LG Electronics Opts to Kill Off Its Smartphone Business,-0.511,0.0,0.845,0.155
17,Snapchat Risks Apple's Wrath With Attempts At Skirting New Privacy Rules: FT,0.815,0.044,0.931,0.025
18,Apple Brings 'Timeless Classics' To Arcade As It Looks To Boost Gaming Subscriptions,0.966,0.08,0.894,0.026
19,One-Time Pioneer LG Electronics to Close Smartphone Business,0.996,0.135,0.841,0.023
