﻿,Titles,Polarity,Positive,Neutral,Negative
0,10 Cheap Space Stocks Popular On Reddit,0.999,0.102,0.894,0.005
1,25 Largest ETFs by Assets Under Management,1.0,0.101,0.877,0.022
2,"Tech Giants Used ‘Loopholes’ to Duck Merger Reviews, FTC Says",0.983,0.08,0.888,0.032
3,Goldman Sachs on Apple: Delta variant will make iPhone sales 'challenging',0.984,0.092,0.873,0.035
4,Why Globalstar Stock Bounced Today,-0.346,0.042,0.903,0.055
5,Apple is relying on the iPhone 13’s new cameras to power record sales,0.999,0.104,0.885,0.011
6,Apple's iPhone 13 Event: Everything you need to know,0.0,0.0,1.0,0.0
7,When will Amazon stock skyrocket again?,0.872,0.09,0.849,0.061
8,10 Cheap Small-Cap Stocks to Buy,1.0,0.123,0.864,0.013
9,S&amp;P 500 Snaps Losing Streak as Energy Boost Coaxes Bulls From Hiding,0.84,0.071,0.884,0.045
10,10 Penny Stocks with Upcoming Growth Catalysts,1.0,0.16,0.809,0.031
11,"BofA Identifies Tech ‘Moonshots’ to Catch Next Apple, Amazon",0.997,0.135,0.84,0.024
12,Here's everything you need to know from the Apple Event,0.0,0.0,1.0,0.0
13,"Apple iPhone 13, Carrier Promotions Seen Driving Consumers To 5G",0.0,0.0,1.0,0.0
14,Ex-Google exec describes 4 top dangers of artificial intelligence,-0.999,0.037,0.804,0.159
15,Apple (AAPL) Launches iPad Mini &amp; Watch 7 at September Event,0.998,0.106,0.892,0.002
16,Apple (AAPL) Unveils 4 iPhone 13 Models at September Event,0.999,0.127,0.859,0.014
17,Apple (AAPL) Data Center Woes Shouldn’t Hinder Growth,0.296,0.151,0.849,0.0
18,Why Apple’s new 5G adoption is the draw for new consumers,0.625,0.108,0.892,0.0
19,Dow Jones Advances As Apple Falls To Key Level; Microsoft Jumps On Buyback Plan,0.402,0.114,0.886,0.0
20,"Apple iPhone 13, Carrier Promotions Seen Driving Consumers To 5G",0.0,0.0,1.0,0.0
21,"US STOCKS-S&amp;P, Dow gain as energy, financials recoup recent losses",-0.99,0.052,0.835,0.113
22,Apple Unveils iPhone 13 Models: ETFs to Buy,0.996,0.091,0.899,0.01
23,Apple's New iPhone: 6 Must-See Features,0.511,0.212,0.788,0.0
24,US STOCKS-Wall Street set for slow start as economic uncertainty weighs,-0.974,0.061,0.842,0.097
25,Is Palantir Stock a Buy?,0.765,0.32,0.68,0.0
26,You're Not The Only One Bored Of 'New' Apple iPhones,0.0,0.0,1.0,0.0
27,Dow Jones Futures: Microsoft Flashes Buy Signal Amid Bearish Market Rally Trend; Chinese Economic Data Weakens,-0.691,0.0,0.725,0.275
28,3 Top Tech Stocks to Buy Right Now,0.832,0.164,0.804,0.033
29,This is the ’single largest danger’ of A.I. according to expert Kai-Fu Lee,-0.997,0.058,0.777,0.164
30,Dow Jones Futures Rise As Microsoft Flashes Buy Signal Amid Bearish Market Rally Trend; Chinese Economic Data Weakens,-0.026,0.04,0.917,0.043
31,There’s a Worrying Message for Corporate America in the Inflation Data,0.572,0.134,0.866,0.0
32,Qualcomm CEO Says Many Others Want Arm to Remain Independent,0.99,0.096,0.895,0.008
33,"Microsoft Stock Supports Nasdaq, Dow Futures Gain On Oil, Energy",-0.178,0.152,0.711,0.137
34,Influencers with Andy Serwer: Kai-Fu Lee,0.477,0.086,0.914,0.0
35,These 4 Stocks Are Netting Warren Buffett a Combined $3.1 Billion in Annual Dividend Income,0.836,0.178,0.822,0.0
36,"Jim Cramer on Apple, Crypto, Gensler, Macau, Microsoft, Rivian: Watch Live",0.0,0.0,1.0,0.0
37,Dow Jones Futures Rise: Stock Market Rally Continues Bearish Trend; Chinese Economic Data Weakens,-0.064,0.091,0.804,0.105
38,"Microsoft, Citrix, Weber Rise Premarket;  Wynn Resorts Falls",0.977,0.097,0.884,0.019
39,"Microsoft Stock Boosts Nasdaq, Dow Futures Slip Lower On Growth Concerns",-0.178,0.152,0.711,0.137
40,"U.S. Futures Edge Higher; Microsoft Buyback, Industrial Production in Focus",-0.794,0.061,0.866,0.073
41,"Stocks Move Higher, China Takes Aim at Casinos and Newsom Wins Recall - 5 Things You Must Know",0.511,0.123,0.831,0.047
42,"iPhone 13, Apple Watch Series 7 and iPad Mini: Apple’s Big September News",0.612,0.11,0.86,0.03
43,"A free iPhone 13? Wireless carriers’ subsidies could make it happen, with some catches",0.665,0.11,0.89,0.0
44,"Apple’s iPhone 13 upgrades are boring, but they will still sell",0.0,0.0,1.0,0.0
