﻿,Titles,Polarity,Positive,Neutral,Negative
0,Apple CEO Tim Cook’s compensation rises to nearly $100 million thanks to new stock award,0.0,0.0,1.0,0.0
1,"Dow Jones Futures: Market Rally Fizzles, Apple, Tesla Fall; GME Stock, Trump Stock DWAC Spike On News",0.0,0.0,1.0,0.0
2,Apple’s Milestone Is Paving the Way for an Explosion of Wealth for Smaller Tech Companies,0.998,0.104,0.859,0.037
3,Why Facebook Is a Must-Own Metaverse Stock in 2022,0.0,0.0,1.0,0.0
4,Apple Supplier TDK Looks Beyond Phones in Bid to Double Battery Sales,0.98,0.078,0.89,0.032
5,"Health care sector 'is a prime candidate for an inflationary environment,' analyst says",0.494,0.08,0.92,0.0
6,10 Warren Buffett Stocks That Belong on Your 2022 Watchlist,1.0,0.116,0.86,0.024
7,"CES 2022: BMW unveils color-changing car, John Deere rolls out driverless tractor, chips stand out",0.0,0.0,1.0,0.0
8,15 Important Stock Picks of Major Hedge Funds in 2021,1.0,0.132,0.848,0.019
9,How Digital Health Firms Are Innovating Far Beyond Your Wrist,0.273,0.11,0.89,0.0
10,Fed rate hikes ‘will not affect’ stalwart FAANG stocks: Strategist,0.998,0.118,0.85,0.032
11,"Rivian stock tanks, briefly dips below IPO price",0.959,0.089,0.878,0.033
12,Tyler (TYL) and Colorado's SIPA Extend Contract for One Year,0.998,0.125,0.872,0.004
13,Earnings season will bring ‘a dash of reality’ to markets: Analyst,0.0,0.0,1.0,0.0
14,3 Top 5G Stocks to Buy in January,0.883,0.125,0.875,0.0
15,What iPod inventor Tony Fadell says he learned from Steve Jobs,0.964,0.072,0.893,0.034
16,Nokia Stock Is an Enticing Value Play Even After 2021 Gains,1.0,0.178,0.791,0.031
17,Top 10 Stock Picks of Paul Marshall and Ian Wace’s Marshall Wace LLP,0.999,0.094,0.897,0.008
18,Acorns Moves Onto Robinhood’s Turf With Direct Stock Investing,0.992,0.093,0.897,0.01
19,Warren Buffett Loves These Stocks. Are They Right for You?,0.422,0.177,0.823,0.0
20,2 Hypergrowth Stocks to Buy in 2022 and Beyond,-0.351,0.055,0.841,0.104
21,My Top Web 3.0 Stocks to Buy and Hold in 2022,0.202,0.053,0.904,0.043
22,What iPod inventor Tony Fadell says he learned from Steve Jobs,0.979,0.112,0.888,0.0
23,Influencers with Andy Serwer: Phil Hutcheon &amp; Tony Fadell,1.0,0.141,0.837,0.023
24,Top 10 Stock Picks of Mick Hellman’s HMI Capital,1.0,0.104,0.864,0.032
