﻿,Titles,Polarity,Positive,Neutral,Negative
0,Why Foxconn's Q1 Revenue Bodes Well for Apple,0.971,0.081,0.904,0.015
1,Innoviz is ‘ahead of the pack’ in the lidar space: CEO,0.0,0.0,1.0,0.0
2,Apple's March-Quarter Sales Seen Getting Lift From Services Growth,-0.34,0.053,0.824,0.124
3,Apple Stock Is Rising. Street Focus Turns to Services Ahead of Earnings.,0.758,0.366,0.634,0.0
4,Top 10 Lessons of the Archegos Collapse,0.382,0.073,0.889,0.038
5,Stock Market Today With Jim Cramer: Stay With Apple,0.273,0.196,0.694,0.11
6,"S&amp;P 500  Flirts With Record, But 'Overbought' Jitters Keep Lid on Gains",0.994,0.13,0.822,0.048
7,Chip shortage could impact sectors beyond the auto industry: Micron’s Manish Bhatia,0.998,0.085,0.886,0.029
8,"Leaders of Apple, Hapbee, AI/ML and Garmin Excited About New Growth Opportunities in Booming Wearable Technologies Market",1.0,0.182,0.797,0.022
9,Two Companies Will Reach $2 Trillion Next (Tesla Isn't One),0.706,0.196,0.804,0.0
10,Could Peloton Be a Millionaire-Maker Stock?,0.649,0.099,0.883,0.018
11,Apple Price Target Cut by Morgan Stanley,-0.115,0.071,0.842,0.087
12,Apple And Facebook Now Clash Over Document Requests In Epic Legal Battle,-0.66,0.047,0.893,0.06
13,LG Exiting Smartphone Business,0.758,0.106,0.894,0.0
