﻿,Titles,Polarity,Positive,Neutral,Negative
0,Dow Jones Futures Fall: First Bitcoin ETF To Debut; Tesla Nears Record High,0.0,0.0,1.0,0.0
1,Apple (AAPL) Outpaces Stock Market Gains: What You Should Know,0.981,0.08,0.897,0.023
2,Dow Jones Futures: First Bitcoin ETF To Debut; Tesla Nears Record High,0.0,0.0,1.0,0.0
3,"US STOCKS-S&amp;P, Nasdaq enjoy boost from big tech firms, Dow ends a hair lower",0.992,0.11,0.852,0.038
4,Kevin O’Leary sees ‘trillions’ coming to crypto — but he still loves these income stocks,0.999,0.16,0.828,0.012
5,Apple's latest products are 'bending the power performance curve’: Analyst,0.402,0.109,0.891,0.0
6,"Biggest takeaways of Apple's M1 Pro, M1 Max chips and third-generation AirPods",0.0,0.0,1.0,0.0
7,"US STOCKS-S&amp;P, Nasdaq enjoy boost from big tech firms, Dow dips",0.99,0.117,0.848,0.035
8,"Apple launches faster chips, MacBook Pro laptops, Airpods at October event",0.985,0.084,0.911,0.005
9,"Apple Launches New MacBooks, AirPods, Music Plan, HomePod Colors",0.0,0.0,1.0,0.0
10,Apple’s New AirPods Are Now Available With Magnetic Charging Features,0.969,0.083,0.893,0.025
11,Apple Announces New Macs and Next-Generation AirPods,0.47,0.127,0.873,0.0
12,"US STOCKS-S&amp;P, Nasdaq enjoy boost from big tech firms, Dow dips",0.98,0.078,0.889,0.033
13,Why Disney stock has been dead money for months,0.98,0.075,0.896,0.029
14,Apple unveils new AirPods and MacBook Pros with M1 Pro and Max chips,0.0,0.0,1.0,0.0
15,Apple Drops Intel in Biggest MacBook Pro Overhaul in Years,0.476,0.037,0.937,0.027
16,"Apple Unleashes New MacBooks, AirPods, Low-Cost Apple Music Plan",0.0,0.0,1.0,0.0
17,Apple unveils new AirPods and high-end Mac computers as it expands its holiday lineup,0.402,0.097,0.903,0.0
18,Apple debuts new MacBook Pros with M1 Pro and M1 Max chips,0.991,0.058,0.939,0.002
19,"Game-changing MacBook Pro with M1 Pro and M1 Max delivers extraordinary performance and battery life, and features the world's best notebook display",1.0,0.095,0.897,0.009
20,Final Cut Pro and Logic Pro updated with powerful new features and unprecedented performance on the all-new MacBook Pro with M1 Pro and M1 Max,0.998,0.101,0.875,0.024
21,Introducing M1 Pro and M1 Max: the most powerful chips Apple has ever built,0.999,0.1,0.894,0.007
22,Apple Launches New AirPods and $4.99 Siri-Only Apple Music Plan,0.972,0.084,0.876,0.04
23,Apple reveals third-generation AirPods with water resistance for $179,0.932,0.057,0.943,0.0
24,Apple Kicks Off Special ‘Unleashed’ Event With New AirPods,0.612,0.278,0.722,0.0
25,Apple introduces HomePod mini in new bold and expressive colors,1.0,0.124,0.871,0.005
26,Introducing the next generation of AirPods: The world's most popular wireless headphones just got better,0.999,0.093,0.894,0.013
27,Apple introduces the Apple Music Voice Plan,0.999,0.117,0.878,0.005
28,"UPDATE 2-Apple rolls out new AirPods, $5 music subscription; new Mac laptops also expected",0.88,0.069,0.931,0.0
29,S&amp;P 500 Climbs as Tech in Favor Ahead of Busy Earnings Week,-0.026,0.067,0.868,0.065
30,iPhone Assembler Foxconn Rolls Out EVs. How the Auto Industry Is Changing.,0.0,0.0,1.0,0.0
31,Apple Seen Launching New Macs at Special ‘Unleashed’ Event,0.0,0.0,1.0,0.0
32,"J&amp;J, Procter &amp; Gamble, Netflix Earnings: 3 Things to Watch",0.836,0.053,0.919,0.028
33,"5 Top Stock Gainers for Monday: Goldman Sachs, Apple",0.202,0.114,0.886,0.0
34,Apple Reveals Latest Macbook Pro with Updated In-House Chips,0.914,0.054,0.946,0.0
35,"At Amazon, Some Brands Get More Protection From Fakes Than Others",0.998,0.118,0.817,0.066
36,"S&amp;P 500 Cuts Losses as Tech, Energy Gain",0.691,0.079,0.854,0.067
37,Analysts Sees Apple Launching New Macs With Powerful Processors,0.926,0.104,0.874,0.022
38,Dow Jones Falls On Weak China Data; Apple Sells Off Ahead Of 'Unleashed' Event,-0.382,0.09,0.729,0.181
39,How Apple's Privacy Policy Change Affected Advertising Business?,-0.226,0.043,0.917,0.04
40,Can Peloton Ride the Bike to New Heights?,0.0,0.0,1.0,0.0
41,Dow Jones Futures Fall On Weak China Data; Apple Drops Ahead Of 'Unleashed' Event,-0.382,0.09,0.729,0.181
42,Apple: Buy or Sell on Monday's Event? Check the Chart.,0.402,0.114,0.886,0.0
43,Netflix Estimates ‘Squid Game’ Is Worth $900 Million. Investors Are Betting It’s Worth More.,0.796,0.278,0.659,0.064
44,2 Top Stocks for a Solid Portfolio Foundation,0.743,0.31,0.69,0.0
45,A Peek Into The Markets: US Stock Futures Down Ahead Of Earnings,-0.077,0.049,0.908,0.043
46,Apple expected to unveil new Macs with more powerful chips,0.948,0.062,0.938,0.0
47,RPT-UPDATE 1-Foxconn bullish on electric vehicle prospects as it shows off three prototypes,0.963,0.056,0.931,0.013
