﻿,Titles,Polarity,Positive,Neutral,Negative
0,At What Point Does an Individual Stock Become Too Big a Percentage of Your Portfolio?,0.382,0.088,0.912,0.0
1,Is Apple Inc. (AAPL) A Good Stock To Buy?,0.997,0.093,0.9,0.007
2,Epic v. Apple could be a legal marathon as appeals wend through system,-0.026,0.121,0.775,0.105
3,The iPhone 13 Has Longer Wait Times Than the iPhone 12. What That Means for Apple Stock.,0.0,0.0,1.0,0.0
4,"WallStreetBets Stocks, Implied Volatility, Option Volume Create Profit Opportunities",0.557,0.104,0.896,0.0
5,Why Goldman Sachs just launched this ETF that will rival FAANG stocks,0.989,0.11,0.876,0.014
6,Facebook Looks to Carve Out Market for Mobile Video-Chat Device,0.993,0.113,0.882,0.004
7,EU plans to legislate for common phone charger despite Apple grumbles,0.557,0.063,0.9,0.037
8,"Apple’s Latest, Hot IPOs, and the Future of AI",0.494,0.119,0.881,0.0
9,S&amp;P 500 Ends Lower as China-led Global Growth Worries Persist; Fed Eyed,-0.653,0.091,0.816,0.093
10,12 Best Big Tech Stocks to Buy Right Now,0.999,0.085,0.901,0.014
11,How Microsoft Is Putting Its Cash to Work,0.517,0.109,0.832,0.059
12,"3 Top Stocks For The Next Year, According To Gene Munster",0.996,0.159,0.836,0.004
13,Apple (AAPL) Releases iOS 15: Here's What You Need to Know,0.999,0.128,0.85,0.023
14,Netflix (NFLX) Wins Big at Emmy Awards 2021 With The Crown,0.999,0.248,0.732,0.02
15,A Bite Of The Apple: A Look At Why Apple Might Be A Good Trade,0.994,0.134,0.828,0.038
16,Add These 4 GARP Stocks to Your Portfolio for Maximum Returns,1.0,0.208,0.79,0.002
17,S&amp;P 500 Rebound Fades on Global Growth Concerns Ahead of Fed Meeting,-0.36,0.084,0.837,0.079
18,4 Top Stocks to Buy Amid the Evergrande Crisis-led Market Dip,-0.951,0.097,0.801,0.102
19,"If You'd Invested $1,000 in Twilio in 2016, This Is How Much You Would Have Today",0.671,0.101,0.899,0.0
20,10 Cheap Semiconductor Stocks to Buy Now,0.999,0.101,0.888,0.011
21,"The Zacks Analyst Blog Highlights: Apple, Thermo Fisher, Royal Dutch Shell, Microsoft and Estee Lauder",0.999,0.175,0.795,0.03
22,"The Zacks Analyst Blog Highlights: Goldman Sachs, Deere, Apple, Qualcomm and Nike",1.0,0.137,0.839,0.025
23,"Premarket Movers Tuesday: Uber, Johnson &amp; Johnson, Apple",0.0,0.0,1.0,0.0
24,Googlers Protest Removal of Russian App as Bend to Government,-0.987,0.051,0.871,0.078
25,"Uber, Apple, ConocoPhillips Rise Premarket; Lennar Falls",0.914,0.08,0.878,0.042
