﻿,Titles,Polarity,Positive,Neutral,Negative
0,"Apple is playing a shell game with its App Store changes, but that can’t last forever",0.273,0.063,0.937,0.0
1,Match Group asks Dutch regulators to reveal possible Apple antitrust decision,-0.296,0.061,0.883,0.056
2,Apple Delays Launch of Feature That Would Scan Photos for Child Abuse,-0.978,0.075,0.829,0.096
3,UPDATE 2-Apple says delays child safety feature after criticism,-0.778,0.081,0.815,0.104
4,What to expect from the iPhone 13,0.995,0.079,0.902,0.019
5,Apple's stock rises toward another record after Wedbush's Ives sees continued 'strong' demand for iPhones,0.612,0.063,0.92,0.017
6,Spotify Just Got a Big Boost From Apple,0.671,0.096,0.904,0.0
7,Apple Said It Will Lower Fees for Some Media Apps Like Netflix and Spotify. Its Stock Hit a Record High.,0.202,0.087,0.913,0.0
8,Stay Clear of Zoom Video Stock Until It Gives Back a Lot More Ground,0.983,0.08,0.89,0.031
9,3 Ways You Can Beat Warren Buffett in the Stock Market,0.382,0.098,0.902,0.0
10,Square's $160 Billion Market Opportunity and How It Plans to Grow Its Share,0.827,0.217,0.783,0.0
11,"Apple Will Delay Child Safety Feature Rollout Following Tech, Privacy Backlash",0.202,0.067,0.933,0.0
12,National Labor Relations Board Fields Complaints About Apple,-0.973,0.081,0.79,0.129
13,UPDATE 1-U.S. labor agency investigating two complaints from Apple workers,0.361,0.076,0.848,0.075
