﻿,Titles,Polarity,Positive,Neutral,Negative
0,"Dow Jones Futures: Market Rally Steps Up As Apple Leads, But Be Wary; 5 Key Earnings",0.925,0.237,0.763,0.0
1,"Tillar-Wenstrup Advisors, LLC Buys VanEck Investment Grade Floating Rate ETF, Union Pacific ...",0.994,0.063,0.932,0.005
2,"Americana Partners, LLC Buys Adobe Inc, Apple Inc, Meta Platforms Inc, Sells Amazon. ...",0.997,0.062,0.933,0.005
3,Nasdaq Composite ends 3.1% higher as late-Friday fillip wipes out unsavory weekly stock-market losses,0.34,0.103,0.897,0.0
4,E-Mini NASDAQ Building Support Base inside Retracement Zone,0.963,0.065,0.92,0.016
5,"Dow Jones Rallies As Apple Stuns Wall Street; Tech Stocks Lead, Robinhood Surges",0.579,0.162,0.783,0.055
6,Stock Market Today: Apple Lifts Stocks to Cap Wild Week,0.999,0.156,0.778,0.066
7,Apple could have another blowout year amid ‘scary’ demand for its products,0.994,0.093,0.879,0.028
8,How Spotify's Neil Young fight signals platform's 'grown up' turning point,0.889,0.064,0.885,0.051
9,3 Stocks to Buy Now That Are Winning on Earnings,0.995,0.115,0.845,0.04
10,What Does #CancelSpotify Really Mean for AAPL Stock?,0.997,0.124,0.853,0.024
11,"4 Top Stock Trades for Monday: Bitcoin, V, X, HOOD",0.993,0.134,0.785,0.081
12,The Outlook for Tech Stocks in a Rising Rate Environment,0.998,0.088,0.881,0.031
13,Dow Jones Struggles As Apple Stuns Wall Street; Tech Stocks Lead; Robinhood Rallies,0.758,0.31,0.578,0.112
14,Stocks' Chaotic Ride Continues as Major Indexes Swing to Green,0.637,0.111,0.86,0.029
15,Is It Time To Buy High-Growth Stocks?,0.995,0.166,0.81,0.024
16,US STOCKS-S&amp;P 500 gains near the end of frenetic week,0.964,0.09,0.848,0.062
17,"Apple stock pops after blowout earnings report, Robinhood stock up despite earnings miss",0.0,0.0,1.0,0.0
18,C3.ai Is Value in a Bottle as the Price Sinks Even Lower,0.98,0.109,0.819,0.072
19,"Apple 'scales so well,' Argus Research Director explains",0.494,0.151,0.849,0.0
20,Market Update: Why Are Stocks Up Friday?,0.982,0.07,0.921,0.01
21,"US STOCKS-Apple, Visa power Wall St higher as roller-coaster week winds down",0.878,0.076,0.864,0.06
22,Will Apple buy Peloton?,0.991,0.104,0.852,0.044
23,13 Firms Hoard $1 Trillion In Cash (We're Looking At You Apple),0.586,0.195,0.805,0.0
24,Apple and Microsoft Lead Gains as Tech Stocks Stage Comeback,0.975,0.107,0.838,0.055
25,"Stock Market Gains On Apple Earnings, Mixed Economic Data; Chevron Reports Mixed Earnings",-0.202,0.108,0.75,0.142
26,Weekend reads: Robinhood’s bad news — and a bit of good news,-0.7,0.079,0.785,0.136
27,"Apple (AAPL) Q1 Earnings Top Estimates, Revenues Surge Y/Y",0.996,0.101,0.873,0.026
28,Apple earnings: Analyst describes 'the scary thing' about the tech giant's strong quarter,0.0,0.0,1.0,0.0
29,"An Apple Bear Throws In the Towel, Removes Sell Rating",-0.459,0.0,0.857,0.143
30,"35 AGs, DoJ, Microsoft agree with Epic: They say Apple blunts competition",0.226,0.076,0.872,0.052
31,"Nasdaq Composite pops 1.6% higher Friday, and the S&amp;P 500 and Dow bounce around, but stocks still headed for fresh weekly losses",0.0,0.0,1.0,0.0
32,"Market check: Stocks mixed, Apple shares rise, yield curve contracts",0.0,0.0,1.0,0.0
33,"Stock Market Whipsaws Lower On Hawkish Fed, Tesla; Apple, Microsoft Earnings Strong: Weekly Review",0.273,0.147,0.756,0.098
34,Apple Expects 'Solid' March-Quarter Growth As Chip Shortages Ease,-0.016,0.066,0.867,0.067
35,S&amp;P 500 Ends Week in Green as Apple Leads Tech Resurgence,-0.375,0.073,0.866,0.061
36,"Stocks Drop As Dow, S&amp;P Head for Fourth-Straight Weekly Decline",0.296,0.109,0.891,0.0
37,US STOCKS-S&amp;P 500 flirts with correction for fifth time on rate hike worries,0.531,0.061,0.883,0.055
38,"Google, Meta Can’t Just Eat Up Competitors, California AG Says",0.649,0.086,0.838,0.076
39,Dow and S&amp;P Head for Fourth-Straight Weekly Decline,0.0,0.0,1.0,0.0
40,Potlach and Fisker have been highlighted as Zacks Bull and Bear of the Day,1.0,0.135,0.827,0.038
41,"U.S. stock indexes slip, heading for another losing week, despite upbeat Apple results",-0.807,0.075,0.661,0.264
42,"Dow stumbles nearly 300 points lower after brief rise and stocks broadly sink Friday, despite upbeat Apple results",-0.599,0.102,0.646,0.252
43,"Stevens Capital Management Lp Buys VanEck Gold Miners ETF, Boeing Co, Financial Select Sector ...",0.997,0.049,0.947,0.004
44,"US STOCKS-Nasdaq set for higher open after Apple results, inflation data",0.413,0.066,0.874,0.06
45,What Microsoft's Big Deal Means for Metaverse Investors,0.026,0.066,0.868,0.065
46,"Apple's Rising, but This SaaS Stock's Rally Is More Important for Growth Investors",-0.107,0.054,0.888,0.058
47,U.S. stock futures turn lower  as upbeat Apple results fail to inspire weary investors,0.848,0.307,0.693,0.0
48,Start Your Investing Resolutions Off Right With This Classic Stock Bundle,-0.338,0.066,0.828,0.106
