﻿,Titles,Polarity,Positive,Neutral,Negative
0,Alphabet (GOOGL) Boosts Cybersecurity Reach with Siemplify,0.999,0.209,0.754,0.037
1,Chip Execs Say There’s No Short-Term Fix for Supply Shortage,-0.965,0.053,0.849,0.098
2,Alibaba Stock Is Set to Rise From the Grave in 2022,0.983,0.106,0.827,0.067
3,Apple’s road to $4 trillion starts with its rumored headset and Apple car,0.995,0.07,0.916,0.014
4,Google to Rival Apple by Further Deepening Ties Among Devices,0.927,0.072,0.887,0.041
5,"Meta Disputes Report It Halted Work on AR, VR Operating System",-0.896,0.037,0.909,0.054
6,"Bitcoin Beat All Equities in 2021, Data Shows",0.052,0.073,0.862,0.065
7,Carl Icahn's $40 Billion Missed Opportunity,0.987,0.101,0.843,0.056
8,New Street Explains Why Intel Scores Ahead Of AMD On Single-Thread Performance Metrics,0.791,0.042,0.958,0.0
9,"‘The Fed is going to reverse again,’ DoubleLine’s Gundlach says, ‘and this might be the last time’",-0.422,0.0,0.922,0.078
10,7 Stocks to Buy That Will Benefit From Biden’s Big Antitrust Plans,1.0,0.131,0.83,0.039
11,Sony shares pop on news that it intends to 'explore entry into the EV market',0.807,0.032,0.968,0.0
12,"Ignore Tesla and Apple Stock for Massive Returns in Tech, Says UBS. Look Here Instead.",0.361,0.149,0.851,0.0
13,"Ignore Tesla and Apple for Massive Returns in Tech, Says UBS. Look Here Instead.",0.361,0.149,0.851,0.0
14,Apple Is Still Innovating and Yields More Than You Think,0.382,0.11,0.89,0.0
15,Read What Evercore Said On Apple App Store Growth,0.946,0.099,0.882,0.019
16,7 Long-Term Stocks to Buy and Hold Until 2030 for Proven Gains,1.0,0.132,0.851,0.017
17,Fisker Stock Looks Better in the Long Term After Its Recent Rally,0.997,0.104,0.871,0.025
18,Why an online ticketing platform considers Netflix its competition,0.987,0.125,0.875,0.0
19,"The Zacks Analyst Blog Highlights: Apple, Alphabet, Microsoft, Amazon and Meta Platforms.",0.998,0.114,0.849,0.037
20,UPDATE 1-German cartel office steps up examination of Google products,0.077,0.033,0.948,0.02
21,German cartel office steps up examination of Google products,0.077,0.033,0.946,0.02
22,Roomba Maker Seeks to Block Rival SharkNinja Vacuums From U.S.,-0.939,0.059,0.863,0.078
23,"Sony Explores Selling EVs, Joining Tech Rush Into Red-Hot Arena",0.335,0.06,0.89,0.051
