﻿,Titles,Polarity,Positive,Neutral,Negative
0,Alphabet's Majestic Q2 Results Show It Remains King Of Search And Video Ads,0.99,0.084,0.894,0.022
1,Facebook’s Earnings Beat Forecasts. Why Wall Street Wasn’t Impressed.,0.041,0.114,0.793,0.093
2,I Still Like the Trillion-Dollar Stocks,1.0,0.149,0.823,0.028
3,Apple’s new debt deal could mean more shareholder rewards after blowout earnings,0.477,0.088,0.912,0.0
4,Why Shares of Qualcomm Jumped Today,0.71,0.098,0.88,0.022
5,Amazon to report Q2 earnings with new CEO Andy Jassy at the helm,0.989,0.1,0.868,0.032
6,Apple Plans to Issue $6.5 Billion of Bonds in Four Parts,0.296,0.128,0.872,0.0
7,Silicon Valley is hardening  line on returning to work — its fully vaccinated or bust,0.273,0.037,0.963,0.0
8,Silicon Valley is hardening its line on returning to work — its fully vaccinated or bust,0.273,0.037,0.963,0.0
9,Should You Consider Investing in TransAct Technologies (TACT)?,0.999,0.122,0.844,0.034
10,S&amp;P 500 Closes Near Record High as Bulls Bid Up Cyclical Stocks,0.998,0.17,0.783,0.046
11,Facebook's earnings beat overshadowed by revenue slowdown warnings,0.039,0.098,0.808,0.093
12,Apple Plans New Debt Offering As It Continues Push To Trim Net Cash Position,0.0,0.0,1.0,0.0
13,"For big tech, online advertisement is the new rent: expert",0.0,0.0,1.0,0.0
14,"Dow Jones Rallies As U.S. GDP Disappoints; Tesla Races Higher, Robinhood IPO Set To Jump In Debut",-0.296,0.0,0.905,0.095
15,"GarageBand Amps Up Music Creation with All-New Sound Packs From Dua Lipa, Lady Gaga, and Today’s Top Music Producers",1.0,0.153,0.839,0.008
16,"Data Disappointments: Q2 GDP Growth Softer Than Expected, While Jobless Claims Remain High",0.999,0.119,0.835,0.045
17,Apple Back in Bond Market With Shareholder Returns in Focus,0.985,0.111,0.855,0.034
18,"S&amp;P 500, Dow in Record Climb as Signs of Consumer Strength Boost Cyclicals",0.996,0.152,0.792,0.056
19,4 Takeaways From Apple's Earnings Call,-0.44,0.061,0.801,0.138
20,U.S. GDP Trails Forecast Even as Consumer Spending Surges,0.984,0.099,0.873,0.028
21,No More ‘Dumb and Dumber’: T-Mobile Is Done Taunting Its Rivals,0.999,0.128,0.824,0.048
22,Apple Stock Gains On New Bond Sale Plans: Jim Cramer Sees Share Buybacks,0.422,0.153,0.847,0.0
23,"FB Stock A Buy? Facebook Earnings Rock, But The Beat Is Set To Slow",-0.052,0.102,0.787,0.11
24,Facebook Falls As It Warns Revenue Growth May Slow Significantly,0.981,0.124,0.838,0.038
25,Traders Looking for More Rotational Action as Facebook Stumbles,0.0,0.0,1.0,0.0
26,Samsung Makes Foldable Phones a Key Priority for Mobile Business,0.988,0.085,0.909,0.005
27,The Tech Sector's Enormous Earnings Power,0.999,0.12,0.857,0.024
