﻿,Titles,Polarity,Positive,Neutral,Negative
0,House Bills Seek to Break Up Amazon and Other Big Tech Companies,0.0,0.0,1.0,0.0
1,Apple tightens legal request rules after Justice Department targets lawmakers,0.599,0.063,0.937,0.0
2,"4 Top Stock Trades for Monday: AMZN, FB, NIO, Bitcoin Cash",0.994,0.114,0.851,0.035
3,Tech Giants Face Demands to Downsize in New Antitrust Bills,0.907,0.097,0.834,0.069
4,House Bill Could Force Tech Giants to Sell Certain Operations,-0.361,0.097,0.737,0.166
5,Bipartisan lawmakers introduce five bills directed at big tech,0.96,0.096,0.893,0.012
6,4 Unshortable Stocks That Are Too Risky to Bet Against,1.0,0.186,0.805,0.01
7,Why The Apple-Led Stock Buybacks Boom May Get Caught In Biden's Tax-Hike Net,-0.103,0.072,0.84,0.088
8,House Bill Would Force Tech Giants to Sell Some Operations: Report,-0.361,0.071,0.808,0.121
9,Better Meme Stock: Wendy’s or Palantir Technologies?,0.998,0.132,0.843,0.025
10,Why You Should Be Holding On to Your Amazon Stock,0.976,0.101,0.845,0.055
11,UPDATE 4-Justice Dept watchdog to probe seizure of Democrats' communications data,0.911,0.071,0.877,0.052
12,"Some Big Tech companies may ‘do better if they’re not connected at the hip,’ says $9.5 billion fund manager",0.0,0.0,1.0,0.0
13,Warren Buffett’s Most Profitable Investments of All Time,1.0,0.118,0.858,0.024
14,"Dow Jones Reverses Lower As S&amp;P 500 Nears Record High; Tesla Slides; Apple, Microsoft Near New Buy Points",0.0,0.0,1.0,0.0
15,"Amazon Joins Other Tech Giants in Setting ""3 &amp; 2"" Workweek",0.909,0.149,0.851,0.0
16,10 Best Stocks to Invest in According to Bruce Berkowitz’s Fairholme Capital,1.0,0.125,0.863,0.011
17,Trump Government Summoned Apple To Investigate Information Leaks: Reuters,0.869,0.067,0.915,0.019
18,"House Members Are Said Proposing to Split Amazon, Alphabet, Apple, Facebook",0.178,0.096,0.904,0.0
19,"Zacks Industry Outlook Highlights: Apple, Lenovo and 3D Systems",1.0,0.145,0.835,0.02
20,The 1 Stock You've Been Overlooking for Your Roth IRA,0.948,0.201,0.799,0.0
21,"S&amp;P 500 Hits Record High; Biogen Alzheimer's Drug, Tesla, Apple, RH, GameStop In Focus: Weekly Review",0.0,0.0,1.0,0.0
22,Bulls vs. Bears: Who's Right About Magnite's Stock?,-0.026,0.039,0.92,0.041
23,Tech Stocks Roundup: Social Media and FAANG Stocks Surge,0.202,0.087,0.913,0.0
24,"Elon Musk's China Nemesis Survived Once, But He Has a Fight Ahead",0.999,0.079,0.882,0.038
25,Trump administration subpoenaed Apple for lawmakers' data -New York Times,0.96,0.069,0.914,0.017
