﻿,Titles,Polarity,Positive,Neutral,Negative
0,"Dow Jones Futures: Stock Market Rally Passes Inflection Point; Apple, Exxon Flash Buy Signals",-0.34,0.103,0.647,0.25
1,"Amazon's ad business could grow bigger than AWS, analyst argues",0.981,0.075,0.925,0.0
2,"US STOCKS-S&amp;P 500, Nasdaq register biggest monthly gains since 2020",0.993,0.122,0.834,0.043
3,"Markets close out the week on monthly gains, energy leads major sectors",0.964,0.095,0.896,0.009
4,Stock Market Today: Big Tech Boosts Stocks to Best Month Since 2020,0.99,0.097,0.871,0.032
5,Tech stocks: What Wall Street experts recommend in a bear market,0.994,0.084,0.885,0.031
6,"Apple TV+ content earns 250 award wins, Q3 revenue growth slows to $19.6 billion",0.844,0.349,0.651,0.0
7,Why Apple Stock Climbed Today,0.625,0.096,0.904,0.0
8,"US STOCKS-Wall St extends recent rally, posts strong monthly gains",0.984,0.115,0.849,0.036
9,S&amp;P 500 and Nasdaq on track for biggest monthly gains since November 2020,0.691,0.178,0.822,0.0
10,"US STOCKS-Wall St extends recent rally, set for strong monthly gains",0.981,0.108,0.849,0.043
11,Here's How Far Apple Stock May Rally on Earnings,0.026,0.094,0.815,0.09
12,What Recession? 5 Stocks Leading the Nasdaq to Its Best Month Since 2020,0.727,0.245,0.755,0.0
13,Big Tech’s Reign Isn’t Over Yet. These 3 Stocks Look Like Strong Buys.,0.751,0.33,0.67,0.0
14,"Apple, Amazon &amp; Big Tech Showcase Their Earnings Power Once Again",0.999,0.147,0.823,0.03
15,"US STOCKS-Nasdaq, S&amp;P 500 rise on upbeat forecasts from Apple, Amazon",0.978,0.105,0.834,0.061
16,Analysts are Cutting Price Targets of These 10 Tech Stocks After Earnings,0.992,0.095,0.862,0.043
17,Amazon Vs. Exxon: Here's the Winner (for Investors),0.43,0.145,0.756,0.099
18,Intel CEO on earnings miss: 'We believe that we are at the bottom',0.34,0.054,0.904,0.042
19,Drilling Down into Apple's 3Q Print,0.995,0.124,0.837,0.039
20,Stock Market Today: Dow in Best Month Since 2020 as Big Tech Powers Ahead,0.963,0.125,0.791,0.084
21,What Amazon earnings say about the tech sector,0.178,0.091,0.909,0.0
22,Apple Had a Strong Quarter. 5 Reasons to Buy the Stock.,0.318,0.119,0.881,0.0
23,"Apple Posts Record Revenues, Beats on Earnings: ETFs to Buy",0.998,0.133,0.846,0.021
24,Meta Faces A Long And Winding Road To Get Out Of A Muddy Morass,0.026,0.101,0.802,0.097
25,"S&amp;P 500 Rises as Apple, Amazon Rally to Keep Big Tech in Demand",0.895,0.121,0.789,0.09
26,Slowdown in PC Sales is Taking a Bite Out of Tech,0.969,0.075,0.889,0.036
27,"Indexes Rise, On Track To Close Out Best Month Since 2020; Apple, Amazon Earnings Boost Nasdaq",0.796,0.31,0.69,0.0
28,Apple Provides Ammunition for the Bulls: How to Trade It Now,0.0,0.0,1.0,0.0
29,"Stocks climb in intraday trading, Amazon stock pops on earnings",0.0,0.0,1.0,0.0
30,"Stock Market Rally Powers Higher On Fed Rate Hints; Apple, Microsoft, Meta, Amazon, Google Key Earnings: Weekly Review",0.0,0.0,1.0,0.0
31,"Amazon, Apple raise hopes as investors brace for slowdown",0.956,0.118,0.831,0.051
32,"Apple ‘is still being constrained by supply,’ analyst says",0.0,0.0,1.0,0.0
33,Apple Stock Nears Buy Point After 'Top Gun'-Style June Quarter,0.382,0.126,0.874,0.0
34,This Tech Giant Earns a Price Target Upgrade,0.765,0.336,0.664,0.0
35,"Midday Movers: Apple, Roku, Exxon Mobil and More",0.84,0.113,0.821,0.066
36,"Dow Jones Reverses Higher Despite Hot Inflation Report; Amazon, Apple Rally On Earnings",0.612,0.227,0.773,0.0
37,"Investors need to ‘start selectively moving into the recovery trade,’ strategist says",0.0,0.0,1.0,0.0
38,"Dow Jones Drops On Hot Inflation Report; Amazon, Apple Rally On Earnings",0.612,0.238,0.762,0.0
39,"Apple reports record revenue, solid earnings beat in Q3",0.511,0.32,0.68,0.0
40,10 Cybersecurity Stocks to Buy as US-China Tensions Mount,0.999,0.128,0.836,0.036
41,Stock market news live updates: Stocks on pace for best month since 2020,0.989,0.106,0.885,0.009
42,"Apple (AAPL) Q3 Earnings Top Estimates, Revenues Increase Y/Y",0.987,0.078,0.878,0.044
43,Apple Had a Strong Quarter. Five Reasons to Buy the Stock.,0.318,0.119,0.881,0.0
44,"Apple Loses Steam, but iPhone Demand Remains Strong -- Is the Stock a Buy?",0.723,0.114,0.886,0.0
45,"Dow Jones Futures Rise Ahead Of Key Inflation Report; Amazon, Apple Rally On Earnings",0.612,0.208,0.792,0.0
46,PBF Energy and Southern Copper have been highlighted as Zacks Bull and Bear of the Day,1.0,0.13,0.824,0.046
47,"Amazon, Apple, Roku, Intel and More Stock Market Movers Friday",0.586,0.134,0.866,0.0
48,"Amazon, Apple and More Stocks to Watch Friday",0.947,0.251,0.749,0.0
