﻿,Titles,Polarity,Positive,Neutral,Negative
0,Elon Musk Doesn't Like Apple News,0.875,0.073,0.88,0.047
1,Apple Tried to Hire Away Former Google Search Chief Ben Gomes,0.969,0.072,0.904,0.023
2,"Why Josh Brown Just Compared Nvidia To Apple, Microsoft",0.95,0.101,0.868,0.031
3,"Stock Market Ends Mixed Amid Fed Concerns, But Tech Leader Nvidia Jumps On Earnings",0.119,0.091,0.835,0.074
4,"Netflix Confirms Spatial Audio Launch On Apple Devices, Targets Mobile Gaming: TechCrunch",0.296,0.059,0.898,0.043
5,Apple Shuts Store After More Than 20 Employees Exposed to Covid,-0.388,0.037,0.911,0.052
6,Jim Cramer: These Firms Can Put Through a Price Increase and It Doesn't Matter,0.318,0.081,0.919,0.0
7,Apple's Plan To Scan iPhones For Child Abuse Sparks Global Protests: Reuters,-0.912,0.074,0.784,0.142
8,"Cramer's Mad Money Recap: Microsoft, Apple, Costco, Amazon",0.842,0.325,0.626,0.049
9,"This Shoe Store Company Has A Better One-Year Return Than Amazon, Apple, Disney, Microsoft, Netflix, PayPal and Tesla",0.965,0.096,0.896,0.008
10,S&amp;P 500 Ekes Out Gain as Tech Shines in Wild Session,0.984,0.12,0.824,0.056
11,"After A False Breakout, Where Will Apple Find Support?",0.986,0.171,0.817,0.013
12,10 Best Stocks to Buy According to Warren Buffett,1.0,0.145,0.838,0.017
13,"Apple’s Wall Street Estimates Look Too Conservative, Analyst Says",0.473,0.164,0.772,0.064
14,Berkshire Hathaway Gives Investors an Update,0.511,0.043,0.957,0.0
15,It's Time for Facebook to Start Paying a Dividend,0.511,0.158,0.842,0.0
16,S&amp;P 500 Cuts Losses on Tech Strength as Traders Contend Wild Swings,0.916,0.096,0.84,0.064
17,Could This Ethical Technology Company be as Revolutionary as Tesla?,0.998,0.131,0.838,0.031
18,"Dow Jones Futures Extend Stock Market Sell-Off As Fed Moves To Exit; Nvidia, dLocal, Robinhood Earnings Late",-0.455,0.0,0.858,0.142
19,Robinhood Enjoys Crypto Boom. Why the Stock Is Tumbling.,0.202,0.066,0.891,0.043
20,Apple Posturing On Security Researchers Questioned As It Resumes Legal Battle Against iPhone-Emulation Developer,-0.941,0.047,0.874,0.079
21,"Apple iPhone Sales In China Picking Up Pace, Expect Continued Strength With iPhone 13 Launch, Says Analyst",0.871,0.062,0.902,0.036
22,"UPDATE 1-Policy groups ask Apple to drop plans to inspect iMessages, scan for abuse images",-0.987,0.04,0.863,0.097
