﻿,Titles,Polarity,Positive,Neutral,Negative
0,Jeff Bezos Steps Down as CEO on Monday. Here’s What It Means for Amazon’s Stock.,0.077,0.19,0.711,0.099
1,"Dow Jones Rallies As Apple, Microsoft Lead; AMC Stock Dives; Tesla Delivery Gains Vanish",0.34,0.103,0.897,0.0
2,"Mega caps liking job numbers, Tesla's Q2 delivery record, RIDE &amp; DiDi dive",0.99,0.078,0.882,0.041
3,These 3 No-Brainer Stocks Are Leading the Market Higher Friday,0.899,0.24,0.76,0.0
4,Roku Gets Apple to Push the Button,0.0,0.0,1.0,0.0
5,Apple Breaks Out,0.705,0.263,0.737,0.0
6,"Dow Jones Up As Microsoft, Apple Lead; Stock Market Rallies On Strong Jobs Data",0.0,0.0,1.0,0.0
7,FB Stock Still A Buy? Facebook Target Hiked After 'Partial' Court Victory,0.0,0.0,1.0,0.0
8,Why Apple (AAPL) Could Beat Earnings Estimates Again,0.998,0.185,0.78,0.035
9,Is Apple Stock A Buy Before Its June-Quarter Earnings Report?,0.572,0.107,0.893,0.0
10,"Exclusive: EU's Vestager warns Apple against using privacy, security to limit competition",0.902,0.071,0.898,0.031
11,Amazon’s Jeff Bezos Is Handing Andy Jassy a Unique Set of Challenges,0.318,0.108,0.892,0.0
12,Apple Could Become Google's Biggest Cloud Customer,0.077,0.066,0.896,0.037
13,10 Best Young Stocks To Buy and Hold For 20 Years,1.0,0.094,0.891,0.015
14,Scenes From Silicon Valley’s Cautious Return to the Office,0.993,0.044,0.938,0.018
15,7 Strong Stocks to Buy for July 2021,1.0,0.116,0.875,0.009
16,Does Palantir Have the Right Stuff to Get Back to $40?,0.998,0.121,0.838,0.041
17,Robinhood Reveals Surging Loss This Year After 2020 Profit,0.984,0.073,0.89,0.037
