﻿,Titles,Polarity,Positive,Neutral,Negative
0,"Market check: Nasdaq stocks stage comeback, Dow and S&amp;P 500 close near all-time highs",0.0,0.0,1.0,0.0
1,"Inflation ‘will help us drive subscribers,’ fuboTV CEO says",0.0,0.0,1.0,0.0
2,Lumentum Stock: Will Apple Augmented Reality Headset Present New Opportunity?,0.494,0.151,0.849,0.0
3,Taiwan Semi (TSM) Strength a Positive for These 3 Stocks,1.0,0.176,0.803,0.022
4,"Linden Rose Investment LLC Buys Apple Inc, Alphabet Inc, Amazon. ...",0.977,0.054,0.939,0.007
5,"Stolper Co Buys Apple Inc, Berkshire Hathaway Inc, JPMorgan Chase, Sells Ardagh Metal Packaging ...",0.995,0.086,0.9,0.014
6,"S&amp;P 500 Rides Tech, Energy Rally as Powell Soothes Tightening Fears",0.39,0.089,0.841,0.07
7,Apple's Tim Cook made $98M in 2021 — how that compares to other tech CEOs,0.999,0.095,0.893,0.013
8,"With Political Volatility, $140 Will Be a Key Point for Alibaba Stock",-0.986,0.095,0.785,0.121
9,TD SYNNEX (SNX) Surges 4% as Q4 Earnings Beat Estimates,0.995,0.093,0.897,0.01
10,Griffin Sets Citadel Securities on IPO Path With Tech Backers,0.988,0.111,0.837,0.052
11,Apple (AAPL) App Store Revenues Reach $60 Billion in 2021,0.987,0.098,0.865,0.038
12,19 Giant Stock Winners Now Cost You $1 Trillion On The Way Down,0.44,0.112,0.888,0.0
13,"Apple’s Loss in Cloud Gaming Could Benefit Nvidia, Amazon, and Microsoft",0.0,0.0,1.0,0.0
14,Recalibrated Fed expectations have ‘shaken the confidence of markets’: Strategist,0.586,0.105,0.895,0.0
15,Prediction: These Will Be 3 of the Biggest Stocks by 2032,0.606,0.248,0.752,0.0
16,19 Mega-Winning Stocks Now Cost You $1 Trillion On The Way Down,0.44,0.112,0.888,0.0
17,3 Reasons to Buy Apple Stock,0.296,0.06,0.94,0.0
18,10 Best Low Cost Tech Stocks to Buy Right Now,1.0,0.167,0.814,0.019
19,Signs Point to ContextLogic’s Sales Slide Extending Into December,0.999,0.171,0.79,0.039
20,UPDATE 1-Apple submits plans to allow alternative payment systems in S.Korea - regulator,0.878,0.074,0.919,0.007
21,Apple submits plans to allow alternative payment systems in S.Korea - regulator,0.878,0.077,0.916,0.007
