﻿,Titles,Polarity,Positive,Neutral,Negative
0,3 Tech Stocks Investors Shouldn't Lose Sleep Over,0.999,0.134,0.825,0.04
1,China’s Other Gaming Giant Is Quietly Snapping Up Global Talent,0.998,0.105,0.863,0.032
2,How Apple Stock Could Save the S&amp;P 500 From a Bear Market,0.128,0.1,0.818,0.082
3,"Dow sinks over 600 points into the close, S&amp;P 500 closes at lowest level in more than a year",-0.681,0.062,0.74,0.198
4,Billionaire Ken Fisher’s 10 Favorite Tech Stocks,0.996,0.109,0.875,0.015
5,Is Apple Stock A Buy Or Sell After iPhone Maker's Earnings Report?,0.572,0.139,0.861,0.0
6,Alphabet (GOOGL) Boosts YouTube Music With Latest Effort,0.998,0.157,0.84,0.003
7,3 Reasons to Buy the Dip In Apple Stock (and When),0.979,0.086,0.893,0.021
8,Apple Faces EU Antitrust Action on Apple Pay,-0.103,0.0,0.938,0.063
9,10 Dividend Stocks For Beginners,1.0,0.142,0.837,0.021
10,"Stock Market Today: Dow Slides as Tech, Energy Lead Sea of Red on Wall Street",0.856,0.087,0.855,0.058
11,Apple and Amazon Have Fallen for 6 Straight Weeks. There Could Be More Pain Ahead.,-0.71,0.05,0.758,0.192
12,"S&amp;P 500 Slips Below Key 4,000 Level as Selloff Intensifies",0.744,0.097,0.832,0.071
13,Tech stock headwinds leading to ‘more downside’ for the Nasdaq: Strategist,0.743,0.226,0.774,0.0
14,Why Apple Stock Got Bit on Monday,0.94,0.215,0.736,0.049
15,"Stocks: S&amp;P 500 touches 52-week low, Microsoft market cap dips below $2 trillion",0.0,0.0,1.0,0.0
16,"Market check: Dow falls 500+ points, bitcoin sells off",0.0,0.0,1.0,0.0
17,Tech Sell-Off: 1 Growth Stock Down 73% to Buy Right Now,0.382,0.133,0.867,0.0
18,Better Buffett Stock: Chevron vs. Apple,0.0,0.0,1.0,0.0
19,Where to Invest During Inflation? 3 Top Investments to Consider.,0.997,0.114,0.851,0.036
20,Aramco Closes In on Apple as World’s Most Valuable Firm,0.697,0.098,0.824,0.078
21,4 Blue-Chip Stocks to Buy for May 2022,0.999,0.124,0.834,0.042
22,Megacap Optimists Buckle Under Weight of Bear Market,0.968,0.083,0.849,0.068
23,Dow Jones Futures Tumble As Market Correction Extends Losses; Why Apple Is An 'Absolute Loser',-0.775,0.094,0.548,0.358
24,3 Top Stocks to Buy in May,0.681,0.097,0.903,0.0
25,"Stocks Extend Slump, Week Ahead, Uber, Apple, Twitter In Focus - Five Things You Must Know",0.687,0.197,0.724,0.079
26,Videos of People Dragged Into Quarantine Censored in China,-0.933,0.051,0.873,0.075
27,China’s Export Growth Weakens to 2020 Low as Lockdowns Bite,-0.236,0.081,0.822,0.097
