﻿,Titles,Polarity,Positive,Neutral,Negative
0,These 20 ‘left behind’ stocks among the S&amp;P 500 are expected to rise up to 59% over 12 months,0.296,0.132,0.868,0.0
1,Why Is Apple (AAPL) Up 2.3% Since Last Earnings Report?,0.986,0.078,0.891,0.031
2,Samsung’s Galaxy Z Flip3 is the first foldable phone I’d actually buy,0.985,0.075,0.894,0.031
3,Apple introduces the News Partner Program,0.998,0.117,0.875,0.008
4,Big Tech groups work with Biden on new cybersecurity guidelines,0.0,0.0,1.0,0.0
5,Amazon (AMZN) Ups Cybersecurity Game With Latest Initiatives,0.999,0.224,0.74,0.037
6,"4 Solid Stocks to Buy on a Robust PC, Tablet Market",0.999,0.15,0.837,0.013
7,Agrify Seeks to Stabilize the Risky Business of Growing Cannabis with its Smart Cultivation Software,0.995,0.119,0.865,0.016
8,ByteDance Said to Consider Buying Chinese VR Gear Maker Pico,0.958,0.1,0.9,0.0
9,Alibaba-Backed Indie Game Store Aims to Vie With Google,0.984,0.099,0.862,0.039
10,Taiwan Semi Gains on Report It Is Raising Chip Prices 10%-20%,0.47,0.06,0.897,0.043
