﻿,Highest Category,Polarity,PosOrNeg
1/7/2021,Neutral,-0.318,Negative
1/13/2021,Neutral,0.295,Positive
2/3/2021,Neutral,0.852,Positive
2/12/2021,NaN,,NaN
2/19/2021,Neutral,0.124,Positive
3/1/2021,Neutral,0.7311666666666667,Positive
4/5/2021,Neutral,0.72275,Positive
4/6/2021,Neutral,0.45528571428571435,Positive
4/13/2021,Neutral,0.5536818181818183,Positive
4/20/2021,Neutral,0.6671739130434783,Positive
4/21/2021,Neutral,0.25409302325581395,Positive
5/19/2021,Neutral,0.38685185185185184,Positive
5/28/2021,Neutral,0.52265625,Positive
6/1/2021,Neutral,0.676857142857143,Positive
6/2/2021,Neutral,0.5725517241379309,Positive
6/9/2021,Neutral,0.7633888888888888,Positive
6/9/2021,Neutral,0.7633888888888888,Positive
6/11/2021,Neutral,0.5599615384615385,Positive
6/22/2021,Neutral,0.7124137931034484,Positive
6/28/2021,Neutral,0.7340555555555556,Positive
7/2/2021,Neutral,0.6029444444444444,Positive
7/21/2021,Neutral,0.5114761904761905,Positive
7/29/2021,Neutral,0.5589285714285713,Positive
7/29/2021,Neutral,0.5589285714285713,Positive
8/4/2021,Neutral,0.3826363636363636,Positive
8/13/2021,Neutral,0.4103913043478261,Positive
8/19/2021,Neutral,0.39578260869565207,Positive
8/23/2021,Neutral,0.4087142857142857,Positive
8/26/2021,Neutral,0.7881818181818182,Positive
9/3/2021,Neutral,0.1773571428571429,Positive
9/15/2021,Neutral,0.3444666666666666,Positive
9/21/2021,Neutral,0.5030384615384615,Positive
9/24/2021,Neutral,0.7102222222222223,Positive
9/28/2021,Neutral,0.4196956521739131,Positive
10/14/2021,Neutral,0.5928571428571427,Positive
10/15/2021,Neutral,0.4144,Positive
10/18/2021,Neutral,0.5694583333333334,Positive
11/1/2021,Neutral,0.45959259259259255,Positive
11/16/2021,Neutral,0.5273846153846153,Positive
11/18/2021,Neutral,0.4518571428571429,Positive
11/19/2021,Neutral,0.46841860465116264,Positive
11/19/2021,Neutral,0.46841860465116264,Positive
11/23/2021,Neutral,0.4277916666666666,Positive
12/3/2021,Neutral,0.5671034482758621,Positive
12/8/2021,Neutral,0.4212307692307692,Positive
12/14/2021,Neutral,0.45580851063829797,Positive
12/23/2021,Neutral,0.7598571428571431,Positive
12/23/2021,Neutral,0.7598571428571431,Positive
1/3/2022,Neutral,0.7205483870967742,Positive
1/3/2022,Neutral,0.7205483870967742,Positive
1/3/2022,Neutral,0.7205483870967742,Positive
1/5/2022,Neutral,0.45166666666666666,Positive
1/6/2022,Neutral,0.6316,Positive
1/11/2022,Neutral,0.5891818181818181,Positive
1/18/2022,Neutral,0.6947027027027028,Positive
1/18/2022,Neutral,0.6947027027027028,Positive
1/28/2022,Neutral,0.48071428571428565,Positive
2/1/2022,Neutral,0.6517027027027027,Positive
2/7/2022,Neutral,0.5725789473684211,Positive
2/16/2022,Neutral,0.5897419354838709,Positive
2/17/2022,Neutral,0.4567777777777777,Positive
2/18/2022,Neutral,0.3408260869565218,Positive
3/1/2022,Neutral,0.0581851851851852,Positive
3/2/2022,Neutral,0.3059069767441861,Positive
3/15/2022,Neutral,0.5128965517241381,Positive
3/29/2022,Neutral,0.5515666666666666,Positive
3/29/2022,Neutral,0.5515666666666666,Positive
4/1/2022,Neutral,0.4491388888888888,Positive
4/26/2022,Neutral,0.3075777777777778,Positive
4/29/2022,Neutral,0.08795918367346937,Positive
5/2/2022,Neutral,0.10735714285714285,Positive
5/5/2022,Neutral,0.17850000000000002,Positive
5/5/2022,Neutral,0.17850000000000002,Positive
5/9/2022,Neutral,0.4259285714285713,Positive
5/12/2022,Neutral,0.30460869565217397,Positive
5/16/2022,Neutral,0.2739444444444445,Positive
5/19/2022,Neutral,0.45331034482758625,Positive
5/31/2022,Neutral,0.24586666666666662,Positive
6/1/2022,Neutral,0.5172777777777778,Positive
6/2/2022,Neutral,0.34047619047619043,Positive
6/8/2022,Neutral,0.5763793103448276,Positive
6/13/2022,Neutral,0.37866666666666665,Positive
6/14/2022,Neutral,0.5441219512195122,Positive
6/27/2022,Neutral,0.5484615384615384,Positive
6/29/2022,Neutral,0.39363157894736833,Positive
7/1/2022,Neutral,0.3902727272727273,Positive
7/8/2022,Neutral,0.2473157894736842,Positive
7/8/2022,Neutral,0.2473157894736842,Positive
7/27/2022,Neutral,0.28437500000000004,Positive
7/27/2022,Neutral,0.28437500000000004,Positive
7/29/2022,Neutral,0.6515714285714286,Positive
8/2/2022,Neutral,0.4168333333333333,Positive
8/15/2022,Neutral,0.5367631578947368,Positive
8/16/2022,Neutral,0.4143421052631579,Positive
8/18/2022,Neutral,0.3139166666666667,Positive
8/26/2022,Neutral,0.60304,Positive
8/26/2022,Neutral,0.60304,Positive
8/31/2022,Neutral,0.39707142857142863,Positive
9/2/2022,Neutral,0.5826333333333334,Positive
9/9/2022,Neutral,0.47207894736842104,Positive
