﻿,Titles,Polarity,Positive,Neutral,Negative
0,Why Shares of Digital World Acquisition and Phunware Crashed Today,0.743,0.1,0.9,0.0
1,"YouTube Q3 Ad Revenue Balloons 43% to $7.2 Billion, Nearly as Much as Netflix",0.727,0.079,0.897,0.024
2,A Deep Dive Into Squid Game's World of Inequality,-0.996,0.086,0.8,0.114
3,'Show Me the Money' Time for Netflix,0.422,0.118,0.882,0.0
4,Here is Why Growth Investors Should Buy Netflix (NFLX) Now,0.999,0.231,0.755,0.014
5,‘Squid Game’ creator says Netflix success didn’t make him THAT rich: ‘It’s not like Netflix is paying me a bonus’,0.743,0.296,0.704,0.0
6,Being trans at Netflix: Program manager fired in Dave Chappelle controversy speaks out,0.0,0.0,1.0,0.0
7,"4 Stocks That Could Turn $100,000 Into $500,000 by the Time You Retire",0.382,0.133,0.867,0.0
8,Analysts Love Netflix's Earnings: Is the Stock a Buy?,0.44,0.127,0.873,0.0
9,Dave Chappelle ‘not bending to anyone’s demands’ in Netflix row,0.904,0.133,0.775,0.093
10,"'Red Light, Green Light': 'Squid Game' doll at Seoul park draws fans",0.956,0.091,0.909,0.0
11,Can Netflix Reach 1 Billion Subscribers?,0.818,0.2,0.8,0.0
12,What Facebook tells us about Big Tech's controversies: Morning Brief,0.995,0.087,0.869,0.044
13,UPDATE 1-Sweden's NENT reports 28% jump in subscribers,0.91,0.06,0.94,0.0
