﻿,Titles,Polarity,Positive,Neutral,Negative
0,"Microsoft, Google Are Latest Tech Giants to Hit Brakes on Hiring",-0.994,0.026,0.91,0.064
1,Here’s everything coming to Netflix in August 2022 — and what’s leaving,0.0,0.0,1.0,0.0
2,Netflix Still Has a Big and Difficult Problem to Solve,0.805,0.398,0.602,0.0
3,"United Airlines, Peloton, and Netflix shares slip in after-hours trading",0.0,0.0,1.0,0.0
4,Why the Trade Desk Stock Soared Higher Today,0.382,0.056,0.944,0.0
5,"Tech Stocks Gain, With Nasdaq Climbing 1.6%",0.718,0.188,0.813,0.0
6,"Netflix loses 970,000 subscribers, set to launch ad-supported tier in 2023",0.422,0.118,0.882,0.0
7,Stock Market Today: Nasdaq Zips Higher as Netflix Earnings Impress,0.992,0.102,0.853,0.045
8,'More soundstages equals more production:' Here are Atlanta's 3 largest film studios,0.318,0.087,0.913,0.0
9,Nasdaq leads stocks to finish higher as upbeat tech earnings boost investors confidence,0.103,0.065,0.935,0.0
10,Wall Street Analysts Clash Over Netflix Stock After Q2 Earnings,0.0,0.0,1.0,0.0
11,"Why Disney, Roku, and fuboTV Stocks Surged Today",0.402,0.084,0.853,0.063
12,"Earnings: It will be 'key to listen to the forward guidance' in the second quarter, strategist says",0.836,0.241,0.759,0.0
13,Netflix and streaming run out of steam,0.856,0.108,0.892,0.0
14,Netflix and streaming runs out of steam,0.856,0.108,0.892,0.0
15,Is It Showtime for Netflix Shares?,0.998,0.14,0.817,0.043
16,Netflix with ads could be a big win — if it doesn't play by the old rules,0.997,0.129,0.819,0.052
17,"Nasdaq continues fourth day of gains, megacap stock lead markets higher",0.34,0.112,0.888,0.0
18,"Netflix climbs as investors digest earnings, but analyst warns 'a lot remains to be figured out'",0.994,0.113,0.844,0.044
19,Dow Jones Gains; Tesla Stock Rises After Elon Musk Makes This Boast; Netflix Surges,0.202,0.121,0.794,0.084
20,Dow Jones Gains; Tesla Earnings Due As Elon Musk Makes This Boast; Netflix Stock Surges,-0.202,0.0,0.909,0.091
21,Nasdaq up 1.5% as upbeat tech earnings boost investors confidence,0.103,0.063,0.938,0.0
22,"S&amp;P 500 Rallies 0.5%, Netflix Gains Nearly 7% on Upbeat Subscriber Outlook",-0.981,0.055,0.856,0.089
23,Goldman Sachs: The economy 'is going to slow a lot' — but there is one big upside,0.974,0.084,0.867,0.049
24,"Dow trades lower, Nasdaq up 1.1% as upbeat tech earnings boost investors confidence",0.103,0.063,0.938,0.0
25,Inflation Is Yesterday’s News. A Strong Dollar Is Next Big Threat for U.S. Multinationals.,0.153,0.165,0.7,0.135
26,Dow Jones Dips; Tesla Earnings Due As Stock Rallies; Netflix Surges On Subscriber Surprise,0.103,0.109,0.798,0.092
27,Why Netflix’s Earnings Weren’t Enough to Restore Investor Confidence,0.186,0.065,0.935,0.0
28,"Netflix isn’t a simple story anymore, but it is almost back to a $100 billion valuation",-0.103,0.053,0.879,0.068
29,"Disney stock jumps to 6-week high, as Netflix results boost streaming services companies",0.91,0.179,0.792,0.029
30,Tech Stocks Rise; Nasdaq Climbs More Than 1%,0.718,0.214,0.786,0.0
31,U.S. stocks mostly higher as upbeat tech earnings boost investors confidence,0.103,0.06,0.94,0.0
32,US STOCKS-Nasdaq boosted by growth stocks after Netflix's upbeat forecast,0.738,0.09,0.833,0.077
33,Stock Market Adds To Weekly Gains; Tesla Set To Report,0.44,0.213,0.684,0.103
34,"AT&amp;T, Philip Morris, Union Pacific Earnings: 3 Things to Watch",0.768,0.058,0.909,0.033
35,"Netflix ‘is a wildly successful’ platform despite Q2 subscriber loss, analyst says",0.0,0.0,1.0,0.0
36,"If Netflix Shares Clear This Level, They Could Rally Another 20%",0.178,0.096,0.904,0.0
37,Netflix Stock: My Top Takeaways From Earnings,0.735,0.154,0.846,0.0
38,Netflix earnings send streaming stocks higher,0.0,0.0,1.0,0.0
39,Why Hollywood’s obsession with the 1980s should fastforward to the 1990s,0.881,0.103,0.897,0.0
40,"The U.S. dollar ‘is becoming a challenge’ for companies, strategist says",0.422,0.132,0.868,0.0
41,"Netflix (NFLX) Q2 Earnings Beat, User Loss Lower Than View",0.996,0.119,0.827,0.054
42,Netflix Still Has a Long Way to Go,0.593,0.194,0.806,0.0
43,7 Wildly Oversold S&amp;P 500 Stocks to Buy Now,0.999,0.117,0.834,0.05
44,U.S. stocks extend rally as investors await Tesla earnings,-0.202,0.057,0.854,0.089
45,Stock Market Today: Track Market Trends And The Best Stocks To Watch,0.637,0.174,0.826,0.0
46,"Stocks on the move: Salesforce, Disney, UnitedHealth, Netflix",0.0,0.0,1.0,0.0
47,"Netflix’s ad-support tier ‘remains to be figured out’, analyst says",0.66,0.183,0.758,0.059
48,Stock Market Consolidating Gains After Tuesday's Rally; All Eyes On Tesla,-0.727,0.0,0.889,0.111
