﻿,Titles,Polarity,Positive,Neutral,Negative
0,Netflix inks deal with Microsoft to build advertising platform,0.55,0.165,0.835,0.0
1,Netflix Makes an Important Technology Choice,0.542,0.101,0.899,0.0
2,Job layoffs circulate throughout tech industry,0.977,0.079,0.889,0.032
3,Netflix strikes deal with Microsoft to introduce advertising breaks,0.735,0.061,0.909,0.03
4,Netflix partners with Microsoft on ad-supported streaming plan,0.0,0.0,1.0,0.0
5,Netflix teams up with Microsoft for ad-supported streaming tier,0.891,0.128,0.858,0.015
6,Netflix Picks Microsoft as Partner for Ad-Supported Streaming Services,0.0,0.0,1.0,0.0
7,Netflix names Microsoft as partner for ad-supported platform,0.0,0.0,1.0,0.0
8,Netflix Partners With Microsoft for New Advertising-Backed Option,0.9,0.178,0.822,0.0
9,Netflix Picks Microsoft as Partner for Ad-Supported Streaming Service,0.986,0.104,0.854,0.042
10,Netflix rises after choosing Microsoft as partner to roll out ad-supported tier,0.993,0.11,0.861,0.03
11,Netflix names Microsoft as partner for ad-supported subscription plan,0.93,0.106,0.869,0.025
12,The One Thing Streaming Companies Need -- a Bundle,0.0,0.0,1.0,0.0
13,Americans Age 50 and Up Are Powering Streaming Growth,0.382,0.126,0.874,0.0
14,DB Cooper: Where Are You?! TV review — why an unsolved hijacking still fascinates after 50 years,0.527,0.058,0.921,0.021
15,"Despite Strong Potential, Fubo Stock Is Risky Due to Cash Burn Issues",0.911,0.067,0.887,0.046
16,Inflation Data Aren’t the Fed’s Biggest Problem Anymore,0.0,0.0,1.0,0.0
