﻿,Titles,Polarity,Positive,Neutral,Negative
0,Netflix's new ad-supported tier will return company to growth: analyst,0.97,0.068,0.907,0.025
1,T-Mobile Has Another Big Perk For Its Customers,0.29,0.046,0.92,0.035
2,FAANG 2.0: The Energy Crisis Is Ushering In A New Era Of Growth Stocks,0.979,0.088,0.866,0.046
3,Netflix Could Offer Ad-Supported Plan at $7 to $9 a Month. What It Means.,-0.103,0.0,0.94,0.06
4,Dow Jones Flashes Green; Pulls Back; Netflix Stock Pops On Ad-Tier News,-0.691,0.0,0.769,0.231
5,"Dow Jones Flashes Green, Pulls Back; Netflix Stock Pops On Ad-Tier News",-0.691,0.0,0.769,0.231
6,"Netflix’s ad-supported tier ‘will be wildly successful,’ analyst says",0.997,0.104,0.841,0.055
7,"Midday Movers: Pinduoduo, Bristol-Myers, Netflix and More",0.718,0.104,0.829,0.067
8,Implied Volatility Surging for Netflix (NFLX) Stock Options,0.984,0.098,0.876,0.025
9,Peloton and Zoom Show More Pain for Covid Trade,0.598,0.08,0.836,0.084
10,"Apple, Amazon, Tesla Lower in Premarket Trade; Pinduoduo Rallies",0.866,0.1,0.84,0.06
