﻿,Titles,Polarity,Positive,Neutral,Negative
0,Netflix (NFLX) Dips More Than Broader Markets: What You Should Know,0.988,0.091,0.893,0.016
1,Yahoo Finance Presents: Jeffrey Gundlach,0.0,0.0,1.0,0.0
2,"Popcorn Time, the Piracy App That Spooked Netflix, Shuts Down",-0.259,0.064,0.878,0.058
3,"Apple: ‘It takes a lot of money to move a $3 trillion stock,’ Bianco Research President says",0.0,0.0,1.0,0.0
4,Read Why Wells Fargo Names Disney As Favorite Large-Cap Growth Idea,0.856,0.098,0.849,0.053
5,3 Growth Stocks That Are Immune to Supply Chain Bottlenecks in 2022,-0.66,0.049,0.775,0.176
6,Disney Named Top Large-Cap Growth Idea At Wells Fargo,0.974,0.164,0.781,0.056
7,"Read Why This Fund Manager Sees ViacomCBS Cheaper Compared to Netflix, Roku",-0.511,0.069,0.865,0.066
