﻿,Titles,Polarity,Positive,Neutral,Negative
0,Why AT&amp;T’s WarnerMedia Deal Bodes Badly for Disney Stock,0.994,0.118,0.805,0.077
1,Genius Brands Is Overvalued and Its Growth Outlook Is Uncertain,0.997,0.104,0.86,0.036
2,Genius Brands Is Overvalued and Its Growth Outlook Is Uncertain,0.997,0.104,0.86,0.036
3,AT&amp;T Is Still a Buy After Merger News,0.999,0.134,0.835,0.031
4,Disney+ app downloads jumped 58% amid 'Cruella' premiere: Data,0.402,0.078,0.922,0.0
5,"Stock Picks: Nvidia, Facebook Reveal 7 Telltale Traits Of Top Stocks To Buy And Watch",0.893,0.3,0.7,0.0
6,Better Buy: Apple vs. Netflix,0.846,0.265,0.697,0.038
7,"Tech Stocks Roundup: Salesforce Shares Up After Earnings, Ahead of Slack Deal",0.202,0.073,0.927,0.0
8,Amazon’s MGM deal doesn’t need to revolutionise streaming to pay off,0.593,0.08,0.92,0.0
