﻿,Titles,Polarity,Positive,Neutral,Negative
0,Comedian Dave Chappelle addresses Netflix transgender controversy in full for first time,0.316,0.088,0.845,0.068
1,Netflix Rating Raised Two Notches to Investment-Grade by S&amp;P,0.984,0.129,0.812,0.059
2,Mark Cuban Stock Portfolio: 10 Stocks To Consider,1.0,0.148,0.837,0.015
3,FAANG Stocks Have a Lot to Prove This Week,0.902,0.186,0.814,0.0
4,Netflix Could Spend Over $50 Billion on Content,0.885,0.141,0.859,0.0
5,Will Netflix's New Digs in Brooklyn Raise Rents?,0.511,0.05,0.95,0.0
6,They Key to Fundamental Growth - Netflix (NASDAQ:NFLX) is Increasing Returns on Capital,0.999,0.163,0.815,0.022
7,Just in time for Halloween: People are playing real-life versions of Netflix’s ‘Squid Game’,-0.273,0.0,0.9,0.1
8,Why Netflix's Q3 Earnings Confirmed My Decision to Buy the Stock,0.836,0.191,0.809,0.0
9,"Does Netflix Have Another ""Squid Game"" Lined Up to Keep the Subscriber Growth Train Rolling?",0.677,0.336,0.664,0.0
10,Is Netflix Still a Growth Stock?,0.823,0.231,0.769,0.0
11,Fired Netflix program manager denies leaking Dave Chappelle show information,0.542,0.185,0.713,0.102
