﻿,Titles,Polarity,Positive,Neutral,Negative
0,Cathie Wood is backing up the truck on these 3 growth stocks — should you?,0.999,0.154,0.839,0.007
1,Netflix employee at the center of protests against Dave Chappelle resigns,-0.915,0.116,0.733,0.151
2,Disney Stock Is Down. This Analyst Sees Streaming as a Buying Opportunity.,0.751,0.301,0.639,0.06
3,Kevin Spacey Loses Arbitration Case Against ‘House of Cards’ Production Company,-0.052,0.091,0.811,0.098
4,"Fed Chair Powell renomination 'is good news for long duration growth assets,' analyst says",0.0,0.0,1.0,0.0
5,"Apple encourages employees to discuss wages, working conditions",0.44,0.121,0.879,0.0
6,4 Stocks Insiders Are Selling,0.969,0.066,0.926,0.009
