﻿,Titles,Polarity,Positive,Neutral,Negative
0,Netflix (NFLX) Gains But Lags Market: What You Should Know,0.989,0.089,0.896,0.015
1,My 5 Surprises This Week,0.995,0.091,0.86,0.049
2,Tech stock winners that may 'power through' inflation and other market risks,-0.052,0.163,0.7,0.137
3,The #1 Insider Signal Every Trader Should Know,1.0,0.151,0.823,0.027
4,Recognize co-founder: ‘Talent and inflation’ are companies' top priorities,0.128,0.125,0.79,0.084
5,"Digital Turbine Stock Has Potential, But It’s Not For Everyone",0.988,0.115,0.811,0.074
6,Why Netflix Is Pulling All Marvel Shows,0.818,0.153,0.781,0.066
7,"Farfetch Climbs on Narrower Q4 Loss, First Annual Positive EBITDA",0.926,0.109,0.834,0.057
