﻿,Titles,Polarity,Positive,Neutral,Negative
0,Actress Tika Sumpter and 'Laugh Out Loud' Network's Thai Randolph on their outlook for Hollywood's recovery,0.999,0.1,0.884,0.016
1,Actress Tika Sumpter and 'Laugh Out Loud' Network's Thai Randolph on their outlook for Hollywood's recovery,0.0,0.0,1.0,0.0
2,Netflix (NFLX) Dips More Than Broader Markets: What You Should Know,0.986,0.093,0.885,0.023
3,How COVID-19 hit Hollywood's billion-dollar economy,-0.625,0.0,0.661,0.339
4,Netflix Is Planning a Bigger Move Into Video Games,0.0,0.0,1.0,0.0
5,Media Mogul Barry Diller Criticizes AT&amp;T’s M&amp;A History,-0.44,0.0,0.879,0.121
6,Disney Makes Gains in Streaming Wars Against Netflix,0.202,0.034,0.966,0.0
7,3 Ways Roku's Latest Move Is a Game Changer,-0.486,0.034,0.882,0.084
8,"Exec: Expect more streaming deals after 'shocker' WarnerMedia, Discovery merger",0.942,0.068,0.9,0.032
9,"Netflix Has 30% Upside, but It Needs to Fight for Every Subscriber, Says Analyst",0.946,0.164,0.836,0.0
10,Roku Continues to Stream Profits for Loyal Investors,0.991,0.129,0.781,0.09
11,Is Disney Stock a Buy After Its Fiscal Q2 Earnings?,-0.226,0.035,0.916,0.049
12,15 Best American Stocks to Buy Now,1.0,0.127,0.854,0.019
13,15 Best American Stocks to Buy Now,1.0,0.127,0.854,0.019
14,UPDATE 1-Netflix looking to hire executive for gaming expansion - The Information,0.586,0.059,0.909,0.032
15,Netflix in search of executive to oversee gaming expansion - source,0.153,0.018,0.974,0.008
16,Have We Reached Streaming Video's Peak?,-0.202,0.0,0.943,0.057
17,Why movie producer Jane Rosenthal says 'We need to pay attention to who we’re electing',0.719,0.035,0.941,0.024
