﻿,Titles,Polarity,Positive,Neutral,Negative
0,3 Blue-Chip Stocks to Buy That Are Still Oversold,0.995,0.114,0.851,0.035
1,"Stock Picks: Apple, Nvidia Reveal 7 Telltale Traits Of Winning Stocks",0.856,0.296,0.704,0.0
2,"Netflix Subscriber Growth Outlook Could Top Street Views, Analyst Says",0.382,0.167,0.833,0.0
3,Netflix's (NFLX) Bridgerton Season 2 Sees Wide Acceptance,0.998,0.145,0.843,0.013
4,3 reasons why Apple stock is on fire,0.939,0.079,0.871,0.05
5,How to Double Your Money With Less Trouble in Spotify Stock,0.999,0.166,0.791,0.044
6,3 Streaming Stocks That Are Screaming Buys Right Now,0.998,0.104,0.869,0.028
7,Will Warner Bros. Discovery Shake Up Streaming Video Market?,0.422,0.128,0.872,0.0
8,"What’s worth streaming in April 2022 — and why Apple, HBO Max, Netflix are the must-haves",-0.103,0.0,0.938,0.063
9,3 Reasons Your Disney+ Subscription Could Increase Soon,0.0,0.14,0.739,0.121
10,"Even With Slowing Growth, This Stock Should Be in Everyone's Portfolio",0.313,0.037,0.945,0.019
