﻿,Titles,Polarity,Positive,Neutral,Negative
0,Spotify Craters After Forecasting Slower Start to New Year,0.927,0.076,0.869,0.056
1,"Fisher Asset Management, LLC Buys Netflix Inc, Intuit Inc, Meta Platforms Inc, Sells Walmart ...",0.999,0.066,0.928,0.006
2,"Fermata Advisors, LLC Buys WisdomTree U.S. ...",0.996,0.057,0.937,0.005
3,"Sustainable Insight Capital Management, LLC Buys Eli Lilly and Co, NXP Semiconductors NV, ...",0.995,0.055,0.939,0.006
4,Why Context Matters for the Price Movement of FuboTV Stock,0.991,0.073,0.913,0.014
5,A Small-Cap Stock Fund Looks for the Next Netflix,0.881,0.463,0.537,0.0
6,"Market ‘focusing on quality and fundamentals,’ strategist says",0.0,0.0,1.0,0.0
7,"ETFs: Investors ‘taking sector bets on long-term growth,’ GTS principal says",0.0,0.116,0.792,0.092
8,"Omicron led to 'short but shallow economic damage,' market strategist says",0.0,0.0,1.0,0.0
9,Chances of a Triumphant Third Act For AMC Stock Are Dim,0.997,0.115,0.826,0.059
10,"HC Advisors, LLC Buys Vanguard Short-Term Government Bond ETF, Apellis Pharmaceuticals Inc, ...",0.995,0.067,0.927,0.006
11,"Davy Global Fund Management Ltd Buys Alphabet Inc, SentinelOne Inc, SentinelOne Inc, Sells ...",0.991,0.042,0.953,0.005
12,"Payrolls report 'temporary blip in a strong recovery,' strategist says",0.0,0.0,1.0,0.0
13,Stocks turn green amid Big Tech earnings rollout,0.0,0.0,1.0,0.0
14,"Stocks in focus: Alphabet, Netflix, Meta, Amazon, Tesla",0.977,0.08,0.909,0.011
15,"Stocks in focus: Alphabet, Netflix, Meta, Amazon, Tesla",0.0,0.0,1.0,0.0
16,Was The Smart Money Right About The Procter &amp; Gamble Company (PG)?,0.995,0.081,0.916,0.004
17,7 Web 3.0 Plays That Could Be the Best Plays You Ever Make,1.0,0.175,0.805,0.02
18,"Google’s cloud business ‘really not gaining share’ against Microsoft, Amazon: Analyst",0.999,0.15,0.819,0.031
19,"Were Hedge Funds Right About The Home Depot, Inc. (HD)?",0.999,0.113,0.873,0.013
20,"American Financial Advisors, LLC Buys First Trust NASDAQ CEA Cybersecurity ETF, First Trust Low ...",0.999,0.097,0.891,0.012
21,Market Sell-Off: 2 Unstoppable Stocks to Buy and Hold Forever,0.226,0.118,0.778,0.104
22,5 Green Flags for Netflix's Future,0.527,0.101,0.899,0.0
23,Trade Republic Plans Hiring Spree After Reaching $5 Billion Valuation,0.66,0.053,0.904,0.043
24,Trade Republic Plans Hiring Spree After Reaching $5 Billion Valuation,0.843,0.062,0.896,0.042
25,Were Hedge Funds Right About Adobe Inc. (ADBE)?,0.999,0.114,0.867,0.019
26,Did The Smart Get The Walt Disney Company (DIS) Right?,0.998,0.108,0.869,0.022
27,"Did Hedge Funds Catch A Break With Netflix, Inc. (NFLX)?",0.997,0.094,0.886,0.021
28,Were Hedge Funds Right About Paypal Holdings (PYPL)?,0.997,0.106,0.871,0.023
29,Were Hedge Funds Right About Mastercard Incorporated (MA)?,0.999,0.133,0.845,0.023
