﻿,Titles,Polarity,Positive,Neutral,Negative
0,Earnings preview: Is Disney+ in for a wake-up call like Netflix?,-0.296,0.089,0.769,0.142
1,Why Trade Desk Stock Fell 15% in April,0.649,0.086,0.914,0.0
2,Disney to provide next streaming gauge after Netflix retreat,-0.917,0.068,0.848,0.084
3,How Netflix went from a Blockbuster killer to a company whose future is 'clear as mud',0.992,0.084,0.883,0.033
4,Is Netflix Stock A Buy Or Sell After Video Streamer's Dismal Q1 Report?,0.0,0.0,1.0,0.0
5,Disney Q2 Preview: Can Shares Rebound?,0.999,0.145,0.839,0.016
6,7 Sold-Off Stocks Ready to Surge From Here,0.998,0.118,0.808,0.073
7,IMAX CEO: 'I am not at all surprised' by crashing streaming stocks,0.997,0.173,0.786,0.041
8,Tech stock headwinds leading to ‘more downside’ for the Nasdaq: Strategist,0.743,0.226,0.774,0.0
9,Miami F1 race a big boon for the sport — and for big brands,1.0,0.14,0.852,0.008
10,Disney stock dips ahead of earnings,0.0,0.0,1.0,0.0
11,"Market check: Stocks resume sell-off, meme stock traders lose gains",0.026,0.097,0.81,0.093
12,fuboTV Revenue Explodes but the Stock Slips,0.637,0.096,0.904,0.0
13,Uber reportedly cutting back on spending as tech industry hiring slows,-0.197,0.0,0.922,0.078
14,Can New Management Turn Warner Brothers Discovery Around?,0.966,0.082,0.884,0.034
15,Megacap Optimists Buckle Under Weight of Bear Market,0.968,0.083,0.849,0.068
16,Recession Watch heats up as Fed moves to tamp down inflation: Morning Brief,0.995,0.1,0.828,0.072
17,"Netflix Investor Alert: Robbins LLP Alerts Netflix, Inc. (NLFX) Shareholders of Class Action",0.96,0.09,0.86,0.05
18,Nightmarish Netflix special Our Father about the doctor who played god,-0.542,0.121,0.606,0.273
