﻿,Titles,Polarity,Positive,Neutral,Negative
0,The $4 Stock Leading an American Manufacturing Revolution,0.999,0.12,0.847,0.033
1,Why Netflix Stock Fell Today,-0.898,0.018,0.809,0.173
2,10 Best Stocks to Buy According to Billionaire Jeffrey Talpins,1.0,0.13,0.86,0.01
3,Why Dish Network Is Plunging Today,0.735,0.094,0.906,0.0
4,The most expensive TV shows of all time: 'Stranger Things' and 'Lord of the Rings' enter pantheon,0.965,0.041,0.938,0.021
5,Why Now Might Be the Time to Buy Disney,0.71,0.075,0.925,0.0
6,"A Recession May Have Already Arrived, But Divergent Stocks Will Prosper",-0.999,0.05,0.81,0.14
7,Alphabet Stock Should Still Be on Investors’ Shopping Lists,-0.238,0.078,0.846,0.075
8,Why Roku Stock Was Up This Week,0.374,0.176,0.824,0.0
9,Investors Should Not Overlook Disney's Theme Park Performance,0.599,0.214,0.786,0.0
10,Disney's Streaming Segment Might Be Challenged but Theme Parks Could Drive Profits in 2022,0.226,0.091,0.909,0.0
11,Has Spotify Stock Hit Bottom?,0.772,0.368,0.544,0.088
12,Why Netflix Shares Fell Another 49% In April,0.579,0.2,0.8,0.0
13,7 Oversold Stocks That Shouldn’t Be. Buy Them Now.,0.999,0.119,0.825,0.056
14,"The Zacks Analyst Blog Highlights Netflix, Roku, Amazon Prime Video, Apple TV and Disney",0.999,0.147,0.825,0.028
