﻿,Titles,Polarity,Positive,Neutral,Negative
0,Ricky Gervais’ new Netflix special blasted as ‘dangerous anti-trans rants’,0.586,0.194,0.806,0.0
1,"Netflix Can Revive Investor Interest With Ad-Supported Service, Analyst Says",0.422,0.113,0.887,0.0
2,"DEADLINE ALERT for NFLX, MULN, AMZN, ARQQ: Law Offices of Howard G. Smith Reminds Investors of Class Actions on Behalf of Shareholders",0.937,0.079,0.856,0.065
3,Why Netflix Stock Fell Another 5% Today,0.612,0.15,0.72,0.13
4,"Zoom, Meta, Netflix among stay-at-home stocks that erased pandemic gains",0.0,0.0,1.0,0.0
5,Netflix Stock: Bull vs. Bear,0.783,0.133,0.867,0.0
6,"With Both Down More Than 40%, Should Investors Buy Meta Platforms or Netflix?",0.402,0.042,0.958,0.0
7,"In Case Things Weren't Bad Enough, Meta Platforms Could Face Additional Headwinds in 2022",0.103,0.03,0.97,0.0
8,Netflix doesn't have a 'natural investor base' right now: analyst,0.997,0.189,0.748,0.063
9,Social Media Stocks Set to Erase $100 Billion on Snap Warning,0.971,0.132,0.79,0.078
10,Netflix goes to 'Tollywood' and beyond for long-sought India growth,0.988,0.107,0.83,0.063
11,FOCUS-Netflix goes to 'Tollywood' and beyond for long-sought India growth,0.988,0.107,0.831,0.063
12,"Bragar Eagel &amp; Squire, P.C. Reminds Investors That Class Action Lawsuits Have Been Filed Against Natera, Credit Suisse, Riskified, and Netflix and Encourages Investors to Contact the Firm",0.997,0.102,0.831,0.067
