﻿,Titles,Polarity,Positive,Neutral,Negative
0,The First 39 Companies In Cathie Wood's Ark Invest Space ETF,0.993,0.08,0.917,0.003
1,ViacomCBS Skeptics See Prospect of More Pain After 55% Drop,0.979,0.106,0.853,0.041
2,ViacomCBS’s Slide Hits 55% Over 5 Days as Giant Rally Reverses,0.0,0.0,1.0,0.0
3,"Here’s what’s worth streaming in April 2021: ‘Handmaid’s Tale,’ ‘Mosquito Coast’ and much more",0.459,0.075,0.925,0.0
4,Stocks' 'path for least resistance' is up right now: CIO,0.0,0.0,1.0,0.0
5,Tamara Franklin to Join Genpact's (G) Board of Directors,0.995,0.176,0.809,0.014
6,"What You Need to Know In Options this Week: Netflix, Tesla, Lululemon, Blackberry, Chewy, Gamestop, SPY And More",0.959,0.042,0.944,0.013
7,Thinking of Buying Netflix Stock? Here's What You Need to Know First,0.572,0.164,0.836,0.0
8,"Netflix Looks To Increase Appeal In Asia, Doubling Anime Content",0.984,0.107,0.879,0.014
9,5 ETFs With Netflix Exposure,0.153,0.106,0.894,0.0
