﻿,Titles,Polarity,Positive,Neutral,Negative
0,"Netflix Launches a Totally Free Streaming Plan, Available Only in Kenya for Now",0.993,0.164,0.815,0.021
1,"Emmy Award ratings surprise to the upside, boosted by big wins from 'The Crown,' 'Ted Lasso'",0.852,0.249,0.751,0.0
2,Exclusive-Netflix offers free plan in Kenya to entice new subscribers,0.996,0.121,0.869,0.01
3,"Emmy Award ratings surprise to the upside, boosted by big wins from 'The Crown,' 'Ted Lasso'",0.999,0.234,0.73,0.037
4,UPDATE 1-Audience for Emmy Awards show rises to 7.4 million,0.898,0.083,0.91,0.007
5,10 Pharmaceutical Stocks to Buy Today According to Tiger Cub Billionaire Lee Ainslie,0.999,0.082,0.905,0.013
6,"Sears closes final store, Netflix wins big at Emmy Awards",0.586,0.101,0.899,0.0
7,"Roku Launches New 4K Streaming Stick, Will Add Voice Controls for Netflix and Spotify",0.993,0.086,0.907,0.007
8,September is starting to stink for the stock market: Morning Brief,0.995,0.087,0.869,0.044
9,"Premarket Movers Monday - Pfizer, Netflix, Li Auto, AstraZeneca",0.0,0.0,1.0,0.0
10,"Tesla, Walt Disney Fall Premarket; AstraZeneca Climbs",0.963,0.121,0.837,0.042
11,Disney Slips as Netflix Holds Sway at Emmy Awards,0.968,0.162,0.744,0.094
12,Markets Tumble on Evergrande Jitters; Energy Crisis Eases - What's Moving Markets,-0.996,0.067,0.802,0.131
13,"Apple joins streaming elite, Netflix crosses milestone with Emmy wins",0.998,0.211,0.764,0.025
14,Netflix Breaks Through at the Emmys on Night Streaming Dominates,1.0,0.244,0.717,0.04
15,Apple’s ‘Ted Lasso’ Snags Two Supporting Actor Awards at Emmys,0.997,0.18,0.777,0.043
