﻿,Titles,Polarity,Positive,Neutral,Negative
0,"Amazon in Talks to Buy Film Studio MGM, According to Reports",0.99,0.119,0.846,0.035
1,What the WarnerMedia-Discovery mergers means for the streaming wars,0.44,0.104,0.896,0.0
2,What a Combined WarnerMedia and Discovery Means for the Streaming Wars,0.0,0.0,1.0,0.0
3,AT&amp;T-Discovery Deal Is Shaking Up the Media Landscape. Here Are the Winners and Losers.,-0.392,0.0,0.908,0.092
4,Here Are the Winners and Losers of the AT&amp;T-WarnerMedia-Discovery Mega Deal,-0.392,0.0,0.908,0.092
5,"Analysis: AT&amp;T, Discovery deal highlights media's thirst to be like Netflix",0.99,0.079,0.906,0.014
6,‘Inflation has been the friend of stocks’: Strategist,0.0,0.0,1.0,0.0
7,‘Inflation has been the friend of stocks’: Strategist,0.0,0.0,1.0,0.0
8,Netflix (NFLX) to Expand Bridgerton Universe With New Series,0.997,0.147,0.842,0.011
9,"Discovery with AT&amp;T's media assets will put pressure on Netflix, others: analyst",0.826,0.045,0.924,0.031
10,Is Disney Stock Still a Buy After Missing Subscriber Estimates?,0.807,0.134,0.866,0.0
11,Empire State Manufacturing Index for May Came in Lower-than-Expected,0.997,0.142,0.848,0.011
12,Do Netflix's (NASDAQ:NFLX) Earnings Warrant Your Attention?,0.999,0.215,0.757,0.028
13,"Why the AT&amp;T, Discovery deal puts the most pressure on Comcast",0.0,0.0,1.0,0.0
14,"The Zacks Analyst Blog Highlights: Roku, Netflix, Sonos, Snap and Facebook",0.999,0.131,0.836,0.033
15,Wall Street Opens Lower on Crypto Jitters; Dow Flat,-0.896,0.055,0.866,0.079
16,"Discovery, AT&amp;T Gain After Confirming $43 Billion WarnerMedia Deal",0.886,0.09,0.873,0.037
17,"Netflix, Disney Shares Slide On $43 Billion A&amp;T - Discovery Media Merger",0.382,0.104,0.896,0.0
18,Discovery Pops On Reports AT&amp;T’s WarnerMedia May Merge With It,0.902,0.114,0.85,0.036
19,"AT&amp;T to spin off HBO, other WarnerMedia assets in a huge deal with Discovery. What went wrong?",0.993,0.082,0.867,0.051
20,AT&amp;T/Discovery: getting your money back will have to do,0.778,0.163,0.837,0.0
