﻿,Titles,Polarity,Positive,Neutral,Negative
0,Philippe Laffont’s Top 10 Stock Picks,1.0,0.147,0.817,0.037
1,Disney+ Price Increase Shows Limits of Subscriber-Growth Push,0.759,0.273,0.727,0.0
2,"Disney earnings: 'Path to profitability' thanks to ads but likely won't hit 2024 target, says analyst",0.986,0.072,0.905,0.023
3,Disney Has More Streaming Subs Than Netflix. Buy the Mouse House?,0.329,0.1,0.845,0.055
4,Why Warner Bros. Discovery Stock Was Climbing Today,0.964,0.227,0.773,0.0
5,Disney Subscriber Base Overtakes Netflix: 5 ETFs to Stream,0.997,0.101,0.881,0.019
6,Dow Jones Rises On Encouraging Economic Numbers; Disney Subscriptions Outnumber Netflix,0.44,0.132,0.868,0.0
7,Disney Stock Just Became a No-Brainer Buy,0.19,0.082,0.855,0.063
8,"Disney stock pops on earnings, surpasses Netflix subscribers",0.998,0.105,0.865,0.03
9,"Are Strong Financial Prospects The Force That Is Driving The Momentum In Netflix, Inc.'s NASDAQ:NFLX) Stock?",0.999,0.16,0.832,0.008
10,Disney Has More Subscribers Than Netflix. Does It Make It a Buy?,-0.422,0.0,0.909,0.091
11,Disney's (DIS) Ad-Supported Disney+ Basic to Arrive on Dec 8,0.996,0.096,0.869,0.034
12,Disney Earnings Impress Wall Street. Here’s What Analysts Thought.,0.863,0.117,0.883,0.0
13,Investors Will Need a Lot of Convincing Before Buying This Beaten-Down Stock,-0.883,0.0,0.834,0.166
14,Netflix’s bad year just got worse as Disney+ passes it in streaming subscribers,-0.435,0.044,0.909,0.048
15,Analysis: Is Netflix envy over in Hollywood? Not quite,0.993,0.119,0.823,0.058
16,"Disney Stock Soars As Streaming Total Tops Netflix, Price Hikes Unveiled For Disney+ and Hulu",0.318,0.059,0.941,0.0
17,2 Cheap Tech Stocks to Buy Right Now,0.595,0.218,0.667,0.115
18,"Disney, Utz Brands, Vacasa Rise Premarket; Sonos, Bumble Fall",0.961,0.107,0.847,0.046
19,"U.S. CPI Aftermath, Disney, PPI, Jobless Claims and IEA - What's Moving Markets",-0.768,0.071,0.863,0.066
20,Some Streaming Stocks Rally After Disney Earnings,0.494,0.105,0.895,0.0
21,Is Disney About to Repeat Netflix's Mistake?,-0.128,0.0,0.878,0.122
