﻿,Titles,Polarity,Positive,Neutral,Negative
0,"Apple iPhone 13 seeing strong demand, Lucid stock jumps, Netflix's 'Squid Games' gambit ",0.0,0.0,1.0,0.0
1,Why These 10 Stocks Are on the Move on Wednesday,0.988,0.072,0.91,0.018
2,"S&amp;P 500 Ekes Out Gain as Government Shutdown, Growth Worries Persist",0.815,0.098,0.826,0.077
3,Netflix Eyes Alternate Entry,0.852,0.288,0.712,0.0
4,Stock Market Gains Diminish; What We Can Learn From FANG Stocks,0.052,0.122,0.765,0.112
5,Why Top Investor Bill Nygren Treats Alphabet Like A Value Stock,0.718,0.24,0.76,0.0
6,NFLX Up By 4% After Netflix Completes The Acquisition of Night School,0.998,0.175,0.813,0.012
7,Why Google doesn’t need Youtube TV to succeed,0.66,0.134,0.866,0.0
8,"Netflix (NFLX) Acquires Night School Studio, Launches Games",0.997,0.123,0.856,0.021
9,S&amp;P 500 Gives Up Some Gains as Wall of Worry Sidelines Bulls,-0.162,0.092,0.82,0.088
10,Bad News: Disney CEO Says Disney+ Is Facing 2 Headwinds,0.526,0.169,0.733,0.098
11,"5 Top Stock Gainers for Wednesday: Dollar Tree, Boeing, Netflix",0.823,0.13,0.87,0.0
12,Rave James Bond Reviews Raise Hopes for Moviegoing Revival,-0.952,0.041,0.877,0.082
13,"Netflix Moves Into Videogames, Acquires Night School Studio",0.785,0.144,0.856,0.0
14,"Premarket Movers Wednesday: Netflix, Dollar Tree, Lucid",0.0,0.0,1.0,0.0
15,"Lucid, Eli Lilly, Boeing Rise Premarket; Micron Falls",0.637,0.051,0.914,0.035
16,"Stocks Rebound, Debt Ceiling Looms, Boeing Aces 737 MAX Test - 5 Things You Must Know",-0.542,0.107,0.698,0.195
