﻿,Titles,Polarity,Positive,Neutral,Negative
0,"4 Top Stock Trades for Friday: F, AVGO, NFLX, SPCE",0.993,0.111,0.847,0.041
1,Netflix Needs New Subscribers. Its Korean Playbook Is Its Secret Weapon.,0.998,0.091,0.875,0.035
2,7 Great Growth Stocks to Add to Your January Buy List,1.0,0.193,0.771,0.036
3,Earnings Preview: Netflix (NFLX) Q4 Earnings Expected to Decline,0.998,0.148,0.797,0.055
4,"Earnings: ‘Margins are going to be under attack’ in Q1, strategist says",0.052,0.076,0.853,0.071
5,3 mega-cap tech stocks that will gain big as interest rates rise: analyst,0.968,0.1,0.861,0.039
6,Netflix Makes Another Move Into Sports,0.747,0.079,0.893,0.028
7,10 Stocks Under $25 to Buy According to Billionaire Philippe Laffont,0.996,0.072,0.913,0.016
8,"Netflix, PGA Shoot for a Hole In One With New Behind the Scenes Series",0.747,0.081,0.89,0.029
9,"Netflix Falls as Credit Suisse, MoffettNathanson Sound Subdued",0.31,0.046,0.915,0.04
