﻿,Titles,Polarity,Positive,Neutral,Negative
0,Cramer: Netflix's Good and Bad News Opportunity,0.502,0.147,0.786,0.066
1,Philippines asks Netflix to remove spy drama episodes over Chinese map,-0.931,0.008,0.926,0.066
2,Netflix and Cuddle: Streamer Launches ‘Chilleez’ Plushies Based on Its Default Profile Icons,0.951,0.073,0.916,0.011
3,"Squid Game cryptocurrency likely scam, Twitter accounts temporarily restricted",-0.973,0.05,0.841,0.109
4,Top 8 Stock Picks of Michael Sidhom’s Immersion Capital,0.999,0.09,0.9,0.011
5,Was The Smart Money Right About Comcast Corporation (CMCSA)?,0.997,0.094,0.881,0.024
