﻿,Titles,Polarity,Positive,Neutral,Negative
0,Netflix (NFLX) Gains But Lags Market: What You Should Know,0.993,0.104,0.887,0.009
1,Netflix Hires Spotify Co-Head of Music Marian Dicus as VP Marketing for North America (EXCLUSIVE),0.991,0.083,0.917,0.0
2,Snap Head of Original Content Sean Mills Is Exiting (EXCLUSIVE),0.994,0.108,0.889,0.003
3,HBO Max Launches Lower Ad Frequency Options,0.974,0.107,0.868,0.026
4,The coronavirus pandemic has revealed capitalism’s greatest weakness,0.823,0.35,0.65,0.0
5,The coronavirus pandemic has revealed capitalism’s greatest weakness,0.997,0.138,0.795,0.067
