﻿,Titles,Polarity,Positive,Neutral,Negative
0,"FNY Investment Advisers, LLC Buys Terminix Global Holdings Inc, Alibaba Group Holding, Byrna ...",0.995,0.037,0.959,0.004
1,Apple is still bigger than all these companies combined,0.981,0.087,0.908,0.005
2,Streaming exclusives ‘became some of the most pirated movies ever’,0.0,0.0,1.0,0.0
3,"Stocks are still ‘a great buy,’ Momentum Advisors CIO says",0.422,0.097,0.903,0.0
4,Market outlook for 2022: 'Focus on things that have real earnings value right now',0.939,0.341,0.659,0.0
5,Top 10 Stocks That Kayak Investment Partners is Buying,0.999,0.145,0.836,0.019
6,"Murphy Capital Management Inc Buys Thermo Fisher Scientific Inc, NVIDIA Corp, Schwab U.S. ...",0.994,0.057,0.937,0.006
7,High Volatility In Netflix Stock Provides Opportunity For Iron Condor Traders,0.0,0.0,1.0,0.0
8,Is Netflix (NFLX) A Smart Long-Term Buy?,0.995,0.129,0.867,0.005
9,AT&amp;T’s HBO and Netflix Triumph at Golden Globes,0.982,0.396,0.604,0.0
10,Here's the next terrifying hurdle for the stock market: Morning Brief,0.993,0.062,0.909,0.029
