﻿,Titles,Polarity,Positive,Neutral,Negative
0,Why Wayfair Stock Jumped 24% in July,0.649,0.101,0.899,0.0
1,3 Tech Stocks With Insider Buys in 2022,0.999,0.13,0.857,0.013
2,Netflix sues 'Bridgerton' musical co-creators,0.052,0.087,0.833,0.08
3,The Less Bad News About Netflix,0.856,0.282,0.657,0.061
4,Google Shares Plans To Boost Productivity Amid Uncertainty; Does Not Rule Out Layoffs,0.99,0.166,0.795,0.039
5,"Apple TV+ 'never' set out to win streaming, still 'limited' versus Netflix: Analyst",0.999,0.151,0.833,0.016
