﻿,Titles,Polarity,Positive,Neutral,Negative
0,The Netflix subscriber wobble raises new questions for Sony,-0.178,0.197,0.579,0.224
1,Report: Netflix is changing how it pays workers,0.844,0.28,0.678,0.041
2,This Is The Ultimate Donald Trump Stock: Is DWAC A Buy As Elon Musk Makes Twitter Deal?,0.0,0.0,1.0,0.0
3,"Gainey McKenna &amp; Egleston Announces A Class Action Lawsuit Has Been Filed Against Netflix, Inc. (NFLX)",0.971,0.1,0.855,0.045
4,Streaming wars: How much money each company spends on content,0.0,0.0,1.0,0.0
5,Formula 1 race in Miami draws major fan interest,0.0,0.0,1.0,0.0
6,"Stocks hit session highs into the close, FAANG stocks jump",0.0,0.0,1.0,0.0
7,Cathie Wood Is Selling These 10 Stocks in 2022,0.982,0.063,0.904,0.033
8,Netflix shareholders sue over subscription slump disclosures,-0.44,0.109,0.768,0.122
9,Netflix Investors: Class action lawsuit filed on behalf of investors; the Portnoy Law Firm,-0.624,0.1,0.784,0.116
10,This Netflix Move Could Be a Game Changer for Roku,0.743,0.343,0.657,0.0
11,3 of the Best Growth Stocks to Buy in May,0.898,0.253,0.747,0.0
12,Jim Cramer Doesn’t Like These 10 Stocks,0.999,0.105,0.848,0.046
13,Lockdown Winners From Peloton to Zoom at Risk Even After $218 Billion Rout,0.995,0.122,0.82,0.058
14,"Is Most-Watched Stock Netflix, Inc. (NFLX) Worth Betting on Now?",0.998,0.125,0.867,0.008
15,(NFLX) DEADLINE: Did You Suffer a Substantial Loss? Contact Johnson Fistel About Leading Netflix Class Action Lawsuit,0.838,0.099,0.816,0.085
16,Michael Burry Is Selling These 5 Stocks,0.998,0.098,0.866,0.036
17,UPDATE 4-Comedian Dave Chappelle attacked on stage at Hollywood Bowl,-0.943,0.078,0.803,0.119
18,Is Redbox Entertainment Stock a Buy Now?,0.89,0.133,0.867,0.0
19,Is It Time to Buy the S&amp;P 500's 3 Worst-Performing April Stocks?,-0.649,0.047,0.849,0.104
20,Why Snap Lost 21% in April,0.898,0.222,0.719,0.059
21,Why Disney Stock Fell 19% in April,-0.557,0.078,0.808,0.114
