﻿,Titles,Polarity,Positive,Neutral,Negative
0,"New England Research &amp; Management, Inc. ...",0.997,0.052,0.948,0.0
1,"Top Analyst Reports for JPMorgan, Toyota &amp; Netflix",0.997,0.142,0.847,0.011
2,HBO Max shows growth despite industry slowdown,0.974,0.093,0.907,0.0
3,"‘The Fed is going to reverse again,’ DoubleLine’s Gundlach says, ‘and this might be the last time’",-0.422,0.0,0.922,0.078
4,7 Stocks to Buy That Will Benefit From Biden’s Big Antitrust Plans,1.0,0.131,0.83,0.039
5,"Comcast (CMCSA) Focuses on Broadband Business, Launches Gateway",0.997,0.136,0.864,0.0
6,Why an online ticketing platform considers Netflix its competition,0.987,0.125,0.875,0.0
