﻿,Titles,Polarity,Positive,Neutral,Negative
0,"New on Netflix in April 2022: Here’s everything that’s coming, and what’s leaving",0.0,0.0,1.0,0.0
1,"GameStop stock soars, Tilray stock climbs on cannabis M&amp;A, Netflix to crack down on password sharing",0.0,0.0,1.0,0.0
2,Disney employee: Workers 'expect more from the CEO' amid 'Don't Say Gay' bill fallout,0.982,0.08,0.874,0.046
3,GTN vs. NFLX: Which Stock Should Value Investors Buy Now?,0.999,0.23,0.766,0.004
4,5 Must-Know Facts About Netflix,0.66,0.109,0.856,0.035
5,10 Most Anticipated IPOs of 2022,0.83,0.056,0.897,0.047
6,Disney's Recent Streaming Growth Wasn't as Magical as It Appeared at First Glance,0.382,0.067,0.901,0.032
7,AT&amp;T Stock Is a Solid Defensive Investment in a Volatile Market,0.995,0.112,0.837,0.05
8,This Is a $6 Billion Opportunity for Netflix,0.918,0.224,0.716,0.059
9,10 Long-Term Growth Stocks Analysts Have Their Eyes On,1.0,0.14,0.83,0.031
10,FTSE steams ahead as UK inflation soars to fresh 30-year high,-0.967,0.055,0.873,0.072
