﻿,Titles,Polarity,Positive,Neutral,Negative
0,7 Bargain Stocks to Buy After the Selloff,1.0,0.164,0.803,0.033
1,How Consumers Are Adjusting Their Spending in 2022,-0.273,0.02,0.936,0.043
2,"Consumer Sentiment, Affirm Earnings, Robinhood Stock: 3 Things to Watch",-0.964,0.048,0.856,0.096
3,Disney sinks despite subscriber beat as analysts mull saturation in streaming market,0.982,0.076,0.895,0.029
4,"DEADLINE ALERT for NFLX, MULN, AMZN, ARQQ: Law Offices of Howard G. Smith Reminds Investors of Class Actions on Behalf of Shareholders",0.937,0.079,0.856,0.065
5,"Disney earnings: Theme parks gain momentum, streaming business adds subscribers",0.0,0.0,1.0,0.0
6,10 Biggest Online Streaming Companies in the World,0.999,0.108,0.882,0.01
7,Moscow lawyers target more cases against Western firms that leave Russia,-0.912,0.054,0.851,0.095
8,"Disney (DIS) Q2 Earnings Miss Estimates, Revenues Jump Y/Y",0.998,0.121,0.838,0.041
9,Stocks: 3 ultra-hot tickers on Yahoo Finance right now,-0.234,0.079,0.84,0.081
10,UPDATE 1-Disney path to subscriber success is outside U.S.; way to profit less clear,0.97,0.094,0.857,0.048
11,Peloton and Netflix would make a great team,-0.318,0.046,0.847,0.107
12,"Everybody seems scared about where streaming is headed, but calm down and see the benefits",0.593,0.092,0.908,0.0
13,Disney path to subscriber success is outside U.S.; way to profit less clear,0.971,0.1,0.848,0.052
