﻿,Titles,Polarity,Positive,Neutral,Negative
0,"Streaming wars: The biggest factors driving subscriptions, according to Deloitte",0.422,0.072,0.928,0.0
1,Markets ‘likely to continue to be bad news’ for next 4-6 weeks due to inflation: strategist,0.637,0.106,0.894,0.0
2,10 Famous Tech Stocks Trading At Discount Today,0.999,0.125,0.823,0.052
3,Netflix (NFLX) Expands Family Content With Spy Kids Reboot,0.998,0.164,0.816,0.02
4,Market recap: The best and worst performing stocks of the quarter,0.026,0.173,0.658,0.169
5,Better Growth Stock: DocuSign vs. Netflix,0.44,0.172,0.828,0.0
6,Winners and Losers in Whirlwind $1 Trillion Tech Stock Rout,0.655,0.084,0.841,0.075
7,Why does Netflix cancel so many shows?,-0.602,0.091,0.751,0.158
