﻿,Titles,Polarity,Positive,Neutral,Negative
0,Top 1st-Quarter Trades of Frank Sands' Firm,0.998,0.128,0.863,0.009
1,Top 1st-Quarter Trades of Frank Sands' Firm,0.998,0.128,0.863,0.009
2,"Gundlach: Bitcoin, crypto 'poster child' of speculative, 'funny money' market",0.967,0.082,0.879,0.039
3,"Time's Up CEO hits 'manifested racism' of Golden Globes, HFPA amid backlash",-0.226,0.0,0.905,0.095
4,Is Netflix Inc. (NFLX) A Smart Long-Term Buy?,0.999,0.167,0.82,0.013
5,"Time's Up CEO hits 'manifested racism' of Golden Globes, HFPA amid backlash",0.871,0.07,0.871,0.059
6,"Disney shares slide, company is 'in the middle of a recovery'",0.995,0.09,0.879,0.03
7,Spotify's Quickly Following in Netflix's Footsteps,0.422,0.072,0.928,0.0
8,Breaking down Disney's mixed Q2 results,1.0,0.139,0.826,0.034
9,Disney Falls Most in 11 Months After Streaming Growth Falters,0.998,0.123,0.843,0.034
10,Streaming Services Thrive on Pandemic: 4 Stocks to Watch,0.999,0.156,0.829,0.016
11,Disney posts Q2 revenue miss as Disney+ subscribers fall short,0.0,0.0,1.0,0.0
12,"The Zacks Analyst Blog Highlights: Mastercard, Home Depot, Disney, Netflix and Medtronic",0.999,0.158,0.813,0.029
13,"Disney+ Q2 subscriber additions slow, outlook still bright - J.P.Morgan",0.977,0.132,0.823,0.045
14,Apple and Microsoft’s Rivalry Had Cooled. Now It’s Back and Getting Testier,-0.096,0.068,0.865,0.068
15,"Disney Falls As Streaming User Growth Disappoints, Revenue Dips",0.543,0.127,0.778,0.094
16,"Retail Sales, Stocks Rebound, Colonial Restarts  - What's Moving Markets",-0.953,0.062,0.856,0.082
17,Netflix outpaced by the old media companies it sought to dethrone,-0.758,0.0,0.917,0.083
18,No time to Netflix: 13 films to see as UK cinemas reopen — and this summer,0.44,0.071,0.892,0.037
