﻿,Titles,Polarity,Positive,Neutral,Negative
0,"B &amp; T Capital Management DBA Alpha Capital Managem Buys Invesco Ultra Short Duration ETF, ...",0.997,0.068,0.926,0.006
1,3 Reasons Netflix Is Raising Prices Now,0.494,0.08,0.92,0.0
2,Netflix Gives Its Toughest Audience What It Wants,-0.422,0.0,0.851,0.149
3,Netflix Price Hikes Popular With One Group: Wall Street Analysts,-0.057,0.0,0.933,0.067
4,"Asian Stocks Down, Global Shares Selloff Continues as Treasury Yields Climb",0.904,0.066,0.905,0.029
5,"Netflix, American Airlines, Morgan Stanley: Earnings to watch this week",0.988,0.086,0.906,0.008
6,What Lies Ahead for Netflix ETFs in Q4 Earnings,0.998,0.12,0.849,0.031
7,"Netflix Will Cost More, but You'll Pay Up",-0.671,0.0,0.8,0.2
8,Stocks Fall to Start Week; Microsoft Buying Activision,0.459,0.13,0.87,0.0
9,The Streaming War Continues: How HBO Max Is One-Upping Netflix By Lowering Prices,0.0,0.0,1.0,0.0
10,Here's What You Need to Know Before Netflix's Q4 Earnings,0.477,0.064,0.916,0.02
11,"David J Yvars Group Buys Amazon.com Inc, Entegris Inc, Crocs Inc, Sells iShares Core S&amp;P ...",0.995,0.06,0.936,0.004
12,Read How Analysts View Netflix Ahead Of Quarterly Results,0.965,0.106,0.849,0.046
13,"The Zacks Analyst Blog Highlights: The S&amp;P 500 Financials Index, Goldman Sachs, BNY Mellon, Bank of America and Netflix",0.997,0.095,0.871,0.035
14,Netflix earnings to set the pace for 2022 streaming wars,0.983,0.08,0.891,0.03
15,Netflix earnings to set the pace for 2022 streaming wars,0.983,0.08,0.891,0.03
16,Netflix Shares Down Despite Analyst Positivity on Price Hike,0.98,0.125,0.851,0.024
17,"Goldman Sachs, Netflix, United Airlines, P&amp;G, and Other Stocks for Investors to Watch This Week",0.422,0.113,0.887,0.0
