﻿,Titles,Polarity,Positive,Neutral,Negative
0,Why Shares of Netflix Were Climbing Higher on Wednesday,0.572,0.083,0.917,0.0
1,10 Best-Performing S&amp;P 500 Stocks in the Last 10 Years,1.0,0.131,0.844,0.024
2,Netflix expects ad-supported tier to get 40 million viewers by 2023 - WSJ,-0.422,0.05,0.897,0.053
3,Netflix expects ad-supported tier to reach 40 million viewers by next year: Report,0.936,0.05,0.932,0.018
4,Netflix Estimates Ad-Supported Tier Will Reach 40 Million Viewers by Late 2023,0.202,0.094,0.839,0.066
5,Ads on Netflix: A Tale of 2 Analysts,0.7,0.084,0.916,0.0
6,"Sell Netflix Stock. Its Ad-Supported Service Will Disappoint, Analyst Says.",0.0,0.0,1.0,0.0
7,"Netflix investor sentiment picking up ahead of new ad-supported tier, analyst says",0.422,0.033,0.967,0.0
8,Why Netflix's Ad Strategy Could Be a Huge Win for the Business,-0.796,0.045,0.755,0.201
9,Amazon Prime Video: Are streaming services worth the cost?,0.986,0.105,0.818,0.077
