﻿,Titles,Polarity,Positive,Neutral,Negative
0,"Game on? Netflix hires first videogame executive, signaling a new approach",-0.25,0.0,0.962,0.038
1,"Netflix Plans to Offer Video Games in Push Beyond Films, TV",0.998,0.126,0.855,0.02
2,"Meghan, Prince Harry to develop new animated series for Netflix",0.637,0.12,0.88,0.0
3,Netflix (NFLX) Outpaces Stock Market Gains: What You Should Know,0.988,0.093,0.893,0.014
4,Nike Eyes Hollywood Deal With LeBron James: Report,0.671,0.333,0.667,0.0
5,UPDATE 2-Duchess Meghan creates TV project aimed at girls for Netflix,0.98,0.099,0.888,0.013
6,"No Market Breadth, No Problem as Faangs Lift S&amp;P 500 Higher",0.993,0.093,0.874,0.032
7,"2021 Emmy nominations: How HBO Max, Netflix, Disney+ secured 'dominance' over cable networks",-0.052,0.0,0.948,0.052
8,Is Roku Stock A Buy As Company Starts Streaming Former Quibi Shows?,0.0,0.0,1.0,0.0
9,Nike Eyes Entertainment Deal With Lifetime Partner LeBron James: Report,0.671,0.333,0.667,0.0
10,Netflix (NFLX) Inks Deal With UFEG for Animation Movies,0.999,0.189,0.798,0.013
11,"Netflix Launches Top 10 Kids’ Titles Rankings, Twice-Monthly Newsletter for Parents",0.991,0.105,0.895,0.0
12,Netflix Earnings Next Week: Looking to Subscriber Growth,0.952,0.246,0.715,0.04
