﻿,Titles,Polarity,Positive,Neutral,Negative
0,Black Friday for The FAANG Who May Lose a Member,0.807,0.174,0.748,0.078
1,Netflix workers lash out over layoffs at Tudum fan site,0.557,0.129,0.871,0.0
2,Friday’s stock market close indicates 'classic bear market': Strategist,0.996,0.084,0.865,0.051
3,"For Savvy Investors, Chaos Will Lead to Profits",0.996,0.135,0.777,0.088
4,CNN+ debacle shows why cable companies struggle with streaming,0.992,0.075,0.883,0.042
5,"Netflix, Coinbase, and Meta lead Wall Street’s biggest year-to-date losers list",0.944,0.116,0.841,0.044
6,Big Tech Are Falling Titans,-0.637,0.096,0.82,0.084
7,Is It Time to Buy the Dow Jones' 3 Worst-Performing April Stocks?,-0.671,0.026,0.871,0.102
8,Netflix and Disney Are at 52-Week Lows. Which Streaming Stock Is the Better Buy Now?,0.908,0.158,0.842,0.0
9,7 Large-Cap Growth Stocks to Go Gaga For,0.999,0.111,0.849,0.04
10,Why Roku Stock Was Down This Week,0.153,0.1,0.796,0.105
11,Netflix Torpedoed Warner Bros. Discovery Stock. 2 Top Execs Scooped Up Shares.,0.296,0.099,0.901,0.0
12,Apple unnerves investors with '$4 billion to $8 billion' guidance,0.928,0.062,0.909,0.029
13,Tech Stocks Lose $1.8 Trillion in a Month Thanks to Fed,0.959,0.09,0.839,0.071
14,Warner Brothers Discovery Stock Seeks Something More Than ‘Free’,0.998,0.138,0.831,0.031
15,Britain's booming film and TV industry strives for an encore,0.994,0.1,0.838,0.062
