﻿,Titles,Polarity,Positive,Neutral,Negative
0,4 Overvalued Stocks to Sell in This Bear Market,0.991,0.086,0.883,0.031
1,Could This Brand New Netflix Feature Help to Reduce Your Monthly Cost?,-0.272,0.08,0.823,0.097
2,How to interpret the new round of Netflix layoffs,-0.296,0.0,0.909,0.091
3,New Netflix Layoffs Signal More Pain at Streaming Giant,0.026,0.123,0.758,0.118
4,Citi Sees Gross Margin Expansion Ahead For Spotify,0.954,0.128,0.838,0.034
5,Netflix is slashing 300 more jobs,-0.422,0.1,0.692,0.208
6,"Netflix to lay off 300 workers, BofA slashes price target on the stock",0.178,0.083,0.855,0.062
7,"SHAREHOLDER ALERT: Pomerantz Law Firm Investigates Claims On Behalf of Investors of Netflix, Inc. - NFLX",0.934,0.097,0.852,0.05
8,Is the Show Over for Netflix?,0.974,0.085,0.864,0.051
9,Netflix Lays Off About 3% of Workforce in New Round of Cuts,-0.296,0.0,0.925,0.075
10,Netflix lays off 300 employees in cost-cutting drive,-0.945,0.024,0.845,0.131
11,"Netflix lays off another 300 employees amid sagging stock price, 'slower revenue growth'",0.958,0.092,0.852,0.057
12,Netflix lays off 300 employees in second round of job cuts,0.202,0.096,0.904,0.0
13,"The Crisis At Disney: Part 3, Does Disney Still Have A Competitive Edge?",0.999,0.104,0.859,0.037
14,TikTok Turns on the Money Machine,0.999,0.091,0.86,0.049
15,Netflix co-CEO Sarandos says streaming service is bringing ads to platform,0.0,0.0,1.0,0.0
16,Fed Chair Jerome Powell continues testimony before Congress,0.0,0.0,1.0,0.0
17,"Markets: ‘There’s a lot of value to be found’ in financials and health care, portfolio manager says",-0.34,0.0,0.924,0.076
18,Google and Comcast battle for ad space on Netflix,-0.273,0.0,0.938,0.062
19,Is Netflix Stock at a Tipping Point?,-0.527,0.0,0.825,0.175
20,Netflix Confirms Partnership Talks for Ad-Supported Service,0.402,0.083,0.917,0.0
21,Netflix's co-CEO confirmed it's going to create an ad-supported service tier,0.296,0.081,0.919,0.0
22,"Netflix shifts business strategy, will create ad-supported tier of service",0.296,0.081,0.919,0.0
23,Netflix in talks for advertising tie-ups,0.245,0.041,0.928,0.031
24,Netflix in talks for advertising tie-ups,0.245,0.04,0.929,0.031
25,Netflix CEO reveals the mistake he made as a manager in the Dave Chappelle controversy that sparked a staff revolt,0.988,0.142,0.77,0.088
26,Netflix Stock Moves Higher On Reported Talks to Develop Ad-Based Business Model,0.0,0.0,1.0,0.0
27,"If Netflix Introduces an Ad-Supported Tier, Revenue Could Soar 20%",-0.142,0.0,0.974,0.026
28,"Tech stocks: 'We haven't seen the potential second leg down,' strategist says",-0.854,0.061,0.848,0.09
29,"Facebook, Netflix and PayPal Are Value Stocks Now",0.0,0.0,1.0,0.0
