﻿,Titles,Polarity,Positive,Neutral,Negative
0,Cutting the Cord: Hear From CEO &amp; Co-Founder of MyBundle.TV in Fireside Chat,0.968,0.088,0.907,0.005
1,"Do Alphabet, Meta, Netflix Represent Value Plays?",0.823,0.336,0.664,0.0
2,Amazon must improve this if it wants the stock price to go up: analyst,0.979,0.148,0.79,0.062
3,Better Streaming Stock: Netflix vs. iQiyi,0.0,0.083,0.833,0.083
4,Kerala’s small film industry—not Bollywood—created India’s first original superhero,0.44,0.153,0.847,0.0
5,Buy This Overlooked Stock Now to Benefit From The 2022 Streaming Video Disruption,0.439,0.112,0.888,0.0
6,2 Unstoppable Growth Stocks to Buy in 2022,0.388,0.066,0.911,0.023
