﻿,Titles,Polarity,Positive,Neutral,Negative
0,Netflix (NFLX) Stock Sinks As Market Gains: What You Should Know,0.991,0.099,0.881,0.02
1,Movies: How the streaming/theaters hybrid release experiment played out in 2021,-0.153,0.0,0.929,0.071
2,Alphabet's (GOOGL) Google TV to Gain Traction With New Device,0.998,0.174,0.815,0.011
3,Will Walt Disney Stock Recover in 2022?,0.502,0.1,0.86,0.04
4,7 Growth Stocks That Analysts Are Loving Right Now,1.0,0.129,0.849,0.022
5,"Top US Media Groups Including Disney, Netflix Look To Spend $115B In 2022: FT",0.765,0.089,0.861,0.051
6,What will streaming services bring in 2022? Here are 5 trends to watch,0.0,0.0,1.0,0.0
