﻿,Titles,Polarity,Positive,Neutral,Negative
0,"Diversity, women and streaming dominate Oscar nominations in strange movie year",0.996,0.125,0.844,0.032
1,Netflix Password Crackdown May Boost Risk of User Turnover,0.979,0.114,0.863,0.023
2,Disney+ is a 'global predator' for Netflix subscribers: analyst,0.996,0.138,0.829,0.033
3,Global 'streaming predators' could potentially send 'Netflix’s stock down 50%': analyst,0.982,0.076,0.874,0.051
4,Is Paypal Holdings (PYPL) Stock A Buy Or Sell?,0.998,0.107,0.87,0.023
5,Is Adobe Inc. (ADBE) A Good Buy Now?,0.997,0.095,0.881,0.024
6,Is JPMorgan Chase (JPM) A Good Buy Now?,0.998,0.098,0.889,0.012
7,Stock market news live updates: Futures higher as Dow eyes fresh record at 33K; yields steady,0.994,0.129,0.833,0.039
8,"The Zacks Analyst Blog Highlights: Netflix, Toyota, AbbVie, Merck and Sinopec",0.999,0.156,0.825,0.02
