﻿,Titles,Polarity,Positive,Neutral,Negative
0,Cinema operators look to streaming groups to help fill blockbuster shortfall,0.422,0.22,0.669,0.11
1,7 No-Brainer Small-Cap Stocks to Buy if You Have Money to Invest,0.998,0.111,0.843,0.046
2,"NLRB upholds Amazon union vote, Netflix moves up ad-tier launch",0.178,0.045,0.955,0.0
3,2 Reasons to Buy Netflix Stock Today,-0.839,0.051,0.798,0.152
4,Netflix's Ad Plans Could Hit the Competition Where It Hurts,-0.567,0.0,0.78,0.22
5,Comcast Explores Channelizing Resources From TV Networks To Boost Growth,0.959,0.154,0.741,0.105
6,Millions falling short of decent standard of living amid cost of living crisis,0.808,0.092,0.832,0.077
