﻿,Titles,Polarity,Positive,Neutral,Negative
0,2 Tech Stocks to Buy Now at Big Discounts for Long-Term Growth,1.0,0.136,0.848,0.016
1,2 Tech Stocks to Buy Now at Big Discounts for Long-Term Growth,1.0,0.136,0.848,0.016
2,"As Kardashian TV juggernaut comes to an end, the famous reality family won't be going anywhere",0.994,0.087,0.894,0.02
3,Netflix Shopping Is Now a Thing,0.996,0.124,0.872,0.005
4,"Netflix Launches Its Own Online Store, Which Will Sell Exclusive Merch From Shows Like ‘Stranger Things,’ ‘Witcher’",0.975,0.102,0.893,0.006
5,Netflix launches a shop stocked with limited-edition items tied to its shows,0.0,0.0,1.0,0.0
6,Microsoft Prepares To Stream Xbox Games: Report,0.875,0.047,0.947,0.006
7,"Inflation is a real concern, says this Senator who is a working farmer",-0.827,0.052,0.89,0.058
8,"UPDATE 1-Netflix, chill and shop: New Online store offers limited-edition merchandise",0.796,0.074,0.903,0.023
9,"Netflix, chill and shop: New Online store offers limited-edition merchandise",0.796,0.077,0.899,0.024
10,"Netflix, chill and shop: New Online store offers limited-edition merchandise",0.796,0.077,0.899,0.024
11,"Netflix, chill and shop: New Online store offers limited-edition merchandise",0.796,0.077,0.899,0.024
12,"Forest Road Acquisition Corp., Beachbody to Discuss Merger in Fireside Chat June 17",0.999,0.123,0.868,0.008
13,"Got $1,000? Take a Look at These 2 Streaming Giants",0.7,0.137,0.863,0.0
14,Netflix Launches Netflix.shop to Sell Program Tie-in Products,0.128,0.028,0.972,0.0
15,Is Amazon Stock Worthwhile after the MGM Deal?,0.999,0.169,0.803,0.027
16,Is Streaming Amazon's Next Great New Frontier?,-0.128,0.0,0.927,0.073
17,How Does Roku Actually Make Money?,0.452,0.112,0.815,0.074
