﻿,Titles,Polarity,Positive,Neutral,Negative
0,"Microsoft, Meta, Spotify, and other tech companies cut ties with Russia",0.0,0.0,1.0,0.0
1,"HPE halts shipments to Russia, CEO says situation completely unacceptable",0.042,0.086,0.836,0.078
2,Amazon Will Shutter 68 Physical Stores,0.612,0.273,0.727,0.0
3,Making Sense of Past Stock Drops,0.395,0.053,0.92,0.026
4,7 Stocks to Buy That Have a Shot at Becoming the Metaverse King,0.999,0.102,0.865,0.034
5,10 Pandemic Stocks That Are Losing Value,0.999,0.094,0.876,0.03
6,1 Growth Stock to Buy Amid the Market Correction,-0.168,0.092,0.821,0.087
7,ITV takes on Netflix with new streaming service,0.979,0.108,0.857,0.035
8,Now Playing on Netflix: Your Teenager,0.0,0.0,1.0,0.0
9,Peloton Ex-CEO Sells $50 Million of Stock to Firm Linked to Michael Dell,-0.852,0.078,0.834,0.088
