﻿,Titles,Polarity,Positive,Neutral,Negative
0,Netflix (NFLX) Gains But Lags Market: What You Should Know,0.985,0.084,0.897,0.019
1,Buy Netflix Stock Now Ahead of Earnings at a Huge Discount?,0.994,0.107,0.872,0.022
2,Netflix buys former Denny’s location in Hollywood,0.25,0.152,0.767,0.082
3,"Inflation ‘will help us drive subscribers,’ fuboTV CEO says",0.0,0.0,1.0,0.0
4,Market strategist: The issue with tech stocks is ‘simply one of valuation’,0.511,0.125,0.824,0.051
5,7 Stocks to Sell Before February on Fed Policy Woes,0.99,0.086,0.851,0.063
6,HBO Is Spending Billions to Take on Netflix and Disney,0.718,0.11,0.89,0.0
7,Apple's Tim Cook made $98M in 2021 — how that compares to other tech CEOs,0.999,0.095,0.893,0.013
8,"Amazon FANG, Netflix Q4, GM Used Cars: 3 Things to Watch",0.93,0.062,0.92,0.018
9,Blackstone-backed Candle Media acquires Faraway Road Productions,0.936,0.091,0.898,0.011
10,"Junson Asset Management (Hong Kong) Ltd Buys Smartsheet Inc, Meta Platforms Inc, Microsoft ...",0.998,0.096,0.896,0.008
11,Netflix To Beat Fiscal Q4 Estimates Says Monness Crespi,-0.697,0.043,0.898,0.06
12,Why no-show Golden Globes signals it's time to 'reinvent the genre of the award show',0.999,0.177,0.795,0.028
13,"HBO Max Pledges $18 Billion Spend to Try and Catch Netflix, Disney+",-0.827,0.0,0.765,0.235
