﻿,Titles,Polarity,Positive,Neutral,Negative
0,Roku Stock Was All Over the Board Today -- Is It a Buy?,0.0,0.0,1.0,0.0
1,"Markets Keep Selling, Netflix (NFLX) Tumbles Hard on Q4 Guide",0.974,0.063,0.904,0.032
2,Netflix Stock Tanks As Video Streamer Misses Its Subscriber Goal,-0.422,0.0,0.882,0.118
3,Netflix stands to shed nearly $45 billion in market cap after ‘borderline catastrophic’ forecast,-0.599,0.164,0.612,0.223
4,Will Netflix Earnings Sink the Stock Market Friday?,-0.296,0.031,0.922,0.047
5,Netflix (NFLX) Beats Q4 Earnings and Revenue Estimates,0.995,0.095,0.897,0.008
6,Netflix Earnings: What Happened with NFLX,-0.296,0.0,0.879,0.121
7,Dow Jones Futures Fall As Netflix Dives On Subscriber Guidance; Ugly Market Reversals Teach Painful Lesson,0.0,0.0,1.0,0.0
8,Netflix Plunges After Disappointing With Forecast for New Users,0.996,0.107,0.855,0.038
9,"For Netflix, ‘the good old days may be gone,’ analyst says",0.527,0.102,0.898,0.0
10,Netflix Stock Tumbles On Weak Subscriber Growth,-0.402,0.0,0.891,0.109
11,Netflix stock falls after subscriber outlook misses expectations,0.178,0.102,0.824,0.075
12,"Asian Stocks Down, Investors Digest Japanese Inflation Data",0.077,0.053,0.899,0.048
13,Netflix's weak subscriber forecast evaporates pandemic-fueled stock gains,0.981,0.095,0.892,0.013
14,Netflix Releases Fourth-Quarter 2021 Financial Results,0.931,0.087,0.907,0.006
15,7 Tech Stocks That Are Ticking Time Bombs You Need to Diffuse,1.0,0.134,0.833,0.033
16,"Benedetti &amp; Gucer, Inc. Buys Procter &amp; Gamble Co, iShares Core U.S. ...",0.988,0.056,0.929,0.015
17,"Netflix: ‘We expect the bulk of the subscriber growth' to come from Asia, analyst says",0.422,0.101,0.899,0.0
18,"Netflix reports earnings amid stock slump, Peloton stock crashes",0.996,0.085,0.902,0.013
19,"Netflix's pricing power ‘will remain intact,’ media analyst says",0.999,0.098,0.876,0.026
20,Disney Reinforces Focus on International Streaming,0.0,0.0,1.0,0.0
21,Stock market could drop another 10% soon: top strategist,0.921,0.076,0.881,0.043
22,LAZR Stock: The Mercedes-Benz Deal That Has Luminar Technologies Lighting Up Today,0.992,0.109,0.888,0.003
23,"Vaccine mandates ‘a real pressure point’ for companies, BCG global chair says",0.599,0.154,0.846,0.0
24,Apple stock has made a huge move higher — is it time to sell?,0.828,0.073,0.88,0.047
25,"US STOCKS-Growth bargains, upbeat earnings boost Wall Street",0.991,0.119,0.834,0.047
26,"Peloton Woes, Netflix Results, American Air Outlook: 3 Things to Watch",0.952,0.083,0.865,0.052
27,"Stocks Jump, Dow Rises After Four Days of Declines",0.459,0.13,0.87,0.0
28,Netflix earnings preview: Subscriber growth and revenue remain in focus,0.998,0.159,0.831,0.01
29,"S&amp;P 500 Turns Negative as Bid in Financials, Tech Fades",-0.743,0.048,0.889,0.063
30,Netflix Leans Into South Korea Following 'Squid Game' Success,0.0,0.0,1.0,0.0
31,Tech continued to lead US office leasing activity in 2021 but vacancy remains elevated,0.0,0.0,1.0,0.0
32,"Sumitomo Mitsui DS Asset Management Company, Ltd Buys Vanguard Emerging Markets Government Bond ...",0.999,0.081,0.913,0.006
33,Dow Jones Rebounds After Stock Market Sell-Off Worsens; Apple Tests Key Level; Netflix Earnings Up Next,-0.44,0.0,0.868,0.132
34,"Docusign, Zoom, Moderna become the worst performing Nasdaq stocks",-0.625,0.0,0.823,0.177
35,US STOCKS-Wall Street set to open higher after upbeat earnings,0.992,0.125,0.832,0.043
36,Dow Jones Futures Rise After Stock Market Sell-Off Worsens; Apple Tests Key Level; Netflix Earnings Up Next,-0.44,0.0,0.873,0.127
37,Netflix Is Raising Prices: Why That's Good News for Investors,-0.128,0.041,0.909,0.05
38,Netflix Grinding Out Long-Term Top,0.948,0.131,0.768,0.1
39,Netflix Stock Has a Lot to Prove Today,0.0,0.0,1.0,0.0
40,Is GameStop Stock a Buy?,0.25,0.043,0.957,0.0
41,Netflix Earnings Preview: Subscriber Growth In Focus After Q3 'Squid Game' Surge,0.649,0.122,0.878,0.0
42,"Biden's Policy Drift, Netflix Earnings, German Price Shock - What's Moving Markets",0.976,0.11,0.806,0.084
43,"Tech Leads Rebound, China Cuts Rates, Netflix, United Airlines and AMD - 5 Things You Must Know",0.681,0.166,0.748,0.087
44,Netflix Is Still on a Tear. Why the Stock Is Limping Into Earnings.,0.402,0.181,0.738,0.081
