﻿,Titles,Polarity,Positive,Neutral,Negative
0,Nasdaq Re-Enters Correction; Why Netflix and Match Group Led Stocks Lower,-0.556,0.0,0.753,0.247
1,India says video streaming platforms should be held responsible for content,-0.856,0.091,0.807,0.102
2,Will Netflix's (NFLX) Weekly Release Trial Boost User Base?,0.997,0.136,0.859,0.006
3,How To Easily Own The Year's Two Hottest Big Stocks,-0.625,0.07,0.753,0.177
4,"Tech stocks, with the exception of one, are 'frustrating a lot of investors': analyst",0.996,0.137,0.813,0.05
5,Ray Dalio: Current bubble ‘halfway’ to 2000 and 1929,0.977,0.091,0.891,0.018
6,"Tesla, Nio, And Riot Blockchain Trump FAANG Stocks For Indian Investors",0.861,0.084,0.871,0.045
