﻿,Titles,Polarity,Positive,Neutral,Negative
0,Netflix (NFLX) Gains As Market Dips: What You Should Know,0.992,0.101,0.887,0.012
1,Apple Stands to Lose a Few Billion Dollars Annually From Ruling,0.977,0.06,0.906,0.035
2,Netflix Stock: Can Streaming Service Hold off Competitors?,0.994,0.11,0.872,0.018
3,Will FAANG stocks get routed because of the Federal Reserve?,0.996,0.147,0.816,0.037
4,The 10 Richest People on Wall Street and How to Invest in Them,1.0,0.127,0.84,0.033
5,Apple’s App Store Dealt Blow by Judge in Epic Antitrust Case,-0.127,0.071,0.86,0.069
6,‘You should always be expecting a 10% correction in the market:’ Mike Wilson,0.0,0.0,1.0,0.0
7,Netflix (NFLX) Inks Multi-Movie Deal With TikToker Addison Rae,0.997,0.119,0.872,0.009
