﻿,Titles,Polarity,Positive,Neutral,Negative
0,Netflix Co-CEO Ted Sarandos Says Squid Game Could Be Its Biggest Show Ever,-0.402,0.059,0.825,0.116
1,Netflix Releases New Data on Most Popular TV Shows and Movies,0.988,0.091,0.876,0.034
2,This Netflix Stock Option Trade Offers 25% Potential Return On Risk,0.866,0.205,0.757,0.038
3,TGNA vs. NFLX: Which Stock Is the Better Value Option?,0.999,0.269,0.727,0.004
4,Netflix (NFLX) Reveals Solid Content Lineup at Tudum Fan Event,0.997,0.118,0.852,0.03
5,3 Reasons Disney Expects Slower Subscriber Growth This Quarter,0.71,0.13,0.87,0.0
6,Bitcoin In Focus As Netflix Makes Documentary On Suspicious Death Of Crypto Entrepreneur That Led To $250M In Lost Funds,-0.625,0.0,0.825,0.175
7,Top Netflix Hit ‘Squid Game’ Sends Korean Media Stocks Surging,0.962,0.11,0.83,0.06
8,Apple TV+ is Woefully Short on Streaming Customers,0.104,0.153,0.707,0.139
