﻿,Titles,Polarity,Positive,Neutral,Negative
0,Jan. 6 Panel Gives Chilling Details of Pence’s Escape From Mob at the US Capitol,-0.808,0.072,0.86,0.068
1,3 Reasons Roku Shouldn't Sell Itself to Netflix,-0.329,0.016,0.942,0.042
2,"Google, Meta digital ads haven’t slowed significantly amid macro headwinds: Analyst",0.994,0.07,0.901,0.029
3,3 Stocks to Buy and Hold for Long-Term Profit Potential,0.993,0.114,0.807,0.079
4,Netflix (NFLX) Renews Korean Drama Sweet Home for Seasons 2 &amp; 3,0.997,0.161,0.801,0.038
5,A Look at the Real Estate Market,0.542,0.152,0.758,0.09
6,7 Growth Stocks That Cathie Wood Is Bullish on Right Now,0.997,0.084,0.893,0.024
7,Spotify Slows Down On Hiring Amid Macro Uncertainties,0.976,0.121,0.856,0.024
8,Which Video-Streaming Stocks Are the Cheapest?,0.987,0.09,0.858,0.052
9,"Mo’Nique, Netflix reportedly settle her suit alleging racial, gender bias",0.077,0.152,0.674,0.173
