﻿,Titles,Polarity,Positive,Neutral,Negative
0,"Indiana Bell Telephone Company, Inc. -- Moody's affirms AT&amp;T's ratings following $27 billion C-Band spectrum investment and sale of a 30% stake in DirecTV; outlook is stable",1.0,0.136,0.795,0.069
1,AMC Entertainment Stock Has A Rough Ride Ahead,0.954,0.116,0.787,0.097
2,Today’s Most-Shorted Stocks Worth Buying,0.996,0.096,0.871,0.034
3,"Top Stock Reports for Netflix, Toyota &amp; AbbVie",1.0,0.174,0.785,0.041
4,AT&amp;T Stock Is Rising on a Bigger HBO Max Target,0.0,0.0,1.0,0.0
5,"Tech, Growth Stocks Under Pressure As Treasury Yields Rise",0.998,0.11,0.849,0.041
