﻿,Titles,Polarity,Positive,Neutral,Negative
0,Why Apple Stock Popped Today,0.791,0.136,0.864,0.0
1,"Netflix sues 'Unofficial Bridgerton Musical' creators, MGM stock rises, CVS boosted by sales",-0.477,0.0,0.876,0.124
2,NXST vs. NFLX: Which Stock Is the Better Value Option?,0.998,0.203,0.793,0.004
3,Netflix Is Scrambling to Learn the Ad Business It Long Disdained,0.0,0.0,1.0,0.0
4,Are Ad-Supported Tiers the Future for Streaming Stocks?,0.364,0.144,0.744,0.112
5,Netflix Is Gearing Up for Greatness. What's This Company Got Up Its Sleeve?,0.791,0.246,0.688,0.065
6,"Tesla Is Slightly Less Great Than Usual, and Amazon Makes a Big Healthcare Buy",-0.103,0.046,0.897,0.057
