﻿,Titles,Polarity,Positive,Neutral,Negative
0,Peacock Makes a Move to Challenge Disney's Hulu,0.013,0.111,0.802,0.087
1,Investors Should Start to Question Netflix's Pricing Power,-0.288,0.042,0.882,0.076
2,"Stocks reverse course into the close, real estate sector among biggest losers of the day",0.0,0.0,1.0,0.0
3,Netflix cancels Meghan Markle’s animated series ‘Pearl’ amid cutbacks,-0.494,0.0,0.814,0.186
4,Netflix: Bull vs. Bear,0.7,0.139,0.861,0.0
5,Three prominent media stocks have crashed more than 50% in 2022,0.882,0.101,0.821,0.078
6,Buy Disney Stock After Near-50% Decline Amid Strong Trends,0.994,0.112,0.866,0.022
7,"Meta and Netflix stocks gain, Spirit Airlines stock dips, oil falls",-0.47,0.077,0.86,0.064
8,"Microsoft, Epic, Netflix: The Buying Spree in Video Games Continues",0.71,0.092,0.871,0.037
9,"Betting on FuboTV Stock Is a High Risk, High Reward Scenario",0.962,0.131,0.762,0.108
10,"Apple faces EU antitrust charges, Quantas promises nonstop London-Sydney flights, Netflix cancels Markle project",-0.727,0.0,0.843,0.157
11,Stocks rise modestly at market open,0.0,0.0,1.0,0.0
12,EU's Vestager assessing if tech giants should share telecoms network costs,0.253,0.045,0.916,0.038
13,Nasdaq sees worst month since 2008 as tech earnings disappoint,-0.625,0.0,0.806,0.194
14,Warner Bros. Discovery Stock Is Down too Far,0.991,0.141,0.788,0.071
15,2 REITs That Are Way More Resilient Than Tech Stocks,0.844,0.129,0.871,0.0
16,Roku Proves That It's Not Netflix,0.511,0.125,0.875,0.0
17,7 Safe Stocks to Buy in May 2022,0.999,0.113,0.841,0.046
18,3 Beaten-Down Growth Stocks to Buy and Hold,0.25,0.079,0.866,0.055
19,UPDATE 1-Netflix drops Meghan Markle's animated series 'Pearl',0.765,0.062,0.892,0.046
20,"Bragar Eagel &amp; Squire, P.C. Is Investigating Netflix, Apyx, Cassava, and Dentsply and Encourages Investors to Contact the Firm",0.97,0.073,0.904,0.023
21,Netflix drops Meghan Markle's animated series 'Pearl',0.649,0.069,0.874,0.057
