﻿,Titles,Polarity,Positive,Neutral,Negative
0,‘Stranger Things’ and beyond: Here’s what’s worth streaming in July 2022,0.572,0.093,0.907,0.0
1,"Analysis: Why Did Disney Retain Bob Chapek Despite His Many, Many Errors?",0.995,0.12,0.812,0.068
2,2 of the Best Nasdaq Stocks to Buy for July,0.931,0.205,0.795,0.0
3,Why this round of tech layoffs may be different,0.0,0.0,1.0,0.0
4,This Stock Is Set to Soar During the Next Bull Market,-0.115,0.128,0.763,0.11
5,"JPMorgan downgrades Amazon, Meta, and 24 other tech company stocks",-0.069,0.177,0.628,0.195
6,Netflix (NFLX) Pledges to Localize Payment Methods in APAC,0.999,0.144,0.837,0.018
7,Top 10 Stock Picks of Mika Toikka’s AlphaCrest Capital,1.0,0.153,0.819,0.028
8,Ad-Supported Possibilities Make Netflix Stock Enticing,0.963,0.084,0.866,0.05
9,7 Warren Buffett Stocks to Buy for a Bear Market,0.999,0.13,0.813,0.056
10,"Technical Analysis: 3 Clues To Look For In Amazon, Nvidia, Netflix",0.0,0.0,1.0,0.0
11,"Understanding Chart Patterns: Lessons From Nvidia, Netflix, Meta",0.0,0.0,1.0,0.0
12,3 Reasons Why Netflix Stock Is a Buy Now,0.815,0.131,0.847,0.022
13,Why Disney Is the Top Streaming Stock Today,0.477,0.108,0.851,0.042
14,4 Stocks to Buy Before the Bull Market Returns,0.998,0.127,0.845,0.029
15,The Value-Growth War: Who’s Ahead Right Now and What’s at Stake,0.44,0.255,0.569,0.176
