﻿,Titles,Polarity,Positive,Neutral,Negative
0,Netflix (NFLX) Backs Archewell Production's Heart of Invictus,0.995,0.114,0.86,0.026
1,2 Must-Watch Tech Earnings Reports This Month,0.052,0.032,0.938,0.029
2,AT&amp;T's HBO Max Just Isn't Sticky Enough,0.0,0.0,1.0,0.0
3,Could Netflix Be a Millionaire-Maker Stock?,-0.511,0.0,0.947,0.053
4,15 Most Valuable Internet Companies in the World,0.999,0.105,0.887,0.008
5,SEC Accuses Actor of $690 Million Fraud Based on Fake Netflix Deal,0.327,0.074,0.863,0.063
