﻿,Titles,Polarity,Positive,Neutral,Negative
0,One Company To Watch As Electric Vehicle Stocks Get Ready To Fly This Summer,1.0,0.156,0.812,0.032
1,Here’s what’s coming to Netflix in June 2021 — and what’s leaving,0.0,0.0,1.0,0.0
2,"The streaming space is evolving so quickly, mirroring the evolution of traditional TV: ViacomCBS Streaming President &amp; CEO",0.0,0.0,1.0,0.0
3,We're lacking a positive catalyst in the market: Sevens Report Research President,0.0,0.0,1.0,0.0
4,"'There clearly will be more consolidation' in streaming space as WarnerMedia, Discovery deal pressures platforms: Media executive",-0.557,0.0,0.874,0.126
5,"HBO Max With Ads Will Cost $9.99 a Month, WarnerMedia Says",0.0,0.0,1.0,0.0
6,"AT&amp;T Retreats, Providing an Opportunity for Investors",0.992,0.127,0.81,0.064
7,Netflix Stock Has Been Stuck in a Rut. Why One Analyst Offers Rave Reviews.,0.494,0.11,0.89,0.0
8,Netflix Stock Gets Bullish Start As Video Streamer Called 'Must-Have' Service,0.0,0.0,1.0,0.0
9,Movie theater experience must ‘reinvent itself’: Tribeca Enterprises CEO,0.993,0.106,0.864,0.03
10,Are the FAANG Stocks Still Good Buys Today?,0.0,0.0,1.0,0.0
11,Movie theater experience has to ‘reinvent itself’: Jane Rosenthal,0.0,0.0,1.0,0.0
12,"The Zacks Analyst Blog Highlights: AT&amp;T, Discovery, Netflix, Verizon and Apollo Global Management",0.999,0.13,0.846,0.025
13,"FAANG Stocks Slip Amid Worries Over Cryptos, Commodities, Inflation",0.875,0.062,0.906,0.032
14,Army of the Dead — Netflix bets the house on Vegas-set zombie romp,-0.128,0.114,0.767,0.12
