﻿,Titles,Polarity,Positive,Neutral,Negative
0,"Canton Hathaway, LLC Buys Amplify Lithium &amp; Battery Technology ETF, Raytheon Technologies ...",0.992,0.049,0.944,0.007
1,Netflix Stock Tumbles Amid Subscriber Growth Concerns,0.402,0.188,0.742,0.07
2,‘Don’t Look Up’ Breaks Netflix Record for Weekly Viewership,0.0,0.0,1.0,0.0
3,"Health care sector 'is a prime candidate for an inflationary environment,' analyst says",0.494,0.08,0.92,0.0
4,"Netflix could report 2 million fewer subscribers than expected, analyst warns",0.226,0.075,0.848,0.077
5,15 Important Stock Picks of Major Hedge Funds in 2021,1.0,0.132,0.848,0.019
6,"US STOCKS-S&amp;P 500, Nasdaq gain in choppy trading; cyclicals rise",0.876,0.074,0.884,0.041
7,Fed rate hikes ‘will not affect’ stalwart FAANG stocks: Strategist,0.998,0.118,0.85,0.032
8,Earnings season will bring ‘a dash of reality’ to markets: Analyst,0.0,0.0,1.0,0.0
9,"After Plunging 9.6% in 4 Weeks, Here's Why the Trend Might Reverse for Netflix (NFLX)",0.992,0.128,0.844,0.028
10,"US STOCKS-Wall St eyes mixed open as tech stocks still weak, banks rally",0.992,0.12,0.851,0.029
11,"Netflix’s Subscriber Growth May Fall Short, Analyst Says. Why He’s Still Upbeat.",-0.115,0.1,0.784,0.116
12,"This tech giant will shape the future of the metaverse, buy its stock: analyst",0.468,0.043,0.932,0.025
13,"The Zacks Analyst Blog Highlights: JPMorgan Chase &amp; Co., Toyota Motor Corp., and Netflix, Inc",0.998,0.13,0.854,0.016
14,3 Top Entertainment Stocks to Watch in January,0.527,0.216,0.784,0.0
15,Influencers with Andy Serwer: Phil Hutcheon &amp; Tony Fadell,1.0,0.141,0.837,0.023
16,"Target, ConAgra Fall Premarket; Walgreens, Bed Bath &amp; Beyond Rise",-0.153,0.093,0.812,0.095
