﻿,Titles,Polarity,Positive,Neutral,Negative
0,Netflix Opens a New Front in the Streaming War. How Games Can Boost the Stock.,0.273,0.129,0.871,0.0
1,Is the Run in Virgin Galactic Over or Just Beginning? It Depends.,0.999,0.138,0.83,0.031
2,Housing Prices Are Absurd. Don’t Get Mad — Get Even.,0.996,0.081,0.884,0.035
3,Did Disney's (DIS) 'Black Widow' Release Strategy Misfire?,-0.637,0.0,0.785,0.215
4,"Stock Market Rally Rebounds To Highs; Snap, Crocs, Chipotle, Netflix Are Key Earnings",0.318,0.13,0.795,0.075
5,TV vs. NFLX: Which Stock Is the Better Value Option?,0.999,0.246,0.749,0.004
6,3 Reasons Netflix Could Succeed in Video Games,0.19,0.025,0.975,0.0
7,Will Netflix's Foray Into Games Pay Off?,-0.077,0.027,0.942,0.031
8,"If I Could Buy Only 1 Stock, This Would Be It",0.382,0.116,0.805,0.079
9,Here's the Scary Reason Netflix's Q2 Subscriber Growth in the U.S. Was So Poor,0.006,0.125,0.701,0.174
10,Where Will Roku Be in 10 Years?,0.0,0.0,1.0,0.0
11,Tech Stocks Roundup: Cramer Says FAANG is Key to Gauging Market,0.202,0.079,0.921,0.0
