﻿,Titles,Polarity,Positive,Neutral,Negative
0,"Hit 'Bridgerton' series returns with more balls, courtships and gossip",0.997,0.18,0.782,0.038
1,"Streaming wars: Hyper-personalization ‘is a big differentiator,’ analyst says",-0.758,0.0,0.822,0.178
2,Disney employee on walkout: ‘We expect more from the CEO’,-0.382,0.0,0.893,0.107
3,"The yield curve is ‘scaring the bajeezus out of most investors,’ strategist says",0.296,0.053,0.947,0.0
4,Is Monday’s Plunge in Shopify Stock a Warning to Investors?,0.997,0.128,0.829,0.043
5,Cold War 2.0? The Global Economic Impact of Sanctions Against Russia,-0.477,0.043,0.849,0.108
6,New Witcher Game in Development With Epic Games’ Unreal Engine,0.925,0.075,0.876,0.049
