﻿,Titles,Polarity,Positive,Neutral,Negative
0,"SHAREHOLDER ALERT: Pomerantz Law Firm Investigates Claims On Behalf of Investors of Netflix, Inc. - NFLX",0.934,0.097,0.852,0.05
1,"A ""Squid Game"" Stock Jumped 24% on Renewal of the Hit Netflix Show",-0.494,0.097,0.694,0.208
2,Netflix stock downgraded to ‘Sell’ by Goldman Sachs analysts,0.128,0.085,0.847,0.068
3,PlayStation Takes On Xbox With New Subscription Service,-0.912,0.064,0.852,0.084
4,Why Streaming Stocks Sank on Monday,0.704,0.156,0.752,0.092
5,Netflix (NFLX) Announces Season 2 of Global Hit Squid Game,0.994,0.132,0.82,0.048
6,Green light! Netflix’s Squid Game season 2 announcement shoots up stock in studio linked to star,0.959,0.074,0.892,0.035
7,‘Squid Game’ Stock Jumps After Netflix Announces Second Season,0.612,0.09,0.829,0.081
8,‘Squid Game’ Stock Jumps After Netflix Announces Second Season,0.612,0.09,0.829,0.081
