﻿,Titles,Polarity,Positive,Neutral,Negative
0,UPDATE 1-Netflix hires two top ad executives from Snap,0.658,0.039,0.949,0.012
1,Netflix Appoints Two Snap Executives to Lead Its Advertising Push,0.511,0.193,0.807,0.0
2,"Top stocks after hours: Netflix, Snap, CrowdStrike and more",0.891,0.059,0.906,0.035
3,Two top Snap ad executives jump to Netflix ahead of launch of ad-supported tier,-0.422,0.0,0.859,0.141
4,Netflix hires two top ad executives from Snap,0.658,0.04,0.948,0.012
5,Smaller EU telcos say network fee aimed at Big Tech will hurt competition,-0.944,0.017,0.895,0.087
6,"Tech stocks: MATANA is the new FAANG, analyst says",0.999,0.105,0.866,0.029
7,The Extra Costs of Netflix's Ad-Supported Tier,0.631,0.111,0.889,0.0
8,"Netflix, Inc. (NFLX) Is a Trending Stock: Facts to Know Before Betting on It",0.998,0.126,0.865,0.008
9,"YouTube Loses Veteran Leader As It Battled Growth Weakness, TikTok Frenzy",0.961,0.117,0.842,0.041
