﻿,Titles,Polarity,Positive,Neutral,Negative
0,"NBC Ditches Hulu for Peacock, Leaving Disney Stranded Solo",0.0,0.0,1.0,0.0
1,Netflix (NFLX) Dips More Than Broader Markets: What You Should Know,0.979,0.09,0.866,0.043
2,Apple workers to begin returning to the office on April 11,0.0,0.0,1.0,0.0
3,Russia-Ukraine war: How media giants are cutting off Russia as crisis evolves,-0.935,0.045,0.893,0.061
4,Disney+ Is Adding an Ad-Supported Tier. Don’t Expect Netflix to Follow.,0.0,0.0,1.0,0.0
5,Netflix Has a Good Outlook Despite Its Recent Negative Free Cash Flow,0.991,0.112,0.825,0.063
6,Market strategist: Commodities have a ‘geopolitical premium priced in’,0.511,0.133,0.867,0.0
7,Netflix's Gaming Ambition Is Coming Together,0.052,0.036,0.932,0.033
8,Wait For Boeing Stock To Really Take Off,0.435,0.059,0.893,0.048
9,The Big Picture Looks Bright for Pinterest Shareholders,0.998,0.101,0.88,0.019
