﻿,Titles,Polarity,Positive,Neutral,Negative
0,Why Netflix Stock Dropped Today,0.202,0.098,0.844,0.058
1,US STOCKS-Wall St suffers biggest weekly loss since January after hot CPI data,0.852,0.074,0.867,0.059
2,Crypto Takes On Hollywood and the Broken Studio System,0.999,0.117,0.85,0.032
3,"Disney fires TV content chief, Goldman downgrades Netflix",-0.202,0.075,0.829,0.096
4,US STOCKS-Wall St ends down sharply as hot inflation data intensifies investor fears,0.91,0.066,0.899,0.034
5,US STOCKS-Wall St falls sharply as inflation data fuels jitters,0.841,0.058,0.904,0.038
6,📺 Could Netflix Actually Buy Roku?,0.99,0.088,0.865,0.046
7,Jan. 6 Hearings Need to Deliver Additional Viral Moments to Reach Americans,-0.986,0.053,0.854,0.094
8,What's Next for Netflix as the Charts Turn Lower Again?,0.226,0.107,0.818,0.075
9,Here's What It Will Take For Netflix To Win Streaming War,0.851,0.097,0.831,0.071
10,Apple (AAPL) to Expand Apple TV+ Content With New Series 'Sugar',0.998,0.179,0.773,0.047
11,US STOCKS-Wall St unnerved as hot inflation sparks fears of more combative Fed policy,-0.838,0.044,0.896,0.06
12,"A severe recession is possible, economic expert warns",-0.985,0.051,0.834,0.115
13,Disney's (DIS) Disney+ Launch in Middle East Stiffens Competition,0.996,0.12,0.862,0.018
14,Why Roku Stock Fell This Week Following Buyout Rumors,0.671,0.091,0.88,0.029
15,Why Is Disney (DIS) Down 1% Since Last Earnings Report?,0.998,0.108,0.846,0.045
16,"Netflix, Roblox stocks slammed as Goldman Sachs moves to bearish stance",-0.077,0.072,0.843,0.084
17,US STOCKS-Wall St unnerved as hot inflation sparks fears of more combative Fed policy,-0.945,0.032,0.907,0.061
18,"Sell Netflix Stock, Goldman Says. It Has Lost Two-Thirds of Its Value.",0.318,0.062,0.899,0.04
19,Netflix shares slide as Goldman downgrades on grim economic picture,0.487,0.072,0.871,0.057
20,Dow Jones Dives On Hot Inflation Report; DocuSign Plunges 23% On Earnings,0.0,0.0,1.0,0.0
21,Netflix Falls After Inflation Exceeds Expectations,-0.972,0.063,0.827,0.11
22,"Goldman Sachs cuts ratings for Netflix, Roblox, and eBay",0.97,0.106,0.822,0.072
23,3 Reasons Netflix Shouldn't Buy Roku,0.899,0.173,0.827,0.0
24,US STOCKS-Wall St set to fall 1% as rising gas prices keep inflation high,0.269,0.063,0.881,0.056
25,"Investors Heavily Search Netflix, Inc. (NFLX): Here is What You Need to Know",0.998,0.121,0.871,0.009
26,"Midday Movers: DocuSign, Stitch Fix, Netflix and More",-0.788,0.099,0.784,0.117
27,Why Bundled Services Could Help Streamers Stem Subscriber Losses,0.915,0.165,0.808,0.027
28,Goldman slashes rating on Netflix and eBay to sell on caution around U.S. consumer,-0.318,0.032,0.907,0.061
29,Goldman cuts Netflix to 'Sell' citing competition and a 'consumer recession',-0.794,0.041,0.883,0.076
30,Why F1 Racing Could Be All Wrong for Netflix's Live Sports Launch,0.727,0.135,0.821,0.044
31,U.S. Stocks Tumble After Inflation Report Stokes Recession Fears,-0.964,0.05,0.843,0.107
32,Does Disney Have a Hulu Problem?,-0.296,0.0,0.925,0.075
33,The US job market is rapidly cooling off: Goldman Sachs,0.82,0.077,0.874,0.05
34,"Netflix Stock Slides As Goldman Lowers Rating To 'Sell', Slashes Price Target",-0.178,0.084,0.803,0.112
35,Polen Capital: “Long-Term Opportunities for Netflix (NFLX) Remain Unchanged”,0.986,0.104,0.864,0.032
36,"DocuSign, Stitch Fix, Netflix Fall Premarket; Vail Resorts Rises",0.511,0.066,0.881,0.054
37,Bezos and Ambani Set to Battle Over $7.7 Billion Cricket Rights,0.994,0.085,0.887,0.028
