﻿,Titles,Polarity,Positive,Neutral,Negative
0,Apple Joins Fellow Tech Giants in Putting a Lid on Hiring,-0.888,0.048,0.897,0.054
1,"Dow Jones Futures: Stock Market Stages Nasty Reversal With Netflix, Tesla Earnings Due",-0.557,0.0,0.854,0.146
2,Disney+ streaming loyalty is 'pretty durable' and not seasonal: Analyst,1.0,0.148,0.823,0.028
3,Dow Futures Tick Higher As Earnings Season Heats Up,-0.832,0.031,0.911,0.058
4,"Tech News Today for Financial Advisors: Google Splits, IBM Reports, Musk Vacations",0.0,0.0,1.0,0.0
5,"Apple to Slow Hiring as Economy Softens, Report Says",0.382,0.106,0.894,0.0
6,Netflix Users are Leaving; 3 Rival Streamers Seeing Big Gains,-0.214,0.0,0.883,0.117
7,Netflix Q2 earnings preview: What to expect as Morgan Stanley warns of 'streaming recession',0.224,0.083,0.835,0.083
8,"Housing Starts, Johnson &amp; Johnson, Netflix: 3 Things to Watch",0.509,0.038,0.922,0.04
9,Analyst are Cutting Estimates on These 10 Tech Stocks,0.999,0.091,0.863,0.046
10,Netflix Earnings: What to Watch,0.612,0.217,0.783,0.0
11,Disney (DIS) Set to Hike ESPN+ Subscription Price by 43%,0.997,0.132,0.843,0.025
12,NXST vs. NFLX: Which Stock Should Value Investors Buy Now?,0.999,0.242,0.754,0.004
13,How to Trade Earnings with Straddles (Featuring Netflix and Tesla),0.178,0.034,0.943,0.023
14,Netflix earnings preview: ’Stranger Things’ offers bright spot amid stock slump,0.982,0.093,0.864,0.043
15,"Tesla, Netflix to report earnings this week",0.0,0.0,1.0,0.0
16,"The End of ""Stranger Things"" Might Actually Be a Boost for Netflix",0.852,0.133,0.867,0.0
17,Netflix Stock Has a Lot to Prove This Week,-0.273,0.0,0.89,0.11
18,Netflix Earnings: What to Look For From NFLX,0.382,0.11,0.89,0.0
19,Economic Recession is Crushing These 10 Hedge Funds,0.992,0.102,0.827,0.071
20,Implied Volatility Surging for Netflix (NFLX) Stock Options,0.984,0.098,0.876,0.025
21,Stock market news live updates: Stock futures jump as earnings season picks up,-0.95,0.025,0.914,0.061
22,What Tech Earnings Will Tell Us About a Second-Half Recession,-0.612,0.0,0.857,0.143
23,"Twitter Earnings on Tap, But All Eyes on Musk Court Battle",0.993,0.116,0.814,0.071
24,How Netflix plans to find its inner ‘Star Wars’,0.996,0.08,0.892,0.029
25,INSIGHT-How Netflix plans to find its inner ‘Star Wars’,0.996,0.079,0.892,0.029
26,Alphabet Split Ends Era of Jumbo Prices for Megacaps,0.992,0.118,0.811,0.071
27,"The job market is poised to slow 'sharply,' Goldman warns",0.89,0.092,0.838,0.07
