﻿,Titles,Polarity,Positive,Neutral,Negative
0,Here’s everything new to Netflix in September 2022 — and what’s leaving,0.765,0.239,0.761,0.0
1,"Stocks and bond markets close higher, indice leaders consolidate gains",0.0,0.0,1.0,0.0
2,Should You Sell the Summer Stock Rally?,0.997,0.126,0.859,0.016
3,Buy When Everyone is Selling,0.999,0.136,0.841,0.022
4,"Netflix (NFLX) Launches New Heads Up Game, Expands Portfolio",0.997,0.147,0.814,0.04
5,Warner Bros. Discovery's (WBD) HBO Max Abandons Batman Series,0.984,0.071,0.896,0.033
6,A Bad Year May Get Worse for Snapchat and Facebook Owners,0.845,0.091,0.823,0.085
7,"Streaming Giants Disney, Netflix, and Hulu Just Put Another Nail in Cable TV",-0.612,0.023,0.907,0.07
