﻿,Titles,Polarity,Positive,Neutral,Negative
0,Checking Out the AT&amp;T-Discovery Deal,-0.296,0.023,0.938,0.039
1,Checking Out the AT&amp;T-Discovery Deal,-0.296,0.023,0.938,0.039
2,Discovery: A Landmark Deal in the Streaming Segment,0.997,0.134,0.827,0.038
3,Five Strategic Questions Sony Needs to Answer at Its Investor Presentation,0.999,0.105,0.868,0.027
4,Why Amazon-MGM deal is a sign of streaming competition: 'Some will go out of business',0.972,0.082,0.888,0.03
5,Amazon nears blockbuster deal for MGM Studios: report,0.178,0.048,0.952,0.0
6,Amazon’s reported $9B bid for MGM would make it 'king' of streaming but likely wouldn't be blocked,0.989,0.119,0.827,0.055
7,Worried About Inflation? Buy This Forever Stock,-0.586,0.06,0.782,0.158
8,Erdogan's meet with U.S. CEOs to highlight ties -embassy,0.807,0.057,0.926,0.017
9,"Facebook, Google Lobby U.K. to Block Paul Dacre as Regulator",0.944,0.07,0.885,0.045
