﻿,Titles,Polarity,Positive,Neutral,Negative
0,Netflix forks over big bucks for two ‘Knives Out’ sequels,0.103,0.048,0.952,0.0
1,"Dallas Mavericks CEO on diversity and inclusion: 'We have achieved success, but we're not there yet'",0.987,0.083,0.879,0.039
2,"Top Research Reports for Comcast, Netflix &amp; PepsiCo",0.999,0.162,0.784,0.054
3,Why 2020’s winning trades are this year’s losing trades,-0.625,0.0,0.769,0.231
4,People are making lots of money off of ‘the big lie’: Ken Burns,0.994,0.14,0.768,0.092
5,1 FAANG Stock to Buy Right Now and 1 to Avoid,0.844,0.198,0.802,0.0
6,"FAANG Bite: How to Trade Facebook, Apple and Amazon",0.178,0.091,0.909,0.0
7,"Cathie Wood's Ark Space Exploration ETF Has 'No Reason' To Exist, Says Cramer",0.993,0.132,0.845,0.023
8,Here’s what’s coming to Netflix in April 2021 — and what’s leaving,0.103,0.08,0.92,0.0
