﻿,Titles,Polarity,Positive,Neutral,Negative
0,Netflix (NFLX) Outpaces Stock Market Gains: What You Should Know,0.987,0.081,0.906,0.012
1,Is the market for streaming services cooling?,-0.477,0.047,0.841,0.112
2,"Thanksgiving box office: Vaccines for kids ‘will play a major role’ in family movie attendance, analyst says",0.382,0.067,0.933,0.0
3,I'm Buying These 3 Resilient Stocks During a Bear Market,0.914,0.209,0.75,0.04
4,"The Zacks Analyst Blog Highlights: Johnson &amp; Johnson, Netflix, Oracle, PepsiCo and Verizon Communications",0.998,0.136,0.838,0.026
5,"As streamers pare down their subscriptions, Disney+ may be the most at risk",-0.153,0.0,0.914,0.086
6,"Lights, camera.. anyone? Film studios can't get the crew",0.992,0.093,0.865,0.041
7,"FOCUS-Lights, camera.. anyone? Film studios can't get the crew",0.992,0.095,0.864,0.041
