﻿,Titles,Polarity,Positive,Neutral,Negative
0,"Crowdfunding film projects can help 'drive diversity in entertainment,' Seed&amp;Spark CEO says",0.751,0.176,0.824,0.0
1,AMC Stock Alert: The Theater News Sending AMC Entertainment Soaring Today,0.997,0.141,0.824,0.034
2,Disney Stock Weak Ahead Of Earnings As Industrywide Streaming Subscriber Growth Stalls,0.178,0.102,0.898,0.0
3,10 Best Dividend Stocks to Buy According to Sculptor Capital,1.0,0.133,0.839,0.028
4,Streaming: Netflix dominates 2022 Oscar nominations,-0.459,0.0,0.893,0.107
5,Peloton still has one other big problem — its board of directors,0.911,0.054,0.929,0.016
6,Disney Option Traders Mildly Bullish,0.612,0.24,0.76,0.0
7,7 Stocks That Will Win Whether It’s a Bull or Bear Market,0.999,0.106,0.877,0.017
8,Peloton is losing the CEO of its biggest acquisition ever,0.994,0.1,0.88,0.019
9,7 Top Millennial Stocks Worth Buying on the Dip,1.0,0.155,0.812,0.033
10,"Netflix receives 25 Oscar nominations, most in company history",0.0,0.0,1.0,0.0
11,10 Best Performing Hedge Funds of 2021,1.0,0.134,0.844,0.021
12,Streamers Are Dominating Hollywood. Netflix Has Chance for Its First Best Picture Prize.,0.942,0.498,0.502,0.0
13,Will Revival in Park Business Aid Disney's (DIS) Q1 Earnings?,0.996,0.125,0.846,0.029
14,"Peloton’s 2-Day Rally Tops 40% on New CEO, Speculation on Sale",0.958,0.09,0.839,0.07
15,"Stocks: Several factors are 'settling markets right now', investment strategist Seema Shah explains",0.459,0.125,0.875,0.0
16,"FuboTV Is Nothing Like at Netflix, so Stop Pulling FUBO Stock Down",0.998,0.114,0.872,0.014
17,"UPDATE 3-'The Power of the Dog,' 'Dune' lead nominations in battle for Oscars glory",0.994,0.116,0.849,0.035
18,Will 'The Power of the Dog' Oscar Noms Help Netflix Add New Subscribers?,0.718,0.207,0.793,0.0
19,Here's How Morgan Stanley Views Disney,0.917,0.109,0.849,0.042
20,"Peloton plans to replace CEO, overhaul board - WSJ",0.268,0.062,0.881,0.057
21,"UPDATE 3-Peloton plans to replace CEO, overhaul board - WSJ",0.507,0.067,0.877,0.056
22,UPDATE 1-Netflix rival and Nordic noir producer NENT boosts subscribers after rapid expansion,0.642,0.048,0.93,0.022
23,BP lifts FTSE 100 as it cashes in on energy price hike,0.95,0.076,0.876,0.048
24,"Peloton, Pfizer, Meta Platforms Fall Premarket; Coty, Harley-Davidson Rise",0.902,0.071,0.882,0.048
25,"Bond Auctions, Peloton Shake-Up, Ukraine Diplomacy - What's Moving Markets",-0.826,0.073,0.854,0.073
26,"Monetta Financial Services Inc Buys Uber Technologies Inc, Netflix Inc, Merck Inc, Sells The ...",0.989,0.052,0.943,0.005
27,"Northwest Capital Management Inc Buys BTC iShares MSCI EAFE Value ETF, Vanguard Ultra-Short ...",0.997,0.069,0.928,0.003
28,"3 reasons why Netflix can’t win the ‘streaming wars,’ analyst says",-0.764,0.047,0.89,0.063
