﻿,Titles,Polarity,Positive,Neutral,Negative
0,"Why The Trade Desk, Magnite, PubMatic, and Criteo Stocks Were Down Double Digits This Week",0.361,0.062,0.906,0.033
1,Netflix Could Rally After Its Microsoft Advertising Deal,-0.296,0.0,0.961,0.039
2,"Analyst slams Netflix-Microsoft ad agreement, says deal conceals 'hidden agenda'",0.967,0.079,0.869,0.052
3,"AMC may have been a meme-stock darling, but weakness in some key areas has the company on shaky ground",-0.273,0.0,0.909,0.091
4,"Why The Trade Desk, Roku, and Other Digital Advertising Stocks Got Crushed Today",0.477,0.089,0.876,0.035
5,Wall Street Criticizes Netflix's Choice Of Microsoft As Advertising Partner,-0.318,0.0,0.901,0.099
6,"Netflix brings ‘Exploding Kittens’ to mobile devices, set to launch animated series",0.527,0.132,0.868,0.0
7,"Netflix earnings: What to expect on ads, subscriber growth, and more",-0.599,0.128,0.573,0.3
8,Netflix could be ‘looking for an exit’ through ad partnership with Microsoft: Analyst,0.962,0.067,0.89,0.044
9,Netflix (NFLX) Partners With Microsoft for Its Ad-Supported Tier,0.994,0.126,0.832,0.042
10,Is Netflix Stock a Buy Before Earnings?,0.741,0.142,0.858,0.0
11,The Gray Man film review — Ryan Gosling lets the action do the talking in $200mn Netflix spectacle,-0.612,0.0,0.783,0.217
12,Stocks on Sale: Is Roblox a Buy Now?,0.0,0.0,1.0,0.0
13,7 Stocks Trading at a 52-Week Low Worth Buying Now,0.997,0.105,0.83,0.065
14,"JPMorgan, Morgan Stanley, Tesla and More Thursday Stock Movers",-0.691,0.0,0.905,0.095
15,Warner Bros. Discovery Is Making Moves to Conquer the Streaming Industry,0.772,0.148,0.821,0.031
16,Netflix Surprised Everyone by Picking Microsoft as Its Partner for Ad-Supported Streaming,0.0,0.0,1.0,0.0
17,Is Netflix Stock Undervalued?,0.71,0.15,0.85,0.0
18,Here's Why Netflix Stock Could Soar Next Week,0.382,0.148,0.852,0.0
19,Influencers with Andy Serwer: Roger McNamee,-0.542,0.0,0.911,0.089
20,Founder of £1.4 Billion Music Fund Spurns New Music for Old Hits,0.893,0.099,0.819,0.083
21,Food Delivery Giant Meituan Hires Kuaishou’s Former Global Chief,0.854,0.06,0.901,0.039
