﻿,Titles,Polarity,Positive,Neutral,Negative
0,10 Best Tech Stocks to Buy According to Japanese Billionaire Masayoshi Son,1.0,0.124,0.867,0.01
1,10 Best Tech Stocks to Buy According to Japanese Billionaire Masayoshi Son,1.0,0.124,0.867,0.01
2,Netflix (NFLX) Outpaces Stock Market Gains: What You Should Know,0.996,0.128,0.861,0.011
3,Netflix (NFLX) Outpaces Stock Market Gains: What You Should Know,0.996,0.128,0.861,0.011
4,Shopify Unveils Tools to Enhance Online Stores,0.963,0.059,0.912,0.029
5,Netflix Doesn’t Sell Ads. Why One Analyst Thinks They Should Change Their Stance.,-0.296,0.0,0.905,0.095
6,"How ""Stranger Things"" Could Open Up a New World for Roblox",0.786,0.318,0.682,0.0
7,"How ""Stranger Things"" Could Open Up a New World for Roblox",0.786,0.318,0.682,0.0
8,"Investors urge cos. like Netflix, Apple to reveal climate data",0.0,0.0,1.0,0.0
9,"Investors urge cos. like Netflix, Apple to reveal climate data",0.0,0.0,1.0,0.0
10,Netflix Isn't Making a $14 Billion Mistake,-0.542,0.04,0.859,0.101
11,Netflix Isn't Making a $14 Billion Mistake,-0.542,0.04,0.859,0.101
12,Netflix Subscriber Growth Will Pick Up in the Second Half,0.178,0.079,0.852,0.068
13,ViacomCBS (VIAC) to Premiere CMT Awards on CBS in Early 2022,0.999,0.157,0.839,0.004
14,ViacomCBS (VIAC) to Premiere CMT Awards on CBS in Early 2022,0.999,0.157,0.839,0.004
