﻿,Titles,Polarity,Positive,Neutral,Negative
0,Google plans to scale back hiring this year: report,-0.395,0.066,0.838,0.096
1,How To Trade A Bearish Call Spread On Netflix,0.593,0.155,0.845,0.0
2,Netflix (NFLX) Dips More Than Broader Markets: What You Should Know,0.989,0.098,0.87,0.031
3,2022 Emmy Awards: Streaming shows lead nominations,0.422,0.078,0.922,0.0
4,Netflix Seeks to Renegotiate Deals to Show Ads Next to Popular Shows,0.572,0.164,0.836,0.0
5,The 5 biggest Emmy snubs in 2022,0.0,0.0,1.0,0.0
6,Disney (DIS) to Stream BTS' Exclusive Docuseries Next Year,0.998,0.141,0.849,0.01
7,UPDATE 1-Netflix in talks with Hollywood studios for new tier with ads - WSJ,-0.366,0.033,0.931,0.036
8,Netflix in talks with Hollywood studios for new tier with ads - WSJ,-0.366,0.034,0.929,0.037
9,Microsoft Trims Workforce as Part of ‘Strategic Realignment’,-0.402,0.0,0.866,0.134
10,Netflix in talks with Hollywood studios for new tier with ads - WSJ,-0.083,0.04,0.929,0.031
11,"2022 Emmy nods: 'Succession,' 'Only Murders' and 'Squid Game' lead competitive pack",0.996,0.157,0.801,0.042
12,"UPDATE 4-'Succession,' 'Squid Game' to face off for top Emmy award",0.998,0.177,0.771,0.052
13,Netflix Stock Keeps Falling. The Street Is Worried About Subscriber Growth.,0.0,0.0,1.0,0.0
14,Betting Against Netflix Now Could Be a Big Mistake,0.0,0.0,1.0,0.0
15,1 FAANG Stock to Buy on the Dip and 1 to Avoid,0.665,0.147,0.803,0.05
16,Should You Buy Netflix Stock Before Next Week's Earnings Report?,0.0,0.0,1.0,0.0
17,Analysts Estimate Netflix (NFLX) to Report a Decline in Earnings: What to Look Out for,0.998,0.142,0.803,0.055
18,Some beaten-down tech stocks are now 'outright cheap': JPMorgan,0.995,0.122,0.864,0.014
19,Amazon’s Cloud Unit Is What’s on Sale This Prime Day,0.998,0.136,0.804,0.06
20,Disney Has a Monster Advantage Over Netflix in the Streaming Wars. Here's Why,-0.052,0.023,0.951,0.026
21,Need Vs. Want: Will Consumers Stick With Netflix?,-0.382,0.0,0.822,0.178
22,Marvel directors Anthony and Joe Russo on The Gray Man: ‘Netflix is the least intrusive place we’ve worked’,0.103,0.063,0.938,0.0
