﻿,Titles,Polarity,Positive,Neutral,Negative
0,"Disney parks still ‘a few years off’ peak attendance, analyst says",0.382,0.106,0.894,0.0
1,Disney Stock Jumps on Strong Results From Both Streaming and Theme Parks,0.44,0.146,0.854,0.0
2,Disney Stock Pops As Earnings Top Amid Theme Park Revival; Disney+ Subscribers Strong,0.0,0.0,1.0,0.0
3,Disney Earnings: What Happened with DIS,0.0,0.0,1.0,0.0
4,"2 Stocks That Still Have Pricing Power, Even as Inflation Soars",0.572,0.227,0.773,0.0
5,Did Investors Overreact to Netflix's Latest Update?,0.436,0.107,0.827,0.065
6,Why Is College Enrollment Tanking?,-0.273,0.0,0.967,0.033
7,"Fed: 'We’re at or approaching peak hawkishness,’ strategist says",0.681,0.153,0.847,0.0
8,Why AT&amp;T Is a Best-of-Both-Worlds Investment,0.999,0.147,0.822,0.03
9,Inflation: 3 factors to watch in Thursday’s CPI print,0.0,0.0,1.0,0.0
10,7 Top Growth Stocks to Add to Your Buy List Now,0.999,0.133,0.819,0.048
11,This Blockchain-Based Startup Aims to Take a Carbon Footprint-Friendly Approach to E-Commerce,0.039,0.041,0.92,0.039
12,Microsoft Lays Out New App Store Rules as It Seeks Approval of Its Activision Deal,0.973,0.088,0.854,0.057
13,"Stock market theme in 2022 is about 'show me the money,' strategist says",0.0,0.0,1.0,0.0
14,"Big Tech: 'It's hard to stay on top more than 10 years,' former Cisco CEO says",0.361,0.085,0.915,0.0
15,Chipotle’s Earnings May Be Too Hot for the Fed to Handle,0.052,0.133,0.738,0.129
16,Why Is Everyone Talking About Netflix Stock?,0.945,0.24,0.713,0.048
17,Disney Earnings Preview: Can The House of Mouse Beat Netflix In The Streaming Wars?,0.178,0.127,0.769,0.104
18,3 Stocks to Add to Your Portfolio in a Market Pullback,0.887,0.173,0.782,0.045
19,Disney’s Earnings Are Today. Parks and Streaming Are Key.,0.527,0.188,0.812,0.0
