﻿,Titles,Polarity,Positive,Neutral,Negative
0,Momentum and Meme Stocks: How to Find the Next Top Reddit Stock of 2021,0.997,0.088,0.884,0.028
1,Netflix Sets Post-Labor Day Return to Office Life,0.827,0.044,0.941,0.015
2,Why Netflix Has More Upside,1.0,0.177,0.795,0.028
3,How to protect your loved ones from elder financial abuse,-0.153,0.125,0.774,0.101
4,Netflix's Short-Term Outlook Leaves Wall Street Unimpressed,0.882,0.107,0.869,0.025
5,NXST vs. NFLX: Which Stock Is the Better Value Option?,0.996,0.179,0.816,0.005
6,Netflix announces new Sony Pictures deal to capture Spider-Man in its web,0.422,0.08,0.92,0.0
7,Netflix Grabs Sony's Pay-TV Movie Deal From Starz,0.0,0.0,1.0,0.0
8,Netflix (NFLX) Gets Exclusive Deal to Stream Sony Picture Movies,0.993,0.091,0.88,0.029
9,COVID-19 is no longer markets’ greatest risk: strategist,0.103,0.094,0.827,0.079
10,Could Netflix Be a Millionaire Maker Stock?,0.671,0.106,0.894,0.0
11,Biden’s Military Budget Is Coming. What It Means for Defense Stocks.,0.0,0.0,1.0,0.0
12,Netflix Announces New Sony Pictures Deal to Capture Spider Man in Its Web,0.0,0.0,1.0,0.0
13,Sony (SONY) Partners Netflix (NFLX) to Stream Films From 2022,0.997,0.119,0.879,0.002
14,"FAANG Bites: Amazon Union, Facebook's Clubhouse Rival",0.0,0.0,1.0,0.0
15,Hollywood Ponzi Scheme Ripped-Off Actor’s College Buddies,0.972,0.095,0.861,0.044
16,FAANG Bites: Facebook and Amazon Stocks Rise,0.0,0.0,1.0,0.0
17,"The Stock Market vs. Bitcoin, Fine Art, and Trading Cards",0.511,0.095,0.905,0.0
