﻿,Titles,Polarity,Positive,Neutral,Negative
0,"Comcast failed to add broadband subscribers in Q2, stock plunges",0.514,0.07,0.876,0.054
1,UK’s Channel 4 Set for Sale as Both Tory Candidates Support Plan,0.893,0.102,0.829,0.069
2,"Is There An Opportunity With Netflix, Inc.'s (NASDAQ:NFLX) 50% Undervaluation?",1.0,0.172,0.812,0.015
3,"Netflix's 'Gray Man' marketing blitz: emojis, TV ads and a tram",0.985,0.081,0.9,0.018
4,"8 Stocks With 1,000% Upside Potential",1.0,0.143,0.809,0.048
5,"These 3 Growth Stocks Are At Historic Lows, But Could Be About to Rally",0.939,0.466,0.534,0.0
6,"TikTok, Instagram Reels or YouTube Shorts: Who Will Win the Short-Video Race?",0.153,0.127,0.809,0.064
