﻿,Titles,Polarity,Positive,Neutral,Negative
0,"Netflix Shares Rose 28.6% Last Month, But the Stock Is Still Cheap",0.382,0.126,0.874,0.0
1,Match Drops After Sales Forecast Falls Short on Slow Growth,0.99,0.098,0.86,0.042
2,5 Best Stocks That Led the Rally in Nasdaq ETF,0.998,0.134,0.838,0.029
3,HeritageCrystal Clean and LendingClub have been highlighted as Zacks Bull and Bear of the Day,1.0,0.12,0.861,0.019
4,This Streaming Stock Is Poised for Monster Growth (and It's not Netflix),0.026,0.088,0.843,0.069
5,Oracle Joins The Club For Downsizing Employees: Report,0.991,0.172,0.768,0.06
6,Will Netflix's Ad Tier Be Undone by Poor Timing?,0.128,0.03,0.97,0.0
