﻿,Titles,Polarity,Positive,Neutral,Negative
0,SCOTUS abortion ruling: Employers expand mental health benefits for workers following decision,0.382,0.069,0.931,0.0
1,"Markets: ‘You’re getting closer to a bottom,’ strategist says",0.807,0.187,0.813,0.0
2,Why Netflix and others affirmed support for transgender workers after Roe fell,0.996,0.119,0.829,0.052
3,"NETFLIX, INC. (NASDAQ: NFLX) SHAREHOLDER CLASS ACTION ALERT: Bernstein Liebhard LLP Reminds Investors of the Deadline to File a Lead Plaintiff Motion in a Securities Class Action Lawsuit Against Netflix, Inc. (NASDAQ: NFLX)",0.961,0.088,0.854,0.058
4,Apple (AAPL) Boosts Content Portfolio With Animal Pictures Deal,0.997,0.147,0.824,0.029
5,"Microsoft, Netflix offer LGBTQ care in addition to abortion travel benefits",0.923,0.417,0.583,0.0
6,4 Potential Winners From Netflix's Advertising Plans,0.878,0.175,0.825,0.0
7,The Number of Netflix Bulls Is Dwindling,0.937,0.075,0.861,0.064
8,"Despite Still-Rich Valuation, Roku Stock May Be a Buy",0.995,0.122,0.819,0.059
9,1 Key Item to Watch When Netflix Reports Earnings,0.832,0.109,0.891,0.0
10,7 Top Stocks to Buy and Hold,1.0,0.13,0.86,0.009
11,The Number of Netflix Bulls Is Dwindling,0.927,0.073,0.864,0.063
12,Netflix Disrupted Entertainment With Binge Viewing. Now Can It Avoid Disruption Itself?,0.572,0.134,0.866,0.0
