﻿,Titles,Polarity,Positive,Neutral,Negative
0,"Stock Market: As interest rates go up, options-mania is going to come down, Great Hill Capital chairman",0.996,0.085,0.88,0.035
1,Nvidia Stock Is One of the Biggest Gainers in 2021. Should It Replace Netflix in the FAANGs?,0.542,0.184,0.816,0.0
2,"Tesla 'ranks no. 1’ in future capability with autonomy, chip building: Innovation expert",0.382,0.085,0.915,0.0
3,Nvidia Is One of the S&amp;P 500’s Biggest Gainers in 2021. It Should Replace Netflix in the FAANGs.,0.542,0.184,0.816,0.0
4,3 Cloud Stocks to Buy for Sky-High Gains in 2022,0.997,0.118,0.859,0.023
5,The 1 FAANG Stock to Buy Hand Over Fist for the Second Half of 2021 (and Beyond),0.178,0.038,0.962,0.0
6,"In Hunt for Next ‘Squid Game,’ Streaming Services Battle for South Korean Shows",0.459,0.143,0.857,0.0
7,"M3Sixty Funds Trust Buys Datadog Inc, Ford Motor Co, GoodRx Holdings Inc, Sells Snap Inc, ...",0.998,0.114,0.881,0.005
8,"GraniteShares ETF Trust Buys Visa Inc, Comcast Corp, PepsiCo Inc, Sells Tesla Inc, JPMorgan ...",0.999,0.093,0.9,0.007
