﻿,Titles,Polarity,Positive,Neutral,Negative
0,Here's where Snap goes from here,0.992,0.093,0.882,0.025
1,"With 77% institutional ownership, Netflix, Inc. (NASDAQ:NFLX) is a favorite amongst the big guns",0.996,0.105,0.872,0.023
2,Disney plots Amazon Prime-style subscription perks,0.681,0.054,0.918,0.028
3,Netflix is starting to look more like traditional TV,-0.361,0.043,0.866,0.09
4,Should You Buy the S&amp;P 500's 3 Worst-Performing Stocks of 2022?,-0.778,0.046,0.798,0.156
5,"Netflix Weighs Charging A Whopping Sum For Advertisement On Its Ad-Supported Platform, Buyers Say",0.899,0.124,0.801,0.076
6,3 Disruptors I Love Right Now,0.834,0.251,0.689,0.06
7,INSIGHT-Bollywood broken? Movie moguls' spell over India fades,-0.989,0.045,0.888,0.068
8,‘This is really shady and low’: Netflix’s John McAfee documentary attacked by people who appeared in it,-0.586,0.093,0.672,0.235
