﻿,Titles,Polarity,Positive,Neutral,Negative
0,Netflix (NFLX) Gains As Market Dips: What You Should Know,0.973,0.074,0.895,0.031
1,Netflix Seeking Top Dollar for Brands to Advertise on Its Service,0.743,0.184,0.816,0.0
2,Netflix hires show streamer is 'serious about ramping up ad efforts': analyst,0.958,0.047,0.935,0.018
3,Key Snap Execs Leave for Netflix. The Stock Gets a Downgrade.,0.0,0.0,1.0,0.0
4,US STOCKS-Wall Street struggles for direction on rate hike jitters,0.945,0.072,0.878,0.05
5,Why Netflix Stock Popped Today,0.96,0.154,0.846,0.0
6,Netflix (NFLX) Hires Two Top Snap Executives to Lead Ad Push,0.997,0.129,0.848,0.024
7,Here are the worst (and best) performing stocks of August and for 2022,-0.178,0.082,0.794,0.124
8,An Ominous Month Looms For Battered Nasdaq Bulls,0.284,0.1,0.803,0.097
9,"Snap Will Cut 20% of Workforce, Slash Investments, Add COO",0.983,0.111,0.83,0.059
10,"Chewy, Snap, Bed Bath &amp; Beyond Fall Premarket; PayPal, Netflix Rise",-0.94,0.035,0.874,0.091
