﻿,Titles,Polarity,Positive,Neutral,Negative
0,10 Best Stocks to Buy Now According to Billionaire David Harding,1.0,0.119,0.868,0.013
1,Netflix Has a New Trick For Users,0.914,0.141,0.859,0.0
2,"Money Manager Still Likes Amazon, Other Big Names",0.914,0.16,0.823,0.017
3,Why Netflix Could Be a Buy In the Coming Weeks,0.74,0.389,0.513,0.098
4,"After its own Oscars slap and Wall Street smackdown, Netflix searches for a rebound",-0.494,0.0,0.901,0.099
5,"How 'Dancing with the Stars' could usher in new era for Disney+, streaming wars",0.993,0.081,0.896,0.023
6,All Eyes on Subscriber Totals at Netflix,0.318,0.069,0.893,0.037
7,"Netflix's 'Two Thumbs Up' button is 'more than cosmetic,' marketing expert says",0.999,0.128,0.83,0.042
8,Netflix launches ‘Two Thumbs Up’ button for viewers,0.44,0.146,0.854,0.0
9,Bargain-Hunting: 2 Blue-Chip Tech Stocks to Buy Now,-0.778,0.039,0.818,0.143
10,This value fund manager is sticking with Netflix and Facebook’s parent — and has a new position in another megacap tech stock,0.0,0.0,1.0,0.0
11,"Another Analyst Gets Cautious Ahead Of Netflix's Q1 After Baird, Stifel",0.835,0.094,0.845,0.061
12,7 Metaverse Penny Stocks to Add to Your 10X Watchlist,1.0,0.129,0.86,0.011
