﻿,Titles,Polarity,Positive,Neutral,Negative
0,A play based on Netflix’s ‘Stranger Things’ could be costly to produce: ‘You’re looking at $50 million-plus’,0.296,0.109,0.891,0.0
1,Nasdaq Win Streak Is Fueled by Tech Losers Turning Into Winners,0.852,0.098,0.825,0.077
2,Video game developers are ‘migrating’ towards ‘ongoing live services’: Analyst,0.0,0.0,1.0,0.0
3,Meta Platforms is a Value Stock,1.0,0.217,0.769,0.014
4,"‘Stranger Things’ split season’s success may have saved Netflix, so expect to see it a lot more",0.706,0.14,0.86,0.0
5,NASCAR closer to adding Chicago street race as it competes with Formula 1 for fans,0.273,0.087,0.913,0.0
6,3 EV Charging Stocks to Buy for Huge Gains in the 2020s,0.997,0.099,0.883,0.018
7,Jerry Harris From Netflix’s ‘Cheer’ Sentenced to 12 Years in Prison for Child Sex Crimes,-0.296,0.076,0.8,0.124
8,Why Netflix Plunged by 71% in the First Half of 2022,0.0,0.0,1.0,0.0
9,Best Stocks for 2022: Roku-Netflix M&amp;A Coming This Year?,0.997,0.133,0.799,0.069
10,Aging politicians 'don't understand technology': Andrew Yang,0.402,0.091,0.909,0.0
