﻿,Titles,Polarity,Positive,Neutral,Negative
0,Is Netflix Stock A Buy Ahead Of Its Second-Quarter Earnings Report?,0.0,0.0,1.0,0.0
1,‘Stranger Things’ Mall Gets Virtual Home on Roblox,0.95,0.069,0.917,0.014
2,‘Stranger Things’ Mall Gets Virtual Home on Roblox,0.95,0.069,0.917,0.014
3,"Google antitrust probe, Spielberg’s Netflix deal, SCOTUS sides with college athletes",0.875,0.19,0.81,0.0
4,"Google antitrust probe, Spielberg’s Netflix deal, SCOTUS sides with college athletes",0.963,0.084,0.879,0.036
5,"Univision Jumps Into Paid Streaming Fray, Taps Netflix Exec to Lead Global SVOD Strategy",0.996,0.101,0.883,0.017
6,Tuesday’s Pre-Market: Here’s What You Need to Know Before the Market Opens,0.993,0.09,0.895,0.015
7,Tuesday’s Pre-Market: Here’s What You Need to Know Before the Market Opens,0.993,0.09,0.895,0.015
8,Netflix Could Raise Prices Again Soon,0.671,0.121,0.879,0.0
9,Netflix Sell Rating Reiterated at Benchmark; Shares Shrug,0.96,0.115,0.856,0.028
10,Peloton's Pandemic Bonanza Is Coming to an End,0.649,0.09,0.91,0.0
11,"""Loki"" Is Breaking Records for Disney+: Here's Why It Matters",0.785,0.239,0.761,0.0
12,Netflix Inks Deal with Steven Spielberg for Multiple New Films,0.975,0.083,0.909,0.008
13,Netflix Hires Allure Editor in Chief Michelle Lee as VP of Editorial and Publishing,0.997,0.156,0.822,0.022
