﻿,Titles,Polarity,Positive,Neutral,Negative
0,Where Do Hedge Funds Stand On Verizon Communications Inc. (VZ)?,0.999,0.128,0.849,0.023
1,Hedge Funds Are Betting On Exxon Mobil Corporation (XOM),0.997,0.089,0.9,0.011
2,"Do Hedge Funds Love The Home Depot, Inc. (HD)?",0.997,0.104,0.868,0.028
3,Is Comcast Corporation (CMCSA) Going to Burn These Hedge Funds?,0.998,0.1,0.88,0.021
4,Hedge Funds Never Been This Bullish On Intel Corporation (INTC),0.999,0.12,0.861,0.019
5,"Top Stock Reports for Mastercard, Netflix &amp; QUALCOMM",0.999,0.173,0.784,0.044
6,"Top Stock Reports for Mastercard, Netflix &amp; QUALCOMM",0.999,0.173,0.784,0.044
7,3 Robinhood Stocks to Buy and Hold Forever,0.671,0.256,0.744,0.0
8,Investors Who Bought Netflix (NASDAQ:NFLX) Shares Five Years Ago Are Now Up 417%,0.997,0.149,0.827,0.025
9,"‘Like Taxing Horseshoes’: Landlines Wane, Sap U.S. Broadband Aid",0.952,0.079,0.861,0.06
10,"‘Like Taxing Horseshoes’: Landlines Wane, Sap U.S. Broadband Aid",0.952,0.079,0.861,0.06
