﻿,Titles,Polarity,Positive,Neutral,Negative
0,Here's Why Roku Stock Popped Today,0.735,0.143,0.857,0.0
1,"Amazon’s CEO Talks Present and Future Challenges, Opportunities",0.988,0.108,0.831,0.061
2,"Why Netflix Buying Roku Helps Amazon, Apple (and Maybe Google)",0.0,0.0,1.0,0.0
3,Roku Stock Jumps On Speculative Report Of Possible Netflix Deal,0.0,0.0,1.0,0.0
4,4 reasons Netflix should buy Roku,0.612,0.078,0.922,0.0
5,"These 10 Companies Recently Announced Layoffs, Hiring Freeze Amid Recession Fears",1.0,0.119,0.837,0.044
6,Roku’s stock jumps 10% amid rumors of a Netflix acquisition,0.542,0.069,0.88,0.051
7,Stocks Worsen As 2-Day Rally Runs Into Recession Fears; Energy Stocks Rise,-0.886,0.0,0.551,0.449
8,Why Netflix buying Roku doesn't make sense,0.964,0.087,0.869,0.044
9,Why Tesla and Roku Are Sending the Nasdaq Skyward,0.077,0.09,0.81,0.1
10,"NETFLIX, INC. (NASDAQ: NFLX) SHAREHOLDER CLASS ACTION ALERT: Bernstein Liebhard LLP Reminds Investors of the Deadline to File a Lead Plaintiff Motion in a Securities Class Action Lawsuit Against Netflix, Inc. (NASDAQ: NFLX)",0.961,0.088,0.854,0.058
11,Roku Stock Is Surging. Employees Speculate Netflix Could Be a Buyer. We’ve Heard This Before.,-0.026,0.071,0.854,0.075
12,"If Netflix Acquired Roku, It Could Be a Match Made in Heaven",0.625,0.062,0.922,0.016
13,"Netflix needs to 'carefully' execute password sharing crackdown, co-founder says",0.996,0.102,0.874,0.024
14,Netflix-Roku Deal? Here's How to Trade Both Stocks,0.0,0.0,1.0,0.0
15,Roku Stock Rises On Speculative Report Of Possible Netflix Deal,0.0,0.0,1.0,0.0
16,Here's Why a Slowdown in Disney+ Growth Isn't a Dealbreaker,0.586,0.202,0.798,0.0
17,ROKU Stock News: 10 Things to Know About the Netflix Deal Rumors Pushing Roku Shares Higher,0.923,0.052,0.925,0.023
18,Why Disney Is Already Winning the Streaming Wars,0.758,0.317,0.683,0.0
19,The 6 Best Stocks for the Upcoming Earnings Season,0.998,0.126,0.822,0.051
20,"3 Reasons Netflix Should Buy Roku, 1 Reason It Won't",0.772,0.116,0.884,0.0
21,Roku stock spikes on rumors of Netflix buyout,0.0,0.0,1.0,0.0
22,Why Netflix Buying Roku Might Make Sense,0.422,0.081,0.919,0.0
23,Roku Stock Jumps After Report Of Potential Takeover By Netflix,0.382,0.148,0.852,0.0
24,Disney's $887 Million Red Flag,0.908,0.242,0.758,0.0
25,"Russia Imposes New Sanctions That Include Netflix, BlackRock, Delta Air Lines Chiefs",0.935,0.108,0.848,0.044
26,Netflix Might Have a Secret Weapon to Outrun Disney+,0.202,0.096,0.904,0.0
27,2 Top Growth Stocks to Watch in June,0.586,0.068,0.932,0.0
28,Netflix Stock: Bull vs. Bear,0.572,0.258,0.655,0.087
29,2 Beaten-Down Tech Stocks Poised to Bounce Back in the Long Run,0.866,0.204,0.754,0.042
30,Netflix: de-Faanged but still spending,-0.249,0.155,0.69,0.155
