﻿,Titles,Polarity,Positive,Neutral,Negative
0,"Survey Says Netflix Has The Best Video Content, A Good Sign For NFLX Stock",0.44,0.132,0.868,0.0
1,"Survey Says Netflix Has The Best Video Content, A Good Sign For NFLX Stock",0.44,0.132,0.868,0.0
2,"Shaw Communications (SJR) Q3 Earnings Beat, Revenues Rise Y/Y",0.997,0.109,0.876,0.015
3,"Shaw Communications (SJR) Q3 Earnings Beat, Revenues Rise Y/Y",0.997,0.109,0.876,0.015
4,Top 20 Internet Companies in India,0.998,0.083,0.878,0.039
5,Top 20 Internet Companies in India,0.998,0.083,0.878,0.039
6,"Seriously, Netflix Should Think About an Ad-Supported Tier",-0.178,0.0,0.909,0.091
7,"Seriously, Netflix Should Think About an Ad-Supported Tier",-0.178,0.0,0.909,0.091
8,Here's How Much a $1000 Investment in Netflix Made 10 Years Ago Would Be Worth Today,0.996,0.127,0.828,0.045
9,Here's How Much a $1000 Investment in Netflix Made 10 Years Ago Would Be Worth Today,0.996,0.127,0.828,0.045
10,Netflix Gains As Cowen Thinks It Has The Best Content,0.939,0.127,0.846,0.027
11,Netflix Gains As Cowen Thinks It Has The Best Content,0.939,0.127,0.846,0.027
12,2 Tech Stocks to Buy in Q3 and Hold for Years,1.0,0.169,0.807,0.025
13,2 Tech Stocks to Buy in Q3 and Hold for Years,1.0,0.169,0.807,0.025
