﻿,Titles,Polarity,Positive,Neutral,Negative
0,ChargePoint’s Network Effects Will Make It the Next ‘Shell’,0.998,0.109,0.88,0.011
1,"Replay: Live Fireside with Beachbody CEO, CFO, Forest Road Acquisition Corp. to Discuss Merger",0.999,0.123,0.869,0.008
2,"Replay: Live Fireside with Beachbody CEO, CFO, Forest Road Acquisition Corp. to Discuss Merger",0.999,0.123,0.869,0.008
3,Netflix’s Reed Hastings Wants to See HBO Max on Nielsen’s Streaming Leaderboard,0.941,0.058,0.928,0.014
4,Facebook's Instagram Reels Incorporates Ads Globally: Report,0.599,0.051,0.928,0.022
5,"Streaming's Easy-Growth Days Are Over, Apple and Netflix Face Greatest Risk",-0.113,0.0,0.912,0.088
6,Netflix Stock: Headed to $600?,0.045,0.015,0.985,0.0
