﻿,Titles,Polarity,Positive,Neutral,Negative
0,"Dow Jones Leads Upside; S&amp;P 500, Nasdaq Notch New Highs; Facebook, Netflix Stock Near Buy Zones",0.477,0.119,0.881,0.0
1,"Apple stock closes at record high following concessions to Netflix, Spotify, other app makers",0.8,0.198,0.802,0.0
2,"Top Research Reports for Microsoft, Netflix &amp; Waste Management",0.995,0.153,0.796,0.051
3,Dow Jones Gains; Netflix Stock Pounces After Apple App Store Boost; 3 Stocks Pass Buy Points,0.494,0.138,0.862,0.0
4,The tech trade isn't done: Jefferies analyst,0.931,0.066,0.911,0.023
5,Netflix's 3 'most important' shows as content wars with Disney/Apple/HBO heat up,0.989,0.078,0.901,0.02
6,"Apple’s stock heads toward record after concessions for Netflix, Spotify and other app makers",0.7,0.163,0.837,0.0
7,"Apple stock heads toward record after concessions for Netflix, Spotify and other app makers",0.847,0.225,0.775,0.0
8,Netflix stock rises toward best-ever 2-week stretch of gains into record territory,0.649,0.189,0.811,0.0
9,Explainer-Apple gives 'reader' apps a way around commissions. Who wins?,0.92,0.077,0.872,0.051
10,"5 Top Stock Gainers for Thursday: ChargePoint, Netflix, Semtech",0.202,0.122,0.878,0.0
11,Why Netflix Stock Is Trading At Yearly Highs,0.996,0.164,0.803,0.034
12,Here's what's driving recent tech gains,0.0,0.0,1.0,0.0
13,"Will the ""Seinfeld"" Launch Be a Festivus for Netflix?",0.704,0.267,0.733,0.0
14,Apple Will Ease Payment Rules for Some Media Apps Like Netflix and Spotify,0.202,0.087,0.913,0.0
15,"Have $2,000? These Game-Changing Stocks Could Make You Richer Over the Next Decade",0.0,0.092,0.816,0.092
16,"Dow Jones Futures Rise After Market Rally Fades; 6 Big Earnings Movers, Apple App Store Changes",0.392,0.135,0.865,0.0
17,Will Roku Achieve a Trillion-Dollar Market Cap by 2030?,0.511,0.07,0.93,0.0
18,Apple is losing control over its app store,0.953,0.097,0.83,0.073
19,Apple is losing control over its app store,-0.318,0.0,0.874,0.126
20,"Ida Batters NYC, Jobless Claims, China's Tech Squeeze - What's Moving Markets",0.947,0.059,0.903,0.038
21,Indian Trio Reap $500 Million Each Selling Payments Startup,0.988,0.076,0.9,0.024
22,Apple to Let Media Apps Avoid 30% Fee After Global Scrutiny,0.982,0.103,0.862,0.035
