﻿,Titles,Polarity,Positive,Neutral,Negative
0,"Super Bowl ad stars Seth Rogen, Paul Rudd on 'unstoppable train' of streaming content",0.995,0.104,0.873,0.023
1,'Bel-Air' cast details what it's like to work with Will Smith,0.0,0.0,1.0,0.0
2,Could These Beaten-Down Stocks Be Potential Acquisition Targets in 2022?,0.848,0.109,0.891,0.0
3,7 Undervalued Stocks to Buy After the Sell-off,1.0,0.128,0.864,0.007
4,Will Hulu Be the Next Problem for Disney?,0.0,0.0,1.0,0.0
5,Is Peloton a Buy After Its Recent CEO Shakeup?,0.999,0.148,0.82,0.032
6,"Tech stocks ‘in for tumultuous times’ similar to March of 2000, Lux Capital founder says",0.0,0.0,1.0,0.0
7,Disney Can Rise 27% Based on Its Powerful Q1 Revenue Growth,0.998,0.143,0.819,0.038
8,Will fuboTV Reclaim Its Highs?,0.0,0.0,1.0,0.0
9,"Down 13%, Is It Safe to Invest in the Nasdaq Right Now?",0.557,0.187,0.813,0.0
10,Ads in the streaming era are increasingly like the 'last gas station for the next 300 miles',0.993,0.084,0.896,0.02
11,Netflix's Disappointing Q1 Guidance: Should Investors Worry?,0.016,0.053,0.895,0.052
12,Former star of Netflix hit ‘Cheer’ pleads guilty in child pornography case,-0.802,0.0,0.785,0.215
