﻿,Titles,Polarity,Positive,Neutral,Negative
0,7 Dividend Stocks You Can Trust Your Retirement To,0.999,0.098,0.872,0.029
1,"Stock Picks: UPST Stock, Google, Netflix Reveal 7 Telltale Traits Of Top Stocks To Buy",0.893,0.3,0.7,0.0
2,"How Netflix's 'The Crown' Benefited From Prince Harry, Meghan Markle Interview",0.996,0.143,0.851,0.006
3,NFL signs new broadcast deals worth more than $100B,0.0,0.0,1.0,0.0
4,The Roku Channel Just Made a Big Shift in Strategy,0.395,0.102,0.85,0.048
5,Hippo is reinventing the home insurance industry: Reid Hoffman on SPAC deal,0.296,0.084,0.916,0.0
6,FAANG Stocks Suddenly Look Like Great Value Stocks,0.511,0.063,0.937,0.0
7,Netflix: Hindsight Is 20/20 in 2021,-0.511,0.0,0.82,0.18
8,"Amazon, Netflix Make Morgan Stanley's 30 for 2023 Stock List",0.44,0.284,0.638,0.078
