﻿,Titles,Polarity,Positive,Neutral,Negative
0,How Our Tech Stock Picks Fared in 2021—and What’s Worth Buying Now,0.178,0.107,0.812,0.081
1,7 Safe Stocks Immune From Omicron and Future Covid-19 Variants,1.0,0.164,0.821,0.015
2,Will Netflix Stock Hit $700 in 2022?,0.785,0.149,0.851,0.0
3,Disney+ Is Bigger Than Hulu in the U.S.,0.706,0.111,0.889,0.0
4,Could Disney Surpass Netflix in 2022?,-0.514,0.0,0.919,0.081
5,"MainStay VP Winslow Large Cap Growth Portfolio Buys Tesla Inc, Advanced Micro Devices Inc, ...",0.999,0.107,0.888,0.005
