﻿,Titles,Polarity,Positive,Neutral,Negative
0,2 Reasons Why Netflix Could Face Tougher Times Ahead,0.103,0.089,0.813,0.097
1,'A one-time thing': Analyst details Netflix's risky $200 million bet on 'The Gray Man',0.958,0.077,0.878,0.045
2,Why Fiverr Stock Jumped This Week,0.872,0.166,0.834,0.0
3,Why iRobot Stock Jumped This Week,0.718,0.099,0.901,0.0
4,Why The Trade Desk Stock Rebounded This Week,0.88,0.186,0.784,0.03
5,"Netflix debuts ‘The Gray Man’, its most expensive film ever",0.0,0.0,1.0,0.0
6,Disney Wants to Overtake Netflix With This 1 Move,0.119,0.16,0.717,0.124
7,"Stock Market Rally Breaks Higher; Tesla, Netflix, Snap, United Airlines Key Earnings: Weekly Review",-0.141,0.072,0.835,0.093
8,Why Shopify Stock Jumped This Week,0.477,0.067,0.933,0.0
9,Netflix (NFLX): Real Growth Challenges?,0.991,0.11,0.843,0.047
10,Good News for Investors: Warner Bros. Discovery Grants Extension to HBO Chief,0.852,0.128,0.872,0.0
11,Could Disney Stock Benefit From a New Streaming Strategy?,0.452,0.078,0.894,0.029
12,Why Netflix Stock Soared This Week,0.818,0.16,0.84,0.0
13,Does the Netflix Subscriber Slump Make Disney Stock a Buy?,-0.148,0.071,0.849,0.08
14,Is Netflix Stock a Buy Now?,0.077,0.079,0.851,0.07
15,Is the Market Totally Wrong on Netflix Stock?,0.855,0.143,0.813,0.044
16,"Does Netflix Have a ""Hidden Agenda"" With Microsoft?",0.0,0.0,1.0,0.0
17,Is Netflix Stock a Buy After Earnings?,-0.511,0.035,0.871,0.094
18,7 Seriously Undervalued Tech Stocks to Buy Now,0.99,0.078,0.861,0.061
19,Why This 1 Move by Netflix Could Backfire,0.91,0.148,0.813,0.039
