﻿,Titles,Polarity,Positive,Neutral,Negative
0,Why Netflix Stock Popped by 5% on Wednesday,0.856,0.179,0.789,0.032
1,"Good News From Target, a Change for Disney+, and More",0.511,0.071,0.929,0.0
2,"Dow Jones Pops As Oil Craters; Amazon, Netflix Gain As FANG Bites Back; Microsoft Shines",0.422,0.167,0.833,0.0
3,'Hell Freezes Over' As Longtime Netflix Bear Upgrades Stock After Steep Slide,0.0,0.0,1.0,0.0
4,"Carnival stock rebounds, Netflix upgraded to ‘neutral,’ Bumble stock soars",0.0,0.0,1.0,0.0
5,Why These 10 Stocks Are Trending on Wednesday,0.987,0.066,0.911,0.023
6,HBO Joins Disney in Making This Streaming Change,0.93,0.195,0.805,0.0
7,Are the Bears Done With Netflix for Now?,-0.627,0.018,0.866,0.116
8,"Dow Jones, Nasdaq Rebound Powerfully; Technology Stocks Netflix, Google Move Higher",0.878,0.325,0.675,0.0
9,"Magallanes, Inc. -- Moodys assigns Baa3 to proposed senior unsecured notes of Magallanes, Inc. (owner of WarnerMedia Spinco assets)  as it approaches  imminent merger with Discovery (Baa3); outlook is stable",0.999,0.091,0.865,0.044
10,A Longtime Netflix Skeptic Just Upgraded the Stock. ‘Hell Freezes Over.’,0.459,0.222,0.778,0.0
11,3 Beaten-Down Growth Stocks to Buy Right Now,0.0,0.0,1.0,0.0
12,Netflix Gains On Wedbush Upgrade,0.928,0.1,0.87,0.03
