﻿,Titles,Polarity,Positive,Neutral,Negative
0,"Why Roku, FuboTV, and Others Followed Netflix So Much Lower Today",0.422,0.147,0.766,0.087
1,Why Disney Stock Dropped Today,0.807,0.194,0.766,0.039
2,Why Netflix (NFLX) Nosedived on Friday,0.958,0.098,0.866,0.036
3,Netflix sheds nearly $50 billion in market cap after ‘borderline catastrophic’ forecast,-0.599,0.164,0.612,0.223
4,Netflix Plunge Deepens Nasdaq’s Correction,0.178,0.089,0.85,0.061
5,Nasdaq Composite tumbles 2.7% Friday to book worst week since early in COVID era as stock market caps brutal stretch,-0.296,0.0,0.932,0.068
6,Why Meta Platforms Stock Was Sliding Today,-0.016,0.041,0.898,0.061
7,GLOBAL MARKETS-Bond yields tumble as Netflix fuels stock market sell-off,-0.743,0.045,0.893,0.062
8,"US STOCKS-S&amp;P 500, Nasdaq post worst weeks since pandemic start as Netflix woes deepen slide",0.802,0.071,0.874,0.055
9,"Stock Market Today: Nasdaq Sinks Again, Ends Worst Week Since 2020",0.995,0.107,0.83,0.063
10,Netflix Is Down but Not Out After a Disappointing Q4 Earnings Report,-0.202,0.0,0.909,0.091
11,Netflix Shares Sink Most Since 2012 in Flurry of Downgrades,-0.957,0.041,0.871,0.088
12,Market check: Stocks accelerate losses into the close,0.0,0.0,1.0,0.0
13,"Peloton will be the ‘long-term leader’ in connected fitness, analyst says",0.0,0.0,1.0,0.0
14,US STOCKS-Wall Street ends week down as Netflix disappointment deepens slide,0.612,0.073,0.868,0.059
15,"Stocks: Under Armour bucks market losses, Netflix plunges, Ford down, Ally Financial dips",0.202,0.096,0.904,0.0
16,"4 Top Stock Trades for Monday: S&amp;P 500, Ethereum, SBUX, AMZN",0.995,0.13,0.816,0.055
17,"Dow Jones, Nasdaq Trade Near Intraday Lows; Netflix Stock Falls 22% On Earnings",-0.459,0.0,0.852,0.148
18,"Dow sinks over 300 points, Nasdaq Composite tumbles 2% as stock market aims to close out punishing week",-0.296,0.0,0.919,0.081
19,Investors Are Giving Up on Netflix. That Makes It a Good Time to Buy the Stock.,-0.318,0.074,0.808,0.118
20,Nasdaq Correction Deepens as Stocks Slide,-0.128,0.096,0.742,0.162
21,These 2 Nasdaq Stocks Are Falling Despite Better Results Than Netflix,-0.555,0.106,0.747,0.147
22,"Credibility is an increasing issues in markets, strategist says",0.992,0.067,0.904,0.03
23,Big-Tech Earnings Jitters Mount as Pandemic Darlings Get Crushed,-0.545,0.082,0.832,0.086
24,Big-Tech Earnings Jitters Mount as Pandemic Darlings Get Crushed,-0.954,0.075,0.828,0.097
25,Why Amazon Stock Slipped on Friday,0.783,0.186,0.779,0.036
26,"The bullish work-from-home stock trend has ended, according to the  ‘death cross’ in the WFH ETF",0.511,0.15,0.795,0.055
27,Netflix Investors Could Have Avoided Bloodbath With These IBD Sell Rules,-0.459,0.087,0.702,0.211
28,US STOCKS-Wall Street slide deepens after Netflix disappointment,0.919,0.078,0.872,0.05
29,Stock Market Continues To Slide In A Terrible Week Of Losses; Netflix Plunges,-0.511,0.0,0.798,0.202
30,"Nan Fung Trinity (hk) Ltd Buys Alibaba Group Holding, Trip. ...",0.993,0.054,0.942,0.004
31,7 Low Labor-Cost Stocks to Buy for Solid Margins in 2022,0.998,0.082,0.882,0.036
32,"Market check: Nasdaq falls, pandemic trades under pressure, Robinhood continues downtrend",-0.372,0.06,0.881,0.059
33,Netflix stock heads for biggest slide in nearly a decade—’We see few catalysts’,-0.62,0.058,0.83,0.112
34,Disney and Roku Stocks Fall Sharply After Netflix’s Weak Outlook,-0.178,0.109,0.746,0.144
35,"Economy and Fed ‘are going at different paces right now,’ strategist says",0.0,0.078,0.843,0.078
36,"Netflix experiencing a ‘reset in expectations,’ analyst says",0.511,0.122,0.84,0.038
37,U.S. stock market trades lower Friday as investors navigate sizable intraday swings and the end of a punishing week,-0.296,0.0,0.932,0.068
38,Netflix gets clobbered on subscriber miss: 'The good old days may be gone',0.997,0.101,0.868,0.031
39,US STOCKS-Nasdaq extends fall to fourth day on Netflix letdown,0.744,0.071,0.87,0.059
40,Stock Market Off Session Lows As S&amp;P 500 May Have Found At Least Short-Term Low At This Level,0.0,0.083,0.833,0.083
41,"Netflix (NFLX) Q4 Earnings Beat, User Growth Misses Estimates",0.996,0.089,0.888,0.023
42,Rising rates aren’t ‘a detriment to equity markets’: Strategist,0.273,0.126,0.804,0.07
43,Netflix is ‘battling behemoths’ with stronger content production: Analyst,0.999,0.113,0.849,0.039
44,3 Stock Winners in the Netflix Rubble,0.402,0.124,0.81,0.066
45,"Electric Vehicle (EV) Stocks: Why RIVN, TSLA, NIO, LI and XPEV Are Backing Up Today",0.992,0.123,0.853,0.024
46,Nasdaq Ends Worst Week Since Pandemic Onset as Netflix Leads Tech Rout,-0.974,0.042,0.859,0.099
47,Why Netflix Is Plummeting Today,0.494,0.078,0.896,0.026
48,"Bitcoin rout 'not over yet' as selloff quickens, risk aversion hammers crypto, stocks",-0.884,0.058,0.88,0.062
49,"Stock Market Enters Correction As Bond Yields, Oil Prices Soar; Microsoft Buys Activision, Netflix Dives: Weekly Review",0.402,0.185,0.711,0.104
