﻿,Titles,Polarity,Positive,Neutral,Negative
0,"Stock market news live updates: Futures gain after 2 day rally, eyes on jobless claims",-0.795,0.066,0.859,0.075
1,Here’s what’s coming to Netflix in August 2021 — and what’s leaving,0.572,0.113,0.887,0.0
2,Billionaire Who Missed Out on TikTok Is Now Trying to Beat It,0.999,0.094,0.886,0.02
3,"Dow Jones Regains Another 286 Points After Monday Sell-Off; Netflix Stock, Coca-Cola Move On Earnings",0.077,0.058,0.942,0.0
4,Jim Cramer: I Tip My Hat to Chipotle Which Is Doing Everything Right,-0.422,0.104,0.755,0.141
5,"Cramer's Mad Money Recap: Netflix, AMC, Amazon",-0.148,0.109,0.754,0.137
6,"Netflix dips as analysts brush off forecast miss, Chipotle at record high",0.0,0.0,1.0,0.0
7,Netflix will face its biggest test yet when it breaks into gaming,0.997,0.097,0.872,0.031
8,"Dogecoin, SpaceX, Death of FAANG? 3 Things to Watch Into Happy Hour",0.0,0.0,1.0,0.0
9,Dow Jones Rallies As Growth Stocks Shine; Netflix Is Mauled On This; AMC Stock Dips,0.382,0.146,0.769,0.085
10,Investor opportunities within a ‘relatively expensive’ market: Pacer ETF Distributors Pres.,0.0,0.0,1.0,0.0
11,Why Netflix Stock Fell Nearly 5% on Wednesday,0.494,0.068,0.909,0.023
12,"Netflix Isn't Being Honest About Why Growth Is Slowing, Some Analysts Say",0.382,0.133,0.867,0.0
13,Netflix (NFLX) Adds New Content Driver As Subscription Growth Decelerates,0.993,0.114,0.845,0.041
14,"Stock Market Today: Coke, Chipotle Keep the Snap-Back Rally Rolling",0.992,0.097,0.866,0.037
15,Netflix Stock Is Sliding on June-Quarter Results. The Street Is Waiting to See Growth Recover.,-0.153,0.077,0.828,0.095
16,"Stock Market Today With Jim Cramer: Netflix, Chipotle Earnings",-0.079,0.097,0.705,0.199
17,3 Things to Know After Netflix Reported Earnings,-0.459,0.0,0.946,0.054
18,"Netflix's content pipeline 'has dried up,' analyst argues",0.296,0.104,0.896,0.0
19,"Books, podcasts &amp; TV: Harry and Meghan continue to expand media footprint after royal exit",0.995,0.082,0.887,0.031
20,Dow up more than 200 points as stocks extend rebound rally,0.382,0.114,0.826,0.059
21,Why Netflix Stock Is Down By 4% Today,0.905,0.081,0.87,0.049
22,Dow Jones Rallies As Netflix Slides On Earnings; Chipotle Surges On Earnings Beat,-0.44,0.0,0.868,0.132
23,"Levi Strauss, Sabre Corp, Netflix, Chipotle and United Airlines highlighted as Zacks Bull and Bear of the Day",1.0,0.154,0.811,0.036
24,"Earnings Strength From J&amp;J, Chipotle, Coca-Cola Helps Set Positive Early Tone",0.998,0.105,0.84,0.055
25,Netflix Q2 Earnings Put These ETFs in Focus,0.999,0.132,0.831,0.037
26,Impact of Disney+ has been ‘vastly overplayed’: analyst,0.0,0.0,1.0,0.0
27,"Netflix (NFLX) Q2 Earnings Miss, User Growth Beats Expectations",0.997,0.107,0.871,0.022
28,Dow opens higher as stocks extend rebound rally,0.382,0.114,0.826,0.059
29,3 Ways Netflix Impressed Me This Week,0.758,0.12,0.88,0.0
30,"Dow Jones Futures Rise, Tech Futures Lag After Market Rally; Netflix, Chipotle Are Earnings Movers",-0.613,0.0,0.739,0.261
31,Netflix's gaming foray will cost time and money - Wall St,0.991,0.112,0.849,0.039
32,"Elon Musk, Jack Dorsey, and Cathie Wood Attempt to Ride to Bitcoin’s Rescue",0.202,0.08,0.862,0.057
33,"Elon Musk, Jack Dorsey and Cathie Wood Attempt to Ride to Bitcoin’s Rescue",0.202,0.08,0.862,0.057
34,"Dow Jones Futures Rise, Extending Market Rally Rebound, Netflix, Chipotle Are Earnings Movers",-0.613,0.0,0.739,0.261
35,Wall Street Opens Higher as Earnings Restore Momentum; Dow up 180 Ptts,0.619,0.08,0.85,0.07
36,"After Subscriber Growth Disappointment, Investors Weigh Netflix’s Future",0.997,0.13,0.821,0.048
37,Netflix Looks To Video Game Boost as Subscriber Growth Slows: Shares Dip,0.0,0.0,1.0,0.0
38,"Netflix Falls Premarket; Coca-Cola, Verizon and Chipotle Rise",0.989,0.14,0.813,0.048
39,Dow Futures 140 Pts Higher; Netflix Disappoints With Growth Forecast,0.783,0.112,0.798,0.09
40,"Netflix, Nord Stream, Earnings and Crude Inventories - What's Moving Markets",-0.993,0.056,0.835,0.109
41,"Tesla, Netflix, J&amp;J, Milwaukee Bucks - 5 Things You Must Know Wednesday",-0.026,0.076,0.845,0.079
42,"Netflix Slips As Growth Slows, Economy Reopens and Competition Knocks",0.822,0.07,0.896,0.034
43,"Netflix, Tesla, J&amp;J, Milwaukee Bucks - 5 Things You Must Know Wednesday",-0.026,0.076,0.845,0.079
44,Netflix Misses Earnings Expectations Despite Beating Paid Subscriber Growth,0.917,0.077,0.884,0.04
45,Alphabet (GOOGL) Leads FANG Stocks Ahead of Earnings,0.296,0.095,0.905,0.0
46,Netflix (NFLX) Q2 2021 Earnings Call Transcript,0.0,0.0,1.0,0.0
47,"Netflix Touts Games Without Ads Or Purchases, ‘Just Great Play’; Ted Sarandos Jabs Recent Media Mergers",0.995,0.124,0.863,0.013
48,Netflix Promises Growth Ahead After Languid Start to Year,0.998,0.113,0.848,0.039
49,Netflix is not impressed by any of the media companies it can buy,0.474,0.239,0.761,0.0
