﻿,Titles,Polarity,Positive,Neutral,Negative
0,"Amazon, Google and Netflix Are Fighting Over This Rare Gas",1.0,0.115,0.849,0.036
1,"Amazon, Google and Netflix Are Fighting Over This Rare Gas",1.0,0.115,0.849,0.036
2,WarnerMedia plans to price HBO Max with ads at $9.99 a month - CNBC,-0.202,0.039,0.928,0.032
3,"Streaming TV, Burritos, Beer, and Capital Gains Taxes",0.0,0.0,1.0,0.0
4,Netflix's Downbeat Earnings Explained,0.36,0.151,0.849,0.0
5,Google's YouTube is really proving it's this generation's TV: analyst,0.989,0.089,0.899,0.011
6,"Stock Picks: Google, Crocs, Nvidia Reveal 7 Telltale Traits Of Top Stocks To Buy",0.893,0.3,0.7,0.0
7,Is Amazon Getting Serious About Streaming?,0.178,0.091,0.909,0.0
8,Netflix Launches ‘Play Something’ Shuffle Feature Worldwide,0.99,0.088,0.907,0.005
9,3 Reasons Netflix Investors Shouldn't Worry,-0.494,0.0,0.814,0.186
10,Is Netflix Spending Enough On Marketing?,-0.202,0.091,0.804,0.105
11,How Can Investors Use Market Cap as an Evaluation Metric?,0.848,0.139,0.81,0.051
12,"The Zacks Analyst Blog Highlights: Netflix, Disney, AMC Entertainment, AT&amp;T and ViacomCBS",0.999,0.136,0.817,0.046
