﻿,Titles,Polarity,Positive,Neutral,Negative
0,Netflix Is Crushing Disney in This Fast-Growing Market,0.0,0.0,1.0,0.0
1,BBC risks focus on British content by snapping up American TV,0.994,0.085,0.883,0.032
2,"If You Invested $10,000 in Netflix's IPO, This Is How Much Money You'd Have Now",0.681,0.109,0.891,0.0
3,Netflix Makes History As It Becomes First SVOD Platform To Bag SAG Ensemble Award,0.999,0.282,0.695,0.023
4,Antibiotics: Netflix-style subscriptions target superbugs,-0.579,0.094,0.758,0.148
