﻿,Titles,Polarity,Positive,Neutral,Negative
0,Here's how Silicon Valley's companies are responding to the Supreme Court decision on Roe,0.44,0.204,0.692,0.104
1,These governors believe their states’ abortion-rights stances can lure businesses,0.778,0.262,0.738,0.0
2,Why venture capital funding is dwindling in the tech sector,-0.178,0.0,0.906,0.094
3,Abortion: How corporate America is responding to the Supreme Court ruling,0.0,0.0,1.0,0.0
4,"Meta, Zoom, and Netflix Will Soon Count as Value Stocks as Russell Indexes Rebalance",0.0,0.0,1.0,0.0
5,The 3 Cheapest Blue-Chip Stocks You Can Buy Now,0.99,0.097,0.868,0.035
6,Netflix Lays Offs More Employees To Cut Costs,-0.103,0.056,0.88,0.065
7,Why Netflix Stock Jumped Higher Today,0.477,0.073,0.894,0.032
8,Supreme Court overturns Roe v. Wade: How some of America's biggest companies are responding,0.996,0.123,0.855,0.022
9,"As Netflix Explores Ad Partnerships, Google, Comcast, and Magnite Could Be Top Contenders",0.637,0.108,0.851,0.041
10,"Disney, Amazon, Netflix among companies offering travel benefits to obtain abortions",0.818,0.309,0.691,0.0
11,Can Netflix Ever Recover?,0.686,0.112,0.888,0.0
12,Netflix's role 'as a must-have service' is 'more of a curse than a blessing': Analyst,0.985,0.104,0.848,0.047
13,Netflix (NFLX) Continues to Fire Employees to Cut Costs,0.959,0.069,0.889,0.042
14,David Harbour on 'Stranger Things' season finale: 'You'll be blown away',0.984,0.137,0.824,0.039
15,Why Roku Stock Jumped 17% This Week,0.931,0.206,0.756,0.039
16,3 Cathie Wood Stocks to Buy and Hold for the Long Haul,0.843,0.139,0.827,0.034
17,Nasdaq Bear Market: 2 Growth Stocks You'll Regret Not Buying on the Dip,-0.153,0.0,0.954,0.046
18,Netflix in a Race Against Time With Advertising,0.542,0.209,0.791,0.0
19,Netflix Stock Gets Interesting Again,0.991,0.103,0.844,0.053
20,"FedEx, Netflix, Microsoft Rise Premarket; Smith &amp; Wesson Falls",-0.893,0.046,0.863,0.092
