﻿,Titles,Polarity,Positive,Neutral,Negative
0,S.F. startup may have done the impossible — make meetings fun,0.052,0.02,0.962,0.018
1,Growth Is Decelerating for These Pandemic Winners,0.0,0.0,1.0,0.0
2,Jim Cramer Says You Should Sell These 10 Stocks,0.998,0.1,0.848,0.052
3,10 Meme Stocks Redditors are Buying in April,0.998,0.097,0.861,0.041
4,How Much Will Consumers Pay for Streaming Video?,0.382,0.052,0.948,0.0
5,"Bad News for Disney, Discovery, Netflix: They're at ""Peak Streaming""",0.34,0.118,0.882,0.0
6,Will Netflix Disappoint Investors Again on Tuesday?,0.778,0.128,0.827,0.044
