﻿,Titles,Polarity,Positive,Neutral,Negative
0,Fresh Netflix Layoffs Hit as Company Struggles to Regain Footing,-0.84,0.037,0.835,0.128
1,"SHAREHOLDER ALERT: Pomerantz Law Firm Investigates Claims On Behalf of Investors of Netflix, Inc. - NFLX",0.934,0.097,0.852,0.05
2,Netflix is laying off 150 workers — 70 from its animation division,0.103,0.09,0.833,0.076
3,Netflix to lay off roughly 150 employees amid financial cutbacks,0.978,0.08,0.887,0.033
4,Netflix Cuts About 150 Staffers in Another Round of Layoffs,0.382,0.157,0.843,0.0
5,Netflix Is Cutting 150 Jobs to Reduce Costs as Growth Slows,0.494,0.173,0.772,0.055
6,"UPDATE 1-Netflix lays off about 150 employees, mostly in the U.S.",0.87,0.109,0.816,0.075
7,Netflix lays off 150 workers as executives look to cut costs,0.0,0.0,1.0,0.0
8,"Why one Netflix bear changed his outlook, now sees 40% upside: 'It's undervalued'",0.997,0.109,0.86,0.03
9,"Netflix lays off about 150 employees, mostly in the U.S",0.87,0.111,0.813,0.077
10,"Netflix lays off approximately 150, mostly in U.S.",-0.351,0.081,0.801,0.118
11,One chart reveals how bleak many view the state of the economy,-0.956,0.056,0.839,0.105
12,"Glancy Prongay & Murray LLP Reminds Investors of Looming Deadline in the Class Action Lawsuit Against Netflix, Inc. (NFLX)",0.912,0.084,0.853,0.063
13,Netflix bear explains why he changed his outlook on the stock,0.273,0.077,0.923,0.0
14,SoundHound Inks Long-Term Partnership With Hyundai,0.98,0.139,0.861,0.0
15,Should Investors Worry About Roku's Negative Hardware Gross Margin?,0.0,0.0,1.0,0.0
16,DNEG Announces Multiyear Visual Effects Services Agreement with Netflix,0.996,0.083,0.893,0.025
17,Disney Vows to Show Very Few Commercials on Ad-Supported Disney+,-0.226,0.0,0.939,0.061
18,Netflix vs. Disney+: Which Is the Better Deal?,0.273,0.113,0.789,0.098
