﻿,Titles,Polarity,Positive,Neutral,Negative
0,"Accuvest Global Advisors Buys iShares Core S&amp;P 500 ETF, Netflix Inc, Abbott Laboratories, ...",0.996,0.061,0.933,0.006
1,"Mizuho Markets Cayman LP Buys Meta Platforms Inc, Block Inc, Amazon. ...",0.99,0.051,0.938,0.011
2,‘Tiger King’ Joe Exotic resentenced to 21 years in prison for plotting to kill Carole Baskin,-0.914,0.0,0.709,0.291
3,Netflix to produce Mattel's 'Masters of the Universe' movie,0.807,0.052,0.938,0.01
4,Why Bill Ackman Sees More Play in Netflix Stock,0.296,0.041,0.959,0.0
5,Is Netflix Too Cheap After the Earnings Sell-Off?,-0.459,0.035,0.878,0.086
6,"Stevens Capital Management Lp Buys VanEck Gold Miners ETF, Boeing Co, Financial Select Sector ...",0.997,0.049,0.947,0.004
7,Why Netflix is the Most Misunderstood FAANG Stock,0.671,0.111,0.856,0.033
