﻿,Titles,Polarity,Positive,Neutral,Negative
0,Netflix (NFLX) Dips More Than Broader Markets: What You Should Know,0.986,0.091,0.887,0.022
1,Film studios are opting for action movies over romantic comedies,0.599,0.196,0.804,0.0
2,Analysis: Warner Bros Discovery's Zaslav takes over as streaming bubble bursts,0.988,0.1,0.865,0.035
3,Netflix and Other Internet Companies Report Earnings Soon. Get Ready for Disappointment.,0.625,0.164,0.836,0.0
4,GTN vs. NFLX: Which Stock Is the Better Value Option?,0.999,0.261,0.735,0.004
5,"2 Stocks That Turned $1,000 into $10,000 (or More)",0.66,0.099,0.876,0.024
6,This 1 Trick Cut My Streaming Costs in Half,0.659,0.13,0.87,0.0
7,Netflix Earnings: The 3 Most Important Things to Watch,0.25,0.176,0.725,0.099
8,These Wireless Providers Include Free Streaming Subscriptions With Select Plans,0.511,0.155,0.845,0.0
