﻿,Titles,Polarity,Positive,Neutral,Negative
0,GOOG Option Traders Confident After Big Earnings Beat,0.671,0.282,0.718,0.0
1,"Disney, Google and other U.S. companies requiring workers to get vaccinated before returning to the office",0.511,0.049,0.951,0.0
2,Who Are Netflix's Main Competitors?,-0.422,0.0,0.851,0.149
3,AT&amp;T's DirecTV to become standalone video business,0.836,0.08,0.888,0.032
4,10 Best FAANG Stocks to Buy Now,1.0,0.113,0.867,0.02
5,Tech Stocks In Focus: Here's The List Of The 25 Most Trusted Tech Companies,0.769,0.282,0.718,0.0
6,The Top 50 Robinhood Stocks in August,0.868,0.174,0.826,0.0
7,Sunset Studios to Spend Almost $1 Billion on New U.K. Film Studio,0.957,0.09,0.871,0.039
8,Here’s what’s new on Netflix in August 2021 — and what’s leaving,0.572,0.113,0.887,0.0
