﻿,Titles,Polarity,Positive,Neutral,Negative
0,Tech Investors Need to Brace for Impact as Declines Continue,-0.542,0.208,0.505,0.287
1,"3 Media Trends That Could Give Big Boost To Video Streaming Giants Netflix, Disney In 2022",0.637,0.215,0.785,0.0
2,"Top Stock Trades of the Week of Feb. 21, 2022",0.997,0.145,0.792,0.063
3,3 Stocks I'm Buying During a Tech Stock Correction,0.604,0.12,0.83,0.05
4,Jim Langevin Stock Portfolio: 10 Stocks To Consider,0.999,0.115,0.855,0.03
5,"Read How JPMorgan Views Meta, Apple, Amazon, Netflix",0.941,0.07,0.91,0.019
6,Investing like a recession is coming makes no sense: strategist,0.874,0.125,0.772,0.103
7,The Odds of Disney Surpassing Netflix in 2022 Just Got Better,0.382,0.115,0.885,0.0
8,Roblox Stock Looks a Lot Better By the Numbers Than You Might Think,0.998,0.12,0.838,0.043
9,China Crackdown Risk Roars Back With Probe of Jack Ma’s Empire,0.975,0.076,0.868,0.056
