﻿,Titles,Polarity,Positive,Neutral,Negative
0,"Join Live Fireside with Beachbody CEO, CFO, Forest Road Acquisition Corp. to Discuss Merger Thursday at 1 ET",0.999,0.123,0.868,0.008
1,WWE sees strong ticket sales as it gets back to live touring: Stephanie McMahon,0.995,0.115,0.865,0.02
2,WWE sees strong ticket sales as it gets back to live touring: Stephanie McMahon,0.995,0.115,0.865,0.02
3,10 Best Dating Stocks to Buy Now,1.0,0.15,0.814,0.036
4,10 Best Dating Stocks to Buy Now,1.0,0.15,0.814,0.036
5,Do Netflix's Retail Ambitions Make Any Sense?,0.788,0.359,0.641,0.0
6,Do Netflix's Retail Ambitions Make Any Sense?,0.788,0.359,0.641,0.0
7,"Dow Jones Today Lags In Mixed Trade Ahead Of Fed; Oracle Dives On Guidance; Cleveland Cliffs, Steelmakers Dive",-0.077,0.0,0.887,0.113
8,"Dow Jones Today, Futures Flatten Ahead Of Fed; Oracle Dives On Guidance, A Lofty Price Target For Cleveland Cliffs",0.178,0.09,0.807,0.103
9,The Next Battle in the Streaming Wars: Churn,0.203,0.068,0.896,0.036
