﻿,Titles,Polarity,Positive,Neutral,Negative
0,3 Streaming Stocks to Buy on the Netflix-Induced Dip,0.996,0.091,0.889,0.021
1,"Here's What's You Can Stream On Netflix, Disney+, Hulu And More This Month",0.0,0.0,1.0,0.0
2,Media mogul Byron Allen says Netflix is a 'great buy',0.997,0.131,0.836,0.034
3,Paramount CFO: We aren't in the same leaky boat as Netflix,0.95,0.062,0.926,0.012
4,Netflix-Peak Fears Cast Shade on Paramount,0.557,0.292,0.594,0.114
5,Now Spotify Has Its Own Virtual Universe,0.0,0.0,1.0,0.0
6,Netflix adds online game Relic Hunters from Brazilian developer to its catalog,0.721,0.092,0.844,0.064
7,"With interest rates rising, it’s time to focus on MANG stocks instead of FAANG, according to Jefferies",0.637,0.206,0.794,0.0
8,Paramount CFO details ‘competitive edge’ against Netflix,-0.026,0.092,0.813,0.095
9,Netflix stock then and now: How the streaming service evolved from Blockbuster days,0.996,0.124,0.839,0.038
10,"Big Tech stocks offer ‘prime buying opportunities,’ strategist says",0.273,0.089,0.859,0.052
11,"Here's how Apple, Alphabet, Meta, Netflix and 21 other Bay Area companies' stocks fared in April",-0.34,0.057,0.851,0.093
12,15 Most Valuable Software Companies in the World,0.999,0.108,0.884,0.008
13,Should You Buy the Worst-Performing S&amp;P 500 Stocks?,0.848,0.414,0.586,0.0
14,Here's Why I Just Bought More Roku Stock,-0.402,0.031,0.905,0.064
15,Paramount+ Adds 6.8 Million Subscribers in First Quarter,0.527,0.18,0.82,0.0
16,UPDATE 3-Paramount misses quarterly revenue estimates on weak TV ad sales,0.463,0.086,0.836,0.078
17,Palantir Stock Is Continuing to Grow and Is Selling at a Discount,0.985,0.083,0.887,0.03
18,Traders Face Up to Reality as Nasdaq 100 Profit Forecasts Drop,0.886,0.082,0.846,0.071
19,Traders Face Up to Reality as Nasdaq 100 Profit Forecasts Drop,0.902,0.084,0.845,0.071
20,Avoid Spotify Stock Even if It’s on Track for a Comeback,0.949,0.104,0.81,0.087
21,Do Amazon and Disney Have a Netflix Problem?,-0.535,0.017,0.924,0.059
22,"Netflix Hit a Subscriber Peak, Here’s How It Plans to Keep Growing",-0.226,0.04,0.898,0.061
23,"S.Korea minister nominee opposes ""problems"" from network fee push on Google, Netflix",-0.909,0.017,0.926,0.057
