﻿,Titles,Polarity,Positive,Neutral,Negative
0,"Netflix Confirms Spatial Audio Launch On Apple Devices, Targets Mobile Gaming: TechCrunch",0.296,0.059,0.898,0.043
1,"Netflix Stock Soars While Disney, Roku Look Set For Reversals: How To Trade It",0.989,0.078,0.888,0.034
2,A $3 million insider trading case tests Netflix’s culture of transparency,0.382,0.085,0.915,0.0
3,A $3 million insider trading case tests Netflix’s culture of transparency,0.992,0.092,0.853,0.055
4,"This Shoe Store Company Has A Better One-Year Return Than Amazon, Apple, Disney, Microsoft, Netflix, PayPal and Tesla",0.965,0.096,0.896,0.008
5,Netflix stock shoots up toward biggest gain in 7 months,0.681,0.062,0.938,0.0
6,NXST vs. NFLX: Which Stock Should Value Investors Buy Now?,0.997,0.18,0.816,0.005
7,"Judge blocks Alaskan oil project, Wells Fargo reinstates personal credit line, former Netflix employees charged for insider trading",0.971,0.128,0.825,0.047
8,Netflix (NFLX) Up 1.6% Since Last Earnings Report: Can It Continue?,0.998,0.102,0.875,0.023
9,Insiders Are Not (legally) Buying Netflix (NASDAQ:NFLX),0.996,0.1,0.867,0.033
10,SEC Charges 3 Former Netflix Software Engineers With Insider Trading,0.925,0.062,0.911,0.027
11,Messaging channels are at center of alleged Netflix insider trading scandal,0.969,0.072,0.896,0.031
