﻿,Titles,Polarity,Positive,Neutral,Negative
0,Netflix Changes The Way It Measures Ratings,0.527,0.058,0.942,0.0
1,"Oakland’s CNote hits milestone raising millions from Apple, Netflix, others to support minority-owned businesses",0.459,0.143,0.857,0.0
2,"Tesla, Apple, Microsoft, Peloton: All of tech companies hitting the brakes on hiring",0.995,0.088,0.865,0.047
3,Market check: Stocks in the red following May jobs report,-0.823,0.0,0.785,0.215
4,3 Nasdaq 100 Stocks to Beat the Market,0.991,0.11,0.849,0.041
5,"Here's What's You Can Stream On Netflix, Disney+, Hulu And More This Month",0.0,0.0,1.0,0.0
6,Bad news about hiring trends in tech is 'misleading': Economist,-0.289,0.053,0.901,0.046
7,"With Its Stock Down 66%, Here Are 3 Ways Netflix Can Improve Growth Moving Forward",0.382,0.114,0.886,0.0
8,Why This 1 Strategy Could Help Netflix Stop its Subscriber Losses,0.45,0.134,0.866,0.0
9,Bill Ackman Stocks: 7 Top Picks From the Pershing Square Portfolio,0.999,0.083,0.899,0.018
10,How the Media Business Changed During the Pandemic—and 4 Stocks to Play It,0.557,0.159,0.841,0.0
