﻿,Titles,Polarity,Positive,Neutral,Negative
0,'Squid Game' director predicts second season of megahit TV show,0.992,0.156,0.811,0.033
1,What This $3 Billion YouTube Channel Deal Means for Your Wealth,1.0,0.141,0.859,0.0
2,Netflix has a plan to prove Quibi wasn’t wrong,0.836,0.146,0.854,0.0
3,Palantir Stock Looks Good On the Balance Sheet And the Technical Chart,0.998,0.14,0.831,0.029
4,Was Peloton Just a Pandemic Fad?,0.44,0.057,0.923,0.019
5,"Jason Oppenheim pays $7 million for Newport Beach mansion, announces 'Selling Sunset' spinoff",0.34,0.01,0.985,0.004
6,5 Stocks Insiders Are Selling,0.99,0.089,0.908,0.003
7,Roku Earnings in 6 Must-See Metrics,0.0,0.0,1.0,0.0
8,Top 7 Stocks to Buy According to Alexis Fortune’s Blacksheep Fund Management,0.998,0.095,0.89,0.015
9,Netflix to Roll Out TikTok-Like Short Clip Feature Aimed at Kids,0.812,0.078,0.879,0.043
10,The trans worker Netflix fired said filing a labor charge against the company was 'the right thing to do',0.787,0.267,0.684,0.049
