﻿,Titles,Polarity,Positive,Neutral,Negative
0,Netflix buys rights to stream new Sony movies beginning in 2022,0.202,0.063,0.938,0.0
1,Netflix (NFLX) Outpaces Stock Market Gains: What You Should Know,0.988,0.086,0.908,0.006
2,"Netflix, Roku, Others Face 'Digital Attention Recession' Post-Covid",0.178,0.165,0.691,0.144
3,3 FAANG Stock Laggards Look For A Return To Highs,0.972,0.085,0.885,0.03
4,UPDATE 1-'Spider-Man' and other Sony films to hit Netflix after theaters,0.785,0.059,0.927,0.014
5,Netflix Signs Streaming Deal With Sony Pictures,0.612,0.263,0.737,0.0
6,"Post-Covid 'Digital Attention Recession' Coming For Netflix, Roku, Others",0.178,0.165,0.691,0.144
