﻿,Titles,Polarity,Positive,Neutral,Negative
0,Apple pours millions into Oakland’s CNote platform to support minority-owned businesses,0.318,0.099,0.901,0.0
1,Tech Earnings Outlook Amid Nasdaq Turmoil,0.984,0.145,0.803,0.053
2,Comcast Has a Surprising Plan For Peacock Advertising,-0.422,0.032,0.892,0.075
3,"Down 42%, This Dow Stock Is a Screaming Buy in May",0.66,0.299,0.701,0.0
4,Can fuboTV Stock Bounce Back This Week?,-0.361,0.0,0.878,0.122
5,"Formula 1 brings glitz, glam and giddy prices to Miami this weekend",0.991,0.068,0.91,0.023
6,Why fuboTV's Subscriber Growth Isn't Enough,0.911,0.201,0.753,0.046
7,"Intuit to pay $141 million over TurboTax ads, ICE to buy Black Knight, Netflix faces investor lawsuit",-0.494,0.0,0.877,0.123
8,How Roku's Strategy Could Pay Off for Investors,0.912,0.201,0.799,0.0
9,Brad Gerstner is Talking About These 10 Stocks,1.0,0.106,0.873,0.022
10,"Down 70% in 6 Months, Is Netflix Still the Streaming King?",-0.273,0.079,0.791,0.13
11,ClearBridge Investments: “Our Thesis for Owning the Netflix (NFLX) is Intact”,0.993,0.12,0.868,0.012
12,"Zacks Earnings Trends Highlights: Netflix, General Electric, and HCA Holdings",0.995,0.106,0.852,0.041
13,Is It Time to Buy the Nasdaq's 3 Worst Performing April Stocks?,-0.807,0.082,0.733,0.185
14,7 Undervalued Stocks Ready for a Major Turnaround in 2022,0.995,0.119,0.793,0.087
15,7 Dividend Stocks to Buy for May With Yields Over 6%,0.999,0.131,0.795,0.074
16,"NETFLIX, INC. (NASDAQ: NFLX) SHAREHOLDER CLASS ACTION ALERT: Bernstein Liebhard LLP Announces that a Securities Class Action Lawsuit Has Been Filed Against Netflix, Inc. (NASDAQ: NFLX)",0.961,0.09,0.851,0.06
