﻿,Titles,Polarity,Positive,Neutral,Negative
0,5 Stocks That Could Get Pricked by Corporate Vaccine Mandates,0.988,0.082,0.861,0.057
1,Netflix Games Launch Kickstarts Worldwide: What You Need To Know,0.969,0.07,0.913,0.017
2,Netflix unveils first five mobile games for Android,0.0,0.0,1.0,0.0
3,Netflix Introduces First Mobile Games to Platform,0.0,0.0,1.0,0.0
4,Netflix rolls out mobile games to subscribers on Android,0.832,0.059,0.929,0.012
5,Is Netflix's Stock Overvalued Or Undervalued?,0.977,0.089,0.891,0.019
6,"Netflix Launches Games In Mobile App Worldwide, Including ‘Stranger Things’ Titles",0.992,0.099,0.894,0.007
7,It's Crypto Literacy Month and the 99% Price Drop of Squid Game Token in Minutes Proves Why Crypto Literacy Matters,0.625,0.339,0.546,0.115
8,Were Hedge Funds Right About Exxon Mobil Corporation (XOM)?,0.994,0.078,0.901,0.02
9,"2 Reasons to Sell the ""Squid Game"" Cryptocurrency",0.077,0.058,0.889,0.053
10,"Were Hedge Funds Right About NIKE, Inc. (NKE)?",0.998,0.098,0.898,0.004
11,Crypto coin riding Squid Game high craters after dizzying rally,-0.398,0.053,0.888,0.058
12,"Box office soars on 'Dune,' 'No Time to Die' but here's why the hybrid model may hurt",0.955,0.062,0.91,0.028
13,Netflix's International Subscriber Growth Blew Domestic Growth Out of the Water in Q3,-0.402,0.067,0.83,0.103
14,Netflix Takes First Steps into Mobile Gaming,-0.649,0.019,0.927,0.054
15,Investors Should Pay Close Attention to These Numbers From Netflix's Q3 Earnings Report,0.169,0.063,0.897,0.04
16,Is the Rise of 'Squid Games' Pushing Netflix Higher?,0.34,0.124,0.876,0.0
17,Squid Game based crypto collapses in $3m scam,-0.762,0.072,0.852,0.076
18,Tech Stocks Roundup: Facebook Changes Company Name to Meta,0.612,0.24,0.76,0.0
19,Two Netflix workers who led the protests against its Dave Chappelle special have filed labor charges against it,-0.772,0.0,0.767,0.233
