﻿,Titles,Polarity,Positive,Neutral,Negative
0,Warren Buffett on Why Wall Street Is Wrong About Inflation,0.997,0.132,0.789,0.079
1,7 Deadbeat Stocks to Dump Now,0.985,0.075,0.869,0.055
2,"Twitter and Shopify team up, Netflix turns to Google and Comcast for ad help, Revlon stock pops",0.0,0.0,1.0,0.0
3,"UPDATE 1-NBCUniversal, Google top contenders for tie-up with Netflix for ad-supported plan - WSJ",0.743,0.08,0.881,0.038
4,"NBCUniversal, Google top contenders for tie-up with Netflix for ad-supported plan - WSJ",0.625,0.074,0.886,0.04
5,"NBCUniversal, Google Compete to Help Netflix Develop Ad-Backed Tier",0.66,0.162,0.838,0.0
6,Why Netflix Stock Is Rising Today,0.296,0.031,0.969,0.0
7,Why Roku Stock Popped Today,0.91,0.138,0.862,0.0
8,"NETFLIX, INC. (NASDAQ: NFLX) SHAREHOLDER CLASS ACTION ALERT: Bernstein Liebhard LLP Reminds Investors of the Deadline to File a Lead Plaintiff Motion in a Securities Class Action Lawsuit Against Netflix, Inc. (NASDAQ: NFLX)",0.961,0.088,0.854,0.058
9,10 Stocks to Buy When They're Down,0.999,0.144,0.805,0.051
10,Is it a Good Time to Sell Your Netflix (NFLX) Shares?,0.966,0.088,0.89,0.022
11,"Netflix, Inc. (NFLX) Is a Trending Stock: Facts to Know Before Betting on It",0.998,0.121,0.867,0.011
12,Roku Stock: ARK Invest Says Say ‘No’ If Netflix Is Interested,0.994,0.095,0.878,0.027
13,7 Oversold Stocks on the Verge of Blasting Off,0.998,0.104,0.842,0.055
