﻿,Titles,Polarity,Positive,Neutral,Negative
0,7 F-Rated Stocks to Avoid Now,0.998,0.13,0.79,0.079
1,Disney Stock Had a Strong Week. See Just How Good.,0.751,0.234,0.766,0.0
2,"Peloton to Cut 800 Jobs, Hike Prices and Shut Stores in Sweeping Overhaul",0.966,0.078,0.855,0.067
3,Why Disney Shares Popped This Week,0.765,0.123,0.877,0.0
4,The Price of Hulu Is Going Up 13%. Is It Still Worth the Cost?,0.802,0.117,0.883,0.0
5,7 Stocks to Watch Following 2022 Layoff News,0.982,0.104,0.812,0.084
6,2 of My Favorite Stocks Right Now,0.202,0.125,0.781,0.094
7,Disney Takes the Lead in Streaming. Is It Time to Buy Disney Stock?,0.422,0.059,0.941,0.0
8,"Surprise! Warren Buffett ""Owns"" All 5 FAANG Stocks",0.0,0.0,1.0,0.0
9,A golden age of consumer convenience is passing,0.897,0.195,0.805,0.0
