﻿,Titles,Polarity,Positive,Neutral,Negative
0,"And1, once a wildly popular basketball brand and subject of a new Netflix documentary, has deep Philadelphia roots",0.052,0.049,0.907,0.044
1,Disney+ and Hulu Membership Fees Are Going Up. Here's Why,0.7,0.158,0.842,0.0
2,3 Companies That Enjoyed Remarkable Quarters,0.999,0.154,0.825,0.021
3,Meghan Markle debuts new Spotify series as platform's podcast push clouds profitability,0.976,0.075,0.881,0.044
4,"Netflix no longer ‘a utility’ amid churn, analyst says",0.998,0.084,0.903,0.013
5,Streaming Is Now Bigger Than Cable TV,0.202,0.03,0.97,0.0
6,"Company News for Aug 23, 2022",0.945,0.163,0.757,0.08
7,"From World’s Most Congested City, Hailing App Defies SPAC Slump",0.994,0.093,0.878,0.029
