﻿,Titles,Polarity,Positive,Neutral,Negative
0,Early Money: A developer of synthetic animal fats raised a $3.9 million seed round,0.44,0.108,0.892,0.0
1,"Disney, Sony, Warner Media pause movie releases in Russia",-0.718,0.0,0.854,0.146
2,Russia-Ukraine war: How social media companies are responding,-0.66,0.044,0.805,0.151
3,Sony Merges Anime Franchises Under Crunchyroll Brand,0.511,0.057,0.905,0.038
4,Is Netflix Stock a Buy Now?,0.202,0.091,0.909,0.0
5,FuboTv Stock Is a Buy on This Growth Stocks Sell-Off,0.995,0.098,0.86,0.042
