﻿,Titles,Polarity,Positive,Neutral,Negative
0,Netflix Just Fixed Its Only Disadvantage in Streaming,0.686,0.119,0.881,0.0
1,"What You Need To Know In Options This Week. Alibaba, Netflix, Wells Fargo, Bed Bath And Beyond, Aphria And More",0.56,0.029,0.946,0.026
2,Netflix Teams Up With Sony to Fend Off Disney+,0.273,0.073,0.867,0.06
3,Better Buy: Disney vs. Netflix,0.852,0.135,0.865,0.0
4,When Will Consumers Cut The In-Store POS Cord?,0.992,0.065,0.887,0.047
5,Why stocks are at a record even with the dark cloud of higher taxes hanging overhead,0.995,0.114,0.847,0.039
6,The streaming wars have a winner — in this real estate sector,0.736,0.187,0.771,0.042
