﻿,Titles,Polarity,Positive,Neutral,Negative
0,Netflix CFO has no plans for advertising but 'never say never',0.915,0.076,0.879,0.045
1,Netflix CFO has no plans for advertising but 'never say never',0.915,0.076,0.879,0.045
2,Comcast (CMCSA) Brings Apple TV+ to Its Entertainment Platform,0.998,0.139,0.844,0.017
3,"U.S. equity markets ‘being treated as a safe haven,’ strategist says",-0.34,0.0,0.921,0.079
4,"How Netflix Makes Money: streaming TV, movie subscriptions",0.45,0.208,0.792,0.0
5,International Women's Day: Nasdaq CEO Adena Friedman on advancing women to the C-suite,0.991,0.104,0.876,0.02
6,Cloudflare Rebuffs Ukraine Requests to Stop Working With Russia,-0.932,0.072,0.831,0.097
7,Better Buy: AMC Entertainment vs. Netflix,-0.052,0.136,0.678,0.186
