﻿,Titles,Polarity,Positive,Neutral,Negative
0,Is Adobe Inc. (ADBE) Going to Burn These Hedge Funds?,0.995,0.083,0.902,0.016
1,Hedge Funds Cashed Out Of The Walt Disney Company (DIS) Before Q4 Drop,0.997,0.099,0.88,0.021
2,"Netflix, Inc. (NFLX) Fell Out Of Favor With Hedge Funds",0.998,0.113,0.86,0.027
3,Paypal Holdings Inc (PYPL) Fell Out Of Favor With Hedge Funds,0.997,0.099,0.881,0.019
4,Hedge Funds Aren’t Crazy About Mastercard Incorporated (MA) Anymore,0.998,0.117,0.855,0.028
5,Microsoft's stock market value is headed to $3 trillion in under 6 months: analyst,0.996,0.155,0.841,0.004
