﻿,Titles,Polarity,Positive,Neutral,Negative
0,Here’s everything new coming to Netflix in March 2022 — and what’s leaving,0.202,0.096,0.904,0.0
1,"Netflix will not add state-run channels to Russian service, defying regulation",-0.273,0.025,0.938,0.037
2,"Markets are 'at heightened risk' amid inflation, Fed rate hikes, and Russia-Ukraine war: Strategist",0.382,0.115,0.833,0.051
3,Getting a Refund From the IRS? 3 Top Stocks You Can Buy,0.494,0.144,0.856,0.0
4,"Netflix Defies Russian Authorities, Won't Carry Putin Propaganda",-0.422,0.056,0.853,0.092
5,Disney Rebounds on First Quarter Results,0.527,0.206,0.794,0.0
6,Take a break from doom-scrolling with these streaming picks for March 2022,0.0,0.0,1.0,0.0
