﻿,Titles,Polarity,Positive,Neutral,Negative
0,World’s Most Popular Password Manager Says It Was Hacked,-0.925,0.063,0.846,0.091
1,Netflix (NFLX) Outpaces Stock Market Gains: What You Should Know,0.991,0.097,0.894,0.009
2,10 Hottest Upcoming IPOs to Watch in 2022,0.998,0.087,0.882,0.031
3,Mr Malcolm’s List film review — Zawe Ashton and Freida Pinto in pallid reshuffle of Austen,0.807,0.39,0.61,0.0
4,"Got $5,000? These 2 Growth Stocks Are Down More Than 60% From Their Highs",0.889,0.2,0.8,0.0
5,3 Stocks to Buy While They Are on Sale,0.625,0.094,0.906,0.0
6,"Zacks Market Edge Highlights: Williams-Sonoma, Crocs, Dick's Sporting Goods, Deckers Outdoor and Netflix",0.999,0.123,0.857,0.02
7,Big budget streaming blockbusters arrive amid fears of ‘peak TV’,-0.829,0.025,0.875,0.1
8,Big budget blockbusters arrive amid fears of ‘peak TV’,-0.829,0.025,0.875,0.1
