﻿,Titles,Polarity,Positive,Neutral,Negative
0,It Will Take More Than NFTs and Cryptos to Save GameStop,0.994,0.103,0.849,0.048
1,The Good News Continues to Mount for Roku,0.998,0.12,0.859,0.021
2,BET CEO says talent and creators want to have a presence on its streaming service,0.984,0.104,0.892,0.004
3,Meta stock blowup is an important investing lesson: strategist,0.994,0.135,0.827,0.038
4,Is PayPal Now Undervalued Compared to Its Growth Potential?,0.995,0.118,0.85,0.032
5,Intrinsic Value: The Biggest Puzzle for Investors,0.978,0.116,0.833,0.051
6,Meta (FB) &amp; Netflix (NFLX) Capitulate On Earnings: Is It Time To Buy?,0.999,0.142,0.783,0.075
7,"Big Tech stocks moving into ‘a structural downtrend for many years,’ strategist says",0.0,0.0,1.0,0.0
8,Why Disney Plus Holds an Edge Over Other Streamers,0.0,0.0,1.0,0.0
9,"Meta, PayPal Blindside Bullish Analysts Who Saw Only More Growth",0.694,0.059,0.892,0.049
10,Amazon Earnings Will Show If It’s Facebook or Alphabet,-0.194,0.073,0.82,0.106
11,Tycoon’s ‘Netflix of Sports’ Stumbles in Bid for U.K. Football,0.996,0.114,0.857,0.029
12,"U.S. economic recovery entering ‘strange, tumultuous time,’ strategist says",0.0,0.0,1.0,0.0
13,Why Netflix Plunged by 29.1% in January,0.579,0.253,0.747,0.0
14,"Meta Selloff, Amazon Reports, Jobless Claims, ECB &amp; BOE - What's Moving Markets",-0.921,0.094,0.803,0.103
15,Apple Makes Progress in India as iPhone Sales Rise 34% to Record,0.861,0.061,0.89,0.05
16,"Consumers Ran Out of Stuff to Buy, So Now They're Paying for Services",0.202,0.109,0.814,0.078
