﻿,Titles,Polarity,Positive,Neutral,Negative
0,Stocks Set to Open Higher After Mixed Results Tuesday,0.527,0.12,0.88,0.0
1,Netflix says ‘Stranger Things’ season 4 viewership surpassed a billion hours,0.153,0.011,0.989,0.0
2,Here's Why The Trade Desk Stock Fell Nearly 20% in June,-0.681,0.0,0.769,0.231
3,Netflix says 'Stranger Things' sets new viewing milestones,0.595,0.038,0.962,0.0
4,‘Stranger Things’ Won’t Cure What Ails Netflix,0.619,0.187,0.813,0.0
5,"Market check: Energy leads stock losses, bond market moves lower",-0.422,0.0,0.859,0.141
6,'Stranger Things' season 5 details emerge as Netflix franchise nears end,0.0,0.0,1.0,0.0
7,Analysts Admit 10 Stocks Are Worth Way Less Than They Thought,0.083,0.062,0.938,0.0
