﻿,Titles,Polarity,Positive,Neutral,Negative
0,Here’s what’s coming to Netflix in March 2022 — and what’s leaving,0.202,0.096,0.904,0.0
1,"The Fundamentals are Stabilizing for Netflix, Inc. (NASDAQ:NFLX), but Markets Demand More",0.995,0.085,0.878,0.037
2,"Madea, Mrs Brown team up in cross-dressing Netflix comedy",0.968,0.099,0.863,0.037
3,Hedge funds are hating on tech stocks,0.937,0.124,0.797,0.079
4,How Peloton Tumbled From a Rapid-Growth Pick to a Value Play,-0.807,0.025,0.852,0.123
5,7 Publicly Traded Companies That Are Killing It on TikTok,0.999,0.121,0.822,0.057
