﻿,Titles,Polarity,Positive,Neutral,Negative
0,Netflix to be an 'interesting' stock to watch heading into next year: Strategist,0.408,0.138,0.862,0.0
1,Disney Earnings Due Amid Travel Tailwind; Dow Giant Offers Disney+ Discount,0.0,0.0,1.0,0.0
2,Top 10 Stock Picks of Boykin Curry’s Eagle Capital Management,0.999,0.112,0.863,0.026
3,"Nearly a Year Later, What’s Changed With GameStop Stock?",0.996,0.11,0.854,0.036
4,10 Large-Cap Stocks to Buy According to Matthew Tewksbury’s Stevens Capital,0.999,0.111,0.873,0.016
5,League of Legends and Twitch Streamers Fuel Latest Netflix Hit,0.991,0.116,0.837,0.047
6,League of Legends and Twitch Streamers Fuel Latest Netflix Hit,0.991,0.116,0.837,0.047
