﻿,Titles,Polarity,Positive,Neutral,Negative
0,Netflix mulls $7-$9 per month for its ad-supported subscription - Bloomberg News,0.827,0.049,0.942,0.009
1,Netflix makes a smart bet on the Korean drama trade,0.382,0.133,0.867,0.0
2,The #1 Insider Signal Every Trader Should Know,0.999,0.126,0.842,0.031
3,EA Pares Gains After Retraction of Report on Amazon Prepping Bid,0.959,0.089,0.854,0.057
4,Is Disney+ Firing the Wrong Way in a Pricing War?,0.0,0.0,1.0,0.0
5,5 Stocks That Warren Buffett Is Betting on Now,0.998,0.097,0.873,0.03
6,"Netflix (NFLX) Stock Quotes, Company News And Chart Analysis",0.116,0.049,0.912,0.039
7,"FANG Stocks News &amp; Quotes: Facebook, Amazon, Netflix, Google",0.178,0.086,0.914,0.0
8,Netflix Won’t Lose Its Place on the Dial,0.25,0.232,0.625,0.143
