﻿,Titles,Polarity,Positive,Neutral,Negative
0,Who Are Netflix's (NFLX) Main Competitors?,-0.422,0.0,0.851,0.149
1,Survey Reveals Which Tech Companies Consumers Trust The Most,0.886,0.36,0.64,0.0
2,Tech Stocks In Focus: Here Are The Most Trusted Tech Companies,0.769,0.282,0.718,0.0
3,Scarlett Johansson sues Disney over 'Black Widow' streaming conerns,-0.226,0.0,0.894,0.106
4,"GameStop Had a Great Run, But It’s Time to Sell",0.988,0.073,0.897,0.031
5,7 Overheated Stocks to Sell as Pandemic Concerns Rise,0.931,0.119,0.772,0.109
6,"Here’s how the 6 Big Tech stocks now rank, from worst to first",0.811,0.197,0.803,0.0
7,How Synchronized Viewing Could Ruin Netflix Stock,0.306,0.145,0.775,0.08
8,Disney+ Hotstar Is Getting Its First Price Hike,0.823,0.158,0.842,0.0
