﻿,Titles,Polarity,Positive,Neutral,Negative
0,This Metric Is Lifting Electronic Arts to New Highs,0.848,0.177,0.78,0.042
1,Disney vs. Netflix: Which Company Deserves Your Cash?,0.999,0.158,0.779,0.063
2,Here's why meme stocks are hinting at another flashy rally for `junk stocks`,0.954,0.073,0.89,0.038
3,Netflix has ‘a massive lead in product’ despite stock woes: Expert,0.999,0.162,0.797,0.04
4,Is Spotify a Stock to Buy After the Tech Wreck?,0.98,0.092,0.874,0.034
5,"Netflix tells employees, ‘You may need to work on titles you perceive to be harmful’",0.093,0.1,0.777,0.123
6,Is Disney Stock a Buy Despite Earnings and Revenue Miss?,0.98,0.109,0.823,0.068
7,Why Roku Stock Jumped 11% Today,-0.572,0.0,0.896,0.104
8,Netflix tells ‘woke’ staff to tolerate diverse opinions or find new jobs,-0.308,0.051,0.89,0.06
9,"DEADLINE ALERT for NFLX, MULN, AMZN, and ARQQ: The Law Offices of Frank R. Cruz Reminds Investors of Class Actions on Behalf of Shareholders",0.95,0.09,0.838,0.072
10,Airbnb CEO on tech stocks crash: 'This might be the end of a moment',0.55,0.032,0.943,0.025
11,"Disney Makes Gains Against Netflix, Adds 9 Million Streaming Subscribers",0.296,0.137,0.768,0.096
