﻿,Titles,Polarity,Positive,Neutral,Negative
0,Roku Gets Apple to Push the Button,0.0,0.0,1.0,0.0
1,"Stock Picks: Nvidia, Facebook Reveal 7 Telltale Traits Of Top Stocks To Buy And Watch",0.893,0.3,0.7,0.0
2,Vietnam orders Netflix to remove Australian spy show over South China Sea map,-0.802,0.018,0.937,0.045
3,Vietnam orders Netflix to remove Australian spy show over South China Sea map,-0.802,0.018,0.937,0.045
4,Here’s everything new to Netflix in July 2021 — and what’s leaving,0.557,0.187,0.706,0.107
5,Here’s everything new to Netflix in July 2021 — and what’s leaving,0.557,0.187,0.706,0.107
