﻿,Titles,Polarity,Positive,Neutral,Negative
0,Netflix has fired a worker who was organzing a walkout to protest its airing of Dave Chappelle's transphobic comments,-0.572,0.059,0.755,0.186
1,Can ‘Squid Game’ and videogames be game-changers for Netflix?,0.671,0.151,0.801,0.048
2,Netflix Fires Employee for Sharing Confidential Data About Dave Chappelle Stand-Up Special Outside the Company,0.971,0.109,0.863,0.029
3,Top 10 Stock Picks of Anand Desai’s Darsana Capital Partners,0.998,0.075,0.902,0.023
4,Netflix Employee Reportedly Laid Off Over Chappelle Show Leak,0.743,0.128,0.819,0.053
5,A looming strike could cost Hollywood more than the pandemic lockdowns,-0.44,0.0,0.849,0.151
6,Netflix Stock Inches Lower as Analysts Raise Targets Ahead of Earnings. The ‘Squid Game’ Effect.,0.318,0.081,0.919,0.0
7,Netflix Looks For 'Squid Game' Subscriber Boost,0.743,0.231,0.769,0.0
8,Mark Cuban just tripled his stake in Dogecoin — but his bet on these 2 stocks is 667x larger,0.999,0.165,0.819,0.016
9,Disney Unveils Slate Of Original Asia-Pacific Content For Streaming Service,0.994,0.112,0.858,0.03
10,Is Squid Game Success a Buy Signal for Netflix?,0.395,0.035,0.965,0.0
11,3 Things I Want To See From Netflix Next Week,0.0,0.0,1.0,0.0
12,Should You Buy Netflix Stock Right Now?,0.382,0.035,0.965,0.0
13,"Netflix and Uber Rated Outperform, Facebook Underperform at Evercore",0.0,0.0,1.0,0.0
14,"Why Netflix Investors Are So Excited About ""Squid Game""",0.36,0.06,0.94,0.0
15,Netflix (NFLX) to Report Q3 Earnings: What's in the Cards?,0.998,0.146,0.835,0.019
16,NetFlix Could Scale to Fresh Record High on Upbeat Q3 Earnings,0.997,0.132,0.849,0.019
