﻿,Titles,Polarity,Positive,Neutral,Negative
0,7 Coronavirus Stocks to Buy in Case of Lockdown 2.0,1.0,0.148,0.817,0.034
1,"Netflix stock extends win streak, rises toward 4-month high",0.919,0.182,0.797,0.021
2,"Top Research Reports for PayPal, Netflix &amp; Sanofi",0.998,0.158,0.828,0.014
3,3 Top Stocks That Are Cash Cows,0.44,0.095,0.86,0.045
4,"Leases to Facebook, Netflix Boost Confidence in Property Bonds",0.994,0.106,0.86,0.034
5,Disney's Q3 Results Highlight Advantage Against Netflix,0.917,0.22,0.78,0.0
6,"FootLocker, Deere Become Latest Major Companies To Impress With Earnings Results",0.979,0.074,0.866,0.06
7,Viacom Stock: It’s Time to Assess the Pros and Cons,0.997,0.132,0.823,0.045
