﻿,Titles,Polarity,Positive,Neutral,Negative
0,Brands Who Focus On More Than Just Their Bottom Lines,1.0,0.191,0.775,0.034
1,Alphabet's Majestic Q2 Results Show It Remains King Of Search And Video Ads,0.99,0.084,0.894,0.022
2,3 Ways Netflix Can Make Gaming Work -- And 1 Way It Can't,-0.285,0.0,0.888,0.112
3,"Where to Invest $1,000 Right Now",0.836,0.14,0.86,0.0
4,"Market Crash 2.0: Where to Invest $1,000",0.0,0.058,0.885,0.058
5,2 Big Changes Happening at HBO Max,0.572,0.059,0.941,0.0
6,Netflix Nearing toward Outgaming the Competition,0.998,0.154,0.803,0.043
7,Netflix Slack chat firing of staff and the risk of office gossip,-0.996,0.078,0.767,0.155
