﻿,Titles,Polarity,Positive,Neutral,Negative
0,Best Stocks for 2022: EPR Properties Is a Bet on a Post-Covid-19 World,0.999,0.146,0.81,0.044
1,Best FAANG Stock to Own in January,0.99,0.158,0.803,0.039
2,Theatre-only shift 'speaks volumes' for box office as studios abandon hybrid streaming model,0.997,0.106,0.854,0.04
3,"If I Could Buy Only 1 Stock, This Would Be It",-0.586,0.0,0.879,0.121
4,"S&amp;P 500, Dow Close Lower, But Media Stocks Support Bullish Bets",0.788,0.087,0.836,0.076
5,3 Companies That Outspent Netflix on Content in 2021,0.25,0.182,0.818,0.0
6,3 Growth Stocks to Buy in January,0.382,0.148,0.852,0.0
7,Blockbuster to Become a Netflix Headache Thanks to DAO,0.997,0.15,0.808,0.043
8,2021: The Year in Review,0.995,0.095,0.833,0.072
