﻿,Titles,Polarity,Positive,Neutral,Negative
0,Finding Long-Term Winners in a Rough Market,0.026,0.09,0.821,0.089
1,"The Funded: Rigetti Computing goes public, but with about $200 million less than expected",0.0,0.0,1.0,0.0
2,Why These 10 Stocks Are Moving on Wednesday,0.994,0.09,0.895,0.015
3,Why the stock market refuses to plunge on Russia-Ukraine crisis,0.962,0.078,0.872,0.05
4,"Market Wrap: Powell Sticks to Rate Hike, Ford Announces EV Move, AutoZone Soars",0.542,0.222,0.69,0.088
5,"UPDATE 2-Netflix pauses all projects, acquisitions in Russia - source",-0.586,0.048,0.875,0.078
6,"Netflix pauses all projects, acquisitions in Russia - source",-0.586,0.049,0.871,0.08
7,Netflix Amps Up Gaming Wars To Close Gap With Disney,0.0,0.0,1.0,0.0
8,"Netflix CFO to Present at the Morgan Stanley Technology, Media &amp; Telecom Conference",0.877,0.08,0.913,0.007
9,AMC chief Adam Aron on the death of movie theaters: 'What a load of cow dung',0.966,0.115,0.833,0.052
10,Cybersecurity Stock Breakout Has Traders Eyeing More Gains,0.995,0.113,0.842,0.046
11,"Disney+ Lands ""Daredevil,"" ""Jessica Jones,"" And Adds Parental Control Features",-0.361,0.102,0.783,0.116
12,Netflix buys Next Games for €65mn,0.0,0.0,1.0,0.0
13,Investor Patience Will be Rewarded in AT&amp;T Stock,0.998,0.121,0.859,0.019
14,FuboTV Stock Is a Strong Buy on Post-Earnings Weakness,0.998,0.12,0.835,0.045
15,Netflix to Acquire Mobile Game Developer Next Games,0.914,0.09,0.895,0.015
16,Netflix offers to buy Finnish game studio,0.891,0.085,0.915,0.0
17,Netflix to Acquire Finnish Mobile Game Developer Next Games,0.998,0.178,0.808,0.014
18,"Netflix julkisti ostotarjouksen kaikista suomalaisen mobiilipelikehittäjän, Next Gamesin osakkeista",0.077,0.011,0.981,0.008
19,Netflix Announced Plans to Acquire the Finnish Mobile Game Developer Next Games,0.999,0.166,0.822,0.012
20,"New on Netflix in March 2022: Here’s everything coming, and what’s leaving",0.202,0.096,0.904,0.0
