﻿,Titles,Polarity,Positive,Neutral,Negative
0,Earnings Report Roundup,0.0,0.0,1.0,0.0
1,'Inflation is here to stay': financial adviser,0.953,0.08,0.884,0.036
2,Netflix Stock Holds Above 500 Level; Could This Calendar Spread Option Make $500?,0.361,0.135,0.865,0.0
3,"Walgreens, Google ask employees to get vaccinated before returning to work",0.0,0.0,1.0,0.0
4,"Walgreens, Google and other U.S. companies ask employees to get vaccinated before returning to work",0.511,0.049,0.951,0.0
5,This Streaming Giant's Latest Move Hints at the Future of Gaming,0.66,0.108,0.868,0.025
6,Option Trade: Generate Income With This Strategy In Netflix Stock,0.0,0.0,1.0,0.0
7,Why Bumble's unlimited paid time off isn't as great as it sounds?,0.993,0.112,0.843,0.045
