﻿,Titles,Polarity,Positive,Neutral,Negative
0,Covid and censorship are getting in the way of Netflix’s bold plans in India,0.832,0.318,0.682,0.0
1,Forget Netflix: Buy Streaming Stock Roku Down 25% Before Earnings?,0.999,0.136,0.839,0.026
2,RPT: WarnerMedia to launch ad-supported HBO Max for $9.99 a month,0.0,0.0,1.0,0.0
3,Corporations sent $226M to government causes on Newsom’s behalf in 2020,0.026,0.05,0.95,0.0
4,How To Play This Incredible Earnings Season,1.0,0.174,0.805,0.021
5,"Stock Picks: Google, Facebook, Nvidia Reveal 7 Telltale Traits Of Top Stocks To Buy",0.893,0.3,0.7,0.0
6,"Zacks Earnings Trends Highlights: Microsoft, Google, Exxon Mobil and Netflix",1.0,0.13,0.847,0.023
7,Goldman Sachs: We were wrong about Apple,0.872,0.057,0.907,0.036
