﻿,Titles,Polarity,Positive,Neutral,Negative
0,Netflix Takes Heat From Activists Over Dave Chappelle's LGBTQ Jokes,0.972,0.118,0.8,0.082
1,Groundbreaking Tech Makes Bionano Genomics Look Better Than Ever,0.997,0.131,0.831,0.039
2,‘Squid Game’ Could Be the Just the Start for Netflix Stock,0.382,0.11,0.89,0.0
3,Netflix Stock Is Near a Record. ‘Squid Game’ Could Be the Just the Start.,0.382,0.11,0.89,0.0
4,"Dow Jones Surges As Republicans Offer Debt-Limit Extension; Apple, Tesla Rally",0.0,0.0,1.0,0.0
5,'Squid Game' global demand has grown over 500+ since Netflix launch: RPT,0.572,0.117,0.883,0.0
6,Outlining GM's Subscription Business Roadmap,0.935,0.083,0.908,0.009
7,"If You Invested $1000 in Netflix a Decade Ago, This is How Much It'd Be Worth Now",0.998,0.134,0.849,0.017
