﻿,Titles,Polarity,Positive,Neutral,Negative
0,Netflix Employee Group Calls for Walkout Amid Tensions Over Dave Chappelle Show,-0.077,0.13,0.725,0.145
1,Netflix (NFLX) Outpaces Stock Market Gains: What You Should Know,0.987,0.092,0.892,0.016
2,"Havana syndrome in Colombia, U.S.-Canada and Mexico borders reopening, 'Squid Game' beats Netflix record",0.202,0.13,0.87,0.0
3,Dow Jones Drops As Inflation Heats Up; Apple Sells Off On iPhone News,0.0,0.0,1.0,0.0
4,Netflix Stock Has a Lot to Prove Next Week,0.47,0.04,0.96,0.0
5,Alphabet (GOOGL) Google TV to Launch Realme 4K Streaming Stick,0.997,0.187,0.803,0.01
6,Starbucks and Netflix partner for series tied to Netflix’s book club,0.0,0.0,1.0,0.0
7,5 Top Tech Stocks to Buy for the Long Haul,0.813,0.187,0.779,0.034
8,3 Tech Stocks That Don't Care About Interest Rates,0.178,0.101,0.807,0.092
9,Netflix Earnings: Here's What Investors Should Know,0.0,0.0,1.0,0.0
10,Netflix’s ‘Squid Game’ Is Slammed by Kim Jong Un’s Propagandists as ‘Beastly’,0.34,0.085,0.915,0.0
11,S.Korea's 'Squid Game' is Netflix's biggest original show debut,0.973,0.094,0.886,0.021
12,3 Visionary CEOs That Made All the Difference for Shareholders,-0.103,0.052,0.905,0.043
