﻿,Titles,Polarity,Positive,Neutral,Negative
0,3 Cyclical Stocks to Buy to Prepare for Upcoming Market Conditions,0.996,0.1,0.876,0.024
1,Fmr. Disney exec says Bob Chapek fumbled 'Don't Say Gay': 'You cannot ride the fence',0.983,0.074,0.892,0.034
2,Best Streaming Stocks to Buy on this Pullback,0.981,0.136,0.829,0.036
3,"Stocks turn higher at the close, Microsoft and Google among biggest market leaders",0.238,0.038,0.936,0.026
4,Real estate: Why Tampa has the hottest housing market in the U.S.,0.999,0.098,0.883,0.019
5,"Some FAANG names ‘are still high-growth internet companies,’ portfolio manager says",0.999,0.163,0.797,0.04
6,Meta earnings could be another dud: Strategist,0.886,0.09,0.847,0.063
7,GTN vs. NFLX: Which Stock Should Value Investors Buy Now?,0.999,0.228,0.768,0.004
8,Is Match Group a Buy From Here?,-0.607,0.082,0.827,0.091
9,This Recent Decline in SNOW Stock Offers Up a Buying Opportunity,0.993,0.136,0.802,0.062
10,"Big Tech earnings ‘will be a mixed bag,’ analyst says",0.361,0.094,0.906,0.0
11,#RIPTwitter? These numbers show the company has plenty of life,0.382,0.11,0.89,0.0
12,Report: Netflix faces more than just a subscriber problem as stock declines hurt employees,-0.527,0.063,0.785,0.152
13,Why Roku Stock Bulls Should Be Worried,-0.765,0.115,0.766,0.119
14,"PayPal Analysts See a Lot to Like, But Not Right Now",0.896,0.07,0.882,0.049
15,"An Earnings Week in Review: NFLX, TSLA, BAC, IBM, JNJ",1.0,0.136,0.832,0.032
16,"Big Tech ‘is the stock market,’ strategist explains",0.758,0.228,0.716,0.056
17,Netflix’s Failure Shows Why Sony and Lions Gate May Be the Best Stocks to Play Streaming,-0.612,0.0,0.84,0.16
18,All Your Worst Stocks Have Two Things In Common,0.03,0.048,0.952,0.0
19,7 Oversold Stocks to Buy Before They Rebound,1.0,0.137,0.827,0.037
20,Nasdaq Futures Signal Drop as $1 Trillion Erased Since Netflix,-0.979,0.046,0.854,0.1
21,"Netflix, Apple, Amazon, Alphabet and Meta Platforms are part of Zacks Earnings Preview",0.999,0.125,0.843,0.032
22,Netflix and CNN+’s Failures Show Why Sony and Lions Gate May Be the Best Stocks to Play Streaming,-0.612,0.0,0.84,0.16
