﻿,Titles,Polarity,Positive,Neutral,Negative
0,FAANG stocks fall amid tech sector sell-off,-0.968,0.036,0.875,0.089
1,Warner Bros Discovery Relinquishes Remaining Stake In Joyn Streaming Service,0.969,0.13,0.815,0.055
2,"Why Adobe, Meta Platforms, and Netflix Are Falling Today",0.718,0.096,0.904,0.0
3,Top 5 Stock Picks of Yi Xin’s Ariose Capital,0.997,0.096,0.888,0.016
4,Apple (AAPL) Shares Gain on Strong iPhone 14 Pro Max Demand,0.999,0.161,0.815,0.024
5,"HBO led Emmy wins, followed by Netflix",0.999,0.194,0.763,0.043
6,Should Netflix Buy Roku?,0.511,0.142,0.858,0.0
7,10 Best Quality Stocks to Buy Now,0.999,0.118,0.852,0.03
8,"HBO Wins Big at The Emmys with ‘The White Lotus’, ‘Succession’",0.972,0.36,0.64,0.0
9,Netflix's Megahit ‘Squid Game’ Makes History at Emmy Awards,0.998,0.186,0.765,0.049
10,"HBO reclaims its Emmy crown with 'Succession,' 'White Lotus' wins",0.995,0.164,0.798,0.037
