﻿,Titles,Polarity,Positive,Neutral,Negative
0,Avoid This Money-Pit Investment,0.998,0.081,0.891,0.027
1,"Procter &amp; Gamble, Zillow, WeWork: Stocks That Defined the Week",0.0,0.0,1.0,0.0
2,‘It will be intense’: ‘Squid Game’ fans can soon attempt real-life versions of the Netflix hit’s challenges,-0.273,0.0,0.9,0.1
3,"White Slip-Ons Are In, Thanks to ‘Squid Game.’ That’s Good News for Vans.",0.477,0.237,0.763,0.0
4,Fubo Stock Is Bound to Stream Short-Term Gains Sooner Than Later,0.99,0.11,0.821,0.069
5,"Dow Jones, S&amp;P 500 Hit New Highs: Tesla, Netflix Are Earnings Winners; Snap, Intel Tumble: Weekly Review",0.477,0.119,0.881,0.0
6,Netflix Is Not Giving Up The Throne,0.99,0.097,0.86,0.043
7,'Squid Game' mania has shoppers snapping up Vans' white slip-on shoes,-0.249,0.107,0.797,0.097
8,"This Growth Stock Is Benefiting from the Netflix Hit ""Squid Game""",0.931,0.231,0.769,0.0
9,Nancy Pelosi Stock Portfolio: 10 Stocks To Consider,1.0,0.13,0.854,0.016
10,"Why You Might See a Movie Based on ""Fortnite"" in the Not-So-Distant Future",-0.424,0.141,0.683,0.176
11,"The Zacks Analyst Blog Highlights: Alphabet, Netflix, Thermo Fisher Scientific, Wells Fargo and Novartis",0.998,0.141,0.843,0.016
12,Should You Buy Netflix Stock After Q3 Earnings?,0.382,0.245,0.755,0.0
13,Is It Time to Buy Netflix Stock?,0.758,0.107,0.893,0.0
14,Making sense of the Twisted Sister labor market: Morning Brief,0.988,0.104,0.818,0.078
15,"Pandemic created opportunities for African video-on-demand, streaming services",0.984,0.073,0.909,0.018
16,High demand for 'Squid Game' tracksuits cheers S.Korea's struggling garment sector,0.971,0.102,0.838,0.06
17,"Netflix Is Entering a New Era, Leaving Its Haters in the Dust",0.459,0.156,0.778,0.066
