﻿,Titles,Polarity,Positive,Neutral,Negative
0,Netflix Is Gaining Steam Again,0.996,0.162,0.82,0.018
1,Stock Market Today: Stocks Resume Slide as Treasury Yields Rise,0.982,0.092,0.844,0.064
2,Netflix stock receives upgrade to Outperform from Evercore ISI,0.882,0.076,0.903,0.021
3,Queen Elizabeth II’s death sent Netflix subscribers streaming toward ‘The Crown’,0.0,0.0,1.0,0.0
4,Why Netflix Stock Was Trading Higher Earlier Today,0.0,0.0,1.0,0.0
5,Netflix (NFLX) Stock Jumps 5% on Ad-Supported Plan Optimism,0.996,0.127,0.848,0.026
6,10 Biggest Gainers on Thursday,0.991,0.105,0.866,0.029
7,"Netflix’s Ad-Supported Plan Could Be ‘One of the Biggest Catalysts,’ Analyst Says",0.7,0.236,0.764,0.0
8,Netflix to Announce Third Quarter 2022 Financial Results,0.903,0.061,0.934,0.005
9,Evercore ISI upgrades Netflix stock to Outperform,0.986,0.086,0.914,0.0
10,"Netflix stock pops, AMTD Digital meme stock soars, bitcoin down slightly",0.929,0.061,0.928,0.011
11,Netflix Stock: Headed to $240?,0.459,0.15,0.85,0.0
12,Is Warner Bros. Discovery Stock a Buy?,0.816,0.095,0.905,0.0
13,David Tepper Initiated Buying These 10 Stocks for the Rest of 2022,0.998,0.097,0.856,0.047
14,"Netflix bull case has been ‘severely tested’ but now’s the time to buy, says Evercore",0.141,0.045,0.955,0.0
15,How Silicon Valley's most powerful women are opening doors for the next generation,0.296,0.099,0.901,0.0
16,"Danaher, Union Pacific, Netflix Rise Premarket; Amazon Falls",0.906,0.105,0.819,0.076
