﻿,Titles,Polarity,Positive,Neutral,Negative
0,Shonda Rhimes talks the future of streaming and 'Amish summer' parenting,0.996,0.099,0.862,0.039
1,Netflix stock falls as the streaming company braces for another round of layoffs,0.422,0.085,0.915,0.0
2,How An Advertising Slowdown Could Affect Your Streaming Subscriptions,0.34,0.091,0.86,0.049
3,"Canada to Compel YouTube, TikTok and Streamers to Boost Domestic Content",-0.128,0.08,0.798,0.123
4,"Netflix: Another round of job cuts loom amid sagging stock price, user slowdown",0.976,0.1,0.845,0.055
5,"Netflix: Advertising Could Be the Change Required to Boost Sub Growth, Says Analyst",0.994,0.128,0.839,0.033
6,"Netflix Stock Slide Ignores Potential Growth Rebound With Ads, Analyst Says",0.542,0.099,0.901,0.0
7,Needham Lists Four Trends Aced By This Netflix Spin Off,0.977,0.11,0.867,0.023
8,Here's Why Alphabet Stock Is Up Today,0.844,0.101,0.899,0.0
9,"Stock Market Today: Dow in Strong Start to Week as Energy, Growth Rack Up Gains",0.988,0.114,0.855,0.031
10,"S&amp;P 500 in Rally Mode as Energy, Tech Shine",0.973,0.09,0.881,0.029
11,"How Roku Stock Could Benefit From Netflix’s Ad Pivot, According to This Analyst",0.443,0.107,0.854,0.039
12,Is Netflix (NFLX) a Smart Investment Pick?,0.96,0.103,0.83,0.066
13,"What investors in tech stocks should do now, according to a portfolio manager",0.688,0.064,0.889,0.047
14,Netflix stock rallies after Stifel analyst says risk-reward is 'more attractive' at current prices,0.899,0.162,0.838,0.0
15,Liz Cheney Is Paying the Price for Crossing Trump in Her Home State,0.997,0.105,0.846,0.049
