﻿,Titles,Polarity,Positive,Neutral,Negative
0,Amazon Lost the Early Streaming Battle. It Still Wants to Win the War.,0.077,0.134,0.777,0.088
1,Palantir Is a Better Conviction Long Than Short,0.997,0.125,0.811,0.064
2,Pros &amp; Cons Of A Passive Buy And Hold Strategy,0.226,0.101,0.83,0.069
3,"The Zacks Analyst Blog Highlights: Disney, Apple, Netflix and Amazon",0.999,0.155,0.823,0.023
4,"The Zacks Analyst Blog Highlights: Pinterest, Facebook, Netflix, Chewy and Amazon",1.0,0.125,0.857,0.018
5,Tech Stocks Roundup: Amazon is Slowly Taking Over the World,0.202,0.073,0.927,0.0
6,You have to be a professional investor ‘to do well’: Bruce Greenwald,0.0,0.0,1.0,0.0
7,You have to be a professional investor ‘to do well’: Bruce Greenwald,0.948,0.077,0.896,0.027
