﻿,Titles,Polarity,Positive,Neutral,Negative
0,"How 'Dancing with the Stars' could usher in new era for Disney+, streaming wars",-0.683,0.065,0.861,0.074
1,Top Reasons to Buy WBD Stock on Its Debut,0.987,0.089,0.907,0.003
2,"Is rom-com dead? Maybe just 'dormant,' says entertainment analyst — here's how it could rebound",0.999,0.135,0.826,0.039
3,Netflix Price Target Cut By Truist,-0.363,0.07,0.85,0.079
4,3 Top Artificial Intelligence Stocks to Buy Right Now,0.923,0.215,0.785,0.0
5,Warner Bros. Discovery opens at $24.08 a share in public debut as newly-formed company,0.994,0.111,0.858,0.031
6,10 Best Communication Stocks To Buy Now,0.999,0.105,0.889,0.006
