﻿,Titles,Polarity,Positive,Neutral,Negative
0,Why Netflix Was a Star Stock Today,0.296,0.214,0.68,0.107
1,Netflix leadership attempts to rein in spending amid subscriber losses,0.809,0.108,0.805,0.087
2,"Netflix Analyst Gains Conviction On Longer-Term Upside Potential From Ad Revenue, Upgrades Stock",0.994,0.161,0.827,0.013
3,"Disney Stock Up Ahead Of Events To Showcase What's New In Streaming, Theme Parks, Interactive Media",0.0,0.0,1.0,0.0
4,"Netflix Will Offer a Cheaper, Ad-Supported Plan. Wall Street Is Split on the Idea.",-0.382,0.0,0.885,0.115
5,Netflix looks to control cloud computing costs with AWS - WSJ,0.052,0.049,0.907,0.044
6,Netflix stock nabs an upgrade as company plans its advertising tier,0.119,0.098,0.818,0.085
7,‘Worst Kept Secret’ Apple Event Still Gets Attention: Tech Watch,0.852,0.078,0.859,0.063
8,"Netflix Hunts for Cost Cuts, From Cloud Computing to Corporate Swag",0.128,0.094,0.83,0.076
9,Netflix shares upgraded at Macquarie on optimism for new ad-supported tier,0.96,0.06,0.926,0.015
10,"Netflix ad tier could generate up to $8 billion in revenue, analyst explains",0.0,0.0,1.0,0.0
11,BlueDrive Global Investors’ Latest Portfolio: Top 7 Stock Picks,0.999,0.088,0.897,0.015
12,Gulf states warn Netflix of legal action over ‘un-Islamic’ content,-0.557,0.045,0.871,0.085
13,2 Growth Stocks You'll Wish You Bought on the Dip,0.597,0.222,0.601,0.177
14,3 Top Stocks to Watch in September,-0.153,0.116,0.741,0.144
15,News Corp Pays Whopping $3.1B For This Popular Sports Broadcast Rights,0.989,0.162,0.81,0.027
16,Netflix Told by Gulf States to Drop Videos Violating Islam,0.418,0.088,0.835,0.077
