﻿,Titles,Polarity,Positive,Neutral,Negative
0,YouTube Creators Were Paid $30 Billion by Alphabet,0.0,0.0,1.0,0.0
1,See John Cho as Spike in ‘Cowboy Bebop.’ The first images from Netflix’s live-action series have fans losing their minds.,-0.213,0.053,0.887,0.06
2,Netflix Hires PepsiCo Veteran Sergio Ezama as Chief Talent Officer,0.987,0.112,0.881,0.007
3,Netflix stock rallies toward longest win streak in over 4 months,0.944,0.174,0.826,0.0
4,Netflix CMO Bozoma Saint John says we should trust our intuition over data,-0.128,0.079,0.825,0.096
5,Is Netflix Feeling the Heat from its Competitors?,0.996,0.06,0.926,0.014
6,"No, Netflix and Peloton Do Not Have Network Effects",0.527,0.152,0.848,0.0
