﻿,Titles,Polarity,Positive,Neutral,Negative
0,"Twitter, Bed Bath &amp; Beyond, Kroger: Stocks That Defined the Week",-0.778,0.091,0.745,0.164
1,"Netflix (NFLX) Launches Lucky Luna, Expands Gaming Portfolio",0.997,0.14,0.82,0.04
2,Apple (AAPL) Expands TV+ Content With Selena Gomez Documentary,0.998,0.154,0.824,0.022
3,10 Ad-Tech Stocks to Buy as Industry Goes Through Upheaval,0.999,0.085,0.894,0.021
4,UPDATE 2-EU to consult on making Big Tech contribute to telco network costs,0.798,0.049,0.939,0.012
5,Key EU Policymakers Want Netflix to Pay More for Infrastructure,0.941,0.072,0.906,0.022
6,Wall Street Analysts are Recommending These 10 Stocks in September,0.998,0.107,0.877,0.016
7,Why Is Disney (DIS) Down 4.6% Since Last Earnings Report?,0.989,0.072,0.894,0.034
8,Disney+ Day Offers Streaming For $1.99 For One Month; D23 Expo Kicks Off Friday,0.0,0.0,1.0,0.0
9,Will Netflix's Ad Tier Make the Stock Plunge Further?,-0.318,0.0,0.971,0.029
10,Is It Time to Buy the S&amp;P 500's 4 Worst-Performing Stocks?,-0.625,0.0,0.911,0.089
