﻿,Titles,Polarity,Positive,Neutral,Negative
0,Netflix (NFLX) Dips More Than Broader Markets: What You Should Know,0.975,0.084,0.88,0.035
1,Netflix’s Plan to Fix Its Subscription Crisis Starts in Asia,0.997,0.1,0.864,0.036
2,Movie studios look to cut production amid supply chain woes,0.178,0.076,0.867,0.057
3,Is Netflix Now a Value Stock?,0.339,0.108,0.833,0.059
4,"Roe overturned, Theranos trial, EPA rights: 3 legal stories to watch",-0.791,0.119,0.764,0.117
5,How much is Kate Bush making from “Running Up That Hill”?,0.0,0.0,1.0,0.0
6,"Apple May Have 40 Million Subscribers for Streaming TV Service, Analyst Says",0.0,0.0,1.0,0.0
7,"Midterm elections, employer abortion benefits: What to watch in D.C. this week",0.0,0.0,1.0,0.0
8,Formula 1 Could Secure Lucrative Media Rights Deal. Investors May Be Wanting More.,0.958,0.227,0.773,0.0
9,Which Stock Is a Better Buy: Netflix or DocuSign?,0.52,0.074,0.904,0.022
10,3 Beaten-Down Growth Stocks to Buy During the Tech Sell-Off,-0.25,0.0,0.944,0.056
11,Companies announce abortion benefits as trigger bans take effect in some states,0.494,0.132,0.868,0.0
12,Jim Cramer Recommends These 10 Stocks for Recession,0.989,0.088,0.858,0.054
13,Meta Plunge Lures Value Buyers as Growth Funds Flee,0.998,0.127,0.843,0.03
14,7 Warren Buffett Stocks to Buy for a Bear Market,0.999,0.134,0.805,0.061
15,Netflix Is Down 70%. Is It Time to Buy?,0.103,0.125,0.756,0.119
16,Is Warner Bros. Discovery Stock Worth $40? At Least One Analyst Thinks So,0.997,0.116,0.843,0.041
17,Crypto and meme corporate bonds may follow their own path,-0.898,0.047,0.814,0.139
