﻿,Titles,Polarity,Positive,Neutral,Negative
0,It’s got Leo and Meryl and the return of Jennifer Lawrence: ‘Don’t Look Up’ is the darkly comedic climate-change film that doesn’t mention climate change,-0.115,0.084,0.811,0.105
1,"Here is What Hedge Funds Think About The Home Depot, Inc. (HD)",0.999,0.128,0.855,0.017
2,Should Investors Be Worried About Amazon After Its Lackluster Q3 Report?,-0.422,0.115,0.759,0.127
3,6 Best Oil and Gas Stocks to Buy According to Billionaire Carl Icahn,0.999,0.132,0.852,0.016
4,Should the U.S. Government Impose More Stringent Regulations on Crypto Trading?,0.0,0.0,1.0,0.0
5,Marc Lore’s Latest Startup Has 60 Chefs and Half a Billion Dollars,0.996,0.07,0.913,0.017
6,1 Forever Stock With Tons of Upside Potential,0.0,0.047,0.906,0.047
7,Roku Stock: Buy the Dip in Best Streaming Stock in the Market,0.999,0.165,0.801,0.034
8,Here is What Hedge Funds Think About The Procter &amp; Gamble Company (PG),0.992,0.073,0.908,0.019
9,Is ASML Holding N.V. (ASML) A Good Stock To Buy?,0.999,0.123,0.86,0.017
