﻿,Titles,Polarity,Positive,Neutral,Negative
0,Netflix (NFLX) Gains As Market Dips: What You Should Know,0.987,0.087,0.893,0.02
1,Netflix Stock Composite Rating Jumps To 96,0.0,0.0,1.0,0.0
2,Netflix Hits Record as ‘Squid Game’ Extends Content-Fueled Rally,0.962,0.116,0.824,0.06
3,"Dow Jones Off Lows As Senate Passes Bill; Netflix, Paychex Soar But This Stock Crashes",-0.141,0.0,0.887,0.113
4,"Netflix buys indie studio Night School, prepares for video game streaming war",0.996,0.126,0.865,0.009
5,"Netflix Stock Surges After Fan Event, 'Squid Game' Success",0.7,0.213,0.745,0.043
6,Netflix Stock Sees IBD Relative Strength Rating Rise To 73,0.718,0.353,0.647,0.0
7,Netflix Stock Hits an All-Time High. Here’s What All the Excitement Is About.,0.511,0.237,0.681,0.082
8,Shares of Netflix Inc. Exceed 52-Week High,0.988,0.119,0.871,0.01
9,Why These 10 Stocks Are on the Move on Thursday,0.967,0.047,0.939,0.014
10,"Personal Income, Personal Spending, Sentiment: 3 Things to Watch",0.367,0.067,0.87,0.063
11,Squid Game: Stocks on Sale Edition,-0.103,0.083,0.801,0.117
12,Wells Fargo Analyst Reduces Disney (DIS) Price Target,0.402,0.185,0.749,0.066
13,5 Things to Know About Netflix Stock,0.637,0.077,0.923,0.0
14,Netflix Picks Up Night School Studio With an Obvious First Project in Mind,0.0,0.0,1.0,0.0
15,Netflix Teams With U.N. Climate Conference for Eco-Oriented Collection of Titles,0.989,0.116,0.855,0.029
16,"Wall St opens higher, but set for steep monthly losses",0.785,0.1,0.9,0.0
17,Death of the satellite dish is nigh as Sky eyes an online future,0.999,0.146,0.825,0.029
18,"Lethal kids games drive viral fame of Netflix series ""Squid Games""",0.991,0.125,0.837,0.038
19,Netflix Hit ‘Squid Game’ Spurs Search for Next Korean Stock Star,0.992,0.129,0.828,0.043
