﻿,Titles,Polarity,Positive,Neutral,Negative
0,Here are the Bay Area cities where software engineers get the biggest bucks,-0.128,0.042,0.906,0.052
1,"Netflix Could Still Be a Good Investment, Despite Lackluster Numbers",0.238,0.105,0.801,0.094
2,Netflix Goes Deeper Into Games With 'Black Mirror' Creator,0.402,0.286,0.581,0.133
3,Are tech stocks now a screaming buy?,0.904,0.068,0.893,0.039
4,Discovery Posts Earnings Miss. It Added 2 Million Subscribers Last Quarter.,0.0,0.0,1.0,0.0
5,"Discovery CEO Tells Wall Street Goal Of WarnerMedia Merger ‘Is To Compete, Not Win Spending War’",0.996,0.131,0.841,0.027
6,fuboTV Provides New Guidance for Q1 2022 Revenue and Affirms 2022 Guidance,0.996,0.095,0.89,0.016
7,Antique props from hit royal drama 'The Crown' stolen in UK robbery,-0.837,0.061,0.859,0.081
8,The Excitement Is Over for GameStop Stock,0.984,0.081,0.887,0.032
9,Why Streaming Services Are Gaining Subscribers But Struggling to Keep Them,0.459,0.136,0.807,0.057
10,Ukraine-Russia crisis won't stop Fed from jacking up interest rates: Goldman Sachs,-0.596,0.057,0.873,0.069
11,Discovery Tumbles Amid Q4 Earnings Miss as Costs Weigh,0.919,0.083,0.9,0.018
12,Is Netflix (NFLX) A Smart Long-Term Buy?,0.967,0.071,0.923,0.006
