﻿,Titles,Polarity,Positive,Neutral,Negative
0,Netflix (NFLX) Outpaces Stock Market Gains: What You Should Know,0.993,0.105,0.883,0.013
1,'Amazon punishes competitors wherever it can:' NYU professor,0.983,0.112,0.836,0.053
2,Amazon-MGM Slammed by Tech Foes on Likely Path to Approval,0.994,0.122,0.819,0.059
3,Amazon-MGM Slammed by Tech Foes on Likely Path to Approval,0.994,0.122,0.819,0.059
4,Hasbro (HAS) Bets on E-commerce Amid Soft Entertainment Sales,0.998,0.155,0.79,0.055
5,Hasbro (HAS) Bets on E-commerce Amid Soft Entertainment Sales,0.998,0.155,0.79,0.055
6,"Sugaberry founders: Hollywood 'getting busy' again after COVID, with new focus on diversity",0.997,0.133,0.817,0.049
7,Why Amazon's MGM Deal Is Bad for Netflix,0.823,0.076,0.924,0.0
8,Netflix (NFLX) Rides on International Content Growth in 2021,0.999,0.184,0.781,0.035
9,"Stock Market News for May 27, 2021",0.998,0.176,0.789,0.036
10,Amazon's MGM Acquisition Makes Perfect Sense,0.671,0.208,0.792,0.0
11,"Zacks Market Edge Highlights: Netflix, Micron, Alibaba, Fiverr International and JinkoSolar",0.999,0.129,0.838,0.033
12,"Zacks Market Edge Highlights: Netflix, Micron, Alibaba, Fiverr International and JinkoSolar",0.999,0.129,0.838,0.033
13,"Investing $5,000 in These 2 Stocks Could Make You a Fortune",0.856,0.116,0.884,0.0
14,"Investing $5,000 in These 2 Stocks Could Make You a Fortune",0.856,0.116,0.884,0.0
15,3 Stocks to Watch as Streaming Services Grow in Popularity,0.999,0.178,0.804,0.018
