﻿,Titles,Polarity,Positive,Neutral,Negative
0,My Top 5 Surprises This Week,0.998,0.111,0.838,0.05
1,"Van Hulzen Asset Management, LLC Buys Vertex Pharmaceuticals Inc, Microsoft Corp, AbbVie Inc, ...",0.999,0.091,0.904,0.005
2,"January jobs report 'was full of surprises,' Opimas CEO explains",0.637,0.161,0.839,0.0
3,How Broadway is managing after Omicron surge in NYC,-0.572,0.063,0.79,0.147
4,It’s Time to Binge-Buy Netflix,0.996,0.095,0.876,0.029
5,7 Earnings Reports to Watch the Week of February 7,0.999,0.086,0.883,0.031
6,"Amazon's ‘cloud business is still holding up' against Microsoft, Google competition: Analyst",0.999,0.14,0.813,0.047
7,Give Shopify Stock Enough Time and It Can Do As Well As Amazon,0.99,0.111,0.822,0.067
8,Prime and Netflix’s price rises show an unwelcome change in the cost of living,0.0,0.0,1.0,0.0
9,Amazon Prime isn’t the only pandemic essential getting more expensive,0.0,0.0,1.0,0.0
10,Forget the FANGS: investors should follow the A-Team instead,0.987,0.08,0.871,0.049
11,Netflix Looks Like a Good Opportunity Given Its Pricing Power,0.998,0.122,0.852,0.025
12,"Markets undergoing ‘massive change in rate expectations,’ strategist says",0.0,0.0,1.0,0.0
13,"Amazon stock soars, Meta falls, Snap skyrockets, Pinterest rises amid flurry of tech earnings",0.178,0.078,0.922,0.0
14,"Gainplan LLC Buys iShares Russell 1000 Growth ETF, PowerShares QQQ Trust Ser 1, Lightspeed ...",0.997,0.072,0.925,0.004
15,"Sumitomo Life Insurance Co Buys iShares MSCI All Country Asia ex Japan Index Fund, Invesco ...",0.996,0.051,0.944,0.005
16,"Amazon CEO is the ‘outside insider’ that can push the company to new heights, professor says",0.998,0.122,0.825,0.052
17,Why iQiyi Stock Jumped 13% This Week,0.402,0.124,0.803,0.073
18,Meta’s projections for Facebook advertising point to trouble for the U.S. economy,0.179,0.116,0.884,0.0
19,"3 No-Brainer Stocks to Buy With $1,000 Right Now",0.942,0.234,0.737,0.028
20,Is It Time to Buy the S&amp;P 500's 3 Worst-Performing January Stocks?,0.552,0.158,0.842,0.0
21,Why Concerns Over Disney's Streaming Growth Are Overblown,0.435,0.182,0.753,0.065
22,Is It Time to Buy the S&amp;P 500's 4 Worst-Performing Stocks?,-0.66,0.063,0.816,0.12
23,There’s Simply No Good Reason to Buy AMC Stock,0.991,0.11,0.833,0.058
24,3 Cheap Stocks to Buy Now Before They Take Back Off,-0.986,0.067,0.843,0.09
25,"If I Could Only Buy 1 Stock, This Would Be It",0.0,0.0,1.0,0.0
26,Did The Smart Money Play ASML Holding N.V. (ASML) Correctly?,0.996,0.095,0.881,0.024
