﻿,Titles,Polarity,Positive,Neutral,Negative
0,"Walmart, Spirit Airlines, Netflix: Stocks That Defined the Week",0.0,0.0,1.0,0.0
1,Why I'm Not Worried About the Stock Market Crash,0.494,0.19,0.745,0.065
2,3 Stocks to Buy the Dip Now,0.999,0.128,0.82,0.052
3,Disney May Bring Back Beloved Netflix Show,0.911,0.221,0.726,0.052
4,Which FAANG Stock Is Poised to Deliver Better Returns?,0.999,0.123,0.841,0.036
5,More Evidence Emerges of Netflix's Slowing Growth,0.5,0.23,0.619,0.15
6,The 3 Ways to Win During a Recession,0.998,0.117,0.833,0.049
7,Should I Buy Stocks Now? (May 2022),0.0,0.092,0.815,0.092
8,Netflix (NFLX) Rolls Out Kids-Focused Mystery Box Feature,0.998,0.132,0.862,0.006
9,10 Best Buy-the-Dip Tech Stocks According to Billionaire Ken Fisher,1.0,0.168,0.804,0.028
10,Netflix to pay $59 million to settle Italian tax dispute,0.751,0.057,0.913,0.029
11,These 3 Stocks Have Underperformed the Market This Year. Is Now the Time to Buy?,0.859,0.114,0.886,0.0
12,AMC Stock: Why it’s Time to Bail Right Now,0.413,0.079,0.848,0.073
13,Is Netflix's Growth Really Over?,0.818,0.192,0.808,0.0
14,7 Undervalued Growth Stocks to Buy Now,0.998,0.109,0.845,0.046
15,Hit reality TV shows display African glitz and glamour,0.962,0.067,0.906,0.027
