﻿,Titles,Polarity,Positive,Neutral,Negative
0,Netflix Hit Turns Fortunes for Korean Stock With 82% July Surge,0.984,0.125,0.821,0.054
1,Netflix Sees Return to Growth After Million-Customer Loss,0.896,0.065,0.883,0.052
2,Netflix sheds 1 million users in Q2 — why one analyst says that's still 'good' news,0.984,0.092,0.852,0.056
3,NASCAR adding Chicago street race as it competes with Formula 1 for fans,0.273,0.104,0.896,0.0
4,Dow Jones Futures: Stock Market Rally Breaks Key Resistance; Netflix Jumps On Subscriber Data,-0.771,0.053,0.653,0.295
5,Markets Up 3 of Last 4 Days; Netflix Mixed but Higher,0.995,0.128,0.84,0.032
6,Cathie Wood's ARK Invest will liquidate its transparency-themed ETF,0.777,0.047,0.925,0.027
7,Netflix Lost Fewer Subscribers Than Expected in the Latest Quarter. The Stock Is Higher.,0.66,0.197,0.803,0.0
8,"Netflix Stock Surges On Q2 Earning Beat, Subscriber Growth Forecast; Plans Low-Cost Ad Supported Service",0.765,0.213,0.787,0.0
9,Netflix (NFLX) Q2 Earnings Surpass Estimates,0.994,0.088,0.897,0.014
10,Netflix Earnings: What Happened with NFLX,0.273,0.1,0.9,0.0
11,"Netflix earnings show ‘the game has changed’ for the streaming giant, analyst says",0.999,0.112,0.859,0.028
12,Stock Market Rallies On Earnings Lift; FAANG Stocks Lead The Way,0.153,0.086,0.914,0.0
13,"Video Streamer Netflix Loses 'Just' 1 Million Subscribers, Stock Jumps",0.0,0.0,1.0,0.0
14,"A Strong Close, Driven by Fear of Missing Out",0.535,0.203,0.724,0.074
15,"Stock Market Today: Dow Spikes 754 Points Despite IBM, J&amp;J Earnings Slumps",0.997,0.119,0.838,0.043
16,"Any U.S. recession ‘will be a tropical storm,’ strategist says",0.077,0.108,0.79,0.102
17,One million viewers abandon Netflix,0.34,0.077,0.854,0.068
18,Netflix Sees Return to Growth After Million-Customer Loss,0.881,0.07,0.877,0.053
19,Dow Jones Rallies; Twitter Stock Gains Amid This Elon Musk Loss; Netflix Charges Ahead Of Earnings,-0.382,0.064,0.763,0.174
20,"Dow Jones Surges; Twitter Stock Pops After This Elon Musk Setback; Netflix Earnings Beat, Subscribers Surprise",-0.612,0.0,0.783,0.217
21,"Dow Futures Rise Amid Robust Earnings, Netflix Pops 7.4%",0.986,0.107,0.877,0.017
22,Netflix's next chapter will feature this card game company,0.996,0.095,0.872,0.034
23,"Netflix stock options are priced for a more than $27 one-day post-earnings move, ORATS says",-0.026,0.03,0.939,0.031
24,Stock Market Bounces Back To Monday's Highs; Netflix Report On Tap,0.0,0.0,1.0,0.0
25,Stock Market Nears Three-Week Highs; Netflix Report On Tap,0.0,0.0,1.0,0.0
26,Stock Market Today: Dow Rallies as Corporate Earnings Roll in,-0.599,0.06,0.868,0.071
27,What to Watch with the FAANG Stock Earnings Charts,0.992,0.139,0.802,0.059
28,"Netflix Locked Out Advertisers for Years, but Now Brands Have Big Plans",0.226,0.091,0.862,0.048
29,Netflix (NFLX) Announces Payment Plan to Limit Password Sharing,0.996,0.151,0.816,0.032
30,Strong U.S. dollar could weigh on tech earnings,0.0,0.0,1.0,0.0
31,"Stocks: Netflix to report earnings, Cinemark upgraded by Morgan Stanley",0.273,0.116,0.884,0.0
32,"Disney offers something that streaming competitors ‘are not offering,’ analyst explains",0.985,0.075,0.91,0.015
33,What a Netflix crackdown on password sharing could look like,0.796,0.224,0.776,0.0
34,Is Netflix the Worst Value in Streaming?,0.858,0.189,0.751,0.06
35,Indexes Open Higher; Netflix Earnings On Deck After These Stocks Reported Early,0.0,0.0,1.0,0.0
36,Why a Recession Could Be Good for Netflix,0.749,0.111,0.838,0.052
37,Netflix Is Trying a New Anti-Password-Sharing Idea in Latin America,-0.226,0.125,0.679,0.196
38,Dow Jones Rallies But IBM Dives On Earnings; Netflix Earnings Due,0.0,0.0,1.0,0.0
39,Netflix Q2 Earnings Preview: Ad Service In Focus Amid Likely Subscriber Exodus,-0.166,0.0,0.942,0.058
40,Dow Jones Futures Climb But IBM Dives On Earnings; Netflix Earnings Due,0.0,0.0,1.0,0.0
41,Stock market news live updates: Stock futures rise as investors await more earnings,0.5,0.044,0.922,0.034
42,Netflix Is Serious About Cracking Down on Password Sharing. It’s Trying Out a New Test.,0.0,0.0,1.0,0.0
43,"IBM, Apple, JNJ, and More of Tuesday’s Stock Market Movers",0.44,0.092,0.83,0.078
44,Disney's Turning Its Attention to Streaming Profits,0.477,0.061,0.939,0.0
45,"Stocks Higher, IBM, Disney, Twitter and Netflix In Focus - Five Things To Know",-0.511,0.032,0.867,0.101
46,"Google, Meta Bow to Sweeping Taxes, Content Curbs in Indonesia",-0.969,0.061,0.832,0.108
47,Netflix Turns to Ads to Free Itself From ‘Value Trap’,0.98,0.109,0.813,0.078
48,Advertisers Were Locked Out of Netflix for Years. Now They Have Big Plans.,0.25,0.171,0.743,0.086
49,IBEX and Sony have been highlighted as Zacks Bull and Bear of the Day,0.999,0.125,0.844,0.03
