﻿,Titles,Polarity,Positive,Neutral,Negative
0,Comcast's Peacock Is Spreading Its Tail Feathers,0.997,0.118,0.854,0.028
1,Broadway's Diana musical to be shown first on Netflix,-0.681,0.041,0.92,0.039
2,Netflix's carbon emissions are equal to 2.7bn miles on the road,0.98,0.077,0.898,0.024
3,Netflix Commits to Net Zero By End of 2022,0.743,0.097,0.886,0.017
4,"Netflix says it can hit net zero emissions by 2022, promotes calculator to measure streaming footprints",0.128,0.063,0.937,0.0
5,"RH, Thryv Holdings, Netflix, Disney and AT&amp;T highlighted as Zacks Bull and Bear of the Day",0.999,0.094,0.884,0.022
6,Netflix Targets Carbon-Neutral Footprint by End of 2022,0.996,0.095,0.895,0.01
7,3 Recession-Proof Stocks to Buy Now,0.077,0.075,0.925,0.0
8,3 Recession-Proof Stocks to Buy Now,0.077,0.075,0.925,0.0
9,"Is Now The Time To Buy Stock In Nokia, Nio, Amazon, Peloton, Netflix Or Apple?",0.906,0.065,0.906,0.029
10,Is Netflix Stock a Buy Ahead of Earnings?,0.296,0.091,0.909,0.0
11,"Yield Rise Lifts Dollar,  Lululemon, ARK Space ETF - What's up in Markets",-0.747,0.036,0.919,0.045
12,Netflix plans to clean up film sets to cut carbon footprint,-0.625,0.017,0.923,0.059
