﻿,Titles,Polarity,Positive,Neutral,Negative
0,Amazon inks deal to acquire MGM Studios for $8.45B,0.0,0.0,1.0,0.0
1,What the Amazon-MGM Deal Means for Prime Video Subscribers,0.649,0.16,0.84,0.0
2,Is Your Favorite Stock a Zacks Strong Sell?,0.998,0.135,0.832,0.032
3,Is Your Favorite Stock a Zacks Strong Sell?,0.998,0.135,0.832,0.032
4,Winning With SPACs Is a Long Shot,0.991,0.091,0.888,0.021
5,Amazon to buy MGM Studios for $8.45 billion,0.735,0.199,0.801,0.0
6,Amazon Is Buying MGM. Why It Won’t Change Much in the Streaming Wars.,-0.103,0.0,0.94,0.06
7,Amazon to Buy MGM. Why It Won’t Change Much in the Streaming Wars.,-0.103,0.0,0.94,0.06
8,Why Amazon Is Buying MGM. And Why It Won’t Change Much in the Streaming Wars.,-0.103,0.0,0.938,0.063
9,Amazon Agrees to Buy MGM Film Studio for $8.45 Billion,0.998,0.12,0.83,0.051
10,UPDATE 2-Amazon snaps up James Bond owner MGM for $8.45 bln as streaming war heats up,0.996,0.119,0.875,0.006
11,Amazon snaps up James Bond owner MGM for $8.45 billion as streaming war heats up,0.996,0.12,0.874,0.006
12,Amazon Buys MGM Studios for $8.45 Billion; Jim Cramer Says 'Sports Are Next',0.178,0.069,0.931,0.0
13,WhatsApp Sues India Government Over New Internet Rules,0.41,0.064,0.882,0.054
