﻿,Titles,Polarity,Positive,Neutral,Negative
0,Netflix (NFLX) Gains But Lags Market: What You Should Know,0.992,0.107,0.88,0.013
1,Is Netflix Wavering in Its Quest for the Next 100 Million Subscribers in India?,-0.743,0.048,0.714,0.238
2,People Are Finally Paying Attention to Amazon Prime Video,0.906,0.227,0.773,0.0
3,Beware of the inflation shock,0.0,0.0,1.0,0.0
4,ViacomCBS Just Reported Strong Earnings. Here Are the Numbers to Know.,0.511,0.171,0.829,0.0
5,Should you buy Netflix stock? The company will keep losing market share,0.827,0.2,0.722,0.079
6,3 Things I've Done Right as an Investor,0.631,0.187,0.813,0.0
