﻿,Titles,Polarity,Positive,Neutral,Negative
0,Here's how Microsoft may spend $130 billion in cash,0.992,0.131,0.858,0.011
1,Google stock: One impressive earnings stat explains red-hot price,0.968,0.083,0.914,0.004
2,FOXA vs. NFLX: Which Stock Is the Better Value Option?,0.996,0.183,0.814,0.003
3,‘Squid Game’ Creator Hits Back at LeBron James’ Criticism of Show Ending With ‘Space Jam 2’ Dis,0.995,0.129,0.827,0.044
4,"Facebook, Netflix protests show tech workers aren't afraid to take complaints public",0.427,0.067,0.872,0.061
5,"Olin, DMC Global, Apple, Netflix and Amazon highlighted as Zacks Bull and Bear of the Day",1.0,0.141,0.841,0.018
