﻿,Titles,Polarity,Positive,Neutral,Negative
0,Former CNN President Expects Consolidation in Streaming,0.296,0.055,0.945,0.0
1,Why Biohaven Pharma’s Prospects Look Healthy,0.691,0.16,0.84,0.0
2,There’s No Good Way to Actually Judge Airbnb’s Value,0.993,0.111,0.841,0.048
3,AT&amp;T Churn Rate For Net Premium Video Subscribers Falls In Q2,0.273,0.067,0.877,0.056
4,Is complaining about your colleagues a fireable offense? Netflix says yes,-0.557,0.0,0.795,0.205
5,Genius Brands International Looks Enticing After Sharp Correction,0.997,0.107,0.846,0.047
6,Netflix (NFLX) Earnings: Will Subscriber Adds Stall Again?,0.998,0.11,0.861,0.029
7,This Is How Netflix and Facebook Plan to Grab More Users,0.0,0.0,1.0,0.0
8,"Vaccine Stocks Climb After Moderna Added To S&amp;P 500, With BioNTech Also Up",0.998,0.102,0.836,0.062
9,Netflix (NFLX) Set to Report Q2 Earnings: What to Expect?,0.997,0.124,0.853,0.024
10,Should You Buy Netflix (NFLX) Ahead of Earnings?,0.997,0.192,0.808,0.0
11,Can ‘The Witcher’ and other hot series lead Netflix to a second-half surge?,0.877,0.209,0.791,0.0
12,"The Zacks Analyst Blog Highlights: Netflix, Medtronic, AstraZeneca, 3M and Booking Holdings",0.998,0.14,0.816,0.045
13,"Netflix: Content Pipeline Bodes Well for 2H21, Says Analyst",0.989,0.1,0.887,0.013
