﻿,Titles,Polarity,Positive,Neutral,Negative
0,Here's Where Investors Took Cover in Miserable Week for Tech Stocks,0.992,0.133,0.796,0.071
1,Alphabet Stock is Your Best Option Among the FAANGs,0.997,0.123,0.833,0.044
2,Kate Bush tops UK charts with 1985 hit thanks to 'Stranger Things',0.995,0.165,0.791,0.044
3,"ROKU Inks Deal With Walmart, Fuses E-commerce With TV Ads",0.998,0.153,0.827,0.02
4,Tech stocks ‘could drop another 15% to 20% at least’: Strategist,0.402,0.181,0.701,0.118
5,Is Netflix Stock a Buy Now?,0.422,0.307,0.492,0.201
6,"Nations Pull WTO Back From the Brink With Vaccine, Fishery Deals",-0.934,0.083,0.821,0.096
