﻿,Titles,Polarity,Positive,Neutral,Negative
0,3 Moonshot Stocks For 2022,0.998,0.082,0.891,0.026
1,"Russian Troops Building at Ukraine Border, Potential Fed Rate Hike, Rattle Markets",-0.743,0.0,0.673,0.327
2,Is Roku Stock A Buy Before Streaming Platform's Earnings Report?,0.0,0.0,1.0,0.0
3,"Munger on U.S. tech giants: ‘I want big, strong American companies’",0.0,0.0,1.0,0.0
4,Paramount CFO on name change: 'An opportunity to combine out trade name with our consumer brand',0.25,0.077,0.923,0.0
5,Is Alphabet the Best FAANG Stock for 2022?,0.71,0.33,0.67,0.0
6,"Airbnb, Kraft, Macy's Rise Premarket; ViacomCBS, Roblox Slump",-0.178,0.054,0.89,0.056
7,U.S. Futures Edge Lower; Ukraine Uncertainty Weighs Ahead of Fed Minutes,0.0,0.077,0.855,0.068
8,"ViacomCBS Slips on Earnings, Bet on Cash-Guzzling Streaming Business",0.981,0.104,0.885,0.01
