﻿,Titles,Polarity,Positive,Neutral,Negative
0,The war against the virus is now a 'war against ourselves:' Doctor,-0.975,0.032,0.897,0.071
1,Did DIS's Open Theme Parks Bring The Magic Back To Earnings?,0.999,0.103,0.856,0.042
2,"Google, United Airlines tell employees to get vaccinated before returning to work",0.0,0.0,1.0,0.0
3,Disney Could Spend $15 Billion on Content Annually: Can Netflix Compete?,0.769,0.13,0.838,0.032
4,3 Psychological Mistakes That Hurt Investors,-0.683,0.04,0.812,0.148
5,Nvidia Stock: Cathie Wood Lowers Stake in the Chipmaker and Also Trims Netflix,-0.527,0.0,0.845,0.155
