﻿,Titles,Polarity,Positive,Neutral,Negative
0,Investors shouldn't 'bottom fish' based on stock declines': Strategist,-0.533,0.048,0.896,0.056
1,Frances Haugen takes us inside Meta HQ,0.997,0.175,0.797,0.028
2,JPMorgan Sees 57% Upside In Netflix - Read Why,0.825,0.067,0.913,0.021
3,Frances Haugen explains why Apple is more responsible than Meta,0.0,0.0,1.0,0.0
4,The Best Bargains in Megacap Tech Now,0.402,0.119,0.881,0.0
5,"Move over, Netflix. Move over, everything. Hundreds of thousands of people are watching planes land at Heathrow amid extraordinary high winds.",0.0,0.0,1.0,0.0
6,Is Netflix Running Out of Room to Grow?,0.515,0.119,0.804,0.078
7,Everyone's Increasing Streaming Content Spend,0.542,0.054,0.946,0.0
8,Netflix Gains as JPMorgan Says Net Adds Could Exceed Guidance,0.958,0.126,0.822,0.052
