﻿,Titles,Polarity,Positive,Neutral,Negative
0,Dow Jones Futures Rally As Stock Market Sell-Off Worsens; These 5 Tech Giants Tumble,-0.44,0.0,0.854,0.146
1,What a Potential Union Strike by Hollywood Production Workers Would Means for Studios and Streaming Stocks,0.026,0.148,0.707,0.145
2,"Streaming Stocks, Hollywood Studios Seen Avoiding Potential Union Strike",0.026,0.148,0.707,0.145
3,"Dow Jones Futures: Stock Market Sell-Off Worsens, As These 5 Tech Giants Tumble",-0.44,0.0,0.861,0.139
4,A stock-market correction is brewing in the Nasdaq as Facebook leads tech shares south. Here are the levels to watch for other benchmarks,0.0,0.109,0.81,0.081
5,"Top Analyst Reports for Johnson &amp; Johnson, Alibaba &amp; Netflix",0.997,0.144,0.82,0.036
6,Hedge Funds Keep Buying ASML Holding N.V. (ASML),0.997,0.082,0.908,0.009
7,Returns At Netflix (NASDAQ:NFLX) Are On The Way Up,0.992,0.095,0.883,0.022
8,"Wells Fargo slashes price target on Disney, cites subscriber growth concerns",0.739,0.175,0.825,0.0
9,Netflix's (NFLX) Festival Japan 2021 to Boost User Growth,0.998,0.113,0.884,0.003
10,Netflix Brings ‘Play Something’ Randomized Shuffle Feature to Mobile,0.989,0.128,0.867,0.005
11,2 Stocks Benefiting From Squid Game's Success,0.941,0.255,0.745,0.0
12,"Dow Jones Rises, Tech Stocks Sell Off As Tesla Jumps On Strong Deliveries",0.25,0.081,0.862,0.057
13,A Look into Share CFDs and the Top 5 to Watch... Come Rise or Fall,0.999,0.125,0.847,0.029
14,Dow Jones Futures Fall 100 Points; Tesla Jumps On Strong Deliveries,0.511,0.142,0.858,0.0
15,Dow Jones Futures Fall With Market Rally Attempt Underway; Tesla Rises On Deliveries,0.0,0.0,1.0,0.0
16,From 'Animal Crossing' to Netflix: Unilever and P&amp;G search for young consumers in a pandemic,0.994,0.099,0.884,0.016
17,From 'Animal Crossing' to Netflix: Unilever and P&amp;G search for young consumers in a pandemic,0.994,0.099,0.885,0.016
