﻿,Titles,Polarity,Positive,Neutral,Negative
0,Streaming Beat Cable for the First Time as War for Viewers Intensifies,-0.201,0.0,0.935,0.065
1,"Streaming viewership outpaced broadcast, cable for first time ever in July",-0.128,0.0,0.96,0.04
2,Amazon is 'the dark horse' in streaming as tech giants ‘have nothing to lose': Analyst,0.978,0.1,0.864,0.036
3,Netflix (NFLX) Up 11.4% Since Last Earnings Report: Can It Continue?,0.993,0.1,0.846,0.054
4,Should You Really Buy Netflix Stock? Here's Why I'm Staying Away,0.861,0.198,0.762,0.04
5,Why Is Everyone Talking About Disney Stock?,0.477,0.063,0.937,0.0
6,"3 Stocks That Turned $10,000 Into $100,000 (or More)",0.296,0.081,0.919,0.0
7,Americans Spent More Time Streaming Than Watching Cable TV in July—a First,0.361,0.091,0.909,0.0
8,Can Netflix Recapture Its Audience?,-0.557,0.0,0.825,0.175
9,Could New Paramount Partnership Be a Game Changer for Walmart?,0.948,0.198,0.802,0.0
10,Is Now the Right Time to Buy Netflix Stock?,-0.422,0.032,0.889,0.079
11,"If I Could Only Buy 1 Stock, This Would Be It",0.077,0.088,0.837,0.075
12,"Have $2,500? These 2 Stocks Could Be Bargain Buys for 2022 and Beyond.",0.649,0.093,0.881,0.026
13,7 Speculative Stocks to Buy If You Believe the Rumors,0.997,0.102,0.854,0.044
14,Amazon Seeks Top Film Executive Amid Expansion of Entertainment Arm,0.34,0.156,0.781,0.063
