﻿,Titles,Polarity,Positive,Neutral,Negative
0,UPDATE 1-Netflix must face ex-prosecutor's defamation lawsuit over Central Park Five Series,-0.992,0.041,0.815,0.144
1,CORRECTED-Netflix must face ex-prosecutor's defamation lawsuit over Central Park Five case,-0.969,0.022,0.867,0.111
2,Activist Investor Urges 'All You-Can-Eat' Disney Streaming,0.0,0.0,1.0,0.0
3,Want to be on ‘Nailed It!’ or ‘Queer Eye’? Netflix is hosting the largest reality TV casting call ever,0.898,0.199,0.801,0.0
4,Time to Take Profits in Netflix (NFLX)?,0.998,0.122,0.854,0.024
5,Walt Disney (DIS) to Report Q3 Earnings: What's in the Cards?,0.996,0.106,0.891,0.003
6,Were Hedge Funds Right About Exxon Mobil Corporation (XOM)?,0.997,0.096,0.882,0.022
7,Were Hedge Funds Right About Piling Into Verizon Communications Inc. (VZ)?,0.996,0.085,0.898,0.017
8,"Were Hedge Funds Right About The Home Depot, Inc. (HD)?",0.999,0.133,0.838,0.029
9,Were Hedge Funds Right About Comcast Corporation (CMCSA)?,0.999,0.119,0.864,0.016
10,Were Hedge Funds Right About Intel Corporation (INTC)?,0.999,0.112,0.87,0.018
11,"Were Hedge Funds Right About Netflix, Inc. (NFLX)?",0.999,0.118,0.863,0.019
12,Were Hedge Funds Right About Paypal Holdings Inc (PYPL)?,0.998,0.1,0.889,0.012
