﻿,Titles,Polarity,Positive,Neutral,Negative
0,'Spider-Man' notches more than $1B in global ticket sales as 'Matrix Resurrections' disappoints,0.402,0.078,0.922,0.0
1,Stock market outlook: Sectors to watch going into 2022,-0.178,0.0,0.941,0.059
2,The Smartest Investors Love This No-Brainer Strategy,0.823,0.257,0.743,0.0
3,4 Celebrities Who Bought SHIB in 2021 and 1 Who Surprisingly Didn’t,0.994,0.095,0.9,0.005
4,Here’s what’s worth streaming in January 2022 (and why you can skip Netflix for once),0.0,0.0,1.0,0.0
5,2 Stocks to Buy When the Next Market Crash Comes,-0.649,0.023,0.866,0.111
6,Here’s Why You Should Consider Investing in Netflix (NFLX),0.971,0.057,0.936,0.006
7,Is Netflix (NFLX) A Great Buy?,0.962,0.1,0.866,0.034
