﻿,Titles,Polarity,Positive,Neutral,Negative
0,How to Trade Earnings Volatility with Iron Condors (Featuring Skechers),0.422,0.085,0.915,0.0
1,NFL+ streaming service launches for $4.99 per month,0.0,0.0,1.0,0.0
2,"Jordan Peele’s ‘Nope’ secures no. 1 box office spot, Marvel announces new content at Comic-Con",0.153,0.07,0.875,0.055
3,Employment in tech is ‘like a boomerang’ in 2022 compared to last year: Economist,0.0,0.0,1.0,0.0
4,Disney stock has seen the 'wheels come off' — but things may change soon: Analyst,0.674,0.044,0.924,0.032
5,Tech stock earnings 'seem to be getting worse': Analyst,0.933,0.078,0.866,0.055
6,Recession concerns are 'a boom turning into a bust': Strategist,-0.681,0.0,0.838,0.162
7,Snap Loses Fan Base on Wall Street With ‘Cash Bonfire’ Raging On,-0.977,0.046,0.86,0.095
8,Why AMC Entertainment Is Down When the Market Is Up,0.19,0.092,0.822,0.086
9,Vince McMahon’s Retirement Has Analyst Thinking WWE Could Be Sold,0.0,0.0,1.0,0.0
10,Apple (AAPL) to Report Q3 Earnings: What's in the Offing?,0.999,0.15,0.816,0.034
11,3 Pleasant Surprises Netflix Just Gave Investors,0.402,0.128,0.753,0.119
12,"Bear market ‘still looks a bit wobbly’ amid economic weakness, strategist says",-0.422,0.0,0.915,0.085
13,"Fed decision, Big Tech earnings, economic data: What to watch this week in markets",0.971,0.091,0.898,0.012
14,"Google, Microsoft, Meta to report earnings this week",0.0,0.0,1.0,0.0
15,7 Nasdaq Stocks to Buy on the Dip,0.999,0.14,0.793,0.067
16,"Earnings Reports Will Abound, So Who Will Get Thumbs Up or Thumbs Down?",0.382,0.16,0.767,0.073
17,Why the stock market has defied the odds in July (so far),0.953,0.116,0.793,0.092
18,Netflix's New Ad-Based Tier Might Not Be a Quick Fix for the Stock,-0.817,0.0,0.864,0.136
19,Why Netflix's Ad Business Could Be a Juggernaut,-0.296,0.095,0.786,0.12
