﻿,Titles,Polarity,Positive,Neutral,Negative
0,Best Stocks for 2021: These Catalysts Can Drive the Magic of Disney Stock,0.999,0.132,0.832,0.036
1,Is Netflix Stock A Buy As The Streamer Racks Up Awards?,0.0,0.0,1.0,0.0
2,1 Top Entertainment Stock to Buy in April,0.772,0.108,0.87,0.022
3,"Netflix, Gilead Gain as Stocks Inch Up",0.0,0.0,1.0,0.0
4,Futures Inch Up on Employment News,0.0,0.0,1.0,0.0
5,Why Ken Burns will never make a documentary for the streaming giants,0.957,0.065,0.9,0.035
6,Why filmmaker Ken Burns won't do a documentary for the streaming giants,0.0,0.0,1.0,0.0
