﻿,Titles,Polarity,Positive,Neutral,Negative
0,IBD 50 Stocks To Watch: Roku Sets New Buy Point As Streaming Giant Eyes First Annual Profit,0.178,0.069,0.931,0.0
1,Is Netflix Stock A Buy Ahead Of Video Streamer's June-Quarter Earnings Report?,0.0,0.0,1.0,0.0
2,3 looming challenges facing these iconic tech stocks,0.976,0.101,0.84,0.059
3,Why Goldman Sachs thinks these 32 stocks are very attractive,0.992,0.127,0.848,0.025
4,Theater chains in ‘deep trouble’ despite post-pandemic box office record: Greenfield,0.477,0.115,0.832,0.053
5,3 Great Reasons to Buy Netflix,0.0,0.0,1.0,0.0
6,Has Apple stock peaked?,0.954,0.065,0.902,0.033
7,"What Type Of Shareholders Make Up Netflix, Inc.'s (NASDAQ:NFLX) Share Registry?",0.996,0.107,0.871,0.022
8,Is Netflix the Loosest Link in FAANG?,0.998,0.158,0.816,0.026
