﻿,Titles,Polarity,Positive,Neutral,Negative
0,"Dow Jones Futures: Stock Market Rally Enters Power Trend; Square, Snap, Netflix, Sea Carve Handles; Are Apple, Amazon, Tesla Next?",0.681,0.257,0.651,0.092
1,Netflix To Lap Early Covid Subscriber Gains With First-Quarter Report,-0.128,0.0,0.943,0.057
2,3 Most-Shorted Stocks for Buying,0.999,0.131,0.836,0.033
3,Netflix To Lap Early Covid Subscriber Gains With First-Quarter Report,-0.128,0.0,0.943,0.057
4,"Flush with new subscribers, how will Netflix make more money?",0.077,0.048,0.909,0.043
5,Your streaming subscriptions reshaped Disney and turbocharged Netflix — now comes making more money off you,0.273,0.105,0.837,0.059
6,FAANG Bites: How Valuable Is Apple?,-0.25,0.064,0.833,0.102
7,Netflix Earnings: Why Subscriber Guidance Is Key,0.919,0.214,0.786,0.0
8,3 Things You'll Want to Know When Netflix Reports Earnings on Tuesday,0.0,0.0,1.0,0.0
9,FAANG Bites: Can Apple Stock Get Back on Track?,-0.25,0.064,0.833,0.102
10,Netflix Earnings: Analysts Eyeing The Subscriber Base Growth And Possible 'Pull-Forward',1.0,0.128,0.85,0.022
11,2 Top Stocks to Buy in April,0.914,0.202,0.798,0.0
12,How Netflix Will Power Global Growth,0.671,0.097,0.869,0.034
13,3 Top Stocks for The Next Decade,0.307,0.113,0.803,0.083
14,Netflix (NFLX) Set to Report Q1 Earnings: What to Expect?,0.999,0.151,0.839,0.01
