﻿,Titles,Polarity,Positive,Neutral,Negative
0,Netflix (NFLX) Stock Sinks As Market Gains: What You Should Know,0.99,0.092,0.902,0.006
1,What Is Fastly and Why a Slew of Websites Went Offline,-0.988,0.043,0.874,0.083
2,"Brief Fastly Outage Triggers Domino Effect, Takes Down Large Chunks of the Internet",-0.681,0.0,0.699,0.301
3,Elizabeth Holmes defense accused of 'gamesmanship' for trying to weed out jurors,-0.922,0.049,0.892,0.059
4,ViacomCBS (VIAC) Expands Paramount+ Content With New Lineup,0.995,0.107,0.874,0.019
5,This Top Media Stock Has 1 Key Advantage Over Netflix and Spotify,0.422,0.041,0.959,0.0
6,Here's Which FAANG Stocks You Should Buy Now,0.612,0.21,0.688,0.101
7,Lupin Part 2 — a thrilling second dose of Netflix’s French crime series,-0.904,0.117,0.695,0.188
