﻿,Titles,Polarity,Positive,Neutral,Negative
0,"There is a new normal for Netflix, and that is not necessarily a bad thing",-0.612,0.053,0.862,0.084
1,Netflix's pandemic party turns to hangover as lockdowns lift,0.974,0.098,0.835,0.067
2,"Netflix Password-Sharing Crackdown Won’t Feel Heavy Handed, Co-CEO Says",0.991,0.105,0.86,0.035
3,Were Hedge Funds Right About Paypal (PYPL)?,0.999,0.118,0.859,0.023
4,"Netflix (NFLX) Beats, but Misses on Subscriber Adds",0.997,0.148,0.812,0.04
5,"Stock Markets Sink, but Will Netflix Make Wednesday Even Worse?",-0.923,0.018,0.846,0.136
6,Netflix Earnings: What Happened with NFLX,-0.103,0.035,0.923,0.042
7,Netflix (NFLX) Q1 Earnings and Revenues Surpass Estimates,0.994,0.099,0.894,0.006
8,Netflix Plunges After Pandemic Boom Shudders to Near-Halt,0.987,0.111,0.834,0.055
9,"Dow Jones Futures: Market Retreat Slams Leaders; Netflix Dives Late On Subscriber Miss, But 3 Stocks Flash Buy Signals",-0.422,0.0,0.817,0.183
10,"Netflix predicts worst quarter for streaming growth in its history, stock falls 11%",0.34,0.118,0.882,0.0
11,Netflix falls in after-hours following earnings report,0.743,0.062,0.887,0.051
12,Netflix Stock Is Tumbling After Subscriber Growth Falls Short of Expectations,0.128,0.097,0.829,0.074
13,Netflix is ‘still very much in play and ahead of the game’: Santosh Rao,0.0,0.0,1.0,0.0
14,Stock Market Today: Investors Head for Safety Amid Another Selloff,0.997,0.101,0.876,0.024
15,Netflix Stock Falls As Streamer Badly Misses First-Quarter Subscriber Target,0.0,0.0,1.0,0.0
16,Netflix shares tank as it predicts slowest growth in history,0.938,0.105,0.834,0.061
17,"Netflix subscriber growth slows after pandemic boom, shares fall 11%",0.927,0.075,0.899,0.026
18,Netflix Falls Short of Q1 Subscriber Targets as COVID-Driven Growth Slows,0.988,0.093,0.872,0.035
19,Netflix Releases First-Quarter 2021 Financial Results,0.931,0.087,0.907,0.006
20,Netflix Slumps as Paid Net Adds Miss Estimates by Wide Margin,-0.788,0.0,0.71,0.29
21,Dow Jones Sells Off As Apple Slides Ahead Of 'Spring Loaded' Event; Tesla Jumps On Price Target Boost,0.0,0.0,1.0,0.0
22,Netflix (NFLX) For Less: Earnings Moves And Alternatives To Calls And Puts,0.986,0.074,0.899,0.027
23,Dow Jones Falls As Apple Reverses Ahead Of 'Spring Loaded' Event; Tesla Jumps On Price Target Boost,0.0,0.0,1.0,0.0
24,Netflix Q1 earnings: Wall Street eyes subscriber growth slowdown after record 2020,0.984,0.072,0.905,0.023
25,"US STOCKS-S&amp;P 500, Dow slip as focus turns to tech earnings",0.984,0.086,0.877,0.037
26,Strong Results From IBM And Johnson &amp; Johnson Not Enough As Covid Worries Rise,0.998,0.1,0.839,0.061
27,1 Positive Sign for Netflix Heading Into Q1 Earnings,0.296,0.065,0.9,0.035
28,US STOCKS-Wall St headed for lower open as focus turns to tech earnings,0.977,0.088,0.877,0.035
29,Dow Jones Futures Signal Further Losses For 'Hard Penny' Market Rally; Netflix Near Buy With Earnings Due,-0.153,0.0,0.912,0.088
30,Futures slip as focus shifts to earnings from tech-related firms,0.98,0.11,0.859,0.031
31,US STOCKS-Futures slip as focus shifts to earnings from tech-related firms,0.977,0.101,0.865,0.034
32,"What Are FANG Stocks, And Should You Invest In Them?",0.226,0.064,0.936,0.0
33,"What Are FANG Stocks, And Should You Invest In Them?",0.226,0.064,0.936,0.0
34,Investors turn to growth stocks' results after strong earnings start,0.998,0.155,0.834,0.011
35,"Apple prepares to unveil new iPad Pro, iMac and AirTags - live updates",0.997,0.073,0.885,0.042
36,Investors turn to growth stocks' results after strong earnings start,0.998,0.155,0.834,0.011
37,Is Netflix a Buy Ahead of Earnings? Analyst Weighs In,0.982,0.081,0.889,0.029
