﻿,Titles,Polarity,Positive,Neutral,Negative
0,"Netflix Wants to Take on Microsoft, Sony",0.494,0.039,0.961,0.0
1,Netflix is Up to Something Really Big,0.494,0.039,0.961,0.0
2,Why Paramount Global is still 'in a tough spot' despite streaming momentum: Analyst,0.996,0.122,0.843,0.035
3,Why Amazon is Prime target for cancellation as households cut spending,0.984,0.11,0.829,0.061
4,"Disney, Netflix and Comcast Just Made a Huge Content Mistake",-0.318,0.0,0.913,0.087
5,"Dow Jones Pares Losses; Netflix, Disney, Amazon, Google Top Names As Streaming Outpaces Cable TV",-0.226,0.071,0.824,0.106
6,TSQ vs. NFLX: Which Stock Should Value Investors Buy Now?,0.997,0.196,0.799,0.005
7,7 Tech Stocks to Buy Before the Bull Market Returns,0.996,0.087,0.873,0.04
8,3 Layoff Stocks That You Might Not Want to Lay Off From Buying Right Now,0.273,0.116,0.884,0.0
9,Think Disney Stock Is Hot? Here's 1 Streaming Stock I Think Is Even Better,0.572,0.095,0.871,0.034
10,"Investors Heavily Search Netflix, Inc. (NFLX): Here is What You Need to Know",0.999,0.128,0.865,0.007
11,Americans Spent More Time Streaming Than Watching Cable for the First Time,-0.201,0.0,0.935,0.065
12,Will the Success Story of Streaming Services Continue?,0.991,0.094,0.869,0.037
13,"Echoes, Netflix review — twin sisters swap lives in hammy box-ticking exercise",-0.681,0.0,0.714,0.286
