﻿,Titles,Polarity,Positive,Neutral,Negative
0,3 Small-Cap Energy Sectors With Major Upside,0.999,0.165,0.807,0.028
1,BBC demands £150m borrowing boost to tackle Netflix,0.985,0.097,0.876,0.027
2,"Investors are getting worried about a stock market bubble, but Goldman says relax",0.996,0.125,0.834,0.041
3,7 best portable projectors for a cinematic experience at home,1.0,0.156,0.822,0.022
4,"Best VPN deals: Pay less for privacy with discounts on ExpressVPN, NordVPN and more",0.999,0.152,0.833,0.014
5,3 Reasons Airbnb Stock Probably Won't Make You Rich,-0.502,0.063,0.814,0.123
6,2 Top Growth Stocks That Could Double Your Money,0.296,0.145,0.855,0.0
7,Arrival Announces Two New Members to Global Board of Directors,0.999,0.087,0.878,0.035
