﻿,Titles,Polarity,Positive,Neutral,Negative
0,Popular Manga App Seeks 2023 IPO in Tokyo at $6 Billion Value,0.997,0.104,0.87,0.026
1,Tech Layoffs Hit California Revenue With 12% July Shortfall,-0.948,0.023,0.918,0.059
2,3 Stocks That Ray Dalio Is Betting On Now,0.996,0.112,0.848,0.04
3,10 Stocks Losing Ground on Monday,0.99,0.127,0.794,0.079
4,Netflix stock slips amid forecasted slowdown by CFRA,0.0,0.108,0.784,0.108
5,7 Growth Stocks That Are Screaming Buys Right Now,1.0,0.174,0.792,0.034
6,Disney's Stock Is on Fire After It Passes Netflix in Total Subscriptions,0.0,0.0,1.0,0.0
7,The 3 Safest Long-Term Stocks to Invest In Now,0.999,0.155,0.822,0.023
8,Stock Market Today: Dow Slumps as Tech in Crosshairs on Hawkish Fed Fears,-0.823,0.079,0.816,0.105
9,S&amp;P 500 Slips as Rising U.S. Yields Dent Growth Stocks,-0.788,0.085,0.81,0.105
10,Why Netflix Stock Keeps Falling,0.273,0.088,0.848,0.063
11,"Stocks: Amazon, Tesla, Netflix in the red in early trading",0.625,0.096,0.849,0.055
12,"Sell Netflix Stock, Analyst Says. The ‘Key Catalyst’ May Not Arrive Until 2023.",-0.273,0.0,0.925,0.075
13,"Netflix (NFLX) Might Plan to Make Kids Shows, Movies Ad-Free",0.997,0.121,0.867,0.012
14,Netflix stock falls after CFRA turns bearish,0.878,0.14,0.813,0.047
15,"The Zacks Analyst Blog Highlights Netflix, Alphabet, Amazon.com, The Walt Disney Company and Warner Bros. Discovery",0.997,0.099,0.866,0.035
16,"Tesla, AMC Entertainment, Bed Bath &amp; Beyond Fall Premarket; Signify Health Rises",0.872,0.09,0.854,0.056
17,Netflix Stock Falls More Than 6%,-0.318,0.046,0.882,0.072
