﻿,Titles,Polarity,Positive,Neutral,Negative
0,Analysts Just Revised Their Ratings for These 10 Stocks,0.807,0.08,0.846,0.075
1,Is Netflix’s best hope an acquisition by Microsoft?,0.671,0.208,0.792,0.0
2,Why Roku Stock Popped 12% This Week,0.612,0.117,0.85,0.033
3,Kate Bush’s ‘Running Up that Hill’ goes viral after ‘Stranger Things’ boost,0.0,0.0,1.0,0.0
4,"To Boost Subscriber Numbers, Netflix Needs to Do This",0.703,0.129,0.842,0.029
5,Netflix Stock Jumps as Subscriber Figures Exceed Expectations,0.765,0.167,0.833,0.0
6,"Stock Market News for Jul 21, 2022",0.994,0.113,0.858,0.029
7,Jamie Dimon Tells It Like It Is as Earnings Season Kicks Off,-0.296,0.053,0.841,0.106
8,Why a Strong U.S. Dollar Is Bad News for Netflix,0.115,0.043,0.923,0.034
9,"Amazon's ginormous retail business is being priced at 'virtually zero value,' making the stock 'attractive': Analyst",0.991,0.138,0.828,0.034
10,UPDATE 1-Viaplay shares rise 10% as subscribers jump 69% in Q2,0.829,0.05,0.935,0.014
11,Microsoft Cuts Open Job Positions in Cloud and Security Software Units,0.595,0.196,0.804,0.0
