﻿,Titles,Polarity,Positive,Neutral,Negative
0,"Here's What Netflix, Inc.'s (NASDAQ:NFLX) Shareholder Ownership Structure Looks Like",0.988,0.079,0.892,0.028
1,South Korea’s webtoon companies target global takeover,0.572,0.171,0.829,0.0
2,Netflix and Apple vie for Oscar gold to seal streaming’s Hollywood takeover,0.941,0.191,0.792,0.018
3,Netflix pursues Oscar gold as film prize incentives shift,0.727,0.319,0.681,0.0
4,"Oscars 2022: Streaming platforms to get their ‘comeuppance,’ Box Office Guru editor says",0.103,0.095,0.823,0.082
5,Netflix and Other Streamers Could Win Big at the Oscars. Why Wall Street Isn’t Applauding Yet.,0.459,0.115,0.885,0.0
6,Amazon’s MGM purchase made it one of the biggest Oscar contenders overnight,0.459,0.25,0.75,0.0
7,The Funded: Instacart slashed its valuation by $15B in response to plunging tech stock prices,-0.273,0.0,0.92,0.08
8,"BofA Coins New FANG Equivalent For Semiconductor Stocks, 'MANGO'",0.933,0.104,0.853,0.043
9,Sony to Unveil PlayStation Subscription as Soon as Next Week,-0.95,0.033,0.897,0.071
10,Netflix price hikes go into effect as ‘Bridgerton’ returns for season 2,0.989,0.092,0.865,0.043
11,Netflix Keeps Playing Games; Spoiler Alert: It's Going to Win,0.0,0.0,1.0,0.0
12,"EU tech regulation: U.S. giants would ‘no longer function as economic toll bridges,’ expert says",0.296,0.051,0.949,0.0
13,"Amazon MGM Acquisition Threatens Netflix, Disney",-0.296,0.021,0.942,0.036
14,Netflix's (NFLX) Latest Acquisition Expands Gaming Footprint,0.994,0.121,0.835,0.044
15,"Former Fidelity CEO dies at 91, Netflix buys video game studio, March Madness TV viewership rebounds",0.0,0.0,1.0,0.0
16,"Starbucks, Netflix Ask If Fans Have Read Bridgerton Ahead of Season 2?",0.893,0.108,0.878,0.014
17,Silver Spring's CuriosityStream plans subscription fee increase,0.422,0.055,0.945,0.0
18,3 Ways to Get More Value Out of Your Hulu Subscription,0.751,0.136,0.81,0.054
19,This Is My Top Streaming Stock for 2022 (and Beyond),-0.077,0.137,0.721,0.142
20,"Netflix, Amazon to Aggressively Expand Into Gaming Market",0.542,0.1,0.861,0.039
21,Streaming Will Dominate the Academy Awards. Investors Want to See More Than Just Oscars.,0.459,0.1,0.9,0.0
22,"Netflix buys its third videogame company, Texas-based Boss Fight",0.273,0.104,0.896,0.0
