﻿,Titles,Polarity,Positive,Neutral,Negative
0,Why this is not the time to sell tech stocks,0.0,0.0,1.0,0.0
1,Streaming Giants Are Spending Billions Overseas. Here Comes the Pushback.,0.077,0.06,0.89,0.05
2,"Market Braced For Earnings From Disney Tomorrow, A Key Reopening Barometer",0.995,0.083,0.855,0.062
3,DIS Might Be Bringing Fireworks Back To Theme Parks; Don't Expect Them In Earnings,0.999,0.105,0.859,0.036
4,Disney Reports Earnings Thursday. It’s All About Disney+.,0.0,0.0,1.0,0.0
5,Golden Globes’ Mushrooming Scandal Imperils Awards Show,-0.786,0.064,0.867,0.069
