﻿,Titles,Polarity,Positive,Neutral,Negative
0,Is Netflix Stock A Buy Before Video Streamer's Q3 Earnings Report?,0.0,0.0,1.0,0.0
1,Is Roku Stock A Buy Ahead Of Streaming Platform's Q3 Report?,0.0,0.0,1.0,0.0
2,Goldman Sachs on Apple: Delta variant will make iPhone sales 'challenging',0.984,0.092,0.873,0.035
3,When will Amazon stock skyrocket again?,0.872,0.09,0.849,0.061
4,Netflix to Announce Third-Quarter 2021 Financial Results,0.903,0.059,0.936,0.005
5,"This analyst says Uber, Netflix are the top tech stocks to buy right now",0.202,0.048,0.952,0.0
6,Netflix’s Sizzle Reel Needs to Impress,-0.052,0.104,0.786,0.111
