﻿,Titles,Polarity,Positive,Neutral,Negative
0,Why Roku Stock Suddenly Jumped on Wednesday,0.361,0.055,0.945,0.0
1,Why Roku Stock Suddenly Jumped on Wednesday,0.361,0.055,0.945,0.0
2,3 Reasons Why Growth Investors Shouldn't Overlook Netflix (NFLX),0.999,0.211,0.78,0.009
3,3 Reasons Why Growth Investors Shouldn't Overlook Netflix (NFLX),0.999,0.211,0.78,0.009
4,These 3 Winners Look Ready for a Stock Split,0.807,0.186,0.754,0.06
5,These 3 Winners Look Ready for a Stock Split,0.807,0.186,0.754,0.06
6,Movie vs. TV Industry: Which Is Most Profitable?,0.782,0.33,0.67,0.0
7,Movie vs. TV Industry: Which Is Most Profitable?,0.782,0.33,0.67,0.0
