﻿,Titles,Polarity,Positive,Neutral,Negative
0,7 Beaten-Up Tech Stocks That Could Be Bargains,0.422,0.137,0.863,0.0
1,Netflix Has a Big Problem. Here’s the Math That Might Fix It,0.511,0.121,0.879,0.0
2,"Netflix Could Drive Lower Churn and Higher Growth With Ad Tier, Analyst Says",-0.296,0.0,0.916,0.084
3,"Alphabet, Facebook, and 4 More Bargain Stocks to Buy Now",0.402,0.097,0.903,0.0
4,Why AMC Networks' Streaming Service Could Pay Off in the Long Run,0.716,0.098,0.879,0.022
5,"Friday Is Going to Be a Big Day for Disney, Netflix, and AMC",0.922,0.206,0.766,0.028
6,Why Warner Bros. Discovery Stock Is Down and Why You Should Ignore It,0.982,0.082,0.881,0.038
