﻿,Titles,Polarity,Positive,Neutral,Negative
0,Walmart negotiates a potential streaming service deal,0.995,0.116,0.867,0.016
1,Why You Should Not Worry About Disney and Netflix Stock,0.431,0.169,0.736,0.095
2,"The streaming wars will end ‘with 3 or 4 winners,’ analyst predicts",0.88,0.046,0.936,0.017
3,"Apple and Amazon could ‘destroy the streaming business,’ analyst argues",0.836,0.076,0.873,0.051
4,Disney earnings: What to expect as 'big strategic questions' loom for media giant,0.968,0.073,0.893,0.034
5,Disney (DIS) to Post Q3 Earnings: Key Factors to Consider,0.99,0.101,0.871,0.028
6,"Got $1,000? These 2 Stocks Could Be Bargain Buys for 2022 And Beyond",-0.273,0.1,0.774,0.125
7,10 Best Long-Term Stocks to Buy Now,1.0,0.155,0.827,0.018
8,Netflix Games Hasn't Found Its Big Hit -- Yet,-0.296,0.0,0.941,0.059
9,"Meta's 'wrenching business model change' makes its future uncertain, analyst says",0.964,0.074,0.899,0.027
10,Netflix aims to become a serious player in the gaming sphere,0.477,0.154,0.846,0.0
11,"Netflix Stock Slump: Despite Recent Losses, This Streamer Still Dominates",0.318,0.113,0.887,0.0
12,Will This Mega Streaming Stock Spell Trouble for Disney and Netflix?,0.827,0.126,0.858,0.016
13,"PubMatic, Inc. (PUBM) Q2 2022 Earnings Call Transcript",0.906,0.236,0.764,0.0
14,"Alibaba Reduced Workforce by Nearly 10,000 in Three Months",0.691,0.069,0.883,0.048
