﻿,Titles,Polarity,Positive,Neutral,Negative
0,"ROSEN, A LEADING LAW FIRM, Encourages Netflix, Inc. Investors with Losses to Secure Counsel Before Important Deadline in Securities Class Action – NFLX",0.98,0.119,0.804,0.077
1,"SHAREHOLDER ALERT: Pomerantz Law Firm Investigates Claims On Behalf of Investors of Netflix, Inc. - NFLX",0.934,0.097,0.852,0.05
2,Here’s everything coming to Netflix in June 2022 — and what’s leaving,0.361,0.128,0.872,0.0
3,What Are Critics Saying About Netflix's 'Stranger Things?',0.92,0.29,0.71,0.0
4,Netflix official expects Albuquerque Studios expansion to be ready by 2024,0.422,0.083,0.917,0.0
5,"DEADLINE ALERT for NFLX, MULN, AMZN, and ARQQ: The Law Offices of Frank R. Cruz Reminds Investors of Class Actions on Behalf of Shareholders",0.95,0.091,0.836,0.073
6,Netflix (NFLX) Expands Gaming Catalogue With Four New Titles,0.996,0.121,0.849,0.031
7,3 Media Stocks to Buy After Their 50%+ Drop,0.998,0.13,0.819,0.051
8,10 Stocks to Sell According to Chase Coleman’s Tiger Global,1.0,0.136,0.836,0.028
9,2 Stocks I Own and Will Buy More of If the Stock Market Crashes,0.422,0.158,0.789,0.053
10,3 Nasdaq Stocks Down More Than 60% to Buy Now,0.077,0.065,0.874,0.061
11,Warner Bros. Discovery Is Desperate to Find the Bottom,0.551,0.055,0.896,0.049
12,Main Street’s Most Prolific Corporate Agitator Finds a New Battlefield In ESG,0.812,0.061,0.882,0.057
