﻿,Titles,Polarity,Positive,Neutral,Negative
0,Netflix (NFLX) Outpaces Stock Market Gains: What You Should Know,0.99,0.091,0.903,0.006
1,Netflix (NFLX) Soars 5.2%: Is Further Upside Left in the Stock?,0.99,0.157,0.825,0.018
2,Why Jon Najarian Is Buying Short-Term Apple Call Options Today,0.807,0.05,0.93,0.019
3,"Netflix (NFLX) Rides on Squid Game Success, Offers Merchandise",0.997,0.122,0.875,0.003
4,Dow Jones Dives 450 Points As Stock Market Weakness Returns; These 3 Tech Titans Slide,-0.422,0.0,0.872,0.128
5,"Amazon's Twitch Hacked, Earnings of Streamers Exposed",-0.178,0.077,0.814,0.109
6,"Constellation Brands' earnings miss, Palantir wins major army contract, NFLX closes at all-time high",0.202,0.087,0.913,0.0
7,4 Large-Cap Stocks to Watch After Monday's Dips,0.273,0.087,0.913,0.0
8,3 Best Hot Stocks to Watch in October,0.026,0.03,0.942,0.028
9,11 Best Growth Stocks To Buy According To Hedge Funds,1.0,0.138,0.836,0.026
10,Netflix Probably Added Millions of Subscribers in Q3,0.637,0.106,0.894,0.0
11,Netflix to edit 'Squid Game' phone number after woman inundated with calls,0.916,0.079,0.897,0.024
