﻿,Titles,Polarity,Positive,Neutral,Negative
0,"Big Tech Under the Microscope, the Streaming Landscape, and More",0.34,0.132,0.805,0.063
1,Google Chromecast’s HBO Max Bundle Offers Two Free Months of Streaming Service,0.909,0.052,0.929,0.019
2,Netflix Option Traders Unimpressed After Earnings Miss,-0.026,0.12,0.756,0.124
3,Are Netflix's Growth Days Over?,-0.805,0.0,0.688,0.312
4,"At Intermission, Wall Street is Watching Netflix for 2H21 Upside",0.985,0.111,0.878,0.011
5,Netflix Is Joining the Gaming Community,0.998,0.136,0.833,0.031
6,Stocks Now Up for the Week After Second Day of Gains,0.999,0.135,0.819,0.047
7,Morning Bell With Jim Cramer: There Is No Joy in Netflix,0.128,0.104,0.801,0.095
8,"AT&amp;T Gains On More Telecom, Streaming Users, Revised Guidance",0.937,0.078,0.901,0.021
9,UPDATE 2-Sweden's NENT reports rise in streaming subscribers,0.654,0.037,0.952,0.011
10,HBO Max gains US subscribers as Netflix slips,-0.557,0.0,0.942,0.058
