﻿,Titles,Polarity,Positive,Neutral,Negative
0,"Melvin Capital Dumps Mastercard, Alphabet in Portfolio Overhaul",0.95,0.09,0.855,0.055
1,"Cooperman, Lone Pine among funds that dumped Meta before earnings rout",0.975,0.113,0.853,0.034
2,"EV shares rise on Super Bowl visibility, Netflix up from popular documentaries, BlockFi fined by SEC",-0.077,0.14,0.702,0.158
3,"Cooperman, Lone Pine among funds that dumped Meta before earnings rout",0.975,0.113,0.854,0.034
4,Is Disney Winning the Streaming War?,0.999,0.155,0.817,0.028
5,Are We Headed Towards An Inevitable Bear Market?,0.401,0.103,0.897,0.0
6,Top Stocks Investors Are Watching This Earnings Season,-0.052,0.039,0.92,0.042
7,My Top 2 FAANG Stocks to Buy and Hold in 2022 (and Beyond),0.768,0.113,0.887,0.0
