﻿,Titles,Polarity,Positive,Neutral,Negative
0,‘Stranger Things’ Finale Crashes Netflix. Why an Analyst Is Still Worried About Competition.,0.0,0.0,1.0,0.0
1,Are Netflix and Roku a Match Made in Heaven?,0.718,0.082,0.918,0.0
2,"SHAREHOLDER ALERT: Pomerantz Law Firm Investigates Claims On Behalf of Investors of Netflix, Inc. - NFLX",0.934,0.097,0.852,0.05
3,"Netflix has technical issues, American Airlines offers to boost pilot pay",0.103,0.038,0.932,0.03
4,"GM earnings: ‘It’s a boy that cried wolf,’ analyst says",-0.527,0.064,0.764,0.172
5,Is Netflix a Buy?,0.712,0.165,0.835,0.0
6,4 Best Entertainment Stocks to Buy Now,0.999,0.158,0.781,0.061
7,5 Stocks That Could Benefit From a Coming Seismic Shift for Hollywood,0.0,0.0,1.0,0.0
8,Why Goldman is still very cautious on the stock market,-0.984,0.051,0.82,0.129
9,Should You Buy the S&amp;P 500's 5 Worst-Performing 2022 Stocks?,-0.768,0.0,0.869,0.131
10,Roku Stock Looks as If It Is Ready to Bounce and Keep Going,0.997,0.126,0.836,0.038
11,7 Undervalued Reddit Stocks to Buy Before Wall Street Catches On,0.998,0.08,0.903,0.017
12,5 Top Stocks for July,0.979,0.256,0.732,0.011
