﻿,Titles,Polarity,Positive,Neutral,Negative
0,Netflix and Starbucks Do Something Different for Bridgerton Fans,0.893,0.108,0.878,0.014
1,Spotify Stock: Breaking Down the Pros and Cons,0.997,0.104,0.875,0.021
2,Amazon's profits will be hammered by higher gas prices: top analyst,0.491,0.092,0.834,0.074
3,Netflix Challenges Amazon Luna With its First Three Original Games,0.677,0.095,0.905,0.0
4,There Are 1.6 Billion Reasons Why Netflix Wants to Stop Password Sharing,0.836,0.178,0.759,0.063
5,Netflix (NFLX) Expands Game Content With First-Person Shooter,0.994,0.138,0.825,0.038
6,"2 Reasons to Buy Roku Stock, and 1 Reason to Sell",-0.686,0.078,0.702,0.22
7,Will YouTube's TV Shows Remind You of the Netflix Experience?,0.102,0.068,0.932,0.0
8,UPDATE 1-S.Africa two-thirds of way to $100 bln investment goal -president,0.976,0.095,0.882,0.023
9,The Biggest Long-Term Bear Case for Roku Stock,-0.687,0.0,0.6,0.4
10,Be Careful Before You Lock and Load on Black Rifle Company,0.998,0.113,0.869,0.018
11,2 Top Bargain Stocks Ready for a Bull Run,-0.318,0.095,0.741,0.164
12,How investors can navigate surging inflation: Morning Brief,0.996,0.093,0.865,0.043
