﻿,Titles,Polarity,Positive,Neutral,Negative
0,Disney (DIS) to Shutter Hotstar US by Late 2022,0.0,0.0,1.0,0.0
1,"Dow Jones Futures: Stock Market Rally Fades, But Netflix, Roku Make Bullish Moves; 5 Earnings Movers Late",0.307,0.12,0.816,0.063
2,Netflix Stock Nears Buy Point As 'Seinfeld' Release Date Announced,0.296,0.104,0.896,0.0
3,‘Seinfeld’ Streaming Debut Pushes Netflix Toward Record High,0.99,0.182,0.8,0.018
4,These are the three most important shows for Netflix: Analyst,0.0,0.0,1.0,0.0
5,Google stock has quietly gone berserk — here's why,0.995,0.134,0.859,0.008
6,Television's 'Seinfeld' comes to Netflix in October,0.986,0.156,0.835,0.009
7,Beat Inflation by Buying This Popular Streaming Stock,0.0,0.0,1.0,0.0
8,"Bull of the Day: Roku, Inc. (ROKU)",0.999,0.131,0.847,0.022
