﻿,Titles,Polarity,Positive,Neutral,Negative
0,"Dow Jones Futures: Market Retreat Slams Leaders; Intel Lifts Chips Late, GME Stock Falls On Earnings",-0.599,0.0,0.824,0.176
1,Netflix Stock Trades Higher: Technical Levels To Watch,0.891,0.073,0.885,0.043
2,"Dow Jones, Nasdaq Fall As Janet Yellen, Jerome Powell Testify; Large-Cap Tech Stocks Outperform",-0.296,0.0,0.901,0.099
3,How Demi Lovato's bombshell documentary boosts YouTube's 'virtuous cycle',0.992,0.084,0.893,0.023
4,How to Analyze Netflix's Income Statement,0.0,0.0,1.0,0.0
5,"Dow Jones Trims 100-Point Loss Ahead Of Powell Testimony; Microsoft, Netflix Rally",-0.151,0.071,0.834,0.095
6,"5 Top Stock Gainers for Tuesday: Dolphin Entertainment, Benitec",0.796,0.412,0.588,0.0
7,Netflix Has Been Trailing the Market. Why One Analyst Decided to Get More Bullish.,0.937,0.219,0.781,0.0
8,How Much Does Password Sharing Cost Netflix?,0.361,0.126,0.773,0.101
9,"Thinking About Buying Stock Or Options In Moderna, Netflix, Boeing, Apple Or Tesla?",0.994,0.146,0.849,0.005
10,"5 Top Stock Gainers for Tuesday: Dolphin Entertainment, Benitec, BioLife",0.796,0.412,0.588,0.0
11,Has Netflix Topped Out?,0.82,0.072,0.87,0.057
12,Netflix Gets Argus Upgrade to Buy From Hold,0.7,0.071,0.929,0.0
13,Forget Penny Stocks: Here's a Better Investment if You're Short on Cash,0.361,0.089,0.872,0.039
14,Netflix won’t refund me for an account I’ve never used,0.953,0.1,0.878,0.022
15,Licensing deals put brakes on HBO Max rollout in Europe,0.0,0.0,1.0,0.0
