﻿,Titles,Polarity,Positive,Neutral,Negative
0,The One That Thing Surprised Me This Earnings Season,0.997,0.141,0.804,0.054
1,Roblox Stock May Have Bottomed,0.991,0.109,0.841,0.05
2,Why Is Netflix Mad At Monopoly?,-0.807,0.0,0.877,0.123
3,"Earnings Roundup: Disney, Dutch Bros, Unity Software, and More",0.671,0.129,0.871,0.0
4,"DEADLINE ALERT for NFLX, MULN, AMZN, and ARQQ: The Law Offices of Frank R. Cruz Reminds Investors of Class Actions on Behalf of Shareholders",0.95,0.091,0.836,0.073
5,Apple Music Will Bring Harry Styles To Your House,0.912,0.233,0.767,0.0
6,Better Buy: Disney or Netflix?,-0.103,0.044,0.903,0.053
7,"Spirit urges investors to reject JetBlue, NY AG to probe Twitch and Discord, Netflix loses long-term subscribers",-0.97,0.054,0.833,0.113
8,"Netflix layoffs just the start as streamer stages rebound: 'It's time to be a real company,' says media exec",0.994,0.09,0.881,0.029
9,Billionaire Stanley Druckenmiller’s 2022 Portfolio: 10 Value Stock Picks,1.0,0.151,0.821,0.028
10,Nearly 2 Million U.S. Consumers Canceled Cable Last Quarter. They Went Here Instead,-0.083,0.0,0.928,0.072
11,UK Set to Lift Channel 4 Public TV Rules After 10 Years,-0.026,0.058,0.891,0.051
12,3 Reddit Stocks With Upcoming Catalysts to Watch,0.999,0.166,0.793,0.041
13,"Four other households share my Netflix subscription, admits Nadine Dorries",0.872,0.058,0.906,0.036
14,Hollywood braced for new age of austerity after streaming splurge,0.586,0.11,0.816,0.074
15,Hollywood braces for new age of austerity after streaming splurge,0.586,0.11,0.816,0.074
16,"Bragar Eagel &amp; Squire, P.C. Reminds Investors That Class Action Lawsuits Have Been Filed Against Natera, Credit Suisse, Riskified, and Netflix and Encourages Investors to Contact the Firm",0.997,0.102,0.831,0.067
