﻿,Titles,Polarity,Positive,Neutral,Negative
0,"UPDATE 6-'Succession,' 'Ted Lasso' repeat as winners of top Emmy awards",0.998,0.189,0.788,0.023
1,‘The Crown’ interest surges on Netflix after death of Queen Elizabeth II,0.0,0.0,1.0,0.0
2,"Disney doubles down on streaming content, HBO Max holds most Emmy nominations this year",0.995,0.108,0.87,0.022
3,Peloton Founders Leaving Fitness Company in Latest Shake-Up,0.943,0.082,0.86,0.058
4,Netflix Considers Ditching a Key Feature,0.284,0.148,0.745,0.107
5,10 Stocks to Buy Now According to Billionaire David Tepper,1.0,0.123,0.848,0.029
6,Netflix (NFLX) Partners With Ubisoft to Expand Gaming Portfolio,0.997,0.132,0.835,0.034
7,Netflix's Newest Partnership Aims to Change the Game,0.84,0.13,0.824,0.046
8,Better Buy: Netflix or Disney?,0.021,0.07,0.88,0.05
9,10 Dividend Stocks to Buy According to Billionaire Carl Icahn’s Icahn Capital LP,1.0,0.134,0.85,0.015
10,An Established Giant: The Possible Reason Why Disney (DIS) is Priced Higher Than Netflix (NFLX),1.0,0.149,0.836,0.014
11,"'Succession,' 'Squid Game' or a surprise? Emmy winners to be unveiled Monday",0.998,0.195,0.778,0.027
12,RPT-Ubisoft CEO says still open to other partners after Tencent deal,0.904,0.058,0.913,0.029
