﻿,Titles,Polarity,Positive,Neutral,Negative
0,Triller’s Ryan Kavanaugh Shakes Up the Fight Game Again with Successful Launch of ‘Triad Combat’,-0.755,0.068,0.851,0.081
1,Somehow the Outlook of AT&amp;T Stock Is Getting Even Worse,0.91,0.066,0.888,0.047
2,Omicron variant hits travel and reopening stocks — is it time to buy?,0.796,0.054,0.912,0.035
3,Netflix Still Needs Long-Term Catalysts After Squid Game Boost,0.996,0.102,0.857,0.041
4,Better Buy: Netflix Stock or Every Nasdaq Stock?,0.92,0.209,0.725,0.066
5,Twitter Has Paled Alongside Other Tech Firms Run by Their Founders,0.991,0.1,0.868,0.032
6,"Alphabet Is King of the FAANG Stocks, and It's Not Even Close",0.948,0.184,0.816,0.0
7,"Moderna, Regeneron, Meta Platforms Fall Premarket; Twitter Rises",-0.103,0.039,0.923,0.038
