﻿,Titles,Polarity,Positive,Neutral,Negative
0,"Bezos, Branson and Musk Scrambling For Supply Of This Rare Gas",1.0,0.119,0.834,0.048
1,Buy These 2 Stocks Now for Big Second Half Upside,0.999,0.104,0.873,0.022
2,"Disney Streaming Division Hires Ex-Netflix Exec Ajay Arora to Lead Commerce, Experimentation Team",0.978,0.108,0.892,0.0
3,Why is Netflix still feuding with Cannes?,0.657,0.204,0.796,0.0
4,Why is Netflix still feuding with Cannes?,0.987,0.101,0.852,0.047
5,Cathie Wood's ARK Investment Adds To Disney Stake,0.0,0.0,1.0,0.0
6,FOXA vs. NFLX: Which Stock Is the Better Value Option?,0.999,0.268,0.727,0.005
7,Is Netflix (NFLX) Outperforming Other Consumer Discretionary Stocks This Year?,0.991,0.123,0.852,0.025
8,Why Is Cathie Wood Buying Netflix and Selling Roku?,0.202,0.032,0.968,0.0
9,Netflix Is Diversifying: Is That a Good Thing?,0.572,0.058,0.942,0.0
10,America’s Stocks Have Lost Their Exceptionalism (Except Big Tech),0.586,0.22,0.78,0.0
