﻿,Titles,Polarity,Positive,Neutral,Negative
0,"Dow Jones Futures: Market Rally Mixed As Apple Hits New High, Bitcoin Dives; Tesla, Facebook, PayPal Lead Five Giants In Buy Range",0.0,0.0,1.0,0.0
1,"US STOCKS-S&amp;P 500 ends down, Big Tech lifts Nasdaq to record",0.929,0.065,0.895,0.04
2,"Dow Jones Falls 175 Points, But Apple Hits All-Time High; Tesla Up, Bitcoin Tanks 9%",-0.361,0.0,0.829,0.171
3,Apple stock is making an impressive move into the new iPhone reveal,0.985,0.091,0.894,0.015
4,Why Netflix Shares Are Trading Higher Today,0.898,0.09,0.872,0.038
5,Netflix Stock Surges Ahead Of Busy Schedule Of New Content Releases,0.0,0.0,1.0,0.0
6,How Tesla’s battery technology is giving it an edge over the competition,0.408,0.06,0.94,0.0
7,This Analyst Sees 32% Upside In Netflix - Read Why?,0.919,0.077,0.898,0.026
8,"Dow Jones Today, Stocks Start Lower As China Stocks Rally; Tesla Powers Up, Netflix Gets A Lofty Target",0.25,0.1,0.9,0.0
9,Here's How Far Netflix Stock Can Rally Now,0.0,0.0,1.0,0.0
10,25 Happiest Countries in the World,1.0,0.143,0.809,0.048
11,"Dow Jones Today, Futures Flatten; China Stocks Rally, Linde Gets A Hydrogen Boost; Netflix Eyes Buy Point",0.25,0.1,0.9,0.0
12,Netflix Stock Attracts Big Money,0.997,0.14,0.831,0.03
13,"Five Top Stock Gainers for Tuesday: Match, Spotify, Netflix",0.625,0.254,0.746,0.0
