﻿,Titles,Polarity,Positive,Neutral,Negative
0,Apple TV+ gains momentum following Coda’s Oscars win,0.586,0.213,0.787,0.0
1,Why Warner Bros. Discovery merger is the 'most exciting story' in streaming: Analyst,0.998,0.124,0.852,0.024
2,‘The point of Channel 4 is to be risk-taking’: why a sale could backfire,0.987,0.078,0.885,0.038
3,"Boeing Air Force One planes face production issues, GM and Honda plan EV expansion",0.0,0.0,1.0,0.0
4,"1 Green Flag For Netflix in 2022, and 1 Red Flag",-0.307,0.0,0.883,0.117
