﻿,Titles,Polarity,Positive,Neutral,Negative
0,Netflix spends upwards of $450 million to secure 'Knives Out' sequels: Reports,-0.202,0.077,0.812,0.111
1,Netflix Buys the Rights to a Pair of 'Knives Out' Sequels for $450 Million,0.856,0.159,0.841,0.0
2,Netflix Pays Reported $450M For 'Knives Out' Sequels,0.952,0.093,0.874,0.033
3,Netflix Analysts See Regained Mojo After Rocky Start to 2021,0.996,0.147,0.82,0.033
4,"From 007 to private detective, Daniel Craig signs up for more 'Knives Out'",-0.864,0.018,0.927,0.054
5,"Hollywood Studios Release Carbon-Emissions Report, Showing Wide Variance Among Productions (EXCLUSIVE)",0.988,0.084,0.911,0.005
6,"Netflix Stock Has Been Flat for Months. It’s Time to Buy, Analyst Says.",0.542,0.134,0.866,0.0
7,"T-Mobile Partners With Google, and That's Bad News for fuboTV",0.696,0.24,0.679,0.081
8,Comcast Mulls Aiding Peacock by Pulling Movies From Netflix and HBO Max,0.75,0.129,0.807,0.064
9,Netflix Is Flexing Its Global Scale in Japan,0.909,0.182,0.818,0.0
10,"The Zacks Analyst Blog Highlights: Comcast, Netflix, PepsiCo, General Electric and Moderna",0.998,0.133,0.848,0.019
11,"Tech Gains On Biden’s $2 Trillion Infrastructure Push, Stock Upgrades",0.988,0.131,0.84,0.029
12,This is ‘one of the most challenging times’ in American history: Ken Burns,0.0,0.0,1.0,0.0
13,Influencers with Andy Serwer: Ken Burns,1.0,0.128,0.791,0.081
