﻿,Titles,Polarity,Positive,Neutral,Negative
0,Netflix (NFLX) Gains As Market Dips: What You Should Know,0.992,0.105,0.886,0.009
1,Is Verizon (VZ) Stock A Buy or Sell?,0.999,0.109,0.869,0.022
2,Is Home Depot (HD) Stock A Buy or Sell?,0.995,0.092,0.884,0.024
3,How ViacomCBS Became The Latest 'YOLO Stock',0.987,0.096,0.872,0.032
4,Billionaire Masayoshi Son’s Top 10 Stock Picks for 2021,1.0,0.137,0.847,0.016
5,Is Comcast (CMCSA) Stock A Buy or Sell?,0.998,0.103,0.873,0.023
6,Is NVIDIA (NVDA) Stock A Buy or Sell?,0.997,0.091,0.887,0.022
7,India child rights group asks police to probe Netflix show 'Bombay Begums',-0.511,0.048,0.89,0.062
8,Black Workers Find Little Opportunity in Growing Video Game Industry,0.996,0.083,0.902,0.016
9,Netflix (NFLX) Leads Streaming Race With 35 Oscar Nominations,0.997,0.156,0.836,0.008
10,Is UnitedHealth (UNH) Stock A Buy or Sell?,0.997,0.092,0.886,0.023
11,AT&amp;T's HBO Max Numbers Don't Add Up,0.226,0.034,0.948,0.018
12,3 Growth Stocks to Buy and Hold for the Next 10 Years,0.904,0.144,0.845,0.011
