﻿,Titles,Polarity,Positive,Neutral,Negative
0,Netflix (NFLX) Gains As Market Dips: What You Should Know,0.986,0.081,0.898,0.021
1,Market check: Mega caps decline amid broad market sell-off,0.0,0.0,1.0,0.0
2,"Market check: Stocks open lower, yield curve steepens, oil under pressure",-0.296,0.0,0.896,0.104
3,Disney (DIS) Renews Distribution Deal With Google-Owned YouTube,0.998,0.162,0.814,0.024
4,The Streaming Revolution Is Just Getting Started,0.995,0.093,0.88,0.027
5,New to Investing? 5 Surefire Stocks to Start a Diversified Portfolio in 2022,0.751,0.134,0.866,0.0
6,Is the Omicron variant already hurting the economy?: Morning Brief,0.994,0.059,0.918,0.023
7,Here’s what’s coming to Netflix in January 2022 — and what’s leaving,0.44,0.178,0.822,0.0
