﻿,Titles,Polarity,Positive,Neutral,Negative
0,"""Elf on the Shelf"" founder sees excited but 'careful' crowd turnout for live events",0.296,0.055,0.945,0.0
1,Netflix cancels ‘Cowboy Bebop’ less than three weeks after it premieres,-0.81,0.0,0.904,0.096
2,Should Disney Investors Be Wary of Streaming Churn?,-0.25,0.0,0.9,0.1
3,5 Tech Stocks That Should Be on Every Investor’s 2022 Buy List,0.999,0.115,0.867,0.018
4,"ClearBridge All Cap Growth ESG ETF Buys Netflix Inc, HubSpot Inc, Eaton Corp PLC, Sells Zoetis ...",0.998,0.104,0.891,0.005
5,"Simplify Exchange Traded Funds Buys Twitter Inc, Amazon. ...",0.986,0.064,0.914,0.023
6,Those who invested in Netflix (NASDAQ:NFLX) five years ago are up 389%,0.999,0.197,0.783,0.021
7,"NVIT J.P. Morgan U.S. Equity Fund Buys Microsoft Corp, Deere, Centene Corp, Sells Coca-Cola Co, ...",0.991,0.046,0.948,0.006
