﻿,Titles,Polarity,Positive,Neutral,Negative
0,Time to Buy the Dip in Netflix Stock? Top Analyst Weighs In,0.997,0.153,0.824,0.023
1,"Market check: FAANG stocks on losing streak, meme stocks choppy, DWAC shares retreat",-0.772,0.0,0.85,0.15
2,These commercial real estate projects in New Mexico are ones to to watch in 2022,0.0,0.0,1.0,0.0
3,"Apple CEO paid nearly $100M, ‘Don’t Look Up’ popular on Netflix, Taco Bell debuts taco subscription",0.952,0.084,0.906,0.011
4,"Stock Market News for Jan 7, 2022",0.995,0.103,0.875,0.022
5,Crown ElectroKinetics Gives Up Gains Following Hudson Pacific Deal,0.968,0.118,0.845,0.037
6,The Nasdaq is quietly being shredded: new data,0.344,0.038,0.928,0.034
7,Netflix Earnings: What to Watch,0.872,0.157,0.843,0.0
8,These Streaming Metrics Should Have Netflix Investors Jumping for Joy,0.599,0.055,0.945,0.0
9,People need to spend ‘more time fixing the planet’ than ‘getting into the metaverse’: Tony Fadell,0.946,0.1,0.846,0.054
