﻿,Titles,Polarity,Positive,Neutral,Negative
0,UPDATE 1-Hollywood execs stay silent on Will Smith Oscar incident,0.893,0.069,0.884,0.047
1,Hollywood execs stay silent on Will Smith Oscar incident,0.908,0.076,0.873,0.051
2,Netflix (NFLX) Outpaces Stock Market Gains: What You Should Know,0.992,0.098,0.886,0.016
3,Disney to fight 'Don’t Say Gay’ bill: 'It should never have been signed into law',0.975,0.078,0.871,0.051
4,Oscars triumph for Apple TV+ leaves Netflix fuming,0.999,0.14,0.817,0.042
5,Oscars ratings bounce back from record lows,0.999,0.164,0.811,0.025
6,What It Takes to Achieve ‘CEO Excellence’,0.968,0.231,0.769,0.0
7,3 Stocks Down 22% to 69% That are Screaming Buys in April,0.691,0.183,0.723,0.095
8,A tortoise-and-hare story: How Apple beat Netflix to a best-picture Oscar despite later streaming start,0.468,0.103,0.859,0.038
9,Tech Stocks Roundup: Apple Is Working on a New Golden Opportunity,0.612,0.25,0.75,0.0
10,"Oscars 2022: Ratings tick higher amid Apple TV+ domination, Will Smith slap",1.0,0.191,0.778,0.032
11,"Stock Market Trades Lower As Biden Announces Defense, Budget Plan",0.34,0.246,0.658,0.096
12,Nvidia is the most important tech company on planet: analyst,0.961,0.048,0.949,0.002
13,Apple Didn't Beat Netflix at the Oscars This Time,0.735,0.34,0.66,0.0
14,"Apple's (AAPL) CODA Makes History, Wins Oscar for Best Film",0.998,0.205,0.77,0.025
15,"Market check: Tech stocks gain, AMC stock rises, oil retreats",0.0,0.0,1.0,0.0
16,Amazon Stock Rally Picks Up to Erase Losses for the Year,0.971,0.116,0.82,0.064
17,How Google and other Big Tech stocks may be impacted by the Russia-Ukraine war,-0.459,0.056,0.833,0.11
18,Netflix Shares Reel on Loss of Status as Pandemic Darling,0.988,0.119,0.801,0.08
19,These 3 Stocks Have Underperformed the Market This Year. Is Now the Time to Buy?,0.542,0.273,0.727,0.0
20,Apple Set to Snap Win Streak on Report of iPhone Production Cut,0.791,0.097,0.823,0.08
21,Apple's 'CODA' win at the Oscars could unleash a streaming beast: analyst,0.991,0.132,0.854,0.014
22,Apple TV+ makes history as first streamer to win best picture Oscar,0.998,0.245,0.734,0.021
23,Oscars ceremony delivers drama as Will Smith slaps Chris Rock,0.896,0.474,0.526,0.0
