﻿,Titles,Polarity,Positive,Neutral,Negative
0,How Netflix Plans to Have the Last Laugh,0.832,0.169,0.749,0.082
1,"Netflix stock bounces, after suffering the worst 6-day stretch in its 20-year history",-0.954,0.023,0.77,0.206
2,Not All Is Lost: How To Profit With Options From Netflix Stock's Downfall,-0.637,0.03,0.833,0.137
3,3 Stocks to Buy for Contrarian Opportunities,-0.861,0.122,0.755,0.123
4,"Down 75%, Here's Why Netflix Could Become an Unstoppable Dividend Stock",0.902,0.228,0.772,0.0
5,Here’s a Reason to Consider Buying Netflix (NFLX) Shares,0.996,0.126,0.866,0.008
6,SoundHound's shares just hit Wall Street after it completed a now-unusual SPAC merger,0.077,0.058,0.942,0.0
7,FuboTV Stock Might Have Fallen Too Far Too Fast,0.895,0.066,0.892,0.042
8,This New Type of Battery Could Change the World,0.999,0.118,0.852,0.03
9,Skip ‘Stranger Things’ and ‘Obi-Wan’? Here’s how to maximize your streaming in May 2022,0.44,0.127,0.873,0.0
10,Tesla Is The Most Overvalued Car Company Ever,0.494,0.103,0.847,0.049
11,"Netflix’s Battle for Asian Subscribers Pits It Against Rich Rivals, Hundreds of Local Upstarts",-0.402,0.0,0.87,0.13
12,Netflix Threw the First Punch -- Studios Responded -- What Will Netflix Do Next?,0.153,0.056,0.9,0.044
13,3 Growth Stocks Investors Shouldn't Pass Up If They Continue Falling,0.859,0.171,0.829,0.0
14,Disney Shares Are Stuck in Streaming Reruns,-0.153,0.093,0.795,0.112
15,"Zacks Earnings Trends Highlights: Netflix, General Electric and HCA Holdings",0.994,0.108,0.834,0.058
16,"After the Netflix crash, does Spotify face the same fate?",-0.71,0.041,0.842,0.117
