﻿,Titles,Polarity,Positive,Neutral,Negative
0,"Disney Events To Showcase What's New In Streaming, Theme Parks, Interactive Media",0.0,0.0,1.0,0.0
1,Gulf states want Netflix to remove content that ‘contradicts’ Islamic values,0.0,0.0,1.0,0.0
2,4 Stocks to Buy Before the Bull Market Returns,0.999,0.124,0.85,0.027
3,Gulf states demand Netflix pull content deemed offensive,-0.502,0.041,0.905,0.054
4,Comcast (CMCSA) Paramount JV SkyShowtime Set for Sep 20 Launch,0.997,0.139,0.856,0.006
5,Is Netflix Stock a Buy?,-0.128,0.0,0.923,0.077
6,"Nasdaq extends losses, Treasuries and U.S. dollar rise",0.0,0.0,1.0,0.0
7,Buy This Undervalued Stock Before Everyone Else Does,0.422,0.135,0.865,0.0
