﻿,Titles,Polarity,Positive,Neutral,Negative
0,Netflix Q2 Preview: Is the Show Over?,0.949,0.086,0.856,0.058
1,Fastly Cloud Computing Traffic Bumped Higher. That Should Boost the Stock.,0.0,0.0,1.0,0.0
2,NFL considers Apple TV+ as a host for Sunday Ticket streaming,0.273,0.063,0.937,0.0
3,"With Netflix Ad Deal, Microsoft Makes a Splash on Madison Avenue",0.511,0.121,0.879,0.0
4,Netflix commits to marketing spree ahead of 'The Gray Man' debut,0.422,0.128,0.872,0.0
5,Is Netflix a Value Stock Ahead of Earnings?,0.99,0.125,0.84,0.036
6,"Why Netflix, DraftKings, and Beyond Meat Are Soaring Today",0.44,0.153,0.847,0.0
7,Netflix back up after streaming issues,-0.812,0.023,0.914,0.063
8,2 Big Questions Netflix Will Answer for Investors on Tuesday,0.0,0.0,1.0,0.0
9,"Netflix: The good, the bad and the downright ugly as investors brace for Q2 earnings",0.975,0.092,0.835,0.072
10,Netflix (NFLX) Set to Report Q2 Earnings: What to Expect?,0.997,0.137,0.833,0.03
11,Don't expect a recession to slow down employees from quitting,0.579,0.256,0.663,0.081
12,"Is Most-Watched Stock Netflix, Inc. (NFLX) Worth Betting on Now?",0.998,0.124,0.869,0.007
13,Netflix and Warner Bros. Discovery Are Charting Different Paths in the Streaming Wars -- Who Will Win Out?,-0.382,0.03,0.909,0.061
14,Netflix Takes on Jane Austen. Good Luck.,-0.361,0.0,0.848,0.152
15,Netflix is pulling out all the stops to reverse a slide in subscribers,-0.077,0.0,0.963,0.037
16,Did Netflix Make the Wrong Move by Choosing Microsoft?,0.318,0.066,0.934,0.0
17,Can Netflix Stay Competitive in Today's Tough Streaming Market?,-0.542,0.034,0.861,0.105
18,This Key Metric Could Make or Break Netflix Stock,-0.128,0.073,0.85,0.078
19,Netflix Is Moving Ahead With Its Ad-Supported Version. Should You Buy Now?,0.214,0.029,0.971,0.0
20,"2 Reasons to Buy Netflix, and 1 Reason to Sell",-0.361,0.037,0.9,0.063
21,Better Streaming Stock: Disney vs Netflix,-0.723,0.058,0.82,0.121
22,Better FAANG Stock Right Now: Alphabet or Netflix?,0.382,0.157,0.843,0.0
23,Netflix’s Emmy nomination for “Squid Game” is validation of its global investments,-0.226,0.111,0.741,0.148
