﻿,Titles,Polarity,Positive,Neutral,Negative
0,Netflix tests charging extra for password sharing,0.422,0.138,0.81,0.052
1,"Film, TV production 'back at pre-pandemic levels,' aided by streaming: Studio CEO",0.991,0.096,0.879,0.024
2,Netflix Wants You To Stop Sharing Your Password,0.928,0.193,0.776,0.031
3,Netflix tests sharing accounts outside household,0.91,0.088,0.901,0.011
4,Netflix cracks down on sharing passwords,0.993,0.135,0.833,0.032
5,"Needham Sees Netflix Losing Out To Amazon, Disney, Apple and Other Streaming Rivals",0.963,0.138,0.826,0.036
6,Netflix to Test Account Sharing Feature,0.802,0.062,0.929,0.009
7,Amazon (AMZN) Receives Approval From EU for MGM Acquisition,0.998,0.174,0.814,0.012
8,3 Big Reasons to Buy Netflix During the Market Sell-Off,0.872,0.233,0.672,0.095
9,The most popular wartime apps in Ukraine and Russia,-0.893,0.094,0.68,0.227
10,TikTok's Main China Rival Loses Global Business Chief,-0.972,0.035,0.877,0.088
