﻿,Titles,Polarity,Positive,Neutral,Negative
0,'Trading Nation' Traders Weigh In On Netflix And Disney,0.98,0.123,0.854,0.023
1,"UPDATE 1-U.S. SEC, federal prosecutors charge former Netflix staffers with insider trading",0.477,0.089,0.827,0.085
2,SEC charges Netflix engineers with $3 million insider trading ring,0.511,0.128,0.827,0.045
3,SEC Sues Ex-Netflix Software Engineers for Insider Trading,0.975,0.153,0.835,0.012
4,U.S. SEC says it charges former Netflix staffers for insider trading,-0.318,0.077,0.812,0.11
5,Rarest Of Gems? Here's Why This Analyst Is Upgrading ViacomCBS,0.988,0.09,0.893,0.016
6,"ViacomCBS Gains On Europe Streaming Service Plan, Wells Fargo Upgrade",0.898,0.074,0.915,0.011
7,SoftBank Sold About $14 Billion in Listed Stocks Last Quarter,0.993,0.109,0.872,0.02
