﻿,Titles,Polarity,Positive,Neutral,Negative
0,Here’s what’s coming to Netflix in February 2022 — along with a price hike,0.361,0.132,0.784,0.085
1,"Gilbert &amp; Cook, Inc. Buys Vanguard FTSE Developed Markets ETF, Vanguard Total Bond Market ...",0.994,0.048,0.947,0.006
2,Netflix Earnings: What to Look For From NFLX,0.586,0.179,0.821,0.0
3,Netflix Reports Earnings on Thursday. Here’s What to Expect.,0.402,0.181,0.738,0.081
4,Fed may trigger 'bigger corrections' in stock market with its actions: strategist,-0.318,0.055,0.893,0.052
5,Netflix had 'tough 2021' but here's why analysts expect 2022 to 'get better',0.997,0.13,0.847,0.023
6,Facebook may be forced to respond to Microsoft's acquisition of Activision: analyst,0.385,0.048,0.918,0.034
7,Alphabet (GOOGL) Boosts Steaming Efforts With Annual Plans,0.998,0.144,0.852,0.004
8,A Deep Dive into the FAANG Earnings Charts,0.999,0.203,0.762,0.036
9,"Microsoft 'is looking forward' with Activision Blizzard acquisition, analyst explains",0.999,0.12,0.851,0.029
10,"Netflix Outlook, Union Pacific, CSX Earnings: 3 Things to Watch",0.906,0.09,0.863,0.047
11,"Johanson Financial Advisors, Inc. Buys Vanguard Mega Cap Value ETF, First Trust NASDAQ Rising ...",0.998,0.075,0.921,0.004
12,"APCM Wealth Management for Individuals Buys Tesla Inc, Xtrackers S&amp;P 500 ESG ETF, iShares ...",0.999,0.12,0.876,0.004
13,Roku's Original Content Plans Are Off to a Weird Start,0.296,0.118,0.813,0.069
