﻿,Titles,Polarity,Positive,Neutral,Negative
0,Here’s everything coming to Netflix in October 2021 — and what’s leaving,0.318,0.087,0.913,0.0
1,Why Netflix Shares Are Trading Higher Today,0.989,0.16,0.832,0.008
2,"Facebook falls on Apple ad changes, Workhorse suspends deliveries, Netflix gains on bullish call",-0.077,0.119,0.734,0.147
3,3 Great Reasons to Buy Netflix,0.74,0.325,0.675,0.0
4,"Amazon gives big rewards to vaccinated workers, Zoom's Five9 acquisition facing DOJ scrutiny, Netflix buys Roald Dahl's entire catalogue",0.361,0.189,0.811,0.0
5,"Disney’s sub growth warning, Dave &amp; Buster’s CEO retires, General Mills posts higher sales",0.0,0.0,1.0,0.0
6,Netflix Gains on Boost from Stifel's Price Upgrade,0.948,0.108,0.872,0.02
7,Here's Why Smart Investors Are Buying Netflix Stock,0.863,0.214,0.786,0.0
8,"Netflix to Buy Roald Dahl Catalog, Adding ‘Charlie and the Chocolate Factory’ to Its Stable",0.296,0.087,0.913,0.0
9,Netflix announces deal to buy Roald Dahl Story Company,0.762,0.093,0.907,0.0
10,"Matilda, Willy Wonka join Netflix catalog as it buys Roald Dahl's works",0.983,0.139,0.842,0.019
11,Netflix to Buy Manager of Willy Wonka Creator Roald Dahl's Characters,0.0,0.0,1.0,0.0
12,Philippines lower house approves VAT for big tech firms,0.84,0.082,0.868,0.05
13,Comcast Corporation (CMCSA) Fell Out Of Favor With Hedge Funds,0.999,0.102,0.874,0.024
14,Do Hedge Funds Love Adobe Inc. (ADBE)?,0.999,0.119,0.863,0.018
15,Should I Avoid The Walt Disney Company (DIS)?,0.997,0.091,0.892,0.017
16,"Hedge Funds Are Buying Netflix, Inc. (NFLX)",0.997,0.079,0.913,0.007
