﻿,Titles,Polarity,Positive,Neutral,Negative
0,Is AT&amp;T Stock a Value Stock or a Value Trap?,0.995,0.118,0.829,0.053
1,The Amazon Stock Split Gives CEO Andrew Jassy Time to Regroup,0.851,0.088,0.849,0.063
2,Here's what Amazon's stock split could mean to you,0.987,0.127,0.863,0.01
3,10 Dividend Stocks to Buy According to Billionaire Jeffrey Talpins,0.999,0.104,0.882,0.014
4,Nike Stock Is Near a Bottom Going Into an Earnings Report,0.97,0.091,0.84,0.069
5,"Zacks Value Investor Highlights: Meta Platforms, Apple, Amazon, Netflix and Alphabet",0.999,0.138,0.83,0.032
6,Evercore ISI Lauds Apple's Acquisition Of Friday Night MLB Rights,0.958,0.134,0.812,0.053
7,Should Peloton Be More Like Netflix?,0.612,0.2,0.8,0.0
8,Netflix CFO Lays Out Path to 500 Million Subscribers,0.361,0.113,0.82,0.067
