﻿,Titles,Polarity,Positive,Neutral,Negative
0,Investment officer: 'Be wary of the FANGS',-0.193,0.0,0.929,0.071
1,HMNY Stock &amp; 7 Other Reddit Penny Stocks Hoping for a Takeover,0.999,0.105,0.874,0.021
2,HMNY Stock &amp; 7 Other Reddit Penny Stocks Hoping for a Takeover,0.999,0.105,0.874,0.021
3,Top Stocks 2021: 11 Bullseye Stock Picks for Your Must-Buy List,1.0,0.154,0.812,0.034
4,Analyst: Why HBO Max may be 'pricing themselves out' with ad-supported option,0.994,0.09,0.888,0.023
5,Streaming Services Get a Boost From Pandemic: 4 Stocks to Watch,0.999,0.132,0.862,0.006
6,Better Buy: Comcast vs. Netflix,-0.586,0.0,0.862,0.138
7,5 Top Stocks To Buy in May,0.758,0.113,0.868,0.019
8,5 Top Stocks To Buy in May,0.758,0.113,0.868,0.019
9,"Twitter Slumps on Slower User Growth, Uninspiring Outlook",0.374,0.069,0.855,0.075
10,Goodbye to the golden era of cheap TV,0.941,0.226,0.756,0.018
11,Shine comes off the streaming dream as Netflix subscriptions slow,-0.226,0.051,0.886,0.062
