﻿,Titles,Polarity,Positive,Neutral,Negative
0,Disney Reports Jump in Disney+ Subscribers in Latest Quarter,0.318,0.099,0.901,0.0
1,"Disney+ Subscriptions Blow Past Views But Disney Earnings, Sales Miss",0.459,0.228,0.693,0.079
2,Disney stock turns to a loss after warning about rough road ahead for streaming,-0.422,0.069,0.792,0.139
3,Walt Disney gains ground on Netflix with strong growth in streaming,0.906,0.203,0.722,0.075
4,Dow Jones Futures: Stock Market Sells Off On Hot Inflation; This Should Worry You,-0.772,0.0,0.661,0.339
5,Disney earnings ‘a sigh of relief’ after Netflix's subscriber loss: Analyst,0.382,0.071,0.929,0.0
6,"Disney stock pops after hours on earnings, Disney+ subscribers",0.0,0.0,1.0,0.0
7,"Market check: Energy outperforms, Big Tech stocks slide",0.586,0.05,0.926,0.024
8,"Despite Its Decline, Buy Spotify as Its CEO Increases His Stake",0.995,0.134,0.825,0.041
9,The party’s officially over for at-home tech stocks,0.996,0.105,0.858,0.038
10,"CEO predicts recession 'in coming quarters,' citing mortgage interest rates",0.978,0.114,0.824,0.062
11,"Netflix stock falls toward a 5-year low, has lost more than half its value since reporting Q1 results",0.026,0.084,0.837,0.08
12,Disney Earnings Due: Disney+ Subscriptions In Focus After Shock Netflix Decline,0.052,0.053,0.897,0.05
13,"Disney Should Buy Netflix or Roblox, Says Analyst. It Would Have to First Unload Hulu.",0.586,0.161,0.839,0.0
14,Four reasons why tech stocks are falling,0.978,0.081,0.87,0.049
15,Shutterstock Acquires Pond5 for $210 Million,0.586,0.059,0.914,0.027
16,"Disney earnings preview: Streaming woes, DeSantis battle — Here's what to know",-0.586,0.056,0.884,0.06
17,Chicken Soup for the Soul to Acquire Redbox,0.273,0.11,0.89,0.0
18,$170 Billion Wiped Off Netflix's Market Value: Should You Buy Now?,0.62,0.112,0.86,0.029
19,Disney Bulls Stay Put Even After Netflix Streaming Slump,-0.904,0.076,0.834,0.089
20,Cheaper Netflix subscription by the end of the year – but there's a catch,0.234,0.049,0.907,0.044
21,"Netflix’s ad-supported tier, password-sharing crackdown may come by end of 2022: report",0.422,0.057,0.943,0.0
