﻿,Titles,Polarity,Positive,Neutral,Negative
0,“The Sons of Sam” Director on the boom in popularity of true crime documentaries,0.34,0.242,0.615,0.143
1,Tech stocks get pounded — here are a few simple reasons why,0.975,0.088,0.857,0.055
2,Netflix Stock Falls Off Highs; Option Traders Eye Diagonal Put Spread,-0.19,0.0,0.916,0.084
3,AT&amp;T: A Reasonably Valued Yield Candidate,0.995,0.107,0.868,0.025
4,Roku Just Had a Monster Quarter: Is It the Best Post-Pandemic Streaming Stock to Own?,0.402,0.065,0.935,0.0
5,Tech stocks extend losses,-0.402,0.0,0.917,0.083
6,"Stock Market News for May 11, 2021",0.996,0.138,0.805,0.056
7,HBO Max Movie Releases Aren't Hurting the Warner Bros. Box Office,0.819,0.083,0.917,0.0
8,"Apple, Netflix and 17 More Stocks Investors Are Selling That Wall Street Loves",0.612,0.192,0.808,0.0
9,"Apple, Netflix, and 17 More Stocks Investors Are Selling That Wall Street Loves",0.612,0.192,0.808,0.0
10,How much did Marvel heroes help lift Disney+? Answer due Thursday,0.964,0.093,0.87,0.037
11,"FAANG Slips On Fear Of Money Tightening, Regulatory Action To Tame Big Tech",-0.628,0.051,0.879,0.07
