﻿,Titles,Polarity,Positive,Neutral,Negative
0,Is this stock the next Amazon?,0.846,0.067,0.901,0.032
1,Amazon stock could be a powerful investment the next five years: Top analyst,0.997,0.177,0.811,0.012
2,Why Is Netflix (NFLX) Up 10.7% Since Last Earnings Report?,0.999,0.14,0.84,0.02
3,"It Would Take Longer, But This Netflix Stock Option Trade Offers 25% Return",0.913,0.198,0.773,0.029
4,ViacomCBS (VIAC) Paramount+ Attains New High With 1M Sign-Ups,0.997,0.139,0.852,0.008
5,"Mark Mahaney explains how to pick the best tech stocks, the future of Amazon, and Uber's value",0.422,0.09,0.88,0.03
6,Why Can't More Companies Be Like Netflix?,0.595,0.08,0.92,0.0
7,This Number Shows Why Roblox Has Reached the Big Leagues,0.965,0.208,0.792,0.0
8,Why Netflix Stock Can Keep Climbing Higher,0.998,0.13,0.847,0.023
9,You Won't Believe What Amazon and Netflix Just Partnered On,0.599,0.096,0.858,0.046
10,Should You Buy AMC Stock After Q3 Earnings?,0.242,0.083,0.848,0.069
11,"Evergrande Sells Stake in ‘China’s Netflix,’ Booking Steep Loss",-0.7,0.04,0.855,0.104
12,"5 Growth Stocks That Can Turn $250,000 Into $1 Million by 2030",0.96,0.292,0.708,0.0
