﻿,Titles,Polarity,Positive,Neutral,Negative
0,Netflix makes good on pledge to put 2% of its cash in Black-led banks,0.434,0.115,0.885,0.0
1,Salesforce Joins the List of Companies With Two CEOs. Here's a Look at How They're Doing,0.727,0.283,0.717,0.0
2,"Facebook’s Meta Ticker Takes Over in Canada, Ignoring U.S. Delay",0.791,0.044,0.93,0.026
3,Why Disney Still Belongs in the Lead Pack on Wall Street,0.994,0.105,0.854,0.042
4,Comcast (CMCSA) Disney Renews Content Carriage Agreement,0.998,0.142,0.85,0.008
5,2 Stocks to Buy If You Are Worried About the New Coronavirus Variant,-0.19,0.0,0.963,0.037
6,I Just Bought Crypto.com Coin. Here Are 3 Reasons Why I Did.,0.998,0.123,0.849,0.029
