﻿,Titles,Polarity,Positive,Neutral,Negative
0,Disney Plus growth slows as streaming fatigue hits,0.975,0.115,0.852,0.033
1,TGNA vs. NFLX: Which Stock Is the Better Value Option?,0.999,0.236,0.76,0.004
2,TGNA vs. NFLX: Which Stock Is the Better Value Option?,0.999,0.236,0.76,0.004
3,Disney Q2 earnings: Wall Street to eye Disney+ growth and parks business during recovery,0.969,0.065,0.904,0.032
4,Halston's party wardrobe is just what we need for easing out of lockdown,0.988,0.081,0.9,0.019
5,2 Top Growth Stocks on Sale After Earnings,0.952,0.266,0.734,0.0
6,Why I'll Never Sell My Netflix Stock,0.649,0.29,0.71,0.0
