﻿,Titles,Polarity,Positive,Neutral,Negative
0,Reasons to Bet on Paypal Stock’s V-Shaped Rebound,0.99,0.098,0.841,0.061
1,A Return to More Normal Key Metrics for Roblox Is a Good Thing,0.989,0.089,0.868,0.043
2,Netflix (NFLX) Dips More Than Broader Markets: What You Should Know,0.988,0.091,0.886,0.023
3,"7 Tech Stocks to Buy as Apple, Intel, and Microsoft Lead Russia Boycotts",0.998,0.097,0.841,0.062
4,"Russia’s Invasion Is Accelerating Splinternet, French Envoy Says",-0.965,0.045,0.874,0.081
5,"3 Reasons to Buy Netflix, and 1 Reason to Sell",-0.296,0.0,0.934,0.066
6,AMC Stock Will Not Benefit Massively From Hycroft Investment,0.994,0.121,0.803,0.077
7,2 Top Nasdaq Stocks to Buy on the Dip,-0.478,0.056,0.84,0.104
8,Is it time for television to get rebundled?,-0.202,0.029,0.906,0.066
9,Is it time for television to get rebundled?,0.999,0.119,0.841,0.041
