﻿,Titles,Polarity,Positive,Neutral,Negative
0,Netflix (NFLX) Stock Sinks As Market Gains: What You Should Know,0.99,0.098,0.878,0.024
1,Twitter Reacts To Netflix's 'Stranger Things' Finale,-0.296,0.051,0.884,0.065
2,"Streaming 'has become a different animal,' TV writer Shonda Rhimes says",0.988,0.077,0.918,0.005
3,Could Netflix Find A Merger Partner At Sun Valley Conference?,0.0,0.0,1.0,0.0
4,Fed rate hikes will ‘hurt the generation of new tech startups’: Appian CEO,0.052,0.091,0.823,0.085
5,Needham Sees Netflix's Ad Driven Tier Dependent On Measurement; Looks Forward To CTV Measurement Conference Next Week,0.971,0.108,0.857,0.035
6,"Needham Sees Magnite As Primary Beneficiary Of Netflix, Disney+ Adding Ad-Driven Streaming Tiers",0.983,0.112,0.856,0.032
7,Netflix greenlights a 'Stranger Things' spin-off series to help build a franchise,0.985,0.1,0.875,0.025
8,"Netflix Q2 Subscriber Losses Could Be Worse Than Forecast, Analyst Warns",0.542,0.208,0.726,0.066
9,Why Comcast's Peacock Could Become a Major Threat in the Streaming Wars,0.414,0.048,0.952,0.0
10,2 Stocks That Could Grow Your Portfolio Over the Next Decade,0.893,0.196,0.804,0.0
11,Netflix (NFLX) Series Stranger Things 4 Sets Viewership Record,0.996,0.098,0.882,0.019
12,ETFs to Gain From Stranger Things on Netflix,0.996,0.107,0.868,0.025
13,Where Will Netflix Be In 5 Years?,-0.103,0.058,0.873,0.069
14,Betting Against Tech Is Finally a Winning Trade as Short Sellers Sit on $20 Billion Profit,0.993,0.114,0.814,0.072
15,UPDATE 1-Hollywood veteran Chernin forms new studio with acquisition of Red Arrow Studios,0.969,0.091,0.87,0.039
16,Hollywood veteran Chernin forms new studio with acquisition of Red Arrow Studios,0.969,0.094,0.866,0.04
17,Why Netflix Needs Live Sports More Than Any Other Streamer,0.494,0.065,0.935,0.0
18,5 lessons from the bear market,-0.599,0.127,0.7,0.173
19,New season of Netflix’s ‘Stranger Things’ tops 1 billion hours watched,0.0,0.0,1.0,0.0
