﻿,Titles,Polarity,Positive,Neutral,Negative
0,Netflix and Disney+ Are About to Get Ads. What It Means for Streaming Stocks.,0.477,0.201,0.679,0.12
1,Anti-gay sentiment shows limit of Gulf states’ liberal drive,0.0,0.0,1.0,0.0
2,"Illness Leads Designer to Resign From Netflix and Roku to Focus on Himself, Creates App and Community",0.993,0.12,0.869,0.011
3,Netflix (NFLX) Moves 5% Higher: Will This Strength Last?,0.995,0.169,0.824,0.007
4,Big Tech stocks face difficulty beyond rising rates,0.052,0.138,0.734,0.128
5,Tech giants have bigger problems than rising interest rates: Morning Brief,0.985,0.086,0.862,0.053
6,'Squid Game' director in dilemma over reviving dead characters for 2nd season,0.788,0.146,0.737,0.117
