﻿,Titles,Polarity,Positive,Neutral,Negative
0,"4 Top Stock Trades for Monday: NFLX, SNOW, LEVI, TWLO",0.996,0.128,0.821,0.05
1,"If You Only Buy 1 Fintech Stock, Make It One of These 5",0.999,0.137,0.853,0.009
2,"Pfizer’s COVID-19 booster shot, Equinox merger talks over, Shonda Rhimes expands Netflix deal",0.0,0.073,0.854,0.073
3,Netflix (NFLX) Expands Content Deal With Producer Shonda Rhimes,0.999,0.135,0.852,0.013
4,"Diamondback Energy, Domino's Pizza, Netflix and Pinterest highlighted as Zacks Bull and Bear of the Day",1.0,0.123,0.846,0.032
5,Better Buy: Disney vs. Netflix,0.929,0.189,0.811,0.0
6,The 1 FAANG Stock to Buy Hand Over Fist for the Second Half of 2021 (and Beyond),0.178,0.108,0.892,0.0
7,Tech Stocks Roundup: Jim Cramer Says FAANG Is Not Dead,0.202,0.083,0.917,0.0
8,"Net Neutrality, Pfizer Booster, China Eases - What's Moving Markets",0.89,0.061,0.888,0.05
9,Netflix Hires First Head of Podcasts: Former Apple and NPR Exec N’Jeri Eaton,0.898,0.044,0.956,0.0
