﻿,Titles,Polarity,Positive,Neutral,Negative
0,"How Should Netflix, Disney Handle Uncomfortable Content?",-0.315,0.127,0.707,0.166
1,"Spotify/Netflix: music streaming is proving sticky, but not necessarily more profitable",-0.71,0.0,0.813,0.187
2,Netflix Is the Worst-Performing Stock in the S&amp;P 500. But Is It a Buy?,0.402,0.236,0.764,0.0
3,Marvel Is Integral to Disney's Streaming Strategy,0.934,0.209,0.773,0.018
4,"Uncoupled, Netflix review — middle-aged gay romcom could do with fresher jokes",0.791,0.147,0.814,0.039
5,"Should Investors Buy Netflix Stock With $1,000 Right Now?",0.039,0.06,0.94,0.0
6,3 Reasons Disney+ Could Soon Overtake Netflix,0.552,0.072,0.928,0.0
7,"If You Invested $3,000 in Netflix in 2007, This Is How Much You Would Have Today",0.0,0.0,1.0,0.0
8,Actor Gugu Mbatha-Raw: ‘It’s nice not to be encouraged to stay in your lane’,0.34,0.152,0.848,0.0
