﻿,Titles,Polarity,Positive,Neutral,Negative
0,"'Scream' hits theaters, Netflix raises prices",0.572,0.113,0.887,0.0
1,"As Wall Street braces for Netflix subscriber-growth miss, some want the company to stop reporting the number",0.477,0.117,0.808,0.075
2,"Netflix raising U.S. prices, standard plan to top $15 a month",0.599,0.12,0.88,0.0
3,"Netflix Raises U.S. Prices, and the Stock Is Up",0.0,0.0,1.0,0.0
4,Netflix raises subscriber prices ahead of earnings,0.974,0.078,0.922,0.0
5,Netflix Raises Price of Standard U.S. Plan by $1.50 a Month,0.969,0.094,0.886,0.02
6,"UPDATE 1-Netflix raises monthly subscription prices in U.S., Canada",0.963,0.068,0.925,0.007
7,"Exclusive-Netflix raises monthly subscription prices in U.S., Canada",0.965,0.071,0.927,0.003
8,"Tennis-ATP, WTA team up with Netflix for documentary series",0.973,0.131,0.861,0.009
9,7 Earnings Reports to Watch the Week of January 17,0.998,0.08,0.907,0.013
10,"HighTower Trust Services, LTA Buys Amazon. ...",0.999,0.123,0.871,0.006
11,"Market check: Stocks choppy in intraday trading, tech stocks turn green",0.0,0.0,1.0,0.0
12,Netflix Is About To Get More Expensive,0.273,0.024,0.963,0.013
13,2 Stocks to Buy No Matter What Happens in 2022,0.642,0.111,0.864,0.025
14,Preview: What to Expect From NetFlix’s Earnings Next Week,0.992,0.12,0.842,0.038
15,ViacomCBS (VIAC) Inks Content Distribution Deal With Comcast,0.993,0.11,0.875,0.015
16,Netflix Shares Jump on Report It Hiked U.S. Monthly Subscription Fee,0.97,0.114,0.879,0.007
17,Companies to Watch Among Those Reporting Next Week,0.0,0.0,1.0,0.0
18,McLean Asset Management Corp Buys Avantis U.S. ...,0.999,0.105,0.885,0.01
19,Netflix Q4 Earnings Preview: Will Subscribers Keep Signing Up?,0.66,0.141,0.818,0.041
20,Oakmark Funds: “We See a Strong Analogy to Netflix (NFLX) Today”,0.992,0.106,0.883,0.011
