﻿,Titles,Polarity,Positive,Neutral,Negative
0,"Making Big Tech share telecoms costs would undermine EU net neutrality, rights groups say",-0.114,0.05,0.901,0.048
1,"Yahoo Finance Presents: Marc Randolph, Netflix Co-Founder",0.999,0.095,0.876,0.028
2,Netflix co-founder: 'Thank goodness I'm not the CEO of a major media company today',0.885,0.065,0.894,0.042
3,"No, the Success of Top Gun: Maverick Isn’t Enough to Save AMC Stock",0.99,0.147,0.748,0.105
4,Formula 1 Streaming License Could Be Major Catalyst For Netflix - Read Why,0.946,0.105,0.862,0.032
5,Spotify shouldn't be punished for Netflix's problems: analyst,0.532,0.07,0.872,0.058
6,ROKU Introduces New Hispanic Streaming Hub Espacio Latino,0.996,0.11,0.879,0.012
7,"Netflix co-founder talks password sharing crackdown, engaging with political issues",0.637,0.206,0.794,0.0
8,Why Is Everyone Talking About Netflix Stock?,0.44,0.231,0.769,0.0
9,"Why Spotify stock is a better buy than Netflix, according to an analyst",0.0,0.0,1.0,0.0
10,2 Growth Stocks That Are Down 70% and 75%,0.572,0.209,0.791,0.0
11,10 Best Recession Stocks to Buy According to Jim Cramer,0.999,0.121,0.843,0.036
12,"This Beat-Up Mega Tech Stock Is Your Best Bet, Analysts Say",-0.103,0.14,0.654,0.206
13,Why Facebook Watch Should Beware Disney+ and Netflix,-0.067,0.021,0.941,0.038
