﻿,Titles,Polarity,Positive,Neutral,Negative
0,"Dow Jones Futures: Tesla, Nvidia Lead 'Hard Penny' Market Rally Retreat; IBM Flirts With Breakout, Netflix Near Buy With Earnings Due",-0.153,0.0,0.912,0.088
1,How entertainment services vary across generations,0.637,0.14,0.86,0.0
2,The Best of the FAANG Earnings Charts,0.997,0.153,0.813,0.034
3,"Dow Jones Futures: 'Hard Penny' Stock Market Rally Retreats With Tesla, Nvidia, Square; Netflix Near Buy Point With Earnings Due",-0.103,0.0,0.935,0.065
4,Netflix: Will Streaming Competition Bite Into 1st-Quarter Earnings?,0.992,0.124,0.8,0.076
5,Netflix Earnings: What to Look For From NFLX,0.361,0.122,0.878,0.0
6,Brooklyn Decker launches fashion line with BURU,0.422,0.08,0.92,0.0
7,What's in Store for Netflix ETFs in Q1 Earnings?,0.999,0.14,0.838,0.022
8,"Strong Earnings from Coca-Cola Start Week, with IBM on Way Ahead of Netflix Tomorrow",0.999,0.119,0.827,0.054
9,Netflix Stock Has a Lot to Prove This Week,0.202,0.114,0.886,0.0
10,These Are Netflix's Must-Know Levels Ahead of Earnings,0.0,0.0,1.0,0.0
11,We Like These Underlying Return On Capital Trends At Netflix (NASDAQ:NFLX),0.997,0.139,0.839,0.022
12,10 Biggest Companies Behind Upcoming Movies and TV Shows,0.999,0.093,0.883,0.024
13,10 Biggest Companies Behind Upcoming Movies and TV Shows,0.999,0.093,0.883,0.024
14,"Dow Jones Futures Fall, Bitcoin Slumps As Stock Market Rally Enters Power Trend; Square, Apple, Tesla In Focus",0.681,0.23,0.688,0.082
15,"Dow Jones Futures Fall, Bitcoin Slumps As Stock Market Rally Enters Power Trend; Square, Apple, Tesla In Focus",0.681,0.23,0.688,0.082
16,Mo Abudu: media mogul putting Africa in the picture,0.814,0.128,0.854,0.018
