﻿,Titles,Polarity,Positive,Neutral,Negative
0,Paramount Isn't Flinching as Netflix Enters Battle for Advertising Dollars,0.0,0.0,1.0,0.0
1,What’s behind Netflix’s culture shift to ‘fear-based’ decision-making?,0.982,0.089,0.875,0.036
2,"Meta ‘is going through a wrenching business model change,’ analyst says",0.881,0.32,0.68,0.0
3,Is It Time to Buy the S&amp;P 500's 4 Worst-Performing Stocks?,-0.128,0.194,0.633,0.173
4,"In the Streaming Wars, Timing Is Everything -- and This Stock Looks Like a Winner",0.765,0.192,0.808,0.0
5,Luxury Realtor Juawana Colbert Talks ‘Selling Tampa’ Housing Market and New Wine Bar,0.99,0.102,0.887,0.011
6,Is Spotify Technology Stock Recession-Proof?,0.859,0.317,0.615,0.069
7,‘Perfect storm’ wipes nearly $400bn off value of large US media groups,-0.889,0.024,0.834,0.141
