﻿,Titles,Polarity,Positive,Neutral,Negative
0,Here’s everything new on Netflix in November 2021 — and what’s leaving,0.0,0.0,1.0,0.0
1,Protesters Gather at Netflix Office Amid Controversy Over Dave Chappelle Special,-0.402,0.133,0.665,0.202
2,REFILE-US STOCKS-Wall Street closes higher as earnings reports soothe investor fears,0.986,0.116,0.829,0.055
3,"Cramer's Mad Money Recap 10/20: Tesla, Amazon, Netflix",0.537,0.199,0.705,0.097
4,Facebook stock looks silly cheap: analyst,0.966,0.082,0.885,0.032
5,Why Netflix Shares Are Trading Lower Today,0.811,0.051,0.917,0.032
6,Cathie Wood: This one simple tailwind will push the bull market to 2038 — here are 3 stocks to ride it,0.997,0.114,0.883,0.003
7,Cathie Wood: This one simple tailwind will push the bull market to 2038 — here are 3 stocks to ride it,0.997,0.114,0.883,0.003
8,Netflix has 'long runway ahead' after 'Squid Game' success; Chappelle headwinds loom,0.997,0.141,0.798,0.061
9,"Netflix adds 4.4M subscribers in Q3, topping estimates",0.296,0.104,0.896,0.0
10,"Netflix Holds Back the Nasdaq, But Will Tesla Hit the Gas?",0.0,0.0,1.0,0.0
11,Netflix Hit 'Squid Game' Proves Streamer Can Monetize Global Content,0.0,0.0,1.0,0.0
12,Netflix Is ‘Back on Track.’ Most Analysts Loved Its Earnings.,0.751,0.225,0.775,0.0
13,"Dow Jones Hits Record High But Nasdaq Lags As Netflix, Growth Stocks Weigh",0.103,0.109,0.798,0.092
14,"Netflix sees jump in subscribers in Q3, praises 'Squid Game'",0.772,0.309,0.691,0.0
15,Netflix boss says sorry for Dave Chappelle response as staff walk out in protest,0.619,0.112,0.784,0.105
16,10 Earnings Reports Everyone is Talking About,0.999,0.118,0.864,0.018
17,S&amp;P 500 Ends Just Shy of Closing Record as Bullish Stock Bets Continue,0.951,0.105,0.841,0.054
18,Netflix’s new ‘ho-hum’ dynamic wins praise,0.0,0.0,1.0,0.0
19,Netflix on Trans Employee Walkout Protesting Dave Chappelle Special: ‘We Understand the Deep Hurt That’s Been Caused’,0.96,0.099,0.84,0.062
20,ETFs to Buy as Squid Game Boosts Netflix Q3 Earnings,0.999,0.139,0.837,0.024
21,UPDATE 1-Netflix workers stage walk-out over Chappelle transgender comments,0.392,0.092,0.827,0.081
22,"5 Top Stock Decliners for Wednesday: PayPal, Netflix, Novavax",0.772,0.137,0.863,0.0
23,Abbot Labs and Biogen Outshine Novavax in the Health Care Sector,0.999,0.136,0.798,0.066
24,A Crowded Earnings Calendar Ahead,0.978,0.055,0.938,0.007
25,Analyst breaks down what’s ‘really exciting’ about Netflix,0.296,0.087,0.913,0.0
26,"Netflix (NFLX) Q3 Earnings Top, User Growth Beats Expectations",0.999,0.154,0.824,0.022
27,S&amp;P 500 Nears Record High as Defensive Stocks Shine,0.958,0.108,0.843,0.049
28,Blockbuster Q3 Makes Netflix Pricey: 3 Low-Cost Media Picks,0.997,0.103,0.892,0.005
29,E-mini NASDAQ-100 Index (NQ) Futures Technical Analysis – Upside Momentum Could Trigger Breakout into 15702.25,0.947,0.074,0.893,0.033
30,Dow Jones Rallies As Netflix Slides On Earnings; Tesla Earnings Due,0.0,0.0,1.0,0.0
31,Why Netflix is down despite Q3 earnings beat,0.0,0.0,1.0,0.0
32,3 Surprises in Netflix's Strong Quarterly Report,0.494,0.061,0.939,0.0
33,Tech Earnings Are Here: Which Ones Should You Buy?,1.0,0.193,0.785,0.022
34,Dow Jones Futures Fall As Netflix Slides On Earnings; Tesla Earnings Due,-0.296,0.0,0.896,0.104
35,Netflix Hints at 'Squid Game'-Inspired Video Game Following Record Success For Korean Drama,-0.599,0.0,0.87,0.13
36,Netflix Reports Better-Than-Expected Q3 Earnings,0.999,0.171,0.825,0.004
37,1 Must-See Quote in Netflix's Earnings Report,0.937,0.138,0.83,0.032
38,Futures flat on worries over supply chain disruptions; Netflix falls,0.967,0.098,0.857,0.044
39,"Netflix stock slumps after earnings as Deutsche Bank downgrades, but most analysts boost price targets",-0.71,0.025,0.869,0.105
40,US STOCKS-Futures flat on worries over supply chain disruptions; Netflix falls,0.967,0.093,0.866,0.042
41,Netflix workers stage walk-out over Chappelle transgender comments,0.178,0.095,0.82,0.085
42,10 Safest Stocks To Buy Now,1.0,0.127,0.846,0.027
43,Netflix workers stage walk-out over Chappelle transgender comments,0.178,0.094,0.822,0.084
44,Netflix Delivered on Subscriber Growth. Its Stock Is Dropping Anyway.,0.7,0.099,0.88,0.021
45,Gina Sanchez Expects Netflix Subscriber Growth To Slow Post-Pandemic,0.915,0.077,0.923,0.0
46,Facebook May Be Changing Its Name. Investors Aren’t Rewarding the Current One.,0.691,0.144,0.856,0.0
47,"Dow Jones Futures: Market Rally, Bitcoin Near Highs, Netflix Leads Earnings Movers; Tesla On Tap",0.0,0.0,1.0,0.0
48,Netflix Stock Gets a Round of Price Target Boosts After Earnings Beat,0.0,0.0,1.0,0.0
49,"3 FAANG Stocks With 47% to 55% Upside, According to Wall Street",0.178,0.078,0.922,0.0
