﻿,Titles,Polarity,Positive,Neutral,Negative
0,"Disney Has a Plan Star Wars, Marvel, Pixar Fans Will Love",0.608,0.159,0.841,0.0
1,Netflix has put its longtime Los Gatos headquarters and campus up for sublease,0.0,0.0,1.0,0.0
2,Streaming: Consumers cancel subscriptions to multiple platforms amid rising costs,0.0,0.0,1.0,0.0
3,Netflix Is Evolving to Diversify Revenue in a Challenging Environment,0.997,0.112,0.878,0.01
4,'Survival of the fittest': Analyst details Walmart's path to streaming success,0.947,0.057,0.935,0.008
5,Walt Disney Has a $30 Billion Growth Plan,0.608,0.159,0.841,0.0
6,Did Disney Just Turn a Genius Move Into a Big Mistake?,0.625,0.073,0.927,0.0
7,Disney Has a Long Way to Go to Catch Up to Netflix,0.329,0.181,0.723,0.096
8,Disney and Netflix Need to Follow Warner Bros. Discovery's Lead On This One Crucial Point,0.863,0.182,0.791,0.027
9,FAANG stocks lost $827 billion in market cap this year,0.0,0.0,1.0,0.0
10,7 Undervalued Robinhood Stocks to Buy Now,0.933,0.079,0.858,0.064
11,7 Bargain Stocks to Buy Before the Bull Market Returns,0.995,0.095,0.849,0.057
12,5 Stocks That Will Get Worse Before They Get Better,0.987,0.102,0.831,0.066
13,"Streaming Services Deal With Growing Number of Subscribers Who ‘Watch, Cancel and Go’",0.0,0.0,1.0,0.0
