﻿,Titles,Polarity,Positive,Neutral,Negative
0,Why one analyst is pushing to buy ‘oversold tech stocks’ like Apple,0.361,0.094,0.906,0.0
1,Why Netflix is finally cracking down on password sharing,0.998,0.123,0.865,0.012
2,Netflix Hopes To Convert Freeloaders Into Members For Revenue Boost,0.66,0.221,0.779,0.0
3,10 Stocks Gaining Ground on Thursday,0.978,0.072,0.897,0.031
4,Here's what Warren Buffett's favorite stock market indicator is saying now,0.978,0.092,0.875,0.033
5,"Netflix’s Password Crackdown Isn’t a Game Changer for Revenue, Says a Longtime Bearish Analyst",0.625,0.221,0.779,0.0
6,"Buy ‘oversold tech stocks,’ especially Apple: Analyst",0.994,0.109,0.868,0.022
7,Netflix Is Cracking Down on Password Sharing,-0.166,0.037,0.905,0.058
8,Netflix (NFLX) Testing New Features Regarding Account Sharing,0.999,0.162,0.815,0.024
9,Netflix Survey Results Show a Decline In Satisfaction Says Evercore ISI,0.791,0.086,0.88,0.034
10,Amazon Consummates MGM Deal Post Clean Chit From Regulators,0.961,0.168,0.781,0.051
11,Netflix cracks down on password sharing,0.422,0.157,0.843,0.0
12,Is Netflix Stock a Buy Now?,0.691,0.283,0.717,0.0
13,2 Stocks to Buy Now While the Market Is Still Down,-0.275,0.061,0.838,0.101
14,Will Netflix Be a Trillion-Dollar Stock by 2030?,0.625,0.145,0.855,0.0
15,3 Growth Stocks That Could Be Headed for Trouble,0.827,0.132,0.868,0.0
16,Wall Street Is Sleeping on This Unstoppable Growth Stock,0.226,0.173,0.652,0.175
17,"For What It's Worth, Netflix Is Finally Addressing the Password-Sharing Issue",-0.599,0.0,0.824,0.176
18,Should Investors Jump on Netflix Amid Its Recent Crash?,0.818,0.169,0.773,0.058
