﻿,Titles,Polarity,Positive,Neutral,Negative
0,'Stranger Things' Return Isn't Boosting Netflix Subscriber Count: Analyst,0.477,0.14,0.86,0.0
1,Netflix has warned about a crackdown on password sharing. It’s looking like an empty threat,0.529,0.086,0.823,0.09
2,Did ‘Stranger Things’ Help Netflix Subscriptions? One Analyst Is Wary.,0.0,0.0,1.0,0.0
3,"DEADLINE ALERT for NFLX, MULN, AMZN, ARQQ: Law Offices of Howard G. Smith Reminds Investors of Class Actions on Behalf of Shareholders",0.937,0.079,0.856,0.065
4,"'The door is open' for Netflix to expand box office reach, says theater owners' chief",0.995,0.126,0.833,0.041
5,Streaming Video Still Has a Lot of Room to Grow,0.202,0.092,0.827,0.081
6,Nasdaq Bear Market: 3 Brand-Name Stocks You'll Regret Not Buying on the Dip,0.103,0.111,0.812,0.077
7,Why Netflix Could See Revenue Surge Despite Major Subscriber Losses,0.422,0.157,0.843,0.0
8,"NETFLIX, INC. (NASDAQ: NFLX) SHAREHOLDER CLASS ACTION ALERT: Bernstein Liebhard LLP Reminds Investors of the Deadline to File a Lead Plaintiff Motion in a Securities Class Action Lawsuit Against Netflix, Inc. (NASDAQ: NFLX)",0.961,0.088,0.854,0.058
9,The Queen Has Seen It All in Her 70 Years. How Will Prince Charles Compare?,-0.991,0.046,0.882,0.073
