﻿,Titles,Polarity,Positive,Neutral,Negative
0,Looking Back at a Bad Day in the Stock Market,0.128,0.055,0.899,0.047
1,4 Buy-Ranked Tech Companies That Reported Solid Earnings,1.0,0.177,0.784,0.038
2,4 Buy-Ranked Tech Companies That Reported Solid Earnings,1.0,0.177,0.784,0.038
3,Netflix Wins Big at the Oscars,0.511,0.193,0.807,0.0
4,Why AMC Entertainment Stock Jumped Monday,0.077,0.132,0.743,0.125
5,"Microsoft Profit, Tesla Reaction, Consumer Confidence: 3 Things to Watch",0.979,0.098,0.878,0.025
6,NXST or NFLX: Which Is the Better Value Stock Right Now?,0.999,0.231,0.765,0.004
7,Oscars 2021 recap: Highlights from the 93rd Academy Awards,0.0,0.0,1.0,0.0
8,Netflix's Pandemic Boost Is Over -- but Here's Why I'm Not Worried,0.0,0.0,1.0,0.0
9,4 Large-Cap Growth Stocks That Cathie Wood Is Buying,0.778,0.342,0.658,0.0
10,The Oscars delivers promising night for diversity as industry tries to look beyond Covid-19,0.975,0.435,0.565,0.0
11,"Oscar awards cap strange season as diversity, women and streaming take center stage",0.999,0.187,0.776,0.036
12,Netflix Racks Up Big Wins at 93rd Academy Awards,0.459,0.107,0.893,0.0
13,"Buy-the-Dip Candidates: Netflix, Altria, Coinbase, Shopify",-0.202,0.096,0.778,0.126
14,Buy-the-Dip Candidates: Buy the Dip in FAANG Stocks Like Netflix,-0.202,0.096,0.778,0.126
15,"Premarket Movers Monday- Etsy, Tesla and Albertsons",0.178,0.113,0.785,0.102
16,"Disney's Searchlight studio takes top Oscar, Netflix still waiting",0.998,0.182,0.791,0.027
17,‘Nomadland’ Wins Best Picture Oscar in a Rare Victory for Disney,1.0,0.305,0.656,0.039
18,"Netflix Wins Seven Oscars, Biggest Haul Among All Studios This Year",0.997,0.138,0.825,0.037
19,"‘Nomadland’ wins Best Picture, Director and Actress at Academy Awards",0.979,0.281,0.665,0.053
