﻿,Titles,Polarity,Positive,Neutral,Negative
0,Want to Save Your Retirement Fund? Tune Out the Talking Heads,-0.511,0.0,0.864,0.136
1,Netflix's ad rollout signals 'paradox of choice' for both brands &amp; consumers: Expert,0.991,0.096,0.862,0.043
2,The 5 Worst Performing Stocks in the S&amp;P 500 This Quarter,-0.25,0.119,0.678,0.203
3,"Some streaming ads go to waste, new 'Stranger Things' set to debut",0.0,0.0,1.0,0.0
4,Tech stocks: Nasdaq having its worst year ever,0.0,0.0,1.0,0.0
5,These Cruise Stocks Are the S&amp;P 500’s Worst Performers in the Second Quarter,-0.25,0.119,0.678,0.203
6,3 Reasons Netflix Should Bounce Back in July,0.832,0.341,0.659,0.0
7,Netflix's Password-Sharing Ideas Are Not New,0.0,0.0,1.0,0.0
8,5 Stay-at-Home Stocks Revisited,0.511,0.076,0.924,0.0
9,Zoom Bets on Corporate Customers to Stem Post-Pandemic Crash,0.999,0.12,0.846,0.034
10,Don't Count Netflix Out: The Streaming Stock Is Gearing Up to Make a Massive Move,0.382,0.102,0.846,0.051
11,The Top 2 Reasons Consumers Cancel Streaming Services,0.477,0.074,0.88,0.046
12,Here's Why Netflix Will Win the Streaming Wars,0.077,0.075,0.925,0.0
13,Nexstar Nears Deal To Snap Majority Control In CW Network: WSJ,0.979,0.135,0.814,0.051
14,Why the latest round of tech layoffs feels a bit different,0.737,0.044,0.917,0.039
15,"Bragar Eagel &amp; Squire, P.C. Reminds Investors That Class Action Lawsuits Have Been Filed Against Netflix, Mullen, Arqit, and Amazon and Encourages Investors to Contact the Firm",0.983,0.076,0.874,0.05
