﻿,Titles,Polarity,Positive,Neutral,Negative
0,"Netflix: Now Is the Time to Load up on Shares, Says Analyst",0.994,0.104,0.887,0.009
1,"Google, Amazon And Netflix Are Scrambling for This Rare Gas",1.0,0.105,0.847,0.048
2,'The audiences are always ahead': Will Packer Productions Pres. on diversity in Hollywood,0.0,0.0,1.0,0.0
3,Here’s everything new coming to Netflix in June 2021 — and what’s leaving,0.0,0.0,1.0,0.0
4,Tech Stocks Roundup: Jim Cramer Says to Buy Salesforce Stock,0.202,0.076,0.924,0.0
5,Tech Stocks Roundup: Jim Cramer Says to Buy Salesforce Stock,0.202,0.076,0.924,0.0
6,Is Roku Stock A Buy As Company Starts Streaming Former Quibi Shows?,0.0,0.0,1.0,0.0
7,"ViacomCBS could be a takeover target amid media merger frenzy, analyst says in double upgrade",0.0,0.0,1.0,0.0
8,ViacomCBS Stock Is Rallying. BofA Sees a Potential Takeover.,0.402,0.063,0.913,0.024
9,Why Is Netflix (NFLX) Down 4.2% Since Last Earnings Report?,0.997,0.098,0.876,0.026
10,Godzilla vs. Kong success a 'good omen’ for movie industry: Tribeca Enterprises CEO,0.996,0.124,0.838,0.039
11,Blockbusters like Godzilla v. Kong help ‘all of us in the movie business’: Jane Rosenthal,0.983,0.125,0.875,0.0
12,Disney Doubles Streaming Subscribers,-0.861,0.0,0.84,0.16
13,Influencers with Andy Serwer: Jane Rosenthal,0.202,0.045,0.955,0.0
14,Influencers with Andy Serwer: Jane Rosenthal,1.0,0.098,0.883,0.019
