﻿,Titles,Polarity,Positive,Neutral,Negative
0,NFL is seeking a streaming platform to host its Sunday Ticket,0.0,0.0,1.0,0.0
1,"Box office ‘really is’ returning to pre-pandemic levels, analyst says",0.637,0.11,0.89,0.0
2,"Roku stock projected to climb 53% annually, Mastercard pauses LIV player activations",0.296,0.091,0.909,0.0
3,"Summarizing 2Q22 Internet App Data, Google Search Trends Analysis By Raymond James",0.958,0.072,0.923,0.005
4,"The 'critical thing' to turning the bear market around, according to PNC's Agati",-0.927,0.046,0.881,0.073
5,Twitter (TWTR) Trims Talent Acquisition Team to Cut Costs,0.921,0.075,0.872,0.053
6,Netflix (NFLX) Adds Spatial Audio to Select Movies and Shows,0.994,0.12,0.867,0.013
7,‘Stranger Things’ on Broadway? A potential production could cost $50 million-plus,0.296,0.109,0.891,0.0
8,Tech Investors Should Brace for More Pain as Earnings Season Dawns,-0.572,0.059,0.796,0.145
9,"Netflix’s ad tier will see 'a very strong reception' from marketers, Stagwell Global CEO says",0.997,0.116,0.859,0.025
10,"Google With Inside Track To Win Netflix Ad Partnership, Says Analyst",0.0,0.0,1.0,0.0
11,6 Best Short-Term Stocks to Buy for Quick Returns,0.996,0.068,0.905,0.028
12,"Netflix Stock Might Get Worse Before It Gets Better, but Here's Why Not to Sell",0.681,0.228,0.772,0.0
13,"After Its Recent Slump, What's Next for Netflix Stock?",0.0,0.0,1.0,0.0
14,"Palo Alto-based Next Insurance is cutting 150 workers, 17% of its workforce",-0.273,0.0,0.89,0.11
