﻿,Titles,Polarity,Positive,Neutral,Negative
0,Netflix (NFLX) Dips More Than Broader Markets: What You Should Know,0.991,0.098,0.896,0.006
1,Netflix to Announce Second-Quarter 2021 Financial Results,0.903,0.059,0.936,0.005
2,2 Reasons Netflix Will Win Its Merchandising Gambit,-0.077,0.048,0.882,0.07
3,"The Zacks Analyst Blog Highlights: Mastercard, Netflix, Qualcomm, Target and Uber",0.998,0.135,0.839,0.026
4,Will Disney Join the 200 Million Subscriber Club in 2021?,0.691,0.289,0.711,0.0
5,Here's My Top FAANG Stock Pick,0.813,0.125,0.875,0.0
