﻿,Titles,Polarity,Positive,Neutral,Negative
0,"Top Stock Reports for Netflix, Medtronic &amp; Stryker",0.998,0.131,0.814,0.055
1,Yahoo Finance Plus' investment idea of the day is Netflix,0.0,0.0,1.0,0.0
2,Netlix Options are Too Inexpensive to Sell,0.998,0.133,0.828,0.039
3,Was The Smart Money Right About NVIDIA (NVDA)?,0.995,0.073,0.919,0.008
4,Were Hedge Funds Right About Comcast (CMCSA)?,0.996,0.088,0.894,0.018
5,"Were Hedge Funds Right About The Home Depot, Inc. (HD)?",0.999,0.108,0.875,0.016
6,Were Hedge Funds Right About Verizon (VZ)?,0.999,0.118,0.855,0.027
7,Higher earnings expectations can mean big letdowns: Morning Brief,0.99,0.08,0.884,0.036
8,Higher earnings expectations can mean big letdowns: Morning Brief,-0.103,0.0,0.92,0.08
9,Influencers with Andy Serwer: Carolyn Everson,-0.296,0.058,0.856,0.086
10,"Zacks Earnings Trends Highlights: Netflix, JPMorgan, Bank of America, Wells Fargo and Goldman Sachs",1.0,0.133,0.834,0.033
11,Stock Market Thursday: Jim Cramer Shares Why Stocks May Fall,0.361,0.102,0.898,0.0
12,High expectations can mean big letdowns: Morning Brief,0.996,0.113,0.837,0.049
13,There Is No Shortage of Kevin Bacon-ing in This Market,-0.762,0.0,0.868,0.132
14,Stock Market Action Thursday: Cramer Shares Why Stocks May Fall,0.361,0.102,0.898,0.0
15,"E-mini NASDAQ-100 Index (NQ) Futures Technical Analysis – Strengthens Over 13880.00, Weakens Under 13786.00",0.226,0.054,0.895,0.052
16,HBO Max’s US subscriber growth beats Netflix in first quarter,0.852,0.103,0.897,0.0
