﻿,Titles,Polarity,Positive,Neutral,Negative
0,Blackstone-Backed Disney Vets Said Close to Buying ‘Fauda’ Team,0.823,0.095,0.839,0.066
1,"Tech Stocks Roundup: Apple Brings Back Mask Mandate, Closes Stores Amid Covid-19 Surge",0.612,0.24,0.76,0.0
2,"Investing In Stocks: Timely Tips From Rudolph, Frosty And Scrooge",0.402,0.114,0.886,0.0
3,Market check: Stocks extend losses after tech sells off,0.983,0.089,0.881,0.03
4,Walt Disney Is the Favorite Analyst Bull Call for 2022,0.992,0.098,0.864,0.038
5,Hemisphere Media Group Earnings: The Main Takeaways,0.671,0.137,0.796,0.067
6,Netflix Is Seeking Subscriber Growth in India,0.202,0.059,0.892,0.049
7,Fidelity Destiny Portfolios Buys Salesforce. ...,0.993,0.045,0.947,0.008
