﻿,Titles,Polarity,Positive,Neutral,Negative
0,10 Los Angeles business people to watch in 2022,0.422,0.101,0.899,0.0
1,10 Energy Stocks to Buy According to Billionaire Bruce Kovner’s Caxton Associates,1.0,0.144,0.833,0.023
2,Netflix Is Moving Closer to Investment-Grade Status,0.996,0.12,0.849,0.031
3,10 Tech Stocks to Buy According to Billionaire David Harding,0.999,0.104,0.874,0.022
4,TGNA vs. NFLX: Which Stock Is the Better Value Option?,0.999,0.242,0.754,0.004
5,"Is There Now An Opportunity In Netflix, Inc. (NASDAQ:NFLX)?",0.997,0.137,0.824,0.039
6,Will Netflix Hit $300 Billion in Market Cap in 2022?,0.778,0.124,0.876,0.0
7,Bargain Shopping? 2 Growth Stocks to Buy Right Now,-0.026,0.031,0.936,0.033
