﻿,Titles,Polarity,Positive,Neutral,Negative
0,Roku’s Business Is on Fire. Buy ROKU Stock Before It Flies to $500.,0.996,0.134,0.836,0.03
1,Here comes the stock buyback explosion: Goldman Sachs,0.974,0.08,0.901,0.019
2,Here comes the stock buyback explosion: Goldman Sachs,0.974,0.08,0.901,0.019
3,Electronic Arts Q4 Earnings: 3 Things to Watch,0.7,0.144,0.827,0.03
4,What April's disappointing jobs report means for FAANG stocks,-0.494,0.0,0.904,0.096
5,Disney Q2 Earnings Preview: Here's What You'll Want to Know,0.318,0.088,0.853,0.059
