﻿,Titles,Polarity,Positive,Neutral,Negative
0,It's going to be a 'really long time' until Disney's streaming revenue is able to get close to theme park revenue,0.0,0.0,1.0,0.0
1,Disney Q3 earnings top estimates,0.0,0.0,1.0,0.0
2,"McDonald’s, NBCUniversal tell employees to get vaccinated before returning to work",0.511,0.05,0.95,0.0
3,Disney Stock Leaps After Earnings Blowout: Disney+ Subscribers Reach 116 Million,0.202,0.083,0.917,0.0
4,"Disney earnings preview: Growth in Disney+, parks in focus amid reopenings",0.991,0.081,0.901,0.018
5,Comcast Has Botched a Golden Opportunity With the Olympics,-0.178,0.053,0.881,0.066
6,Roku in 3 Charts,0.751,0.33,0.67,0.0
7,"Netflix, Draftkings, Docusign, Twitter, Etsy — Stocks Cathie Wood's Ark Bought Or Sold Wednesday",0.994,0.147,0.828,0.025
