﻿,Titles,Polarity,Positive,Neutral,Negative
0,'F9' looks to rev up box office as strategist warns industry 'not out of the woods yet',0.977,0.081,0.873,0.046
1,'F9' looks to rev up box office as strategist warns industry 'not out of the woods yet',-0.153,0.097,0.786,0.116
2,"Nike’s crushing Q4, Virgin Galactic going to space, Netflix upgraded",0.954,0.288,0.69,0.022
3,Netflix Stock Upgraded Ahead Of 'Normalizing' Subscriber Growth,0.382,0.206,0.687,0.107
4,"Netflix’s improving content slate could give stock new life, analyst says in upgrade",-0.103,0.117,0.75,0.133
5,Netflix Stock Is Rising as Analyst Predicts Rebound in Subscriber Growth,0.527,0.212,0.72,0.068
6,"US STOCKS-Nike, bank stocks push S&amp;P 500 to new highs",0.962,0.094,0.846,0.06
7,"Dow Jones Today Leads, Stocks Turn Mixed; Nike, Virgin Galactic Spike; Netflix, Splunk, NetApp Get Upgrades",-0.103,0.086,0.811,0.104
8,"Dow Jones Today Leads, Stocks Turn Mixed; Nike, Virgin Galactic Spike; Netflix, Splunk, NetApp Get Upgrades",-0.103,0.086,0.811,0.104
9,10 Best Dividend Stocks to Buy and Hold According to Tiger Cub Lee Ainslie,1.0,0.109,0.881,0.01
10,10 Best Dividend Stocks to Buy and Hold According to Tiger Cub Lee Ainslie,1.0,0.109,0.881,0.01
11,3 Growth Stocks That Are Immune to Supply Chain Risks,-0.422,0.0,0.774,0.226
12,3 Growth Stocks That Are Immune to Supply Chain Risks,-0.422,0.0,0.774,0.226
13,"Dow Jones Today Leads Futures Higher As Nike Spikes On Earnings; Netflix, Splunk, NetApp Get Upgrades",0.0,0.0,1.0,0.0
14,Netflix Gains As Credit Suisse Upgrades To Outperform,0.983,0.176,0.824,0.0
15,FuboTV’s Move Into Sports Betting Stokes Investor Attention to ‘Bros’ Cable,0.995,0.088,0.89,0.022
16,Netflix Rises as Credit Suisse Sees Subscriber Growth Normalizing,0.637,0.245,0.755,0.0
17,"Nike, Virgin Galactic Rise Premarket; FedEx Falls",0.92,0.089,0.876,0.035
18,"Nike, Virgin Galactic Rise Premarket; FedEx Falls",0.92,0.089,0.876,0.035
19,Apple’s Car Obsession Is All About Taking Eyes Off the Road,0.999,0.103,0.864,0.032
