﻿,Titles,Polarity,Positive,Neutral,Negative
0,"Clear Investment Research, Llc Buys VanEck Vectors Fallen Angel High Yield Bond ETF, Vanguard ...",0.996,0.115,0.858,0.027
1,3 Stocks to Buy on the Dip Amid the Market Selloff,0.972,0.099,0.848,0.053
2,Tech Crash or Bargain Season? It’s an Open Question,-0.153,0.074,0.826,0.099
3,"Netflix is holding onto 'really outlandish' valuation, New Constructs CEO says",0.599,0.136,0.864,0.0
4,"Ignore the Hype, Advises Top Short Seller",-0.902,0.066,0.85,0.085
5,"Meme stocks, tech in for 'messy' repricing amid market sell-off: Strategist",0.997,0.09,0.881,0.03
6,Why Netflix Stock Is Tumbling Today,0.026,0.077,0.859,0.064
7,S&amp;P 500 Follows Nasdaq Into Correction; Fear Index Up,0.0,0.0,1.0,0.0
8,3 Stocks to Buy Under Extreme Levels of Fear on Wall Street,0.998,0.137,0.771,0.092
9,Value Investor Nygren Remains Bullish on Netflix,0.0,0.0,1.0,0.0
10,Netflix at 22-Month Low as Shares Extend Post-Earnings Rout,-0.667,0.081,0.828,0.091
11,"Stocks of the Week: JPMorgan, Chipotle, Netflix",0.818,0.087,0.913,0.0
12,10 popular stocks that have been shredded during Nasdaq rout,-0.975,0.044,0.869,0.086
13,Tech Stocks Roundup: The Battle for the Metaverse — Let the Games Begin,0.612,0.222,0.778,0.0
14,Market sell-off is ‘a normal course’ as Fed gets ready to hike interest rates: Strategist,0.671,0.169,0.831,0.0
15,Moderna and Netflix Are the S&amp;P 500’s Worst Performing Stocks This Year,0.477,0.118,0.842,0.04
16,"Tech M&amp;A will be ‘incredibly active’ in 2022, Union Square Advisors co-founder says",0.998,0.11,0.872,0.018
17,Here's Why Disney+ Needs to Bring a Classic Marvel Show Back,0.802,0.159,0.782,0.059
18,Earnings season: How companies have reported so far,-0.874,0.051,0.887,0.062
19,Jefferies Cuts Netflix Price Target By 44%,-0.189,0.057,0.877,0.066
20,"Stock market ‘not giving any due respect’ to earnings beats, strategist says",0.0,0.0,1.0,0.0
21,"Arden Trust Co Buys iShares Core U.S. Aggregate Bond ETF, iShares MSCI EAFE ETF, Wolfspeed Inc, ...",0.999,0.105,0.885,0.01
22,"Stock Market News for Jan 24, 2022",-0.959,0.075,0.828,0.097
23,Stock market sees disturbing start to earnings season: Goldman Sachs,-0.427,0.04,0.904,0.056
24,Thinking of Selling Netflix? 2 Things to Remember,0.409,0.107,0.835,0.057
25,Netflix Finally Says The Word 'Competition',0.813,0.158,0.774,0.068
26,The Netflix Charts Have Been Bruised,0.0,0.0,1.0,0.0
27,Tech Stocks Need Some Good News. Microsoft Earnings Could Bring It.,0.511,0.148,0.852,0.0
28,Elon Musk (And You) Lost $1.7 Trillion On 9 Imploding Giant Stocks,-0.634,0.056,0.735,0.209
29,Netflix's Problem Isn't Membership. It's Content Spending.,0.734,0.117,0.865,0.018
30,The best stocks to own when interest rates rise: Morning Brief,0.99,0.069,0.891,0.041
