﻿,Titles,Polarity,Positive,Neutral,Negative
0,Netflix (NFLX) Dips More Than Broader Markets: What You Should Know,0.979,0.085,0.879,0.037
1,"Magallanes, Inc. -- Moody's assigns Baa3 to proposed senior unsecured notes of Magallanes, Inc. (owner of WarnerMedia Spinco assets)  as it approaches  imminent merger with Discovery (Baa3); outlook is stable",0.999,0.091,0.865,0.044
2,The FAANG Stocks: Values or Traps?,0.996,0.138,0.82,0.042
3,Amazon stock split ‘just one more method’ to signal shareholder friendliness: Strategist,0.0,0.0,1.0,0.0
4,"Russia-Ukraine war gives Fed ‘ammunition’ to not raise interest rates quickly, CEO says",0.625,0.118,0.882,0.0
5,Peloton to Test a Single Monthly Subscription for Its Bike and Content,-0.747,0.047,0.895,0.058
6,Amazon stock split isn't the tech giant's only important news,0.992,0.153,0.847,0.0
7,"Peloton Pricing, Netflix Pricing, Inflation: 3 Things to Watch",-0.87,0.037,0.908,0.055
8,2 Growth Stocks to Buy Before a Big Rally,0.743,0.289,0.711,0.0
9,"Stock Picks: Nvidia, Amazon Reveal 7 Telltale Traits Of Winning Stocks",0.856,0.296,0.704,0.0
10,Netflix States Ad-Supported Tier Still Is Not Part of Plans,0.994,0.138,0.822,0.039
11,"Stocks open lower, oil rises as Russia-Ukraine ceasefire talks stall",0.0,0.0,1.0,0.0
12,"Netflix raises prices for subscribers in UK, Ireland",0.974,0.106,0.888,0.006
13,Amazon stock split: Will the tech giant join the Dow Jones Industrial Average?,0.976,0.103,0.89,0.007
14,Netflix raises prices again,0.991,0.103,0.883,0.014
15,Amazon stock split sends shares soaring,0.979,0.101,0.874,0.024
