﻿,Titles,Polarity,Positive,Neutral,Negative
0,Facebook Explores Integrating Oculus Workouts With Apple Health,0.983,0.088,0.912,0.0
1,Why Netflix's Q2 Earnings Suggest Subscriber Growth for Disney+,0.891,0.211,0.789,0.0
2,How Robinhood's IPO Roadshow is different from others,0.649,0.142,0.858,0.0
3,The two-year path back to normal,0.0,0.0,1.0,0.0
4,"Jane Campion, Kristen Stewart's turn as Diana headline Venice film fest",0.99,0.149,0.807,0.045
5,Second quarter earnings are all about 2019: Morning Brief,0.976,0.049,0.933,0.019
