﻿,Titles,Polarity,Positive,Neutral,Negative
0,"Media Stocks' Nov 4 Earnings Roster: VIAC, NWSA &amp; More",0.999,0.167,0.819,0.013
1,Top 10 Tech Stock Picks of Adam Parker’s Center Lake Capital,1.0,0.118,0.867,0.015
2,Avis Joins Meme-Stock World and the Street Says Sell: Tech Watch,0.988,0.094,0.867,0.039
3,Top 10 Stock Picks of Imran Khan’s Proem Advisors,1.0,0.124,0.85,0.026
4,Squid Game Crypto Creators Steal Millions in Rug Pull. Here's How to Avoid Scams,-0.66,0.049,0.805,0.146
5,Are You Still Watching? Netflix Says the Answer Is Yes,0.636,0.147,0.853,0.0
