﻿,Titles,Polarity,Positive,Neutral,Negative
0,Disney CEO Bob Chapek defends Disney+ releases amid Scarlett Johansson lawsuit,0.995,0.138,0.836,0.026
1,Forget Netflix (NFLX): 10 Better Streaming Stocks to Buy Now,0.999,0.091,0.896,0.012
2,Disney’s film business is still very much ‘a work in progress’: analyst,0.0,0.0,1.0,0.0
3,3 No-Brainer Stocks to Consider if You're Worried About Inflation,0.7,0.122,0.811,0.066
4,Walt Disney's Streaming Subscriber Count Is Catching Up With Netflix's,0.0,0.0,1.0,0.0
5,"Disney Stock Leaps to 4-Month High as Streaming Gains, Theme Parks Power Earnings",0.859,0.253,0.747,0.0
6,"Disney Jumps; Theme Parks, Streaming Users Help It Impress",0.977,0.076,0.919,0.005
