﻿,Titles,Polarity,Positive,Neutral,Negative
0,Netflix (NFLX) Gains But Lags Market: What You Should Know,0.988,0.087,0.898,0.015
1,Entertainment Stocks Tank As Analysts Turn Bearish On Streaming Video Valuations,0.612,0.167,0.833,0.0
2,Tycoon’s ‘Netflix of Sport’ Beats Comcast to $3 Billion Deal,0.996,0.097,0.88,0.023
3,"Latest Upgrades and Downgrades: Advanced Micro Device, Netflix, Snap",0.25,0.111,0.889,0.0
4,Better Buy: Netflix vs. Roku,0.886,0.167,0.833,0.0
5,"Viacom Tumbles As Downgrades, Share Sale Weigh On Sentiment",-0.714,0.054,0.875,0.071
6,Expect ‘significant’ tax hikes: Ray Dalio,0.99,0.114,0.839,0.047
7,Expect ‘significant’ tax hikes: Ray Dalio,0.99,0.114,0.839,0.047
8,"Tech Stocks Aren't A Buy Right Now But One Giant Is An Exception, Says Analyst",0.796,0.063,0.902,0.035
