﻿,Titles,Polarity,Positive,Neutral,Negative
0,"Michelle Lee Exits Allure, Heads to Netflix",0.995,0.148,0.849,0.003
1,Netflix (NFLX) Stock Sinks As Market Gains: What You Should Know,0.991,0.095,0.896,0.009
2,Netflix Adds Steven Spielberg to the Fold. Why That Matters.,0.402,0.105,0.895,0.0
3,Netflix Strikes Deal With Filmmaker Steven Spielberg,0.494,0.158,0.842,0.0
4,Steven Spielberg inks major deal with Netflix,-0.557,0.0,0.806,0.194
5,Bumble Employees Awarded Week of Vacation to De-Stress,0.956,0.11,0.82,0.069
6,Bumble Employees Awarded Week of Vacation to De-Stress,0.956,0.11,0.82,0.069
7,Spielberg’s deal with Netflix is latest chapter in complicated relationship,0.422,0.07,0.93,0.0
8,"Bitcoin's 'Death Cross', GM's aggressive EV push, Spielberg signs deal with Netflix",0.0,0.0,1.0,0.0
9,Wall Street Bracing For Disappointing Netflix Second-Quarter Report,-0.361,0.0,0.857,0.143
10,Wall Street Braces For Disappointing Netflix Second-Quarter Report,-0.361,0.0,0.857,0.143
11,Netflix Signs Multiyear Deal for Films From Steven Spielberg,0.999,0.207,0.759,0.034
12,Netflix Signs Multiyear Deal for Films From Steven Spielberg,0.999,0.207,0.759,0.034
13,"Amazon is the world’s most valuable brand, but Alibaba and Facebook have better financials",0.667,0.255,0.745,0.0
14,UPDATE 1-Steven Spielberg's studio to make films for Netflix,0.96,0.117,0.849,0.034
15,Steven Spielberg's Amblin Partners to make several films a year for Netflix in new deal,0.402,0.046,0.954,0.0
16,Steven Spielberg's production company reaches film deal with Netflix,0.103,0.016,0.984,0.0
17,Waiting for the Rebound in Netflix Stock: Chart,0.0,0.0,1.0,0.0
18,Is Cathie Wood Selling Netflix Stock at the Worst Possible Time?,0.612,0.167,0.833,0.0
19,Netflix Inks Multiple Film Deal With Steven Spielberg's Amblin Partners,0.0,0.0,1.0,0.0
20,10 Best Data Stocks to Buy Now,1.0,0.135,0.85,0.015
21,10 Best Data Stocks to Buy Now,1.0,0.135,0.85,0.015
22,Not Just Streaming: Disney Showing Promise in Multiple Streams,0.997,0.115,0.859,0.026
