﻿,Titles,Polarity,Positive,Neutral,Negative
0,Netflix closes above $300 billion market-cap threshold for the first time,0.791,0.108,0.892,0.0
1,Apple co-founder Steve Wozniak on cryptocurrencies: They will be used effectively,0.977,0.097,0.857,0.046
2,The 'future looks bright' for Ethereum: Analyst,0.0,0.0,1.0,0.0
3,"‘Squid Game’ crypto is up more than 61,000% in a week",0.956,0.092,0.872,0.036
4,IMAX explores streaming but 'the idea is not to replace' theater experience: CEO,0.982,0.075,0.902,0.023
5,10 Best Stocks Under $20 According to British Billionaire Chris Rokos,0.999,0.1,0.884,0.017
6,Facebook's Mark Zuckerberg just ruined one of the biggest investing abbreviations ever,0.972,0.115,0.852,0.033
