﻿,Titles,Polarity,Positive,Neutral,Negative
0,"‘The Crown’ Viewing on Netflix Surged With Globes Wins, Oprah’s Meghan Markle and Prince Harry Interview",0.993,0.087,0.9,0.013
1,"'Halftime Report' Traders Advise Viewers On Cisco, Vale And More",0.929,0.078,0.909,0.013
2,Worldwide Streaming Video Subscriptions Top 1 Billion,0.572,0.088,0.912,0.0
3,Influencers with Andy Serwer: Ruth Porat,1.0,0.144,0.826,0.029
4,A global minimum corporate tax 'may mean that we're paying higher taxes' but we support it: Google CFO,0.0,0.0,1.0,0.0
5,3 Surprise Stocks Are Beating Netflix and Disney in the Streaming Wars,-0.557,0.051,0.833,0.116
6,Amazon (AMZN) Enters India Film Production With Prime Video,0.999,0.161,0.824,0.015
7,"ETF Wrap: We’ve gone to the dogs, and more on the Barstool bro for March Madness",0.128,0.059,0.941,0.0
8,"Google will spend $7 billion and add 10,000+ jobs in 2021: Alphabet CFO Ruth Porat",0.998,0.125,0.871,0.005
9,2 International Tech Stocks to Buy Right Now,0.579,0.264,0.736,0.0
10,Netflix’s (NASDAQ:NFLX) Scale Is The Key To Its Profitability,1.0,0.14,0.846,0.014
11,What news publishers can learn from Netflix,0.618,0.163,0.788,0.05
