﻿,Titles,Polarity,Positive,Neutral,Negative
0,Amazon Deal to Acquire MGM to Come as Soon as Tuesday,0.984,0.096,0.891,0.013
1,The two biggest risks for equities,0.0,0.0,1.0,0.0
2,Trading A Broken Wing Butterfly In Netflix Stock,-0.002,0.136,0.728,0.136
3,AT&amp;T CEO: WarnerMedia spinoff is good for investors,0.0,0.0,1.0,0.0
4,Cineworld celebrates strong reopening weekend as Peter Rabbit 2 pulls in punters,0.99,0.106,0.854,0.041
5,Cineworld celebrates strong reopening weekend as Peter Rabbit 2 pulls in punters,0.99,0.107,0.852,0.041
