﻿,Titles,Polarity,Positive,Neutral,Negative
0,"Netflix plans 'Squid Game' reality show with big cash prize, no fatal consequences",0.734,0.078,0.887,0.035
1,"REFILE-Netflix plans 'Squid Game' reality show with big cash prize, no fatal consequences",0.734,0.076,0.89,0.034
2,Netflix (NFLX) Dips More Than Broader Markets: What You Should Know,0.983,0.094,0.868,0.038
3,Jan. 6 Panel Takes Cues From Netflix With Made-for-TV Hearings,0.862,0.057,0.892,0.051
4,Apple signs 10-year streaming deal with MLS,0.947,0.069,0.917,0.015
5,"Netflix Goes Aggressive On Mobile Gaming, Interacts With Roku, Comcast Regarding Ad-Supported Service Tier",0.961,0.111,0.86,0.029
6,"Disney Takes the Global Fight to Netflix, With 60-Country Expansion",0.926,0.162,0.838,0.0
7,AMC Stock: ‘Top Gun: Maverick’ Saves the Day For Now,0.993,0.103,0.847,0.05
8,Netflix stock keeps falling after ‘sell’ call from Wall Street’s most bearish analyst,-0.103,0.061,0.866,0.073
9,4 No-Brainer Stocks to Buy Right Now for Less Than $100,0.572,0.188,0.812,0.0
10,3 Supercharged Stocks That Could Help You Crush Inflation,-0.674,0.02,0.876,0.104
11,2 Potentially Explosive Stocks to Buy in June,0.796,0.162,0.838,0.0
12,Netflix stock sinks after sell call from Wall Street’s most bearish analyst,-0.103,0.061,0.866,0.073
13,Netflix Stock Just Got Cut to Sell. Why This Analyst Says He Made a Mistake.,-0.273,0.0,0.896,0.104
14,ITV snaps up Bristol producer of Netflix's Night on Earth for £100m,0.995,0.156,0.838,0.006
15,Ambani Venture Wins Cricket Streaming Rights in Bidding War,0.993,0.08,0.882,0.038
16,"Bragar Eagel &amp; Squire, P.C. Reminds Investors That Class Action Lawsuits Have Been Filed Against Netflix, Mullen, Arqit, and Amazon and Encourages Investors to Contact the Firm",0.983,0.076,0.874,0.05
