﻿,Titles,Polarity,Positive,Neutral,Negative
0,Peacock’s losses show how far ahead Netflix really is,-0.106,0.223,0.577,0.2
1,Stock Market Today: Small-Cap Russell 2000 Slumps Into Bear Market,0.997,0.124,0.81,0.066
2,Market check: Stocks lose steam into session close,-0.296,0.0,0.872,0.128
3,Why Netflix Stock Surged Higher on Thursday,0.883,0.146,0.854,0.0
4,"Stocks on the move: Boeing, Netflix, Levi Strauss, McDonald’s",0.997,0.14,0.829,0.03
5,"US STOCKS-Wall St reverses again, wiping out early gains in afternoon plunge",-0.919,0.048,0.889,0.063
6,"US STOCKS-Wall St slips as chipmakers, Tesla weigh; Netflix jumps",0.599,0.046,0.909,0.045
7,Stocks Are Mixed; Tesla Decline Pushes Nasdaq Lower,0.34,0.091,0.909,0.0
8,"Nkcfo Llc Buys EOG Resources Inc, Kirkland Lake Gold, Marathon Oil Corp, Sells Rio Tinto PLC, ...",0.99,0.05,0.946,0.004
9,Netflix stock soars after Bill Ackman’s hedge fund buys 3.1 million shares,0.991,0.087,0.893,0.021
10,XLNX Stock: The AMD Deal Buzz Giving Chipmaker Xilinx a Boost Today,0.99,0.087,0.913,0.0
11,7 Top Stock Picks for Long-term Investors Looking for This Decade’s Winners,1.0,0.175,0.798,0.027
12,AT&amp;T Sounds Bullish on HBO Max's Future as Netflix Growth Slows,0.0,0.0,1.0,0.0
13,"Netflix stock up after Ackman’s hedge fund takes stake, Intel shares slump, McDonald’s slips",0.998,0.092,0.877,0.031
14,"Seatown Holdings Pte. Ltd. Buys Amazon.com Inc, Air Products &amp; Chemicals Inc, Abbott ...",0.993,0.05,0.944,0.006
15,US STOCKS-Tech stocks set to push Wall Street higher at open,0.983,0.086,0.886,0.027
16,Should You Follow Bill Ackman Into Netflix Stock?,0.743,0.3,0.7,0.0
17,Netflix stock bounces off 22-month low after Pershing Square hedge fund buys shares,0.586,0.109,0.837,0.054
18,Is Peloton a Smart Buy in 2022?,0.571,0.299,0.701,0.0
19,Netflix Up 8% After Pershing Square Reveals Investment,0.977,0.153,0.834,0.013
20,"Software stock sell-off looks overdone, ServiceNow CEO suggests",0.999,0.143,0.843,0.014
21,5 Red Flags for Netflix's Future,-0.557,0.089,0.753,0.158
22,The Fed’s ‘Nimble’ Approach Signals a Wild Ride Ahead,-0.226,0.037,0.901,0.062
23,"Netflix Stock Leaps As Bill Ackman, Pershing Square Capital, Reveal Stake $1 Billion Stake",0.0,0.0,1.0,0.0
24,"Tesla, Apple, Intel, Netflix and Markets - Five Things You Must Know",-0.44,0.038,0.858,0.105
