﻿,Titles,Polarity,Positive,Neutral,Negative
0,Here’s everything new coming to Netflix in December 2021 — and what’s leaving,0.0,0.0,1.0,0.0
1,7 Streaming Stocks to Tune Into After Netflix Struck Gold With Squid Game,0.999,0.111,0.846,0.043
2,7 Best Video Game Stocks to Buy for the Year End,0.999,0.121,0.835,0.044
3,UPDATE 1-Spain to force streaming platforms to air shows in regional languages,0.807,0.047,0.93,0.023
4,Netflix Employee Who Criticized Dave Chappelle Has Resigned,-0.649,0.0,0.773,0.227
5,"Top Analyst Reports for Johnson &amp; Johnson, Netflix &amp; Oracle",0.998,0.159,0.822,0.018
6,Spotify launches 'Netflix Hub' on its app to attract fans,0.963,0.112,0.888,0.0
7,"Market check: Stocks mixed as tech remains under pressure, crude oil dips",0.0,0.0,1.0,0.0
8,3 Stocks You Can Be Grateful For,0.813,0.177,0.773,0.05
9,7 Stocks to Sell If You Believe Morgan Stanley’s 20% Pullback Forecast,0.999,0.109,0.843,0.049
10,Wall Street Opens Mixed as Biden Moves to Lower Oil Prices; Dow up 100 Pts,0.59,0.084,0.833,0.083
11,"Two Netflix workers who complained about Dave Chappelle drop labor complaint, but one resigns",-0.361,0.08,0.765,0.156
