﻿,Titles,Polarity,Positive,Neutral,Negative
0,UPDATE 1-Big tech companies to allow only vaccinated U.S. employees into offices,0.772,0.051,0.937,0.011
1,Analysts Loved Alphabet’s Earnings. The Stock Is Headed for a Record.,0.832,0.152,0.848,0.0
2,Analysts Were Bullish About Alphabet Earnings. Just Not Bullish Enough.,0.832,0.152,0.848,0.0
3,Apple Q3 earnings preview,0.0,0.0,1.0,0.0
4,"YouTube is as big as Netflix, and growing much faster",0.71,0.177,0.823,0.0
5,"With skyrocketing sales, YouTube is as big as Netflix",0.71,0.177,0.823,0.0
6,Is Netflix's Move Into Gaming a Sign Its Best Days Are Over?,0.66,0.265,0.735,0.0
7,"Here’s what’s worth streaming in August 2021: ‘Nine Perfect Strangers,’ ‘The Chair’ and more",0.863,0.113,0.865,0.021
8,Wednesday's Market Minute: Wild Wednesday,0.983,0.096,0.857,0.047
9,These 2 Brand-Name Stocks Have What Every Investor Wants -- Optionality,0.836,0.12,0.88,0.0
10,Netflix's Entry Into Video Games Makes the Stock Riskier,0.318,0.051,0.949,0.0
11,Can These Megacap Stocks Double? Wall Street Thinks So,0.818,0.119,0.881,0.0
12,Alphabet Pops Premarket As Google Ad Revenue Soars,0.972,0.106,0.894,0.0
