﻿,Titles,Polarity,Positive,Neutral,Negative
0,"Taco Bell taps Dolly Parton, Doja Cat to star in its 'Mexican Pizza: The Musical'",0.0,0.0,1.0,0.0
1,Here's Why Netflix Stock Climbed Higher Today,0.0,0.0,1.0,0.0
2,10 Stocks Making Headlines Today,0.981,0.073,0.892,0.035
3,"Elon Musk willing to reverse Trump’s Twitter ban, Netflix may include ads, Bausch Health slumps",0.0,0.0,1.0,0.0
4,3 Top Entertainment Stocks to Watch in May,0.625,0.253,0.679,0.068
5,Netflix Teases Peloton’s Next Problem,0.0,0.0,1.0,0.0
6,Netflix is reportedly developing an ad-supported offering,0.402,0.137,0.863,0.0
7,UPDATE 1-Netflix tells employees ads may appear by end of 2022 - NYT,0.823,0.072,0.893,0.035
8,Netflix tells employees ads may appear by end of 2022 - NYT,0.823,0.075,0.889,0.036
9,SEC's Rules and Regulations on Social Media Use,0.34,0.138,0.862,0.0
10,Here’s the case for buying Netflix’s stock now,-0.296,0.138,0.667,0.195
11,"Apple, Netflix, and Other Tech Stocks Are Crumbling. The Pain Might Not Be Over.",0.552,0.165,0.835,0.0
12,Jabil and Gap have been highlighted as Zacks Bull and Bear of the Day,1.0,0.133,0.84,0.027
13,"Peloton Posts Deeper Loss Than Estimated, Cuts Outlook",-0.477,0.069,0.857,0.074
14,"Peloton Posts Deeper Loss Than Estimated, Cuts Outlook",-0.477,0.069,0.857,0.074
15,"NETFLIX, INC. (NASDAQ: NFLX) SHAREHOLDER CLASS ACTION ALERT: Bernstein Liebhard LLP Reminds Investors of the Deadline to File a Lead Plaintiff Motion in a Securities Class Action Lawsuit Against Netflix, Inc. (NASDAQ: NFLX)",0.961,0.088,0.854,0.058
