﻿,Titles,Polarity,Positive,Neutral,Negative
0,"Netflix’s Reed Hastings Envisions “Entertaining The World” In Chappelle-Free Q3 Earnings Call; Execs Talk Video Games, Content Spending &amp; More",0.996,0.101,0.872,0.027
1,"Netflix Reports Jump in Users, Calls ‘Squid Game’ Its Most Popular Show Ever",0.273,0.116,0.884,0.0
2,Netflix Engagement Increased 14% During Facebook Outage,0.0,0.0,1.0,0.0
3,Netflix Subscriber Numbers Buoyed by ‘Squid Game’,0.956,0.101,0.858,0.041
4,Netflix Earnings: What Happened with NFLX,0.0,0.0,1.0,0.0
5,"Markets Up on Strong Q3 Earnings: NFLX, UAL, ISRG After the Bell",0.999,0.181,0.813,0.006
6,Netflix rides 'Squid Game' success in earnings,0.625,0.203,0.797,0.0
7,"Dow Jones Futures: Apple Leads Market Rally, As Bitcoin, Tesla Near Highs; Netflix Subscriber Growth Tops Views",0.0,0.0,1.0,0.0
8,"Netflix Beats Subscriber Target, Guides Higher For December Quarter",0.0,0.0,1.0,0.0
9,Netflix beats on Q3 earnings estimates,0.0,0.0,1.0,0.0
10,Netflix keeps adding subscribers as Squid Game becomes its biggest hit,0.975,0.118,0.848,0.035
11,Netflix (NFLX) Tops Q3 Earnings Estimates,0.994,0.099,0.892,0.009
12,Netflix Subscriber Growth Beat Estimates. Squid Game Is Officially Its Most Watched Show.,0.823,0.124,0.876,0.0
13,Comcast Forays Streaming Arena With Smart TV Launch,0.978,0.127,0.873,0.0
14,Netflix Says Viewing Rose 14% During Facebook’s Hours-Long Outage,0.993,0.152,0.835,0.013
15,"Dow Jones, Nasdaq Rally As Yields Also Climb; Netflix Scores Earnings Beat",0.0,0.0,1.0,0.0
16,"Netflix earnings, subscribers get a ‘Squid Game’ bounce, but forecast is tamer",0.813,0.251,0.749,0.0
17,"Netflix Rides ‘Squid Game’ to Q3 Subscriber Beat, Adding 4.4 Million Worldwide",0.982,0.108,0.88,0.012
18,"Earnings Estimates For Tech Stocks Rise Ahead Of Reports, Netflix Beats",0.178,0.091,0.909,0.0
19,"Earnings Estimates For Tech Stocks Rise Ahead Of Reports, Netflix Beats",0.178,0.091,0.909,0.0
20,"Netflix current-quarter subscriber forecast above estimate on ""Squid Game"" boost",0.958,0.111,0.889,0.0
21,"Netflix Beats Estimates In Third Quarter, Reaching 214 Million Subscribers",0.995,0.1,0.858,0.041
22,Netflix Releases Third-Quarter 2021 Financial Results,0.931,0.087,0.907,0.006
23,The Chappelle controversy is a test of what kind of workplace Netflix wants to be,0.44,0.196,0.717,0.087
24,The next piece for this D.C. family’s puzzle company: A deal with Netflix,0.477,0.062,0.938,0.0
25,Netflix Q3 earnings expectations,0.572,0.171,0.829,0.0
26,'Squid Game's' next season will be a huge success for Netflix: Analyst,0.0,0.0,1.0,0.0
27,Netflix Q3 Earnings Almost Double on Success of 'Squid Game',0.0,0.0,1.0,0.0
28,Netflix Third-Quarter Earnings Live Blog,0.0,0.0,1.0,0.0
29,Why Ari Wald Prefers Netflix Over Disney Ahead Of Quarterly Earnings,0.95,0.103,0.897,0.0
30,Lower Than Expected Housing Starts and Building Permits Could Be Problems for Homebuilders,0.989,0.099,0.826,0.076
31,"Tuesday's Market Minute: Is ""Squid Game"" Over-Hyping Netflix Expectations?",0.972,0.121,0.841,0.038
32,Is Netflix Stock a Buy Before Earnings?,0.62,0.057,0.943,0.0
33,"The Zacks Analyst Blog Highlights: Tesla, Berkshire Hathaway and Walmart",0.987,0.103,0.822,0.075
34,"Back from the dead, G4TV looks to cash in on the gaming craze it helped create",0.273,0.026,0.974,0.0
35,"Premarket Movers Tuesday - Procter &amp; Gamble, Ulta, Netflix",0.0,0.0,1.0,0.0
36,Don't give up on the bull case just yet: Morning Brief,0.995,0.105,0.841,0.054
37,"5 Stocks To Watch For October 19, 2021",0.987,0.143,0.851,0.005
38,European markets sluggish as traders keep eyes on rising inflation and interest rates,0.99,0.114,0.857,0.029
39,Netflix Reports Earnings Today. It’s About More Than Just ‘Squid Game.’,0.296,0.087,0.913,0.0
40,"Dollar Dips, Netflix, JNJ Earnings, Powell's Trades - What's Moving Markets",0.652,0.09,0.826,0.084
41,"‘Churn and Return’: Younger Generations More Likely to Cancel and Then Renew Streaming Services, Study Finds",0.981,0.084,0.897,0.019
