﻿,Titles,Polarity,Positive,Neutral,Negative
0,Videogames Won’t Be an Easy Next Act for Netflix,0.0,0.0,1.0,0.0
1,"Netflix Taps Google, USC Researcher Paul Debevec to Lead VFX, Graphics R&amp;D",0.946,0.052,0.948,0.0
2,Here’s What a New Netflix Hire Says About Streaming Videogames,0.0,0.0,1.0,0.0
3,Netflix is releasing a ‘Naomi Osaka’ docuseries tomorrow about the 4-time Grand Slam champ,0.802,0.226,0.714,0.06
4,"'For Netflix, this is an extension of their content strategy;' Analyst on Netflix gaming foray",0.95,0.062,0.918,0.02
5,Netflix entering gaming will be 'dead on arrival:' Analyst,0.974,0.073,0.883,0.043
6,"Morgan Stanley slips, TSM falls, Netflix gains as AMC bounce back",0.0,0.0,1.0,0.0
7,Disney (DIS) Leads Emmy Nominations,0.077,0.061,0.939,0.0
8,"Top Research Reports for Netflix, Medtronic &amp; AstraZeneca",0.997,0.165,0.792,0.043
9,Dow Jones Gives Up Gains As These Tech Stocks Weigh; Nasdaq Gets Slammed,-0.238,0.142,0.68,0.178
10,This Nasdaq Giant Is Spoiling the Meme Stock Party,0.422,0.092,0.867,0.041
11,"Netflix Earnings, Video Games, FAANG: 3 Things to Watch Into Happy Hour",0.0,0.0,1.0,0.0
12,Why Shares of GameStop Are Falling Today,-0.52,0.0,0.805,0.195
13,Netflix getting into gaming: report,0.296,0.056,0.944,0.0
14,Netflix entering gaming is ‘dead on arrival’: Analyst ,0.0,0.0,1.0,0.0
15,Stock Market Today With Jim Cramer: Buy Puts or Take Profits in AMC,0.296,0.091,0.909,0.0
16,Netflix Plans To Add Video Games To Keep Subscribers Engaged,0.0,0.0,1.0,0.0
17,Netflix Reportedly Making Plans to Stream Videogames. What It Means for the Industry.,0.71,0.289,0.711,0.0
18,5 Spectacular FAANG Stock Earnings Charts,0.998,0.181,0.795,0.025
19,Buy Netflix on Video Game Plans? - Let's Look at the Chart First,0.0,0.0,1.0,0.0
20,Netflix vs. Disney: Which Media Stock Scores Analysts’ “Strong Buy” Consensus?,0.999,0.098,0.898,0.004
21,Netflix's (NFLX) Latest Hire Signals Its Video Game Plans,0.997,0.118,0.874,0.008
22,"Meme stocks fall from June highs, Netflix explores gaming with new hire",-0.026,0.046,0.905,0.048
23,"US STOCKS-Wall Street dips as earnings gather pace, jobless claims fall",0.96,0.084,0.87,0.046
24,Thursday's Market Minute: The Streaming Awards,0.993,0.149,0.833,0.018
25,"Dow Jones Today, Stocks Slip Mixed Amid Powell Senate Testimony; Netflix Heats Up Gaming Space; Blackstone Buys Into AIG",-0.422,0.0,0.877,0.123
26,10 Best Entertainment Stocks to Invest In,1.0,0.124,0.854,0.023
27,Dow under pressure early Thursday as stock-market investors await final day of Powell testimony,-0.7,0.0,0.934,0.066
28,Netflix's Story Is Unfolding With Many Twists and Turns,0.823,0.156,0.844,0.0
29,Netflix's Next Move Will Be a Real Game Changer,0.0,0.0,1.0,0.0
30,"Dow Jones Today, Futures Mixed As NY Manufacturing Surges; Netflix Heats Up Gaming Space; Blackstone Buys Into AIG",0.0,0.0,1.0,0.0
31,GameStop Stock Is Falling Back to Reality. Blame Netflix.,0.202,0.065,0.935,0.0
32,Netflix Gaming Plan Clashes With Meme Stock GameStop,0.202,0.065,0.935,0.0
33,Netflix Q2 Earnings Might Disappoint: Why You Should Consider the Stock Anyway,-0.228,0.0,0.967,0.033
34,Netflix plans video games push,0.818,0.038,0.948,0.013
35,Netflix Earnings Preview: Here’s What You Need to Know,0.999,0.108,0.879,0.013
36,GameStop shares slide 6% premarket after Netflix makes first videogame hire signaling potential shakeup of sector,0.511,0.056,0.944,0.0
37,"3 Stocks That Turned $1,000 Into Over $300,000",0.728,0.167,0.798,0.035
38,Netflix Shares Leap on Reports of Streaming Video Game Push,-0.542,0.082,0.729,0.188
39,"Video: Jim Cramer on Morgan Stanley, Netflix, GameStop, AMC, NortonLifeLock",0.0,0.0,1.0,0.0
40,"Live: Jim Cramer on Morgan Stanley, Netflix, GameStop, AMC, NortonLifeLock",0.0,0.0,1.0,0.0
41,Wall Street Opens Lower as Chipmakers Sag on TSMC Outlook; Dow Down 100 Pts,0.904,0.076,0.869,0.055
42,"Premarket Movers Thursday: AIG, Netflix, GameStop",0.0,0.0,1.0,0.0
43,Netflix. AIG Rise Premarket; Morgan Stanley Falls,0.383,0.044,0.92,0.036
44,"Netflix Leaps on Reports of Streaming Video Game Push, GameStop Slumps",-0.542,0.082,0.729,0.188
45,"U.S. Futures Mixed; Jobless Claims, Morgan Stanley Earnings Due",0.677,0.075,0.871,0.053
46,"Sunscreen, Netflix, Morgan Stanley, NortonLifeLock - 5 Things You Must Know",0.586,0.11,0.89,0.0
47,"Netflix Gains On Signaling Video Games Play, UBS Upgrade",0.778,0.046,0.954,0.0
48,"Chinese Growth, U.S. Jobless Claims, Netflix Gaming - What's Moving Markets",0.952,0.1,0.818,0.081
49,"Netflix, J&amp;J Sunscreen, Morgan Stanley, NortonLifeLock - 5 Things You Must Know",0.586,0.11,0.89,0.0
