﻿,Titles,Polarity,Positive,Neutral,Negative
0,"UPDATE 1-Netflix buys first video game studio, rolls out mobile games",0.866,0.061,0.915,0.024
1,"Netflix Acquires Its First Game Studio, ‘Oxenfree’ Developer Night School Studio",0.996,0.164,0.826,0.01
2,Netflix acquires Night School Studio in videogaming push,0.769,0.16,0.811,0.028
3,"Amazon Launches $1,000, Voice-Controlled Home Robot Called Astro",0.976,0.089,0.871,0.039
4,Netflix rolls out mobile games to users in select European markets,0.84,0.07,0.903,0.027
5,The most popular Netflix movies and shows of all time,0.0,0.0,1.0,0.0
6,Netflix rolls out mobile games to users in select European markets,0.84,0.069,0.904,0.027
7,Ignore GameStop: Here Are 2 Better Stocks,-0.273,0.091,0.796,0.113
8,Hedge Funds Have Never Been More Bullish On Exxon Mobil Corporation (XOM),0.996,0.084,0.898,0.018
9,"Hedge Funds Aren’t Crazy About NIKE, Inc. (NKE) Anymore",0.997,0.101,0.876,0.023
10,"Activision’s $18 million settlement, Merck nears purchase of Acceleron Pharma, Bridgerton leads in Netflix views",0.0,0.0,1.0,0.0
11,3 Stocks That Could Double Your Money in 5 Years,0.949,0.302,0.657,0.041
12,Netflix Says ‘Squid Game’ Could Be Its Biggest Show Ever,-0.402,0.059,0.825,0.116
13,Netflix says ‘Bridgerton’ is its most-watched series ever — but maybe not for long,0.521,0.187,0.813,0.0
14,"Netflix does not plan to buy a movie theater chain, co-CEO says",0.771,0.058,0.913,0.028
