﻿,Titles,Polarity,Positive,Neutral,Negative
0,Bill Ackman sells entire Netflix stake at roughly $400mn loss,-0.34,0.075,0.839,0.086
1,The Winners and Losers From Netflix’s Plan to Sell Ads,0.0,0.143,0.714,0.143
2,Netflix Is Going to Start Cracking Down on Password Sharing. It May Be Too Late.,0.726,0.252,0.748,0.0
3,Netflix’s subscriber loss is a 'body blow to the bull case',0.996,0.115,0.87,0.015
4,Netflix Stock Had Its Worst Day in Nearly 2 Decades. What Wall Street Is Saying.,-0.178,0.124,0.67,0.206
5,Why Disney Stock Dropped Today,0.649,0.125,0.837,0.038
6,"UPDATE 2-Ackman gives up on Netflix, taking $400 mln loss as shares tumble",0.891,0.097,0.824,0.079
7,"Pershing Square dumps Netflix stake less than three months after buying in, falls into the red for year",0.0,0.0,1.0,0.0
8,"Cramer's Mad Money Recap 4/20: Netflix, Disney, Tesla",0.863,0.282,0.718,0.0
9,Bill Ackman cancels Netflix,0.98,0.249,0.751,0.0
10,"Ackman gives up on Netflix, taking $400 million loss as shares tumble",0.839,0.106,0.849,0.045
11,"Netflix sheds subscribers amid competition from Disney, Hulu, HBO, Amazon Prime and Apple. Have we finally hit peak streaming?",0.0,0.0,1.0,0.0
12,"Dow Jones Futures: Tesla Jumps On Accelerating Earnings Growth After Netflix, Facebook Slam Nasdaq",0.527,0.253,0.747,0.0
13,Here’s everything coming to Netflix in May 2022 — and what’s leaving,0.226,0.124,0.796,0.08
14,Netflix Subscriber Woes Hint at U.S. Consumer Pushback on Prices,0.954,0.109,0.801,0.09
15,Netflix stock logs worst drop since 2004 — narrative is ‘dunzo for now’,-0.677,0.055,0.751,0.194
16,"Reed Hastings, Hedge Funds Dealt Blow After Netflix Miss",-0.484,0.101,0.805,0.095
17,Positive Surprises at Covid Lows,0.858,0.068,0.878,0.053
18,Madison Avenue Loves the Idea of a Netflix With Ads,0.637,0.383,0.617,0.0
19,Netflix selloff is latest in Wall St retreat from streaming,-0.895,0.076,0.835,0.088
20,"Why Spotify, DraftKings, and Paramount Global Shares Plunged Today",-0.382,0.061,0.844,0.095
21,Top Gainers: 10 Stocks to Watch on Wednesday,0.996,0.088,0.893,0.019
22,GRAPHIC-Netflix selloff is latest in Wall St retreat from streaming,-0.519,0.077,0.848,0.076
23,Investors skeptical of Netflix's plans to crack down on account sharing,0.874,0.107,0.815,0.077
24,Nasdaq Closes Lower As Techs Fall After Gloomy Outlook From Netflix; Dow Jones Gains,0.0,0.174,0.651,0.174
25,Positive Surprises at Covid Lows,0.895,0.068,0.882,0.05
26,US STOCKS-Nasdaq drops as Netflix subscriber numbers weigh on tech,0.984,0.082,0.885,0.033
27,"GLOBAL MARKETS-Nasdaq drags on Wall Street, bond yields dip",-0.972,0.049,0.861,0.09
28,Tesla Should Take a Cue From Netflix. Competition Matters.,-0.077,0.144,0.7,0.156
29,"The Nasdaq Closed in the Red, the Dow Rose—and What Else Happened in the Stock Market Today",-0.637,0.0,0.809,0.191
30,"4 Top Stock Trades for Thursday: DIS, TSLA, PYPL, PEP",0.986,0.102,0.837,0.061
31,Stay-at-home stocks still have ‘plenty of room’ to reprice: Strategist,0.296,0.055,0.945,0.0
32,Stock Market Today: Netflix's Epic Crash Clips Nasdaq,0.998,0.137,0.813,0.05
33,3 Top S&amp;P 500 Stock Market Gainers Today: IBM Rallies As Netflix Crashes,0.226,0.151,0.767,0.082
34,Tech’s Endless Growth Machine Sputters as Investors Lose Faith,0.988,0.136,0.782,0.082
35,Tech’s Endless Growth Machine Sputters as Investors Lose Faith,0.989,0.137,0.783,0.08
36,3 ‘NFLX Stocks’ to Trade Now,0.992,0.146,0.747,0.107
37,"Stocks end the day mixed with Netflix, Peloton, and Tesla among biggest laggards",0.0,0.0,1.0,0.0
38,"US STOCKS-Nasdaq closes lower as Netflix weighs, sends ripples through tech",0.981,0.099,0.849,0.052
39,What Netflix’s Advertising Plans Could Mean for Roku Stock,0.153,0.068,0.932,0.0
40,Nasdaq Pulls Back While Dow Jones Rises; These Two Oil Stocks Break Out,-0.34,0.0,0.882,0.118
41,Why Ackman Should've Shorted Netflix Instead,0.998,0.149,0.801,0.051
42,Markets check: Stocks mixed as Netflix weighs down the Nasdaq,0.0,0.0,1.0,0.0
43,Netflix Is Growing Up. It May Be a Chance to Buy.,-0.09,0.0,0.94,0.06
44,Netflix running ads may have one big downside effect: analyst,0.958,0.085,0.873,0.042
45,Netflix not yet sold on sports as analysts push for 'other sticky things',0.987,0.099,0.877,0.024
46,T. Rowe Price stake in Netflix potentially loses $6.5B as shares plunge,-0.296,0.083,0.759,0.159
47,"With Netflix greenlighting ads, streaming is about to become cable TV",0.402,0.056,0.944,0.0
48,"Dow futures Rise, Tesla up 4% After Earnings",0.924,0.085,0.87,0.044
49,"Netflix crash: 'The real culprit here is churn,' analyst says",0.97,0.119,0.846,0.035
