﻿,Titles,Polarity,Positive,Neutral,Negative
0,How the Bay Area's top 25 public companies performed in January 2022,0.74,0.194,0.806,0.0
1,"FNY Investment Advisers, LLC Buys Terminix Global Holdings Inc, Alibaba Group Holding, Byrna ...",0.995,0.037,0.959,0.004
2,"D.B. Root &amp; Company, LLC Buys JPMorgan Core Plus Bond ETF, Barrick Gold Corp, Harsco Corp, ...",0.996,0.06,0.932,0.008
3,"Regis Management CO LLC Buys Netflix Inc, Spotify Technology SA, Amarin Corp PLC, Sells Apple ...",0.984,0.063,0.926,0.01
4,Why Netflix Is Up (Again) Today,0.0,0.0,1.0,0.0
5,Should you invest in the stock market after a brutal January?,-0.943,0.032,0.905,0.064
6,Netflix Invests in Gaming as Subscriber Acquisition Drags,0.922,0.147,0.833,0.02
7,"Apple stock ‘dwarfs anything else on the table,’ market strategist says",0.273,0.07,0.93,0.0
8,"Gitterman Wealth Management, LLC Buys Independence Realty Trust Inc, NextEra Energy Inc, ...",0.999,0.135,0.862,0.003
9,"Field &amp; Main Bank Buys iShares MSCI Emerging Markets ETF, Devon Energy Corp, S&amp;P MidCap ...",0.996,0.065,0.931,0.004
10,Winter Olympics will be behind paywall on the Peacock streaming service,0.34,0.104,0.844,0.052
11,Why Apollo is making a $760 million investment in 'Dune' studio Legendary Entertainment,0.318,0.056,0.915,0.03
12,Facebook Parent Meta Attempting to Break Out,0.296,0.099,0.901,0.0
13,"January yielded ‘healthy correction’ for tech stocks, analyst says",0.572,0.148,0.852,0.0
14,"Peloton Stock Looks Cheap Compared to Netflix, but There's a Good Reason Why",0.686,0.098,0.902,0.0
15,7 Reeling Tech Stocks to Pick Up for a Sizable Discount,0.984,0.115,0.784,0.101
16,"Alphinity Investment Management Pty Ltd Buys Accenture PLC, PepsiCo Inc, Merck Inc, Sells ...",0.991,0.051,0.942,0.007
17,"James Hambro &amp; Partners Buys Netflix Inc, Pool Corp, Union Pacific Corp, Sells Comcast ...",0.989,0.051,0.944,0.005
18,Disney or Netflix: Who Will Win the Streaming Wars?,0.989,0.06,0.919,0.021
19,"UPDATE 2-AT&amp;T to spin off WarnerMedia in $43-bln Discovery merger, cuts dividend",0.983,0.122,0.822,0.056
20,"3 Reasons to Buy Netflix, 1 Reason to Sell",-0.201,0.053,0.863,0.084
21,CORRECTED-UPDATE 1-AT&amp;T to spin off WarnerMedia in $43 billion Discovery media merger,0.988,0.12,0.856,0.024
22,Is Netflix's Foray Into Video Games a Giant Misstep?,0.511,0.07,0.93,0.0
23,AT&amp;T to spin off WarnerMedia in $43 billion Discovery media merger,0.982,0.137,0.863,0.0
24,3 Top Stocks to Buy During a Sell-Off,0.66,0.282,0.554,0.164
25,AT&amp;T Falls on Nearly Halving Dividend as WarnerMedia Spinoff Nears,0.649,0.057,0.903,0.039
26,"Buy the Dip: Crypto, Tesla, AMC, Netflix",0.494,0.08,0.876,0.045
27,Nasdaq narrowly avoids worst-ever January,-0.128,0.053,0.892,0.054
28,Netflix stock has best day in a year as analysts say subscriber slowdown doesn’t tell the full story,0.751,0.211,0.789,0.0
