﻿,Titles,Polarity,Positive,Neutral,Negative
0,7 Top Tech Stocks to Buy and Hold for the Long Haul,1.0,0.137,0.839,0.024
1,Davos 2022: Longtime tech CEO Antonio Neri sees no recession for HPE,0.93,0.063,0.903,0.033
2,Netflix (NASDAQ:NFLX) shareholders have endured a 63% loss from investing in the stock a year ago,0.997,0.151,0.798,0.051
3,"Streaming has turned film financing 'upside down': 'It's VOD or die,' says lawyer",0.996,0.095,0.859,0.046
4,"Many Stocks Are Below Pandemic Lows, but Investors Should Be Cautious",0.705,0.318,0.682,0.0
5,"Glancy Prongay &amp; Murray LLP Reminds Investors of Looming Deadline in the Class Action Lawsuit Against Netflix, Inc. (NFLX)",0.912,0.084,0.853,0.063
6,Disney to Exclusively Stream New Series Baymax on Disney Plus,0.998,0.13,0.841,0.029
7,Here's Why Analysts Are Bullish On Zoom Despite Selloff,0.984,0.12,0.852,0.027
8,Denmark hits streaming services with levy to support local TV,0.949,0.11,0.882,0.007
9,Zoom’s 85% Selloff Has Analysts Calling for a Rally,0.995,0.098,0.874,0.028
10,Zoom’s 85% Selloff Has Analysts Calling for a Rally,0.995,0.098,0.874,0.028
