﻿,Titles,Polarity,Positive,Neutral,Negative
0,Netflix Stock Gets Lift After Hedge-Fund Manager Bill Ackman Buys More Than $1 Billion Worth of Shares,0.997,0.168,0.824,0.008
1,Netflix Stock Is Spiking. Bill Ackman’s Pershing Square Bought $1 Billion in Shares.,0.296,0.087,0.913,0.0
2,Ackman's Pershing Square takes new position in Netflix,0.995,0.138,0.839,0.023
3,UPDATE 1-Ackman's Pershing Square takes new position in Netflix,0.975,0.136,0.841,0.023
4,Bill Ackman says his hedge fund just bought 3.1 million shares of Netflix,0.883,0.157,0.843,0.0
5,"GAM Holding AG Buys Seagate Technology Holdings PLC, Accenture PLC, Akamai Technologies Inc, ...",0.994,0.05,0.944,0.006
6,"Resonant Capital Advisors, LLC Buys Marqeta Inc, Vanguard Tax-Exempt Bond ETF, iShares National ...",0.993,0.047,0.948,0.005
7,"Pershing Square Now Among Netflix’s Top 20 Holders, Ackman Says",-0.778,0.046,0.874,0.079
8,Is Netflix (NFLX) A Good Long-Term Investment?,0.994,0.086,0.892,0.022
9,"Moody Lynn &amp; Lieberson, Llc Buys AbbVie Inc, Pfizer Inc, Northrop Grumman Corp, Sells ...",-0.981,0.044,0.895,0.061
10,"Childress Capital Advisors, Llc Buys Fidelity Blue Chip Growth ETF, Vanguard Mid-Cap ETF, ...",0.995,0.057,0.939,0.004
11,Netflix Now Has Potential As a Value Play,0.998,0.156,0.803,0.042
12,FuboTV Isn’t Growing Fast Enough and Its Competition Is Revving Up,0.99,0.111,0.831,0.058
13,"‘Matrix’ visual effects studio DNEG to go public via SPAC, move into gaming",0.0,0.0,1.0,0.0
14,Taiwan Semiconductor Manufacturing Company and Netflix  have been highlighted as Zacks Bull and Bear of the Day,1.0,0.141,0.825,0.035
15,"Netflix, Amazon Take Their Rivalry to India. A Lucrative Market",0.202,0.116,0.808,0.076
16,5 Tips for Increasing Your Wealth,0.751,0.113,0.887,0.0
17,"Tech stocks: ‘There’s clearly a buy signal’ amid the sell-off, strategist says",0.0,0.0,1.0,0.0
18,"Terra Nova Asset Management LLC Buys Tesla Inc, Ford Motor Co, Enbridge Inc, Sells PIMCO ...",0.999,0.133,0.862,0.005
19,"Kaizen Financial Strategies Buys PIMCO Dynamic Income Fund, Applied Materials Inc, VanEck ...",0.998,0.074,0.92,0.006
20,Microsoft stock climbs after hours on strong Q2 earnings,0.999,0.212,0.775,0.014
21,Bear Of The Day: Netflix (NFLX),0.995,0.137,0.82,0.044
22,I'm Buying These 3 Resilient Stocks During a Bear Market,-0.735,0.0,0.883,0.117
23,"Netflix Stock: Buy, Sell, or Hold in 2022?",-0.649,0.095,0.582,0.323
24,"After vicious stock market sell-off, it's time to buy: Goldman Sachs",-0.965,0.066,0.826,0.108
25,Roku Faces a New World That Doesn’t Have Time for All Streaming Options,0.993,0.112,0.837,0.051
26,Goldman Leads Fever’s $227 Million Round Ahead of Possible IPO,0.966,0.09,0.881,0.029
