﻿,Titles,Polarity,Positive,Neutral,Negative
0,Top 10 Stocks Billionaire David Einhorn Just Added to His Portfolio,0.998,0.101,0.868,0.031
1,Disney’s Unpopular Genie+ Launch Highlights Broader Problems,0.98,0.095,0.844,0.062
2,The one thing keeping streaming TV from completely taking over,0.465,0.133,0.79,0.077
3,Best Stocks for 2022: EPR Properties Stock Is the Top Post-Pandemic Play,0.997,0.129,0.839,0.032
4,"Here's How Much Money Password Sharing Costs Netflix, Disney",0.947,0.178,0.8,0.022
5,What Can Disney or Netflix Do To Stop Password Sharing ?,0.801,0.189,0.766,0.045
6,Apple (AAPL) Fitness+ Expands With Postpartum Fitness Program,0.999,0.166,0.795,0.039
7,Apple TV+ 'caught everybody's attention' but one factor is key going forward: Analyst,0.999,0.141,0.829,0.03
8,Twitch’s New Star of Streaming Charts is Anime Avatar Ironmouse,0.996,0.107,0.859,0.035
