﻿,Titles,Polarity,Positive,Neutral,Negative
0,7 Dow Stocks Trading at a Huge Discount Right Now,1.0,0.164,0.791,0.045
1,Netflix To Lose Key Shows at Awkward Time,0.45,0.066,0.895,0.039
2,"Tech jobs are in a 'boomerang,' says LinkedIn economist",-0.686,0.044,0.903,0.053
3,"Netflix's $200M 'The Gray Man' jumps in debut weekend, more than 88M hours viewed",0.917,0.052,0.926,0.022
4,Netflix's Games Grows With Its Latest Award-Winning Acquisition,-0.318,0.083,0.8,0.117
5,Netflix orders sequel and spinoff to Ryan Gosling film 'Gray Man',-0.238,0.008,0.979,0.014
6,Roku Gets a New Bear Ahead of Earnings on Slowing Demand Concerns,0.273,0.136,0.785,0.079
7,Tech Stocks Are Moving Back in Favor. 3 That Are Trying to Break Out.,0.0,0.129,0.743,0.129
8,Analysts Are Downgrading These 10 Stocks After Weak Earnings Reports,0.968,0.068,0.876,0.056
9,7 Meme Stocks to Sell Now,0.992,0.106,0.826,0.068
10,"Is Trending Stock Netflix, Inc. (NFLX) a Buy Now?",0.999,0.13,0.864,0.006
11,Roku stock downgraded as analyst sees ‘cracks’ in its story,-0.135,0.0,0.938,0.062
12,7 Oversold Value Stocks to Buy Now,0.999,0.145,0.799,0.056
13,This Quote From Netflix's CEO Spells Great News for the Company's Future,0.743,0.193,0.776,0.031
14,ePlus and Five Below have been highlighted as Zacks Bull and Bear of the Day,1.0,0.143,0.819,0.038
15,Is It Too Late to Buy Netflix Stock?,0.7,0.254,0.746,0.0
