﻿,Titles,Polarity,Positive,Neutral,Negative
0,‘Content Is Still King.’ Why Wall Street Is Getting Excited About Netflix Stock,0.361,0.094,0.906,0.0
1,Netflix Says ‘Squid Game’ Is Its Biggest-Ever Series Launch,0.856,0.053,0.921,0.026
2,Netflix (NFLX) Earnings Expected to Grow: What to Know Ahead of Next Week's Release,0.996,0.118,0.839,0.042
3,Netflix Draws Price-Target Increases from Analysts,0.153,0.063,0.938,0.0
4,Netflix Stock Price Targets on the Rise Ahead Of Earnings,0.361,0.094,0.906,0.0
5,"Lego eliminates gender bias in toys, Netflix standing by Chappelle special, IMF board backs chief",0.0,0.0,1.0,0.0
6,Dave Chappelle comedy special causes uproar among Netflix workers,0.503,0.191,0.809,0.0
7,‘A place where if your values aligned… you’d put your money in’: Harry and Meghan push an ESG fintech,0.402,0.124,0.876,0.0
8,A Delayed Exit In Google,0.426,0.057,0.894,0.049
9,Why I Like Disney Stock Better Than Netflix Right Now,0.591,0.204,0.796,0.0
10,Dow Jones Falls As Tesla Climbs On Record China Sales; 3 Tech Giants Eye New Buy Points,-0.296,0.0,0.879,0.121
11,Dow Jones Rallies As Tesla Climbs On Record China Sales; 3 Tech Giants Eye New Buy Points,0.0,0.0,1.0,0.0
12,Netflix's (NFLX) Series Dominate Busan's Asia Content Awards,0.999,0.224,0.755,0.02
13,Dow Jones Futures Rally As Tesla Climbs On Record China Sales; 3 Tech Giants Eye New Buy Points,0.0,0.0,1.0,0.0
14,Dow Jones Futures Edge Up As Tesla Climbs On Record China Sales; 3 Tech Giants Eye New Buy Points,0.0,0.0,1.0,0.0
15,This Could Be the Best Stock to Buy Right Now Under $700 a Share,0.906,0.17,0.81,0.02
16,Dow Jones Futures Rally As Tesla Climbs On Strong China Sales,0.511,0.125,0.875,0.0
17,Musk Taunts Bezos Over World’s Richest Crown. But Who Will Make You Richer?,0.796,0.363,0.637,0.0
18,Winners and Losers in the Streaming Wars 2021,0.527,0.097,0.866,0.036
19,Walmart to Sell Netflix Products on Netflix Hub,0.996,0.151,0.833,0.016
20,It's an allegory: N.Korea website says 'Squid Game' reflects S.Korea's 'beastly' society,0.935,0.123,0.786,0.091
21,"'Squid Game' Set To Surpass 100 Million Viewing Households And Become Netflix's Most Popular Series Ahead Of 'Bridgerton,' Says Analyst",0.751,0.053,0.928,0.019
22,Netflix is Going to Start Selling Stuff on Walmart's Website,-0.25,0.0,0.905,0.095
23,Netflix defends Dave Chappelle amid criticism over trans remarks,0.542,0.13,0.87,0.0
