﻿,Titles,Polarity,Positive,Neutral,Negative
0,Could This Behemoth Company's Latest Gambit Spell Doom for Its Stock?,0.34,0.032,0.968,0.0
1,These stocks soared up to 12% after inflation cooled,0.848,0.13,0.87,0.0
2,Disney plans ad-funded version of streaming service in battle with Netflix,-0.979,0.065,0.834,0.102
3,Disney has 'out-Netflixed Netflix' and other streaming platforms: Analyst,0.0,0.0,1.0,0.0
4,Disney stock pops amid earnings beat and streaming subscriber growth,0.66,0.231,0.769,0.0
5,Apple Inches Closer to Erasing 2022 Losses as Inflation Cools,0.976,0.118,0.826,0.056
6,"Disney Stock Surges On Q3 Earnings Beat, Disney+ Subscriber Total Overtakes Netflix",0.103,0.043,0.957,0.0
7,"Disney tops Netflix on streaming subscribers, sets higher prices",-0.612,0.048,0.897,0.055
8,Amazon expected to add 'Black Friday' game to its NFL streaming: Report,0.802,0.079,0.882,0.04
9,“First Digital Advertising Recession”: 10 Media Stocks Crushed in 2022,-0.902,0.058,0.878,0.064
10,US Politicians are Selling These 10 Stocks,1.0,0.121,0.863,0.017
11,Disney Earnings Preview: Disney+ Steaming Growth In Focus After Netflix Stumble,0.0,0.0,1.0,0.0
12,Georgia Film Academy director leaves post to solve for 'final piece' of industry,-0.296,0.0,0.932,0.068
13,How Carvana’s Stock Crashed: What Went Wrong,0.527,0.115,0.849,0.037
14,Dow Futures Edge Higher Ahead of CPI Data; Disney Earnings Eyed,-0.807,0.068,0.851,0.081
15,"U.S. CPI, Tesla Stock Sale, Disney Results, EIA Stocks - What's Moving Markets",-0.993,0.059,0.847,0.095
16,The Trade Desk (TTD) Q2 2022 Earnings Call Transcript,0.44,0.137,0.805,0.058
