﻿,Titles,Polarity,Positive,Neutral,Negative
0,"New Study: Merchants Fight Subscription Fatigue With New Features, Flexibility",0.973,0.068,0.895,0.037
1,Morgan Stanley sees a potential 10% market correction happening soon -- here's why,0.0,0.0,1.0,0.0
2,Is Netflix Going to Be a Hit?,-0.422,0.0,0.938,0.063
3,Key Takeaways From ViacomCBS's Proposed Restructuring,0.178,0.034,0.941,0.025
4,Suddenly everyone thinks the stock market is going to plunge: Morning Brief,0.967,0.069,0.881,0.05
5,Sorrell's S4 Capital ups profit outlook as losses widen,0.99,0.124,0.829,0.047
6,ViacomCBS Gains on Report of Restructuring at Paramount,0.572,0.03,0.97,0.0
