﻿,Titles,Polarity,Positive,Neutral,Negative
0,"Disney Stock Sinks After Earnings, Disney+ Subscriber Miss",-0.026,0.072,0.853,0.075
1,UPDATE 5-Disney+ sees smallest subscriber growth since launch in battle with Netflix,0.956,0.088,0.868,0.045
2,Nvidia GM of embedded and edge computing details latest advancements in robotics and virtual worlds,0.0,0.0,1.0,0.0
3,Disney earnings: What to expect,0.0,0.0,1.0,0.0
4,The ProShares Smart Materials ETF Looks to Invest in $110 Billion Market,0.995,0.095,0.894,0.012
5,Disney earnings preview: Investors focus on Disney+ subscribers,0.0,0.0,1.0,0.0
6,Were These Hedge Funds Right About Piling Into ASML Holding N.V. (ASML)?,0.997,0.087,0.907,0.006
7,Were Hedge Funds Right About Dumping Toyota Motor Corporation (TM)?,0.997,0.091,0.888,0.02
8,Buying Cloudflare Now Depends on Your Faith in Its Vision,0.991,0.106,0.836,0.058
9,Box office star Dwayne Johnson lands on Netflix in heist movie 'Red Notice',0.702,0.081,0.867,0.052
