﻿,Titles,Polarity,Positive,Neutral,Negative
0,Ohio cities want Netflix and other streaming services to pay cable fees,-0.103,0.0,0.924,0.076
1,Buy This Tech Stock Down 50% Before Earnings for Huge Upside?,0.989,0.113,0.875,0.011
2,"BlackRock misses on revenue, activist investor calls for Peloton sale, Netflix sued",-0.226,0.0,0.936,0.064
3,Why Gaming may Become a Growth Avenue for Netflix (NASDAQ:NFLX),0.999,0.146,0.823,0.032
4,Netflix Stock Braces For First-Quarter Report With Possibly Slowest Growth In 10 Years,-0.361,0.0,0.872,0.128
5,How Hulu's 'The Kardashians' fits into the 'survival of the fittest' media landscape,0.997,0.072,0.901,0.027
6,More Analysts Re-Rate Netflix Ahead Of Q1 Earnings,0.987,0.143,0.79,0.066
7,"Netflix earnings preview: Russia suspension to weigh on Q1 subscribers, analysts say",0.691,0.062,0.891,0.047
8,Activist Again Call for a Sale of Peloton. They Don’t Care for the New or Old CEO.,0.103,0.111,0.795,0.093
9,Peloton shares up 4.2% as activist investor again urges sale of company,-0.324,0.055,0.831,0.114
10,Peloton Climbs After Investor Renews Call to Explore a Sale,0.981,0.105,0.833,0.062
11,Should Netflix Still Be in Your Queue?,-0.446,0.0,0.913,0.087
12,"Apple (AAPL), Tom Hanks' Playtone Ink Multi-Year Content Deal",0.999,0.16,0.826,0.015
13,What ‘The Kardashians’ debut on Hulu means for the streaming landscape,0.0,0.0,1.0,0.0
14,"Netflix earnings, subscribers could take a hit from Russia exit",0.0,0.0,1.0,0.0
15,Is a Surprise Coming for Netflix (NFLX) This Earnings Season?,0.997,0.191,0.809,0.0
16,3 Signs You Should Cancel Your Netflix Subscription,0.914,0.209,0.771,0.02
17,Russian Netflix users sue streaming giant for leaving market -RIA,-0.883,0.05,0.846,0.104
18,Russian Netflix users sue streaming giant for leaving market -RIA,-0.883,0.05,0.847,0.103
