﻿,Titles,Polarity,Positive,Neutral,Negative
0,Netflix Stock Is Stuck In a Rut. How It Could Become a Surprise Reopening Play.,0.226,0.185,0.701,0.114
1,3 Most-Shorted Stocks Positioned to Buy,0.996,0.113,0.841,0.046
2,"Billionaire Mark Cuban Is Betting Big On NFTs, Extends Buy And Hold Strategy",0.993,0.098,0.886,0.016
3,Avoid Discovery Stock Until the Major Selling Overhang Eases,0.998,0.163,0.784,0.053
4,3 Positives from Netflix's Disappointing Earnings,-0.735,0.0,0.9,0.1
5,Airbnb Makes for a Good Long-Term Investment,0.988,0.125,0.781,0.093
6,"Ocugen Stock Relief Pop Is Great, But It Needs More",0.995,0.106,0.851,0.043
7,Biggest QQQ Exodus Since 2000 Ups the Ante on Big Tech Earnings,0.915,0.089,0.852,0.059
8,"Top Stocks 2021: If You Only Buy One AI Stock, It Better Be C3.ai",0.998,0.138,0.844,0.018
9,"Intel, American Express, Honeywell All Under Pressure After Earnings, But Snap Rebounds",0.995,0.094,0.837,0.069
10,3 Reasons Netflix Should Get Into Advertising,0.818,0.148,0.829,0.023
11,Is It Time to Buy Netflix Stock?,0.934,0.223,0.702,0.075
12,"The Zacks Analyst Blog Highlights: Netflix, Medtronic, Stryker, Sysco and EOG Resources",0.998,0.126,0.845,0.029
13,"The Zacks Analyst Blog Highlights: Goldman Sachs, Netflix, Shopify, Walmart and Amazon",0.999,0.11,0.869,0.021
14,"Stock Market Rally Retreats, Bitcoin Dives Amid Biden Capital Gains Tax Plan; Netflix, Snap, United Airlines In Focus",0.178,0.158,0.74,0.103
15,FAANG Bites: When to Buy FAANG Stocks Like Netflix,0.0,0.0,1.0,0.0
16,"FAANG Bites: Don't Bet Against Facebook, Apple and Netflix",0.0,0.0,1.0,0.0
