﻿,Titles,Polarity,Positive,Neutral,Negative
0,"Tiger Cubs Ditched Tech Losers, Buying Others That Fared Worse",-0.841,0.057,0.875,0.067
1,Crypto world howls over luna eclipse,0.769,0.126,0.807,0.066
2,Netflix Is Looking to Get Into the Live Streaming Game,0.412,0.096,0.873,0.031
3,"After years of doubt and a disastrous earnings report, Wedbush now predicts a 50% stock gain for Netflix",0.996,0.139,0.789,0.072
4,"Netflix, Meta dumped by hedge funds as tech sell-off continues",0.984,0.115,0.878,0.006
5,Netflix reportedly developing live streaming features,0.422,0.104,0.896,0.0
6,Why These 10 Stocks Are in the Spotlight on Monday,0.997,0.107,0.868,0.025
7,"What's happening to tech stocks is 'kind of unheard of' — and 'we are not done,' analyst says",-0.972,0.034,0.873,0.093
8,A Hungry Netflix Will Be a Better Netflix,0.382,0.08,0.92,0.0
9,Trade Desk Stock Is Upgraded. NetFlix Ad Move Is ‘Big Deal.’,0.296,0.071,0.929,0.0
10,Netflix Stock Bear Turned Bull Calls Bottom For Video Streamer,0.7,0.216,0.784,0.0
11,"If you don’t like our content, you can quit: Netflix delivers a clear message to employees in new culture guidelines",-0.726,0.069,0.854,0.077
12,Missed Out on Netflix? 2 Monster Growth Stocks to Buy Now and Hold,0.907,0.218,0.782,0.0
13,3 Large-Cap Stocks to Buy on Earnings Dips,0.998,0.156,0.764,0.08
14,"Market check: Travel stocks mixed, Netflix stock rebounds, startup stocks struggle",0.0,0.0,1.0,0.0
15,15 stocks that have fallen at least 33% but by these measures are still standouts in their sectors,0.382,0.115,0.885,0.0
16,Netflix stock pops after Wedbush upgrades shares,-0.035,0.09,0.834,0.076
17,"Netflix needs to move beyond binge watching, analyst says in upgrade",0.681,0.189,0.811,0.0
18,"Wedbush upgrades Netflix: 'Positioned to grow' amid 'Ozark,' 'Stranger Things' debuts",0.995,0.112,0.864,0.024
19,3 Reasons to Invest in FUBO Stock After Over 75% YTD Drop,0.996,0.138,0.815,0.047
20,"Is Trending Stock Netflix, Inc. (NFLX) a Buy Now?",0.998,0.123,0.869,0.008
21,Could Netflix Eventually Become an Excellent Dividend Stock?,-0.153,0.0,0.914,0.086
22,Netflix Stock Is Beaten Up. Ditching Binge Watching Made This Analyst Upbeat.,0.791,0.085,0.915,0.0
23,Netflix vs. Hulu: Which Is the Better Deal?,0.637,0.1,0.9,0.0
24,How Long It'll Take 10 Crushed Stocks Like Netflix To Rebound,0.44,0.142,0.792,0.066
25,"Midday Stock Movers: SoFi, Coinbase, Netflix",-0.231,0.055,0.89,0.055
26,Stock market 'mauled' by a bear market sees Goldman Sachs cut forecasts,-0.835,0.062,0.851,0.087
27,When your neighbor asks: 'Has the stock market bottomed yet?',0.997,0.09,0.876,0.034
28,"Spirit Airlines, Sofi, Carvana Rise Premarket; Twitter, McDonald's Fall",0.459,0.066,0.892,0.042
29,Advertisers raise a glass to prospect of exposure on Netflix,0.656,0.109,0.854,0.037
