﻿,Titles,Polarity,Positive,Neutral,Negative
0,Netflix (NFLX) Stock Sinks As Market Gains: What You Should Know,0.988,0.095,0.883,0.022
1,Spotify Stock ‘Is Not Broken.’ Why This Could Be a Time to Buy.,0.762,0.335,0.665,0.0
2,"Musk, Aniston Pick Sides in LA Mayor Race Likely to Get Rerun",0.993,0.103,0.87,0.027
3,Tech layoffs have surged over the last month,0.0,0.0,1.0,0.0
4,Peloton Names Amazon Executive to CFO Post in Latest Reshuffle,0.527,0.065,0.887,0.048
5,Citigroup Looks To Hire Over 4K Tech Specialists To Tap Pandemic Induced Digital Boom,0.983,0.163,0.821,0.015
6,Why Paramount Global Shares Soared Last Month,0.361,0.226,0.774,0.0
7,Disney (DIS) to Stream Marvel Studios' Latest on Disney Plus,0.998,0.138,0.839,0.023
8,"Spotify Shares Jump On Analyst Upgrade, Drawing Parallels With Netflix",0.982,0.15,0.797,0.053
9,Is It Time to Buy Netflix?,-0.247,0.086,0.761,0.153
10,Buy This Undervalued Stock Before Everyone Else Does,-0.402,0.0,0.948,0.052
11,"Didi Global, Tesla, Apple, Spirit Airlines Rise Premarket; Under Armour Falls",0.952,0.072,0.904,0.024
12,Cost of living crisis: 10 top tips to save money on subscriptions,0.999,0.156,0.789,0.055
