﻿,Titles,Polarity,Positive,Neutral,Negative
0,Netflix's Dave Chappelle controversy clouds 'Squid Game' success,-0.202,0.0,0.917,0.083
1,Netflix workers are planning to protest the company's airing of Dave Chappelle's transphobic comments,-0.25,0.0,0.905,0.095
2,"Stock Picks: Nvidia, Microsoft Reveal 7 Telltale Traits As Market Looks To Rebound",0.893,0.3,0.7,0.0
3,"A Surprising Collaboration for Walmart — Great Quarter, Guys",0.951,0.108,0.878,0.014
4,My $3.5 Million Netflix Mistake,0.178,0.172,0.687,0.142
5,Is Netflix the New Disney?,0.511,0.061,0.939,0.0
6,North Korea Blasts ‘Squid Game’ as Evidence of Capitalist Society’s ‘Hell-Like Horror’,0.889,0.097,0.838,0.065
7,Did Netflix's CEO Really Just Say That?,0.637,0.3,0.636,0.064
8,'We want our stories to travel': Netflix launches Palestinian film collection,0.758,0.064,0.898,0.037
9,Investors Should Make Anghami Their Jam: Middle East Tech Leader Goes Public on Nasdaq,0.999,0.113,0.867,0.02
10,Earnings Estimates For Technology Stocks Rise Ahead Of Reports,0.178,0.069,0.931,0.0
11,Netflix Is Finally Taking a Hint From Disney,0.668,0.102,0.857,0.04
12,Netflix’s algorithm is force feeding international entertainment into western TV diets,0.572,0.198,0.802,0.0
13,"Stocks Jump, Oil Surges, Earnings on Tap, Squid Game Enthralls - 5 Things You Must Know",-0.382,0.051,0.858,0.091
14,"Elon Musk Responds To Dogecoin 'Squid Game' Meme, Backs Call For Nodes To Upgrade",0.0,0.0,1.0,0.0
