﻿,Titles,Polarity,Positive,Neutral,Negative
0,3 Short-Squeeze Stocks for Long-Term Bullish Profits,0.996,0.102,0.873,0.025
1,Google’s Stadia Problem? A Video Game Unit That’s Not Googley Enough,0.999,0.131,0.818,0.051
2,How to Navigate the Questionable Future of the Top 10 Meme Stocks,0.999,0.123,0.826,0.051
3,How to Navigate the Questionable Future of the Top 10 Meme Stocks,0.999,0.123,0.826,0.051
4,3 Great Stocks You Can Buy and Hold Forever,0.273,0.052,0.913,0.035
5,The one question Warren Buffett always asks before investing,0.997,0.161,0.799,0.04
6,The one question Warren Buffett always asks before investing,0.997,0.161,0.799,0.04
