﻿,Titles,Polarity,Positive,Neutral,Negative
0,Apple Is the Last FAANG Standing,0.0,0.0,1.0,0.0
1,Netflix Stumbles and Disney Takes Heat. Chill on the Stocks.,0.202,0.083,0.917,0.0
2,Is Netflix cracking down on password sharing and how to position your investments before the Fed causes a bear market,0.586,0.171,0.755,0.073
3,Streaming Wars Could Become Free for All,-0.557,0.0,0.825,0.175
4,Stocks Succumb to Bond-Market Rout as Fed Inflation Hawks Circle,0.911,0.097,0.816,0.088
5,2 Stocks to Buy on the Netflix Decline,-0.273,0.0,0.958,0.042
6,Previewing Tech Earnings After Netflix's Fiasco,0.999,0.126,0.852,0.022
7,‘Dark clouds are gathering for the streaming industry’: Experts say that Netflix catastrophe could mean sector-wide fallout,-0.43,0.085,0.832,0.083
8,"Keep Watching, Netflix Could Soon Enough Have Its Rocky III Moment",0.0,0.0,1.0,0.0
9,"Pandemic darling stocks Netflix, Peloton, Zoom, and DocuSign face reckoning",0.856,0.058,0.911,0.031
10,Are you still watching? Netflix and the future of streaming,0.0,0.0,1.0,0.0
11,Why I'm part of one of Netflix's biggest problems,0.993,0.119,0.829,0.051
12,Netflix price increases drive consumers to consider ditching the streaming service,0.992,0.103,0.842,0.054
13,I Modeled For Abercrombie. Netflix’s ‘White Hot’ Doc Is Accurate,0.996,0.105,0.851,0.044
14,"Market Rally Hits Resistance; Netflix Crashes, Tesla, Lockheed, United Airlines, Alcoa In Focus: Weekly Review",0.0,0.0,1.0,0.0
15,Why Procter &amp; Gamble May Be a Better Buy Than Netflix,0.732,0.128,0.836,0.036
16,Is Netflix cracking down on password sharing? Here’s what you need to know if you share an account,0.637,0.206,0.794,0.0
17,"After Netflix and CNN+ busts, Wall Street wonders if streaming is a good investment",-0.572,0.065,0.764,0.171
18,Why Netflix Stock Plummeted 35% This Week,-0.361,0.086,0.78,0.134
19,CNN+ among short-lived streaming services after Warner Bros. Discovery shuts it down,-0.318,0.0,0.931,0.069
20,"Oil extends losses, health care stocks lag, pandemic stocks plunge",0.0,0.0,1.0,0.0
21,Weekend reads: How to position your investments before the Federal Reserve causes a bear market,-0.402,0.097,0.725,0.179
22,"Roku Has Its Headwinds but There Are Still ‘Bright Spots Overlooked,’ Analyst Says",0.44,0.153,0.847,0.0
23,Analysts Are Increasing Prices Targets of These 10 Tech Stocks,0.999,0.096,0.886,0.017
24,Ensemble Capital: “Netflix (NFLX)’s Service Remains Priced Well Below the Value it Offers”,0.973,0.076,0.906,0.018
25,Spotify Near Its 52-Week Low: Time to Buy?,0.881,0.212,0.749,0.04
26,Cancelling Netflix won’t solve energy price crunch,0.686,0.136,0.845,0.019
27,Match Group Gains as Morgan Stanley Says Weakness Overdone,-0.518,0.09,0.797,0.113
28,Why Shopify Stock Crashed 17.2% This Week,0.44,0.125,0.802,0.073
29,What Long-Term Investors Need to Know About Netflix Stock,-0.599,0.039,0.851,0.11
30,Shopify’s Stock Split Fails to Rekindle Investor Romance,0.996,0.114,0.85,0.035
31,"Netflix May No Longer Be a Hypergrowth Company, So Is It Still a Buy?",0.663,0.108,0.892,0.0
