﻿,Titles,Polarity,Positive,Neutral,Negative
0,"News From Tesla, Chipotle, Netflix, and More",-0.25,0.0,0.917,0.083
1,IMAX CEO on partnerships with streamers: ‘Don’t think it’s going to threaten the box office at all’,0.44,0.1,0.9,0.0
2,What Netflix Just Revealed Means Its Stock Could Soar,0.718,0.077,0.923,0.0
3,The 3 Best Movie Stocks to Buy for the Post-Pandemic Cinematic Evolution,0.999,0.124,0.857,0.019
4,3 Stocks That Can Thrive in Periods of High Inflation,0.202,0.096,0.904,0.0
5,YouTube Premium has quietly grown into a legitimate Netflix competitor,0.0,0.0,1.0,0.0
6,15 Best Stocks To Invest In Right Now According to Hedge Funds,1.0,0.13,0.848,0.021
