﻿,Titles,Polarity,Positive,Neutral,Negative
0,Netflix (NFLX) Gains But Lags Market: What You Should Know,0.991,0.096,0.898,0.006
1,Carole Baskin Pumps Dogecoin,0.402,0.13,0.87,0.0
2,"Netflix Amortized Content Spending to Rise 26% to $13.6 Billion in 2021, Analysts Project",0.986,0.086,0.911,0.004
3,"Future of Apple TV+ amid Emmy wins, ‘Ted Lasso’ success",-0.128,0.0,0.949,0.051
4,"ViacomCBS's (VIAC) BET, BET+ Unveil 2021 Fall Program Lineup",0.998,0.172,0.811,0.017
5,IATSE entertainment union members call for strike authorization vote,-0.128,0.0,0.943,0.057
6,"Netflix (NFLX) Buys Roald Dahl Story Company, Expands Portfolio",0.998,0.164,0.822,0.014
7,Netflix Stock Shows A Rising Relative Strength Rating Of 70+,0.718,0.353,0.647,0.0
8,Netflix Just Bought the Entire Chocolate Factory,0.128,0.073,0.927,0.0
9,Disney Is Winning Against Netflix in This Crucial Market,0.178,0.168,0.703,0.13
10,"How the dean of valuation prices loss-making tech stocks — and his views on Amazon, Netflix and Airbnb",0.791,0.094,0.884,0.022
