﻿,Titles,Polarity,Positive,Neutral,Negative
0,Ruane Cunniff's Top 4 Trades in the 4th Quarter,0.998,0.165,0.819,0.016
1,Blockbuster movies will come back after COVID-19: former Legendary Entertainment CEO,0.996,0.113,0.863,0.025
2,"Facebook, Netflix Face Fresh Scrutiny as India Tightens Grip",0.528,0.086,0.842,0.072
3,'I don't' miss the glamour of Hollywood: Legendary Entertainment founder,0.999,0.146,0.842,0.012
4,Influencers with Andy Serwer: Thomas Tull,1.0,0.18,0.796,0.024
5,Influencers with Andy Serwer: Thomas Tull,1.0,0.18,0.796,0.024
