﻿,Titles,Polarity,Positive,Neutral,Negative
0,Is Netflix Stock A Buy After Video Streamer's June-Quarter Earnings Report?,0.0,0.0,1.0,0.0
1,Is Netflix Stock A Buy After Video Streamer's June-Quarter Earnings Report?,0.0,0.0,1.0,0.0
2,2 Hyperscale Stocks That Will Leave Traditionalists in the Dust,0.999,0.111,0.854,0.035
3,"United, Google ask employees to get vaccinated before returning to work",0.0,0.0,1.0,0.0
4,"Fubo Stock Is Ready to Rebound, It Just Needs Time",0.987,0.109,0.823,0.068
5,10 Best Stocks to Buy According to Billionaire Daniel Sundheim,1.0,0.13,0.853,0.018
6,"Tech Stocks Roundup: Cramer Likes Facebook, Snap and Roku",0.202,0.076,0.924,0.0
