﻿,Titles,Polarity,Positive,Neutral,Negative
0,Could Netflix be the next big tech company to unionize?,0.765,0.268,0.732,0.0
1,10 Best Streaming Stocks To Buy Now,0.999,0.107,0.868,0.025
2,"Stocks end the day in the red, retail stocks battered, tech sector closes under pressure",0.0,0.0,1.0,0.0
3,"Investing in the new high-inflation, slowing-growth paradigm",0.844,0.115,0.864,0.021
4,Streaming has dramatically changed the landscape for film financing,0.959,0.081,0.875,0.044
5,I Canceled Netflix After 15 Years. That's Bad News for the Stock.,0.291,0.113,0.811,0.076
6,Tech layoffs and hiring freezes increase as cheap money shrinks,0.983,0.111,0.851,0.038
7,"After disrupting TV and upending Hollywood, Netflix could be looking more like a cable network and movie studio",0.994,0.101,0.851,0.048
8,"DEADLINE ALERT for NFLX, MULN, AMZN, ARQQ: Law Offices of Howard G. Smith Reminds Investors of Class Actions on Behalf of Shareholders",0.937,0.079,0.856,0.065
9,"The stock market is pricing in a 70% chance of a 'near-term' recession, JP Morgan says",-0.28,0.045,0.905,0.05
10,"Netflix, Meta, Uber among companies announcing layoffs and hiring freezes",0.997,0.147,0.817,0.036
11,"The Good, Bad, and Ugly of Layoffs at Netflix",0.0,0.0,1.0,0.0
12,Netflix (NFLX) Inks $350M Plus Renewal Deal With VFX Firm DNEG,0.998,0.164,0.787,0.049
13,3 Value Stocks to Buy in May,0.852,0.237,0.707,0.056
14,EXCLUSIVE: Genius Brands Signs 20-Year Deal With Marvel Studios For Stan Lee License,0.996,0.163,0.81,0.026
15,2 Monstrous Stats Show Why Roku Stock Looks Like a Buy,0.735,0.36,0.64,0.0
16,"Now a Takeunder Target, There Is No Reason to Own Redbox Stock",0.998,0.136,0.845,0.019
17,"Down Almost 70%, Here Are 3 Reasons to Buy Netflix Stock Today",0.796,0.156,0.782,0.062
18,"Stock market: 'Two different dynamics at play,' NYSE president says",0.251,0.064,0.87,0.066
19,Netflix vs. Amazon Prime Video: Which Is the Better Deal?,0.765,0.204,0.753,0.043
20,3 Ultra-Popular Stocks Billionaires Bought Hand Over Fist in the First Quarter,0.644,0.076,0.924,0.0
21,"Target, Lowe's, Netflix Fall Premarket; TJX Rises",0.963,0.105,0.849,0.046
22,"Why Warren Buffett Bought Paramount, Not Netflix, Stock",0.526,0.228,0.69,0.082
