﻿,Titles,Polarity,Positive,Neutral,Negative
0,Buy Disney Stock on the Dip Before Earnings as a Reopening Play?,0.999,0.153,0.823,0.024
1,The pandemic is giving Netflix its long-awaited chance to be in movie theaters,0.103,0.121,0.776,0.103
2,Jim Cramer: FAANG's Still Got Teeth,-0.042,0.145,0.727,0.128
3,ViacomCBS Earnings Are Due Thursday. This Could Get Messy.,0.329,0.07,0.93,0.0
4,"An Earnings ""FAANGover""",0.981,0.072,0.901,0.027
5,25 Best Heist Movies of All Time,0.998,0.129,0.77,0.102
6,Netflix’s ‘Army of the Dead’ to open in hundreds of theaters before it streams,-0.649,0.0,0.837,0.163
7,Things Heard &amp; Seen — evil spirits lurk in ’80s upstate New York,0.103,0.063,0.879,0.058
