﻿,Titles,Polarity,Positive,Neutral,Negative
0,New green investment apps want to fight climate change — not just limit it,0.991,0.107,0.827,0.067
1,New green investment apps want to fight climate change — not just limit it,0.991,0.107,0.827,0.067
2,"Netflix Promotes Peter Friedlander to Head of U.S. Scripted TV, Brian Wright Exiting",0.999,0.182,0.806,0.012
3,AMC stock is worth less than a movie ticket: analyst,0.985,0.085,0.878,0.037
4,Netflix stock chart produces first 'death cross' pattern in nearly 2 years,-0.402,0.027,0.925,0.048
5,Influencers with Andy Serwer: Todd Boehly,0.0,0.0,1.0,0.0
6,Influencers with Andy Serwer: Todd Boehly,1.0,0.148,0.833,0.019
