﻿,Titles,Polarity,Positive,Neutral,Negative
0,Read Why Benchmark Is Bearish On Netflix,0.34,0.089,0.822,0.088
1,Netflix is slashing its prices in India,0.91,0.111,0.889,0.0
2,Netflix to Announce Fourth-Quarter 2021 Financial Results,0.903,0.059,0.936,0.005
3,UPDATE 2-Amazon's AWS recovers from brief outage affecting third-party services,0.751,0.06,0.922,0.018
4,Amazon's AWS recovers from brief outage affecting third-party services,0.751,0.062,0.92,0.018
5,"Amazon, Netflix, and other tech companies reporting broad web outages",0.0,0.0,1.0,0.0
