﻿,Titles,Polarity,Positive,Neutral,Negative
0,Marvel's first Asian superhero Simu Liu: 'Now is not the time to withdraw',0.948,0.066,0.896,0.038
1,Lights! Camera! Harry And Meghan! Royal Couple Makes Netflix Debut With 'Heart Of Invictus',0.931,0.069,0.902,0.029
2,Prince Harry and Meghan's first Netflix project to focus on Invictus Games,0.671,0.04,0.94,0.02
3,Music Services and Video Streaming Are Reshaping The Media Landscape,0.572,0.171,0.829,0.0
4,Former Disney CEO Michael Eisner to take trading card company Topps public in $1.3 billion SPAC deal,0.999,0.17,0.81,0.02
