﻿,Titles,Polarity,Positive,Neutral,Negative
0,Should Disney Spin ESPN Off? This Analyst Says No.,0.671,0.116,0.825,0.059
1,Disney is Raising These Prices Again,0.44,0.04,0.96,0.0
2,Did Bill Ackman Give Up on Netflix Too Soon?,-0.202,0.0,0.941,0.059
3,"13F filings: Michael Burry dumps stock, Buffett adds Apple stock, Tepper buys Netflix",0.0,0.0,1.0,0.0
4,Streaming Stocks Are Slowing Down. Should You Really Buy Now?,0.076,0.046,0.896,0.058
5,Is Netflix Wasting Hundreds of Millions on Games?,0.052,0.054,0.906,0.04
6,Netflix Burns Shorts as ‘Extreme’ Bearishness Ebbs,0.99,0.103,0.846,0.051
7,Netflix Burns Shorts as ‘Extreme’ Bearishness Ebbs,0.99,0.103,0.845,0.052
8,Is Disney Stock a Buy?,-0.34,0.0,0.936,0.064
