﻿,Titles,Polarity,Positive,Neutral,Negative
0,Amazon’s Talks With MGM Bring Fresh Shine to Old Movie Libraries,0.997,0.137,0.82,0.043
1,Discovery stock could be worth 35% more after AT&amp;T deal: analyst,0.993,0.113,0.865,0.023
2,Is ‘Rocky’ Worth $9 Billion? Amazon-MGM Talks Highlight Value of Content.,0.557,0.159,0.841,0.0
3,Why AT&amp;T's stock is getting smashed after mega media deal with Discovery,0.83,0.062,0.893,0.045
4,Redbox CEO on building a 'one-stop-shop for entertainment',0.422,0.104,0.896,0.0
5,Redbox CEO on building a 'one-stop-shop for entertainment',0.999,0.13,0.865,0.006
6,Amazon's Bid For MGM Escalates Major Battle To Dominate Movie Market,0.402,0.243,0.656,0.1
7,ETFs in Focus on AT&amp;T-Discovery Mega Merger Deal,0.999,0.143,0.834,0.024
8,Amazon in talks to buy MGM for $9 billion: RPTS,0.0,0.0,1.0,0.0
9,Discovery-WarnerMedia Merger to Rev Up Streaming Competition,1.0,0.177,0.805,0.018
10,"To Invest During a Market Crash, Start With This Stock",0.296,0.198,0.683,0.119
11,Amazon in talks to buy James Bond studio MGM for $9bn,0.477,0.071,0.876,0.053
12,How WarnerMedia and Discovery plan to forge a media behemoth,0.026,0.037,0.927,0.036
