﻿,Titles,Polarity,Positive,Neutral,Negative
0,How Prince Harry new job with $1.73B startup BetterUp helps secure his future,0.989,0.082,0.91,0.008
1,The Market Was Mixed Today. Here's Why.,0.985,0.108,0.858,0.034
2,Disney+ set to raise prices in the US this week: Variety,0.542,0.069,0.875,0.056
3,Netflix Is Experimenting With Releasing New Episodes Over a Longer Timeframe,0.649,0.073,0.927,0.0
4,Netflix is Yahoo Finance Plus’ investment idea of the day,0.696,0.051,0.949,0.0
5,Canadian Oil Lobby Declares War On Netflix,0.975,0.123,0.78,0.097
6,NXST or NFLX: Which Is the Better Value Stock Right Now?,0.999,0.258,0.737,0.004
7,"Dow Jones Futures Signal Stock Market Rally As Intel Reclaims Buy Point, Lifts Chip-Gear Giants; GME Stock Falls On Earnings",-0.599,0.0,0.824,0.176
8,Netflix Tests If Weekly Dose Of Its Content Would Be Better Than Letting You Binge-Watch,0.945,0.059,0.934,0.007
9,Dow Jones Futures: Intel Lifts Chips After Market Retreat Slams Leaders; GME Stock Falls On Earnings,-0.599,0.0,0.824,0.176
