﻿,Titles,Polarity,Positive,Neutral,Negative
0,7 Blue-Chip Stocks to Buy After Last Month’s Massive Beating,1.0,0.127,0.855,0.018
1,The Road to Better Tech Is Strewn With Losers… Here’s How to Find the Next Winner,0.966,0.089,0.836,0.075
2,Why Roblox Stock Fell 7% on Monday,-0.318,0.071,0.839,0.09
3,Netflix interviewing external candidates to lead ad-supported service: report,0.402,0.047,0.953,0.0
4,Netflix Interviewing Multiple External Candidates for New Senior Role Overseeing Ad-Supported Tier,0.296,0.099,0.901,0.0
5,Why Netflix Stock Fell 4% Today,-0.656,0.0,0.883,0.117
6,Marvel’s ‘Thor: Love and Thunder’ brings in $143 million in opening weekend,0.869,0.259,0.741,0.0
7,Tech Earnings Are Coming. 6 Reasons to Brace for Even More Pain.,-0.572,0.059,0.796,0.145
8,Here Are the Top CEOs of 2022,0.077,0.064,0.936,0.0
9,Citi sees a surprising stock market rally into year-end,0.959,0.1,0.838,0.062
