﻿,Titles,Polarity,Positive,Neutral,Negative
0,What's Behind The Curtain For Netflix's Q1 Earnings?,0.998,0.102,0.88,0.017
1,Netflix is losing billions a year to password sharing. Here’s how it plans to fight back,0.911,0.084,0.856,0.06
2,"Dow Jones Futures: What To Do After Today's Stock Market Fall; Netflix, Tesla Earnings Ahead",0.0,0.0,1.0,0.0
3,Netflix password sharing leading to annual losses of $6 billion,0.977,0.068,0.918,0.015
4,Netflix Investors Could Be in for a Shocker This Week,0.273,0.13,0.87,0.0
5,"Markets check: Stocks in the green, Treasury yields jump",0.44,0.17,0.83,0.0
6,"Exploding Kittens gets first mobile game, animated series combo on Netflix",0.361,0.048,0.952,0.0
7,"Netflix, Tesla to report earnings this week",0.0,0.0,1.0,0.0
8,"The Zacks Analyst Blog Highlights Netflix, Disney, and Apple",0.998,0.123,0.854,0.023
9,Is it Still Worthy to Own Netflix (NFLX) Shares?,0.995,0.128,0.846,0.026
10,Netflix earnings: 3 things to watch,0.997,0.117,0.858,0.025
11,Netflix ETFs in Focus Ahead of Q1 Earnings,0.996,0.11,0.841,0.048
12,5 Reasons to Sign Up for HBO Max,0.772,0.168,0.832,0.0
13,Sellers Lock and Load Ahead of Netflix Report,-0.958,0.066,0.819,0.115
14,Netflix Stock Has a Lot to Prove This Week,-0.813,0.039,0.771,0.19
15,Paying Your Taxes Can Be Good for Crypto and Stocks,-0.477,0.0,0.859,0.141
16,Tesla Earnings Follow Musk's Take-It-or-Leave-It Twitter Bid,0.998,0.112,0.86,0.027
17,Netflix Reports Earnings Soon. Wall Street Is Worried About Subscriber Growth.,-0.128,0.078,0.835,0.087
