﻿,Titles,Polarity,Positive,Neutral,Negative
0,Netflix: A Stock for GARP Investors to Consider,0.995,0.13,0.857,0.013
1,10 Best Defensive Stocks to Buy Today According to Billionaire Ken Fisher,1.0,0.155,0.83,0.015
2,10 Best Defensive Stocks to Buy Today According to Billionaire Ken Fisher,1.0,0.155,0.83,0.015
3,The Biggest Reason I'm Bullish on This Supercharged Growth Stock,0.649,0.087,0.913,0.0
4,The Biggest Reason I'm Bullish on This Supercharged Growth Stock,0.649,0.087,0.913,0.0
5,Is Roku Getting Ready to Challenge Netflix?,0.511,0.058,0.942,0.0
6,Is Roku Getting Ready to Challenge Netflix?,0.511,0.058,0.942,0.0
7,This Could Be a Huge Catalyst for Roblox,0.0,0.0,1.0,0.0
8,This Could Be a Huge Catalyst for Roblox,0.0,0.0,1.0,0.0
9,Can This Be a Game-Changer for Netflix?,0.891,0.191,0.809,0.0
10,"Wattpad and Webtoon Merge Studio Divisions, Parent Company Commits $100M in Production Financing",0.98,0.054,0.946,0.0
11,"Wattpad and Webtoon Merge Studio Divisions, Parent Company Commits $100M in Development and Production Financing",0.984,0.058,0.942,0.0
