﻿,Titles,Polarity,Positive,Neutral,Negative
0,"Tencent, Sony Ramp Up Cloud-Gaming Initiative Investment Via Japanese Venture Ubitus: Bloomberg",0.257,0.037,0.927,0.037
1,"Disney To Reopen Disneyland, California Parks On April 30; DIS Stock Edges Higher",0.077,0.081,0.849,0.07
2,Investors really hate tech stocks right now— but should they?,0.995,0.131,0.805,0.064
3,How Is MongoDB Doing?,0.557,0.092,0.852,0.056
4,Comcast Stock Is Near a Record. One Analyst Says the Company Should Break Up.,0.153,0.121,0.805,0.075
5,"S&amp;P 500, Dow Hit Records as Dovish Fed Move Helps Tech Comeback",0.95,0.087,0.861,0.051
6,Do Options Traders Know Something About Netflix (NFLX) Stock We Don't?,0.986,0.099,0.882,0.019
