﻿,Titles,Polarity,Positive,Neutral,Negative
0,Netflix nears deal for Roald Dahl rights,0.974,0.102,0.873,0.025
1,Netflix in talks to buy children's classics author Roald Dahl's works- Bloomberg News,0.66,0.041,0.959,0.0
2,Why Goldman Sachs just launched this ETF that will rival FAANG stocks,0.989,0.11,0.876,0.014
3,Here's Why Investors Can Consider Netflix in the Next Market Crash,0.866,0.165,0.781,0.054
4,Goldman Sachs new ETF targets non-megacap tech stocks around the world,0.527,0.139,0.815,0.046
5,Netflix (NFLX) Wins Big at Emmy Awards 2021 With The Crown,0.999,0.248,0.732,0.02
6,Why ViacomCBS Deserves Apathetic Investors' Attention,0.856,0.167,0.833,0.0
7,A Peek Into The Markets: US Stock Futures Surge; Fed Meeting In Focus,0.202,0.04,0.93,0.03
8,Disney Plus Increases Awards Tally at This Year's Emmys,0.902,0.377,0.623,0.0
