﻿,Titles,Polarity,Positive,Neutral,Negative
0,"Cramer's Mad Money Recap 4/14: Bank of America, Netflix, Tesla",0.382,0.133,0.867,0.0
1,7 Earnings Reports to Watch the Week of April 18,0.999,0.102,0.869,0.029
2,Netflix Earnings: What to Look For From NFLX,0.382,0.115,0.885,0.0
3,This Is the One Reason to Own Amazon Stock,0.993,0.125,0.861,0.014
4,Will the FAANG Stocks Beat This Earnings Season?,0.998,0.156,0.792,0.052
5,Netflix (NFLX) Set to Report Q1 Earnings: What to Expect?,0.998,0.151,0.829,0.02
6,Tesla and Netflix Earnings: What to Watch,0.0,0.074,0.852,0.074
7,Netflix and Meta See Earnings Pessimism After Slumps,-0.954,0.072,0.841,0.087
8,Does This New Netflix Feature Deserve Two Thumbs Up?,0.0,0.0,1.0,0.0
9,Spotify’s Car Thing Could be the Next Roku,0.997,0.112,0.873,0.015
10,Peloton Faces Another Call for a Sale. An Activist Doesn’t Care for the New or Old CEO.,0.103,0.111,0.795,0.093
