﻿,Titles,Polarity,Positive,Neutral,Negative
0,How Apple's Oscar Win Changes the Streaming Game,0.0,0.0,1.0,0.0
1,A New Oil Boom Amid Energy’s Changing Landscape,0.999,0.138,0.82,0.041
2,Bill Ackman Is Chilling After Netflix,0.0,0.0,1.0,0.0
3,"Earnings Roundup: GameStop, FedEx, Williams-Sonoma, and More",0.178,0.091,0.909,0.0
4,Netflix Is a Buy Anytime It Drops to $350,0.983,0.092,0.847,0.061
5,Netflix and Facebook’s Meta stocks slump in the first quarter,0.361,0.111,0.889,0.0
6,Netflix Shareholders Looking For a Lift,0.542,0.091,0.822,0.086
7,The Nordic Netflix banking on Britain’s love for Scandi dramas,0.997,0.094,0.881,0.025
8,Can Netflix Become a Trillion-Dollar Company by 2030?,0.572,0.217,0.783,0.0
9,Cronos Ties Into One of the Hottest Brands in Crypto,0.997,0.104,0.871,0.025
10,This Is the Next Frontier for Gaming Stocks,0.743,0.102,0.866,0.032
11,Why Pure-Play Stocks Can Be Great Investments (and 1 to Buy),0.844,0.163,0.806,0.032
12,Investors are fed up with Netflix and Facebook’s parent. Why this portfolio manager is digging in and buying more.,0.0,0.0,1.0,0.0
13,What Is a Tech-Ish Stock? 7 Tech Stocks That Get to Play in 2 Sectors,0.999,0.107,0.861,0.032
14,Growth Is a Battlefield for Roku Stock,0.992,0.1,0.855,0.045
