﻿,Titles,Polarity,Positive,Neutral,Negative
0,"For Bill Ackman’s Pershing Square, A Record of Big Hits and Misses",0.44,0.129,0.8,0.071
1,Top 10 Losers Today,0.834,0.062,0.883,0.055
2,Why Netflix Stock Flopped Again Today,-0.296,0.0,0.891,0.109
3,"3 Reasons to Buy Netflix, and 1 Reason to Sell",-0.318,0.11,0.766,0.125
4,Ackman’s Pershing Square recent record of hits and misses,0.44,0.129,0.8,0.071
5,US STOCKS-Wall St ends down as Powell plops 50 bps rate hike on table,0.98,0.088,0.86,0.052
6,Dow Jones Falls As Powell Targets Inflation; Elon Musk Eyes Twitter Tender; Tesla Earnings Gains Fade,0.34,0.103,0.897,0.0
7,"Dow, S&amp;P 500 book sharpest declines in nearly 2 weeks after Fed’s Powell signals half-point interest rate hike likely in May",0.202,0.088,0.848,0.064
8,CNN+ Failed for the Reason Netflix Struggles and Disney+ Thrives,0.701,0.147,0.827,0.026
9,"Roth IRAs, ESG Stocks, Netflix: Community Conversations",0.477,0.196,0.703,0.101
10,US STOCKS-Wall St drops as Powell rate views support aggressive hike path,0.987,0.102,0.849,0.049
11,Why Nvidia Stock Fell Hard Today,-0.7,0.03,0.861,0.109
12,"Maybe Netflix's Problem is Its Shows, Not Password Sharing",0.727,0.09,0.91,0.0
13,One chart shows how bad things have gotten for Netflix,0.471,0.086,0.842,0.071
14,"As Netflix Starts To Ebb, Streaming TV With Ads Begins To Flow",0.796,0.351,0.649,0.0
15,"Dow joins S&amp;P 500, Nasdaq in negative territory as stocks lost grip on gains and bond yields rise",-0.226,0.179,0.609,0.211
16,An Interest Rate Spike Will Lead to a Market Correction,0.681,0.259,0.741,0.0
17,Netflix credit to remain in 'junk' territory at Moody's for at least a few more quarters,0.557,0.078,0.89,0.033
18,Will Tesla Be the Next Netflix? It Could Be Another Google.,0.179,0.078,0.922,0.0
19,Stock Market Today: Dow Falls on Tech Tantrum as Powell Tees Up Larger May Hike,-0.348,0.074,0.844,0.082
20,Better Buy: Netflix vs. Twitter,0.226,0.069,0.905,0.026
21,S&amp;P 500 Slides as Bearish Bets on Tech Resume  After Powell Tees Up 50BPS Hike,0.83,0.092,0.831,0.077
22,Netflix Looks to 100 Million Existing Viewers to Boost Revenue,0.84,0.191,0.782,0.027
23,"Netflix, Facing Reality Check, Vows to Curb Its Profligate Ways",0.7,0.326,0.674,0.0
24,"US STOCKS-Wall St rises on strong earnings from Tesla, airlines",0.963,0.076,0.889,0.035
25,Netflix Stock Crashes as Streak of Subscriber Growth Ends,-0.681,0.0,0.699,0.301
26,U.S. stocks see gains as investors cheer Tesla earnings; airline shares jump,0.077,0.257,0.559,0.184
27,Market strategist: Investor pessimism rises amid ‘tumultuous year’ for stocks,0.128,0.097,0.824,0.079
28,"Cathie Wood Is Buying Roku Stock; Maybe You Should, Too",-0.44,0.0,0.818,0.182
29,Netflix Is Getting Into Advertising. Here Are 2 Other Stocks That Will Benefit,0.743,0.097,0.903,0.0
30,Ackman’s Pershing Square loses $400 million on Netflix stock sell-off,0.994,0.12,0.816,0.064
31,3 Charts That Explain Netflix's Demise,-0.447,0.094,0.777,0.129
32,Subscriber Loss Sell-off: Is It Time to Dump Netflix Stock?,-0.494,0.06,0.775,0.165
33,Netflix Stock Slumps Again As Bill Ackman Dumps $1.1 Billion Stake After Q1 Earnings Collapse,0.671,0.229,0.704,0.067
34,"ATTENTION NETFLIX EMPLOYEES AND INVESTORS: National Investment Fraud Lawyers KlaymanToskes Is Investigating Individual Securities Arbitration Claims Against Full-Service Brokerage Firms that Sold or Serviced Customers Large, Concentrated Positions in Netflix",0.969,0.124,0.815,0.061
35,Obamas Set to End Exclusive Deal With Spotify: Report,-0.718,0.0,0.897,0.103
36,Has Netflix Lost Its Competitive Advantage?,-0.649,0.032,0.87,0.098
37,Netflix shares fall another 4% premarket after Bill Ackman dumps stake and New Constructs predicts another 50% decline,0.372,0.082,0.855,0.063
38,Is Netflix Stock a Buy Now?,0.0,0.0,1.0,0.0
39,Nestlé Escapes Netflix’s Fate for Now,0.25,0.143,0.741,0.116
40,Netflix's Mountain of Debt Isn't a Problem...Yet,0.077,0.115,0.782,0.103
41,Market Doesn't Look to Be Suffering a Netflix Hangover as Tesla Shines,0.859,0.143,0.818,0.039
42,"Midday Stock Movers: Meta, Netflix, Airline Stocks",0.586,0.067,0.892,0.041
43,"Chop and Indecision, Bulls and Bears, Ackman and Netflix, My Overnight Trades",0.202,0.083,0.917,0.0
44,"Dow Jones Futures Rise Solidly; Tesla, United Airlines Jump On Earnings After Netflix Chills Nasdaq",0.026,0.124,0.756,0.12
45,Tesla’s Stellar Earnings Show the Challenge Jerome Powell Is Facing,0.026,0.073,0.857,0.07
46,This math shows why Netflix’s stock price could plunge to $121,0.637,0.143,0.758,0.099
47,"Zacks Earnings Trends Highlights: Netflix, Baker Hughes and Halliburton",0.988,0.087,0.868,0.046
48,5 Incredible Charts Netflix Shareholders Need to See,0.494,0.078,0.922,0.0
49,Netflix Stock Renews Slump As Bill Ackman Dumps $1.1 Billion Stake After Q1 Earnings Collapse,0.671,0.229,0.704,0.067
