﻿,Titles,Polarity,Positive,Neutral,Negative
0,These 2 companies had more Emmy nominations than even Netflix,0.791,0.258,0.742,0.0
1,Buy Netflix &amp; Snap Stock Before Q2 Earnings for Long-Term Tech Growth?,0.994,0.127,0.857,0.016
2,Netflix (NFLX) Reports Next Week: Wall Street Expects Earnings Growth,0.998,0.148,0.804,0.048
3,Shonda Rhimes seeks $25 million for Hancock Park trophy home,0.943,0.044,0.949,0.007
4,"JPMorgan &amp; Goldman slip, Mega caps at records, Nokia higher, HBO &amp; Netflix lead Emmy nods",0.0,0.0,1.0,0.0
5,Streaming got more 2021 Emmy nominations than broadcast and cable combined,0.273,0.182,0.703,0.115
6,Streaming got more 2021 Emmy nominations than broadcast and cable combined,0.995,0.108,0.873,0.02
7,‘The Crown’ and ‘The Mandalorian’ get the most Emmy nominations as Netflix and other streaming services continue to dominate,0.572,0.129,0.871,0.0
8,HBO and Netflix Lead Emmy Nods as Streaming Dominates Field,0.99,0.116,0.858,0.026
9,Netflix extends deal for animation films with Universal Pictures,0.886,0.079,0.909,0.012
10,"UPDATE 4-Royals, superheroes and Baby Yoda lead streaming-heavy Emmy nominations",0.995,0.122,0.821,0.057
11,3 Overpriced Stocks That Are Still Better Investments Than Dogecoin,0.944,0.187,0.813,0.0
12,"Netflix Wants More ‘CoComelon,’ Its Most Popular Show for Kids",0.998,0.14,0.853,0.007
13,Analyst: 'Black Widow's' streaming success spells 'big trouble' for theater chains,0.994,0.117,0.844,0.039
14,Apple stock hits record high: can it go higher?,0.998,0.126,0.869,0.005
15,"5 Supercharged Stocks With 115% to 177% Upside, According to Wall Street",0.34,0.107,0.893,0.0
