﻿,Titles,Polarity,Positive,Neutral,Negative
0,10 Beaten-Down Tech Stocks to Buy Today for Long-Term Gains,1.0,0.148,0.825,0.026
1,"Kirby McInerney LLP Reminds Investors That a Class Action Lawsuit Has Been Filed on Behalf of Netflix, Inc. (NFLX) Investors and Encourages Investors to Contact the Firm Before July 5, 2022",0.984,0.109,0.842,0.049
2,Stock Market Today: Dow Slumps as Growth Suffers Beatdown; Inflation Data Eyed,0.564,0.108,0.796,0.096
3,"UPDATE 1-S.African pay TV group Multichoice plans growth via local content, FIFA World Cup",0.982,0.107,0.888,0.004
4,"Thoughts on Netflix/Roku, Apple's WWDC News and Intel's Cautious Outlook",0.153,0.024,0.976,0.0
5,S&amp;P 500 Deepens Losses as Growth Stocks Skid Ahead of Inflation Data,0.949,0.097,0.842,0.061
6,The Biggest Mistake Disney Investors Can Make Right Now,-0.557,0.033,0.892,0.074
7,A Netflix-Roku Deal Isn't Going to Happen,0.572,0.075,0.925,0.0
8,3 Green Flags for Roku's Future,-0.494,0.117,0.717,0.167
9,Spotify Says It Expects Revenue to Grow 10 Times in 10 Years,0.0,0.0,1.0,0.0
10,Why Netflix May Finally Be Changing Its Tune on Sports,0.477,0.106,0.863,0.031
11,REFILE-UPDATE 1-Disney+ takes on rivals in Middle East streaming market,0.994,0.141,0.859,0.0
12,Is it a Smart Choice to Invest in Netflix (NFLX)?,0.992,0.119,0.865,0.015
13,7 Stocks That Look Like Big Bargains Right Now,0.997,0.104,0.842,0.054
14,Disney+ takes on rivals in Middle East streaming market,0.994,0.139,0.861,0.0
15,Spotify Sees Revenue Reaching $100 Billion in 10 Years,0.0,0.0,1.0,0.0
16,Roku employees reportedly are yearning for Netflix to buy their company,0.558,0.059,0.914,0.027
17,"Bragar Eagel &amp; Squire, P.C. Reminds Investors That Class Action Lawsuits Have Been Filed Against Natera, Credit Suisse, Riskified, and Netflix and Encourages Investors to Contact the Firm",0.997,0.102,0.831,0.067
