﻿,Titles,Polarity,Positive,Neutral,Negative
0,Netflix sheds subscribers for the first time in a decade,0.671,0.119,0.853,0.028
1,Netflix Explores a Version With Ads as Subscriber Base Shrinks,-0.128,0.055,0.877,0.068
2,"Netflix eyes ad-supported tier and targets password-sharing as subscriber total shrinks, stock plunges",-0.612,0.0,0.878,0.122
3,How did Netflix lose subscribers in 2022?,0.765,0.369,0.631,0.0
4,Netflix Drops After Reporting Loss in Subscribers -- Doug Kass Warned You,0.459,0.138,0.862,0.0
5,"Asian Stocks Down, China Keeps Prime Loan Rate Steady",0.706,0.047,0.917,0.036
6,‘Squid Game’ Trade Alive in Korean Stocks Even as Netflix Slumps,0.998,0.169,0.78,0.05
7,Netflix -24% on Weak Q1; IBM Beats Estimates,0.996,0.157,0.784,0.058
8,Netflix turns to adverts as subscriber slump sends shares crashing - live updates,0.761,0.098,0.818,0.084
9,Netflix Stock Crashes As Video Streamer Sheds Subscribers,-0.103,0.075,0.833,0.091
10,Netflix identified 4 uncontrollable issues that will keep bleeding subscribers in a long letter to investors,0.961,0.108,0.825,0.068
11,Are you sharing a Netflix password? Not for long …,0.422,0.141,0.859,0.0
12,Netflix (NFLX) Tops Q1 Earnings Estimates,0.993,0.093,0.889,0.019
13,"Streaming: 61% of viewers believe their subscriptions are too expensive, report says",0.0,0.0,1.0,0.0
14,"Dow Jones Futures: Stock Market Rally Rebounds, Netflix Crashes On Subscriber Fall, Tesla Earnings On Tap",-0.296,0.0,0.885,0.115
15,Netflix Lost Subscribers for Streaming.  The Stock Is Plummeting.,-0.026,0.112,0.773,0.116
16,"Disney, Roku Drop as Netflix Stuns With Falling Customers",-0.825,0.077,0.827,0.096
17,Oversold Bounce Brings Broad Buying,-0.202,0.0,0.947,0.053
18,Netflix Earnings: What Happened with NFLX,-0.422,0.0,0.865,0.135
19,"US STOCKS-Wall Street advances on earnings optimism, dovish rate rise remarks",0.994,0.112,0.85,0.038
20,Elon Musk trying to buy Twitter is exciting: Okta co-founder,0.982,0.099,0.883,0.018
21,Netflix earnings miss ‘is a body blow to the bull case’: Analyst,-0.318,0.0,0.937,0.063
22,"Dow jumps nearly 500 points, U.S. stocks end sharply higher as earnings season heats up",0.625,0.141,0.859,0.0
23,"Netflix Loses 200,000 Customers, First Decline in a Decade",0.997,0.148,0.795,0.057
24,"Netflix Reports Surprise Loss Of Subscribers, Warns Of More Losses",-0.103,0.075,0.833,0.091
25,Netflix loses subscribers for first time in a decade as cost of living bites,0.977,0.115,0.822,0.063
26,"Netflix stock sinks after missing on subscribers, revenue",-0.153,0.0,0.914,0.086
27,Netflix subscribers shrink for first time in a decade and it is expected to get worse —stock plunges more than 20%,-0.751,0.0,0.87,0.13
28,"4 Top Stock Trades for Wednesday: NFLX, ROKU, HAL, S&amp;P 500",0.991,0.101,0.859,0.041
29,"Netflix Stock Plummets After Its First Net Subscribers Loss In Ten Years, Grim Growth Outlook",-0.318,0.0,0.887,0.113
30,"Netflix subscribers fall for first time in a decade, shares plunge 23%",0.981,0.102,0.859,0.039
31,"Dow jumps 550 points, U.S. stocks trade sharply higher as earnings season heats up",0.402,0.101,0.899,0.0
32,Dow Jones At Session Highs; Netflix Stock Jumps Ahead Of Earnings,0.0,0.0,1.0,0.0
33,Dow Futures Lower as Netflix Tanks 25% After Earnings,0.946,0.084,0.872,0.044
34,A Bearish Option Strategy For Netflix Stock Earnings,0.25,0.056,0.909,0.035
35,"Dow jumps more than 350 points, U.S. stocks trade sharply higher as earnings season heats up",0.402,0.101,0.899,0.0
36,"Netflix Earnings, Tesla Earnings, P&amp;G Earnings: 3 Things to Watch",-0.799,0.059,0.872,0.069
37,"Households cut the cord to streaming services as inflation bites, with Disney+ seen as the most expendable",0.974,0.087,0.868,0.046
38,Stock Market Today: Dow Rallies on Tech Strength as Earnings Season Heats Up,0.98,0.105,0.848,0.047
39,Netflix's (NFLX) Big Mouth Renewal Expands Its Animated Content,0.999,0.174,0.806,0.02
40,Netflix (NFLX) Expands Gaming Content with Exploding Kittens,0.997,0.124,0.84,0.036
41,"S&amp;P 500 Jumps as Dip-Buyers Return to Tech Ahead of Netflix, IBM Earnings",0.954,0.085,0.872,0.044
42,US STOCKS-Earnings optimism helps Wall Street shrug off rising yields,0.926,0.106,0.814,0.08
43,"Netflix earnings preview: Subscriber growth in focus amid Russia exit, churn concerns",0.956,0.052,0.935,0.013
44,Victoria's Secret's Pink brand enlists first male brand ambassador,0.823,0.105,0.895,0.0
45,"Housing Data Up for March; JNJ, LMT Mixed in Q1",0.995,0.101,0.892,0.007
46,Dow jumps 300 points as earnings season heats up,0.402,0.105,0.895,0.0
47,Disney stock rises ahead of Netflix earnings,0.96,0.116,0.839,0.045
48,"Housing Market Remains Strong, Mortgage Rates To Rise",0.993,0.096,0.897,0.007
49,U.S. stocks edge mostly higher as earnings season heats up,0.402,0.105,0.895,0.0
