﻿,Titles,Polarity,Positive,Neutral,Negative
0,Netflix stock has been on a tear — here's why,0.993,0.134,0.85,0.016
1,Wrong Time to Buy Netflix,0.987,0.143,0.771,0.086
2,Tech sector has no ‘shortage of opportunities’,0.0,0.0,1.0,0.0
3,How This Social Platform Became The LinkedIn Of The Entertainment World,0.993,0.103,0.864,0.034
4,"Dow Jones Futures: Apple Leads Market Rally; Tesla China Sales, PayPal Deal, Bitcoin In Focus",0.691,0.222,0.778,0.0
5,Why ‘Impeachment: American Crime Story’ Is Not Available to Hulu On-Demand Subscribers,-0.978,0.034,0.863,0.103
6,Netflix Target Up as JPMorgan Sees 'Linear-TV Disruption',0.052,0.141,0.729,0.13
7,"Big Tech’s Grip Will Ease as Rivals Grow, LinkedIn Founder Says",0.597,0.08,0.862,0.057
8,Sorell's S4Capital continues deal spree with Cashmere merger,0.949,0.078,0.908,0.014
9,Apple App Store Changes Fail to Sway Lawmakers Bent on Overhaul,0.935,0.073,0.873,0.053
10,The Value and Growth Drivers that Justify Netflix's (NASDAQ:NFLX) Current Valuation,1.0,0.141,0.836,0.023
