﻿,Titles,Polarity,Positive,Neutral,Negative
0,The Big News From Apple's Event,-0.908,0.07,0.749,0.18
1,"Stocks turn negative, oil falls as traders await Fed decision",0.0,0.0,1.0,0.0
2,"HBO Max Aims to Ramp Up Rivalry With Netflix, Disney+",0.922,0.144,0.843,0.013
3,3 Bear Trades Pounce on Now,0.422,0.097,0.807,0.096
4,5 of the Fastest-Growing Stocks on the Planet,-0.103,0.064,0.862,0.074
5,"An AI researcher who quit Google said working at the tech giant was ""exhausting"" because of its toxic culture",-0.44,0.102,0.708,0.191
6,3 Beaten-Down S&amp;P 500 Stocks Ready to Bounce Back,0.026,0.1,0.803,0.096
7,AT&amp;T: Still Nothing to Get Excited About,0.996,0.12,0.833,0.047
