﻿,Titles,Polarity,Positive,Neutral,Negative
0,Netflix (NFLX) Dips More Than Broader Markets: What You Should Know,0.989,0.099,0.882,0.019
1,Netflix expands deal with 'Bridgerton' producer Shonda Rhimes,0.986,0.154,0.846,0.0
2,Netflix Signs ‘Bridgerton’ Producer Shonda Rhimes to New Deal,0.382,0.115,0.885,0.0
3,Netflix Announces Expansion of Deal with Producer Rhimes,0.422,0.149,0.851,0.0
4,Worried About Another Crash? Buy Netflix,0.0,0.0,1.0,0.0
5,Has Disney+ Already Saturated the U.S. Market?,-0.25,0.051,0.881,0.067
6,Spotify Has a Key Difference From Netflix. Does That Make It Uninvestable?,-0.402,0.052,0.862,0.086
