﻿,Titles,Polarity,Positive,Neutral,Negative
0,Nano-X and Understanding the Risk/Reward Spectrum,0.0,0.0,1.0,0.0
1,"Netflix, Uber support U.S. voting rights but oppose shareholders’ push for political, lobbying transparency",-0.115,0.0,0.957,0.043
2,Companies oppose voting restrictions in New York Times ad,0.0,0.0,1.0,0.0
3,Netflix Reports Earnings Next Week. Why Some Analysts Are Staying Bullish.,0.863,0.255,0.745,0.0
4,"After 2,847% Rise, APPS Stock Looks To Turbocharge New Run",0.178,0.086,0.914,0.0
5,Netflix (NFLX) to Roll Out Redesigned Kids Profile on TV App,0.998,0.147,0.827,0.025
6,Survey: 39% of Americans Say Netflix Has Best Original Content of All Streaming Services,0.969,0.067,0.918,0.014
7,Why Is Everyone Talking About Netflix Stock?,0.262,0.068,0.883,0.049
