﻿,Titles,Polarity,Positive,Neutral,Negative
0,"Stocks: We're 'nearing peak bear sentiment' on Big Tech, analyst says",-0.843,0.049,0.879,0.073
1,Netflix to be judged by Ofcom over controversial shows,0.997,0.105,0.867,0.028
2,Tech Analyst Beth Kindig Talks About Finding Stock Opportunities,-0.459,0.067,0.793,0.139
3,Market strategist: 'The story is the bond market' as Fed turns hawkish,0.612,0.18,0.744,0.076
4,Spotify stock sinks to lowest prices ever as CEO insists it is not like Netflix,-0.041,0.083,0.83,0.087
5,Warner Bros. Discovery New CEO Is Ready to Take On Netflix,0.25,0.032,0.968,0.0
6,Roku Stock Has a Lot to Prove This Week,0.202,0.076,0.924,0.0
7,Why Roku Stock Crashed Again on Wednesday,-0.273,0.058,0.843,0.099
8,Disney Targeted by QAnon Believers Using Meme-Stock Tactics,-0.988,0.07,0.823,0.107
9,"Google earnings: YouTube isn’t losing share to TikTok, analyst says",0.477,0.107,0.893,0.0
10,2 No-Brainer Stocks I'd Buy Right Now Without Hesitation,-0.671,0.0,0.766,0.234
11,Spotify chief distances music streaming group from Netflix,0.459,0.115,0.83,0.055
12,2 Ways Netflix Could Save Itself,0.807,0.158,0.81,0.032
13,Here's why Netflix's ad-supported tier could 'force a lot of change',0.997,0.107,0.878,0.015
14,4 Reasons to Like Warner Bros. Discovery After the Merger,0.718,0.125,0.875,0.0
15,UPDATE 1-Mixed earnings from U.S. tech giants may do little to assuage worried investors,0.952,0.072,0.884,0.044
16,Is Netflix a Buy?,-0.25,0.13,0.74,0.13
17,"Warner Bros. Discovery Stock Could Pay Off, But Patience Is Key",0.995,0.107,0.854,0.039
18,Amazon’s Twitch Seeks to Revamp Creator Pay With Focus on Profit,0.941,0.103,0.817,0.081
19,Is it Still Worthy to Acquire Some Netflix (NFLX) Shares?,0.939,0.064,0.906,0.031
20,"Why You Should Consider Tech Growth Stocks, Even in This Turbulent Market",0.886,0.292,0.625,0.083
21,Roku Investors Could Be in for a Shocker This Week,0.273,0.13,0.87,0.0
22,Should You Buy Roku on the Netflix Earnings Dip?,-0.226,0.037,0.911,0.052
23,3 Ways Netflix Can Bounce Back After the Crash,0.429,0.142,0.733,0.125
24,Apple’s Huge Buyback Will Need to Come With Blowout Earnings,0.989,0.112,0.822,0.066
25,"The Zacks Analyst Blog Highlights Novo Nordisk, Advanced Micro Devices, Netflix, Merck, and Marsh &amp; McLennan",0.998,0.134,0.836,0.03
26,3 Stocks That Have Analysts Running for the Exit,-0.965,0.071,0.842,0.088
27,7 Biggest Loser Stocks That Could Become Surprising Buys,-0.998,0.094,0.766,0.14
28,Have Consumers Reached Subscription Fatigue?,-0.617,0.075,0.773,0.152
29,"Dow Futures Up 360 Pts; Tech Sector in Focus After Microsoft, Alphabet Results",-0.994,0.073,0.782,0.145
30,Mixed earnings from U.S. tech giants may do little to assuage worried investors,0.939,0.072,0.881,0.047
