﻿,Titles,Polarity,Positive,Neutral,Negative
0,"Disney, Sony streaming deal may finally bring ‘Spider-Man’ to Disney+",0.34,0.07,0.93,0.0
1,"Netflix Misses Big on Q1 Subscriber Count, But This Analyst Remains Bullish",0.971,0.11,0.822,0.067
2,Here’s what’s coming to Netflix in May 2021 — and what’s leaving,0.546,0.171,0.829,0.0
3,"UPDATE 2-Disney signs deal to stream 'Spider-Man,' other Sony films",0.939,0.117,0.868,0.016
4,Netflix Erases Its Gains For the Year as Subscribers Fall Short,-0.296,0.0,0.936,0.064
5,"Disney signs deal to stream 'Spider-Man,' other Sony films",0.936,0.116,0.868,0.016
6,"U.S. stocks end higher, snap 2-day losing streak as small-caps surge and investors look past COVID worries, Netflix earnings",-0.7,0.0,0.784,0.216
7,Stock Market Today: Dow Bounces Back as Earnings Beats Roll On,0.997,0.121,0.852,0.027
8,US STOCKS-Wall Street rebounds after two-day decline; Netflix slides,0.982,0.11,0.838,0.052
9,Dow Rallies As Netflix Sinks; Full Steam Ahead For Cruise Stock; Leader Up With Earnings Due,-0.572,0.0,0.817,0.183
10,Netflix says Disney had nothing to do with its underwhelming quarter,-0.477,0.0,0.897,0.103
11,Troika Media Group:  A Diversified Brand Building Specialist,0.999,0.145,0.823,0.033
12,"Cramer's Mad Money Recap: Netflix, Apple",0.55,0.177,0.684,0.139
13,"U.S. stocks trade higher and small-caps surge as investors look past COVID worries, Netflix earnings",-0.7,0.0,0.823,0.177
14,"Netflix Forecasts Weak Subscriber Growth Until Big Second-Half Movies, Shows",0.382,0.088,0.912,0.0
15,Jim Cramer: I Laugh When I Hear That FAANG Stocks Are Dead,0.128,0.128,0.766,0.106
16,US STOCKS-Wall Street rebounds after two-day decline; Netflix slides,0.956,0.101,0.846,0.053
17,"Netflix stock drops below the 200-DMA again, but that might not be such a bearish signal yet",0.25,0.066,0.878,0.056
18,Analyst Sees Netflix Falling 38% After Earnings,-0.094,0.057,0.894,0.049
19,Netflix Stock Is Sliding. Why It Could Be the Perfect Buying Opportunity.,0.178,0.121,0.791,0.088
20,"Dow Jones Rallies 230 Points As Stock Market Rebounds, But Netflix Gets Slammed",0.0,0.0,1.0,0.0
21,Why growth stocks are eager to take off this earnings season,0.0,0.0,1.0,0.0
22,"Dow up 200 points despite worries over COVID, Netflix earnings",-0.494,0.0,0.856,0.144
23,'The jig is up on Netflix' as subscriber growth slows: analyst,0.993,0.086,0.865,0.049
24,Netflix’s underwhelming subscriber gains spark ‘vigorous debate’ about the future,-0.681,0.048,0.82,0.132
25,Netflix Shares Fall Despite Earnings Beat,0.962,0.069,0.908,0.023
26,"Stocks Rise, Snapping Two-Day Losing Streak",-0.296,0.0,0.885,0.115
27,Stocks Snap Two-Day Losing Streak,0.0,0.0,1.0,0.0
28,Stocks Rebound From 2-Day Drop; Nasdaq Up Despite Netflix Tumble,0.178,0.085,0.824,0.09
29,ViacomCBS: A Good Bottom Fishing Candidate?,0.996,0.118,0.828,0.054
30,"Dow Rallies 200 Points As Netflix Plunges On Earnings; Apple, Tesla Reverse Higher",0.0,0.0,1.0,0.0
31,Why Shares Of Netflix Are Down By 8% Today?,0.993,0.135,0.836,0.029
32,Netflix subscriber growth slows,0.0,0.0,1.0,0.0
33,"U.S. stocks edge higher despite worries over COVID, Netflix",-0.494,0.0,0.849,0.151
34,Netflix Sinks on Q1 Subscriber Miss: ETFs in Focus,0.998,0.123,0.838,0.039
35,Wall St. worries over Netflix fatigue as subscriber losses mount,0.99,0.176,0.772,0.051
36,Wall St. fears Netflix fatigue as subscriber growth slumps,0.991,0.179,0.771,0.05
37,Wall Street worries over Netflix fatigue as subscriber losses mount,0.99,0.176,0.772,0.051
38,"Netflix Stock Slide Offers Perfect Buying Opportunity, Analysts Say",0.178,0.121,0.791,0.088
39,Stock Market Today With Jim Cramer: Netflix Isn't Done Yet,0.0,0.0,1.0,0.0
40,Should You Trade Netflix Stock After Earnings?,-0.625,0.037,0.906,0.056
41,Stocks Rebound After Two-Day Drop; Nasdaq Up Despite Netflix Tumble,0.599,0.143,0.771,0.086
42,Why Netflix Stock Was Sliding Today,0.928,0.182,0.773,0.045
43,US Indexes Close Lower Again Tuesday,-0.866,0.055,0.865,0.079
44,"Dow Rallies As Apple, Tesla Slide; Netflix Plunges On Earnings",0.0,0.0,1.0,0.0
45,Stocks Rise as Netflix Weighs on Tech,-0.296,0.0,0.885,0.115
46,"US STOCKS-S&amp;P 500, Dow snap two-day fall, Netflix keeps Nasdaq in check",0.939,0.1,0.824,0.075
47,"Disappointing Subscriber Numbers Hit Netflix Shares, Weighing On Nasdaq Early",0.997,0.11,0.811,0.079
48,"Dow Jones Today Flattens, Netflix Drags On Nasdaq, S&amp;P 500; ASML, Intuitive, Edwards Lifesciences Rally",-0.477,0.0,0.837,0.163
49,"Dow Jones Today Flattens, Netflix Drags On Nasdaq, S&amp;P 500; ASML, Intuitive, Edwards Lifesciences Rally",-0.477,0.0,0.837,0.163
