﻿,Titles,Polarity,Positive,Neutral,Negative
0,Netflix lays out mobile games plan that could set a collision course with Apple,0.328,0.048,0.926,0.026
1,"Dow Jones Futures: Broad Stock Market Rally, But It Lacks This; Netflix, Chipotle Report Earnings Late",-0.613,0.0,0.739,0.261
2,"Stock market news live updates: Futures inch higher after big rally, COVID remains focus",0.642,0.064,0.878,0.058
3,Netflix Posts Strong Growth Even as It Faces Tough Comparisons,0.511,0.216,0.784,0.0
4,"Resilient Market Bounces Back; Netflix Misses, Chipotle &amp; United Beat",0.999,0.178,0.79,0.032
5,Netflix Earnings: What Happened with NFLX,0.0,0.0,1.0,0.0
6,Today’s Market Wrap Up and a Glimpse Into Wednesday,0.978,0.129,0.797,0.074
7,Netflix (NFLX) Q2 Earnings Lag Estimates,0.994,0.099,0.893,0.008
8,"How Netflix, Intuitive Surgical Fared After Tuesday's Stock Market Rebound",0.0,0.0,1.0,0.0
9,"Dow Jones Futures: Netflix, Chipotle Report Earnings After Broad Market Rally; Facebook, Shopify Lead 6 New Buys",-0.613,0.0,0.739,0.261
10,"Netflix Confirms Plan to Stream Video Games, but Outlook for Subscriber Growth Disappoints",0.0,0.0,1.0,0.0
11,"After worst quarter yet for new subscribers, Netflix says rebound won’t be as fast as Wall Street expects",-0.44,0.057,0.836,0.107
12,'They’re not delivering as much as they should': Benchmark's Matthew Harrigan on Netflix Q2 earnings,0.0,0.0,1.0,0.0
13,Netflix confirms it's diving deeper into the video game industry with free mobile games,0.967,0.081,0.887,0.032
14,"Netflix Claims Strong Viewing for ‘Army of the Dead,’ ‘Mitchells vs. The Machines’ and More, Using Its Own Proprietary Metric",0.949,0.05,0.938,0.012
15,Netflix down after reporting mixed Q2 earnings,0.0,0.0,1.0,0.0
16,US STOCKS-Wall Street bounces back on renewed economic optimism,0.99,0.108,0.845,0.048
17,"Netflix Edges Subscriber Target, But Earnings Disappoint",0.0,0.0,1.0,0.0
18,Netflix details video game push as it forecasts weak growth,0.904,0.055,0.928,0.017
19,"Netflix Growth Sputters in Q2, Streamer Plans to Launch Video Games for No Extra Charge",0.996,0.098,0.884,0.018
20,Netflix: “Time Is Right” For Gaming As Streamer Plans Expansion; Video Games To Be Included In Monthly Subscription,0.846,0.053,0.929,0.019
21,Netflix Posts Another Mixed Quarter Amid Tough Pandemic Comparisons,0.997,0.125,0.85,0.025
22,Netflix Releases Second-Quarter 2021 Financial Results,0.931,0.087,0.907,0.006
23,Netflix reports Q2 earnings today — Here's what analysts expect,0.9,0.056,0.912,0.032
24,"Netflix Earnings Miss; Revenue, Subs Beat Estimates",0.527,0.116,0.845,0.039
25,Main focus for Netflix earnings will be subscriber trends: Analyst,0.0,0.0,1.0,0.0
26,Netflix Second-Quarter Earnings Live Blog,0.0,0.0,1.0,0.0
27,"Dow Jones Surges As IBM Jumps On Earnings; Apple Stock Rallies, While Netflix Earnings On Deck",0.0,0.0,1.0,0.0
28,Netflix Earnings Moves And Options Preview,0.989,0.076,0.899,0.025
29,Netflix reports Q2 earnings on Tuesday — here’s what to expect,0.71,0.161,0.839,0.0
30,Hollywood Giants Eye Streaming Video Partnership Amid Consolidation,0.44,0.057,0.943,0.0
31,"Dow Jones Climbs As IBM Jumps On Earnings; Apple Stock Rallies, While Netflix Earnings On Deck",0.0,0.0,1.0,0.0
32,Tuesday's Market Minute: Previewing Netflix Earnings,0.863,0.079,0.894,0.026
33,"Earnings Pace Picks Up Later Today With Chipotle, Netflix Expected To Report",0.998,0.127,0.794,0.079
34,"Dow Jones Today, Stocks Take A Weak Bounce As IBM, HCA Health Rally On Earnings; Netflix, Chipotle Set To Report",-0.402,0.0,0.87,0.13
35,"Dow has Worst Session of the Year on Covid, Inflation Concerns",0.999,0.111,0.854,0.035
36,"Dow Jones Today, Futures Bounce As IBM, HCA Health Rally On Earnings; Netflix, Chipotle Report After Close",-0.402,0.0,0.87,0.13
37,Netflix growth plan tops Wall St watchlist as lockdown love fades,0.586,0.075,0.865,0.059
38,Dow Jones Futures Rally 200 Points As IBM Jumps On Earnings Beat; Netflix Earnings On Tap,-0.422,0.0,0.887,0.113
39,"Sifting Through the Wreckage, One Ugly Chart, Holding the Line, Netflix Preview",-0.7,0.0,0.923,0.077
40,Dow Futures 160 Pts Higher as IBM Posts Strong Results,0.871,0.113,0.8,0.086
41,"Markets Steady, Evergrande Woes, IBM and Other Earnings - What's Moving Markets",0.876,0.101,0.806,0.092
