﻿,Titles,Polarity,Positive,Neutral,Negative
0,Moderna and Netflix Were the S&amp;P 500’s Worst Performers in January. Oil Stocks Were Winners.,-0.361,0.114,0.739,0.147
1,"Tech Stocks Had a Historically Bad January, Even After 2-Day Rally",-0.625,0.0,0.843,0.157
2,"Opes Wealth Management LLC Buys Netflix Inc, iShares Core S&amp;P Mid-Cap ETF, Schwab ...",0.999,0.118,0.878,0.004
3,"Nasdaq Surges 3.4%, Retakes 14,000 Level; Upgrades Lift Tesla, Netflix; Boeing Leads Dow Jones",0.34,0.107,0.893,0.0
4,Buy These Mega-Cap Stocks Now and Hold for Years?,0.988,0.097,0.88,0.022
5,Netflix stock set for best day in a year as analysts say subscriber slowdown doesn’t tell the full story,0.751,0.204,0.796,0.0
6,"Dow Jones Up As Stock Market Rallies; Joe Rogan Apologizes, Spotify Spikes; Tesla Stock Surges",0.477,0.198,0.729,0.073
7,Why Netflix Stock Charged Higher on Monday,0.527,0.101,0.899,0.0
8,Best Oversold Stocks to Buy for February 2022,0.999,0.164,0.824,0.013
9,"Stocks Bounce on Tesla, Netflix; Wild January Poised to End Lower",0.0,0.0,1.0,0.0
10,"Cramer's Mad Money Recap 1/31: Netflix, Microsoft, Apple, Chevron",-0.026,0.157,0.723,0.12
11,"Chinese Internet Stocks: Why JD, BABA and BIDU Are Climbing Today",0.972,0.071,0.923,0.007
12,What history says about S&amp;P 500's performance after it craters,0.298,0.036,0.937,0.027
13,DeFi News: Why SHOP and COIN Stock Are Surging Today,0.992,0.116,0.878,0.006
14,7 Reddit Stocks to Add to Your February Buy List,0.999,0.132,0.824,0.044
15,What to expect when Google parent Alphabet reports earnings,0.0,0.0,1.0,0.0
16,Here's what 7 rate hikes from the Fed may do to the stock market,0.609,0.043,0.924,0.033
17,Why Roku Stock Jumped 6% Today,0.542,0.062,0.938,0.0
18,Why Netflix Stock Is Up By 8% Today,0.96,0.111,0.832,0.057
19,"Market check: Stocks higher in early trading, oil rises, Tesla shares pop",0.0,0.0,1.0,0.0
20,S&amp;P 500 in Rally Mode as Tech Continues Comeback,0.931,0.11,0.819,0.071
21,"Disney+, HBO Max and Other Streamers Get Waves of Subscribers From Must-See Content. Keeping Them Is Hard.",0.0,0.0,1.0,0.0
22,Tech Stocks Roundup: Have the Mega-Cap Tech Titans Become too Powerful?,0.612,0.222,0.778,0.0
23,"Dow Jones Slides After Stock Market Rebound; Netflix, Spotify, Tesla Surge On Upgrades",0.0,0.0,1.0,0.0
24,"Buy Netflix and Spotify Stock Because Wall Street Is Being Short-Sighted, Citi Says",-0.103,0.113,0.75,0.138
25,Moderna and Netflix Are the S&amp;P 500’s Worst Performers in January. Oil Stocks Are Winners.,-0.908,0.028,0.818,0.154
26,"Amazon, Costco, and the Art of Pricing Power",0.827,0.176,0.783,0.041
27,"Dow Jones Futures Slide After Stock Market Rebound; Netflix, Spotify, Tesla Rise On Upgrades",0.0,0.0,1.0,0.0
28,"Netflix and Spotify Get Upgrades From Citi, Says Wall Street Is Being Short-Sighted",-0.103,0.113,0.75,0.138
29,Why Amazon Prime may cost you more soon,0.974,0.126,0.827,0.047
30,Netflix upped by Citi on pricing power potential as Spotify upgraded on monetization hopes,0.878,0.178,0.77,0.052
31,Is Netflix a Smart Buy After Dropping 37% in January?,-0.557,0.138,0.656,0.206
32,Netflix's Latest Earnings Report Reveals a Big Problem in a Major Market,0.296,0.106,0.836,0.057
33,Why the stock market is as vulnerable as someone after a bad breakup: Morning Brief,0.998,0.095,0.857,0.049
34,"Netflix Stock Leaps On Citigroup 'Buy' Upgrade, CEO Hastings Share Purchase",0.296,0.084,0.916,0.0
35,"Wall Street Opens Mostly Lower as Rates, Covid Concerns Weigh; Dow Down 130 Pts",-0.96,0.059,0.844,0.097
36,"Insider Buying: The Netflix, Inc. (NASDAQ:NFLX) Co-Founder Just Bought 1.0% More Shares",0.995,0.122,0.839,0.039
37,"Citrix, Blackberry Fall Premarket; Spotify, Beyond Meat Rise",0.953,0.095,0.881,0.023
38,Netflix Gains on Citi Upgrade Citing Attractive Valuation,0.976,0.138,0.826,0.036
39,‘Netflix killers’: How crypto film start-ups are using the blockchain to disrupt Hollywood,0.999,0.091,0.873,0.037
