﻿,Titles,Polarity,Positive,Neutral,Negative
0,Studio Behind ‘Cocomelon’ Acquired in $3 Billion Deal,0.998,0.11,0.874,0.016
1,Is Apple The Most Overpriced Tech Stock Right Now? Dan Niles Weighs In,0.978,0.114,0.861,0.025
2,5 Cryptocurrencies That Will Beat Ethereum,0.999,0.12,0.835,0.045
3,Gal Gadot To Play Evil Queen In Disney's Live-Action Remake Of 'Snow White',0.975,0.096,0.869,0.034
4,3 Streaming Stocks to Buy on the Dips,0.998,0.111,0.837,0.052
5,Is iQiyi Stock a Buy?,0.527,0.124,0.876,0.0
6,Netflix to open ‘Stranger Things’ pop-up shops in NYC and L.A.,-0.226,0.0,0.917,0.083
