﻿,Titles,Polarity,Positive,Neutral,Negative
0,"After Beating Netflix, Richard Li’s Viu Looks to Next Battle",0.998,0.108,0.883,0.009
1,"FuboTV CEO breaks down Q2 earnings, projects new advertising revenues",0.0,0.0,1.0,0.0
2,"How Can Amazon, Microsoft, Netflix, Spotify Gain From New Big Tech Bill?",0.586,0.06,0.899,0.04
3,"An Intrinsic Calculation For Netflix, Inc. (NASDAQ:NFLX) Suggests It's 25% Undervalued",0.999,0.155,0.826,0.02
4,4 Streaming Video Stocks That Have a Killer Advantage,0.499,0.209,0.791,0.0
5,Silver streamers on the rise as over 65s flock to Netflix,0.899,0.054,0.921,0.025
6,Disney's Back In Business Thanks To Its Enduring Magic,0.959,0.077,0.864,0.059
7,Netflix and Chill: How Grom Social Contributes to the State of Streaming Market,0.999,0.179,0.799,0.022
