﻿,Titles,Polarity,Positive,Neutral,Negative
0,"Dow Jones Futures: Market Rally Attempt Begins, Netflix Leads 5 Stocks Showing Strength; Tesla Deliveries Loom",0.0,0.0,1.0,0.0
1,ROKU Stock Continues to Create Profits for Loyal Fans,0.995,0.121,0.826,0.052
2,Why These 10 Stocks Are Trending on Friday,0.981,0.073,0.891,0.036
3,Netflix Tips Its Hand to Gaming Strategy,0.643,0.09,0.835,0.075
4,"When It Comes to Pinterest Stock, Do Yourself a Favor and Forget About Covid",0.981,0.061,0.913,0.026
5,‘Squid Game’: Netflix Installed Replica of the Show’s Murdering Robot Doll at a Shopping Mall,0.984,0.102,0.864,0.035
6,Netflix Isn't Playing Games,0.612,0.111,0.889,0.0
7,UPDATE 1-Seller basks in 'Squid Game' fame of his 'sweet and deadly' treat,0.844,0.098,0.831,0.071
8,3 Reasons to Buy Netflix Stock Right Now,0.527,0.152,0.766,0.083
9,2 Growth Stocks I'd Load Up On if the Market Crashes,-0.052,0.091,0.813,0.096
10,History Says Expect a Strong Fourth Quarter. History Can Be Wrong.,-0.382,0.0,0.923,0.077
11,Seller basks in 'Squid Game' fame of his 'sweet and deadly' treat,0.979,0.097,0.862,0.041
12,"Merck, Zoom, Exxon and Jefferies Rise Premarket",0.949,0.092,0.87,0.038
13,RPT-UPDATE 1-S.Korea broadband firm sues Netflix after traffic surge from 'Squid Game',0.987,0.099,0.861,0.04
14,Netflix Takes a Breather After Squid Game Powers Stock to All-time High,0.937,0.15,0.763,0.086
15,UPDATE 1-S.Korea broadband firm sues Netflix after traffic surge from 'Squid Game',0.987,0.099,0.86,0.04
16,S.Korea broadband firm sues Netflix after traffic surge from 'Squid Game',0.987,0.1,0.859,0.041
17,S.Korea broadband firm sues Netflix after traffic surge from 'Squid Game',0.987,0.102,0.856,0.042
18,Netflix Korean Partner Dexter Joins ‘Squid Game’-Spurred Rally,0.275,0.084,0.841,0.075
