﻿,Titles,Polarity,Positive,Neutral,Negative
0,7 Meme Stocks That Will Survive the Reddit Investor Exodus,1.0,0.132,0.822,0.046
1,Obama Gets Second Act as National Parks Champion on Netflix,-0.903,0.058,0.863,0.079
2,Netflix is 'looking more attractive' as shares sink from highs: Analyst,0.992,0.129,0.837,0.034
3,Is Apple stock a great buy on weakness?,0.238,0.05,0.903,0.047
4,Why Amazon Stock Was Outperforming the Market Today,0.802,0.141,0.859,0.0
5,Netflix to Make Five New Dr. Seuss Animated Shows,0.475,0.11,0.89,0.0
6,"Tech stocks are battling the ultimate 'perfect storm,' says analyst",0.53,0.067,0.874,0.059
7,Netflix to Announce First Quarter 2022 Financial Results,0.903,0.06,0.935,0.005
8,Discovery (DISCA) to Merge Discovery Plus and WarnerMedia's HBO Max,0.994,0.112,0.874,0.015
9,Netflix’s valuation ‘is now looking more attractive’ after stock pullback: Analyst,0.382,0.085,0.915,0.0
10,Costco Continues to Show Why It’s a Must-Own Stock,0.994,0.085,0.892,0.024
11,Better Buy: Netflix vs. Nvidia,0.691,0.12,0.88,0.0
12,Netflix Data Has Slowed But Still Ahead of Plan According to J.P. Morgan,0.739,0.057,0.919,0.023
13,3 Metrics Netflix Is Focused On -- Hint: Subscribers Isn't One,0.735,0.171,0.772,0.057
14,Netflix: homegrown hits are better response to US-centrism than taxes,-0.296,0.098,0.784,0.118
15,WarnerMedia Announces Plans to Merge HBO Max and Discovery Plus,-0.735,0.0,0.78,0.22
