﻿,Titles,Polarity,Positive,Neutral,Negative
0,"This Video Communications App Passed Netflix, Coinbase And Twitter In Apple's App Store",0.906,0.072,0.891,0.037
1,"The Best Mutual Funds Bet On Tech Stocks Nvidia, Salesforce, Microsoft, Google, Netflix",0.832,0.306,0.694,0.0
2,"When It Comes to Intellectual Property, Netflix Has a Different Approach Than Disney",0.0,0.07,0.86,0.07
3,3 Stocks to Buy When the Next Market Crash Comes,0.93,0.299,0.652,0.049
4,1 Big Reason to Press Play on Netflix Stock,0.0,0.0,1.0,0.0
5,It’s Crystal Clear Why Microsoft Is No.1 Again,0.991,0.073,0.912,0.015
6,Bollywood stars return to India's big screens after more than a year,-0.238,0.058,0.881,0.061
7,Tech Stocks Roundup: Microsoft Launches New Tools For Metaverse,0.612,0.24,0.76,0.0
