﻿,Titles,Polarity,Positive,Neutral,Negative
0,Netflix (NFLX) Stock Sinks As Market Gains: What You Should Know,0.988,0.086,0.899,0.015
1,"David A. Arnold, comedian and ‘Fuller House’ producer, dies at 54",-0.25,0.081,0.807,0.112
2,"Streaming: There has to be price consolidation 'for these services to survive,' expert says",0.999,0.114,0.854,0.032
3,Netflix is Rebooting This Controversial Kids' Show,0.557,0.086,0.914,0.0
4,"Disney+ Day, D23 Expo To Showcase What's New In Streaming, Theme Parks, Interactive Media",0.0,0.0,1.0,0.0
5,"Got $5,000? These 2 Growth Stocks Are Smart Buys",0.869,0.295,0.649,0.057
6,1 High-Conviction Growth Stock Down Over 46% to Buy Now,0.814,0.16,0.818,0.022
7,Is Now the Perfect Time to Buy Disney Stock?,0.583,0.14,0.776,0.084
8,Apple Freezes Prices. It’s Designed to Keep Consumers Spending.,0.226,0.107,0.819,0.075
9,Amazon Breaches TV’s Last Stronghold With $13 Billion Bet on NFL,0.999,0.127,0.835,0.038
