﻿,Titles,Polarity,Positive,Neutral,Negative
0,Netflix (NFLX) Outpaces Stock Market Gains: What You Should Know,0.988,0.085,0.912,0.003
1,"Netflix Is Losing Market Share, but This Is the Actual Risk to Shareholders",0.758,0.131,0.844,0.025
2,"Netflix Creeps Closer to Investment Grade With Cash, User Growth",0.983,0.127,0.864,0.009
3,"Netflix, Inc. -- Moody's upgrades Netflix's CFR to Ba1 from Ba3; the outlook is positive",1.0,0.103,0.855,0.042
4,Top stocks to watch as earnings season kicks off,0.178,0.059,0.941,0.0
5,Streaming Services Get a Boost From Pandemic: 4 Stocks to Watch,0.999,0.156,0.834,0.01
6,15 Richest Media Owners in the World,1.0,0.129,0.864,0.007
7,15 Richest Media Owners in the World,1.0,0.129,0.864,0.007
8,"Netflix and Uber support U.S. voting rights, while fighting their own investors’ pushes for more democratic practices",-0.115,0.0,0.957,0.043
