﻿,Titles,Polarity,Positive,Neutral,Negative
0,Netflix (NFLX) Outpaces Stock Market Gains: What You Should Know,0.988,0.083,0.904,0.012
1,Netflix's advertising-tier has 'the ability to aggregate so many people all at once': Analyst,0.999,0.087,0.898,0.015
2,"Why 'cable isn't dead yet,' analyst explains",0.999,0.102,0.879,0.019
3,Netflix's ad-supported tier could launch company 'back into growth mode': Analyst,0.963,0.052,0.93,0.018
4,Netflix Stock Gets Another Upgrade. Ad-Based Service Could Win Back Lost Subscribers.,0.0,0.0,1.0,0.0
5,Almost Everybody Loves Netflix Stock Again,0.477,0.044,0.956,0.0
6,Netflix's ad tier could launch it ‘back into growth mode’: Analyst,0.0,0.0,1.0,0.0
7,2 Streaming Stocks to Buy and 1 to Avoid Like the Plague,0.718,0.119,0.836,0.044
8,10 Worst-Performing S&amp;P 500 Stocks in 2022,0.998,0.093,0.861,0.045
9,What's Going on With Disney and AMC?,0.9,0.15,0.85,0.0
10,"Buy Netflix stock now for these reasons, analyst says",0.296,0.059,0.941,0.0
11,"Netflix, Inc. (NASDAQ:NFLX) is largely controlled by institutional shareholders who own 77% of the company",0.997,0.114,0.862,0.023
12,French TV stocks slide after merger to challenge Netflix collapses,-0.523,0.068,0.867,0.065
