﻿,Titles,Polarity,Positive,Neutral,Negative
0,Analysts Raise Targets Ahead of Netflix Earnings. The ‘Squid Game’ Effect.,0.318,0.091,0.909,0.0
1,Can 'Squid Game' Propel Netflix To A Strong Q3 Earnings Report?,0.993,0.132,0.862,0.007
2,A Deep Dive into the Netflix (NFLX) and Tesla (TSLA) Earnings Charts,0.991,0.174,0.803,0.024
3,ViacomCBS CEO Bob Bakish Calls Uproar Over Content Inevitable Amid Chappelle Outcry,0.0,0.0,1.0,0.0
4,"Disney and Zillow shares slide, Amazon aims to hire 150K seasonal workers",0.0,0.0,1.0,0.0
5,Why Disney stock has been dead money for months,0.98,0.075,0.896,0.029
6,Earnings: 2 Hot Stocks to Watch This Week,0.882,0.188,0.812,0.0
7,"Disney may have a ‘structural’ problem in streaming, analyst warns",-0.672,0.0,0.867,0.133
8,Netflix Has Another Potential Winner In K-Drama 'My Name' After Roaring Success Of 'Squid Game',0.981,0.094,0.897,0.009
9,Is Netflix (NFLX) A Smart Long-Term Buy?,0.995,0.082,0.915,0.003
10,Netflix Looks Strong Ahead of Q3 Earnings: ETFs to Buy,0.999,0.126,0.856,0.019
11,S&amp;P 500 Climbs as Tech in Favor Ahead of Busy Earnings Week,-0.026,0.067,0.868,0.065
12,"J&amp;J, Procter &amp; Gamble, Netflix Earnings: 3 Things to Watch",0.836,0.053,0.919,0.028
13,"Facebook’s overseas expansion, Saks possible e-commerce IPO, IATSE union reaches deal",-0.02,0.031,0.934,0.036
14,4 Earnings I'm Watching This Week,0.743,0.364,0.636,0.0
15,"Netflix earnings, Tesla earning, Airlines earnings — what to expect",0.103,0.037,0.963,0.0
16,"S&amp;P 500 Cuts Losses as Tech, Energy Gain",0.691,0.079,0.854,0.067
17,Netflix Earnings Preview: Can 'Squid Games' Send Stock to Highs?,-0.34,0.0,0.902,0.098
18,Netflix Earnings: What to Look For From NFLX,0.402,0.119,0.881,0.0
19,Should You Buy Netflix (NFLX) Ahead of Earnings?,0.997,0.19,0.81,0.0
20,"Netflix, Tesla, Snap, Johnson &amp; Johnson and Procter &amp; Gamble are part of Zacks Earnings Preview",0.997,0.105,0.859,0.035
21,3 Stocks to Avoid This Week,-0.67,0.0,0.835,0.165
22,Here's the Safest Way to Get Long Netflix Ahead of Earnings,0.0,0.0,1.0,0.0
23,Netflix Estimates ‘Squid Game’ Is Worth $900 Million. Investors Are Betting It’s Worth More.,0.796,0.278,0.659,0.064
24,Wedbush: 'Bar is High' Ahead of Tesla (TSLA) Earnings,0.998,0.117,0.858,0.025
25,Netflix 'Squid Game' Valuation Pegged at $900 Million,0.402,0.124,0.876,0.0
26,A Peek Into The Markets: US Stock Futures Down Ahead Of Earnings,-0.077,0.049,0.908,0.043
27,Disney Falls After Barclays Cuts Ratings on Streaming Challenges,0.758,0.104,0.826,0.07
28,"Albertsons, Netflix Rise in Premarket; Disney, Amazon Fall",-0.389,0.062,0.872,0.066
29,"Premarket Movers Monday - Zillow, Netflix, Disney",0.71,0.135,0.797,0.068
30,How to cut your costs on TV and music streaming services,0.999,0.122,0.833,0.046
31,Search for Next ‘Squid Game’ Sparks 30% Rally in Studio Santa,0.724,0.094,0.833,0.072
32,UPDATE 1-Netflix's 'Squid Game' estimated to be worth about $900 mln - Bloomberg News,0.985,0.11,0.89,0.0
33,"Netflix Estimates Nearly $900 Million Value From ""Squid Game"" So Far",0.572,0.171,0.829,0.0
