﻿,Titles,Polarity,Positive,Neutral,Negative
0,The Risk-Reward Ratio of Genius Brands Is Superb,0.999,0.14,0.836,0.024
1,7 High Short Ratio Stocks to Watch for a Breakout,1.0,0.119,0.844,0.036
2,This Is the Single Most Important Aspect of Netflix's Dominance,0.769,0.187,0.813,0.0
3,Streaming Is Reshaping Hollywood Storytelling,0.999,0.166,0.829,0.005
4,Why Peter Lynch Would Love Netflix,0.0,0.0,1.0,0.0
5,Alphabet Paid YouTube Creators $30 Billion Over 3 Years; What That Could Mean for Netflix and Disney,0.0,0.0,1.0,0.0
6,Netflix Just Released Its First 2 Games to Subscribers: Is This a Game-Changer for the Stock?,0.318,0.046,0.954,0.0
7,Apple Settlement Lets App Makers Advertise Outside Payments,0.983,0.092,0.866,0.042
