﻿,Titles,Polarity,Positive,Neutral,Negative
0,Top Director Leaves Embattled Game Developer CD Projekt,0.867,0.102,0.827,0.07
1,Garry Kasparov's next gambit,0.999,0.153,0.824,0.023
2,10 Best Streaming Stocks to Buy Now,1.0,0.114,0.875,0.012
3,10 Best Streaming Stocks to Buy Now,1.0,0.114,0.875,0.012
4,2 Surefire Stocks to Hold for the Long Term,0.731,0.255,0.745,0.0
5,What inspired Brooklyn Decker's new sustainable fashion line with Buru,0.989,0.097,0.892,0.011
6,Bill and Melinda Gates to Divorce With $146 Billion at Stake,0.998,0.097,0.89,0.013
