﻿,Titles,Polarity,Positive,Neutral,Negative
0,Bridgerton season 2 climbs to the top of Netflix’s Top 10 list upon debut,0.34,0.14,0.793,0.067
1,"Robinhood soars after expanded trading hours, Sony unveils new Playstation Plus service",0.0,0.0,1.0,0.0
2,"'Bridgerton' season 2 jumps in debut weekend, more than 193M hours viewed on Netflix",0.988,0.074,0.926,0.0
3,"Tech News: Coinbase's Global Expansion, Shopee Ending Operations, and More",0.477,0.102,0.898,0.0
4,Disney (DIS) Set to Expand Disney+ Offering in New Regions,0.998,0.163,0.814,0.023
5,"Have $1,000? These 2 Stocks Could Be Bargain Buys for 2022 And Beyond",0.751,0.168,0.754,0.078
6,3 Seriously Undervalued Stocks to Buy Before They Go Sky High,0.958,0.081,0.858,0.061
7,"Apple Erases Losses for the Year, on Course for 11th Straight Rise",0.304,0.116,0.795,0.089
8,Here’s everything coming to Netflix in April 2022 — and what’s leaving,0.0,0.0,1.0,0.0
