﻿,Titles,Polarity,Positive,Neutral,Negative
0,Netflix Is Now Selling Official ‘Squid Game’ Merchandise in Its Online Store,0.971,0.093,0.879,0.028
1,Netflix Stock Surges to Record. ‘Squid Game’ Pulls In Viewers.,0.727,0.244,0.756,0.0
2,"Facebook Is Not a Teen Favorite, Survey Says. These Social Media Sites Are.",0.0,0.0,1.0,0.0
3,"Scared of Facebook whistleblower fallout? Look at these tech stocks, analyst says",0.94,0.078,0.884,0.037
4,"FAANGs bounce back, Pepsi raises its full-year forecast",0.0,0.0,1.0,0.0
5,Dow Jones Rallies Over 400 Points As Stocks Rebound; Netflix Stock Hits New High; This Oil Leader Scores Breakout,0.0,0.0,1.0,0.0
6,Why Netflix Stock Is Soaring Today,0.751,0.104,0.896,0.0
7,Netflix stock heads for best day since January,0.844,0.103,0.897,0.0
8,These 2 Stocks Are Powering the Market Higher on Tuesday,0.898,0.176,0.824,0.0
9,Why These 10 Stocks Are in the Spotlight on Tuesday,0.991,0.097,0.871,0.032
10,Why Pete Najarian Just Bought Call Options In Nvidia And Netflix,0.88,0.075,0.893,0.031
11,Dow Jones Rallies 400 Points As Stock Market Rebounds; Netflix Soars To New High,0.0,0.0,1.0,0.0
12,"Tech Stocks Roundup: Facebook Shutdown, Whistleblower Accusations",0.612,0.231,0.769,0.0
13,Netflix Stock Riding High On 'Squid Game' Buzz,0.0,0.0,1.0,0.0
14,"Dow Jones Surges 475 Points After Market Sell-Off; Apple, Microsoft Bounce",0.0,0.0,1.0,0.0
15,"Teens Like Amazon, iPhones, and Netflix. Facebook? Not So Much.",0.0,0.0,1.0,0.0
16,"Tesla to pay out $137M to ex-worker, Rent the Runway files for IPO, IATSE votes to strike",0.0,0.0,1.0,0.0
17,Rising Oil Prices and Yields Makes Market Navigation More Complex,0.993,0.099,0.836,0.065
18,Netflix Surges to a New High and We Adjust Our Numbers Accordingly,-0.723,0.039,0.833,0.128
19,Facebook isn't tobacco; that's ‘ridiculous’: analyst,0.0,0.0,1.0,0.0
20,"Facebook whistleblower testifies before Congress, outage affects billions worldwide",0.0,0.0,1.0,0.0
21,How the FAANG stocks recovery proves the resilience of tech,0.0,0.0,1.0,0.0
22,"Dow Jones Rallies After Market Sell-Off; Apple, Microsoft Bounce",0.0,0.0,1.0,0.0
23,Netflix Jumps as Cowen Says it Still Has The Best Content,0.957,0.11,0.868,0.022
24,"The Zacks Analyst Blog Highlights: Johnson &amp; Johnson, Alibaba, Netflix, Qualcomm and Enbridge",0.997,0.124,0.839,0.037
25,"CIBC launches five more Canadian Depositary Receipts (""CDRs"") on the NEO Exchange",0.996,0.115,0.881,0.003
26,Here's Proof That Netflix Makes Some of the Most Popular Films and TV Shows in the World,0.66,0.092,0.908,0.0
27,"HBO Max sharpens prices for European launch, adds more countries",0.718,0.035,0.949,0.016
28,Dow Jones Futures Fall As Stock Market Sell-Off Worsens; These 5 Tech Giants Tumble,-0.625,0.0,0.758,0.242
