﻿,Titles,Polarity,Positive,Neutral,Negative
0,Exclusive-Netflix inks Japan studio deal in anime push,0.917,0.068,0.911,0.021
1,"Top Research Reports for Novo Nordisk, AMD &amp; Netflix",0.999,0.159,0.784,0.057
2,Microsoft ‘has pretty good guidance going forward’ compared to other tech stocks: Analyst,1.0,0.119,0.864,0.017
3,Two “Recession Insurance” Plays Safe from a Hawkish Fed,0.996,0.1,0.853,0.047
4,"Florida actually dissolving Disney's special status unlikely since 'consequences too dire,' expert predicts",0.975,0.056,0.92,0.024
5,"Why Netflix, Peloton, and DraftKings Fell on Tuesday",-0.66,0.0,0.748,0.252
6,Roku Stock Down Big Today: Is It Time to Buy?,-0.283,0.072,0.82,0.108
7,"Tesla, Facebook, Netflix, and Amazon stocks are all wildly overvalued, value investor says",0.855,0.091,0.86,0.049
8,Is Netflix Stock Still Worth Owning?,0.494,0.192,0.708,0.1
9,Netflix Building More Games. But Does Anyone Even Want Them?,-0.382,0.084,0.783,0.133
10,Nasdaq 100 Hurtles Toward Year's Low: Five Views on What’s Behind the Drop,-0.99,0.052,0.847,0.101
11,FuboTV Is a Buy as It Hits a 52-Week Low Today,-0.45,0.058,0.875,0.067
12,Apple and the Rest of Big Tech Look More Like ‘Value Stocks.’ It Just Doesn’t Matter Much Right Now.,0.416,0.111,0.814,0.075
13,Warner Bros Discovery embraces new era of streaming austerity,-0.823,0.024,0.865,0.111
14,Netflix open to ad-supported offering as consumers cut costs,0.318,0.091,0.909,0.0
15,Growth Investors Should Buy Roku Stock on Weakness,0.99,0.131,0.821,0.047
16,"Netflix needs sports to survive, analysts suggest",0.0,0.137,0.741,0.121
17,Warner Bros. Discovery Lays Out Response to Streaming’s Struggles,0.227,0.115,0.813,0.072
18,Alphabet Losing $215 Billion in Market Value This Month,0.989,0.108,0.836,0.056
19,"Microsoft to report earnings amid rising inflation and big misses by Netflix, Snap",0.3,0.064,0.876,0.061
20,Oakmark Select Fund’s Top Q1 2022 Detractor: Netflix Inc. (NFLX),0.978,0.075,0.91,0.015
21,"Technology Stocks Earnings Due on Apr 27: CACI, CHKP &amp; AVT",0.998,0.139,0.816,0.044
22,UPDATE 2-Warner Bros Discovery adds 2 mln subscribers in first quarter,0.494,0.058,0.894,0.047
23,Alphabet Takes the Cake for Best FAANG Stock Today,0.296,0.14,0.75,0.11
24,"3 Reasons Netflix Should Launch an Ad-Supported Version, and 2 Reasons It Has To",0.065,0.07,0.872,0.058
25,7 F-Rated Penny Stocks Not Worth the Gamble,0.999,0.109,0.831,0.06
26,Have Americans Reached Subscription Saturation?,0.572,0.099,0.901,0.0
27,"Bragar Eagel &amp; Squire, P.C. Is Investigating Natera, Mullen, Arqit, and Netflix and Encourages Investors to Contact the Firm",0.987,0.074,0.904,0.022
