﻿,Titles,Polarity,Positive,Neutral,Negative
0,Netflix (NFLX) Outpaces Stock Market Gains: What You Should Know,0.989,0.09,0.898,0.012
1,Is Roku Too Good To Pass Up at This Price?,0.997,0.096,0.882,0.022
2,"Top Research Reports for Netflix, salesforce &amp; Novo Nordisk",0.997,0.13,0.851,0.018
3,"Keudell Buys Dimensional US Core Equity Market ETF, Vanguard Energy ETF, Vanguard ...",0.994,0.056,0.938,0.006
4,Nielsen Competitor VideoAmp Weighs U.S. IPO Next Year,0.912,0.067,0.896,0.037
5,Cardano Continues to Bolster Its Case as an Ethereum Undertaker,0.997,0.111,0.86,0.028
6,Apple Nears $3 Trillion in Market Value. Here’s Some Context,0.993,0.111,0.843,0.046
7,10 Large-Cap Stocks to Buy According to Claes Fornell’s CSat Investment,0.999,0.097,0.885,0.018
8,Streaming Video Subscribers Are Canceling at Record Rates,0.202,0.045,0.922,0.032
9,"There’s Nothing Complicated About ATT Stock, but Gains Will Take Time",0.968,0.078,0.88,0.042
10,Amazon Says It Resolved Network Device Issue That Caused Outage,-0.81,0.091,0.811,0.099
11,"S.Korea ""webtoon"" firms leverage low-cost stories with potential huge upside",0.996,0.103,0.865,0.032
12,Amazon Packages Pile Up as AWS Outage Spawns Delivery Havoc,-0.738,0.078,0.843,0.079
