﻿,Titles,Polarity,Positive,Neutral,Negative
0,"Disney Crushed Earnings, but Is the Magic Gone?",0.44,0.139,0.861,0.0
1,1 Semiconductor Stock with Incredible Pricing Power,0.511,0.223,0.777,0.0
2,3 Bargain Stocks to Buy in the Streaming Services Space,0.99,0.071,0.907,0.022
3,"Market check: Stocks mixed after inflation print, Fed rate hike uncertainty",-0.153,0.0,0.909,0.091
4,"Disney streaming service ‘back on track,’ tech analyst says",-0.25,0.072,0.829,0.099
5,3 Stocks to Buy Even After This Sharp Recovery Rally,0.997,0.115,0.828,0.057
6,"Disney (DIS) Q1 Earnings Tops Estimates, Revenues Jump Y/Y",0.996,0.094,0.874,0.032
7,Netflix Grows Number of Black Executives and Women in Workforce,0.994,0.088,0.896,0.016
8,Disney CEO: 'We continue to see value in the moviegoing experience',0.735,0.292,0.708,0.0
9,3 Big Takeaways From Disney's Blowout Report,0.91,0.188,0.812,0.0
10,Amazon Prime Hit Won't Follow Netflix's Lead,0.422,0.177,0.727,0.095
11,"Disney earnings: The ‘biggest surprise’ was in the theme park business, analyst says",0.361,0.102,0.898,0.0
12,"Disney closes gap with Netflix, streaming industry future still in question",0.99,0.099,0.885,0.017
13,"Disney closes gap with Netflix, streaming industry future still in question",0.99,0.097,0.887,0.016
14,"Disney earnings: Streaming subscribers, theme park revenue jump in Q1",0.671,0.234,0.766,0.0
15,"Roku Stock Gains, Netflix Dips After Disney Earnings",0.586,0.242,0.758,0.0
16,Disney Stock Is Jumping. Streaming Was Strong and Theme Parks Rebounded.,0.422,0.063,0.938,0.0
17,Disney Earnings Were Good News — For Roku Stock,0.586,0.242,0.758,0.0
18,Roku Stock Rises and Netflix Falls After Disney’s Strong Subscriber Growth,0.586,0.242,0.758,0.0
19,"CPI, Jobless Claims, Disney+ Growth and Cola Earnings - What's Moving Markets",0.896,0.089,0.832,0.079
20,"Disney Climbs on Jump in Streaming, Brisk Business at Parks",0.66,0.074,0.876,0.05
21,Disney Beats Parks and Streaming Expectations in Earnings Surprise,-0.649,0.0,0.791,0.209
