﻿,Titles,Polarity,Positive,Neutral,Negative
0,Dow Jones Futures Rise On IBM Earnings Beat After Stock Market Rally Falters On Covid-19 Fears; Netflix Earnings On Tap,-0.422,0.0,0.872,0.128
1,Stock market news live updates: Futures inch higher after Delta-variant selloff drags on Wall Street,0.935,0.076,0.879,0.044
2,Markets Shed July Gains in One Day: Dow -725 Points,0.996,0.122,0.846,0.031
3,This Week's Must-See Earnings Charts,0.996,0.157,0.83,0.013
4,"Dow Jones Futures: Stock Market Rally Falters On Covid-19 Fears; IBM Earnings Beat, Netflix Earnings On Tap",-0.422,0.0,0.877,0.123
5,Netflix must blow away these numbers when it reports earnings,0.988,0.105,0.845,0.05
6,Netflix Reports Earnings Tuesday. What To Expect.,0.768,0.312,0.595,0.093
7,Roku Stock Vs. Netflix: The Outlook For Earnings And The Pandemic,-0.202,0.0,0.921,0.079
8,Netflix Holds Its Own in Midst of Market Sell-Off,0.984,0.082,0.885,0.033
9,"Robinhood, Netflix, Markets: 3 Things to Watch Into Happy Hour",-0.318,0.0,0.874,0.126
10,ETFs to Watch Ahead of Netflix Q2 Earnings,0.997,0.118,0.847,0.036
11,Will Netflix Make Too Much Money Again in Tuesday's Earnings Report?,0.382,0.064,0.936,0.0
12,"Netflix Profits, Chipotle, United Airlines: 3 Things to Watch",0.981,0.111,0.833,0.056
13,"A Great Earnings Result Tomorrow may be a ""Sell The News"" Moment for Netflix's (NASDAQ:NFLX) 62x P/E",0.996,0.109,0.868,0.024
14,Netflix Earnings: What to Look for from NFLX,0.807,0.293,0.707,0.0
15,Netflix Stock Has a Lot to Prove This Week,0.318,0.133,0.867,0.0
16,Stock market news live updates: Futures slide as earnings season gears up; Robinhood files to go public,0.565,0.044,0.92,0.036
17,"Netflix, Johnson &amp; Johnson, JPMorgan, Citigroup and Wells Fargo are part of Zacks Earnings Preview",1.0,0.149,0.823,0.028
18,"Watch Out, Fortnite: Netflix Is Coming For You",-0.25,0.066,0.843,0.09
19,How to Invest in Netflix for Less Than the Cost of a Movie Ticket,0.9,0.194,0.806,0.0
