﻿,Titles,Polarity,Positive,Neutral,Negative
0,10 Healthcare Stocks to Buy According to Tiger Cub Chase Coleman,0.999,0.109,0.864,0.027
1,10 Tech Stocks to Buy According to Billionaire Philippe Laffont,1.0,0.118,0.85,0.032
2,Does Netflix Need Even More Originals?,0.706,0.125,0.875,0.0
3,FuboTV Is Still Intact As FUBO Stock Is Down,0.997,0.09,0.906,0.004
4,Investing for the First Time in 2022? Start With These Surefire Stocks,0.71,0.095,0.905,0.0
5,Where to Invest if You're Worried About Inflation,0.637,0.234,0.766,0.0
6,Amazon stock is falling,0.996,0.181,0.763,0.056
