﻿,Titles,Polarity,Positive,Neutral,Negative
0,"Atalanta Sosnoff Capital, Llc Buys McDonald's Corp, Salesforce. ...",0.994,0.054,0.942,0.004
1,"Braun Stacey Associates Inc Buys Marvell Technology Inc, Arista Networks Inc, Lamar Advertising ...",0.989,0.047,0.948,0.004
2,"Stanley-Laman Group, Ltd. Buys Robinhood Markets Inc, SiTime Corp, Snap Inc, Sells NVIDIA Corp, ...",0.994,0.049,0.946,0.005
3,2 Jarring Ways Netflix Just Changed Its Tune on Growth,0.863,0.224,0.671,0.105
4,3 Wage-Sensitive Stocks to Avoid in the New Year,0.986,0.095,0.846,0.059
5,"Stock Rout Continues as Rates, Russia Rattle Investors",0.0,0.124,0.752,0.124
6,First National Bank Sioux Falls Buys Amazon. ...,0.996,0.064,0.932,0.004
7,"Hancock Whitney Corp Buys Affiliated Managers Group Inc, Archer-Daniels Midland Co, Lululemon ...",0.995,0.047,0.947,0.006
8,"Bowling Portfolio Management LLC Buys Coterra Energy Inc, VMware Inc, Celanese Corp, Sells US ...",0.991,0.074,0.919,0.006
9,"Market strategist: 'Until we get capitulation, we won't see a bottom'",0.382,0.069,0.931,0.0
10,Netflix needs 'a longer time-frame to reach peak penetration': BofA,0.968,0.074,0.894,0.032
11,Is it a Good Choice to Invest in Netflix (NFLX)?,0.986,0.096,0.904,0.0
12,Why Did Disney Fall After Netflix's Earnings?,0.527,0.159,0.749,0.092
13,The Party Is Over for AMC Entertainment Stock,0.95,0.079,0.865,0.056
14,Netflix Has Fallen; Monthly User Visits Hinted at It,0.897,0.08,0.864,0.056
15,Has Netflix Hit The Ceiling on Subscribers?,-0.103,0.0,0.92,0.08
16,"Argus Investors' Counsel, Inc. Buys Netflix Inc, Broadcom Inc, Intuitive Surgical Inc, Sells ...",0.988,0.051,0.944,0.005
17,My Favorite Streaming Stock for 2022,0.103,0.057,0.916,0.027
18,"Disney Should See Revenue Stream in, After Covid Leaves Town",0.723,0.242,0.758,0.0
19,"Ellevest, Inc. Buys Vanguard Mid-Cap ETF, SPDR Bloomberg High Yield Bond ETF, Affirm Holdings ...",0.997,0.037,0.955,0.008
20,"Why ChargePoint Holdings, Blink Charging, EVgo, and Volta Shares Plummeted Then Rebounded Today",0.077,0.04,0.926,0.035
21,"Amazon, Netflix to Bolster Indian Content in $54 Million Deal",0.987,0.118,0.826,0.055
22,Darwinbox Becomes Rare Asian Software Unicorn in TCV-Led Funding,0.769,0.05,0.918,0.032
