﻿,Titles,Polarity,Positive,Neutral,Negative
0,Facebook Competitor Surfaces As Cyber Criminal Hub: FT,0.217,0.06,0.886,0.054
1,"Uncertainty around taxes could cause stocks to pullback this month, strategist warns",1.0,0.138,0.842,0.021
2,9 Tech and Software Stocks to Buy According to Hamilton Helmer’s Strategy Capital,1.0,0.107,0.88,0.013
3,Soviet chess legend sues Netflix for 'sexist' line in Queen's Gambit show,0.971,0.12,0.819,0.062
4,"3 Reasons to Go Long AT&amp;T Stock Now, While You Have the Chance",0.993,0.113,0.819,0.068
