﻿,Titles,Polarity,Positive,Neutral,Negative
0,Why Magnite Stock Lost 14% in July,0.637,0.114,0.853,0.034
1,Apple streaming 'never has to get to profitability' with digital advertising: Analyst,0.0,0.0,1.0,0.0
2,"Warner Bros. Discovery: HBO Max retreat 'good buy signal for Netflix,' says LightShed’s Greenfield",0.989,0.081,0.888,0.031
3,Roku Gets Another ‘Sell’ Rating. Blame Earnings and Competition.,-0.459,0.0,0.885,0.115
4,"Here is What to Know Beyond Why Netflix, Inc. (NFLX) is a Trending Stock",0.999,0.126,0.867,0.007
5,"Disney,  Uber, and 11 Beaten Down Stocks That Look Like They Could Come Back",0.34,0.091,0.909,0.0
6,"Bank of America, Disney, and Uber All Look Like Bargains",0.34,0.118,0.882,0.0
7,"Why investors should still love stocks like Apple, Amazon, Microsoft, and Google: Morning Brief",0.991,0.075,0.905,0.02
8,Streaming Wars: A Recession Could Help Disney Beat Netflix,0.552,0.085,0.915,0.0
