﻿,Titles,Polarity,Positive,Neutral,Negative
0,Motor racing-F1 drivers defend Netflix series after Verstappen snub,0.998,0.184,0.8,0.016
1,No 'Squid Game': South Korea's real-life debt trap,-0.99,0.093,0.764,0.143
2,No 'Squid Game': South Korea's real-life debt trap,-0.99,0.092,0.765,0.143
3,Another Netflix price hike? Why one analyst says streaming giant is 'substantially underpriced',0.992,0.1,0.884,0.016
4,How Netflix is navigating the backlash over Dave Chappelle special,0.402,0.13,0.87,0.0
5,"Top Stock Reports for Alphabet, Netflix &amp; Thermo Fisher",0.998,0.168,0.823,0.009
6,Netflix Is Off The Shelf,0.897,0.257,0.68,0.063
7,3 Takeaways From Netflix's Q3 Earnings Report,0.0,0.0,1.0,0.0
8,11 Safe Stocks To Buy According To Hedge Funds,1.0,0.152,0.83,0.018
9,Is Netflix (NFLX) Outperforming Other Consumer Discretionary Stocks This Year?,0.992,0.122,0.866,0.012
10,Why Netflix Shares Are Making New All-Time Highs Today,0.909,0.074,0.91,0.016
11,"3 Reasons to Buy Netflix, and 1 Reason To Sell",0.579,0.138,0.862,0.0
12,Why some CEOs aren’t requiring vax mandates,0.0,0.0,1.0,0.0
13,‘Strikes are contagious’: Wave of labor unrest signals crisis in tight job market,0.955,0.076,0.854,0.071
14,"5 Top Stock Gainers for Thursday: Tesla, HP, Netflix",0.908,0.211,0.789,0.0
15,Better FAANG Stock: Amazon or Netflix?,0.671,0.134,0.866,0.0
16,"The Zacks Analyst Blog Highlights: Netflix, Roku, Entravision Communications and Cumulus Media",0.998,0.095,0.894,0.011
17,"The Zacks Analyst Blog Highlights: Taiwan Semiconductor, Netflix, Microsoft, Advanced Micro Devices and Amazon",1.0,0.17,0.802,0.028
18,3 Warning Signs in Netflix's Third-Quarter Report,0.178,0.053,0.915,0.032
19,4 Things to Know About Netflix Earnings,0.0,0.0,1.0,0.0
20,Protest at Netflix Over Dave Chappelle Special: What’s Next,0.44,0.19,0.661,0.149
21,Shocker: Netflix Likes to Get Word-of-Mouth Marketing Freebies,0.917,0.236,0.764,0.0
22,Netflix wants you to actually play “Squid Game”,0.994,0.119,0.855,0.027
23,Netflix wants you to actually play ‘Squid Game’,0.625,0.195,0.805,0.0
24,Netflix employees walk out in protest of company's airing of transphobic Dave Chappelle special,-0.128,0.074,0.84,0.087
