﻿,Titles,Polarity,Positive,Neutral,Negative
0,Netflix (NFLX) Dips More Than Broader Markets: What You Should Know,0.985,0.081,0.895,0.024
1,"DraftKings Stock Has Game to Recover, Right?",0.994,0.119,0.818,0.064
2,Don’t Run! Be Ready to Buy Into Twilio Stock.,0.999,0.157,0.801,0.041
3,Netflix Cuts Prices in India and That's Okay,-0.758,0.0,0.717,0.283
4,Netflix Aggressively Cuts Prices in India,0.704,0.073,0.912,0.015
5,Disney's (DIS) Disney+ Now Available on Cox's Contour Platform,0.996,0.135,0.856,0.009
6,3 Growth Stocks to Put Under the Tree This Year,0.34,0.069,0.894,0.038
7,Netflix Slips as Price Cut in India Weighs,-0.832,0.02,0.912,0.068
8,"Netflix slashes India prices in battle with Disney, Amazon",0.909,0.065,0.897,0.038
9,"Netflix slashes India prices in battle with Disney, Amazon",0.909,0.065,0.897,0.038
10,"Point72 Asset Management Buys International Business Machines Corp, Activision Blizzard Inc, ...",0.999,0.062,0.932,0.005
