﻿,Titles,Polarity,Positive,Neutral,Negative
0,"REDW Wealth LLC Buys FlexShares High Yield Value Scored Bond Index ETF, Vanguard Short-Term ...",0.999,0.132,0.856,0.013
1,"Raab &amp; Moskowitz Asset Management LLC Buys Vanguard Ultra-Short Bond ETF, Netflix Inc, ...",0.998,0.101,0.895,0.004
2,Arab Music Streamer Anghami Shares Double After Closing SPAC Merger,0.735,0.064,0.936,0.0
3,"2022 Super Bowl offers NBC ‘some offset’ for low Winter Olympics ratings, analyst says",-0.296,0.0,0.942,0.058
4,Netflix vs. Facebook: Which is the better stock after those shocking earnings?,-0.13,0.103,0.778,0.119
5,Disney will ‘continue to experiment’ with theatrical releases amid streaming push: Analyst,0.318,0.076,0.924,0.0
6,"Housing prices and interest rates 'aren't going back down' for a while, strategist says",0.226,0.062,0.898,0.04
7,"Tesco Pension Investment Ltd Buys Netflix Inc, Nike Inc, Salesforce. ...",0.987,0.061,0.933,0.006
8,"TPI Fund Managers Ltd Buys Netflix Inc, Nike Inc, PerkinElmer Inc, Sells Fiserv Inc, Medtronic ...",0.986,0.068,0.925,0.007
9,"Silvant Capital Management LLC Buys Netflix Inc, Pfizer Inc, Natera Inc, Sells Visa Inc, ...",0.994,0.051,0.945,0.004
10,"First City Capital Management, Inc. Buys Canadian Pacific Railway, Pinnacle Financial Partners ...",0.995,0.06,0.934,0.006
11,Market strategist: 'Washed-out' sentiment will give way to higher equities,0.807,0.201,0.799,0.0
12,"The stock market 'is squeezing out some of the excesses at this point,' portfolio manager says",0.494,0.11,0.89,0.0
13,Forget Jewelry -- Here Are 3 Better Gifts for Your Partner This Valentine's Day,0.954,0.298,0.654,0.049
14,3 Stocks to Buy While the Bulls Regain Their Courage,0.997,0.13,0.777,0.093
15,"Netflix Cannot Win the ""Streaming Wars"" - Needham Analyst",0.948,0.114,0.842,0.044
16,Disney earnings: One number to watch amid streaming push,0.128,0.117,0.801,0.082
17,Guess Which Member of the FANG Group Doesn't Belong Anymore,0.0,0.0,1.0,0.0
18,"Bank Of Stockton Buys Netflix Inc, Air Products &amp; Chemicals Inc, Applied Industrial ...",0.991,0.069,0.931,0.0
19,Megacaps With $600 Billion of Cash Have Fuel for M&amp;A,-0.924,0.063,0.864,0.072
20,Mega Caps Awash with Cash for Potential Takeovers,0.44,0.206,0.794,0.0
21,Netflix Just Raised Prices Again: Here's What That Means for Investors,0.285,0.125,0.875,0.0
22,"Hasbro Gains as Demand for Toys, Entertainment Boost Q3",0.989,0.143,0.831,0.026
