﻿,Titles,Polarity,Positive,Neutral,Negative
0,Netflix shines more light on its most popular titles with new weekly Top 10 lists,0.883,0.147,0.823,0.03
1,Netflix to release weekly 'Top 10' lists of movies and TV shows,0.909,0.084,0.879,0.037
2,Netflix’s ‘Tiger King 2’ Premiere Won’t Be Disrupted by Carole Baskin’s Legal Battle,-0.226,0.0,0.905,0.095
3,Why This Nonsense-Named Basket of Stocks Could Pay Serious Dividends,0.402,0.157,0.76,0.084
4,Disney Reports Unspectacular Streaming Subscriber Growth,0.527,0.095,0.905,0.0
5,Shares Continue to Reward Roku’s Fans,0.973,0.123,0.781,0.096
6,Skillz Stock Has Too Much of Its Potential Already Priced In,0.996,0.092,0.895,0.012
