﻿,Titles,Polarity,Positive,Neutral,Negative
0,Hedge Funds Have Never Been This Bullish On ASML Holding N.V. (ASML),0.999,0.113,0.882,0.005
1,Hedge Funds Have Never Been This Bullish On ASML Holding N.V. (ASML),0.999,0.113,0.882,0.005
2,"Beware of the ‘cyclical hiccup’ next year, strategist warns",0.0,0.0,1.0,0.0
3,15 Best Very Cheap Stocks to Buy Right Now,1.0,0.108,0.88,0.012
4,15 Best Very Cheap Stocks to Buy Right Now,1.0,0.108,0.88,0.012
5,Apple (AAPL) Expands Apple TV+ Content With First French Show,0.999,0.165,0.823,0.012
6,"Netflix Now Lets You Watch Partially Downloaded Shows and Movies, Starting With Android",0.805,0.044,0.934,0.022
7,Indian Game Streaming Startup Loco Gets Krafton’s Backing,0.995,0.128,0.851,0.02
