﻿,Titles,Polarity,Positive,Neutral,Negative
0,Netflix’s ‘Seinfeld’ Rally Doesn’t Leave Much Room for Error,0.998,0.166,0.799,0.035
1,Should there be a ‘Netflix tax’ to pay back cities for cable infrastructure?,-0.202,0.084,0.749,0.168
2,16 Most Valuable Entertainment Companies in the World,1.0,0.158,0.821,0.021
3,Why the Streaming Leaders Are Staying on Top,0.612,0.124,0.829,0.047
4,Disney+ Launches in Latin America: What That Could Mean for Disney Stock,0.34,0.116,0.814,0.07
5,Apple Said It Will Lower Fees for Some Media Apps Like Netflix and Spotify. Its Stock Hit a Record High.,0.202,0.087,0.913,0.0
6,Netflix stock rises to best-ever 2-week stretch of gains into record territory,0.649,0.189,0.811,0.0
7,Pagerduty Soars on Revising Guidance Again as Q2 Revenue Up 33%,0.785,0.072,0.896,0.031
8,A Peek Into The Markets: US Stock Futures Rise; All Eyes On Jobs Report,0.939,0.06,0.908,0.032
