﻿,Titles,Polarity,Positive,Neutral,Negative
0,Buy Netflix and Snap Stock Before Earnings for Big Growth Upside?,0.996,0.135,0.852,0.013
1,Who will step in to save LA’s most beloved movie theaters?,0.866,0.308,0.692,0.0
2,Who will step in to save LA’s most beloved movie theaters?,1.0,0.148,0.807,0.045
3,"IBD Stock Research Screener Shows Facebook, FedEx, Logitech And BlackRock In Buy Ranges",0.0,0.0,1.0,0.0
4,Netflix Chief Talent Officer Jessica Neal Is Leaving the Company,0.988,0.111,0.889,0.0
5,Netflix (NFLX) Earnings Expected to Grow: What to Know Ahead of Next Week's Release,0.998,0.145,0.806,0.049
6,Amazon stock may be 70% undervalued and the company worth $3 trillion: analyst,0.998,0.166,0.812,0.022
7,Netflix Earnings: 3 Key Items to Watch,0.296,0.056,0.913,0.031
8,Netflix Revamps Kids Profiles to Add Character-Based Favorites Row on TVs,0.991,0.101,0.899,0.0
9,‘Bridgerton’ Renewed for Seasons 3 and 4 by Netflix,0.996,0.164,0.813,0.023
10,Vietnam unveils tools for taxing and tracking Big Tech,0.807,0.084,0.916,0.0
