﻿,Titles,Polarity,Positive,Neutral,Negative
0,ViacomCBS rebrands to Paramount as streaming subscribers accelerate,0.0,0.0,1.0,0.0
1,"Inflation: Tech companies may be ‘best able to withstand rising input costs,’ strategist says",0.077,0.038,0.962,0.0
2,'We need to make sure inclusion is an action and not just a statement': HP CIO,0.0,0.0,1.0,0.0
3,"Disney stock extends earnings relief rally, 'doing, saying all the right things'",0.981,0.092,0.876,0.032
4,How Disney+ Blew Away Expectations Last Quarter,0.572,0.068,0.932,0.0
5,3 Growth Stocks Down 20% to 77% to Buy Now,0.597,0.133,0.824,0.044
6,Disney Trounces Netflix in Subscriber Growth but There's a Catch,0.382,0.051,0.949,0.0
