﻿,Titles,Polarity,Positive,Neutral,Negative
0,Is Netflix Stock A Buy Ahead Of Its Second-Quarter Earnings Report?,0.0,0.0,1.0,0.0
1,Why You Should Be Holding On to Your Amazon Stock,0.976,0.101,0.845,0.055
2,30 Best Movies on Netflix,1.0,0.174,0.736,0.089
3,30 Best Movies on Netflix,1.0,0.174,0.736,0.089
4,Netflix (NFLX) Pushes Into E-Commerce With New Online Store,0.997,0.121,0.871,0.008
5,Tech Stocks Roundup: Social Media and FAANG Stocks Surge,0.202,0.087,0.913,0.0
6,Tech Stocks Roundup: Social Media and FAANG Stocks Surge,0.202,0.087,0.913,0.0
7,How American streaming giants learnt to love Euro programming,0.0,0.0,1.0,0.0
