﻿,Titles,Polarity,Positive,Neutral,Negative
0,Tech Stocks Roundup: What Will Apple Announce at its First Big Event of 2022?,0.612,0.222,0.778,0.0
1,"Dow Jones Dives 800 Points As Russia-Ukraine War Drags On; Apple Stock, Amazon Fall Despite Bullish Calls",-0.649,0.049,0.778,0.173
2,"Dow Jones Dives As Russia-Ukraine War Pushes Oil Higher; Apple Stock, Amazon Fall Despite Bullish Calls",-0.494,0.062,0.797,0.141
3,Russia Is Now the World's Most-Sanctioned Nation,-0.992,0.041,0.866,0.093
4,107 Companies That Have Pulled Out of Russia,0.962,0.054,0.907,0.039
5,Disney to Launch Ad-Supported Video on Demand,0.026,0.061,0.939,0.0
6,GTN vs. NFLX: Which Stock Is the Better Value Option?,0.999,0.238,0.758,0.004
7,The stock market has not been ‘terribly resilient’ against shift in momentum: Strategist,-0.718,0.0,0.813,0.188
8,"TikTok, Netflix and AmEx Join Russia Exit as Ukraine War Escalates",0.0,0.0,1.0,0.0
9,Netflix Long-Term Net Adds are More Likely 20 Million Says Wells Fargo,0.897,0.086,0.886,0.028
10,"Wall Street Opens Down, Recovering From Blinken-Driven Oil Shock; Dow Down 250 Pts",-0.966,0.074,0.825,0.101
11,"From Netflix to Samsung, the Exodus From Russia Becomes a Rout",-0.995,0.043,0.882,0.075
12,Netflix Is Shutting All Services in Russia,-0.989,0.018,0.836,0.146
13,Netflix and TikTok Have Bad News for Russians,0.0,0.0,1.0,0.0
