﻿,Titles,Polarity,Positive,Neutral,Negative
0,The 7 Most Undervalued Long-Term Stocks to Buy Now,0.999,0.101,0.854,0.045
1,“Pretty Good Outlook”: 10 Stocks to Buy Now Before the Bull Market Begins,1.0,0.123,0.854,0.023
2,7 Stocks That Are Still Hedge Fund Favorites,0.997,0.096,0.86,0.043
3,The Only Disney Streaming Offer Not Increasing in Price,0.0,0.0,1.0,0.0
4,Streaming embraces the traditional TV bundle — why that might not be such a bad thing,0.983,0.067,0.907,0.026
5,The Trade Desk Stock: 3 Impressive Facts Investors Should Know,0.832,0.124,0.876,0.0
6,1 Beaten-Down Dow Stock to Buy Before It Pops,0.077,0.03,0.944,0.025
7,Young people are nearly done with traditional TV—but older viewers can’t seem to get enough,0.953,0.076,0.882,0.042
8,Suze Orman Says Vacations Are an Important Career Move. Here's Why,0.743,0.161,0.839,0.0
9,"With These Genius Moves, Netflix Could Again Become an Ultra-Growth Stock",0.402,0.12,0.827,0.053
10,Hundreds of thousands of UK households ditch Amazon Prime,-0.539,0.076,0.852,0.072
