﻿,Titles,Polarity,Positive,Neutral,Negative
0,Spotify stock pops as Wells Fargo initiates 'Show Me' upgrade,0.993,0.113,0.858,0.029
1,"Netflix and Beyond Meat stocks rise, Microsoft shutters Internet Explorer after 26 years",0.996,0.096,0.868,0.036
2,Technology and Bank Stocks Get Boost After Aggressive Fed Action,0.178,0.099,0.809,0.092
3,Technology and Bank Stocks Get Boost After Aggressive Fed Action,0.906,0.12,0.792,0.088
4,Netflix’s future depends on scaring the hell out of viewers,-0.844,0.117,0.687,0.195
5,"Netflix stock: Buy, Sell, or Hold? Wall Street split on future of streaming giant",0.99,0.111,0.835,0.054
6,Why Netflix Stock Jumped 9% Wednesday,0.542,0.068,0.932,0.0
7,Why a Netflix-Roku Tie-Up Might Make Sense Today,-0.202,0.086,0.833,0.081
8,3 Oversold Blue-Chip Stocks to Buy Before They Rebound,0.955,0.071,0.876,0.053
9,"NETFLIX, INC. (NASDAQ: NFLX) SHAREHOLDER CLASS ACTION ALERT: Bernstein Liebhard LLP Reminds Investors of the Deadline to File a Lead Plaintiff Motion in a Securities Class Action Lawsuit Against Netflix, Inc. (NASDAQ: NFLX)",0.961,0.088,0.854,0.058
10,Apple's (AAPL) TV App Becomes Exclusive Destination for MLS,0.994,0.122,0.853,0.025
11,Netflix to Announce Second Quarter 2022 Financial Results,0.903,0.06,0.935,0.005
12,Why Is Everyone Talking About Roku Stock?,0.052,0.041,0.92,0.038
13,AMC Stock Is Moving Back Into the Limelight,0.984,0.093,0.848,0.059
14,Apple 'doubling down on live sports content' with MLS deal is just the beginning: Dan Ives,0.973,0.069,0.921,0.011
15,Analysts Are Downgrading These 10 Stocks,0.997,0.128,0.83,0.042
16,Why Netflix Might Make a Tempting Acquisition Target,0.671,0.224,0.776,0.0
17,"Can ""Stranger Things"" Save Netflix?",0.933,0.176,0.764,0.06
18,Why Binging Has Become a Bad Bet for Netflix,0.382,0.121,0.789,0.09
19,1 Green Flag for The Trade Desk in 2022,0.0,0.0,1.0,0.0
20,iQIYI Shares Trade Lower On Reports Of Possible Stake Sale,0.979,0.131,0.837,0.033
21,Why Netflix Buying Roku Makes Sense,0.985,0.082,0.882,0.035
22,Apple’s $2 Trillion Market Valuation on Shaky Ground,0.926,0.075,0.865,0.061
23,Netflix Is Talking to Roku for All the Wrong Reasons,-0.296,0.021,0.924,0.056
24,7 Tempting Tech Stocks to Pull the Trigger on Now,0.999,0.112,0.865,0.023
25,"Baidu, Netflix, Apple Rise Premarket; Robinhood, MicroStrategy Fall",0.34,0.054,0.902,0.044
26,Dow Futures Up 125 Pts; Fed Rate Decision Firmly in Focus,-0.9,0.042,0.892,0.066
