﻿,Titles,Polarity,Positive,Neutral,Negative
0,"Apple is spending 'chump change' on original content, and that is big win for Netflix stock: analyst",0.995,0.108,0.872,0.021
1,Disney’s content is ‘superior to Netflix’: Analyst,0.66,0.231,0.769,0.0
2,Best Growth Stocks October 2021,0.998,0.174,0.811,0.015
3,This One Ad Metric Should Make Roku Stockholders Jump for Joy,-0.128,0.0,0.897,0.103
4,"Bridgerton, Stranger Things are the most important shows for Netflix: analyst",0.477,0.094,0.906,0.0
5,"Taper Or Tarry: Will Delta, Inflation, And Employment Data Spur Fed Action Or Delay?",0.97,0.084,0.844,0.072
6,"Column: As Hulu's price rises, how much is too much for a streaming service?",0.994,0.078,0.887,0.035
7,3 Top Entertainment Stocks to Watch in September,0.796,0.114,0.886,0.0
8,"Amazon to Sell a TV Line, Stepping Up Fight With Roku and Google",0.988,0.151,0.834,0.015
9,4 Stocks Insiders Are Selling,0.981,0.091,0.893,0.015
