﻿,Highest Category,Polarity,PosOrNeg
1/4/2021,Neutral,1.0,Positive
1/5/2021,Neutral,0.983,Positive
1/6/2021,Neutral,0.983,Positive
1/7/2021,Neutral,0.992,Positive
1/8/2021,Neutral,0.992,Positive
1/11/2021,Neutral,0.992,Positive
1/12/2021,Neutral,0.6395,Positive
1/13/2021,Neutral,-0.811,Negative
1/14/2021,Neutral,1.0,Positive
1/15/2021,Neutral,0.986,Positive
1/19/2021,Neutral,0.5203333333333333,Positive
1/20/2021,Neutral,0.6643333333333333,Positive
1/21/2021,Neutral,0.9964999999999999,Positive
1/22/2021,Neutral,0.992,Positive
1/25/2021,Neutral,-0.94,Negative
1/26/2021,Neutral,-0.94,Negative
1/27/2021,Neutral,0.999,Positive
1/28/2021,Neutral,0.999,Positive
1/29/2021,Neutral,0.999,Positive
2/1/2021,Neutral,0.98675,Positive
2/2/2021,Neutral,0.98675,Positive
2/3/2021,Neutral,0.982,Positive
2/4/2021,Neutral,1.0,Positive
2/5/2021,Neutral,0.0,Positive
2/8/2021,Neutral,1.0,Positive
2/9/2021,Neutral,1.0,Positive
2/10/2021,Neutral,1.0,Positive
2/11/2021,Neutral,0.0,Positive
2/12/2021,Neutral,0.998,Positive
2/16/2021,Neutral,1.0,Positive
2/17/2021,Neutral,0.997,Positive
2/18/2021,Neutral,0.064,Positive
2/19/2021,Neutral,0.064,Positive
2/22/2021,Neutral,0.586,Positive
2/23/2021,Neutral,0.5395,Positive
2/24/2021,Neutral,0.5395,Positive
2/25/2021,Neutral,0.9201666666666668,Positive
2/26/2021,Neutral,0.8942857142857142,Positive
3/1/2021,Neutral,0.8117500000000001,Positive
3/2/2021,Neutral,0.5519999999999999,Negative
3/3/2021,Neutral,0.891,Positive
3/4/2021,Neutral,0.793,Positive
3/5/2021,Neutral,0.9980000000000001,Positive
3/8/2021,Neutral,0.40925,Positive
3/9/2021,Neutral,0.513,Positive
3/10/2021,Neutral,0.226,Positive
3/11/2021,Neutral,0.994,Positive
3/12/2021,Neutral,0.8246666666666668,Positive
3/15/2021,Neutral,0.9932222222222222,Positive
3/16/2021,Neutral,0.8136153846153846,Positive
3/17/2021,Neutral,0.5678571428571428,Positive
3/18/2021,Neutral,0.6049166666666667,Positive
3/19/2021,Neutral,0.4465555555555556,Positive
3/22/2021,Neutral,0.7215,Positive
3/23/2021,Neutral,0.4721875,Positive
3/24/2021,Neutral,0.5582,Positive
3/25/2021,Neutral,0.2562857142857143,Negative
3/26/2021,Neutral,0.6437777777777778,Positive
3/29/2021,Neutral,0.6093999999999999,Positive
3/30/2021,Neutral,0.3189230769230769,Positive
3/31/2021,Neutral,0.5084444444444445,Positive
4/1/2021,Neutral,0.6149285714285714,Positive
4/2/2021,Neutral,0.3897142857142857,Positive
4/5/2021,Neutral,0.41899999999999993,Positive
4/6/2021,Neutral,0.8241999999999999,Positive
4/7/2021,Neutral,0.3103333333333333,Positive
4/8/2021,Neutral,0.5592857142857143,Positive
4/9/2021,Neutral,0.5121111111111111,Positive
4/12/2021,Neutral,0.7277142857142856,Positive
4/13/2021,Neutral,0.8123636363636364,Positive
4/14/2021,Neutral,0.39437500000000003,Positive
4/15/2021,Neutral,0.7545555555555556,Positive
4/16/2021,Neutral,0.4056,Positive
4/19/2021,Neutral,0.6190588235294118,Positive
4/20/2021,Neutral,0.540578947368421,Positive
4/21/2021,Neutral,0.26681999999999995,Positive
4/22/2021,Neutral,0.5652941176470588,Positive
4/23/2021,Neutral,0.664470588235294,Positive
4/26/2021,Neutral,0.5826499999999999,Positive
4/27/2021,Neutral,0.5616,Positive
4/28/2021,Neutral,0.48915384615384616,Positive
4/29/2021,Neutral,0.70275,Positive
4/30/2021,Neutral,0.5680833333333334,Positive
5/3/2021,Neutral,0.492,Positive
5/4/2021,Neutral,0.9405714285714286,Positive
5/5/2021,Neutral,0.35275,Positive
5/6/2021,Neutral,0.44628571428571423,Positive
5/7/2021,Neutral,0.5780000000000001,Positive
5/10/2021,Neutral,0.62825,Positive
5/11/2021,Neutral,0.4579166666666666,Positive
5/12/2021,Neutral,0.2141666666666667,Positive
5/13/2021,Neutral,0.9329999999999999,Positive
5/14/2021,Neutral,0.5354210526315789,Positive
5/17/2021,Neutral,0.4907619047619048,Positive
5/18/2021,Neutral,0.6152307692307692,Positive
5/19/2021,Neutral,0.3112,Positive
5/20/2021,Neutral,0.4078,Positive
5/21/2021,Neutral,0.36361111111111116,Positive
5/24/2021,Neutral,0.49366666666666664,Positive
5/25/2021,Neutral,0.4708,Positive
5/26/2021,Neutral,0.5457142857142858,Positive
5/27/2021,Neutral,0.9473125,Positive
5/28/2021,Neutral,0.556125,Positive
6/1/2021,Neutral,0.999,Positive
6/2/2021,Neutral,0.9620000000000001,Positive
6/3/2021,Neutral,0.652,Positive
6/4/2021,Neutral,0.7692222222222223,Positive
6/7/2021,Neutral,0.8606,Positive
6/8/2021,Neutral,-0.059500000000000025,Negative
6/9/2021,Neutral,-0.05820000000000001,Negative
6/10/2021,Neutral,0.6303888888888889,Positive
6/11/2021,Neutral,0.547125,Positive
6/14/2021,Neutral,0.9600000000000001,Positive
6/15/2021,Neutral,0.7198333333333333,Positive
6/16/2021,Neutral,0.6869,Positive
6/17/2021,Neutral,0.6382857142857141,Positive
6/21/2021,Neutral,0.5076521739130435,Positive
6/22/2021,Neutral,0.8397857142857142,Positive
6/23/2021,Neutral,0.5965,Positive
6/24/2021,Neutral,0.6808333333333333,Positive
6/25/2021,Neutral,0.49749999999999994,Positive
6/28/2021,Neutral,0.8496250000000001,Positive
6/29/2021,Neutral,0.48819999999999997,Positive
6/30/2021,Neutral,0.73725,Positive
7/1/2021,Neutral,0.7417142857142858,Positive
7/2/2021,Neutral,0.06716666666666667,Positive
7/6/2021,Neutral,0.9925,Positive
7/7/2021,Neutral,0.7246363636363637,Positive
7/8/2021,Neutral,0.3038571428571429,Positive
7/9/2021,Neutral,0.7091000000000001,Positive
7/12/2021,Neutral,0.6190000000000001,Positive
7/13/2021,Neutral,0.7944375,Positive
7/14/2021,Neutral,0.6598461538461537,Positive
7/15/2021,Neutral,0.36695999999999995,Positive
7/16/2021,Neutral,0.6819285714285714,Positive
7/19/2021,Neutral,0.5499499999999999,Positive
7/20/2021,Neutral,0.40950000000000003,Positive
7/21/2021,Neutral,0.36236,Positive
7/22/2021,Neutral,0.4147272727272728,Positive
7/23/2021,Neutral,0.30424999999999996,Positive
7/26/2021,Neutral,0.7481666666666666,Positive
7/27/2021,Neutral,0.4668,Positive
7/28/2021,Neutral,0.7158461538461538,Positive
7/29/2021,Neutral,0.38937499999999997,Positive
7/30/2021,Neutral,0.5406666666666666,Positive
8/2/2021,Neutral,0.6402222222222222,Positive
8/3/2021,Neutral,0.7587999999999999,Positive
8/4/2021,Neutral,0.43475,Positive
8/5/2021,Neutral,-0.009749999999999997,Positive
8/6/2021,Neutral,0.4554285714285714,Positive
8/9/2021,Neutral,0.6090769230769231,Positive
8/10/2021,Neutral,-0.0695,Negative
8/11/2021,Neutral,0.8778,Positive
8/12/2021,Neutral,0.408875,Positive
8/13/2021,Neutral,0.6471428571428571,Positive
8/16/2021,Neutral,0.742375,Positive
8/17/2021,Neutral,0.7675000000000001,Positive
8/18/2021,Neutral,0.688,Positive
8/19/2021,Neutral,0.84675,Positive
8/20/2021,Neutral,0.9055,Positive
8/23/2021,Neutral,0.44471428571428573,Positive
8/24/2021,Neutral,0.968,Positive
8/25/2021,Neutral,0.7222500000000001,Positive
8/26/2021,Neutral,0.73525,Positive
8/27/2021,Neutral,0.6335000000000001,Positive
8/30/2021,Neutral,0.382,Positive
8/31/2021,Neutral,0.6633333333333333,Positive
9/1/2021,Neutral,0.5081111111111111,Positive
9/2/2021,Neutral,0.624391304347826,Positive
9/3/2021,Neutral,0.5914444444444444,Positive
9/7/2021,Neutral,0.4928571428571429,Positive
9/8/2021,Neutral,0.5653636363636363,Positive
9/9/2021,Neutral,0.7731,Positive
9/10/2021,Neutral,0.728625,Positive
9/13/2021,Neutral,0.4654285714285714,Positive
9/14/2021,Neutral,-0.3076666666666667,Negative
9/15/2021,Neutral,0.41557142857142854,Positive
9/16/2021,Neutral,0.8955,Positive
9/17/2021,Neutral,0.8362,Positive
9/20/2021,Neutral,0.7650625,Positive
9/21/2021,Neutral,0.775,Positive
9/22/2021,Neutral,0.6479411764705881,Positive
9/23/2021,Neutral,0.5394545454545455,Positive
9/24/2021,Neutral,0.5038,Positive
9/27/2021,Neutral,0.5109999999999999,Positive
9/28/2021,Neutral,0.5897333333333333,Positive
9/29/2021,Neutral,0.4232352941176471,Positive
9/30/2021,Neutral,0.63735,Positive
10/1/2021,Neutral,0.6958421052631579,Positive
10/4/2021,Neutral,0.5318333333333334,Positive
10/5/2021,Neutral,0.39955172413793105,Positive
10/6/2021,Neutral,0.5198333333333333,Positive
10/7/2021,Neutral,0.6547499999999999,Positive
10/8/2021,Neutral,0.24875,Positive
10/12/2021,Neutral,0.4610833333333333,Positive
10/13/2021,Neutral,0.3676923076923077,Positive
10/14/2021,Neutral,0.4266666666666667,Positive
10/15/2021,Neutral,0.5033529411764706,Positive
10/18/2021,Neutral,0.48994117647058827,Positive
10/19/2021,Neutral,0.5911428571428572,Positive
10/20/2021,Neutral,0.54552,Positive
10/21/2021,Neutral,0.5338,Positive
10/22/2021,Neutral,0.5809444444444445,Positive
10/25/2021,Neutral,0.6835,Positive
10/26/2021,Neutral,0.5744999999999999,Positive
10/27/2021,Neutral,0.8963333333333333,Positive
10/28/2021,Neutral,0.4441428571428571,Positive
10/29/2021,Neutral,0.8109999999999999,Positive
11/1/2021,Neutral,0.2575,Positive
11/2/2021,Neutral,0.32725,Positive
11/3/2021,Neutral,0.6605,Positive
11/4/2021,Neutral,0.7498571428571429,Positive
11/5/2021,Neutral,0.504125,Positive
11/8/2021,Neutral,0.769142857142857,Positive
11/9/2021,Neutral,0.7448181818181819,Positive
11/10/2021,Neutral,0.5611999999999999,Positive
11/12/2021,Neutral,0.3066,Positive
11/15/2021,Neutral,0.471,Positive
11/16/2021,Neutral,0.6377142857142858,Positive
11/17/2021,Neutral,0.5716666666666667,Positive
11/18/2021,Neutral,0.6794615384615385,Positive
11/19/2021,Neutral,0.8854,Positive
11/22/2021,Neutral,0.3131428571428571,Positive
11/23/2021,Neutral,0.5131666666666667,Positive
11/24/2021,Neutral,0.579375,Positive
11/26/2021,Neutral,0.01150000000000001,Positive
11/29/2021,Neutral,0.747,Positive
11/30/2021,Neutral,0.587875,Positive
12/1/2021,Neutral,0.6788571428571428,Positive
12/2/2021,Neutral,0.6452,Positive
12/3/2021,Neutral,0.11250000000000002,Negative
12/6/2021,Neutral,0.9968333333333333,Positive
12/7/2021,Neutral,0.5447,Positive
12/8/2021,Neutral,0.6535384615384616,Positive
12/9/2021,Neutral,0.998,Positive
12/10/2021,Neutral,0.5261250000000001,Positive
12/13/2021,Neutral,0.9895,Positive
12/14/2021,Neutral,0.5677272727272726,Positive
12/15/2021,Neutral,0.6091666666666666,Positive
12/16/2021,Neutral,0.64925,Positive
12/17/2021,Neutral,0.7097500000000001,Positive
12/20/2021,Neutral,0.6084999999999999,Positive
12/21/2021,Neutral,0.8635714285714285,Positive
12/22/2021,Neutral,0.5903333333333333,Positive
12/23/2021,Neutral,0.5256666666666667,Positive
12/27/2021,Neutral,0.41562499999999997,Positive
12/28/2021,Neutral,0.677,Positive
12/29/2021,Neutral,0.5861428571428571,Positive
12/30/2021,Neutral,0.6457777777777778,Positive
1/3/2022,Neutral,0.770625,Positive
1/4/2022,Neutral,0.1735,Positive
1/5/2022,Neutral,0.79,Positive
1/6/2022,Neutral,0.5704117647058823,Positive
1/7/2022,Neutral,0.5901,Positive
1/10/2022,Neutral,0.7545454545454546,Positive
1/11/2022,Neutral,0.5561428571428572,Positive
1/12/2022,Neutral,0.5767142857142857,Positive
1/13/2022,Neutral,0.7808999999999999,Positive
1/14/2022,Neutral,0.7147619047619048,Positive
1/18/2022,Neutral,0.5828888888888889,Positive
1/19/2022,Neutral,0.6858571428571427,Positive
1/20/2022,Neutral,0.40688888888888897,Positive
1/21/2022,Neutral,0.15230000000000002,Positive
1/24/2022,Neutral,0.24651612903225806,Positive
1/25/2022,Neutral,0.741695652173913,Positive
1/26/2022,Neutral,0.515,Positive
1/27/2022,Neutral,0.4837200000000001,Positive
1/28/2022,Neutral,0.42300000000000004,Negative
1/31/2022,Neutral,0.413625,Positive
2/1/2022,Neutral,0.614344827586207,Positive
2/2/2022,Neutral,0.7329,Positive
2/3/2022,Neutral,0.538764705882353,Positive
2/4/2022,Neutral,0.5204074074074074,Positive
2/7/2022,Neutral,0.5617826086956522,Positive
2/8/2022,Neutral,0.6424137931034484,Positive
2/9/2022,Neutral,0.40989999999999993,Positive
2/10/2022,Neutral,0.5768636363636365,Positive
2/11/2022,Neutral,0.43107692307692314,Positive
2/14/2022,Neutral,0.617375,Positive
2/15/2022,Neutral,0.3727142857142857,Positive
2/16/2022,Neutral,0.2242222222222222,Positive
2/17/2022,Neutral,0.98375,Positive
2/18/2022,Neutral,0.4117777777777778,Positive
2/22/2022,Neutral,0.6864999999999999,Positive
2/23/2022,Neutral,0.549,Positive
2/24/2022,Neutral,0.408,Positive
2/25/2022,Neutral,0.724,Positive
2/28/2022,Neutral,0.12999999999999998,Positive
3/1/2022,Neutral,0.12833333333333333,Positive
3/2/2022,Neutral,0.47171428571428575,Positive
3/3/2022,Neutral,0.3006000000000001,Positive
3/4/2022,Neutral,0.3031,Positive
3/7/2022,Neutral,-0.16478571428571429,Negative
3/8/2022,Neutral,0.368125,Positive
3/9/2022,Neutral,0.48792307692307685,Positive
3/10/2022,Neutral,0.5929375,Positive
3/11/2022,Neutral,0.859111111111111,Positive
3/14/2022,Neutral,0.114375,Positive
3/15/2022,Neutral,0.4713125,Positive
3/16/2022,Neutral,0.5467272727272728,Positive
3/17/2022,Neutral,0.5744210526315789,Positive
3/18/2022,Neutral,0.9923333333333333,Positive
3/21/2022,Neutral,0.40169999999999995,Positive
3/22/2022,Neutral,0.22828571428571426,Negative
3/23/2022,Neutral,0.5271818181818182,Positive
3/24/2022,Neutral,0.48223076923076924,Positive
3/25/2022,Neutral,0.40021739130434775,Positive
3/28/2022,Neutral,0.7607083333333334,Positive
3/29/2022,Neutral,0.5351111111111111,Positive
3/30/2022,Neutral,0.618090909090909,Positive
3/31/2022,Neutral,0.446875,Positive
4/1/2022,Neutral,0.6138,Positive
4/4/2022,Neutral,0.9948,Positive
4/5/2022,Neutral,0.45280000000000004,Positive
4/6/2022,Neutral,0.9091111111111112,Positive
4/7/2022,Neutral,0.37224999999999997,Positive
4/8/2022,Neutral,0.6974444444444444,Positive
4/11/2022,Neutral,0.5508571428571429,Positive
4/12/2022,Neutral,0.5293076923076924,Positive
4/13/2022,Neutral,0.28584210526315784,Positive
4/14/2022,Neutral,0.44527272727272726,Positive
4/15/2022,Neutral,0.5068571428571429,Positive
4/18/2022,Neutral,0.4077777777777778,Positive
4/19/2022,Neutral,0.45167999999999997,Positive
4/20/2022,Neutral,0.3771199999999999,Positive
4/21/2022,Neutral,0.31648,Positive
4/22/2022,Neutral,0.311,Positive
4/25/2022,Neutral,0.4086086956521739,Positive
4/26/2022,Neutral,0.40275,Positive
4/27/2022,Neutral,0.21080645161290323,Positive
4/28/2022,Neutral,0.23082352941176473,Positive
4/29/2022,Neutral,0.6386875,Positive
5/2/2022,Neutral,0.358590909090909,Positive
5/3/2022,Neutral,0.427,Positive
5/4/2022,Neutral,0.34831818181818175,Positive
5/5/2022,Neutral,0.4918823529411765,Positive
5/6/2022,Neutral,0.4547999999999999,Positive
5/9/2022,Neutral,0.4725263157894737,Positive
5/10/2022,Neutral,0.32856250000000004,Positive
5/11/2022,Neutral,0.3051363636363636,Positive
5/12/2022,Neutral,0.3392142857142857,Positive
5/13/2022,Neutral,0.5640833333333334,Positive
5/16/2022,Neutral,0.4033999999999999,Positive
5/17/2022,Neutral,0.35205263157894734,Positive
5/18/2022,Neutral,0.6962173913043478,Positive
5/19/2022,Neutral,0.5038823529411766,Positive
5/20/2022,Neutral,0.7312500000000001,Positive
5/23/2022,Neutral,0.9509999999999998,Positive
5/24/2022,Neutral,0.6758461538461538,Positive
5/25/2022,Neutral,0.7248461538461538,Positive
5/26/2022,Neutral,0.7198,Positive
5/27/2022,Neutral,0.5227142857142857,Positive
5/31/2022,Neutral,0.5896,Positive
6/1/2022,Neutral,0.36350000000000005,Positive
6/2/2022,Neutral,0.40125,Positive
6/3/2022,Neutral,0.3861818181818182,Positive
6/6/2022,Neutral,0.6073846153846154,Positive
6/7/2022,Neutral,0.5508571428571428,Positive
6/8/2022,Neutral,0.49190322580645157,Positive
6/9/2022,Neutral,0.5645555555555555,Positive
6/10/2022,Neutral,0.26539473684210524,Positive
6/13/2022,Neutral,0.393,Positive
6/14/2022,Neutral,0.6074117647058824,Positive
6/15/2022,Neutral,0.5702592592592592,Positive
6/16/2022,Neutral,0.5426,Positive
6/17/2022,Neutral,0.5531428571428572,Positive
6/21/2022,Neutral,0.7444375,Positive
6/22/2022,Neutral,0.795142857142857,Positive
6/23/2022,Neutral,0.17733333333333334,Positive
6/24/2022,Neutral,0.5109523809523808,Positive
6/27/2022,Neutral,0.3671111111111111,Positive
6/28/2022,Neutral,0.862076923076923,Positive
6/29/2022,Neutral,0.5628124999999999,Positive
6/30/2022,Neutral,0.37231250000000005,Positive
7/1/2022,Neutral,0.3200769230769231,Positive
7/5/2022,Neutral,0.10925,Positive
7/6/2022,Neutral,0.56185,Positive
7/7/2022,Neutral,0.4751818181818182,Positive
7/8/2022,Neutral,0.3336,Positive
7/11/2022,Neutral,0.3023,Positive
7/12/2022,Neutral,0.3165652173913044,Positive
7/13/2022,Neutral,0.5484705882352942,Positive
7/14/2022,Neutral,0.28663636363636363,Positive
7/15/2022,Neutral,0.1848333333333333,Positive
7/18/2022,Neutral,0.3797500000000001,Positive
7/19/2022,Neutral,0.37648,Positive
7/20/2022,Neutral,0.3757551020408163,Positive
7/21/2022,Neutral,0.5655,Positive
7/22/2022,Neutral,0.4636,Positive
7/25/2022,Neutral,0.19425,Positive
7/26/2022,Neutral,0.479,Positive
7/27/2022,Neutral,0.22588888888888892,Positive
7/28/2022,Neutral,0.7834285714285713,Positive
7/29/2022,Neutral,0.47859999999999997,Positive
8/1/2022,Neutral,0.7575,Positive
8/2/2022,Neutral,0.6449999999999999,Positive
8/3/2022,Neutral,0.3377142857142857,Positive
8/4/2022,Neutral,0.4325,Positive
8/5/2022,Neutral,0.48749999999999993,Positive
8/8/2022,Neutral,0.4876666666666666,Positive
8/9/2022,Neutral,0.6476000000000001,Positive
8/10/2022,Neutral,0.06511764705882353,Positive
8/11/2022,Neutral,0.46572727272727277,Positive
8/12/2022,Neutral,0.6785,Positive
8/15/2022,Neutral,0.5637142857142857,Positive
8/16/2022,Neutral,0.2974444444444445,Positive
8/17/2022,Neutral,0.5860909090909091,Positive
8/18/2022,Neutral,0.37793333333333334,Positive
8/19/2022,Neutral,0.45499999999999996,Positive
8/22/2022,Neutral,0.3596666666666667,Positive
8/23/2022,Neutral,0.7332500000000001,Positive
8/24/2022,Neutral,0.621875,Positive
8/25/2022,Neutral,0.3028888888888889,Positive
8/26/2022,Neutral,0.5232222222222221,Positive
8/29/2022,Neutral,0.447,Negative
8/30/2022,Neutral,0.4941000000000001,Positive
8/31/2022,Neutral,0.5204545454545454,Positive
9/1/2022,Neutral,0.1875555555555556,Positive
9/2/2022,Neutral,0.27985714285714286,Negative
9/6/2022,Neutral,0.22349999999999998,Positive
9/7/2022,Neutral,0.36005882352941176,Positive
9/8/2022,Neutral,0.5785,Positive
9/9/2022,Neutral,0.4544545454545455,Positive
9/12/2022,Neutral,0.7676923076923076,Positive
9/13/2022,Neutral,0.7444545454545455,Positive
9/14/2022,Neutral,0.36,Positive
9/15/2022,Neutral,0.7047647058823531,Positive
9/16/2022,Neutral,0.6128571428571429,Positive
9/19/2022,Neutral,0.600923076923077,Positive
9/20/2022,Neutral,0.7988,Positive
