﻿,Titles,Polarity,Positive,Neutral,Negative
0,Starbucks Names Laxman Narasimhan New CEO,0.077,0.044,0.956,0.0
1,Amazon Bid to Overturn Union Victory Rejected by US Official,0.88,0.116,0.8,0.084
2,Starbucks names departing Reckitt Benckiser chief as next CEO,0.805,0.065,0.935,0.0
3,Starbucks Names a New CEO to Succeed Schultz,0.0,0.0,1.0,0.0
4,"Stocks moving after hours: Lululemon, Starbucks, Broadcom",0.959,0.075,0.921,0.005
5,Apple Employees in Oklahoma City Petition to Unionize Store,0.993,0.104,0.871,0.025
6,Starbucks names CEO to replace Howard Schultz,0.612,0.053,0.947,0.0
7,Starbucks names Laxman Narasimhan as new CEO starting in April,0.706,0.066,0.934,0.0
8,Starbucks names Laxman Narasimhan its new CEO: report,0.0,0.0,1.0,0.0
9,UPDATE 5-Starbucks taps head of Lysol maker Reckitt as its new CEO,0.992,0.104,0.886,0.011
10,3 Best Momentum Stocks to Buy for September,0.998,0.114,0.861,0.025
11,Starbucks (SBUX) Down 3.7% Since Last Earnings Report: Can It Rebound?,0.998,0.099,0.859,0.041
12,3 Hot Stocks for Coffee Lovers to Consider,0.572,0.198,0.802,0.0
