﻿,Titles,Polarity,Positive,Neutral,Negative
0,Starbucks board member steps down to become Foot Locker's CEO,0.202,0.083,0.917,0.0
1,Starbuck’s Pumpkin Latte Goes on Sale Today. What It Means for the Stock.,-0.052,0.169,0.69,0.141
2,"Why stop at pumpkin spice lattes? Starbucks, Panera Bread push autumn menus with apple, cinnamon crunch flavors",0.0,0.0,1.0,0.0
3,New Study on Health Benefits of Tea Drinking Shines Light on Beverage Stocks,0.846,0.081,0.852,0.068
4,"Starbucks brings back pumpkin spice to fall drinks, bakery items",0.998,0.128,0.831,0.041
5,Starbucks’ Pumpkin Spice Latte is back — and there’s an Apple Crisp Oatmilk Macchiato too,0.0,0.0,1.0,0.0
6,It’s That Time Again: Starbucks Rolls Out Pumpkin Spice Everything,0.0,0.0,1.0,0.0
7,The New Interest Rate Outlook Could Drag Markets South for September,0.557,0.173,0.827,0.0
8,The Best Kinds of Investments During Times of Uncertainty,0.477,0.086,0.855,0.059
9,"The Bitter Fight For Unions at Starbucks, One Year Later",0.967,0.065,0.886,0.049
