﻿,Titles,Polarity,Positive,Neutral,Negative
0,SCOTUS abortion ruling: Employers expand mental health benefits for workers following decision,0.382,0.069,0.931,0.0
1,Why Netflix and others affirmed support for transgender workers after Roe fell,0.996,0.119,0.829,0.052
2,The Best Stocks to Buy With $100 Right Now,0.884,0.176,0.756,0.068
3,"Microsoft, Netflix offer LGBTQ care in addition to abortion travel benefits",0.923,0.417,0.583,0.0
4,There Are Reasons To Feel Uneasy About Starbucks' (NASDAQ:SBUX) Returns On Capital,0.995,0.128,0.85,0.023
