﻿,Titles,Polarity,Positive,Neutral,Negative
0,Starbucks employees in Seattle join growing push to unionize,0.0,0.0,1.0,0.0
1,Loyalty points as currency? How Mastercard sees the next decade of payment technology,-0.103,0.0,0.951,0.049
2,Starbucks Shop in Coffee Giant’s Hometown Joins Union Effort,0.964,0.089,0.879,0.032
3,Starbucks sees consumers ringing up $3B worth of holiday gift cards,0.998,0.178,0.815,0.007
4,Starbucks Gift Cards: A Christmas Present for Its Bottom Line,0.993,0.352,0.638,0.009
