﻿,Titles,Polarity,Positive,Neutral,Negative
0,"Uber, Boeing, Warner Bros. Discovery: Stocks That Defined the Week",0.25,0.085,0.842,0.073
1,Fast-Casual vs. Fast-Food: What's the Difference?,0.202,0.07,0.93,0.0
2,5 things we’ve learned from earnings season so far: How big an impact is inflation having?,-0.894,0.0,0.654,0.346
3,Should workers get time off when a pet dies?,0.473,0.129,0.824,0.047
4,Inflation is impacting consumers very differently: ‘A little bit of a tale of two cities’,0.202,0.096,0.904,0.0
5,The macro storm is impacting consumers very differently: ‘A little bit of a tale of two cities’,0.202,0.096,0.904,0.0
