﻿,Titles,Polarity,Positive,Neutral,Negative
0,What’s driving the nationwide push for labor unionization,0.66,0.184,0.816,0.0
1,"Unions’ push at Amazon, Apple and Starbucks could be ‘most significant moment in the American labor movement’ in decades",0.178,0.102,0.898,0.0
2,Tensions escalate between Starbucks and union behind labor drive amid vote recount,0.987,0.106,0.829,0.065
3,Starbucks employees at another St. Louis-area location to file for union vote,0.178,0.069,0.931,0.0
4,Union efforts are on the rise. Here's what businesses need to know.,0.178,0.055,0.945,0.0
5,"Starbucks eyes changes to mobile app, drive-thrus, taps ex-McDonald's exec",0.966,0.072,0.912,0.016
6,"Starbucks eyes changes to mobile app, drive-thrus, taps ex-McDonald's exec",0.966,0.071,0.913,0.016
7,"Down 35%, This Dividend Stock Has an Ace In the Hole for Growing Its International Business",-0.477,0.067,0.812,0.121
8,Starbucks Has Less International Exposure Than You May Think,0.459,0.083,0.917,0.0
9,3 Dirt-Cheap Dividend Stocks That Are Passive Income Machines,0.568,0.092,0.882,0.026
10,Starbucks Is Having an Identity Crisis. Can Howard Schultz Fix It?,0.0,0.0,1.0,0.0
11,3 Reasons to Buy This Dirt-Cheap Dividend Stock and Hold It Forever,0.494,0.129,0.799,0.072
12,"'The greatest risk to Starbucks at this point,' according to BTIG’s Peter Saleh",-0.864,0.074,0.839,0.088
13,"1 Growth Stock, 1 Dividend Stock, and 1 Cryptocurrency to Buy Now",0.7,0.134,0.833,0.033
14,Is It Time to Buy This Beaten-Down Growth Stock?,0.0,0.0,1.0,0.0
15,Starbucks workers at flagship Seattle roastery vote to unionize,0.103,0.057,0.943,0.0
