﻿,Titles,Polarity,Positive,Neutral,Negative
0,How Are ETFs Reacting to Starbucks' Q4 Earnings Results?,0.996,0.111,0.866,0.024
1,Starbucks workers in Buffalo to vote on union ,0.422,0.128,0.872,0.0
2,Was The Smart Money Right About Intuit Inc. (INTU)?,0.999,0.11,0.872,0.018
3,Why Starbucks Shares Are Rising,0.402,0.065,0.886,0.049
4,"Money20/20 Special: DriveWealth CIO Talks Post-Pandemic Visions, Expansion",0.995,0.133,0.856,0.011
5,Kuwaiti Conglomerate Explores Stake Sale in Starbucks Franchise,0.807,0.059,0.901,0.04
6,American Airlines reveals what we all know about America's labor shortage: Morning Brief,0.994,0.088,0.851,0.061
7,Starbucks (NASDAQ:SBUX) Is now Trading at a Reasonable Price Relative to Growth Forecasts,0.998,0.135,0.819,0.045
8,Were Hedge Funds Right About The Charles Schwab Corporation (SCHW)?,0.999,0.112,0.874,0.015
9,"Was The Smart Money Right About Lowe’s Companies, Inc. (LOW)?",0.995,0.084,0.885,0.031
10,Were Hedge Funds Right About Starbucks Corporation (SBUX)?,0.997,0.087,0.899,0.015
