﻿,Titles,Polarity,Positive,Neutral,Negative
0,Is American Express Company (AXP) Going to Burn These Hedge Funds?,0.996,0.093,0.888,0.019
1,Starbucks Loses Appeal in Union Vote Process,0.226,0.106,0.894,0.0
2,Hedge Funds Are Selling Starbucks Corporation (SBUX),0.997,0.095,0.886,0.019
3,The Charles Schwab Corporation (SCHW) Fell Out Of Favor With Hedge Funds,0.993,0.084,0.896,0.02
4,"Cramer's Mad Money Recap 12/7: Apple, Starbucks",-0.557,0.09,0.77,0.14
5,Starbucks Bid to Halt Union Vote Count Is Rejected by Labor Board,0.944,0.069,0.895,0.036
6,UPDATE 1-Starbucks loses bid to delay union vote count in 3 NY stores,0.478,0.083,0.832,0.086
7,Starbucks loses bid to delay union vote count in 3 NY stores,0.478,0.086,0.826,0.089
8,Here is What Hedge Funds Think About Bristol Myers Squibb Company (BMY),0.997,0.088,0.894,0.017
9,New Strong Sell Stocks for December 7th,0.987,0.141,0.859,0.0
10,"Starbucks faces near-term pressure, but analysts say long-term prospects will get help from billion-dollar worker investment",0.296,0.072,0.871,0.057
11,Starbucks Stock Percolates on MKM Partners Upgrade to Buy,0.296,0.104,0.896,0.0
