﻿,Titles,Polarity,Positive,Neutral,Negative
0,"Royal Caribbean, Starbucks, Tyson Foods: Stocks That Defined the Week",0.0,0.0,1.0,0.0
1,Starbucks Union Vote in Buffalo Energizes Labor Leaders,0.402,0.119,0.881,0.0
2,Starbucks shift supervisor explains why workers are increasingly seeking unionization,0.178,0.086,0.914,0.0
3,"Starbucks location unionizes, Getty Images to go public, Google not adjusting wages for inflation",0.637,0.038,0.937,0.025
4,Company Insiders Are Back in Buying Mode—Even Tesla’s Elon Musk,-0.565,0.039,0.858,0.103
