﻿,Titles,Polarity,Positive,Neutral,Negative
0,Starbucks accuses U.S. union of intimidating workers,-0.966,0.106,0.73,0.164
1,Starbucks (SBUX) Dips More Than Broader Markets: What You Should Know,0.989,0.091,0.891,0.018
2,Starbucks Says It Filed Complaints Against Union With NLRB,-0.995,0.055,0.76,0.185
3,Starbucks files first unfair labor practice charges against union backing baristas,-0.994,0.058,0.795,0.147
4,Disney Theme Park Guests Can't Get This Popular Treat Right Now,0.542,0.088,0.855,0.057
5,Read Why BTIG Slashed Starbucks Price Target By 15%,0.972,0.137,0.826,0.037
6,Apple Faces New In-Store Labor Drive as Union Amps Up Pressure,0.982,0.091,0.86,0.049
7,"Few Starbucks customers will stop visiting if union efforts fail, analyst survey shows",-0.329,0.025,0.912,0.064
