﻿,Titles,Polarity,Positive,Neutral,Negative
0,"Coyle Financial Counsel LLC Buys Vanguard Total Stock Market ETF, The Home Depot Inc, Starbucks ...",0.995,0.09,0.903,0.006
1,"Waverton Investment Management Ltd Buys Alphabet Inc, Qualcomm Inc, Thermo Fisher Scientific ...",0.993,0.054,0.946,0.0
2,"Private Wealth Partners, LLC Buys Johnson &amp; Johnson, Morgan Stanley, AbbVie Inc, Sells ...",0.999,0.135,0.859,0.006
3,"Mine &amp; Arao Wealth Creation &amp; Management, LLC. ...",1.0,0.152,0.845,0.003
4,"Truefg, Llc Buys Starbucks Corp, Sells Upstart Holdings Inc",0.981,0.112,0.874,0.013
5,Starbucks' Answer to Rising Costs Is a Focus on International Markets,0.0,0.0,1.0,0.0
6,Why Oatly Tumbled Another 11% in January,0.918,0.15,0.812,0.038
