﻿,Titles,Polarity,Positive,Neutral,Negative
0,"Twitter, Starbucks, Walmart: Stocks That Defined the Week",0.296,0.167,0.833,0.0
1,Starbucks Firings Deemed Illegal by Labor Board Officials,-0.995,0.066,0.791,0.143
2,Starbucks Hires New Strategy Chief as More Baristas Unionize,0.026,0.042,0.958,0.0
3,Schultz’s Early Moves at Starbucks Suggest Deeper Changes Coming,0.951,0.061,0.897,0.043
4,Starbucks: Howard Schultz’ End Game,0.97,0.062,0.902,0.036
5,3 Nasdaq 100 Stocks to Buy Hand Over Fist in April,0.0,0.0,1.0,0.0
6,Starbucks baristas are oppressed by TikTok Frappuccinos,0.649,0.122,0.838,0.04
7,Top lawyer for Starbucks departs as Howard Schultz returns as CEO,0.0,0.0,1.0,0.0
