﻿,Titles,Polarity,Positive,Neutral,Negative
0,"Dunkin' Has New Drinks, a New Donut (Watch Out, Starbucks)",0.178,0.09,0.841,0.069
1,Why tech giants like Meta change their names,0.361,0.085,0.915,0.0
2,These are the new rules for investors who want to buy marijuana stocks,0.202,0.091,0.831,0.078
3,"Dunkin' Drops its Spring Collection (Watch Out, Starbucks)",0.178,0.092,0.839,0.07
4,Starbucks (SBUX) to Post Q2 Earnings: What's in the Offing?,0.998,0.15,0.83,0.019
5,Is Portillo's America's Next Great Restaurant Stock?,-0.137,0.045,0.887,0.067
