﻿,Titles,Polarity,Positive,Neutral,Negative
0,7 Blue-Chip Stocks to Buy for April 2022,1.0,0.148,0.83,0.022
1,Amazon Union Win in NYC Holds Potential to Spread Far and Wide,0.995,0.124,0.808,0.068
2,A second group of St. Louis-area Starbucks workers seek to join union,0.0,0.0,1.0,0.0
3,A New Oil Boom Amid Energy’s Changing Landscape,0.999,0.138,0.82,0.041
4,Amazon NYC workers win first US union in company's history,0.993,0.106,0.847,0.048
5,Amazon NYC Warehouse Workers Support Union in Historic Labor Win,-0.932,0.093,0.807,0.1
6,Amazon Nears First Ever Union as Historic Votes Are Counted,0.949,0.07,0.898,0.032
7,"Earnings Roundup: GameStop, FedEx, Williams-Sonoma, and More",0.178,0.091,0.909,0.0
8,7 Reddit Stocks to Buy for April,0.993,0.076,0.898,0.026
9,"What do Starbucks, Tesla, and John Deere have in common? They’ve used A.I. to reinvent their businesses",0.999,0.136,0.842,0.021
