﻿,Titles,Polarity,Positive,Neutral,Negative
0,McDonald's Is Exiting Russia. Will Other Restaurants Follow?,0.494,0.219,0.781,0.0
1,Starbucks and Taco Bell hope to turn NFTs into the new loyalty points,0.844,0.108,0.892,0.0
2,10 Undervalued Non-Tech Stocks to Buy in 2022,0.998,0.088,0.874,0.038
3,Starbucks Grows Comps 12% in the U.S.,0.891,0.154,0.823,0.023
4,27 Million Reasons to Like Starbucks Stock,0.952,0.332,0.593,0.075
5,Starbucks CEO Howard Schultz Orders a Double Shot of the Stock,-0.103,0.088,0.817,0.096
