﻿,Titles,Polarity,Positive,Neutral,Negative
0,Is AZN Stock A Buy or Sell?,0.998,0.106,0.874,0.021
1,"Ackman says capitalism is 'the most powerful potential source' for solving society's problems, touts ESG investing",0.997,0.135,0.815,0.05
2,"Ackman says capitalism is 'the most powerful potential source' for solving society's problems, touts ESG investing",0.997,0.135,0.815,0.05
3,Chamath Palihapitiya Has Invested in 14 Different SPACs and PIPEs -- Which Are the Best Buys Now?,0.82,0.102,0.898,0.0
4,Chamath Palihapitiya Has Invested in 14 Different SPACs and PIPEs -- Which Are the Best Buys Now?,0.82,0.102,0.898,0.0
