﻿,Titles,Polarity,Positive,Neutral,Negative
0,Starbucks (SBUX) Stock Moves -0.52%: What You Should Know,0.992,0.104,0.875,0.02
1,10 Blue Chip Stocks to Buy According to Billionaire Steve Cohen,1.0,0.129,0.861,0.011
2,Coffee Giant Starbucks Stock Sees Relative Strength Rating Jump To 84,0.494,0.158,0.842,0.0
3,Starbucks' Ambitious Plans Trigger 9% Price Target Hike By This Analyst,0.995,0.203,0.76,0.037
4,"After All These Years, Starbucks Still Creates a Buzz",0.318,0.126,0.874,0.0
5,"Company News for Sep 15, 2022",0.981,0.23,0.733,0.038
6,10 Stocks to Buy According to Peter Simmie’s Bristol Gate Capital Partners,1.0,0.123,0.873,0.004
7,Starbucks (SBUX) Stock Jumps 5.5%: Will It Continue to Soar?,0.993,0.142,0.834,0.024
