﻿,Titles,Polarity,Positive,Neutral,Negative
0,"Starbucks Names COO, Reversing Earlier Plan to Leave Role Vacant",0.974,0.108,0.886,0.006
1,Starbucks Announces Leadership Promotions to Drive Continued Purpose-Driven Growth,0.996,0.127,0.868,0.004
2,"Here is What Hedge Funds Think About Lowe’s Companies, Inc. (LOW)",0.997,0.098,0.865,0.036
3,"Here is What Hedge Funds Think About Lowe’s Companies, Inc. (LOW)",0.997,0.098,0.865,0.036
4,Should I Avoid Starbucks Corporation (SBUX)?,0.998,0.104,0.877,0.019
5,Reopening Trade: 2 Growth Stocks to Buy,0.572,0.081,0.919,0.0
6,"2 Stocks That Turned $10,000 Into Millions",0.885,0.173,0.827,0.0
