﻿,Titles,Polarity,Positive,Neutral,Negative
0,"Starbucks Plans Barista Raises, Says Unionized Cafes Will Need to Bargain",-0.103,0.12,0.694,0.185
1,"UPDATE 1-White House to host union organizers at Amazon, Starbucks",0.936,0.1,0.844,0.056
2,"Markets Higher Ahead of the Fed; Q1 Beats for AMD, ABNB &amp; More",0.999,0.141,0.827,0.031
3,"Starbucks Shares Rise as U.S. Sales Offset Inflation, China Woes",0.962,0.071,0.893,0.037
4,Starbucks (SBUX) Q2 Earnings Lag Estimates,0.994,0.088,0.9,0.011
5,Starbucks Commits $1 Billion in Fiscal Year 2022 Investments to Uplift Starbucks Partners (employees) and the Store Experience,0.999,0.12,0.859,0.021
6,White House to host meeting with key Amazon union organizer -official,0.856,0.099,0.901,0.0
7,"Starbucks earnings: ‘The health of the Chinese business is undeniable,’ analyst says",0.999,0.123,0.862,0.015
8,Starbucks announces $1 billion investment in US employees as unionization efforts spread,0.939,0.066,0.897,0.036
9,Starbucks adding more drive-throughs to boost North American business,0.0,0.0,1.0,0.0
10,Starbucks stock moving higher after meeting earnings expectations,0.983,0.114,0.873,0.013
11,"Starbucks misses sales estimates on China COVID curbs, suspends guidance",0.976,0.072,0.899,0.029
12,Starbucks Reports Q2 Fiscal 2022 Results,0.999,0.073,0.903,0.024
13,Dow Futures Lift Ahead of Fed Rate Decision,0.981,0.094,0.868,0.037
14,"Starbucks Q2 earnings in line with expectations, US comparable sales jump 12%",0.965,0.067,0.889,0.045
15,5 Must-Watch Earnings Charts This Week,0.998,0.172,0.79,0.039
16,Amazon Union Gets Split Decision in NYC,0.178,0.082,0.918,0.0
17,Two Jacksonville Starbucks are one week away from unionization vote,0.422,0.053,0.947,0.0
18,"Fed Meeting Starts, RBA Hikes, JOLTS, AMD Earnings - What's Moving Markets",0.973,0.086,0.857,0.058
19,"U.S. Black Farmers Lost Billions in Land Value, Study Shows",0.796,0.085,0.853,0.062
