﻿,Titles,Polarity,Positive,Neutral,Negative
0,Starbucks (SBUX) Dips More Than Broader Markets: What You Should Know,0.991,0.098,0.89,0.012
1,"Apple CEO speaks out on antitrust regulation, Shiba Inu soars, Starbucks shares under pressure",-0.296,0.0,0.929,0.071
2,Citi Changes Its Order. Why Analyst Says SBUX Stock Is No Longer a Buy.,-0.578,0.056,0.884,0.06
3,Starbucks CEO Howard Schultz Takes Careful Anti-Union Stand,0.382,0.133,0.867,0.0
4,Starbucks stock downgraded by Citi as Howard Schultz begins as CEO,0.636,0.044,0.92,0.037
5,"Stocks Mixed, Inflation Surge, Veru, Cisco And Starbucks - 5 Things You Must Know",0.818,0.225,0.732,0.042
6,"CarMax, Cisco, Starbucks Fall Premarket; CrowdStrike Rises",0.332,0.067,0.871,0.063
