﻿,Titles,Polarity,Positive,Neutral,Negative
0,Why Starbucks Stock Tasted Sour on Tuesday,0.494,0.071,0.929,0.0
1,UPDATE 1-Starbucks general counsel to leave as Schultz returns as CEO,0.866,0.092,0.882,0.026
2,Starbucks general counsel to leave as Schultz returns as CEO,0.818,0.085,0.887,0.028
3,Wall Street Just Rained on These 2 Nasdaq Stocks' Parades,0.767,0.124,0.821,0.055
4,10 Dividend Growth Stocks Popular on Robinhood,1.0,0.144,0.828,0.028
5,Employees at two additional St. Louis-area Starbucks file for unionization,0.296,0.095,0.905,0.0
6,"Starbucks downgraded after returning CEO Schultz halts share buybacks, but focus on workers amid unionizing efforts gets support",0.296,0.091,0.909,0.0
7,Amazon Executive Who Led ‘Earth’s Best Employer’ Push Is Leaving,0.982,0.112,0.852,0.037
8,"Company News for Apr 5, 2022",0.989,0.24,0.737,0.023
9,Starbucks Is Charting a New Course. But the Stock Still Got Downgraded.,0.296,0.115,0.885,0.0
10,Starbucks baristas react to 'threat of unionization' comments from interim CEO Schultz,0.977,0.09,0.856,0.053
11,Is Starbucks a Buy or Sell After Suspending Its Share Repurchase Program?,-0.599,0.0,0.92,0.08
12,Starbucks Radioactive after CEO Suspends Buybacks,0.643,0.115,0.781,0.103
13,"Starbucks Stock Extends Slide As Wedbush, BMO Lower Price Targets On Buyback Suspension",-0.226,0.091,0.782,0.128
14,"Stocks of the Week: Twitter, Starbucks, BlackBerry",-0.226,0.091,0.79,0.119
15,Starbucks suspends buybacks as Howard Schultz returns as chief,0.796,0.096,0.883,0.021
