﻿,Titles,Polarity,Positive,Neutral,Negative
0,"Starbucks' Pumpkin Spice Latte returns to the menu as Dunkin', Panera unveil fall items",0.0,0.0,1.0,0.0
1,Pumpkin spice lattes heading back to the Starbucks menu on Tuesday,0.361,0.027,0.973,0.0
2,"Starbucks' Pumpkin Spice Latte returns to the menu as Dunkin', Panera unveil fall items",0.98,0.056,0.941,0.003
3,Starbucks Pumpkin Spice Latte Returns Early to the Fall Menu,0.0,0.0,1.0,0.0
4,"Have $5,000 to Invest for the Next 10 Years? 2 Surefire Stocks to Consider",0.917,0.204,0.796,0.0
5,How to Invest in Starbucks for Less Than the Cost of a Cup of Coffee,0.525,0.145,0.855,0.0
