﻿,Titles,Polarity,Positive,Neutral,Negative
0,Starbucks (SBUX) Dips More Than Broader Markets: What You Should Know,0.986,0.094,0.874,0.032
1,Starbucks Tries a New Drink Line: Can It Take Down a Monster?,0.361,0.171,0.829,0.0
2,"Why Starbucks, big food chains are favored by Wall Street after sell-off",0.997,0.167,0.807,0.026
3,"Starbucks introduces line of ready-to-drink energy beverages, will launch drinks with oatmilk",0.844,0.151,0.849,0.0
4,Two more Seattle Starbucks stores file for union elections,0.0,0.0,1.0,0.0
