﻿,Titles,Polarity,Positive,Neutral,Negative
0,Starbucks Wants to Ditch Those Disposable Cups for Good,0.0,0.0,1.0,0.0
1,"Starbucks Retaliated Against Pro-Union Staff, NLRB Alleges",-0.99,0.021,0.871,0.108
2,"Starbucks to phase out iconic cups, AMC rises after buying major Hycroft stake, Incannex rallies",0.0,0.0,1.0,0.0
3,Why Starbucks Stock Jumped on Tuesday,-0.34,0.068,0.823,0.109
4,Volvo Cars teams up with Starbucks for pilot EV charging network,0.572,0.038,0.94,0.021
5,S&amp;P 500 Rallies as Investors Pile Into Battered Tech Stocks Ahead of Fed Decision,0.97,0.101,0.854,0.045
6,American companies 'can't do much' if Russia seizes their assets,0.11,0.05,0.909,0.041
7,Starbucks Plans to Phase Out a Crucial Menu Item,0.296,0.041,0.959,0.0
8,S&amp;P 500 in Rally Mode as Tech Finds Strength Ahead of Fed Meeting,0.971,0.107,0.846,0.047
9,Here’s how a greener Starbucks will reward you for reusing your cup,0.0,0.0,1.0,0.0
