﻿,Titles,Polarity,Positive,Neutral,Negative
0,"McDonald's sales rebound to pre-COVID levels in Q1, earnings top Wall Street estimates",0.991,0.083,0.888,0.029
1,Starbucks CEO: Vaccines and the 'great human reconnection' create a 2- to 3-year tailwind,0.987,0.087,0.889,0.024
2,"Starbucks sales recover in the U.S., company raises guidance",1.0,0.169,0.823,0.008
3,"Starbucks (SBUX) Q2 Earnings Beat Estimates, Revenues Miss",0.998,0.09,0.899,0.011
4,Starbucks Stock Slips on Mixed Earnings. The Pandemic Keeps Hitting Sales.,-0.153,0.114,0.748,0.138
5,"Mattel, Alarm.com, Google, Microsoft and Starbucks highlighted as Zacks Bull and Bear of the Day",1.0,0.118,0.849,0.033
6,"Mattel, Alarm.com, Google, Microsoft and Starbucks highlighted as Zacks Bull and Bear of the Day",1.0,0.118,0.849,0.033
7,"Starbucks Cools off After Revenue Misses, China Competition Heats Up",-0.329,0.055,0.88,0.064
8,"Starbucks Eases After Revenue Lags, but Analysts Stay Bullish",0.459,0.203,0.731,0.066
9,Starbucks Reports Mixed Results In 2Q,0.994,0.146,0.818,0.036
10,"Starbucks Shares Fall After it Misses Revenue Estimates, But Analysts Optimistic on Outlook",0.972,0.067,0.9,0.033
11,Starbucks Corp (SBUX) Q2 2021 Earnings Call Transcript,0.0,0.0,1.0,0.0
12,Starbucks Falls After Hours on Q2 Results,0.402,0.153,0.767,0.079
