﻿,Titles,Polarity,Positive,Neutral,Negative
0,Starbucks to Launch NFT-Based Membership Community in Big Web 3 Play,0.878,0.395,0.605,0.0
1,U.S. Labor Board Accuses Starbucks of Retaliatory Firings,-0.987,0.044,0.846,0.11
2,"Marriott, Twitter, Peloton: Stocks That Defined the Week",0.0,0.0,1.0,0.0
3,UPDATE 2-Starbucks asks White House for equal time after Biden saw union leaders,0.986,0.106,0.887,0.007
4,Starbucks asks White House for equal time after Biden saw union leaders,0.986,0.109,0.884,0.007
5,U.S. Labor Secretary to Starbucks CEO Howard Schultz: Do better,0.986,0.11,0.835,0.054
6,Looking for Passive Income? Buy This Dirt-Cheap Dividend Superstar,0.557,0.115,0.885,0.0
7,Santa Cruz could soon have the first unionized Starbucks stores in California. This member of Gen Z is helping lead the charge.,0.896,0.351,0.612,0.037
8,"From Starbucks to Target, Triangle's small towns becoming amenity rich",-0.296,0.0,0.913,0.087
