﻿,Titles,Polarity,Positive,Neutral,Negative
0,Starbucks (SBUX) Gains But Lags Market: What You Should Know,0.989,0.098,0.883,0.019
1,"Earnings to watch: Pinterest, Uber, Starbucks, Square",0.0,0.0,1.0,0.0
2,Why Are Gas Prices So High?,0.811,0.105,0.8,0.095
3,“Everyone Needs to Eat Everyday”: 10 Defensive Restaurant Stocks to Buy Amid Recession Fears,0.999,0.106,0.864,0.03
4,Coffee shop sales volume still below pre-pandemic levels,0.0,0.0,1.0,0.0
5,Royal Caribbean Makes a Drink Package Change Customers Will Love,0.863,0.178,0.822,0.0
6,Starbucks (SBUX) to Post Q3 Earnings: What to Expect?,0.998,0.136,0.843,0.022
