﻿,Titles,Polarity,Positive,Neutral,Negative
0,The Perpetual Money Machine Strategy,0.999,0.097,0.883,0.02
1,We Tried Starbucks' Chocolate Cream Cold Brew,0.153,0.054,0.903,0.043
2,Why Is Everyone Talking About Non-Dairy Milk?,0.832,0.135,0.838,0.027
3,Inflation Proves a Challenge for Dutch Bros,0.71,0.094,0.883,0.023
4,Shake Shack Takes a Play Out of the Starbucks Playbook,-0.077,0.0,0.982,0.018
5,Mastercard Begins Facial-Recognition Rollout With Retailers,0.255,0.07,0.861,0.07
6,3 Dividend Stocks to Buy on Sale,-0.056,0.138,0.715,0.147
7,High Point unanimously rejects plan for Publix,-0.402,0.0,0.932,0.068
8,"JD.com Revenue Jumps, Defying China Lockdown Hit to Spending",0.769,0.077,0.866,0.057
9,Got $300? 3 Absolute Bargains Just Begging to Be Bought,0.727,0.145,0.806,0.049
