﻿,Titles,Polarity,Positive,Neutral,Negative
0,Starbucks Workers Vote to Form Union at Arizona Cafe,0.273,0.095,0.905,0.0
1,UPDATE 1-Workers at an Arizona cafe Starbucks win union drive,0.71,0.099,0.82,0.081
2,Workers at an Arizona cafe Starbucks win union drive,0.71,0.101,0.816,0.083
3,Workers at an Arizona Starbucks cafe win union drive,0.98,0.114,0.837,0.049
4,"Starbucks Union Wins Vote in Arizona, Expanding Labor Foothold",-0.685,0.057,0.874,0.068
5,Why grocery curbside pickup will outlast delivery,0.0,0.0,1.0,0.0
6,Russian Troops Advance on Kyiv; Talks Are on the Table,0.422,0.113,0.887,0.0
