﻿,Titles,Polarity,Positive,Neutral,Negative
0,Starbucks (SBUX) Stock Sinks As Market Gains: What You Should Know,0.993,0.107,0.884,0.009
1,Starbucks (SBUX) Stock Sinks As Market Gains: What You Should Know,0.993,0.107,0.884,0.009
2,Starbucks teams with Chance the Rapper for TikTok challenge,0.758,0.103,0.897,0.0
3,Starbucks teams with Chance the Rapper for TikTok challenge,0.758,0.103,0.897,0.0
4,"McDonalds, fast food giants slow to embrace indoor dining as restaurants boom",0.995,0.076,0.902,0.022
5,Stretched global supply chain means shortages on summer menus,0.731,0.04,0.922,0.038
6,Stretched global supply chain means shortages on summer menus,0.731,0.04,0.922,0.038
