﻿,Titles,Polarity,Positive,Neutral,Negative
0,"Starbucks’s Schultz, Back as CEO, Prioritizes Baristas Over Stock Price",0.402,0.124,0.876,0.0
1,"The Dow Edged Higher, Twitter Popped—and What Else Happened in the Stock Market Today",0.0,0.0,1.0,0.0
2,Indexes Start Another Week in the Green,0.993,0.14,0.826,0.034
3,"US STOCKS-Tech, megacap growth shares boost Wall St; Twitter surges",0.599,0.079,0.859,0.062
4,"Starbucks stock falls after halting share buyback program, Hertz adding fleet of Polestar vehicles",0.0,0.0,1.0,0.0
5,"US STOCKS-S&amp;P 500 rises on megacap stock boost, Twitter surge",0.459,0.079,0.86,0.061
6,These 10 Stocks are Making Headlines Today,0.985,0.054,0.936,0.01
7,Why Starbucks Disappointed While Okta Led the Nasdaq Higher,0.025,0.097,0.807,0.096
8,Why Starbucks Stock Was Falling Today,0.273,0.101,0.853,0.046
9,"The Dow Is Edging Higher, Twitter Is Popping—and What Else Is Happening in the Stock Market Today",0.0,0.0,1.0,0.0
10,Stock Market Today: Dow Ends Higher as Twitter Surge Keeps Tech in Vogue,0.033,0.073,0.856,0.071
11,S&amp;P 500 Advances as Twitter Leads Tech Higher,0.753,0.083,0.851,0.067
12,Pro-union votes at Amazon and Starbucks are wins for unconventional organizing — will they also revive the labor movement?,0.945,0.181,0.757,0.063
13,Why Starbucks Stock Is Down By 5% Today,0.955,0.099,0.834,0.067
14,Why Starbucks Went Cold Turkey on Buybacks,-0.382,0.0,0.753,0.247
15,What to expect from Starbucks interim CEO Howard Schultz,0.0,0.0,1.0,0.0
16,"US STOCKS-Nasdaq, S&amp;P 500 climb as growth stocks, Twitter jump",0.938,0.084,0.857,0.059
17,Stock Market Mainly Higher As Twitter Soars On Elon Musk's Blockbuster News,0.625,0.175,0.825,0.0
18,"The Dow Is Loafing, Twitter Is Popping—and What Else Is Happening in the Stock Market Today",-0.494,0.064,0.789,0.147
19,What interim Starbucks CEO Howard Schultz faces on the first day back on the job,0.99,0.067,0.897,0.036
20,Starbucks Slumps Lower As CEO Howard Schultz Suspends Buybacks,0.44,0.127,0.873,0.0
21,Howard Schultz suspends buybacks as he returns to Starbucks,0.178,0.108,0.892,0.0
22,Starbucks interim CEO Howard Schultz halts stock buyback program,0.533,0.051,0.921,0.029
23,"UPDATE 2-Starbucks’ Schultz announces halt to stock buybacks, shares fall",0.987,0.088,0.912,0.0
24,Why Grab Holdings Plunged 39.2% in March,0.296,0.155,0.845,0.0
25,Starbucks Suspends Buyback To Focus On Investing In Operations; Schultz Takes Helm,0.972,0.143,0.825,0.032
26,Starbucks Suspends Stock Buybacks. It’s a Huge Moment for Workers and Corporate America.,0.402,0.144,0.856,0.0
27,"Dow Futures Rise, Oil Prices Steady, Twitter Stock Pops—and What Else Is Happening in the Stock Market Today",-0.494,0.064,0.789,0.147
28,Starbucks Stock Slips Lower As CEO Howard Schultz Suspends Buybacks,0.44,0.127,0.873,0.0
29,"Stocks Edge Higher, Week Ahead, Tesla, Starbucks And Amazon - Five Things You Must Know",0.422,0.123,0.83,0.047
30,Wall Street Opens Mixed; Twitter Surges on Musk Stake Buy; Dow Down 185 Pts,0.979,0.118,0.81,0.072
31,Is the stock market flashing a net bullish sign?: Morning Brief,0.993,0.072,0.89,0.038
32,Starbucks Halts Share Buyback on Day Howard Schultz Returns as CEO,0.477,0.204,0.796,0.0
33,Starbucks Falls as New CEO Schultz Suspends Buyback Plan,0.478,0.077,0.865,0.059
34,"Twitter, Tesla, Hertz Rise Premarket; JPMorgan, Starbucks Fall",-0.25,0.045,0.91,0.045
35,Starbucks to end stock buyback program as Schultz returns as CEO,0.727,0.15,0.793,0.057
36,Starbucks Founder Schultz Suspends Share Buybacks After Return,0.71,0.064,0.905,0.032
37,Starbucks’ Schultz announces halt to stock repurchasing program as he returns,0.962,0.08,0.911,0.008
38,Starbucks Founder Howard Schultz Takes the Helm as Starbucks Chief Executive Officer,0.997,0.173,0.809,0.018
39,"Howard Schultz Takes the Helm of Starbucks, Fresh Off Another Union Win",-0.64,0.0,0.793,0.207
