﻿,Titles,Polarity,Positive,Neutral,Negative
0,"Starbucks looks toward 'stability' with Schultz as interim CEO, analyst says",0.997,0.108,0.876,0.016
1,How many times can Howard Schultz be Starbucks’ CEO?,0.511,0.05,0.95,0.0
2,"Starbucks CEO latest exec to exit company, Alibaba stock rallies, casino stocks rise",0.0,0.0,1.0,0.0
3,Howard Schultz is coming back to Starbucks for the third time. Can anyone run that company besides him?,0.895,0.044,0.938,0.017
4,Interim Starbucks CEO Howard Schultz on labor unions,0.987,0.104,0.854,0.043
5,QUOTEBOX -Interim Starbucks CEO Howard Schultz on labor unions,0.987,0.103,0.854,0.042
6,Starbucks' Founder Schultz Resumes Leadership Role as Chain Faces Challenges,0.0,0.0,1.0,0.0
7,Starbucks interim CEO Howard Schultz will not stop the union movement: analyst,0.933,0.069,0.885,0.046
8,Starbucks Showcases Innovation for Growth and a More Connected and Sustainable Future at 2022 Annual Meeting of Shareholders,1.0,0.106,0.875,0.02
9,Starbucks’s Schultz Faces Poor Track Record for Boomerang CEOs,-0.607,0.058,0.882,0.06
10,"Oil Prices, Starbucks CEO, Walmart Hiring: 3 Things to Watch",0.352,0.053,0.906,0.042
11,"Starbucks CEO change: Kevin Johnson had a ‘successful tenure,’ analyst says",0.0,0.0,1.0,0.0
12,"Stock Market Holds Big Gains Ahead Of Fed Decision; Big Moves For Starbucks, Regeneron, UnitedHealth",0.959,0.427,0.573,0.0
13,"Starbucks analyst discusses union efforts, cup phase out, and CEO change at the coffee chain",0.477,0.103,0.897,0.0
14,Dozens of major shareholders push Starbucks on its handling of union activity as company faces labor board complaint,-0.128,0.057,0.87,0.074
15,"Stock Market Extends Rally Ahead Of Fed Decision; Big Moves For Starbucks, Costco, Chinese Stocks",0.856,0.294,0.706,0.0
16,Starbucks CEO to Retire; Founder Howard Schultz Returns as Interim CEO,-0.579,0.054,0.895,0.052
17,Billionaire Steve Cohen Is Selling These 10 Stocks,0.999,0.111,0.869,0.02
18,Starbucks CEO Kevin Johnson to retire,0.273,0.072,0.928,0.0
19,Howard Schultz returns to Starbucks as interim chief,0.579,0.05,0.932,0.017
20,Starbucks’ Schultz to return as CEO Johnson retires amid union battle,0.902,0.075,0.872,0.053
21,UPDATE 2-Starbucks’ Schultz to return as CEO Johnson retires amid union battle,0.914,0.077,0.871,0.052
22,Starbucks CEO Johnson to Retire; Founder Schultz to Serve as Interim Chief,0.0,0.0,1.0,0.0
23,Starbucks CEO stepping down with Howard Schultz returning on an interim basis and pay of $1,0.477,0.146,0.854,0.0
24,Starbucks Stock Surges As Howard Schultz Returns As Interim CEO; Kevin Johnson To Retire,0.0,0.0,1.0,0.0
25,Chipotle is testing a new robot to make tortillas,0.869,0.057,0.916,0.027
26,"Starbucks CEO Kevin Johnson announces retirement, Howard Schultz to return as interim CEO",0.993,0.094,0.891,0.015
27,Starbucks Announces Leadership Transition,0.998,0.099,0.877,0.024
28,Starbucks getting rid of disposable cups is not why this analyst upgraded the stock,-0.891,0.042,0.888,0.07
29,"Starbucks, Chinese ADRs Rise in Premarket; NortonLifeLock Falls",0.878,0.055,0.945,0.0
30,"Starbucks Gains as Former CEO Schultz to Return, JPMorgan Upgrades",0.808,0.066,0.889,0.046
31,NLRB contends Starbucks retaliated against pro-union workers,-0.178,0.065,0.831,0.104
