﻿,Titles,Polarity,Positive,Neutral,Negative
0,Wake town's boom goes next level: Starbucks is coming,0.0,0.0,1.0,0.0
1,10 Best Tech Stocks to Buy According to Noam Gottesman’s Man GLG,1.0,0.12,0.859,0.021
2,Customers Are Lining Up (Literally) For This Expanding Beverage Chain,-0.361,0.066,0.798,0.136
3,Starbucks Could Face Some Consumer Backlash In China: Baird,0.902,0.073,0.92,0.007
4,Starbucks Investors Dismiss Unionization Vote,-0.502,0.043,0.907,0.051
5,UPDATE 1-Starbucks shuts two China outlets after reports they used expired ingredients,-0.621,0.058,0.877,0.065
6,Starbucks shuts two China outlets after reports they used expired ingredients,-0.621,0.061,0.87,0.069
7,Starbucks plans food safety checks in China after expiry violations,-0.813,0.042,0.9,0.058
