﻿,Titles,Polarity,Positive,Neutral,Negative
0,We're Charged Up -- and on a Caffeine High -- Over This Stock,0.296,0.128,0.872,0.0
1,Lululemon Workers to Vote This Month on Unionizing D.C. Store,0.981,0.119,0.861,0.02
2,Why Starbucks Could Continue to Struggle in the Bear Market,0.0,0.0,1.0,0.0
3,10 European Stocks to Sell Before Recession Starts,0.999,0.11,0.85,0.04
4,"Starbucks, Volvo and ChargePoint announce locations for EV chargers along route from Denver to Seattle",0.998,0.102,0.885,0.014
5,"China's Luckin plans store expansion, remains committed to U.S. market",0.815,0.066,0.886,0.049
