﻿,Titles,Polarity,Positive,Neutral,Negative
0,The SPY Was Down Today. Here's Why.,0.984,0.118,0.856,0.026
1,Starbucks Is Perking Up With Trends 'Moving Strongly In The Right Direction',0.971,0.084,0.906,0.01
2,The 'great human reconnection' will bring customers back to Starbucks: CEO,1.0,0.166,0.811,0.023
3,"Thinking About Buying Stock In Carnival, Royal Caribbean, Pinduoduo Or Starbucks?",0.259,0.012,0.981,0.007
4,"The Zacks Analyst Blog Highlights: Google, Facebook, Home Depot, Starbucks and HSBC Holdings",0.999,0.154,0.824,0.022
5,Starbucks Gets Cowen Upgrade On Expectations Of Footfalls Reaching Pre-Pandemic Levels: What You Should Know,0.945,0.059,0.916,0.025
