﻿,Titles,Polarity,Positive,Neutral,Negative
0,Starbucks Workers at Buffalo-Area Store Vote in Favor of Unionizing,0.0,0.0,1.0,0.0
1,Starbucks Workers at One Store Vote to Unionize. What More Could Be in Store.,0.0,0.0,1.0,0.0
2,One Starbucks Location Votes to Unionize. Here’s What Could Be in Store.,0.0,0.0,1.0,0.0
3,"Starbucks workers at Buffalo store win union victory, the coffee giant's first",0.981,0.063,0.908,0.028
4,Buffalo store becomes first U.S. Starbucks to unionize,0.0,0.0,1.0,0.0
5,Starbucks Workers Vote to Unionize in Big Win for Labor,0.698,0.081,0.847,0.071
6,Starbucks workers in Buffalo vote to form first union in company history,0.971,0.08,0.888,0.032
7,"UPDATE 4-Starbucks workers deliver union a win, a loss, at two New York stores",0.98,0.103,0.849,0.048
8,"Starbucks workers deliver union a win, a loss, at two New York stores",0.98,0.106,0.844,0.05
9,Starbucks Says Report on Plant-Based Milk Upcharges Is False,-0.796,0.076,0.805,0.119
10,3 Reasons I Am Excited About Starbucks Stock,0.765,0.183,0.817,0.0
11,Starbucks Workers In Buffalo Vote To Unionize,0.778,0.327,0.673,0.0
12,Starbucks union drive spurred by barista burnout from mobile orders,0.993,0.107,0.838,0.055
13,FOCUS-Starbucks union drive spurred by barista burnout from mobile orders,0.993,0.107,0.838,0.055
14,Is HDFC Bank Limited (HDB) A Good Stock To Buy?,0.988,0.069,0.906,0.025
