﻿,Titles,Polarity,Positive,Neutral,Negative
0,Starbucks faces expansion of labor union drive beyond New York,0.984,0.117,0.883,0.0
1,Alibaba Shares Fall Over Disappointing Quarterly Revenue,0.956,0.116,0.834,0.05
2,Amazon and Starbucks partner on coffee shop with cashierless technology,0.178,0.075,0.925,0.0
3,Amazon and Starbucks team up for no-cashier cafe,0.178,0.091,0.909,0.0
4,Starbucks Unionizing Effort Expands to Arizona,0.623,0.053,0.905,0.042
5,Sweetgreen co-founder: Robots won't replace workers in restaurants,0.985,0.094,0.895,0.012
6,Why Amazon Stock Popped on Thursday,0.751,0.33,0.67,0.0
7,7 Stocks to Sell Before the ‘Great Resignation’ Hits Their Bottom Line,0.998,0.097,0.852,0.051
8,Starbucks and Amazon Go collaborate for the launch of a New York City store,0.586,0.221,0.736,0.043
9,Alibaba Outlook Disappoints After China’s Slowdown Hurt Sales,0.992,0.115,0.84,0.044
10,Starbucks links with Amazon Go for first cashier-less cafe,0.955,0.077,0.916,0.007
11,"Starbucks, Amazon team up to open cashier-less store, cafe in NYC",0.989,0.101,0.893,0.006
12,CORRECTED (OFFICIAL)-Starbucks links with Amazon Go for first cashier-less cafe,0.957,0.077,0.916,0.007
13,JD.com Sales Beat Estimates as Investments Start to Pay Off,0.977,0.104,0.856,0.04
