﻿,Titles,Polarity,Positive,Neutral,Negative
0,Starbucks is seeing oat milk shortages,0.864,0.072,0.867,0.061
1,Airbnb Customers Outraged Over Added Fees: What It Means for Hosts,-0.691,0.0,0.691,0.309
2,"G-7, Consumer Sentiment, Record Week: 3 Things to Watch",0.969,0.081,0.913,0.006
3,JBS Paid $11 Million Ransom After Cyberattack Shut Down Meat Plants,-0.652,0.013,0.918,0.069
4,JBS Paid $11 Million Ransom After Cyberattack Shut Down Meat Plants,-0.652,0.013,0.918,0.069
5,10 Most Anticipated IPOs in 2021 and 2022,0.997,0.062,0.919,0.019
6,10 Most Anticipated IPOs in 2021 and 2022,0.997,0.062,0.919,0.019
7,Starbucks faces shortages as coffee demand skyrockets,0.226,0.114,0.791,0.095
8,Dump Dogecoin and Buy These 3 Top Growth Stocks Instead,0.921,0.229,0.746,0.026
