﻿,Titles,Polarity,Positive,Neutral,Negative
0,Businesses like McDonald’s and Starbucks are cutting store hours because of the labor shortage and Omicron surge,0.938,0.075,0.868,0.057
1,What's in Store for CACI International's (CACI) Q2 Earnings?,0.997,0.124,0.876,0.0
2,"Five Things for Monday, including a Beast battle and a scrap flap",0.0,0.0,1.0,0.0
3,Notice any Portland Starbucks closures? Here's what the company says,-0.229,0.025,0.921,0.054
4,"Bond &amp; Devick Financial Network, Inc. ...",0.984,0.053,0.941,0.006
