﻿,Titles,Polarity,Positive,Neutral,Negative
0,Starbucks pumpkin spice latte returns Tuesday with higher price tag,0.998,0.154,0.815,0.031
1,Starbucks brings the Pumpkin Spice Latte back on Tuesday — plus an Apple Crisp Oatmilk Macchiato,0.0,0.0,1.0,0.0
2,Ray Dalio’s Bridgewater Associates Portfolio: Top 10 Dividend Stocks,0.999,0.098,0.894,0.008
3,Starbucks pumpkin spice latte and other seasonal drinks hit menus August 30,0.881,0.034,0.961,0.005
4,Here's Where You Can Find Your Favorite Fall Pumpkin Spice Treats,0.493,0.171,0.75,0.079
