﻿,Titles,Polarity,Positive,Neutral,Negative
0,"American Airlines, Nike, Starbucks: Stocks That Defined the Week",0.0,0.0,1.0,0.0
1,Seattle Starbucks worker on unionization: ‘This movement is not stopping’,0.997,0.104,0.866,0.03
2,Amazon Labor Union president: Starbucks 'domino effect' could aid union vote effort in NYC,0.178,0.086,0.914,0.0
3,"Got $5,000? 3 Stocks to Hold for the Next 20 Years",0.307,0.048,0.952,0.0
4,2 Growth Stocks You Can Buy Right Now With Less Than $100,0.878,0.185,0.815,0.0
5,"Starbucks, Netflix Ask If Fans Have Read Bridgerton Ahead of Season 2?",0.893,0.108,0.878,0.014
6,Starbucks Plans to Kick Single-Use Plastic by 2025 -- Here's How,-0.44,0.0,0.956,0.044
7,Starbucks' Future Growth Hinges on How We Work,0.743,0.097,0.875,0.028
8,Starbucks Stock Still Has Huge Opportunity for Growth,0.637,0.09,0.889,0.02
9,Is Starbucks a Buy With Howard Shultz Back in the Driver's Seat?,-0.863,0.039,0.765,0.195
10,McDonald's Makes a Green Menu Move (And It's Not the Shamrock Shake),-0.402,0.0,0.863,0.137
11,Starbucks' Surprising Most Popular Drink Is Driving Sales Growth,-0.178,0.058,0.863,0.079
12,Starbucks Rakes in $2.1 Billion in Reward Revenue,0.586,0.073,0.9,0.027
13,"Starbucks Leads McDonald's, Chipotle in Rewards Members -- With Room to Grow",0.883,0.17,0.799,0.03
14,Starbucks Boss Gets a Complicated Order,0.0,0.0,1.0,0.0
