﻿,Titles,Polarity,Positive,Neutral,Negative
0,US wages and China closures weigh on Starbucks earnings,-0.818,0.035,0.873,0.091
1,Starbucks (SBUX) Q3 Earnings Surpass Estimates,0.994,0.088,0.898,0.014
2,Starbucks is still ‘sensitive to consumer demands’ amid food price inflation: Analyst,0.382,0.088,0.912,0.0
3,"Starbucks’ Earnings Are Lifting the Stock, Even Without New Forecasts",0.0,0.0,1.0,0.0
4,Starbucks Shares Climb as Quarterly Sales Top Estimates on Higher Prices,-0.942,0.052,0.87,0.078
5,Starbucks Hit by Higher Costs for Wages and Supplies but U.S. Consumer Demand is Strong,0.606,0.135,0.766,0.099
6,7 Nasdaq Stocks to Buy and Hold Forever,0.999,0.121,0.867,0.012
7,Starbucks stock rises amid a third-quarter earnings beat,0.382,0.126,0.874,0.0
8,Starbucks earnings beat expectations despite continued weakness in China,0.44,0.132,0.868,0.0
9,UPDATE 1-Starbucks misses comparable sales estimates on China COVID curbs,0.914,0.08,0.894,0.026
10,Starbucks beats profit estimates despite hit to China business,0.934,0.072,0.912,0.016
11,Starbucks misses comparable sales estimates on China COVID curbs,0.796,0.071,0.894,0.035
12,Starbucks Reports Q3 Fiscal 2022 Results,0.999,0.079,0.899,0.022
13,Dow Futures Move Higher as Earnings Continue,-0.961,0.05,0.857,0.093
14,Checking in on Starbucks Ahead of Tuesday's Earnings,-0.007,0.058,0.853,0.089
15,Starbucks Wants To Remix Your Summer With These New Drinks,0.691,0.095,0.905,0.0
16,This Week's 5 Must-See Earnings Charts,0.995,0.133,0.819,0.048
17,Is McDonald's Stock a Buy Now?,0.622,0.138,0.862,0.0
18,Lollipops Hustle on Amazon Costs Family Candy Business Millions,0.993,0.104,0.828,0.068
19,Hints of 1982 have one strategist saying the bear market is over: Morning Brief,-0.865,0.05,0.887,0.063
20,Starbucks Shares Rise in After-Hours Trading Following Earnings,0.718,0.099,0.901,0.0
21,NLRB dismisses Starbucks’ charge against union organizers,-0.612,0.0,0.861,0.139
