﻿,Titles,Polarity,Positive,Neutral,Negative
0,"Starbucks Illegally Threatened Seattle Workers, Labor Board Claims",-0.989,0.06,0.814,0.126
1,The 7 Most Undervalued Long-Term Stocks to Buy Now,0.999,0.101,0.854,0.045
2,Is Starbucks' Cold Brew Lemonade Worth Trying?,0.0,0.0,1.0,0.0
3,Could Dutch Bros Be the Next Monster Growth Stock?,0.832,0.103,0.897,0.0
4,Starbucks (SBUX) Rallies 25% in 3 Months: Can It Continue?,0.998,0.14,0.84,0.021
5,"US Retail Sales Little Changed Last Month as Fuel, Autos Drop",0.95,0.082,0.857,0.061
