﻿,Titles,Polarity,Positive,Neutral,Negative
0,Starbucks (SBUX) Dips More Than Broader Markets: What You Should Know,0.982,0.074,0.902,0.024
1,"Stewart &amp; Patten Co Llc Buys Prologis Inc, Starbucks Corp, General Electric Co, Sells Wells ...",0.987,0.071,0.922,0.007
2,7 Bear Market Stocks to Buy If You See Trouble Ahead,1.0,0.135,0.845,0.02
3,"Fewer U.S. workers belong to labor unions, even as pandemic has shined a light on poor working conditions",0.361,0.168,0.751,0.081
4,"Five Things for Thursday, including Hops, hotels and SBUX backs down",0.283,0.115,0.823,0.062
5,"Stocks Jump, Dow Rises After Four Days of Declines",0.459,0.13,0.87,0.0
6,Plans filed for Starbucks drive-thru location on Fair Oaks Boulevard,0.026,0.087,0.83,0.083
7,Should You Buy Starbucks (SBUX) Ahead of Earnings?,0.997,0.19,0.81,0.0
8,"1 Growth Stock, 1 Value Stock, and 1 Cryptocurrency to Buy for 2022",0.649,0.088,0.912,0.0
9,The Under-the-Radar Threat to Starbucks You Need to Know About,0.103,0.053,0.902,0.045
10,Volcafe Sees Second Year of Coffee Shortages on Low Brazil Crop,-0.868,0.023,0.924,0.052
11,"Benson Investment Management Company, Inc. ...",0.99,0.049,0.946,0.004
12,"After $300 Million Fraud, Luckin Coffee Plots a Nasdaq Comeback",0.25,0.134,0.764,0.102
