﻿,Titles,Polarity,Positive,Neutral,Negative
0,Starbucks (SBUX) Dips More Than Broader Markets: What You Should Know,0.987,0.095,0.878,0.027
1,Why This Starbucks Analyst Says Coffee Giant's 2021 Guidance Is Conservative,0.947,0.07,0.905,0.025
2,Starbucks Corporation -- Moody's announces completion of a periodic review of ratings of Starbucks Corporation,0.998,0.097,0.851,0.051
3,"Upgrades and Downgrades: Starbucks, MGM Resorts, Beyond Meat",0.0,0.0,1.0,0.0
4,3 Stocks to Help You Build Retirement Wealth,0.959,0.211,0.771,0.018
5,"Starbucks Can Keep Up Momentum in the U.S. and China, Analyst Says. It’s Time to Buy the Stock.",0.398,0.1,0.9,0.0
6,"Benzinga's Top Ratings Upgrades, Downgrades For March 19, 2021",0.994,0.026,0.967,0.007
7,"Thinking About Buying Stock In Ford, Apple, Beyond Meat Or Starbucks?",0.85,0.068,0.912,0.02
8,3 Unstoppable Stocks I Can't Wait to Buy in the Next Stock Market Crash,0.115,0.075,0.925,0.0
