﻿,Titles,Polarity,Positive,Neutral,Negative
0,Who is the new Starbucks CEO? He has ‘deep’ knowledge of the consumer but lacks restaurant experience.,0.078,0.048,0.912,0.04
1,Stock Market Today: Stocks Swing Lower as Early Jobs-Fueled Rally Fizzles,0.996,0.103,0.85,0.047
2,Starbucks New CEO Faces Immediate Challenge of Placating Workers Amid Labor Strife,0.994,0.096,0.85,0.054
3,Who is Starbucks’ new CEO? He has ‘deep’ knowledge of the consumer but lacks restaurant experience,0.078,0.048,0.912,0.04
4,Starbucks’ new CEO has a tough act to follow as Howard Schultz’s successor. Here’s what we know about him,0.994,0.082,0.901,0.017
5,New York City sues Starbucks for firing union organizer,-0.982,0.068,0.787,0.144
6,Starbucks new CEO Laxman Narasimhan the first outsider to lead the coffee chain,0.977,0.06,0.936,0.004
7,UPDATE 2-Incoming Starbucks boss to bring consumer insight to coffee culture,0.99,0.08,0.905,0.014
8,"Starbucks analysts look to investor day to gain clarity on new era, new CEO",0.999,0.106,0.862,0.032
9,"New CEO of Starbucks — a ‘world-class leader,’ says Howard Schultz — will do a stint as barista",0.0,0.0,1.0,0.0
10,Incoming Starbucks boss to bring consumer insight to coffee culture,0.99,0.081,0.905,0.014
11,Incoming Starbucks boss to bring consumer insight to coffee culture,0.985,0.079,0.911,0.01
12,Starbucks names Laxman Narasimhan as new CEO,-0.853,0.04,0.916,0.045
13,Starbucks Still Has to Build a Base Pattern,0.318,0.081,0.919,0.0
14,"Midday Movers: Broadcom, Lululemon Athletica, Starbucks and More",0.796,0.095,0.845,0.059
15,Howard Schultz says new CEO of Starbucks is a ‘world-class leader’,0.0,0.0,1.0,0.0
16,"From Cleaners to Coffee, the Executive Taking Over Starbucks",0.572,0.121,0.879,0.0
17,The New Starbucks CEO Has a Tall Order to Fill,0.494,0.122,0.878,0.0
18,Stock market today: 3 tickers trending on Yahoo Finance,0.965,0.075,0.898,0.027
19,What Starbucks needs to do next after choosing a new CEO: analyst,0.987,0.084,0.902,0.014
20,Starbucks Names Reckitt Boss Laxman Narasimhan to Replace Howard Schultz As CEO,0.422,0.141,0.859,0.0
21,‘We’re gonna stay here as long as it takes’: Meet the Boston baristas leading the longest strike in Starbucks history,0.844,0.067,0.867,0.066
22,"Stocks Flat, Jobs Data, Starbucks, Lululemon And Broadcom In Focus - Five Things To Know",-0.382,0.091,0.787,0.122
23,"Lululemon, Broadcom, PagerDuty Rise Premarket; Bed Bath &amp; Beyond Falls",0.906,0.079,0.887,0.034
24,Starbucks Taps Reckitt CEO as Chief After Schultz’s Long Handoff,0.999,0.106,0.863,0.031
