﻿,Titles,Polarity,Positive,Neutral,Negative
0,Earnings-Palooza: 4 FAANG Stocks and More,-0.886,0.019,0.848,0.133
1,Oat milk shortage about to end? Oatly CEO weighs in,0.958,0.09,0.862,0.048
2,"Top Analyst Reports for Walmart, UnitedHealth &amp; Starbucks",0.999,0.176,0.812,0.012
3,Coffee Giant Starbucks Stock Brews Up Improved Relative Strength Rating,0.908,0.179,0.792,0.029
4,Starbucks Is 1 Way Investors Can Play the Return to Office,0.202,0.065,0.887,0.048
5,"Oatly Gains As It Says Revenue To Climb, Capacity Expansion On Track",-0.586,0.048,0.882,0.071
