﻿,Titles,Polarity,Positive,Neutral,Negative
0,Starbucks drops Covid safety rules for baristas in wake of Supreme Court ruling,-0.296,0.105,0.664,0.23
1,Coffee shop foot traffic rebounding faster than restaurant visits,0.99,0.062,0.933,0.004
2,"Starbucks Drops Covid-19 Vaccination, Testing Requirements",0.71,0.136,0.864,0.0
3,"Cadence Bank Na Buys BTC BlackRock Short Maturity Bond ETF, Diageo PLC, Hasbro Inc, Sells ...",0.995,0.06,0.936,0.004
4,Starbucks ends workers vaccine mandate after Supreme Court ruling,-0.296,0.0,0.896,0.104
5,Starbucks Tells Employees to Shift to Using Disposable Paper Masks Instead of Cloth,-0.959,0.032,0.912,0.056
6,"Starbucks suspends vaccine, test requirement after U.S. court ruling",0.922,0.11,0.853,0.037
7,"Starbucks suspends vaccine, test requirement after U.S. court ruling",0.922,0.109,0.855,0.036
8,Starbucks Drops Vaccine Mandate In Wake Of Supreme Court Ruling,0.318,0.077,0.862,0.061
9,5 Dividend Stocks to Build Your Portfolio Around in 2022,0.625,0.186,0.814,0.0
10,My 3 Favorite Dividend Stocks to Buy in 2022,0.477,0.125,0.819,0.056
11,Starbucks' (NASDAQ:SBUX) Returns On Capital Not Reflecting Well On The Business,0.995,0.121,0.856,0.023
12,"The Zacks Analyst Blog Highlights: Microsoft, NextEra Energy and Starbucks",0.999,0.135,0.849,0.016
13,"Starbucks to widen online reach in China through new alliance with Meituan, ending coffeehouse chain's partnership with Alibaba-backed Ele.me",0.979,0.073,0.913,0.015
