﻿,Titles,Polarity,Positive,Neutral,Negative
0,Starbucks Earnings Were Mixed as Rising Costs Pinched Profit,-0.637,0.021,0.904,0.075
1,"Starbucks to raise prices as inflation, labor issues hit earnings",0.128,0.072,0.868,0.06
2,Starbucks Decline Eases After Coffee Chain Updates Outlook,0.943,0.083,0.858,0.059
3,"Big Earnings Beats for GOOGL, AMD, GM; Misses for PYPL and SBUX",0.999,0.152,0.838,0.009
4,"Starbucks profits hampered by Covid, hiring and supply chain costs",0.307,0.162,0.743,0.095
5,Starbucks (SBUX) Lags Q1 Earnings Estimates,0.994,0.09,0.896,0.014
6,"4 Top Stock Trades for Wednesday: UPST, BROS, SBUX, PYPL",0.994,0.117,0.841,0.043
7,Starbucks Earnings Were Mixed. Omicron Was a Focus.,0.0,0.0,1.0,0.0
8,"Starbucks earnings hit by inflation, rising worker costs and damp China sales",0.993,0.084,0.9,0.016
9,"Starbucks: Reduced hours are ‘costing the company,’ Quo Vadis Capital president says",0.44,0.146,0.854,0.0
10,"Starbucks misses on Q1 earnings, cites rising commodity costs as a concern",0.9,0.083,0.887,0.03
11,Starbucks to hike prices to offset inflation; lowers profit guidance,0.872,0.081,0.855,0.064
12,Starbucks Reports Q1 Fiscal 2022 Results,0.999,0.074,0.911,0.016
13,"Amazon dubbed top FAANG name by BofA, Starbucks dips ahead of earnings, AMC spikes",-0.103,0.0,0.949,0.051
14,The Mindset Behind Buying Stocks When the Market Is Falling,0.83,0.167,0.775,0.058
15,Starbucks Seeks to Quash Union Votes at Three N.Y. Stores,0.737,0.067,0.88,0.053
16,"Five Things for Tuesday, including a missed booster goal and a restaurateur's new brand",0.052,0.029,0.944,0.027
17,"Rough Start to 2022 Continues for All Indexes; Alphabet, GM, Exxon Earnings",-0.743,0.0,0.722,0.278
18,"UBS posts strong profits, Starbucks workers want to unionize 54 stores, New York Times buys Wordle",0.796,0.191,0.809,0.0
19,5 Intriguing Earnings Charts This Week,0.998,0.181,0.777,0.042
20,Can Starbucks fight unionization without damaging its pro-worker image?,0.0,0.0,1.0,0.0
21,Fed ‘will back off’ if yield curve approaches an inversion: Strategist,0.0,0.0,1.0,0.0
