﻿,Titles,Polarity,Positive,Neutral,Negative
0,Starbucks raising pay to at least $15 an hour amid unionization rumblings,0.361,0.124,0.815,0.06
1,"Starbucks to boost US starting wage to $15 per hour, targeting $17 average by 2022",0.477,0.085,0.888,0.026
2,"Starbucks Makes Historic Investments in its Partners (Employees), Building on Long-Time Belief that Success is Best When Shared",0.999,0.137,0.839,0.024
3,"Starbucks to boost US starting wage to $15 per hour, targeting $17 average by 2022",0.999,0.124,0.86,0.016
4,Starbucks to hike U.S. employee pay to attract workers during labor crunch,0.832,0.08,0.859,0.062
5,"Starbucks Earnings Due Amid Rising Costs, As Stock Offers Multiple Setups",0.0,0.0,1.0,0.0
