﻿,Titles,Polarity,Positive,Neutral,Negative
0,Starbucks just became the latest company to cover employees’ abortion travel costs. Here are the companies that have pledged to do the same.,0.999,0.108,0.865,0.027
1,"Nasdaq dips more than 1% into the close, Tesla drives down consumer discretionary stocks",0.273,0.1,0.9,0.0
2,New brewery part of big plans in Dunn,0.0,0.0,1.0,0.0
3,Starbucks Includes Abortion Travel Coverage To US Health Benefits: Reuters,0.981,0.171,0.808,0.022
4,Starbucks to Cover Worker Travel Expenses for Medical Treatment,0.625,0.057,0.903,0.04
5,Starbucks offers travel cost reimbursement to those seeking abortion or gender-affirming procedures,0.827,0.144,0.8,0.056
6,Starbucks Offers to Reimburse Employees for Abortion Travel,0.926,0.089,0.867,0.044
7,UPDATE 1-Starbucks to add abortion travel coverage to U.S. health benefits,0.977,0.164,0.804,0.032
8,Starbucks to add abortion travel coverage to U.S. health benefits,0.977,0.173,0.793,0.034
