﻿,Titles,Polarity,Positive,Neutral,Negative
0,Starbucks (SBUX) Outpaces Stock Market Gains: What You Should Know,0.996,0.122,0.874,0.004
1,Live Más with less: Taco Bell warns some menu items might be unavailable due to nationwide shortages,-0.296,0.0,0.926,0.074
2,Starbucks (SBUX) Earnings Expected to Grow: Should You Buy?,0.998,0.149,0.806,0.045
3,monday.com and Krispy Kreme IPOs: What You Need to Know,0.0,0.0,1.0,0.0
4,Why Starbucks (SBUX) Could Beat Earnings Estimates Again,0.998,0.186,0.775,0.038
