﻿,Titles,Polarity,Positive,Neutral,Negative
0,Activision Union Gets Legal Recognition in Gaming First,0.965,0.089,0.853,0.057
1,Stock Market Today: Stocks Come Out Swinging to Start the Week,0.999,0.132,0.837,0.031
2,"Starbucks to close 130 stores in Russia, unionization push expands to over 260 U.S. stores",0.992,0.091,0.891,0.018
3,Starbucks to Exit From Russia,-0.103,0.0,0.954,0.046
4,Starbucks to exit Russia over invasion of Ukraine,0.402,0.056,0.906,0.038
5,"Starbucks leaving Russian market, shutting 130 stores",0.946,0.068,0.92,0.011
6,"Starbucks exits Russia, to close 130 stores in the country",0.921,0.065,0.902,0.034
7,Starbucks to Close 130 Shops in Russia After Operating There for 15 Years,-0.202,0.074,0.837,0.089
8,"Starbucks Exits Russia Market, Following McDonald's, As War Against Ukraine Rages On",-0.477,0.0,0.853,0.147
9,UPDATE 2-Starbucks to exit Russia after nearly 15 years,0.775,0.051,0.927,0.022
10,Starbucks to Exit Russia After Pausing Business There in March,-0.875,0.071,0.838,0.09
11,Starbucks to exit Russia after nearly 15 years,0.925,0.06,0.922,0.018
12,Starbucks to liquidate Russian entity -Sota Vision cites source,0.637,0.035,0.965,0.0
13,U.S. Stocks Gain as Investors Try to Shake Off Last Week's Losses,-0.743,0.079,0.83,0.092
