﻿,Titles,Polarity,Positive,Neutral,Negative
0,Abortion: How corporate America is responding to the Supreme Court ruling,0.0,0.0,1.0,0.0
1,Austin businesses react to Supreme Court decision to overturn Roe v. Wade,0.519,0.147,0.78,0.072
2,"Disney, Amazon, Netflix among companies offering travel benefits to obtain abortions",0.818,0.309,0.691,0.0
3,How the Supreme Court Roe v. Wade decision impacts women in the workforce,0.991,0.106,0.88,0.015
4,"Supreme Court’s abortion ruling has a ‘huge impact on businesses,’ expert says",0.557,0.122,0.878,0.0
5,Missouri becomes 1st state to end abortion access after Supreme Court ruling,0.557,0.141,0.859,0.0
6,New state law may open door for rush of new Apopka eateries,0.557,0.059,0.941,0.0
7,Buy Starbucks Stock. The Coffee Giant’s Worst Problems Are Behind It.,-0.863,0.047,0.68,0.272
8,7 Safe Stocks to Add to Your Q2 Buy List,1.0,0.155,0.823,0.023
9,Black Rifle Coffee May Recover Once the Smoke Clears,0.987,0.085,0.877,0.037
