﻿,Titles,Polarity,Positive,Neutral,Negative
0,"Earnings Beats for Apple, Alphabet, Microsoft; Only GOOGL Up",0.999,0.145,0.829,0.026
1,These 2 Blue-Chip Stocks Could Send Markets Lower Wednesday Morning,-0.006,0.132,0.735,0.133
2,Starbucks (SBUX) Q3 Earnings and Revenues Top Estimates,0.995,0.107,0.884,0.009
3,Starbucks Slips as Slowing China Growth Outweighs Boom in U.S.,0.995,0.129,0.854,0.017
4,Starbucks Earnings Crushed Expectations. Its Stock Is Dropping.,0.318,0.108,0.892,0.0
5,"Robust Earnings, Revenue Numbers from Alphabet, Apple, Microsoft After-Bell Fail to Turn NASDAQ Futures Green",0.948,0.062,0.922,0.017
6,"Starbucks swings to quarterly profit, but sees inflation, wages pushing U.S. costs higher",0.238,0.056,0.944,0.0
7,"Starbucks earnings: Revenue and same-store sales surge in US, fueled by cold beverages",0.982,0.08,0.901,0.019
8,Starbucks serves up steaming forecast as customers return to stores,0.983,0.123,0.86,0.017
9,Starbucks Reports Record Q3 Fiscal 2021 Results,1.0,0.081,0.893,0.026
10,"Starbucks Beats Earnings Forecasts, Boosts 2021 Outlook As U.S. Sales Soar",0.796,0.213,0.787,0.0
11,Options for Beginners: How Much Cash Do You Need?,0.533,0.135,0.865,0.0
12,Caution in markets as Chinese crackdown causes biggest knock since 2008,-0.922,0.056,0.862,0.082
13,Nestle and Starbucks extend partnership to ready-to-drink coffee,0.943,0.105,0.883,0.012
14,Starbucks to exit South Korea venture valued at over $2 billion,0.971,0.061,0.928,0.011
15,5 Pandemic Earnings All-Stars to Watch,0.997,0.159,0.824,0.017
16,UPDATE 3-Starbucks to exit S.Korea venture valued at over $2 bln,0.971,0.056,0.933,0.011
17,Starbucks to exit S.Korea venture valued at over $2 billion,0.971,0.061,0.928,0.011
18,Starbucks Transitions Retail Business in South Korea to E-Mart and GIC,0.999,0.137,0.849,0.014
19,Were Hedge Funds Right About Royal Bank of Canada (RY)?,0.996,0.092,0.888,0.02
