﻿,Titles,Polarity,Positive,Neutral,Negative
0,"Cooper Buys Welbilt Inc, iShares Global REIT ETF, iShares National Muni Bond ETF, Sells iShares ...",0.994,0.059,0.937,0.004
1,Starbucks in Denver suburb joins growing union drive,0.893,0.1,0.9,0.0
2,"4 Top Stock Trades for Monday: S&amp;P 500, Ethereum, SBUX, AMZN",0.995,0.13,0.816,0.055
3,Starbucks and McDonald’s are reducing store hours as workers call in sick,-0.557,0.017,0.908,0.075
4,Starbucks and McDonald’s are reducing store hours as workers call in sick,0.653,0.072,0.844,0.084
5,Starbucks and other huge companies scramble to change vaccine policies after Supreme Court ruling,0.983,0.095,0.863,0.041
6,Starbucks scraps vaccine mandate after Supreme Court ruling,0.968,0.091,0.88,0.029
7,"‘Our labor laws are designed to make joining a union as difficult as possible’: Fewer workers are unionized, even as pandemic shines light on poor working conditions",0.361,0.168,0.751,0.081
8,More Starbucks Baristas Across the U.S. Are Looking to Unionize,0.0,0.0,1.0,0.0
9,Starbucks Has Further to Fall as Bears Postpone Hibernation,-0.434,0.032,0.886,0.081
