﻿,Titles,Polarity,Positive,Neutral,Negative
0,Trader Joe’s Employees at Minneapolis Store Vote for Union,0.976,0.109,0.84,0.051
1,10 EV Stocks that Will Benefit from Climate Change Bill 2022,1.0,0.131,0.847,0.022
2,A 33-year-old who worked at Starbucks for 13 years got fired over a month-old violation. It led to a union walkout and a viral video that has racked up 21 million views on TikTok,-0.915,0.04,0.903,0.057
3,Starbucks Has Faced Union Strikes in 17 States Amid Wage Disputes,-0.637,0.0,0.802,0.198
