﻿,Titles,Polarity,Positive,Neutral,Negative
0,Starbucks (SBUX) Stock Sinks As Market Gains: What You Should Know,0.995,0.12,0.872,0.008
1,"Starbucks, Dunkin' Donuts, Panera Bread seeing strong COVID-19 recovery: RPT",0.0,0.0,1.0,0.0
2,Here is What Hedge Funds Think About JD.Com Inc (JD),0.998,0.093,0.891,0.016
3,Here is What Hedge Funds Think About JD.Com Inc (JD),0.998,0.093,0.891,0.016
4,"Hedge Funds Are Cashing Out Of Charter Communications, Inc. (CHTR)",0.997,0.087,0.896,0.017
5,"Hedge Funds Are Cashing Out Of Charter Communications, Inc. (CHTR)",0.997,0.087,0.896,0.017
6,Chipotle raises prices and now this analyst sees the stock surging 30%,0.995,0.11,0.861,0.029
7,Starbucks Applies for Stadium Naming Rights – Report,0.989,0.12,0.869,0.011
8,Hedge Funds Still Very Bullish On Shopify Inc (SHOP),0.998,0.092,0.892,0.016
