﻿,Titles,Polarity,Positive,Neutral,Negative
0,Starbucks raises dividend by nearly 9%,0.896,0.165,0.835,0.0
1,Starbucks Announces Increase in Quarterly Cash Dividend,0.981,0.156,0.844,0.0
2,"Starbucks Sells Plant-Based Meat, Milk From Bezos-Backed Firm",0.626,0.079,0.851,0.07
3,Former PepsiCo CEO Indra Nooyi: One of the biggest crises we have is the cost of child care,0.988,0.06,0.916,0.024
4,"Starbucks should take a cue from Dutch Bros. and seize the opportunity in energy drinks, analyst says",0.318,0.139,0.789,0.071
5,Papa John's is serving up some sizzling new growth,0.904,0.075,0.884,0.041
6,Celebrating National Coffee Day with a pumpkin spice latte? Here’s an honest look at Starbucks’ signature drink and other fall favorites,0.869,0.142,0.842,0.017
