﻿,Titles,Polarity,Positive,Neutral,Negative
0,Starbucks (SBUX) Stock Sinks As Market Gains: What You Should Know,0.989,0.1,0.878,0.022
1,"O'Shares U.S. Quality Dividend ETF Buys Blackstone Inc, Abbott Laboratories, Verizon ...",0.994,0.054,0.94,0.006
2,"As Behemoth Companies Split, Could These Top Stocks Be Better Broken Up?",0.0,0.043,0.914,0.043
3,What's Brewing With Starbucks Charts?,-0.382,0.035,0.901,0.064
4,Starbucks and Bitcoin: Chain Plans to Use Blockchain for its Loyalty Program,0.0,0.0,1.0,0.0
