﻿,Titles,Polarity,Positive,Neutral,Negative
0,"Market check: Nasdaq stocks stage comeback, Dow and S&amp;P 500 close near all-time highs",0.0,0.0,1.0,0.0
1,Starbucks workers at second Buffalo-area store vote to unionize,0.0,0.0,1.0,0.0
2,Starbuck commits to spend $1.5 billion with diverse suppliers by 2030,0.0,0.0,1.0,0.0
3,New York restaurateur Philippe Chow is among the tenants coming to The Wharf's second phase,0.0,0.0,1.0,0.0
4,"First American Trust, Fsb Buys Nike Inc, Tesla Inc, Teradyne Inc, Sells Starbucks Corp, Newmont ...",1.0,0.123,0.875,0.003
5,Starbucks to nearly double spending with diverse suppliers by 2030,0.178,0.053,0.909,0.038
6,"Starbucks expands diversity efforts, commits $1.5B to diverse suppliers by 2030",0.993,0.095,0.888,0.016
