﻿,Titles,Polarity,Positive,Neutral,Negative
0,Will Howard Schultz Stick Around at Starbucks?,0.178,0.126,0.776,0.098
1,Why Starbucks Stock Had a Bitter Aftertaste This Week,0.586,0.109,0.861,0.031
2,U.S. labor board official wants to end mandatory anti-union meetings,0.535,0.069,0.878,0.053
3,Return of Schultz Sweetens Starbucks but Investors Could Still Get Burnt,0.459,0.174,0.826,0.0
4,Starbucks (SBUX) Dips 24% in the Past 6 Months: Will It Revive?,0.999,0.178,0.815,0.008
5,2 Dividend Stocks That Will Pay You for Life,0.856,0.158,0.842,0.0
6,The Worst Is Still to Come for These 2 Crashing Stocks,0.527,0.181,0.72,0.1
7,3 No-Brainer Stocks to Buy in a Correction,0.153,0.103,0.897,0.0
8,"Bye, Buybacks? No, but Signs Show Some Companies Shifting Focus Away From Them.",-0.128,0.073,0.84,0.087
9,JD’s Billionaire Founder Steps Down as CEO of $92 Billion Empire,-0.943,0.052,0.87,0.079
