﻿,Titles,Polarity,Positive,Neutral,Negative
0,"Arizona Starbucks delays union vote, but workers 'fired up and ready to go'",-0.838,0.064,0.866,0.07
1,What Happens if Starbucks China Problem Gets Bigger?,0.84,0.134,0.866,0.0
2,"CVC, Brookfield among bidders for stake in Starbucks Mideast franchise - sources",0.402,0.015,0.985,0.0
3,Does Starbucks Have a China Problem?,0.382,0.102,0.898,0.0
4,2 Unstoppable Stocks That Are On Sale Right Now,0.842,0.139,0.861,0.0
5,Will Tractor Supply's Rapid Growth Persist?,0.859,0.142,0.825,0.033
6,Should Investors Be Concerned About Starbucks Unionizing?,-0.296,0.019,0.947,0.033
7,"Brookfield, CVC, Wealth Funds Eye Stake in Starbucks Franchise",0.989,0.106,0.863,0.031
