﻿,Titles,Polarity,Positive,Neutral,Negative
0,"Starbucks store in Seattle votes to unionize, striking at heart of coffee chain",0.0,0.0,1.0,0.0
1,Capitol Hill Starbucks becomes first in Seattle to OK union vote,0.0,0.0,1.0,0.0
2,UPDATE 1-Starbucks cafe in hometown Seattle votes to unionize,0.984,0.121,0.871,0.007
3,Starbucks Workers in Hometown Seattle Store Vote to Unionize,-0.153,0.08,0.837,0.083
4,"Starbucks baristas at the original cafe win union vote, first after CEO resignation",-0.534,0.048,0.896,0.056
5,Starbucks cafe in hometown Seattle votes to unionize,0.984,0.126,0.867,0.007
6,Starbucks Declares Quarterly Cash Dividend,0.965,0.139,0.861,0.0
7,"Starbucks accused of illegal moves in union opposition, NLRB complaint alleges",0.974,0.081,0.868,0.05
8,Cold War 2.0? The Global Economic Impact of Sanctions Against Russia,-0.477,0.043,0.849,0.108
