﻿,Titles,Polarity,Positive,Neutral,Negative
0,"4 Top Stock Trades for Monday: AMC, GM, ABBV, SBUX",0.991,0.117,0.824,0.058
1,"Starbucks, Airbnb Help to Resettle Afghan Evacuees Off U.S. Military Bases",0.691,0.211,0.789,0.0
2,Starbucks Win Comes With Union Intimidation Complaints,0.856,0.098,0.816,0.086
3,Starbucks Union Win in Buffalo Certified by Labor Board,0.612,0.104,0.81,0.086
4,"UPDATE 1-Starbucks union store in Buffalo, New York is certified - NLRB",0.873,0.083,0.879,0.038
5,"Starbucks union store in Buffalo, New York is certified - NLRB",0.873,0.085,0.875,0.039
6,Why Starbucks Stock Got Knocked Over Today,-0.422,0.062,0.85,0.088
7,Will Tesla Be the First Company to Deploy a Fully Autonomous Vehicle?,0.439,0.053,0.919,0.028
8,"FedEx, Winnebago Rise Premarket; Oracle, Darden, Rician Fall",0.934,0.088,0.855,0.056
