﻿,Titles,Polarity,Positive,Neutral,Negative
0,Howard Schultz Returns to Lead Starbucks. Is This Good News?,0.103,0.061,0.886,0.054
1,Disney to fight 'Don’t Say Gay’ bill: 'It should never have been signed into law',0.975,0.078,0.871,0.051
2,3 sin companies leaving Russia for its war on Ukraine,-0.933,0.079,0.825,0.096
3,"The next Starbucks CEO will have 3 'key points of focus,' UBS says",0.985,0.08,0.912,0.009
4,"Why you should fear oil prices at $90, $100, $150, or $200: Morning Brief",0.976,0.057,0.901,0.042
