﻿,Titles,Polarity,Positive,Neutral,Negative
0,Starbucks Q4 Earnings Preview: Here's What Investors Should Know,0.0,0.0,1.0,0.0
1,Celebrating National Pumpkin Day with a pumpkin spice latte? Here’s an honest look at Starbucks’ signature drink and other fall favorites,-0.077,0.0,0.984,0.016
2,Does Dutch Bros Deserve Its $11 Billion Price Tag?,0.226,0.087,0.913,0.0
3,Is Dutch Bros the Next Starbucks?,0.893,0.151,0.849,0.0
4,Starbucks (SBUX) Gears Up for Q4 Earnings: What's in Store?,0.997,0.127,0.871,0.002
