﻿,Titles,Polarity,Positive,Neutral,Negative
0,Starbucks (SBUX) Dips More Than Broader Markets: What You Should Know,0.978,0.085,0.879,0.036
1,Here are the companies still doing business in Russia undeterred,-0.665,0.047,0.911,0.042
2,3 Restaurant Stocks to Buy as Equities Struggle Through Events,-0.972,0.102,0.788,0.111
3,McDonald's suspending operations in Russia will cost $50 million per month,0.935,0.061,0.906,0.033
4,"Stocks open lower, oil rises as Russia-Ukraine ceasefire talks stall",0.0,0.0,1.0,0.0
5,How Big of a Risk Is Russian Divestment?,-0.296,0.066,0.851,0.082
6,JD Revenue Rises 23% in Defiance of China’s Consumption Slowdown,-0.836,0.065,0.853,0.082
7,"JD.com Falls on Net Loss, Slowest Revenue Growth in Six Quarters",0.844,0.071,0.89,0.039
8,Workers at three New York Starbucks cafes vote to unionize,0.973,0.098,0.902,0.0
