﻿,Titles,Polarity,Positive,Neutral,Negative
0,"Atalanta Sosnoff Capital, Llc Buys McDonald's Corp, Salesforce. ...",0.994,0.054,0.942,0.004
1,Starbucks (SBUX) Earnings Expected to Grow: What to Know Ahead of Next Week's Release,0.998,0.148,0.801,0.051
2,"Starbucks reversal on vaccine mandate sparks customer, barista backlash",0.973,0.081,0.865,0.053
3,Atlassian (TEAM) to Report Q2 Earnings: What's in Store?,0.998,0.126,0.865,0.009
4,Starbucks Seeks to Halt Arizona Union Vote Count in Appeal,-0.178,0.042,0.92,0.039
5,"Where to Invest $5,000 for the Next 5 Years",0.153,0.164,0.735,0.1
6,Rule Breaker Investing: Essays From Yesterday Volume 3,0.116,0.09,0.844,0.066
7,Darwinbox Becomes Rare Asian Software Unicorn in TCV-Led Funding,0.769,0.05,0.918,0.032
