﻿,Titles,Polarity,Positive,Neutral,Negative
0,Starbucks (SBUX) Stock Moves -1.73%: What You Should Know,0.986,0.092,0.884,0.024
1,Starbucks Announces Q4 and Fiscal Year End 2021 Results Conference Call,0.927,0.071,0.929,0.0
2,3 Growth Stocks That Can Help You Retire Early,0.832,0.13,0.87,0.0
3,Hedge Funds Are Cashing Out Of Intuit Inc. (INTU),0.999,0.12,0.861,0.019
4,"Hedge Funds Are Coming Back To Lowe’s Companies, Inc. (LOW)?",0.994,0.079,0.892,0.03
5,Hedge Funds Are Nibbling On Starbucks Corporation (SBUX),0.997,0.087,0.9,0.013
6,Better Reopening Stock: Starbucks or Chipotle?,0.202,0.091,0.909,0.0
