﻿,Titles,Polarity,Positive,Neutral,Negative
0,"Starbucks Union Fight Escalates as Company, Workers Battle Over Vote",0.0,0.0,1.0,0.0
1,McDonald's has most loyal restaurant customers as Dutch Bros surpasses Starbucks: Report,0.542,0.149,0.851,0.0
2,Starbucks N.Y. Union Vote Slogs Ahead as Last-Ditch Plea Fails,-0.88,0.045,0.888,0.067
3,Why Wendy's changed its fries,0.984,0.102,0.87,0.028
4,Starbucks is Mixing Coffee With Crypto,0.958,0.23,0.733,0.037
5,Starbucks Workers To Start Voting On Whether To Unionize,-0.318,0.0,0.85,0.15
6,What to Like About Dutch Bros Stock,0.811,0.29,0.71,0.0
