﻿,Titles,Polarity,Positive,Neutral,Negative
0,"Baxter Bros Inc Buys Meta Platforms Inc, Activision Blizzard Inc, Chevron Corp, Sells Adobe ...",0.993,0.064,0.932,0.005
1,7 of the Best Robinhood Stocks to Buy in January,1.0,0.098,0.882,0.02
2,"Market check: Stocks fall after retail sales miss, mixed bank earnings",0.054,0.086,0.851,0.063
3,Starbucks unionization doesn’t surprise the US Labor Secretary — here’s why,0.99,0.097,0.874,0.029
4,Starbucks Staff to Vote on Union at Three More N.Y. Stores,0.947,0.089,0.877,0.034
5,Inflation Will Hurt These 2 Growth Stocks in 2022,-0.296,0.125,0.682,0.193
