﻿,Titles,Polarity,Positive,Neutral,Negative
0,Why This Investor Bought Coinbase Stock Following Pullback,0.644,0.053,0.908,0.039
1,Why former Dunkin' Donuts CEO is now in the car wash business,0.979,0.084,0.911,0.005
2,Starbucks (SBUX) Banks on Expansion Efforts Amid Cost Woes,0.999,0.153,0.823,0.024
3,Amazon stock rises on Starbucks store collaboration,0.988,0.127,0.855,0.018
4,Starbucks Employee Union Efforts Spread to Arizona,0.0,0.0,1.0,0.0
5,SilverBox Engaged Merger I Is Just Another SPAC That Appears Bound to Disappoint,0.996,0.11,0.843,0.046
