﻿,Titles,Polarity,Positive,Neutral,Negative
0,Starbucks asks 3 Northeast stores to vote ‘no’ on unionizing as critical labor vote looms,0.99,0.085,0.868,0.047
1,Popular coffee chain to open new cafe in one of Dayton's top entertainment venues,0.422,0.097,0.903,0.0
2,Black Rifle Coffee Company founder: People are hungry for a brand that represents them,0.996,0.153,0.842,0.005
3,Black Rifle Coffee Company CEO: 'People are hungry in the U.S. for a brand that represents them',0.0,0.0,1.0,0.0
4,No Surprise! Starbucks Will Focus New Store Growth Internationally in 2022,0.44,0.162,0.838,0.0
5,"Got $3,000? Here Are 2 Stocks to Buy and Hold for the Long Term",0.963,0.224,0.776,0.0
6,Starbucks to Nearly Double New Store Growth in Fiscal 2022,0.691,0.118,0.854,0.028
