﻿,Titles,Polarity,Positive,Neutral,Negative
0,Starbucks workers tally second union vote victory after ruling,0.969,0.063,0.915,0.023
1,"Starbucks Union Wins Vote at Second Store, Labor Board Rules",0.998,0.144,0.853,0.003
2,UPDATE 2-Union wins representation at second U.S. Starbucks location,0.949,0.08,0.893,0.027
3,Union wins representation at second U.S. Starbucks location,0.949,0.084,0.888,0.028
4,Food Service Project S.A. -- Moody's assigns B1 rating to Food Service Project's proposed senior unsecured notes unconditionally guaranteed by Alsea,0.999,0.087,0.869,0.043
5,Union wins representation at second Starbucks store in New York,0.077,0.025,0.975,0.0
6,"Poehling Capital Management, LLC Buys ViacomCBS Inc, Fidelity National Information Services ...",0.993,0.051,0.942,0.007
7,"KFC, Beyond Meat executives detail the launch of plant-based fried chicken",1.0,0.169,0.825,0.006
8,"Lattes go missing, drive-thrus slow as Omicron hits U.S. restaurants",-0.966,0.019,0.926,0.056
9,Fintech Startup Pine Labs To Seek $500 Million in U.S. IPO,0.969,0.071,0.909,0.019
