﻿,Titles,Polarity,Positive,Neutral,Negative
0,Howard Schultz wants Starbucks workers back in the office,0.0,0.0,1.0,0.0
1,Starbucks to Host 2022 Investor Day,0.904,0.078,0.869,0.053
2,Is Starbucks Corporation (NASDAQ:SBUX) Popular Amongst Institutions?,0.994,0.091,0.883,0.026
3,Enterprise Products Partners and Target have been highlighted as Zacks Bull and Bear of the Day,0.999,0.098,0.868,0.035
4,7 Nasdaq Stocks to Buy and Hold Forever,0.999,0.119,0.828,0.054
5,Caesars Welcomes Something Unique to the Las Vegas Strip,0.815,0.151,0.849,0.0
