﻿,Titles,Polarity,Positive,Neutral,Negative
0,Starbucks excludes unionized stores from pay hikes and benefits,0.984,0.12,0.811,0.069
1,"Dow Futures Little Changed, Earnings and NFP in Focus",0.226,0.03,0.937,0.033
2,Starbucks earnings preview: Here's what to expect,0.128,0.05,0.903,0.047
3,"Bolthouse Farms Finalizes the Acquisition of Evolution Fresh from Starbucks, Strengthening Leadership Position in the Juice and Refrigerated Beverage Categories",0.996,0.13,0.863,0.007
4,"Bolthouse Farms Finalizes the Acquisition of Evolution Fresh from Starbucks, Strengthening Leadership Position in the Juice and Refrigerated Beverage Categories",0.997,0.128,0.862,0.01
5,"Starbucks, PayPal, Robinhood, AMC to report earnings this week",0.361,0.161,0.839,0.0
6,Illumina and Best Buy have been highlighted as Zacks Bull and Bear of the Day,1.0,0.133,0.829,0.038
7,Tech Stocks Are Hot on Wall Street. Main Street’s Worries Are Elsewhere.,-0.402,0.038,0.822,0.14
8,Investors Await Another Busy Week of Earnings,0.34,0.029,0.971,0.0
