﻿,Titles,Polarity,Positive,Neutral,Negative
0,Starbucks Reports Earnings Tuesday. What to Know.,0.0,0.0,1.0,0.0
1,Three Portland-area Starbucks shops file to unionize,0.0,0.0,1.0,0.0
2,Starbucks Has Hit a Pandemic-Era Milestone,0.889,0.175,0.825,0.0
3,5 Things To Expect This Week,0.996,0.115,0.833,0.052
4,2 KC Starbucks stores join growing movement to unionize,0.818,0.11,0.89,0.0
5,"Total Investment Management Inc Buys FIRST TR EXCH TRD, Schwab U.S. ...",0.997,0.083,0.91,0.006
6,Why The Starbucks Has Been Seeing Strong Traffic For A While Now,0.889,0.175,0.825,0.0
7,NortonLifeLock (NLOK) to Report Q3 Earnings: What's in Store?,0.998,0.127,0.87,0.004
8,DXC Technology (DXC) to Report Q3 Earnings: What's in Store?,0.998,0.122,0.871,0.007
9,Starbucks Employees Are Now Petitioning to Unionize at 50 U.S. Stores,0.963,0.077,0.88,0.043
10,Starbucks Corporation -- Moody's announces completion of a periodic review of ratings of Starbucks Corporation,0.998,0.101,0.849,0.05
11,"Annex Advisory Services, LLC Buys Avantis U.S. ...",0.996,0.06,0.932,0.007
12,Starbucks CEO Kevin Johnson's total compensation rose 39% in 2021 to $20.4 million,0.84,0.118,0.882,0.0
