﻿,Titles,Polarity,Positive,Neutral,Negative
0,Starbucks Drops Back Into Buy Range As Restaurants Fall; McDonald's Also Near Buy Point,-0.296,0.0,0.891,0.109
1,Coffee Traders On Edge With World’s Biggest Crop Under Threat,-0.814,0.038,0.902,0.06
2,"Starbucks CEO on pricing, mask mandates and China",-0.318,0.0,0.931,0.069
3,Starbucks Stock Is Dropping After Earnings Crushed Expectations. Here’s What Went Wrong.,0.637,0.271,0.729,0.0
4,Starbucks (SBUX) Stock Down Despite Q3 Earnings &amp; Revenues Beat,0.999,0.119,0.864,0.018
5,COVID Cases Are Climbing and Stocks Are Falling: Why It's an Opportunity to Buy These 2 Reopening Stocks,-0.178,0.122,0.718,0.16
6,"Video: Jim Cramer on Boeing, Facebook, Alphabet, AMD, Starbucks, the CDC",0.0,0.0,1.0,0.0
7,Wall Street Edges Higher at Open Ahead of Fed; Alphabet Stars; Dow up 30 Pts,0.886,0.079,0.868,0.053
8,"Alphabet, Boeing Rise Premarket; Starbucks, Spotify Fall",0.962,0.078,0.89,0.032
9,"U.S. Futures Mixed; Federal Reserve, Big Tech Stocks in Focus",0.929,0.086,0.876,0.038
10,"Starbucks Falls On Mounting Challenges, Lower Forecast For China",-0.665,0.041,0.902,0.057
11,"Fed Meeting, Big Tech's Big Quarter, Mask Warning - What's Moving Markets",0.824,0.065,0.885,0.05
12,Starbucks Corporation (SBUX) Q3 2021 Earnings Call Transcript,0.0,0.0,1.0,0.0
13,Starbucks reports Q3 earnings beat,0.0,0.0,1.0,0.0
