﻿,Titles,Polarity,Positive,Neutral,Negative
0,"Stock Market Today: With Powell On Deck, Investors Hold Their Breath",0.991,0.105,0.846,0.049
1,Starbucks expected to get jolt from stimulus checks and restaurant reopenings,0.0,0.0,1.0,0.0
2,Starbucks Perks Up To New High,0.988,0.148,0.813,0.038
3,Here's My Top Robinhood Stock to Buy Now,0.788,0.156,0.804,0.04
4,Starbucks Stock Could Shine With a Bigger-Than-Expected Recovery,0.0,0.0,1.0,0.0
5,Starbucks Rises on BTIG Upgrade to Buy as Stores Reopen,0.0,0.0,1.0,0.0
6,Starbucks Gets a Jolt After Analyst Calls Shares a Buy,0.649,0.044,0.936,0.02
