﻿,Titles,Polarity,Positive,Neutral,Negative
0,"4 Top Stock Trades for Monday: Shiba Inu, NVDA, X, SBUX",0.993,0.12,0.831,0.05
1,Why These 10 Stocks Are Trending on Friday,0.994,0.093,0.885,0.022
2,Stock Market Today: New Market Records Despite 2 Mega-Cap Misses,0.998,0.122,0.84,0.038
3,Why Starbucks Stock Sank Today,0.605,0.138,0.797,0.065
4,Don’t Get Too Excited About Dutch Bros Stock Just Yet,0.99,0.084,0.879,0.036
5,Starbucks earnings reveal a mixed bag as Covid cuts into China sales,0.0,0.0,1.0,0.0
6,"Starbucks is investing big in labor, which is putting pressure on margins and driving down shares but getting analyst support",0.262,0.032,0.948,0.019
7,"Dow, S&amp;P 500, Nasdaq End October at Record Despite Amazon, Apple Wobble",0.878,0.082,0.86,0.057
8,44 Stocks Moving In Friday's Mid-Day Session,0.99,0.081,0.883,0.036
9,Why Starbucks Stock Is Down By 7% Today,0.98,0.115,0.849,0.036
10,"Starbucks Stock Slides After  Wage Hike News, Weak Sales in China",-0.913,0.02,0.803,0.177
11,Starbucks Erases 2021 Gain as Shares Slump on Cost Concerns,-0.843,0.041,0.898,0.061
12,Starbucks CEO Talks Strategy After Q4 Earnings: 'We Are Bullish On The Future',0.994,0.133,0.847,0.02
13,"Starbucks (SBUX) Q4 Earnings Meet Estimates, Stock Down",0.998,0.091,0.895,0.014
14,Why Starbucks Shares Are Falling,0.974,0.14,0.828,0.032
15,"5 Top Stock Decliners for Friday: Starbucks, Amazon, Hershey",-0.361,0.047,0.864,0.089
16,"Colgate Falls as It Forecasts Weaker Margins, EPS at Lower End",0.781,0.085,0.853,0.061
17,Starbucks Stock Slides After Earnings Beat. Blame China?,-0.422,0.0,0.946,0.054
18,Grainger Shares Jump as Third-Quarter Results Top Forecasts,0.296,0.121,0.879,0.0
19,A Peek Into The Markets: US Stock Futures Down; Apple Posts Downbeat Sales,0.691,0.049,0.912,0.039
20,Wall Street Opens Mostly Lower as Apple and Amazon Weigh; NASDAQ Down 86 Pts,-0.364,0.088,0.82,0.092
21,Starbucks Stock Drops; Analysts Slash Price Targets on Sales Miss,-0.402,0.0,0.812,0.188
22,"7 Stocks To Watch For October 29, 2021",0.988,0.127,0.856,0.017
23,Starbucks Slips on  Warning of Sales Growth Slowdown in 2022,0.916,0.082,0.875,0.043
24,"Amazon, Apple, Starbucks Fall Premarket; Chevron, Exxon Mobil Rise",0.983,0.119,0.839,0.043
25,Starbucks Corporation (SBUX) Q4 2021 Earnings Call Transcript,0.0,0.0,1.0,0.0
26,Starbucks Workers Win Ruling to Seek Union in November Vote,-0.165,0.054,0.883,0.063
