﻿,Titles,Polarity,Positive,Neutral,Negative
0,Pro-Putin rapper buys Starbucks in Russia and ‘Russifies’ it with a new name: Stars Coffee,0.998,0.136,0.828,0.036
1,Starbucks to eliminate COO role after John Culver steps down,0.978,0.088,0.904,0.008
2,Starbucks Replacement Opens in Russia With Similar Look,0.052,0.05,0.95,0.0
3,Rebranded Starbucks Chain ‘Stars Coffee’ Opens in Russia,-0.103,0.091,0.83,0.079
4,Starbucks leadership shake-ups continue with departure of COO John Culver,0.0,0.0,1.0,0.0
5,PRESS DIGEST- New York Times business news - August 19,0.178,0.06,0.899,0.041
