﻿,Titles,Polarity,Positive,Neutral,Negative
0,Another Way to Invest in the Digital Asset World,0.637,0.14,0.81,0.05
1,"Starbucks Makes a Big Menu Change, Brings Back ""Meatless Mondays""",0.934,0.217,0.783,0.0
2,What's new and coming up in the Triangle's grocery scene,0.0,0.0,1.0,0.0
3,Starbucks brings back the pistachio latte for winter,0.44,0.055,0.923,0.022
4,"Starbucks Brings Back Pistachio Latte, ""Meatless Mondays""",0.934,0.217,0.783,0.0
5,Starbucks explains how it will enforce the federal workplace vaccine mandate,0.0,0.0,1.0,0.0
