﻿,Titles,Polarity,Positive,Neutral,Negative
0,Why Starbucks Stock Surged Today,0.586,0.112,0.843,0.045
1,US STOCKS-Wall Street closes with sharp gains after Fed's interest rate hike,0.992,0.105,0.866,0.029
2,Is Starbucks hurting or helping baristas by making it easier to tip?,0.878,0.154,0.846,0.0
3,Analyst Reactions to Latest Earnings Show Investors Want Assurances Over Inflation,-0.026,0.17,0.657,0.173
4,"4 Top Stock Trades for Thursday: LYFT, UBER, SBUX, MRNA",0.997,0.142,0.784,0.074
5,11 Stocks Drawing Attention After Posting Their Financial Results,0.998,0.103,0.881,0.016
6,US STOCKS-Tech stocks drag Wall Street lower ahead of Fed decision,0.932,0.068,0.898,0.034
7,Stock Market Today: Dow Soars as Powell Shoots Down Aggressive Fed Hike Bets,0.73,0.079,0.856,0.065
8,Starbucks plans to raise wages at non-union stores,0.998,0.123,0.85,0.026
9,Starbucks plans to invest roughly $200 million to tackle increased demand for customized cold beverage orders,0.0,0.0,1.0,0.0
10,S&amp;P 500 Jumps on Tech Rebound  After Powell Downplays More Aggressive Hikes,0.714,0.066,0.888,0.046
11,Burger King showing ‘exciting momentum’ internationally: Restaurant Brands CEO,0.382,0.094,0.906,0.0
12,Stock Market Mostly Lower Ahead Of Fed Statement; 2 Stocks Plunge More Than 30%,-0.296,0.0,0.905,0.095
13,Legal cannabis sales exceed Starbucks N. America sales in 2021: Report,0.735,0.096,0.904,0.0
14,"Starbucks Is Up By 7%, Here Is Why",0.965,0.129,0.784,0.087
15,Starbucks Could Have Some Messy Quarters Ahead. An Analyst Says Buy the Stock Anyway.,0.0,0.0,1.0,0.0
16,Starbucks stock pops after earnings call with CEO Howard Schultz,0.0,0.0,1.0,0.0
17,Starbucks and AMD Are Lifting the Nasdaq Wednesday Morning,0.45,0.067,0.903,0.029
18,US STOCKS-Wall St eyes higher open on upbeat results ahead of Fed decision,0.991,0.097,0.881,0.023
19,"Midday Stock Movers: Airbnb, Match Group, Uber",0.412,0.08,0.842,0.078
20,"Starbucks (SBUX) Q2 Earnings Miss, Revenues Top, Shares Rise",1.0,0.155,0.807,0.038
21,US STOCKS-Futures rise on earnings reports ahead of Fed decision,0.984,0.094,0.885,0.02
22,Starbucks CEO Howard Schultz presents a new vision 'to literally catch up',0.995,0.104,0.854,0.042
23,The Fed’s Big Hikes Won’t Fight Inflation From Soaring Oil Prices,-0.382,0.0,0.92,0.08
24,"Stocks Higher, Fed In Focus, Starbucks, AMD And Lyft - Five Things You Must Know",0.44,0.173,0.726,0.101
25,Starbucks (SBUX) Q2 2022 Earnings Call Transcript,0.273,0.049,0.912,0.039
26,"The Zacks Analyst Blog Highlights Advanced Micro Devices, Starbucks, Airbnb, Uber and Lyft",0.999,0.131,0.837,0.032
27,Bentley University among 1st colleges to take crypto for tuition payments,-0.103,0.0,0.958,0.042
28,"Lyft, Match Group, Yum! Brands Fall Premarket; Starbucks, AMD, Airbnb Rise",0.916,0.097,0.834,0.07
29,Dow Futures Rise 105 Pts; Fed Interest Rate Decision Looms Large,0.167,0.068,0.871,0.061
30,"Fed Rate Hike, EU Sanctions, Lyft Crash - What's Moving Markets",-0.98,0.058,0.869,0.073
31,PRESS DIGEST- New York Times business news - May 4,0.807,0.083,0.874,0.043
32,Howard Schultz rolls out wage boost for Starbucks workers as union efforts gain steam,0.382,0.082,0.918,0.0
33,WRAPUP 2-Beijing restricts public transport as COVID spreads in China,0.242,0.063,0.874,0.063
34,Starbucks Stock Perks Up. Sales Are Climbing in North America.,0.318,0.126,0.874,0.0
