﻿,Titles,Polarity,Positive,Neutral,Negative
0,Starbucks (SBUX) Outpaces Stock Market Gains: What You Should Know,0.991,0.101,0.886,0.013
1,Starbucks (SBUX) Earnings Expected to Grow: Should You Buy?,0.996,0.122,0.834,0.045
2,11 Safe Stocks To Buy According To Hedge Funds,1.0,0.152,0.83,0.018
3,Here Are the Most Important Metrics Starbucks Shareholders Should Know,0.667,0.099,0.901,0.0
4,‘Strikes are contagious’: Wave of labor unrest signals crisis in tight job market,0.955,0.076,0.854,0.071
