﻿,Titles,Polarity,Positive,Neutral,Negative
0,"Top Stock Reports for Microsoft, Amazon &amp; Tesla",0.999,0.205,0.754,0.041
1,Starbucks fires 7 Memphis employees seeking union,-0.852,0.028,0.842,0.129
2,"Starbucks unbowed as union movement spreads, some see 'head in the sand'",0.989,0.07,0.897,0.033
3,7 Top Millennial Stocks Worth Buying on the Dip,1.0,0.155,0.812,0.033
4,"Grandfield &amp; Dodd, Llc Buys AutoZone Inc, Teledyne Technologies Inc, IAC/InterActiveCorp, ...",0.986,0.047,0.942,0.011
5,Starbucks and other retailers brace as unionization efforts gather steam,-0.153,0.0,0.94,0.06
6,"Crossvault Capital Management LLC Buys SentinelOne Inc, SentinelOne Inc, Enphase Energy Inc, ...",0.994,0.073,0.922,0.005
7,"Vista Capital Partners, Inc. Buys Starbucks Corp, BTC iShares MSCI USA Momentum Factor ETF, ...",0.995,0.061,0.935,0.004
