﻿,Titles,Polarity,Positive,Neutral,Negative
0,"Food prices are ‘high and going higher,’ strategist says",-0.34,0.0,0.912,0.088
1,"Starbucks Union Drive Reaches NYC, With AOC’s Support",0.991,0.122,0.86,0.019
2,US coffee imports are up—and so are prices,0.102,0.076,0.924,0.0
3,BRCC Stock Alert: What Is Going on as Red-Hot Black Rifle Coffee Debuts?,0.999,0.141,0.851,0.008
4,Rising Costs Are Brewing at Starbucks,-0.042,0.082,0.818,0.1
5,BRCC SPAC Alert: 10 Things to Know as Black Rifle Coffee Stock Starts Trading Today,0.981,0.074,0.914,0.012
6,My Top Value Stock to Buy in February (and It's Not Even Close),0.402,0.133,0.79,0.077
