﻿,Titles,Polarity,Positive,Neutral,Negative
0,Starbucks (SBUX) Dips More Than Broader Markets: What You Should Know,0.986,0.094,0.876,0.031
1,Starbucks worker: Phoenix case is about ‘holding Starbucks accountable’ for alleged union-busting behavior,-0.952,0.057,0.864,0.08
2,Seattle Starbucks worker on unionization: ‘This movement is not stopping’,0.586,0.116,0.884,0.0
3,Starbucks Stock Has Gotten Crushed. This Analyst Says It’s Time to Buy.,-0.747,0.067,0.798,0.135
4,3 reasons why Starbucks stock is hated right now,0.988,0.096,0.872,0.032
5,Disney employee: Workers 'expect more from the CEO' amid 'Don't Say Gay' bill fallout,0.982,0.08,0.874,0.046
6,Why U.S. workers are speaking out against their employers and unionizing,0.997,0.094,0.866,0.04
7,"Beyond Meat, PepsiCo partner to release plant-based jerky",0.98,0.073,0.922,0.005
