﻿,Titles,Polarity,Positive,Neutral,Negative
0,Does Starbucks Offer Good Value Currently?,0.999,0.142,0.794,0.064
1,Starbucks unveils NFT rewards program in appeal to Gen Z customers,0.572,0.206,0.794,0.0
2,Starbucks to address reinvention plans and unionization at its Investor Day,0.974,0.082,0.896,0.022
3,Starbucks’ New CEO Takes Center Stage. What to Look for at Investor Day.,0.527,0.227,0.773,0.0
4,"Starbucks Offers New Savings, Loan Perks for Non-Union Cafes",0.976,0.109,0.837,0.054
5,Starbucks Announces Student Loan Management and Savings Programs to Support Partner (Employee) Financial Well-Being,0.996,0.099,0.857,0.044
6,Starbucks adds benefits for non-union U.S. workers ahead of investor day,0.969,0.092,0.878,0.03
7,"Starbucks adds employee benefits to help with student debt, build savings accounts",0.994,0.097,0.883,0.02
8,"August Inflation, Starbucks Day, Oracle Earnings: 3 Things to Watch",0.762,0.073,0.871,0.056
9,"Midday Movers: Bristol-Myers Squibb, Walt Disney, Carvana and More",0.914,0.131,0.828,0.041
10,Starbucks to Offer NFT-Based Loyalty Program Using Polygon's Blockchain Technology,0.941,0.106,0.873,0.022
11,New Starbucks CEO to Learn Role Alongside Howard Schultz,0.459,0.069,0.931,0.0
