﻿,Titles,Polarity,Positive,Neutral,Negative
0,Starbucks (SBUX) Gains As Market Dips: What You Should Know,0.99,0.097,0.885,0.018
1,"Kura Sushi (KRUS) Reports Q1 Loss, Lags Revenue Estimates",0.993,0.087,0.893,0.02
2,"Workers at unionized New York Starbucks store continue walk out over staffing, safety",0.823,0.068,0.892,0.04
3,"Top Research Reports for Alphabet, salesforce &amp; Starbucks",0.998,0.161,0.82,0.019
4,"I Got COVID-19, But Disney and Starbucks Will Make Even More Money From Me Because of It",0.572,0.115,0.815,0.071
5,Here Are the Best Robinhood Stocks to Own in 2022,0.965,0.312,0.688,0.0
