﻿,Titles,Polarity,Positive,Neutral,Negative
0,Starbucks sheds light on search for Howard Schultz's successor,0.0,0.0,1.0,0.0
1,"Amazon rises after 20-for-1 stock split, Howard Schultz to stay with Starbucks until March 2023",0.0,0.0,1.0,0.0
2,Why is Starbucks shutting down a location that voted to unionize?,0.0,0.0,1.0,0.0
3,"Denver Starbucks workers allege firings, retaliation for their unionizing",-0.71,0.0,0.731,0.269
4,Saudi PIF shortlisted as bidder for stake in Starbucks Mideast - sources,0.864,0.043,0.941,0.016
5,Starbucks Board of Directors Affirms CEO Transition Details,0.944,0.076,0.878,0.047
6,"Didi Global, Tesla, Apple, Spirit Airlines Rise Premarket; Under Armour Falls",0.952,0.072,0.904,0.024
