﻿,Titles,Polarity,Positive,Neutral,Negative
0,Were Hedge Funds Right About Charter Communications (CHTR)?,0.997,0.093,0.885,0.022
1,Were Hedge Funds Right About Starbucks (SBUX)?,0.998,0.095,0.886,0.019
2,Expectations for Starbucks Stock May Be Too High Ahead of Earnings,0.34,0.111,0.833,0.056
3,"If You Invested $1000 in Starbucks 10 Years Ago, This Is How Much You'd Have Now",0.999,0.153,0.827,0.02
4,3 Things You'll Want to Know When Starbucks Reports Q2 Earnings,0.402,0.046,0.954,0.0
5,Starbucks Chair Warns Companies Lacking Boardroom Diversity Risk ‘Dying’,0.944,0.066,0.91,0.024
6,Pandemic coffee surge propels Nestlé sales,0.572,0.037,0.963,0.0
