﻿,Titles,Polarity,Positive,Neutral,Negative
0,Starbucks (SBUX) Gains As Market Dips: What You Should Know,0.991,0.102,0.886,0.012
1,PODCAST: The 2022 Stock-Market Outlook with Anne Smith and James K. Glassman,1.0,0.149,0.798,0.052
2,Robots in restaurants and retail increase amid labor crunch,-0.25,0.0,0.917,0.083
3,SilverBox and Black Rifle: Can a Veteran-Focused Coffee SPAC Turn a Profit?,0.656,0.153,0.793,0.054
4,"Altman Cos., J.P. Morgan Global Alternatives break ground on 318-unit apartment complex in Palm Beach County",0.226,0.031,0.969,0.0
