﻿,Titles,Polarity,Positive,Neutral,Negative
0,Starbucks (SBUX) Stock Moves -0.9%: What You Should Know,0.99,0.096,0.889,0.015
1,"Union election petitions in U.S. up 57% in last six months, NLRB says",0.649,0.063,0.893,0.044
2,Union election petitions surge as U.S. workers organize,0.881,0.075,0.904,0.021
3,You'll Go Bananas For Starbucks' Newest Frappuccino,0.906,0.245,0.672,0.083
4,"Down 30%, This Dividend Stock Could Prove That Stock Buybacks Are Overrated",-0.026,0.033,0.933,0.034
5,Why Is Everyone Talking About Dutch Bros?,0.796,0.106,0.894,0.0
6,Starbucks' Decision to Suspend Stock Buybacks Could Be a Good Thing,0.226,0.08,0.862,0.059
7,Starbucks CEO Confirms Arrival to the Metaverse With NFTs This Year,0.979,0.082,0.9,0.017
8,"Howard Schultz, back at Starbucks, vows to move company forward amid union push",0.0,0.0,1.0,0.0
