﻿,Titles,Polarity,Positive,Neutral,Negative
0,Best Oversold Stocks to Buy Now for April 2022,1.0,0.176,0.798,0.026
1,Why Dutch Bros Stock Was Piping Hot This Week,0.382,0.108,0.822,0.071
2,NC woman sues Starbucks over coffee burns,-0.128,0.069,0.837,0.094
3,Amazon faces ‘world-changing’ union vote in NYC,0.998,0.124,0.808,0.067
4,"Down Over 30%, 2 Unstoppable Stocks That Are Compelling Buys for April",0.459,0.064,0.936,0.0
5,3 Easy Ways Starbucks' New CEO Could Grow the Business,0.0,0.044,0.926,0.03
