﻿,Titles,Polarity,Positive,Neutral,Negative
0,Starbucks (SBUX) Gains But Lags Market: What You Should Know,0.992,0.105,0.871,0.024
1,7 Dividend Stocks to Buy on the Current Dip,1.0,0.151,0.812,0.037
2,"Cramer's Mad Money Recap 1/28: Alphabet, Exxon, AMD, Starbucks",0.361,0.106,0.894,0.0
3,"Charter Trust Co Buys iShares TIPS Bond ETF, iShares 1-3 Year Credit Bond ETF, Bank of America ...",0.999,0.121,0.874,0.005
4,Starbucks (SBUX) Gears Up for Q1 Earnings: What's in Store?,0.998,0.127,0.862,0.011
5,"Lesa Sroufe &amp; Co Buys Dole PLC, International Seaways Inc, Berkshire Hathaway Inc, Sells ...",0.984,0.06,0.934,0.006
6,Starbucks Q1 Earnings Preview: International Business Will Be in Focus,0.751,0.103,0.872,0.025
7,Why Dutch Bros Coffee Stock Was Piping Hot Last Week,0.724,0.088,0.892,0.02
