﻿,Titles,Polarity,Positive,Neutral,Negative
0,Starbucks (SBUX) Stock Moves -0.47%: What You Should Know,0.989,0.091,0.894,0.015
1,More Americans want their coffee to taste like candy,0.958,0.103,0.847,0.05
2,"Starbucks Shanghai stores reopen, American Airlines raises revenue guidance, Boeing redesign delayed",-0.318,0.0,0.935,0.065
3,Microsoft breaks with Amazon and Starbucks on unions in vow to voluntarily recognize labor: ‘We have a lot to learn’,0.85,0.08,0.859,0.061
4,Celebrate National Doughnut Day? Here’s why I won’t bite.,0.93,0.299,0.701,0.0
5,Starbucks Reopens Shanghai Stores After Covid Lockdowns Lifted,0.0,0.0,1.0,0.0
6,Brinker International (EAT) Down 10.3% Since Last Earnings Report: Can It Rebound?,0.994,0.085,0.888,0.027
7,Starbucks stores in Shanghai welcome customers as COVID lockdown eases,0.361,0.116,0.884,0.0
8,These 3 Stocks Will Be Key Beneficiaries of China's Reopening,0.361,0.111,0.889,0.0
9,Starbucks Reopening Shanghai Stores in Covid Rebound,-0.913,0.038,0.884,0.078
10,When Clients Ask About Crypto,-0.153,0.11,0.758,0.133
11,Rise of the Raleigh-Durham restaurant scene has top chefs elevating expectations,0.772,0.188,0.812,0.0
12,"Rise of Raleigh, Durham restaurant scene has top chefs elevating expectations",0.772,0.193,0.807,0.0
13,3 Nasdaq 100 Stocks to Buy Hand Over Fist in June,-0.44,0.022,0.92,0.059
