﻿,Titles,Polarity,Positive,Neutral,Negative
0,How Are ETFs Reacting to Starbucks' Q2 Earnings Results?,0.995,0.101,0.876,0.023
1,Is it Legal For Starbucks Not to Raise Wages At Its Union Stores?,-0.586,0.086,0.71,0.204
2,Starbucks Breaks a Promise,0.459,0.182,0.818,0.0
3,Westrock Coffee is the Perfect Blend of Profit and ESG,0.994,0.074,0.925,0.001
4,Wait For Black Rifle Coffee Company To Find Its Footing Before Buying,0.823,0.06,0.891,0.049
5,3 of the Smartest Stocks to Buy With $300 in May,0.755,0.144,0.801,0.055
