﻿,Titles,Polarity,Positive,Neutral,Negative
0,"Starbucks COO to Depart, Role to Be Eliminated in Overhaul",0.895,0.061,0.909,0.03
1,Starbucks eliminating chief operating officer role after current COO Culver leaves,0.755,0.092,0.908,0.0
2,The Unionization Wave Is Rising; Can It Survive A Recession?,0.867,0.398,0.491,0.111
3,Starbucks ordered to reinstate workers fired amid union campaign,0.459,0.097,0.821,0.082
4,Starbucks COO reportedly steps down amid company 'reorganization',0.477,0.031,0.969,0.0
5,"Starbucks must reinstate workers fired amid union drive, federal judge rules",-0.557,0.0,0.87,0.13
6,"Starbucks Must Offer to Rehire Fired Activists, Judge Rules",-0.983,0.077,0.809,0.114
7,UPDATE 1-Russian duo hail Stars Coffee as successor brand to Starbucks,0.869,0.043,0.923,0.034
8,Russian duo hail Stars Coffee as successor brand to Starbucks,0.887,0.045,0.922,0.033
9,Restaurateur and rapper duo to reopen former Starbucks coffee shops in Russia,0.938,0.049,0.933,0.018
10,Is It Too Late to Buy Dutch Bros Stock?,0.606,0.069,0.912,0.019
