﻿,Titles,Polarity,Positive,Neutral,Negative
0,Cannabis Dispensary Shopping With New Cashless Payments: Rewards à la Starbucks With App Available Via Apple And Google,0.999,0.204,0.789,0.007
1,"Dow Jones Today Retakes 35,000 As Stocks Climb On Retail Sales Data; Moderna Spikes; Starbucks Tops Buy Point",0.71,0.258,0.742,0.0
2,"Dow Jones Today, Futures Climb On Strong Retail Sales Data; Moderna Spikes; Starbucks, DocuSign Eye Buy Points",0.527,0.173,0.827,0.0
3,Facebook’s Frustrated Critics Take Their Fight to Washington,-0.946,0.089,0.816,0.096
