﻿,Titles,Polarity,Positive,Neutral,Negative
0,Chipotle Workers Push to Form Union at Maine Location,0.939,0.107,0.817,0.076
1,Why Starbucks Stock Could Be Ready to Run,-0.863,0.047,0.68,0.272
2,"Workers seek union at a Chipotle restaurant, a first for the chain",0.987,0.123,0.855,0.022
3,"Apple store in Maryland becomes first in U.S. to unionize, NLRB opposes Starbucks anti-union efforts",0.273,0.104,0.896,0.0
4,7 Safe Dividend Stocks to Buy for a Bear Market,1.0,0.197,0.756,0.047
5,PRESS DIGEST- New York Times business news - June 23,-0.86,0.028,0.9,0.072
