﻿,Titles,Polarity,Positive,Neutral,Negative
0,Starbucks' 6 Key Financial Ratios (SBUX),0.66,0.286,0.714,0.0
1,Better Buy: Starbucks vs. DoorDash,0.0,0.0,1.0,0.0
2,"Checking In on Casper Sleep, Yeti, and Domino's Pizza",0.402,0.101,0.899,0.0
3,"Checking In on Casper Sleep, Yeti, and Domino's Pizza",0.402,0.101,0.899,0.0
4,15 Best American Stocks to Buy Now,1.0,0.127,0.854,0.019
5,15 Best American Stocks to Buy Now,1.0,0.127,0.854,0.019
6,Red Robin (RRGB) to Report Q1 Earnings: What's in the Cards?,0.994,0.094,0.885,0.021
7,Cracker Barrel (CBRL) to Post Q3 Earnings: What's in Store?,0.995,0.094,0.891,0.015
8,Cracker Barrel (CBRL) to Post Q3 Earnings: What's in Store?,0.995,0.094,0.891,0.015
