﻿,Titles,Polarity,Positive,Neutral,Negative
0,"Starbucks Has Good News for Tesla, Rivian, Lucid (No, Really)",0.144,0.08,0.92,0.0
1,EV Drivers Have a New and Unexpected Reason to Go to Starbucks,0.144,0.08,0.92,0.0
2,Should You Really Buy Starbucks as Union Battle Heats Up?,0.71,0.111,0.848,0.041
3,"Starbucks Solving a Problem for Tesla, EV Industry",0.144,0.08,0.92,0.0
4,Dunkin' unveils new fall menu lineup as more brands lean on all things pumpkin,0.979,0.067,0.925,0.009
5,Starbucks' Success With Cold Drinks Is Just the Tip of the Iceberg in Market News,0.402,0.184,0.816,0.0
6,Coca-Cola is Finally Expanding on a Big Purchase,0.459,0.19,0.81,0.0
