﻿,Titles,Polarity,Positive,Neutral,Negative
0,Your Fave Cup of Coffee From Dunkin' or Starbucks is Getting Pricier,0.681,0.083,0.917,0.0
1,U.S. Futures Dip Ahead of Asia Open; Dollar Steady: Markets Wrap,-0.914,0.058,0.862,0.08
2,Why Starbucks Lost 18% of Its Value in April,0.625,0.17,0.83,0.0
3,Starbucks set to report second-quarter earnings on Tuesday,0.511,0.086,0.847,0.067
4,Dow Futures Move Lower Amid Volatile Trade and Surging Yields,0.961,0.073,0.898,0.029
5,"Pfizer Earnings, Airbnb Rebound, Starbucks Outlook: 3 Things to Watch",0.847,0.066,0.893,0.042
6,"During COVID, shareholder wealth soared while workers were left behind: Brookings",0.998,0.154,0.817,0.029
7,Starbucks Union Fight Intensifies Under CEO Howard Schultz,-0.778,0.074,0.574,0.352
