﻿,Titles,Polarity,Positive,Neutral,Negative
0,"Summit Wealth &amp; Retirement Planning, Inc. ...",0.999,0.115,0.875,0.01
1,How Are ETFs Reacting to Starbucks' Q1 Earnings Results?,0.989,0.086,0.893,0.022
2,Why Starbucks workers want to unionize over 50 stores in the U.S.,0.997,0.108,0.868,0.024
3,"Appleton Partners Inc Buys Alexandria Real Estate Equities Inc, Global X The Global X Video ...",0.996,0.061,0.933,0.006
4,Starbucks unionization push is remarkable relative to food service union levels,-0.422,0.0,0.858,0.142
5,Customer Demand Remains Strong at Starbucks: Fulfilling That Demand Is the Challenge,-0.743,0.057,0.757,0.186
6,Did Hedge Funds Get HDFC Bank Limited (HDB) Right?,0.999,0.133,0.827,0.041
7,3 Sleeper Stocks to Buy Under Wall Street’s Radar,0.99,0.108,0.808,0.084
8,Starbucks Needs Caffeine Boost; Costs Causing Fatigue,0.964,0.093,0.861,0.046
9,Elixxer Announces Effective Date for Share Consolidation,0.998,0.148,0.825,0.027
