﻿,Titles,Polarity,Positive,Neutral,Negative
0,Why I’m not celebrating National Doughnut Day,0.823,0.197,0.757,0.046
1,Top Coffee Stocks for Q3 2022,-0.296,0.0,0.965,0.035
2,Penn Foster names new CEO; Former chief takes C-level role at Starbucks,0.361,0.07,0.93,0.0
3,Why Is Starbucks (SBUX) Down 6.6% Since Last Earnings Report?,0.999,0.112,0.845,0.044
4,This Monster Dividend Stock Could Give Your Portfolio a Much-Needed Summer Vacation,-0.265,0.125,0.698,0.178
5,7 Massively Undervalued Stocks to Buy Before They Go Parabolic,1.0,0.14,0.803,0.057
