﻿,Titles,Polarity,Positive,Neutral,Negative
0,Starbucks workers at 3 more Buffalo-area stores vote to unionize,0.077,0.032,0.968,0.0
1,NY comptroller explains the ‘reputational risk’ of investing in Russian companies,0.103,0.065,0.881,0.054
2,"Trading Pepsi, McDonald's and Starbucks as Trio Pulls Out of Russia",0.813,0.157,0.843,0.0
3,TBJ Plus: Raleigh babysitters earning major dollars; Ukraine war hits NC breweries; Biden targets crypto,-0.103,0.0,0.938,0.063
4,USA Today publisher Gannett says it unintentionally gave advertisers incorrect information,0.0,0.0,1.0,0.0
5,Oatly Gains on Strong Outlook as Plant-Based Milk Gets More Fans,0.961,0.094,0.877,0.03
6,"Ukraine Peace Hopes, Russian Chaos, Apple Launches - What's Moving Markets",-0.989,0.046,0.867,0.088
7,"McDonald's, Starbucks, Coca-Cola Pull Out of Russia",-0.402,0.0,0.847,0.153
