﻿,Titles,Polarity,Positive,Neutral,Negative
0,Starbucks Reports Earnings Tomorrow. Here’s What to Expect.,0.91,0.16,0.84,0.0
1,"Starbucks and Nestlé to Bring Ready-to-Drink Coffee Beverages to Southeast Asia, Oceania and Latin America",0.998,0.125,0.862,0.013
2,Why Starbucks Could Emerge From the Coffee Shortage Even Stronger,-0.765,0.023,0.87,0.107
3,Starbucks' Q3 Earnings Preview: Will Reopening Momentum Last?,0.0,0.039,0.906,0.054
4,Why Starbucks (SBUX) Might Surprise This Earnings Season,0.997,0.189,0.811,0.0
5,5 Corporate Bigwigs to Buy Ahead of Earnings Results Tomorrow,1.0,0.13,0.865,0.005
6,The Best Options Strategy for Recurring Income,-0.166,0.0,0.92,0.08
