﻿,Titles,Polarity,Positive,Neutral,Negative
0,Orlando Starbucks becomes Seattle coffee chain's first Central Florida store to form a union,0.572,0.068,0.932,0.0
1,Starbucks May Take One Popular Choice Off the Menu,0.44,0.074,0.89,0.036
2,Wendy's (WEN) Up 8.5% Since Last Earnings Report: Can It Continue?,0.995,0.076,0.904,0.021
3,"Forget AMC, Here are 3 Better Growth Stocks",0.382,0.133,0.867,0.0
4,Starbucks (SBUX) Down 32% in Past 6 Months: Is Revival Likely?,0.981,0.096,0.852,0.052
5,Here’s Why Polen Capital Sold its Starbucks (SBUX) Stake,0.988,0.103,0.889,0.007
