﻿,Titles,Polarity,Positive,Neutral,Negative
0,Yum Brands CEO on Dolly Parton's big Taco Bell request: Tune into Super Bowl,0.995,0.138,0.839,0.023
1,"Labor challenges ‘aren’t as prevalent outside the U.S.,’ Yum! Brands CEO says",0.636,0.158,0.842,0.0
2,Chipotle CFO: ‘We’ve never had resistance when we raise prices’,0.0,0.0,1.0,0.0
3,Starbucks Fires 7 Employees Who Appeared In Unionization Interview,0.0,0.0,1.0,0.0
4,Chipotle joins Starbucks and McDonald’s in raising prices,0.25,0.093,0.852,0.056
5,Starbucks Corporation -- Moody's assigns Baa1 to Starbucks' proposed $1.5 billion notes offering,0.999,0.109,0.843,0.048
6,Here comes a Chipotle to your small town,0.984,0.088,0.897,0.016
7,Chipotle Soars as Strong 4Q Shows Its Pricing Power,0.91,0.112,0.834,0.054
8,"Starbucks, fired Memphis workers trade accusations amid bitter union fight",-0.982,0.044,0.868,0.089
9,"Starbucks Illegally Fired Seven Activists, Union Says in Complaint",-0.993,0.061,0.789,0.15
