﻿,Titles,Polarity,Positive,Neutral,Negative
0,Starbucks (SBUX) Stock Moves -0.74%: What You Should Know,0.985,0.08,0.902,0.018
1,Boston Starbucks workers seek to unionize after successful Buffalo vote,0.586,0.112,0.888,0.0
2,Starbucks Workers in Boston Area Want to Unionize After Buffalo Victory,0.586,0.192,0.808,0.0
3,2 Top Dividend Stocks You Can Buy and Hold Forever,0.986,0.28,0.72,0.0
4,Starbucks Employees In Boston Seek To Form Union: Report,0.915,0.099,0.887,0.014
5,Starbucks Unionization Efforts Spread to Boston,-0.796,0.0,0.907,0.093
6,Second Chinese city finds food safety issues at some Starbucks stores,-0.395,0.038,0.919,0.044
7,Starbucks outlets in eight China cities inspected for food safety,0.428,0.037,0.943,0.019
8,Second Chinese city finds food safety issues at some Starbucks stores,-0.395,0.037,0.919,0.044
9,Starbucks Workers Push to Unionize in Boston Area After N.Y. Win,0.975,0.118,0.829,0.053
