﻿,Titles,Polarity,Positive,Neutral,Negative
0,Starbucks Competitors: Top 3 Starbucks Rivals,0.743,0.249,0.751,0.0
1,3 Great Cheap Stocks to Buy Heading Into Q2,0.997,0.114,0.845,0.041
2,Chesterfield Starbucks employees set to file for union vote,0.0,0.0,1.0,0.0
3,Downtown Cincinnati Starbucks joins union push,0.0,0.0,1.0,0.0
4,The 10 Drinks at Starbucks With The Highest Calories,0.681,0.109,0.891,0.0
5,SBUX or YUM: Which Stock is Better-Placed at the Moment?,0.999,0.149,0.836,0.015
6,Want to Retire Early? Buy Dutch Bros,0.171,0.048,0.898,0.054
