﻿,Titles,Polarity,Positive,Neutral,Negative
0,Food Costs Are Rising. Here Are the Stocks to Buy.,0.477,0.24,0.76,0.0
1,Russian copycats are stealing intellectual property of American brands,0.511,0.105,0.895,0.0
2,"McDonald's, Starbucks, and others have no recourse for stolen trademarks in Russia",0.984,0.107,0.816,0.076
3,3 Top Stocks to Buy and Hold Until You Retire,0.96,0.191,0.809,0.0
4,3 Consumer Stocks Getting Investor Attention as Risk Appetite Fades,0.989,0.078,0.897,0.025
5,Black Rifle Coffee Company Has the ‘Beyond Pinterest’ Problem,0.994,0.11,0.831,0.058
