﻿,Titles,Polarity,Positive,Neutral,Negative
0,Howard Schultz vows Starbucks rebound after coffee chain ‘lost its way’,-0.361,0.036,0.908,0.056
1,Starbucks Enters New Era of Growth Driven by an Unparalleled Reinvention Plan,1.0,0.126,0.853,0.021
2,Schultz vows Starbucks rebound after coffee chain ‘lost its way’,-0.361,0.036,0.908,0.056
3,"Starbucks rolls out plans for faster service, better employee benefits",0.0,0.0,1.0,0.0
4,"Starbucks to spend $450 million next year to revamp stores, speed up service",-0.308,0.107,0.728,0.165
5,Starbucks unveils business reinvention plans at its Investor Day,0.382,0.14,0.86,0.0
6,Starbucks Stock Earns Key Upgrade; Brewing Fresh Breakout?,0.718,0.333,0.667,0.0
7,Starbucks is giving new financial benefits to employees. There’s just one big catch,0.99,0.121,0.839,0.04
8,Starbucks Is Spending an Extra $450 Million to Revamp Its North American Cafes,-0.039,0.073,0.852,0.075
9,"Starbucks’ Schultz Sees ‘Record’ New Store Growth, Double-Digit Revenue Gains",0.818,0.322,0.678,0.0
10,Starbucks Stock Is Heating Up but Risks Going Cold,-0.422,0.0,0.882,0.118
11,"UPDATE 2-Starbucks exploring tech to ease high U.S. demand, worker stress",0.98,0.08,0.892,0.027
12,"Starbucks exploring tech to ease high U.S. demand, worker stress",0.978,0.079,0.893,0.028
13,"Starbucks exploring tech to ease high U.S. demand, worker stress",0.939,0.102,0.866,0.032
14,Starbucks Launches Loyalty Program Built on NFT Tech,0.993,0.117,0.87,0.013
15,Starbucks Stock Active Ahead of New CEO Narasimhan's First Investor Day,0.0,0.0,1.0,0.0
16,"At Investor Day, Starbucks Plans Strategy ""Reinvention"" to Shake Things Up",0.521,0.166,0.834,0.0
17,Starbucks To Reveal Reinvention Plan Today: CNBC,0.985,0.17,0.792,0.038
18,Dollar Strength Weighs on Earnings Despite a Break in the Inflationary Cloud,-0.475,0.0,0.881,0.119
19,"Starbucks Set to Detail Store Investments, New Cafe Equipment",0.318,0.095,0.905,0.0
20,Starbucks Stock Edges Higher Ahead of New CEO Narasimhan's First Investor Day,0.0,0.0,1.0,0.0
21,"Stocks Push Gains, Inflation, Peloton, Oracle And Starbucks In Focus - Five Things To Know",0.178,0.044,0.956,0.0
22,"Oracle, Peloton, Goldman Sachs Rise Premarket; Rent the Runway Slumps",0.912,0.084,0.87,0.046
23,Dow Futures Rise 215 Pts; U.S. CPI Report Looms Large,0.956,0.071,0.892,0.036
