﻿,Titles,Polarity,Positive,Neutral,Negative
0,"McDonald’s, Starbucks, Coke, Pepsi, GE pull out of Russia over Ukraine invasion",0.01,0.137,0.761,0.103
1,McDonald’s leads fresh exodus of brands from Russia,0.0,0.0,1.0,0.0
2,"McDonald’s, Starbucks, Amazon among latest companies to suspend business in Russia",0.0,0.0,1.0,0.0
3,Starbucks suspending all business activity in Russia,0.402,0.027,0.973,0.0
4,Starbucks Says Business Activity Suspended at 130 Stores in Russia,-0.852,0.073,0.814,0.113
5,Starbucks suspending all business activity in Russia,0.402,0.026,0.974,0.0
6,How big is McDonald's and other fast-food chains in Russia,-0.881,0.064,0.853,0.083
7,How Berkshire Hathaway Could Use Its $144 Billion,0.0,0.0,1.0,0.0
8,"Starbucks (NASDAQ:SBUX) sheds 8.0% this week, as yearly returns fall more in line with earnings growth",0.998,0.155,0.819,0.026
9,10 Stocks to Buy According to Peter Simmie’s Bristol Gate Capital,1.0,0.117,0.875,0.008
