﻿,Titles,Polarity,Positive,Neutral,Negative
0,Chipotle is hot and Starbucks hits pause: Analysts say cost inflation will weigh on restaurants in 2022,0.0,0.0,1.0,0.0
1,Coffee chains are doing away with oat milk surcharges at the exact wrong time,0.743,0.077,0.923,0.0
2,Portillo's CEO on hiring challenges: 'It’s pretty tough to get great people',1.0,0.175,0.792,0.033
3,4 Ways to Tell if a Home Will Be a Solid Investment,0.026,0.07,0.864,0.066
4,"The Zacks Analyst Blog Highlights: Alphabet Inc., salesforce.com, inc. and Starbucks Corp",0.998,0.138,0.838,0.024
5,"GameStop, Sonos, Quidel Rise Premarket; Kohls Falls",0.823,0.076,0.875,0.049
