﻿,Titles,Polarity,Positive,Neutral,Negative
0,Top Coffee Stocks for Q3 2021,-0.296,0.0,0.967,0.033
1,Top Coffee Stocks for Q3 2021,-0.296,0.0,0.967,0.033
2,10 Best Stocks to Buy According to Billionaire Ray Dalio,1.0,0.119,0.862,0.019
3,10 Best Stocks to Buy According to Billionaire Ray Dalio,1.0,0.119,0.862,0.019
4,Florida Gov. DeSantis ‘will lose’ in Supreme Court over anti-LGBTQ law: Alphonso David,0.318,0.099,0.901,0.0
5,Why Chipotle raising prices may be a good thing for its stock,0.993,0.097,0.876,0.028
