﻿,Titles,Polarity,Positive,Neutral,Negative
0,Netflix and Starbucks Do Something Different for Bridgerton Fans,0.893,0.108,0.878,0.014
1,McDonald's Makes a Very Starbucks Move (You'll Love It),0.0,0.0,1.0,0.0
2,Starbucks will open a store in Fells Point,0.0,0.0,1.0,0.0
3,Why Starbucks Corporation (NASDAQ:SBUX) has Limited Avenues for Growth,0.999,0.135,0.827,0.039
4,Apple Is Working on a Hardware Subscription Service for iPhones,0.928,0.05,0.919,0.031
5,Starbucks CEO gets a $60 million ‘golden goodbye’ even as company tries to keep out unions,-0.052,0.0,0.969,0.031
6,"Starbucks' union battles a ‘contributing factor to some of the stock weakness,’ analyst says",0.0,0.0,1.0,0.0
7,Should You Buy These 3 Stocks While They're Down?,0.827,0.127,0.873,0.0
8,Be Careful Before You Lock and Load on Black Rifle Company,0.998,0.113,0.869,0.018
