﻿,Titles,Polarity,Positive,Neutral,Negative
0,"Black Rifle Coffee’s Subscription Model Is Timely, but It’s Not a Slam-Dunk Buy",0.992,0.084,0.886,0.03
1,Ukraine-Russia crisis: America's fast-food giants are at risk,-0.539,0.048,0.898,0.055
2,My Top 2 Reopening Stocks to Buy in March,0.521,0.119,0.824,0.057
3,Dunkin' Puts More Starbucks Favorites On Its Menu; Courts Millennials,0.888,0.18,0.82,0.0
4,"Markets Around the World Are Falling as Russia Bombs Kyiv, Tanks Cross Border",-0.361,0.143,0.662,0.195
5,U.S. business casts a wary eye at the surging labor movement led by young and optimistic activists,0.999,0.113,0.837,0.05
6,Target Plans to Offer Better Curbside Pickup than Walmart,0.671,0.091,0.879,0.029
7,4 Dividend Stocks That Should Pay You Forever,0.25,0.047,0.953,0.0
