﻿,Titles,Polarity,Positive,Neutral,Negative
0,Yum China: Right Place and Right Strategy,0.996,0.167,0.808,0.025
1,Yum China: Right Place and Right Strategy,0.996,0.167,0.808,0.025
2,3 Trends You Might Have Missed in McDonald's Q1 Earnings Report,0.912,0.198,0.802,0.0
3,Here's the 1 Thing to Focus On from Starbucks' Mixed Q2 Results,-0.296,0.0,0.901,0.099
4,McDonald's stock spikes to new record after blockbuster Q1 earnings,0.997,0.149,0.846,0.005
5,5 Numbers That Show Starbucks Is Back,0.967,0.268,0.702,0.03
6,1 Tasty Reason Why Chipotle's Growth Is Here to Stay,0.748,0.12,0.85,0.03
7,3 Stocks Poised for Huge Growth Over the Next Decade,0.382,0.067,0.933,0.0
