﻿,Titles,Polarity,Positive,Neutral,Negative
0,How to Get 90-Plus Free Cups of Coffee at Starbucks Each Year by Spending Under $10 a Week,0.855,0.186,0.788,0.026
1,Starbucks workers petition NLRB over corporate interference in union votes,0.986,0.107,0.837,0.056
2,Starbucks accuses US officials of working in concert with union leaders,0.202,0.059,0.892,0.049
3,"Trump Org. criminal case, Starbucks union fight, publishing trial: 3 legal stories to watch",0.947,0.086,0.853,0.061
4,Starbucks Accuses NLRB Officials Of Misconduct In Union Elections: Reuters,0.974,0.142,0.823,0.035
5,Howard Schultz once spoke of the ‘reservoir of trust’ he had with Starbucks employees–but his war on unions risks destroying that bond,0.964,0.086,0.854,0.06
6,Starbucks Alleges Federal Labor Officials Improperly Handled Union Elections,0.7,0.079,0.921,0.0
7,Starbucks Says US Labor Officials Aided Union Effort in Elections,0.489,0.076,0.857,0.067
8,Should You Really Buy Starbucks Stock?,0.796,0.144,0.856,0.0
9,Is Hypergrowth Stock Dutch Bros the Next Starbucks?,0.751,0.068,0.932,0.0
10,China’s Real Estate Market Crash Can Affect These 10 American Stocks,0.976,0.086,0.841,0.073
11,7 Undervalued Robinhood Stocks to Buy Now,0.933,0.079,0.858,0.064
12,"UPDATE 3-Starbucks seeks to pause union elections at U.S. cafes, claims misconduct",0.919,0.082,0.867,0.052
13,"Starbucks seeks to pause union elections at U.S. cafes, claims misconduct",0.919,0.082,0.865,0.052
14,Starbucks alleges labor board misconduct in union elections at U.S. cafes,-0.103,0.073,0.848,0.079
15,Premium products are on the rise despite record inflation rates and cost-of-living crunch,0.957,0.081,0.912,0.007
16,"Starbucks, Turquoise Hill, Vroom Fall Premarket; PlayAGS Rises",-0.941,0.04,0.859,0.101
