﻿,Titles,Polarity,Positive,Neutral,Negative
0,Starbucks CEO Wants to Reinvent the Coffeehouse Chain,-0.192,0.017,0.945,0.038
1,"Starbucks launches second AmazonGo collaboration, Microsoft cuts employees",0.44,0.094,0.906,0.0
2,Listen and Learn: Magic Johnson Shares How He Closed a 9-Figure Deal With Starbucks,0.565,0.031,0.952,0.017
3,"Disney adds BTS content, Amazon rolls out smart shopping carts, Starbucks closes 16 stores",0.999,0.139,0.829,0.032
4,Starbucks Pickup with Amazon Go to open second location on Tuesday,0.34,0.044,0.956,0.0
5,"Starbucks, Amazon open second cashier-less store and cafe in NYC",0.985,0.094,0.904,0.003
6,PRESS DIGEST- Wall Street Journal - July 12,0.25,0.043,0.923,0.034
