﻿,Titles,Polarity,Positive,Neutral,Negative
0,Starbucks workers will vote on first-ever union at 3 Buffalo stores,0.527,0.129,0.871,0.0
1,"Markets Close at or Near Record Highs; Sales Misses for AAPL, AMZN, SBUX",0.997,0.135,0.812,0.053
2,Starbucks (SBUX) Q4 Earnings Meet Estimates,0.993,0.093,0.902,0.006
3,UPDATE 2-Mexico's Alsea beats net profit estimates in 2021 rebound,0.982,0.122,0.852,0.026
4,Starbucks reports quarterly earnings as pandemic continues to hit,0.0,0.0,1.0,0.0
5,Starbucks Stock is Dragging Because China Sales Were Slow Last Quarter,0.296,0.144,0.773,0.082
6,"Starbucks Q4 revenue, sales miss estimates but loyalty program use soars",0.998,0.147,0.829,0.024
7,Starbucks stock falls as sales growth fails to meet expectations,0.382,0.077,0.923,0.0
8,"Starbucks Earnings Beat, But Sales Miss Amid Rising Costs, As Stock Offers Multiple Setups",0.0,0.0,1.0,0.0
9,UPDATE 2-Starbucks sales disappoint as COVID-19 resurgence hits China,0.988,0.148,0.806,0.046
10,Starbucks sales miss as COVID-19 resurgence hits China,0.99,0.116,0.857,0.027
11,Starbucks sales disappoint as COVID-19 resurgence hits China,0.985,0.141,0.816,0.043
12,"Starbucks Pledges $20 Billion in Dividends, Buybacks After Sales Miss",0.727,0.076,0.865,0.059
13,Starbucks Reports Record Q4 and Full Year Fiscal 2021 Results,1.0,0.09,0.893,0.016
14,What Yum! Brands CEO says about stuffed crust pizza rival Papa John's,0.989,0.124,0.84,0.037
15,Starbucks Is Raising Its Wages. The Stock Is Slipping.,0.296,0.047,0.934,0.018
16,Starbucks to Raise Wages to Average $17-Hour by Summer 2022,0.0,0.0,1.0,0.0
17,"A Peek Into The Markets: US Stock Futures Edge Higher; Apple, Amazon Earnings In Focus",-0.34,0.046,0.909,0.045
18,"7 Stocks To Watch For October 28, 2021",0.989,0.117,0.883,0.0
19,"Starbucks, Costco bump up wages amid national labor shortage",0.929,0.156,0.844,0.0
