﻿,Titles,Polarity,Positive,Neutral,Negative
0,Black Rifle Coffee Hopes to Avoid Being a Red State Icarus,0.971,0.094,0.836,0.07
1,"Apple Is Union-Busting In NYC, Labor Group Alleges",-0.514,0.073,0.847,0.08
2,Starbucks Stock Is Falling Sharply; Why A Covered Call Makes Sense Now,0.318,0.126,0.874,0.0
3,Early Bird Coffee replacing former Starbucks at Huebner Oaks,0.273,0.11,0.89,0.0
4,Dillard and Starbucks have been highlighted as Zacks Bull and Bear of the Day,1.0,0.107,0.859,0.034
5,Bear of the Day: Starbucks Corp. (SBUX),0.802,0.07,0.871,0.059
6,"Starbucks, joining Amazon, offers to cover travel costs for abortions",0.735,0.205,0.795,0.0
