﻿,Titles,Polarity,Positive,Neutral,Negative
0,Starbucks Announces Q2 Fiscal Year 2022 Results Conference Call,0.906,0.072,0.928,0.0
1,Analysts Estimate Starbucks (SBUX) to Report a Decline in Earnings: What to Look Out for,0.998,0.147,0.798,0.055
2,Starbucks Will Give You a Discount and Rewards if You Bring Your Own Cup Starting Friday,0.691,0.122,0.878,0.0
3,1 Reason to Buy Starbucks and 1 Reason to Stay Clear Today,-0.624,0.047,0.839,0.114
4,3 Robinhood Stocks That Are Great Long-Term Picks,0.952,0.262,0.738,0.0
5,7 Undervalued Stocks That Can Withstand High Inflation and a Recession,1.0,0.12,0.846,0.034
6,Starbucks Will Bribe You to Bring Your Own Cup!,0.477,0.249,0.633,0.118
