﻿,Titles,Polarity,Positive,Neutral,Negative
0,Starbucks to Require Vaccines or Weekly Testing for U.S. Workers,-0.103,0.0,0.957,0.043
1,Starbucks says employees must get COVID vaccine by Feb. 1 or get tested weekly,0.477,0.058,0.942,0.0
2,"Starbucks Imposes Covid-19 Vaccine, Testing Requirements for U.S. Workers",0.0,0.0,1.0,0.0
3,UPDATE 1-Starbucks says U.S. workers must get COVID-19 vaccine or tests,0.785,0.051,0.949,0.0
4,"Starbucks, DoorDash, Domino's: Restaurant Gift Cards Make a Holiday Comeback",0.951,0.187,0.801,0.012
5,Starbucks to Require Vaccine or Weekly Testing for U.S. Workers,0.923,0.068,0.9,0.032
6,Starbucks Requiring U.S. Workers To Get Vaccinated Or Tested,0.0,0.0,1.0,0.0
7,Tesla Surges After Delivery Record Stuns Wall Street,0.986,0.081,0.894,0.025
