﻿,Titles,Polarity,Positive,Neutral,Negative
0,McDonald’s CEO Raises Crime Concerns for Business in Chicago,-0.691,0.077,0.712,0.211
1,Why Wednesday's 2 Stand-Out Stock Winners Could Keep Climbing,0.178,0.115,0.789,0.096
2,Stock Market Today: Stocks Close Higher After Terrible Tuesday,0.995,0.095,0.879,0.026
3,Dow Jones Up As Stocks Struggle; New Cathie Wood Buy Rockets On This; Bitcoin Loses Key Level,-0.34,0.0,0.902,0.098
4,Dow Jones Dips As Stocks Struggle; New Cathie Wood Buy Rockets On This; Bitcoin Loses Key Level,-0.34,0.0,0.902,0.098
5,"Starbucks stock jumps after bigger profit promised, but analysts have doubts about ‘almost shockingly good’ targets",0.785,0.264,0.736,0.0
6,US STOCKS-Wall Street sputters amid rate hike jitters,0.737,0.075,0.856,0.069
7,Your Starbucks Order Is About to Get to You a Lot Faster,0.7,0.126,0.809,0.065
8,Stock Market Tries To Recover; Oil Stocks Break Out Of Bases,-0.402,0.058,0.843,0.099
9,Starbucks’ Reinvention Plan Boosts the Stock. The Bar May Have Been Set Too High.,0.226,0.122,0.815,0.063
10,Stock Market Today: Dow Ends Higher as Investors Put Inflation Report Behind,-0.93,0.066,0.823,0.111
11,US STOCKS-Wall Street rebounds after selloff on rate hike worries,0.811,0.081,0.863,0.056
12,Why Starbucks Stock Popped Wednesday Morning,0.7,0.095,0.905,0.0
13,Starbucks Could Still Face Technical Headwinds,0.459,0.103,0.869,0.029
14,US STOCKS-Wall Street edges higher after rout on rate hike worries,0.989,0.101,0.86,0.039
15,2 Robinhood Stocks With Market-Beating Potential,0.197,0.1,0.836,0.064
16,"Midday Movers: Twilio, Starbucks, Moderna and More",0.44,0.055,0.907,0.039
17,Starbucks CFO talks reinvention plan for customers and partners,1.0,0.168,0.824,0.008
18,Starbucks (SBUX) Stock Up on Robust Plans for 2023-2025,0.999,0.149,0.848,0.004
19,Stocks Edge Higher as Investors Shake Off August Inflation Report,-0.941,0.048,0.853,0.1
20,Starbucks Spills the Beans on Its Future,-0.572,0.064,0.755,0.181
21,2 Growth Stocks to Buy With Just $500,0.681,0.292,0.708,0.0
22,Wall Street Predicts Another Volcker Moment to Tame Sticky Inflation,0.128,0.091,0.801,0.108
23,7 Stocks to Buy to Protect Your Portfolio From a Super Bubble,1.0,0.204,0.766,0.03
24,U.S. Stocks Open Higher After Worst Day in 2 Years,-0.936,0.048,0.859,0.093
25,"Starbucks Plans 3,000 New China Stores Despite Sinking Sales From Covid Policies",0.402,0.149,0.773,0.077
26,"Starbucks Stock Jumps On New Profit Goals, Store Investment Boost",0.382,0.085,0.915,0.0
27,"Stock Futures Bounce, Big Fed Rate Bets Are Back, Starbucks, Twitter and Rail Strikes In Focus - Five Things To Know",0.7,0.168,0.766,0.066
28,"Alphabet, Nucor, Bristol-Myers Squibb Fall Premarket; Starbucks Rises",0.987,0.145,0.839,0.015
29,Union workers at Pacific Northwest timber giant go on strike,0.807,0.125,0.838,0.036
