﻿,Titles,Polarity,Positive,Neutral,Negative
0,Howard Schultz seeks to bring Starbucks back up to full strength,0.66,0.221,0.779,0.0
1,Starbucks (SBUX) Gains As Market Dips: What You Should Know,0.994,0.11,0.874,0.016
2,Is Most-Watched Stock Starbucks Corporation (SBUX) Worth Betting on Now?,0.999,0.131,0.862,0.008
3,Nearing Retirement? These Stocks Could Pay You for Life,0.965,0.208,0.792,0.0
4,Why Ramit Sethi Says You Can 'Buy All the Lattes You Want' and Still Save Money,0.917,0.176,0.824,0.0
5,7 Best Consumer Stocks to Buy Now,1.0,0.172,0.759,0.069
