﻿,Titles,Polarity,Positive,Neutral,Negative
0,"4 Top Stock Trades for Monday: SNAP, SBUX, ROKU, FB",0.998,0.155,0.816,0.029
1,15 Best Consumer Discretionary Stocks to Buy Now,1.0,0.112,0.868,0.02
2,Factors Setting the Tone for Starbucks' (SBUX) Q3 Earnings,0.995,0.104,0.892,0.004
3,"3 Big-Brand Stocks That Turned $10,000 Into More Than $1 Million",0.956,0.317,0.683,0.0
4,Options for Beginners: Choosing the Right Shares for Your Covered Calls,0.296,0.121,0.879,0.0
5,Wall Street Opens Higher as Social Media Lifts Market; Dow Tops 35k,0.815,0.084,0.851,0.065
