﻿,Titles,Polarity,Positive,Neutral,Negative
0,"Google Blows Away Q1 Estimates; Plus MSFT, SBUX &amp; More",0.999,0.183,0.79,0.026
1,Starbucks (SBUX) Tops Q2 Earnings Estimates,0.994,0.1,0.891,0.009
2,"Dow Jones Futures: Microsoft, Google, AMD Lead Earnings Movers As Stock Market Rally Seeks Direction",0.05,0.081,0.846,0.073
3,"Dow Jones Futures: Stock Market Rally Holds Near Highs; Microsoft, Google, AMD Are Earnings Movers",0.05,0.081,0.846,0.073
4,Starbucks Lifts Full-Year Guidance But Q2 Earnings Mixed,0.0,0.0,1.0,0.0
5,Starbucks’ Global Sales Miss Estimates Despite U.S. Strength,0.939,0.083,0.881,0.036
6,Starbucks stock falls after mixed fiscal Q2 earnings,0.0,0.0,1.0,0.0
7,Starbucks sales disappoint as lockdowns abroad keep coffee drinkers at home,0.945,0.09,0.857,0.053
8,Starbucks reports mixed Q2 earnings,0.829,0.084,0.877,0.039
9,"Starbucks Q2 results show full sales recovery in the U.S., raises fiscal 2021 guidance",0.993,0.116,0.87,0.014
10,UPDATE 1-Starbucks sales disappoint as lockdowns abroad keep coffee drinkers at home,0.945,0.088,0.861,0.051
11,Starbucks lifts annual forecasts as coffee drinkers shake off pandemic stress,0.919,0.096,0.868,0.036
12,Starbucks Reports Q2 Fiscal 2021 Results,1.0,0.08,0.895,0.026
13,Starbucks Earnings Due Amid Questions Over 'Unblemished' Gains,0.296,0.121,0.879,0.0
14,3 Stocks to Hold for the Next 20 Years,0.494,0.158,0.842,0.0
15,Starbucks Revenue Misses Estimates as Transactions Slip,0.511,0.191,0.809,0.0
16,"Tech Time: Microsoft, Advanced Micro Devices, Alphabet Reporting After Close Today",1.0,0.13,0.828,0.042
17,Earnings Season in Full Swing,0.996,0.164,0.811,0.025
18,Robust Comps Growth to Drive Domino's (DPZ) Q1 Earnings,0.998,0.126,0.871,0.003
19,Starbucks Earnings: 2 Key Metrics to Watch,0.856,0.108,0.892,0.0
20,"Tesla's Bitcoin-Fueled Profit, Peak Earnings Season, FOMC - What's Moving Markets",0.98,0.094,0.848,0.058
