﻿,Titles,Polarity,Positive,Neutral,Negative
0,Starbucks (SBUX) Stock Moves -0.5%: What You Should Know,0.986,0.087,0.889,0.024
1,What You Need To Know About Starbucks Corporation's (NASDAQ:SBUX) Investor Composition,0.997,0.1,0.874,0.026
2,"Restaurants: 'Labor issue is probably more of a disruption' than Omicron, analyst says",-0.128,0.0,0.947,0.053
3,"Starbucks takes hard line on unions, insists will ‘come to the table’ with Buffalo workers",0.985,0.086,0.891,0.023
4,"Starbucks to Bargain ‘in Good Faith’ With Union in Buffalo, N.Y.",0.942,0.113,0.835,0.052
5,New Strong Sell Stocks for December 20th,0.983,0.12,0.88,0.0
6,Beyond Meat Plans for New State-of-the-Art R&amp;D Center in Shanghai,0.389,0.041,0.931,0.028
7,3 Restaurant Stocks That Look Tasty Following the Del Taco Deal,0.997,0.124,0.853,0.023
