﻿,Titles,Polarity,Positive,Neutral,Negative
0,Ackman takes stake in Domino's,0.997,0.162,0.831,0.006
1,Ackman's Pershing Square swaps Starbucks for a slice of Domino's,0.95,0.125,0.875,0.0
2,Ackman's Pershing Square swaps Starbucks for a slice of Domino's,0.95,0.125,0.875,0.0
3,UPDATE 2-Ackman's Pershing Square swaps Starbucks for a slice of Domino's,0.95,0.119,0.881,0.0
4,UPDATE 2-Ackman's Pershing Square swaps Starbucks for a slice of Domino's,0.95,0.119,0.881,0.0
5,"Domino's Pizza Hits Record High on Bill Ackman Stake, Starbucks Slides",0.494,0.122,0.878,0.0
6,Biden’s statements about China ‘less worrying’ than Trump’s: Yum China CEO,0.0,0.0,1.0,0.0
