﻿,Titles,Polarity,Positive,Neutral,Negative
0,"Biltmore Wealth Management, LLC Buys iShares 1-3 Year Treasury Bond ETF, Southern Co, Fortune ...",0.997,0.167,0.807,0.025
1,Starbucks baristas behind union drive describe 'super stressful' workplace,0.997,0.112,0.817,0.072
2,10 Stocks Drawing Attention on Earnings Reports,0.998,0.108,0.876,0.016
3,Coffee-Shop Chains Follow Through on Warnings of Higher Prices,-0.7,0.034,0.912,0.055
4,Starbucks CEO gives a nod to barista labor push: ‘We always listen to our partners',0.914,0.046,0.933,0.021
5,Starbucks Earnings: 5 Numbers to Savor,0.777,0.146,0.8,0.054
6,Which Fast-Food Chain Do Americans Love the Most?,0.949,0.203,0.784,0.014
7,Starbucks expects to raise menu prices this year,0.0,0.0,1.0,0.0
8,Goldman Sachs downgrades Starbucks as cost pressures weigh on results,-0.273,0.0,0.866,0.134
9,Inflation is a serious and pressing challenge for American households: Biden advisor,0.977,0.092,0.881,0.028
10,Did The Smart Money Play Bristol Myers Squibb Company (BMY) Correctly?,0.996,0.083,0.911,0.006
11,"Starbucks CEO warns of supply chain disruptions, price hikes in earnings call",0.996,0.11,0.854,0.036
12,Were Hedge Funds Right About Starbucks Corporation (SBUX)?,0.997,0.097,0.883,0.021
13,Were Hedge Funds Right About American Express Company (AXP)?,0.999,0.132,0.862,0.006
14,Starbucks Is Raising Prices (Again): What Does That Mean for Your Coffee?,0.0,0.0,1.0,0.0
15,Was The Smart Money Right About The Charles Schwab Corporation (SCHW)?,0.996,0.086,0.901,0.013
16,"Earnings: PayPal misses, Starbucks to raise prices, GM to accelerate EVs",0.0,0.0,1.0,0.0
17,"US STOCKS-Nasdaq extends rally on Alphabet, AMD results",0.986,0.1,0.863,0.037
18,"Starbucks (SBUX) Q1 Earnings Miss Estimates, Revenues Top",0.999,0.107,0.872,0.021
19,"US STOCKS-Nasdaq set to jump on Alphabet, AMD results boost",0.975,0.076,0.899,0.025
20,"US STOCKS-Nasdaq futures jump after Alphabet, AMD results",0.982,0.093,0.875,0.032
21,Why your Starbucks coffee is going to cost more,0.95,0.074,0.89,0.036
22,Alphabet Stock Is Taking Off. The Tech Comeback Is On.,0.361,0.092,0.861,0.047
23,Is Store-Bought Coffee Wrecking Your Savings Goals?,0.402,0.085,0.861,0.054
24,"The Zacks Analyst Blog Highlights: Alphabet, General Motors, Advanced Micro Devices, PayPal and Starbucks",0.999,0.133,0.847,0.02
25,"Alphabet, AMD and Capri Rise Premarket; PayPal, Starbucks Fall",0.984,0.133,0.834,0.033
26,Starbucks Is Hiking Prices Again. Here's How Much a Latte Will Cost,0.0,0.0,1.0,0.0
27,"Google, AMD, PayPal, Starbucks and Stock Markets - Five Things You Must Know",0.44,0.132,0.791,0.077
28,Starbucks Falls as Cost Pressure Forces Cut in Profit Guidance,-0.67,0.036,0.903,0.061
29,"Greystone Financial Group, LLC Buys iShares U.S. ...",0.99,0.05,0.94,0.01
