﻿,Titles,Polarity,Positive,Neutral,Negative
0,"Meta, Exxon, Snap: Stocks That Defined the Week",0.0,0.0,1.0,0.0
1,Further Downside Brewing for Starbucks (SBUX)?,0.052,0.104,0.802,0.094
2,"Seven Springs Wealth Group, LLC Buys Bank of America Corp, Microsoft Corp, iShares S&amp;P ...",1.0,0.137,0.858,0.005
3,"Starbucks hikes prices with more on the way, but insists demand is 'very strong'",0.989,0.109,0.866,0.024
4,"Bank Pictet &amp; Cie (asia) Ltd Buys Mastercard Inc, Starbucks Corp, Alphabet Inc, Sells ...",0.991,0.056,0.94,0.005
5,Why Dutch Bros Stock Is Soaring 19% This Week,0.772,0.145,0.779,0.077
6,Plenty Brewing at Starbucks,0.982,0.102,0.871,0.028
7,"Auxano Advisors, LLC Buys Costco Wholesale Corp, iShares MSCI Intl Quality Factor ETF, ...",0.995,0.067,0.929,0.004
8,4 Coffee Stocks to Buy as Cabin Fever Kicks In and Foot Traffic Picks Up,0.905,0.073,0.867,0.061
