﻿,Titles,Polarity,Positive,Neutral,Negative
0,How to Teach Your Child About Cryptocurrency,0.42,0.117,0.883,0.0
1,Starbucks Is Offering Good Value,0.999,0.152,0.824,0.024
2,First Starbucks union vote in South inconclusive after close tally,0.622,0.074,0.854,0.072
3,Ladue Starbucks workers seek to join union,0.0,0.0,1.0,0.0
4,UPDATE 1-Starbucks store in Tennessee votes to unionize - workers group,0.836,0.062,0.927,0.011
5,Starbucks store in Tennessee votes to unionize - workers group,0.836,0.063,0.925,0.012
6,Lovesac (LOVE) Surpasses Q4 Earnings and Revenue Estimates,0.994,0.093,0.892,0.015
