﻿,Titles,Polarity,Positive,Neutral,Negative
0,Of SBUX and BROS: Investors have high hopes for Oregon's hot coffee brand,0.935,0.157,0.843,0.0
1,New Strong Sell Stocks for November 3rd,0.939,0.079,0.898,0.023
2,A union vote at Starbucks could be a rare success for organizing franchise workers,0.586,0.202,0.798,0.0
3,Dutch Bros: The Pros And Cons of This Supercharged Drinks Chain,0.997,0.093,0.889,0.018
4,Starbucks to launch a new Almondmilk Latte for the holidays,0.691,0.115,0.885,0.0
5,"Down on Earnings, These 3 Dividend Stocks Are Great Buys Now",0.732,0.132,0.827,0.041
6,5 Reasons There Has Never Been a Better Time to Buy Starbucks Stock,0.906,0.17,0.817,0.013
7,"Starbucks rolls out holiday drink menu, featuring a new sugar cookie latte",0.987,0.109,0.88,0.01
