﻿,Titles,Polarity,Positive,Neutral,Negative
0,What's Up With Starbucks Shares Trading Lower Today?,-0.144,0.041,0.917,0.043
1,"Dutch Bros’ public debut: ‘We’ve been a very disciplined growth company from the beginning’, CEO says",0.273,0.063,0.937,0.0
2,Why Taco Bell's subscription plan 'makes a lot of sense' in fast food wars,0.993,0.087,0.888,0.025
3,CEO Interview: Coffee Chain Dutch Bros Surges 41% on IPO After “Broistas” Fuel America Through Covid,0.992,0.095,0.883,0.022
4,"Retail Sales, Ongoing Unemployment, New Claims: 3 Things to Watch",0.44,0.069,0.871,0.059
5,Wall Street Opens Flat to Lower as Economic Fears Persist; Dow Down 15 Pts,0.929,0.086,0.877,0.036
