﻿,Titles,Polarity,Positive,Neutral,Negative
0,New tenants in the works for Elk Grove's Sheldon Place development,0.0,0.0,1.0,0.0
1,Ken Fisher Is Selling These 10 Stocks,1.0,0.141,0.842,0.017
2,Starbucks increasing efforts to recruit and maintain diverse talent,0.0,0.0,1.0,0.0
3,Burger King CEO on Whopper: We want to reclaim the flame,0.99,0.094,0.901,0.005
4,"Starbucks union push: Arizona store vote delayed, workers 'fired up'",0.0,0.0,1.0,0.0
5,Starbucks union vote in Arizona delayed by National Labor Relations Board,-0.226,0.0,0.899,0.101
6,"Restaurant Brands CEO talks earnings, Justin Bieber collaboration, and inflation",0.743,0.142,0.858,0.0
7,Starbucks Faces Online Uproar in China After Coffee Price Hike,0.318,0.081,0.919,0.0
8,Wingstop CEO on overcoming supply chain issues: 'Use more of the chicken',0.077,0.061,0.939,0.0
9,Work-From-Home Coffee Breaks Boost Nestle,0.0,0.0,1.0,0.0
10,Top 10 Stock Picks of Billionaire Ray Dalio,0.999,0.103,0.875,0.022
11,"Coffee chains Starbucks, Tim Hortons raise prices in China",0.533,0.042,0.945,0.013
