﻿,Titles,Polarity,Positive,Neutral,Negative
0,"Starbucks demand 'hasn't been an issue' ahead of reinvention plan, analyst says",0.754,0.025,0.967,0.008
1,"Starbucks narrows CEO search, and 4 other takeaways from earnings report",0.0,0.0,1.0,0.0
2,Why Shopify Stock Was Popping Today,-0.671,0.12,0.67,0.209
3,Stock Market Adds To Summer Gains Despite Obstacles; eBay And McKesson On Deck,0.625,0.117,0.823,0.06
4,Does the Pumpkin Spice Craze Start In August Now?,0.735,0.062,0.938,0.0
5,"Starbucks CFO 'encouraged' by over-delivery of expectations, consumer behavior shift",0.983,0.084,0.897,0.019
6,Stock Market Today: Dow Delivers Swashbuckling Gains as Earnings Shine,0.981,0.1,0.863,0.036
7,"Starbucks is ‘spending a fair amount of money’ on wage increases, analyst says",0.599,0.167,0.789,0.044
8,"S&amp;P 500 in Rally Mode on Positive Earnings, Stronger Economic Data",0.976,0.084,0.89,0.026
9,Biden’s isolation under White House protocol requires a negative test before in-person work. That’s stricter than CDC guidelines.,-0.572,0.0,0.866,0.134
10,"Starbucks CFO talks earnings, iced drinks, and unionization",0.273,0.1,0.843,0.057
11,"Midday Movers: Match Group, CVS Health, Moderna and More",0.765,0.087,0.87,0.042
12,Did Starbucks Just Give Investors 8 Billion Reasons to Buy Its Stock Right Now?,0.718,0.304,0.696,0.0
13,"Starbucks (SBUX) Q3 Earnings Top, Revenues Miss, Shares Rise",0.999,0.14,0.819,0.041
14,Stock Market Today - 8/3: Stocks Rise as Investors Await Key Economic Data,-0.402,0.0,0.909,0.091
15,"Stocks Waver, Pelosi and Taiwan, OPEC+, Robinhood, Starbucks - Five Things To Know",-0.202,0.0,0.943,0.057
16,"Moderna, PayPal, CVS Health Rise Premarket; Airbnb, Match Group Fall",0.952,0.103,0.841,0.056
17,Starbucks (SBUX) Q3 2022 Earnings Call Transcript,0.557,0.07,0.892,0.038
