﻿,Titles,Polarity,Positive,Neutral,Negative
0,3 Large-Cap Stocks to Buy at Discounts Before Earnings,0.998,0.143,0.849,0.009
1,"This stock market correction ‘is not over yet,’ strategist says",0.999,0.108,0.865,0.027
2,Starbucks Announces Q1 Fiscal Year 2022 Results Conference Call,0.906,0.073,0.927,0.0
3,"Restaurant industry: 'Big chains are definitely at an advantage now,' analyst says",0.998,0.089,0.88,0.03
4,"Pioneer Trust Bank N A Buys Raytheon Technologies Corp, TJX Inc, Walmart Inc, Sells Lockheed ...",0.999,0.135,0.857,0.009
5,10 Best Epicenter Stocks To Buy Now,0.998,0.085,0.887,0.028
6,Starbucks Expands Delivery Service in China,0.0,0.0,1.0,0.0
7,UPDATE 1-Starbucks expands delivery services in China with Meituan tie-up,0.956,0.056,0.932,0.012
8,Starbucks expands delivery services in China with Meituan tie-up,0.947,0.053,0.934,0.013
9,Starbucks expands delivery services in China with Meituan tie-up,0.947,0.053,0.934,0.013
