﻿,Titles,Polarity,Positive,Neutral,Negative
0,Target Will Bring Starbucks to Your Car Now (Take That Walmart),0.671,0.091,0.879,0.029
1,"Target Trumps Walmart: Adds Returns, Starbucks to Curbside Service",0.671,0.091,0.879,0.029
2,Starbucks to Webcast 2022 Annual Meeting of Shareholders,0.92,0.066,0.934,0.0
3,Pepsi Borrows a Big Idea from Starbucks,0.0,0.0,1.0,0.0
4,Union vote count for Starbucks stores in New York delayed,-0.226,0.0,0.872,0.128
5,Starbucks union vote in Buffalo gets delayed as labor battle heats up,0.983,0.084,0.873,0.043
6,"Inflation Tops List of Investors' Concerns, Survey Says",0.25,0.21,0.67,0.121
7,UPDATE 2-Starbucks union ballot count postponed for three more NY locations,0.872,0.064,0.894,0.042
8,Starbucks union ballot count postponed for three more NY locations,0.872,0.066,0.892,0.043
9,Starbucks Bid to Stop Arizona Union Vote-Count Gets Rejected by Labor Board,0.708,0.046,0.917,0.038
10,Target to test Starbucks orders and merchandise returns at curbside pickup,0.0,0.0,1.0,0.0
11,7 Publicly Traded Companies That Are Killing It on TikTok,0.999,0.121,0.822,0.057
