﻿,Titles,Polarity,Positive,Neutral,Negative
0,Who are the Financial Leaders of Tomorrow?,0.0,0.0,1.0,0.0
1,Tension between union and Starbucks escalates as baristas strike at Capitol Hill shop,0.202,0.083,0.917,0.0
2,"Twitter-Musk trial, Starbucks closures: Top legal stories to watch",-0.103,0.059,0.866,0.075
3,Changing Work Patterns Leave Starbucks Weighing Sale of UK Unit,0.986,0.075,0.917,0.008
4,"Musk moves to delay Twitter trial, Starbucks eyes sale of UK business, heatwave hits UK, Skittles sued",-0.226,0.0,0.934,0.066
5,"Twitter-Musk, Starbucks closures, Google and antitrust: 3 legal stories to watch",0.296,0.069,0.873,0.058
6,What Tech Earnings Will Tell Us About a Second-Half Recession,-0.612,0.0,0.857,0.143
