﻿,Titles,Polarity,Positive,Neutral,Negative
0,"UPDATE 1-Mexico's Alsea posts quarterly loss, praises Starbucks comeback",0.402,0.036,0.936,0.029
1,"UPDATE 1-Mexico's Alsea posts quarterly loss, praises Starbucks comeback",0.402,0.036,0.936,0.029
2,3 Must-See Numbers From Starbucks' Earnings Report,0.859,0.125,0.859,0.016
3,Here's Why Starbucks' CEO Is Tracking the Moderna Vaccine Rollout,0.71,0.097,0.903,0.0
4,Morning Bell With Jim Cramer: When to Buy Microsoft Stock,0.296,0.136,0.864,0.0
5,15 Billionaires Who Came From Nothing,0.999,0.125,0.829,0.045
