﻿,Titles,Polarity,Positive,Neutral,Negative
0,Starbucks (SBUX) Gains As Market Dips: What You Should Know,0.977,0.076,0.896,0.028
1,CPI data shows food prices continue to rise for American consumers,0.984,0.079,0.894,0.027
2,How many workers have tried to join a labor union in Orlando?,0.785,0.095,0.905,0.0
3,"Inflation: Coffee visits to Starbucks, Dunkin' drop as record-high inflation takes hold",0.992,0.085,0.897,0.019
4,15 Most Valuable Beverage Companies in the World,0.996,0.073,0.922,0.005
5,Starbucks returning CEO Schultz is giving staff active shooter training and shuttering 16 stores after employee safety complaints,0.992,0.096,0.874,0.03
6,7 Nasdaq Stocks to Sell Now,0.987,0.099,0.815,0.086
7,5 Best Stocks to Buy if You Have $250 to Spend,0.998,0.104,0.864,0.032
8,"Starbucks to close six Los Angeles stores, citing safety problems",0.42,0.062,0.896,0.042
