﻿,Titles,Polarity,Positive,Neutral,Negative
0,"Shell Plans Adidas, Starbucks Stores at Philippine Gas Stations",-0.808,0.049,0.886,0.065
1,Starbucks investors push for review of how company is dealing with union activity,0.778,0.214,0.786,0.0
2,Starbucks Directors Scoop Up the Beaten-Down Stock,0.296,0.109,0.891,0.0
3,Starbucks Is Serving Up Hot Growth Expectations,0.718,0.157,0.843,0.0
4,"Beat the Market Like Zacks: Hargreaves Lansdown (HRGLY), Starbucks (SBUX), Johnson &amp; Johnson (JNJ) in Focus",0.998,0.109,0.87,0.021
5,Bullish Starbucks Corporation (NASDAQ:SBUX) insiders filled their treasuries with US$21m worth of stock over last year,0.999,0.185,0.795,0.02
6,"Inspirational Quotes: Danica Patrick, Candace Parker And Others",0.44,0.072,0.897,0.031
7,5 High-Conviction Stocks to Buy in the Next Market Correction,0.806,0.106,0.894,0.0
