﻿,Titles,Polarity,Positive,Neutral,Negative
0,Jim Cramer Is Monitoring These Stocks 10 Stocks for Market Recovery,1.0,0.12,0.866,0.014
1,"Starbucks (SBUX) Rides on Comps &amp; Store Growth, Cost Woes Stay",0.999,0.159,0.833,0.008
2,"Top Research Reports for Deere &amp; Company, Starbucks &amp; SAP",0.999,0.196,0.725,0.079
3,Royal Caribbean Advances Two Huge Passenger-Friendly Changes,0.414,0.121,0.879,0.0
4,New Restaurant Driving Community Through NFTs,0.34,0.094,0.906,0.0
5,Oil Creeps Higher Ahead of Looming Central Bank Rate Hikes,-0.957,0.068,0.827,0.104
