﻿,Titles,Polarity,Positive,Neutral,Negative
0,Howard Schultz buys $10M worth of Starbucks stock,0.427,0.139,0.799,0.062
1,Howard Schultz buys millions worth of Starbucks stock,0.427,0.139,0.799,0.062
2,"Starbucks stores in Long Beach, Lakewood unionize as labor movement hits Southern California",0.905,0.067,0.933,0.0
3,Starbucks stock rises after CEO Howard Schultz buys $10 million worth of shares,0.0,0.0,1.0,0.0
4,Starbucks’ CEO Bought $10 Million of the Beaten-Down Stock,0.296,0.095,0.905,0.0
5,3 Bear Market Mistakes Investors Should Avoid at All Costs,0.202,0.101,0.899,0.0
6,Apple Extols Its Benefits to Retail Staff as It Faces Union Push,0.982,0.102,0.852,0.046
