﻿,Titles,Polarity,Positive,Neutral,Negative
0,Starbucks to launch 'Heritage Market' concept at 3 Seattle stores,0.0,0.0,1.0,0.0
1,NLRB seeks court order to block Starbucks from interfering with union drives,-0.296,0.0,0.905,0.095
2,Apple Union Getting Calls From ‘All Over’ After Win in Maryland,0.983,0.113,0.804,0.083
3,Starbucks Wants to Take on Both Popeyes and Wendy's,-0.026,0.019,0.96,0.021
4,"Baltimore Apple store unionizes, Mondelez buys Clif Bar, 'Lightyear' sees $51 million opening",0.852,0.071,0.914,0.015
5,3 Stocks That Are Easy Wealth Builders,0.527,0.253,0.747,0.0
6,Starbucks' summer menu includes a Pineapple Passionfruit Refresher and a chicken sandwich,0.743,0.079,0.921,0.0
7,7 Stocks Seeing Significant Insider Buying,0.999,0.122,0.857,0.021
