﻿,Titles,Polarity,Positive,Neutral,Negative
0,Starbucks' Next Customer Magnet: EV Charging With Your Coffee,0.993,0.092,0.886,0.022
1,Starbucks (SBUX) Dips More Than Broader Markets: What You Should Know,0.981,0.079,0.899,0.022
2,TBJ Plus: Missing Carolina man's boat found across the Atlantic; Training day in Raleigh; McDonald's still dominates,-0.34,0.097,0.719,0.183
3,"Midterm elections, employer abortion benefits: What to watch in D.C. this week",0.0,0.0,1.0,0.0
4,Companies announce abortion benefits as trigger bans take effect in some states,0.494,0.132,0.868,0.0
5,"Amazon, Target suggest Wall Street remains 'overly optimistic' on consumers",0.772,0.095,0.832,0.073
6,3 Growth Stocks That Are Screaming Summer Buys,0.93,0.262,0.717,0.021
