﻿,Titles,Polarity,Positive,Neutral,Negative
0,"McDonalds, Starbucks, others slow to embrace indoor dining as restaurants boom",0.994,0.077,0.893,0.03
1,3 Stocks You Can Keep Forever,0.832,0.328,0.672,0.0
2,3 Stocks You Can Keep Forever,0.832,0.341,0.659,0.0
3,1 Way That LendingClub Beats Apple and Starbucks,0.878,0.359,0.641,0.0
4,1 Way That LendingClub Beats Apple and Starbucks,0.878,0.359,0.641,0.0
5,Starbucks Needs More Caffeine to Restart the Uptrend,0.361,0.075,0.883,0.042
6,Starbucks Needs More Caffeine to Restart the Uptrend,0.361,0.075,0.883,0.042
