﻿,Titles,Polarity,Positive,Neutral,Negative
0,"Starbucks, Taylor Swift unveil 'Taylor's Latte' to celebrate 'Red' release",0.996,0.145,0.81,0.045
1,Coffee Prices Hit Highest in Seven Years on Global Supply Threats,-0.948,0.048,0.877,0.076
2,Apple App Store Analysis: Starbucks Heats Up As The Weather Cools Down,0.818,0.051,0.933,0.016
3,What companies are on team transitory and team permanent?,0.98,0.07,0.873,0.057
4,"Taylor Swift, Starbucks unveil 'Taylor's Latte' to celebrate 'Red' release",0.993,0.137,0.851,0.013
