﻿,Titles,Polarity,Positive,Neutral,Negative
0,"Starbucks is an ‘affordable luxury,’ according to coffee pricing research",0.103,0.125,0.769,0.106
1,Starbucks unlikely to face consumer backlash amid union battles: Analyst,-0.382,0.0,0.912,0.088
2,Starbucks accuses unions of unfair labor organizing practices,-0.691,0.0,0.749,0.251
3,Didi’s Fate in Limbo After Officials Object to Proposed Penalty,-0.657,0.078,0.84,0.082
4,The Smartest Stocks to Buy With $100 During the Market Sell-Off,0.0,0.0,1.0,0.0
