﻿,Titles,Polarity,Positive,Neutral,Negative
0,McDonald's is bringing back the McRib — again,0.986,0.094,0.877,0.03
1,Billionaire Bill Ackman is smoking 'mentor' Warren Buffett with these income stocks,0.999,0.125,0.871,0.004
2,Starbucks (SBUX) Rewards Shareholders with Nearly 9% Dividend Hike,0.998,0.154,0.846,0.0
3,"Closing Out the Quarter: Tech Rebounds a Bit but Supply Chain Issues Slam Bed, Bath &amp; Beyond",0.998,0.101,0.838,0.061
4,Starbucks Stock Eases; Atlantic Equities Cuts Rating on Slowing Momentum,0.0,0.12,0.761,0.12
5,Bed Bath &amp; Beyond and CarMax Fall Premarket; Virgin Galactic Rises,0.823,0.055,0.926,0.019
