﻿,Titles,Polarity,Positive,Neutral,Negative
0,Starbucks Tests Alt-Milk From Unicorn Startup Perfect Day,0.956,0.094,0.864,0.042
1,Union Push at Starbucks Expands With New Request for More Elections,0.965,0.086,0.871,0.043
2,"The Best Stocks to Invest $10,000 in Right Now",0.859,0.154,0.846,0.0
3,1 Number You May Have Missed From Chipotle's Q3 Earnings,0.572,0.066,0.934,0.0
4,Higher Wages Are Brewing At Starbucks. How Could This Help Investors?,-0.077,0.104,0.777,0.119
5,Why Dutch Bros Stock Skyrocketed 76% in October,0.915,0.168,0.832,0.0
