﻿,Titles,Polarity,Positive,Neutral,Negative
0,Starbucks Has a New Iced Coffee (It's Chocolaty And Creamy),-0.026,0.029,0.94,0.031
1,How Citizens Financial used an iPhone plan to create a nationwide digital bank,0.0,0.156,0.75,0.094
2,Investor's Perspective: What's the Difference Between Uber and Lyft?,-0.103,0.063,0.884,0.052
3,Starbucks adds Chocolate Cream Cold Brew to the summer menu,0.077,0.028,0.948,0.024
4,'Hands are tied': Starbucks benefits and wages take center stage in union fight,0.997,0.102,0.866,0.033
