﻿,Titles,Polarity,Positive,Neutral,Negative
0,Starbucks (SBUX) Gains But Lags Market: What You Should Know,0.989,0.092,0.887,0.021
1,"As Schultz Returns to Starbucks, Some Hope He’ll Stick Around",0.98,0.087,0.855,0.058
2,Starbucks Stock: Onward and Upward With Howard Schultz Back as CEO?,-0.128,0.0,0.927,0.073
3,10 Consumer Staples Stocks To Buy According To Billionaire Ray Dalio,1.0,0.125,0.845,0.031
4,Starbucks Needs More Than Howard Schultz as a Backup CEO,-0.218,0.0,0.975,0.025
5,Starbucks interim CEO Schultz likely to stick around 'longer than 6 or 7 months': Analyst,0.0,0.0,1.0,0.0
6,Starbucks (SBUX) Soars 5.2%: Is Further Upside Left in the Stock?,0.987,0.111,0.877,0.012
7,Analyst on Starbucks' Howard Schultz return: Bring 'the brand vision and energy' back,0.983,0.083,0.883,0.034
8,Stocks Brushed Off Fed Hawkishness. The Good News Lies Elsewhere.,0.778,0.196,0.804,0.0
9,"Starbucks CEO to Step Down, Howard Schultz Back as Interim Chief",0.0,0.0,1.0,0.0
