﻿,Highest Category,Polarity,PosOrNeg
1/4/2021,Neutral,0.8850000000000001,Positive
1/5/2021,Neutral,0.8850000000000001,Positive
1/6/2021,Neutral,0.5306666666666667,Positive
1/7/2021,Neutral,0.5306666666666667,Positive
1/8/2021,Neutral,0.5306666666666667,Positive
1/11/2021,Neutral,0.5306666666666667,Positive
1/12/2021,Neutral,0.402,Positive
1/13/2021,Neutral,0.402,Positive
1/14/2021,Neutral,0.959,Positive
1/15/2021,Neutral,0.995,Positive
1/19/2021,Neutral,0.0,Positive
1/20/2021,Neutral,0.0,Positive
1/21/2021,Neutral,0.0,Positive
1/22/2021,Neutral,0.0,Positive
1/25/2021,Neutral,0.0,Positive
1/26/2021,Neutral,0.0,Positive
1/27/2021,Neutral,0.0,Positive
1/28/2021,Neutral,0.2912,Positive
1/29/2021,Neutral,0.8156666666666667,Positive
2/1/2021,Neutral,0.8156666666666667,Positive
2/2/2021,Neutral,0.637,Positive
2/3/2021,Neutral,0.997,Positive
2/4/2021,Neutral,0.997,Positive
2/5/2021,Neutral,0.39366666666666666,Positive
2/8/2021,Neutral,0.39366666666666666,Positive
2/9/2021,Neutral,0.39366666666666666,Positive
2/10/2021,Neutral,0.8355,Positive
2/11/2021,Neutral,0.8355,Positive
2/12/2021,Neutral,0.992,Positive
2/16/2021,Neutral,0.6305000000000001,Positive
2/17/2021,Neutral,0.889,Positive
2/18/2021,Neutral,0.9882,Positive
2/19/2021,Neutral,0.998,Positive
2/22/2021,Neutral,0.998,Positive
2/23/2021,Neutral,0.751,Positive
2/24/2021,Neutral,0.751,Positive
2/25/2021,Neutral,0.9955,Positive
2/26/2021,Neutral,0.9996666666666667,Positive
3/1/2021,Neutral,1.0,Positive
3/2/2021,Neutral,0.994,Positive
3/3/2021,Neutral,0.49533333333333335,Positive
3/4/2021,Neutral,0.49533333333333335,Positive
3/5/2021,Neutral,0.987,Positive
3/8/2021,Neutral,0.624,Positive
3/9/2021,Neutral,0.738,Positive
3/10/2021,Neutral,0.8413333333333334,Positive
3/11/2021,Neutral,0.6737500000000001,Positive
3/12/2021,Neutral,0.9916666666666667,Positive
3/15/2021,Neutral,0.927,Positive
3/16/2021,Neutral,0.48800000000000004,Positive
3/17/2021,Neutral,0.4734,Positive
3/18/2021,Neutral,0.8596666666666667,Positive
3/19/2021,Neutral,0.6942222222222222,Positive
3/22/2021,Neutral,0.9740000000000001,Positive
3/23/2021,Neutral,0.9886666666666666,Positive
3/24/2021,Neutral,0.9886666666666666,Positive
3/25/2021,Neutral,0.7,Positive
3/26/2021,Neutral,0.8822000000000001,Positive
3/29/2021,Neutral,0.9263999999999999,Positive
3/30/2021,Neutral,0.9263999999999999,Positive
3/31/2021,Neutral,0.992,Positive
4/1/2021,Neutral,0.992,Positive
4/2/2021,Neutral,0.9984999999999999,Positive
4/5/2021,Neutral,0.73675,Positive
4/6/2021,Neutral,-0.00833333333333334,Negative
4/7/2021,Neutral,0.4343333333333333,Positive
4/8/2021,Neutral,0.5863333333333333,Positive
4/9/2021,Neutral,0.9623333333333334,Positive
4/12/2021,Neutral,0.41225,Positive
4/13/2021,Neutral,0.906,Positive
4/14/2021,Neutral,0.6072,Positive
4/15/2021,Neutral,0.999,Positive
4/16/2021,Neutral,0.991,Positive
4/19/2021,Neutral,0.9856666666666666,Positive
4/20/2021,Neutral,0.99875,Positive
4/21/2021,Neutral,0.04199999999999998,Positive
4/22/2021,Neutral,0.7502857142857142,Positive
4/23/2021,Neutral,0.9705,Positive
4/26/2021,Neutral,0.49475,Positive
4/27/2021,Neutral,0.7044761904761904,Positive
4/28/2021,Neutral,0.6400769230769229,Positive
4/29/2021,Neutral,0.6113333333333334,Positive
4/30/2021,Neutral,0.71275,Positive
5/3/2021,Neutral,0.998,Positive
5/4/2021,Neutral,0.9993333333333334,Positive
5/5/2021,Neutral,0.422,Positive
5/6/2021,Neutral,0.9185,Positive
5/7/2021,Neutral,0.9217500000000001,Positive
5/10/2021,Neutral,0.998,Positive
5/11/2021,Neutral,0.6075,Positive
5/12/2021,Neutral,0.7558571428571429,Positive
5/13/2021,Neutral,0.999,Positive
5/14/2021,Neutral,-0.4595,Negative
5/17/2021,Neutral,0.74725,Positive
5/18/2021,Neutral,0.9944999999999999,Positive
5/19/2021,Neutral,0.8983333333333333,Positive
5/20/2021,Neutral,0.871,Positive
5/21/2021,Neutral,0.7164444444444444,Positive
5/24/2021,Neutral,0.2675,Positive
5/25/2021,Neutral,0.2675,Positive
5/26/2021,Neutral,0.9806666666666667,Positive
5/27/2021,Neutral,0.715,Positive
5/28/2021,Neutral,0.4475,Positive
6/1/2021,Neutral,0.743,Positive
6/2/2021,Neutral,-0.1545,Negative
6/3/2021,Neutral,-0.1545,Negative
6/4/2021,Neutral,0.53075,Positive
6/7/2021,Neutral,0.9984,Positive
6/8/2021,Neutral,0.8766,Positive
6/9/2021,Neutral,0.45316666666666666,Positive
6/10/2021,Neutral,0.331,Negative
6/11/2021,Neutral,0.9848000000000001,Positive
6/14/2021,Neutral,0.8852222222222221,Positive
6/15/2021,Neutral,0.9169999999999999,Positive
6/16/2021,Neutral,0.9660000000000001,Positive
6/17/2021,Neutral,0.3513333333333333,Positive
6/21/2021,Neutral,0.992,Positive
6/22/2021,Neutral,0.796,Positive
6/23/2021,Neutral,0.20399999999999993,Positive
6/24/2021,Neutral,0.20399999999999993,Positive
6/25/2021,Neutral,0.7337142857142857,Positive
6/28/2021,Neutral,0.8512857142857142,Positive
6/29/2021,Neutral,0.991,Positive
6/30/2021,Neutral,0.999,Positive
7/1/2021,Neutral,0.999,Positive
7/2/2021,Neutral,0.999,Positive
7/6/2021,Neutral,0.8763333333333333,Positive
7/7/2021,Neutral,0.493,Positive
7/8/2021,Neutral,0.986,Positive
7/9/2021,Neutral,0.986,Positive
7/12/2021,Neutral,0.93,Positive
7/13/2021,Neutral,0.63575,Positive
7/14/2021,Neutral,0.69875,Positive
7/15/2021,Neutral,0.9955,Positive
7/16/2021,Neutral,0.32250000000000006,Positive
7/19/2021,Neutral,0.9923333333333333,Positive
7/20/2021,Neutral,0.5391999999999999,Positive
7/21/2021,Neutral,0.7363333333333334,Positive
7/22/2021,Neutral,0.992,Positive
7/23/2021,Neutral,0.8433333333333334,Positive
7/26/2021,Neutral,0.4248571428571428,Positive
7/27/2021,Neutral,0.7353500000000001,Positive
7/28/2021,Neutral,0.21185714285714283,Positive
7/29/2021,Neutral,0.9564999999999999,Positive
7/30/2021,Neutral,0.9896666666666666,Positive
8/2/2021,Neutral,0.988,Positive
8/3/2021,Neutral,0.511,Positive
8/4/2021,Neutral,0.296,Positive
8/5/2021,Neutral,0.901,Positive
8/6/2021,Neutral,0.901,Positive
8/9/2021,Neutral,0.9852000000000001,Positive
8/10/2021,Neutral,0.9852000000000001,Positive
8/11/2021,Neutral,0.659,Positive
8/12/2021,Neutral,0.4945,Positive
8/13/2021,Neutral,0.564,Positive
8/16/2021,Neutral,0.26583333333333337,Positive
8/17/2021,Neutral,0.202,Positive
8/18/2021,Neutral,0.953,Positive
8/19/2021,Neutral,0.81975,Positive
8/20/2021,Neutral,0.81975,Positive
8/23/2021,Neutral,0.4638333333333333,Positive
8/24/2021,Neutral,0.39575,Positive
8/25/2021,Neutral,0.36875,Positive
8/26/2021,Neutral,0.9656666666666668,Positive
8/27/2021,Neutral,0.9656666666666668,Positive
8/30/2021,Neutral,0.4076666666666666,Positive
8/31/2021,Neutral,0.425,Positive
9/1/2021,Neutral,0.425,Positive
9/2/2021,Neutral,0.993,Positive
9/3/2021,Neutral,0.993,Positive
9/7/2021,Neutral,0.147,Negative
9/8/2021,Neutral,0.147,Negative
9/9/2021,Neutral,-0.296,Negative
9/10/2021,Neutral,0.99425,Positive
9/13/2021,Neutral,0.38166666666666665,Positive
9/14/2021,Neutral,0.893,Positive
9/15/2021,Neutral,0.5804999999999999,Positive
9/16/2021,Neutral,0.78625,Positive
9/17/2021,Neutral,-0.1395,Positive
9/20/2021,Neutral,0.40425000000000005,Positive
9/21/2021,Neutral,-0.01633333333333335,Positive
9/22/2021,Neutral,0.5662499999999999,Positive
9/23/2021,Neutral,0.929,Positive
9/24/2021,Neutral,0.5558,Positive
9/27/2021,Neutral,1.0,Positive
9/28/2021,Neutral,0.8481428571428572,Positive
9/29/2021,Neutral,0.7974285714285714,Positive
9/30/2021,Neutral,0.8006666666666667,Positive
10/1/2021,Neutral,0.387,Positive
10/4/2021,Neutral,0.9972500000000001,Positive
10/5/2021,Neutral,0.9236666666666666,Positive
10/6/2021,Neutral,0.9993333333333334,Positive
10/7/2021,Neutral,0.413,Positive
10/8/2021,Neutral,0.971,Positive
10/12/2021,Neutral,0.999,Positive
10/13/2021,Neutral,0.391,Positive
10/14/2021,Neutral,0.7532,Positive
10/15/2021,Neutral,0.6573333333333333,Positive
10/18/2021,Neutral,0.101,Positive
10/19/2021,Neutral,0.33349999999999996,Positive
10/20/2021,Neutral,0.6890000000000001,Positive
10/21/2021,Neutral,0.9218,Positive
10/22/2021,Neutral,0.885,Positive
10/25/2021,Neutral,0.8973333333333334,Positive
10/26/2021,Neutral,0.40780000000000005,Positive
10/27/2021,Neutral,0.6113333333333333,Positive
10/28/2021,Neutral,0.6364000000000001,Positive
10/29/2021,Neutral,0.4385555555555556,Positive
11/1/2021,Neutral,0.873090909090909,Positive
11/2/2021,Neutral,0.6431428571428571,Positive
11/3/2021,Neutral,0.846625,Positive
11/4/2021,Neutral,0.228,Positive
11/5/2021,Neutral,0.887,Positive
11/8/2021,Neutral,0.9973333333333333,Positive
11/9/2021,Neutral,0.6983333333333333,Positive
11/10/2021,Neutral,0.29957142857142854,Positive
11/12/2021,Neutral,0.5678,Positive
11/15/2021,Neutral,0.9936666666666666,Positive
11/16/2021,Neutral,0.8311999999999999,Positive
11/17/2021,Neutral,0.8363333333333335,Positive
11/18/2021,Neutral,0.7935000000000001,Positive
11/19/2021,Neutral,0.7676666666666666,Positive
11/22/2021,Neutral,0.585,Positive
11/23/2021,Neutral,0.6206666666666667,Positive
11/24/2021,Neutral,0.6206666666666667,Positive
11/26/2021,Neutral,0.989,Positive
11/29/2021,Neutral,0.7827500000000001,Positive
11/30/2021,Neutral,0.7827500000000001,Positive
12/1/2021,Neutral,0.99675,Positive
12/2/2021,Neutral,0.432,Positive
12/3/2021,Neutral,0.993,Positive
12/6/2021,Neutral,0.958,Positive
12/7/2021,Neutral,0.5942500000000001,Positive
12/8/2021,Neutral,0.3202,Positive
12/9/2021,Neutral,0.5554,Positive
12/10/2021,Neutral,0.13040000000000002,Positive
12/13/2021,Neutral,-0.127,Positive
12/14/2021,Neutral,0.3875,Positive
12/15/2021,Neutral,0.8079999999999999,Positive
12/16/2021,Neutral,0.8626666666666667,Positive
12/17/2021,Neutral,0.6496666666666667,Positive
12/20/2021,Neutral,0.768875,Positive
12/21/2021,Neutral,0.5704,Positive
12/22/2021,Neutral,0.55,Positive
12/23/2021,Neutral,0.999,Positive
12/27/2021,Neutral,0.23666666666666666,Positive
12/28/2021,Neutral,0.5246000000000001,Positive
12/29/2021,Neutral,0.0,Positive
12/30/2021,Neutral,0.9984999999999999,Positive
1/3/2022,Neutral,0.502375,Positive
1/4/2022,Neutral,0.4908333333333334,Positive
1/5/2022,Neutral,0.733,Positive
1/6/2022,Neutral,0.8901666666666667,Positive
1/7/2022,Neutral,0.5983333333333333,Positive
1/10/2022,Neutral,0.6937,Positive
1/11/2022,Neutral,0.3101428571428571,Positive
1/12/2022,Neutral,0.8203333333333332,Positive
1/13/2022,Neutral,0.39399999999999996,Positive
1/14/2022,Neutral,0.6146666666666667,Positive
1/18/2022,Neutral,0.8747999999999999,Positive
1/19/2022,Neutral,0.5272142857142857,Positive
1/20/2022,Neutral,0.47838461538461535,Positive
1/21/2022,Neutral,0.4856,Positive
1/24/2022,Neutral,0.538,Positive
1/25/2022,Neutral,0.602875,Positive
1/26/2022,Neutral,0.6376,Positive
1/27/2022,Neutral,0.9975,Positive
1/28/2022,Neutral,0.8511249999999999,Positive
1/31/2022,Neutral,0.7986153846153846,Positive
2/1/2022,Neutral,0.47722727272727267,Positive
2/2/2022,Neutral,0.6339333333333331,Positive
2/3/2022,Neutral,0.6767000000000001,Positive
2/4/2022,Neutral,0.7428888888888889,Positive
2/7/2022,Neutral,0.8408571428571429,Positive
2/8/2022,Neutral,0.61975,Positive
2/9/2022,Neutral,0.2799,Positive
2/10/2022,Neutral,0.44185714285714284,Positive
2/11/2022,Neutral,0.87825,Positive
2/14/2022,Neutral,-0.09649999999999997,Negative
2/15/2022,Neutral,0.08039999999999999,Negative
2/16/2022,Neutral,0.3975,Positive
2/17/2022,Neutral,0.3695,Positive
2/18/2022,Neutral,0.13899999999999998,Positive
2/22/2022,Neutral,0.2825,Positive
2/23/2022,Neutral,0.5599999999999999,Positive
2/24/2022,Neutral,0.42762500000000003,Positive
2/25/2022,Neutral,0.3442857142857143,Positive
2/28/2022,Neutral,0.9984999999999999,Positive
3/1/2022,Neutral,0.6646666666666666,Positive
3/2/2022,Neutral,0.9964999999999999,Positive
3/3/2022,Neutral,0.7868,Positive
3/4/2022,Neutral,0.79075,Positive
3/7/2022,Neutral,0.668,Positive
3/8/2022,Neutral,0.10790000000000002,Positive
3/9/2022,Neutral,0.05749999999999998,Positive
3/10/2022,Neutral,0.10677777777777779,Positive
3/11/2022,Neutral,-0.178,Negative
3/14/2022,Neutral,0.4126,Positive
3/15/2022,Neutral,0.15889999999999996,Positive
3/16/2022,Neutral,0.47690625,Positive
3/17/2022,Neutral,0.5371,Positive
3/18/2022,Neutral,0.8191666666666667,Positive
3/21/2022,Neutral,0.737,Positive
3/22/2022,Neutral,0.3047777777777778,Positive
3/23/2022,Neutral,0.47750000000000004,Positive
3/24/2022,Neutral,0.5103333333333333,Positive
3/25/2022,Neutral,0.2812666666666666,Positive
3/28/2022,Neutral,0.42119999999999996,Positive
3/29/2022,Neutral,0.6724285714285714,Positive
3/30/2022,Neutral,0.23099999999999998,Negative
3/31/2022,Neutral,0.4518333333333333,Positive
4/1/2022,Neutral,0.6174000000000001,Positive
4/4/2022,Neutral,0.4427,Positive
4/5/2022,Neutral,0.5105625,Positive
4/6/2022,Neutral,0.600111111111111,Positive
4/7/2022,Neutral,0.3222,Positive
4/8/2022,Neutral,0.23712499999999997,Positive
4/11/2022,Neutral,0.513,Positive
4/12/2022,Neutral,0.32642857142857146,Positive
4/13/2022,Neutral,0.23800000000000002,Positive
4/14/2022,Neutral,0.33033333333333337,Positive
4/15/2022,Neutral,0.52625,Positive
4/18/2022,Neutral,0.7120000000000001,Positive
4/19/2022,Neutral,0.6285714285714284,Positive
4/20/2022,Neutral,0.02512500000000001,Negative
4/21/2022,Neutral,-0.3254,Negative
4/22/2022,Neutral,0.3185,Positive
4/25/2022,Neutral,0.7889999999999999,Positive
4/26/2022,Neutral,-0.929,Negative
4/27/2022,Neutral,0.68625,Positive
4/28/2022,Neutral,0.29666666666666663,Positive
4/29/2022,Neutral,0.50625,Positive
5/2/2022,Neutral,0.36637499999999995,Positive
5/3/2022,Neutral,0.7926000000000001,Positive
5/4/2022,Neutral,0.4998857142857143,Positive
5/5/2022,Neutral,0.5733333333333334,Positive
5/6/2022,Neutral,0.445111111111111,Positive
5/9/2022,Neutral,0.43825000000000003,Positive
5/10/2022,Neutral,0.189,Positive
5/11/2022,Neutral,0.08666666666666666,Positive
5/12/2022,Neutral,0.6475,Positive
5/13/2022,Neutral,0.4627142857142857,Positive
5/16/2022,Neutral,0.7316666666666668,Positive
5/17/2022,Neutral,0.39099999999999996,Positive
5/18/2022,Neutral,0.5121428571428571,Positive
5/19/2022,Neutral,0.7815000000000001,Positive
5/20/2022,Neutral,0.6793333333333335,Positive
5/23/2022,Neutral,0.36871428571428566,Positive
5/24/2022,Neutral,0.6062,Positive
5/25/2022,Neutral,0.291,Positive
5/26/2022,Neutral,0.4383333333333333,Negative
5/27/2022,Neutral,0.9616666666666668,Positive
5/31/2022,Neutral,0.7483333333333334,Positive
6/1/2022,Neutral,0.39433333333333337,Positive
6/2/2022,Neutral,0.437,Positive
6/3/2022,Neutral,0.36878571428571433,Positive
6/6/2022,Neutral,0.2928571428571428,Negative
6/7/2022,Neutral,0.35733333333333334,Positive
6/8/2022,Neutral,0.771,Positive
6/9/2022,Neutral,0.195,Positive
6/10/2022,Neutral,0.7263333333333334,Positive
6/13/2022,Neutral,0.7851666666666667,Positive
6/14/2022,Neutral,0.57075,Positive
6/15/2022,Neutral,0.417,Positive
6/16/2022,Neutral,0.43133333333333335,Positive
6/17/2022,Neutral,0.229,Negative
6/21/2022,Neutral,0.47275,Positive
6/22/2022,Neutral,0.6625,Positive
6/23/2022,Neutral,0.246,Positive
6/24/2022,Neutral,0.5123,Positive
6/27/2022,Neutral,0.5471428571428573,Positive
6/28/2022,Neutral,0.836,Positive
6/29/2022,Neutral,0.542,Positive
6/30/2022,Neutral,0.7155,Positive
7/1/2022,Neutral,0.9626666666666667,Positive
7/5/2022,Neutral,0.7090000000000001,Positive
7/6/2022,Neutral,0.8883333333333333,Positive
7/7/2022,Neutral,0.6103333333333333,Positive
7/8/2022,Neutral,0.6103333333333333,Positive
7/11/2022,Neutral,0.12033333333333335,Positive
7/12/2022,Neutral,0.4838571428571428,Positive
7/13/2022,Neutral,0.9034444444444445,Positive
7/14/2022,Neutral,0.092,Positive
7/15/2022,Neutral,0.08299999999999999,Positive
7/18/2022,Neutral,0.07757142857142858,Negative
7/19/2022,Neutral,0.5765,Positive
7/20/2022,Neutral,0.3055,Positive
7/21/2022,Neutral,0.6567999999999999,Positive
7/22/2022,Neutral,0.9225,Positive
7/25/2022,Neutral,1.0,Positive
7/26/2022,Neutral,0.48150000000000004,Positive
7/27/2022,Neutral,0.48150000000000004,Positive
7/28/2022,Neutral,0.93475,Positive
7/29/2022,Neutral,0.6657142857142857,Positive
8/1/2022,Neutral,0.5144444444444445,Positive
8/2/2022,Neutral,0.33,Positive
8/3/2022,Neutral,0.44833333333333336,Positive
8/4/2022,Neutral,0.4735,Positive
8/5/2022,Neutral,0.0725,Positive
8/8/2022,Neutral,1.0,Positive
8/9/2022,Neutral,0.6815000000000001,Positive
8/10/2022,Neutral,0.42600000000000005,Positive
8/11/2022,Neutral,0.902,Positive
8/12/2022,Neutral,0.10599999999999998,Negative
8/15/2022,Neutral,0.6661176470588235,Positive
8/16/2022,Neutral,0.16799999999999998,Positive
8/17/2022,Neutral,0.465,Positive
8/18/2022,Neutral,0.4739090909090909,Positive
8/19/2022,Neutral,0.35050000000000003,Positive
8/22/2022,Neutral,0.4026666666666667,Positive
8/23/2022,Neutral,0.6865,Positive
8/24/2022,Neutral,0.9715,Positive
8/25/2022,Neutral,0.517,Positive
8/26/2022,Neutral,0.517,Positive
8/29/2022,Neutral,0.6742,Positive
8/30/2022,Neutral,0.3995,Positive
8/31/2022,Neutral,0.3995,Positive
9/1/2022,Neutral,0.6609230769230768,Positive
9/2/2022,Neutral,0.52668,Positive
9/6/2022,Neutral,0.437,Positive
9/7/2022,Neutral,0.12699999999999997,Positive
9/8/2022,Neutral,0.9655,Positive
9/9/2022,Neutral,0.46325,Positive
9/12/2022,Neutral,0.84025,Positive
9/13/2022,Neutral,0.40425,Positive
9/14/2022,Neutral,0.3050333333333333,Positive
9/15/2022,Neutral,0.846625,Positive
9/16/2022,Neutral,0.22583333333333333,Positive
9/19/2022,Neutral,0.528375,Positive
9/20/2022,Neutral,0.4658333333333334,Positive
