﻿,Titles,Polarity,Positive,Neutral,Negative
0,"SHAREHOLDER ALERT: Pomerantz Law Firm Investigates Claims On Behalf of Investors of Activision Blizzard, Inc. - ATVI",-0.94,0.093,0.774,0.133
1,"SHAREHOLDER ALERT: Pomerantz Law Firm Investigates Claims On Behalf of Investors of Activision Blizzard, Inc. - ATVI",-0.94,0.093,0.774,0.133
2,"The Gross Law Firm Announces Class Actions on Behalf of Shareholders of DKNG, DIDI and ATVI",-0.989,0.073,0.806,0.121
3,"ATVI ALERT - Nationally Ranked Shareholder Rights Firm Labaton Sucharow is Investigating Activision Blizzard, Inc. (NASDAQ:ATVI) for Potential Securities Violations and Breach of Fiduciary Duty",0.273,0.093,0.83,0.077
4,"RM LAW Announces Investigation of Activision Blizzard, Inc.",-0.832,0.071,0.845,0.084
5,"ATVI ALERT: The Klein Law Firm Announces a Lead Plaintiff Deadline of October 4, 2021 in the Class Action Filed on Behalf of Activision Blizzard, Inc. Limited Shareholders",-0.974,0.077,0.797,0.126
6,"Kaskela Law LLC Announces Shareholder Class Action Lawsuit Filed Against Activision Blizzard, Inc. (ATVI) and Encourages Investors to Contact the Firm",-0.891,0.086,0.796,0.118
7,"Kaskela Law LLC Announces Shareholder Class Action Lawsuit Filed Against Activision Blizzard, Inc. (ATVI) and Encourages Investors to Contact the Firm",-0.891,0.086,0.796,0.118
8,"LAWSUITS FILED AGAINST CCIV, CRMD and ATVI - Jakubowitz Law Pursues Shareholders Claims",-0.987,0.07,0.804,0.127
9,"INVESTOR ACTION ALERT: The Schall Law Firm Reminds Investors of a Class Action Lawsuit Against Activision Blizzard, Inc. and Encourages Investors with Losses in Excess of $100,000 to Contact the Firm",-0.972,0.063,0.817,0.121
10,"ATVI ALERT - Nationally Ranked Shareholder Rights Firm Labaton Sucharow is Investigating Activision Blizzard, Inc. (NASDAQ:ATVI) for Potential Securities Violations and Breach of Fiduciary Duty",0.765,0.096,0.839,0.065
11,"SHAREHOLDER ACTION NOTICE: The Schall Law Firm Reminds Investors of a Class Action Lawsuit Against Activision Blizzard, Inc. and Encourages Investors with Losses in Excess of $100,000 to Contact the Firm",-0.967,0.067,0.815,0.119
12,"SHAREHOLDER ALERT: Lowey Dannenberg, P.C., Investigates Claims on Behalf of Investors of Activision Blizzard, Inc. and Encourages Investors Who Lost More than $100,000 to Contact the Firm",-0.785,0.08,0.823,0.097
13,"SHAREHOLDER ALERT: Lowey Dannenberg, P.C., Investigates Claims on Behalf of Investors of Activision Blizzard, Inc. and Encourages Investors Who Lost More than $100,000 to Contact the Firm",-0.785,0.08,0.823,0.097
14,"ATVI Investor Alert: Bronstein, Gewirtz &amp; Grossman, LLC Notifies Activision Blizzard, Inc. Investors of Class Action and Encourages Investors to Contact the Firm",-0.969,0.078,0.797,0.125
15,"ATVI FILING DEADLINE: Bernstein Liebhard LLP Reminds Investors of the Deadline to File a Lead Plaintiff Motion in a Securities Class Action Lawsuit Against Activision Blizzard, Inc.",0.986,0.131,0.796,0.073
16,"CLASS ACTION UPDATE for RKT, BZ and ATVI: Levi &amp; Korsinsky, LLP Reminds Investors of Class Actions on Behalf of Shareholders",-0.982,0.065,0.831,0.104
17,Why Is Everyone Talking About Activision Blizzard Stock?,-0.735,0.044,0.792,0.164
18,"The Klein Law Firm Reminds Investors of Class Actions on Behalf of Shareholders of OTLY, CXO and ATVI",-0.996,0.056,0.803,0.142
19,It’s Been a Tough Week For Videogame Stocks. Why EA Could Be a Bright Spot.,-0.44,0.0,0.854,0.146
20,"SHAREHOLDER ALERT: CLAIMSFILER REMINDS ATVI, COIN, DIDI, LOTZ INVESTORS of Lead Plaintiff Deadline in Class Action Lawsuits",0.97,0.147,0.786,0.068
21,"Bragar Eagel &amp; Squire, P.C. Reminds Investors That Class Action Lawsuits Have Been Filed Against CarLotz, Ardelyx, and Activision Blizzard and Encourages Investors to Contact the Firm",-0.945,0.072,0.846,0.082
22,"Bragar Eagel &amp; Squire, P.C. Reminds Investors That Class Action Lawsuits Have Been Filed Against CarLotz, Ardelyx, and Activision Blizzard and Encourages Investors to Contact the Firm",-0.945,0.072,0.846,0.082
