﻿,Titles,Polarity,Positive,Neutral,Negative
0,Why Activision Blizzard Stock Plunged Today,0.813,0.144,0.811,0.045
1,Why These 10 Stocks Moved on Wednesday,0.929,0.038,0.944,0.018
2,Want to Invest in the Metaverse? Pick Roblox Stock Over Meta.,0.999,0.135,0.851,0.014
3,Electronic Arts Holiday Forecast Cites Optimism For Battlefield,0.915,0.099,0.827,0.074
4,Activision Blizzard Stock Had Its Worst Day Since 2008. Game Delays Caught Wall Street Off Guard.,0.296,0.099,0.901,0.0
5,Take-Two Crushes September-Quarter Goals But Guides Low For Holiday Season,-0.422,0.0,0.851,0.149
6,US STOCKS-Wall St record run rolls on after Fed unveils anticipated bond-buying 'taper',0.992,0.094,0.883,0.023
7,US STOCKS-Wall St posts gains after Fed unveils anticipated bond-buying 'taper',0.988,0.085,0.902,0.012
8,10 Stocks Making Notable Moves on Earnings Reports,0.998,0.103,0.887,0.01
9,US STOCKS-Wall St mixed as focus shifts to Fed's taper decision,0.982,0.08,0.89,0.03
10,Activision (ATVI) Q3 Earnings Up Y/Y On Solid Top-Line Growth,0.997,0.098,0.899,0.003
11,Activision Blizzard stock eyes worst day in 13 years following downgrades,-0.494,0.056,0.808,0.136
12,54 Stocks Moving In Wednesday's Mid-Day Session,0.994,0.069,0.919,0.012
13,Why Activision Blizzard Stock Is Down By 15% Today,0.926,0.106,0.823,0.07
14,US STOCKS-Wall St inches lower as focus shifts to Fed's taper decision,0.954,0.072,0.885,0.042
15,"5 Top Stock Decliners for Wednesday: Activision Blizzard, Zillow",-0.128,0.063,0.867,0.07
16,"Quick Take Technical Analysis: Activision Blizzard, Inc",0.589,0.067,0.883,0.05
17,"Game publisher Activsion Blizzard stock dips, project delays ahead of holiday season",0.402,0.097,0.903,0.0
18,US STOCKS-Wall St eyes mixed open as focus shifts to Fed's taper decision,0.965,0.066,0.908,0.026
19,Activision-Blizzard Could Sell Off to 50,-0.99,0.048,0.821,0.131
20,Why Are Activision Blizzard Shares Trading Lower Today?,-0.103,0.0,0.972,0.028
21,PR is Not Enough to Stop the Activision Blizzard's (NASDAQ:ATVI) Falling Knife,0.999,0.164,0.807,0.03
22,Today’s Biggest Pre-Market Stock Movers: 10 Top Gainers and Losers on Wednesday,0.984,0.1,0.869,0.032
23,25 Stocks Moving in Wednesday's Pre-Market Session,0.99,0.072,0.915,0.013
24,Activision Blizzard Is a Hard Pass Now: Here's How to Have Skin in the Game,-0.202,0.123,0.678,0.199
25,3 Tech Dividend Stocks to Buy in November,0.949,0.243,0.757,0.0
26,"Nasdaq Hits Record High Ahead of Fed Decision; Bed, Bath &amp; Beyond, Zillow In Focus",0.169,0.073,0.878,0.049
27,Wall Street Opens Lower as Strong ADP Stokes Rate Fears; Dow Down 80 Pts,0.967,0.096,0.836,0.068
28,"Zillow, Activision Blizzard Fall Premarket; Lyft, T-Mobile US Rise",0.941,0.104,0.822,0.074
29,Activision Blizzard (ATVI) Q3 2021 Earnings Call Transcript,0.0,0.0,1.0,0.0
30,"Fed Angst Keeps Stocks In Check; Bed, Bath &amp; Beyond, Zillow, Activision In Focus",0.169,0.073,0.878,0.049
31,"Fed Decision Day, Zillow's Flipping Flop, Youngkin Triumph - What's Moving Markets",-0.978,0.045,0.878,0.077
32,"Activision Blizzard Stock Slumps After Q3 Earnings, Overwatch 2 and Diablo IV Delays",-0.052,0.124,0.747,0.129
33,"Activision Blizzard Plunges on Delaying Releases, Muted Forecast",0.844,0.069,0.893,0.038
34,Activision Blizzard Stock Is Falling. Key Game Delays Trump an Earnings Beat.,0.0,0.0,1.0,0.0
