﻿,Titles,Polarity,Positive,Neutral,Negative
0,"Opes Wealth Management LLC Buys Netflix Inc, iShares Core S&amp;P Mid-Cap ETF, Schwab ...",0.999,0.118,0.878,0.004
1,7 Blue-Chip Stocks to Buy for February,1.0,0.155,0.831,0.015
2,"Activision Blizzard to Release Fourth Quarter 2021 Financial Results on February 3, 2022",0.996,0.163,0.81,0.027
3,SONY Stock Alert: 7 Things to Know as Sony Buys Bungie in MAJOR Deal,0.991,0.116,0.884,0.0
4,"Alphabet's Discipline, 5G's Potential, and Microsoft's Big Buy",0.743,0.123,0.877,0.0
5,Sony to buy Bungie for $3.6 billion after Microsoft deal for Activision,0.0,0.0,1.0,0.0
6,Sony Buys ‘Destiny’ Game Developer Bungie for $3.6 Billion,0.988,0.072,0.91,0.017
7,"Bourgeon Capital Management Llc Buys PayPal Holdings Inc, The Walt Disney Co, Organon, Sells ...",0.994,0.058,0.933,0.009
8,Cloud Computing Lifts Microsoft As It Trades Between Two Key Moving Averages,0.422,0.192,0.808,0.0
9,Sony Buys ‘Destiny’ Game Developer Bungie for $3.6 Billion,0.93,0.054,0.92,0.026
10,7 Reddit Stocks to Add to Your February Buy List,0.999,0.132,0.824,0.044
11,"Citrix Is Being Bought by Elliott, Vista for $13 Billion",0.985,0.079,0.887,0.034
12,Will Destiny Become Exclusive to PlayStation as Sony Buys its Owner ?,0.0,0.0,1.0,0.0
13,Sony Stock: Bear vs. Bull,0.34,0.037,0.963,0.0
14,"ARGA Investment Management, LP Buys Petroleo Brasileiro SA Petrobras, Trip. ...",0.994,0.057,0.939,0.004
15,Citrix Deal Caps Biggest Start for Tech M&amp;A in Over Two Decades,-0.235,0.039,0.913,0.049
