﻿,Titles,Polarity,Positive,Neutral,Negative
0,UPDATE 1-Some Activision Blizzard employees stage walkout as board backs CEO,0.843,0.121,0.776,0.103
1,Activision Blizzard board backs CEO amid misconduct allegations at company,0.511,0.042,0.958,0.0
2,Activision Blizzard board backs CEO amid misconduct allegations at company,0.511,0.041,0.959,0.0
3,Activision Workers Plan Walkout to Force CEO’s Removal,-0.858,0.058,0.88,0.063
4,Activision Blizzard Board of Directors Issues Statement Regarding Recent Article,0.997,0.196,0.769,0.036
5,Activision Blizzard stock drops after report that CEO knew about sexual misconduct for years,-0.7,0.0,0.842,0.158
6,Activision Stock Falls After New Report Questions CEO’s Handling of Misconduct Allegations,0.0,0.0,1.0,0.0
7,Why Activision Blizzard Stock Was Losing the Game Tuesday,0.0,0.0,1.0,0.0
8,WSJ Says Activision Blizzard CEO Feigned Ignorance About Employee Sexual Misconduct For Several Years,-0.996,0.06,0.784,0.156
9,Activision Blizzard Issues Statement Regarding Recent Article,0.997,0.19,0.768,0.042
10,Activision Plummets on Report CEO Knew of Misconduct,-0.812,0.065,0.851,0.084
11,Activision Stock Drops on Report of Alleged Workplace Misconduct,-0.691,0.0,0.778,0.222
12,4 Stocks to Watch as Videogame Sales Continue to Soar,0.999,0.154,0.815,0.031
