﻿,Titles,Polarity,Positive,Neutral,Negative
0,Activision Class Action Reminder,0.764,0.112,0.793,0.095
1,"ROSEN, GLOBALLY RESPECTED INVESTOR COUNSEL, Encourages Activision Blizzard, Inc. Investors with Losses in Excess of $100K to Secure Counsel Before Important October 4 Deadline in Securities Class Action – ATVI",0.898,0.098,0.823,0.079
2,"ROSEN, GLOBALLY RESPECTED INVESTOR COUNSEL, Encourages Activision Blizzard, Inc. Investors with Losses in Excess of $100K to Secure Counsel Before Important October 4 Deadline in Securities Class Action – ATVI",0.898,0.098,0.824,0.078
3,Top Video Game Stocks for Q4 2021,0.586,0.116,0.851,0.033
4,Electronic Arts (EA) Delays Battlefield 2042 Launch to Nov 19,0.833,0.135,0.747,0.118
5,"INVESTOR ACTION REMINDER: The Schall Law Firm Reminds Investors of a Class Action Lawsuit Against Activision Blizzard, Inc. and Encourages Investors with Losses in Excess of $100,000 to Contact the Firm",-0.972,0.063,0.817,0.121
6,"Tencent, NetEase's Latest Restrictions Could Impact Apple, Activision Blizzard: Bloomberg",0.718,0.106,0.814,0.081
7,China Slows Game Approvals to Enforce Strict New Rules,-0.179,0.076,0.847,0.077
8,"SHAREHOLDER ALERT: CLAIMSFILER REMINDS ANVS, ATVI, SAVA, ZY, INVESTORS of Lead Plaintiff Deadline in Class Action Lawsuits",0.974,0.148,0.791,0.061
