﻿,Titles,Polarity,Positive,Neutral,Negative
0,"Baxter Bros Inc Buys Meta Platforms Inc, Activision Blizzard Inc, Chevron Corp, Sells Adobe ...",0.993,0.064,0.932,0.005
1,"First Fiduciary Investment Counsel, Inc. Buys Activision Blizzard Inc, iShares iBonds Dec 2026 ...",0.99,0.047,0.946,0.006
2,"Trust Co Buys iShares Russell 3000 ETF, iShares MSCI ACWI Ex US Index Fund, Tapestry Inc, Sells ...",0.999,0.127,0.869,0.003
3,"Freedman Financial Associates, Inc. Buys Oracle Corp, Intel Corp, Mastercard Inc, Sells , , ...",0.999,0.105,0.89,0.005
4,"Avity Investment Management Inc. Buys The Walt Disney Co, Bank of America Corp, Vanguard ...",0.991,0.059,0.934,0.007
5,"Next Capital Management LLC Buys Globus Medical Inc, Tesla Inc, PPG Industries Inc, Sells Apple ...",0.997,0.07,0.926,0.004
6,"Triangle Securities Wealth Management Buys The Walt Disney Co, Fidelity National Information ...",0.999,0.154,0.84,0.006
7,These Stocks Could Thrive With a Leadership Change in 2022,-0.66,0.031,0.864,0.105
