﻿,Titles,Polarity,Positive,Neutral,Negative
0,10 Blue Chip Stocks to Buy According to Billionaire Steve Cohen,1.0,0.129,0.861,0.011
1,Activision Blizzard Stock Could Soon Break Higher,0.381,0.058,0.889,0.053
2,Microsoft’s $69 billion Activision deal faces in-depth U.K. investigation,0.077,0.076,0.856,0.067
3,Microsoft’s Activision Deal Draws Further Scrutiny From U.K. Watchdog,-0.542,0.0,0.837,0.163
4,Warren Buffett Just Bought Lots of Stocks -- Here's the One I'm Most Bullish On,0.0,0.0,1.0,0.0
5,Top 10 Stock Picks of John Hempton’s Bronte Capital,0.998,0.077,0.912,0.011
6,Activision Stock Slips Lower As UK Watchdog Expands Probe Into $69 Billion Microsoft Takeover,0.0,0.0,1.0,0.0
7,UPDATE 2-UK watchdog wants deeper probe into Microsoft's $69-bln Activision deal,0.983,0.131,0.834,0.035
8,UK watchdog wants deeper probe into Microsoft's $69-billion Activision deal,0.983,0.134,0.83,0.036
