﻿,Titles,Polarity,Positive,Neutral,Negative
0,Berkshire Hathaway Bought Bulk of Stake in Activision Blizzard in October,0.36,0.079,0.921,0.0
1,Berkshire Hathaway Bought Roughly $1 Billion in Activision Blizzard Ahead of Microsoft Acquisition,0.296,0.091,0.909,0.0
2,MGI Stock Alert: 15 Things MoneyGram Investors Need to Know as the Payment Company Goes Private,0.976,0.063,0.932,0.005
3,IPW Stock: 8 Things for Investors to Know as iPower Makes Social Media Plans,0.991,0.098,0.897,0.005
4,ATVI Stock Alert: Why The Big Buffett Bet That Has Activision Blizzard Trending Today,0.994,0.119,0.881,0.0
5,"SHAREHOLDER NOTICE: Halper Sadeh LLP Investigates VRS, APR, ATVI, RCM",0.906,0.086,0.874,0.04
6,Berkshire Hathaway Bought $1B Worth Activision Blizzard Stock Before Microsoft Lapped It Up,0.936,0.122,0.834,0.044
7,"Warren Buffett’s Berkshire Hathaway bought $1 billion of Activision shares, just weeks before Microsoft’s surprise acquisition",0.039,0.065,0.883,0.052
8,Here's What Microsoft's Activision Blizzard Purchase Could Mean for Electronic Arts,0.0,0.0,1.0,0.0
9,"Russia Pullback, Intel, Peloton, Elon Musk and Warren Buffett - Five Things You Must Know",0.718,0.143,0.857,0.0
10,"Marriott, Intel, Rivian Rise Premarket; Weber, Gap Fall",0.927,0.069,0.905,0.026
11,Warren Buffett’s firm took big stake in Activision Blizzard ahead of Microsoft deal,0.0,0.0,1.0,0.0
