﻿,Titles,Polarity,Positive,Neutral,Negative
0,Activision Blizzard delivers a ‘disappointing’ holiday-quarter amid Microsoft offer,0.226,0.158,0.743,0.099
1,"Activision Blizzard, Inc (ATVI) Misses Q4 Earnings and Revenue Estimates",0.994,0.091,0.898,0.011
2,UPDATE 1-Activision misses quarterly adjusted sales estimates on subdued demand,0.25,0.054,0.895,0.051
3,Activision Blizzard Earnings Miss Estimates After Microsoft Deal,0.971,0.078,0.868,0.054
4,Activision misses quarterly adjusted sales estimates on subdued demand,0.25,0.055,0.893,0.051
5,Activision Blizzard earnings preview: Investors look for more details on Microsoft acquisition,0.876,0.07,0.882,0.048
6,"Taylor Investment Counselors Llc Buys Western Midstream Partners LP, iShares Russell 2000 Value ...",0.996,0.07,0.923,0.006
7,10 New Stock Picks of Billionaire Dan Loeb,0.999,0.108,0.885,0.007
8,7 Reddit Stocks That Are Seeing a Surge in WallStreetBets Chatter,0.999,0.105,0.861,0.034
9,Saudi Wealth Fund Reveals Latest Video Game Bet With Nexon Stake,0.848,0.082,0.863,0.055
10,"Nintendo Cuts Switch Outlook Again on Supply, Logistics Jam",0.942,0.072,0.876,0.052
11,"Meta Selloff, Amazon Reports, Jobless Claims, ECB &amp; BOE - What's Moving Markets",-0.921,0.094,0.803,0.103
12,Did Hedge Funds Catch A Break With Boston Scientific Corporation (BSX)?,0.999,0.121,0.845,0.034
13,Sony Drops After Disappointing PlayStation Sales and Outlook,0.869,0.087,0.842,0.07
