﻿,Titles,Polarity,Positive,Neutral,Negative
0,"Activision Blizzard, Inc (ATVI) Gains But Lags Market: What You Should Know",0.994,0.115,0.869,0.016
1,Activision buys mobile game developer Digital Legends,0.494,0.149,0.851,0.0
2,Activision Acquires Mobile Game Developer Digital Legends,0.996,0.141,0.852,0.007
3,"Activision Blizzard Chief Reduces Pay, Pledges Changes Amid Probes Into Company Culture",-0.691,0.046,0.707,0.247
4,"Activision Blizzard CEO Asks for a Pay Cut, Pledges Culture Changes at Gaming Company",0.382,0.159,0.841,0.0
5,"Activision CEO seeks large pay cut, links it to gender-related goals",-0.966,0.012,0.876,0.112
6,Activision (ATVI) to Report Q3 Earnings: What's in Store?,0.996,0.127,0.851,0.022
7,"Activision CEO Bobby Kotick cuts his salary to $62,500, California’s state minimum",0.821,0.096,0.836,0.068
8,A Letter From CEO Bobby Kotick Regarding Progress and Commitments Made at Activision Blizzard,1.0,0.216,0.733,0.051
