﻿,Titles,Polarity,Positive,Neutral,Negative
0,"Rosen, a Respected and Leading Firm, Encourages Activision Blizzard, Inc. Investors with Losses to Secure Counsel Before Important Deadline in Securities Class Action - ATVI",0.922,0.099,0.824,0.077
1,"ATVI ALERT: The Klein Law Firm Announces a Lead Plaintiff Deadline of October 4, 2021 in the Class Action Filed on Behalf of Activision Blizzard, Inc. Limited Shareholders",-0.974,0.077,0.797,0.126
2,"INVESTOR ALERT - Labaton Sucharow is Investigating Activision Blizzard, Inc. (NASDAQ:ATVI) for Potential Securities Violations and Breach of Fiduciary Duty",0.273,0.093,0.83,0.077
3,ATVI INVESTOR ALERT: Class Action Lawsuit Filed,-0.591,0.067,0.853,0.08
4,China Is Cracking Down on Online Videogames. The Stocks Are Dropping.,0.71,0.231,0.769,0.0
5,"SHAREHOLDER ALERT: Levi &amp; Korsinsky, LLP Notifies Shareholders of Activision Blizzard, Inc. of a Class Action Lawsuit and a Lead Plaintiff Deadline of October 4, 2021 - ATVI",0.807,0.097,0.825,0.078
6,"ARDX &amp; ATVI Investor Class Actions and Upcoming Deadline Reminders: Bronstein, Gewirtz &amp; Grossman LLC",-0.983,0.054,0.834,0.112
7,"Lawsuits Filed Against BZ, ATVI and SLQT - Jakubowitz Law Pursues Shareholders Claims",-0.989,0.064,0.805,0.131
8,"SHAREHOLDER ALERT: Lowey Dannenberg, P.C., Investigates Claims on Behalf of Investors of Activision Blizzard, Inc. and Encourages Investors Who Lost More than $100,000 to Contact the Firm",-0.986,0.056,0.83,0.114
9,"SHAREHOLDER ALERT: Lowey Dannenberg, P.C., Investigates Claims on Behalf of Investors of Activision Blizzard, Inc. and Encourages Investors Who Lost More than $100,000 to Contact the Firm",-0.986,0.056,0.83,0.114
10,"ATVI ALERT - Nationally Ranked Shareholder Rights Firm Labaton Sucharow is Investigating Activision Blizzard, Inc. (NASDAQ:ATVI) for Potential Securities Violations and Breach of Fiduciary Duty",0.273,0.093,0.83,0.077
11,"CLASS ACTION UPDATE for ATVI, ANVS and ATIP: Levi &amp; Korsinsky, LLP Reminds Investors of Class Actions on Behalf of Shareholders",-0.977,0.057,0.844,0.1
