﻿,Titles,Polarity,Positive,Neutral,Negative
0,Activision’s Attempt to Boost Morale Leave Some Staff Unmoved,-0.99,0.06,0.826,0.114
1,PlayStation Chief Criticizes Activision Response to Allegations,-0.881,0.035,0.894,0.072
2,"The Zacks Analyst Blog Highlights: Microsoft, Sony, Nintendo, Activision Blizzard, and Electronic Arts",0.999,0.142,0.828,0.03
3,Should You Consider Investing in Activision Blizzard (ATVI)?,0.994,0.084,0.903,0.013
4,"Activision Blizzard employees walk out, call for CEO to resign",0.0,0.0,1.0,0.0
5,Shareholders Call for CEO's Resignation Following 'Frat Boy' Report,-0.681,0.046,0.852,0.102
6,3 Top Video Game Stocks to Buy in November,-0.077,0.0,0.942,0.058
7,Activision’s CEO Is Embattled by Staff and Investors,-0.702,0.081,0.833,0.086
8,Activision’s CEO Is Embattled by Staff and Investors,-0.702,0.081,0.833,0.086
