﻿,Titles,Polarity,Positive,Neutral,Negative
0,Activision Shareholder Alert,0.764,0.112,0.793,0.095
1,"ATVI ALERT - Nationally Ranked Shareholder Rights Firm Labaton Sucharow is Investigating Activision Blizzard, Inc. (NASDAQ:ATVI) for Potential Securities Violations and Breach of Fiduciary Duty",0.273,0.093,0.83,0.077
2,"INVESTOR ACTION REMINDER: The Schall Law Firm Reminds Investors of a Class Action Lawsuit Against Activision Blizzard, Inc. and Encourages Investors with Losses in Excess of $100,000 to Contact the Firm",-0.967,0.067,0.815,0.119
3,TCL Extends Relationship with Activision To Bring Next-Gen Gaming to More Gamers Around the World,0.993,0.112,0.879,0.009
4,TCL Extends Relationship with Activision To Bring Next-Gen Gaming to More Gamers Around the World,0.994,0.118,0.873,0.009
5,"FILING DEADLINE--Kuznicki Law PLLC Announces Class Actions on Behalf of Shareholders of ANVS, ATVI and ZY",0.716,0.106,0.818,0.076
6,"SHAREHOLDER ALERT: Pomerantz Law Firm Investigates Claims On Behalf of Investors of Activision Blizzard, Inc. - ATVI",-0.94,0.093,0.773,0.133
