﻿,Titles,Polarity,Positive,Neutral,Negative
0,"Activision shareholders vote in favor of report on abuse, harassment",-0.912,0.06,0.815,0.126
1,Activision Blizzard Announces Results of Annual Meeting; Stockholders Approve Nominees to Board of Directors,0.998,0.158,0.821,0.021
2,Take Flight in the Dragon Isles when World of Warcraft® Dragonflight Lands Later This Year—Pre-purchase Available Now,0.998,0.114,0.868,0.019
3,NetEase Postpones Release Of Game Indefinitely After Politically Controversial Social Media Post,0.921,0.127,0.802,0.071
4,Activision Blizzard (ATVI) Landed in FPA Queens’ Top Contributors List,0.986,0.083,0.905,0.012
5,There’s something devilish about Diablo Immortal’s business model,0.599,0.292,0.615,0.092
