﻿,Titles,Polarity,Positive,Neutral,Negative
0,Thornton Law Firm Announces Investigation into ATVI,-0.852,0.077,0.829,0.094
1,Activision (ATVI) Option Traders Ready to Level Up,0.557,0.167,0.833,0.0
2,"ATVI INVESTOR ALERT: ROSEN, A TOP RANKED LAW FIRM, Encourages Activision Blizzard, Inc. Investors with Losses to Inquire About Class Action Investigation - ATVI",0.982,0.116,0.819,0.065
3,10 Stocks Reddit’s WallStreetBets is Buying Before Earnings,0.998,0.082,0.895,0.024
4,3 Videogame Companies Report Earnings This Week. What to Expect.,0.422,0.177,0.823,0.0
5,Videogame Earnings Are Out This Week. What to Expect.,0.224,0.075,0.849,0.076
6,Take-Two Interactive to report fiscal Q1 2022 that could be hurt by reopenings,-0.176,0.053,0.897,0.05
7,"ATVI ALERT - Nationally Ranked Shareholder Rights Firm Labaton Sucharow is Investigating Activision Blizzard, Inc. (NASDAQ:ATVI) for Potential Securities Violations and Breach of Fiduciary Duty",0.44,0.091,0.838,0.071
8,"Shareholder Alert: Robbins LLP Reminds Investors it is Investigating Activision Blizzard, Inc. (ATVI) for Shareholders",-0.69,0.077,0.834,0.089
9,"ONGOING INVESTIGATION REMINDER: The Schall Law Firm Announces it is Investigating Claims Against Activision Blizzard, Inc. and Encourages Investors with Losses to Contact the Firm",-0.949,0.057,0.827,0.116
10,Is a Surprise Coming for Activision (ATVI) This Earnings Season?,0.997,0.188,0.812,0.0
11,How Does Activision Blizzard Look Before Earnings?,-0.226,0.0,0.95,0.05
12,"SHAREHOLDER INVESTIGATION NOTICE: Kaskela Law LLC Announces Investigation of Activision Blizzard, Inc. and Encourages Investors to Contact the Firm - ATVI",-0.844,0.098,0.778,0.124
13,"SHAREHOLDER INVESTIGATION NOTICE: Kaskela Law LLC Announces Investigation of Activision Blizzard, Inc. and Encourages Investors to Contact the Firm - ATVI",-0.844,0.098,0.778,0.124
