﻿,Titles,Polarity,Positive,Neutral,Negative
0,"Lsv Asset Management Buys Dell Technologies Inc, Lockheed Martin Corp, Ryder System Inc, Sells ...",0.999,0.085,0.911,0.004
1,"Americana Partners, LLC Buys Adobe Inc, Apple Inc, Meta Platforms Inc, Sells Amazon. ...",0.997,0.062,0.933,0.005
2,"Arrow Financial Corp Buys iShares Core MSCI International Developed Markets , PowerShares QQQ ...",0.995,0.055,0.937,0.007
3,"RPG Investment Advisory, LLC Buys VanEck Oil Services ETF, Activision Blizzard Inc, PulteGroup ...",0.99,0.046,0.944,0.01
4,"Everence Capital Management Inc Buys LyondellBasell Industries NV, Colgate-Palmolive Co, Match ...",0.997,0.056,0.936,0.007
5,"First Interstate Bank Buys iShares China Large-Cap ETF, iShares Core S&amp;P Small-Cap ETF, ...",0.988,0.059,0.932,0.009
6,"Stableford Capital Ii Llc Buys SPDR Blackstone Senior Loan ETF, iShares U.S. ...",0.991,0.046,0.947,0.007
7,"Highland Capital Management, Llc Buys Lithia Motors Inc, The Kroger Co, Marvell Technology Inc, ...",0.995,0.05,0.947,0.003
8,What Microsoft's Big Deal Means for Metaverse Investors,0.026,0.066,0.868,0.065
9,Microsoft Is Now the Dominant Force in Gaming,-0.042,0.021,0.956,0.023
