﻿,Titles,Polarity,Positive,Neutral,Negative
0,"Activision Blizzard, Inc (ATVI) Stock Sinks As Market Gains: What You Should Know",0.986,0.096,0.87,0.035
1,ATVI INVESTOR ALERT: Class Action Lawsuit Filed,-0.63,0.067,0.851,0.082
2,'Overwatch 2' Chief Chacko Sonny Is Leaving Blizzard: Why This Could Be A Big Deal For Activision,0.751,0.051,0.918,0.031
3,"Rosen, A Top Ranked Law Firm, Encourages Activision Blizzard, Inc. Investors with Losses to Secure Counsel Before Important October 4 Deadline in Securities Class Action First Filed by Firm - ATVI",0.922,0.099,0.824,0.077
4,"HAGENS BERMAN, NATIONAL TRIAL ATTORNEYS, Encourages Activision Blizzard (ATVI) Investors with Significant Losses to Contact Firm's Attorneys Now, Securities Fraud Case Filed, SEC Investigating",-0.398,0.092,0.819,0.089
5,"Company News for Sep 22, 2021",0.978,0.191,0.779,0.03
6,"SHAREHOLDER ACTION NOTICE: The Schall Law Firm Reminds Investors of a Class Action Lawsuit Against Activision Blizzard, Inc. and Encourages Investors with Losses in Excess of $100,000 to Contact the Firm",-0.972,0.063,0.817,0.121
7,"ATVI ALERT - Nationally Ranked Shareholder Rights Firm Labaton Sucharow is Investigating Activision Blizzard, Inc. (NASDAQ:ATVI) for Potential Securities Violations and Breach of Fiduciary Duty",0.273,0.093,0.83,0.077
8,"INVESTIGATION ALERT: Fields Kupka &amp; Shukurov LLP Is Investigating Activision Blizzard, Inc. for Potential Breach of Fiduciary Duty Claims",0.495,0.077,0.865,0.058
9,September Sell-Off: 3 Dirt Cheap Growth Stocks to Buy,-0.671,0.03,0.865,0.105
10,"The Gross Law Firm Announces Class Actions on Behalf of Shareholders of ATVI, SESN and SAM",-0.994,0.071,0.788,0.141
11,"Activision Blizzard, Inc. (ATVI): Hedge Funds Are Snapping Up",0.999,0.113,0.87,0.017
12,Is Mercadolibre Inc (MELI) Going to Burn These Hedge Funds?,0.998,0.093,0.898,0.008
13,"FILING DEADLINE--Kuznicki Law PLLC Announces Class Actions on Behalf of Shareholders of ATVI, SAVA and ZY",0.716,0.106,0.818,0.076
14,"ATVI ALERT: The Klein Law Firm Announces a Lead Plaintiff Deadline of October 4, 2021 in the Class Action Filed on Behalf of Activision Blizzard, Inc. Limited Shareholders",-0.974,0.077,0.797,0.126
15,ATVI INVESTOR ALERT: Shareholder Class Action Lawsuit Filed,-0.796,0.061,0.856,0.083
