﻿,Titles,Polarity,Positive,Neutral,Negative
0,"Activision Blizzard, Inc (ATVI) Outpaces Stock Market Gains: What You Should Know",0.992,0.1,0.891,0.009
1,Activision Says 40 Employees Disciplined Over Misconduct Scandal,-0.718,0.05,0.884,0.066
2,Activision Says 40 Employees Disciplined Over Misconduct Scandal,-0.718,0.05,0.884,0.066
3,"WeWork’s stock market debut, Activision’s latest scandal, German central bank chief steps down",0.374,0.072,0.871,0.057
4,"If You Invested $1000 in Activision Blizzard, Inc 10 Years Ago, This Is How Much You'd Have Now",0.999,0.161,0.825,0.014
5,"Moore Kuehn, PLLC Encourages Investors of APPH, GRPN and ATVI to Contact Law Firm",-0.157,0.082,0.835,0.083
