﻿,Titles,Polarity,Positive,Neutral,Negative
0,"Activision Blizzard, Inc (ATVI) Stock Sinks As Market Gains: What You Should Know",0.99,0.097,0.884,0.019
1,World of Warcraft®: Wrath of the Lich King Classic™ to Transport Players Back to the Icy Realm of Northrend Later This Year,0.995,0.121,0.815,0.064
2,World of Warcraft® Players to Soar Back to Azeroth in Dragonflight,0.998,0.11,0.86,0.03
3,Tesla moves to pause California agency's race bias lawsuit,-0.974,0.03,0.846,0.123
4,10 Favorite Stocks of Billionaire Leon Cooperman,1.0,0.124,0.862,0.014
