﻿,Titles,Polarity,Positive,Neutral,Negative
0,These 3 Tech Giants Have Made Big Acquisitions in 2022,1.0,0.193,0.798,0.008
1,HoloLens Creator’s Departure Won’t Derail Microsoft’s Metaverse Ambitions,0.983,0.073,0.897,0.031
2,Activision Blizzard recognizes new 'Call of Duty' workers union,0.968,0.088,0.899,0.013
3,"Activision Blizzard Chief Takes Positive Step Towards Union Taking Cues From Microsoft, Amazon",0.984,0.199,0.769,0.032
4,Activision Blizzard Agrees to Union Negotiations With CWA,0.979,0.113,0.833,0.054
5,Activision Blizzard to Negotiate Agreement With Union,0.402,0.144,0.856,0.0
6,Activision Blizzard to start 'good faith' talks with QA employees who chose to unionize,0.914,0.172,0.828,0.0
7,Activision Blizzard to Recognize and Begin Negotiations with CWA,0.999,0.179,0.783,0.038
