﻿,Titles,Polarity,Positive,Neutral,Negative
0,"Value Partners Investments Inc. Buys Cisco Systems Inc, Electronic Arts Inc, Yum China Holdings ...",0.999,0.115,0.881,0.004
1,Take-Two’s $12.7 billion purchase of Zynga will combat Apple’s privacy changes,0.933,0.065,0.9,0.035
2,Is Take-Two Interactive Stock a Buy Now?,-0.813,0.0,0.859,0.141
3,"DnB Asset Management AS Buys Check Point Software Technologies, Apple Inc, Accenture PLC, Sells ...",0.999,0.083,0.913,0.004
4,Billionaires Are Buying These Top Stocks,-0.273,0.0,0.89,0.11
5,GameStop needs to get it together already: analyst,0.83,0.078,0.862,0.06
6,1 Under-the-Radar Gaming Stock You Can Buy and Hold for the Next Decade,0.919,0.194,0.768,0.038
7,Could Activision Blizzard Reach $100 a Share by 2023?,0.619,0.073,0.891,0.037
8,Why Roblox Will Rise in 2022,0.995,0.115,0.854,0.03
