﻿,Titles,Polarity,Positive,Neutral,Negative
0,"Activision Blizzard, Inc (ATVI) Stock Sinks As Market Gains: What You Should Know",0.992,0.097,0.891,0.012
1,"SEC, DOJ investigating Activision investment, Elon Musk scraps SEC deal",0.0,0.0,1.0,0.0
2,US probes Barry Diller and David Geffen over Activision trades before $75bn merger,0.823,0.099,0.901,0.0
3,Feds probe trades by entertainment titans ahead of Microsoft-Activision deal,0.832,0.192,0.808,0.0
4,"Stocks Surge, Oil Eases, Feds Probe Microsoft/Activision Options Trades, Bumble, Stitch Fix - Five Things To Know",0.691,0.16,0.799,0.041
5,Feds Investigate Options Trades Ahead of Microsoft-Activision Deal: Report,0.296,0.151,0.757,0.092
6,U.S. Probes Diller’s Bets on Activision Before Microsoft Deal,-0.527,0.08,0.839,0.081
7,U.S. Probes Diller’s Bets on Activision Before Microsoft Deal,0.91,0.082,0.87,0.048
8,UPDATE 1-U.S. probes options trade gained on Microsoft-Activision deal - WSJ,0.918,0.074,0.903,0.023
9,U.S. probes options trade gained on Microsoft-Activision deal - WSJ,0.918,0.077,0.899,0.024
10,U.S. Probes Options Trade That Gained on Microsoft-Activision Deal,0.0,0.0,1.0,0.0
11,"U.S. Probes Trade by Barry Diller, David Geffen Before Big Merger",0.0,0.0,1.0,0.0
