﻿,Titles,Polarity,Positive,Neutral,Negative
0,"ATVI ALERT - Nationally Ranked Shareholder Rights Firm Labaton Sucharow is Investigating Activision Blizzard, Inc. (NASDAQ:ATVI) for Potential Securities Violations and Breach of Fiduciary Duty",0.273,0.093,0.83,0.077
1,"ROSEN, FIRST FILING GLOBAL INVESTOR COUNSEL,  Encourages Activision Blizzard, Inc. Investors with Losses Exceeding $100K to Secure Counsel Before Important Deadline in Securities Class Action Commenced by the Firm – ATVI",0.898,0.096,0.827,0.077
2,"ANVS, ATVI, ZY SHAREHOLDERS - ALERT BY FORMER LOUISIANA ATTORNEY GENERAL: Class Action lawsuits filed on behalf of Investors, Lead Plaintiff Deadlines Set",-0.746,0.065,0.86,0.075
3,"INVESTOR ACTION ALERT: The Schall Law Firm Reminds Investors of a Class Action Lawsuit Against Activision Blizzard, Inc. and Encourages Investors with Losses in Excess of $100,000 to Contact the Firm",-0.972,0.063,0.817,0.121
4,"The Gross Law Firm Announces Class Actions on Behalf of Shareholders of PLL, AHCO and ATVI",-0.993,0.068,0.795,0.138
5,"ATVI ALERT - Nationally Ranked Shareholder Rights Firm Labaton Sucharow is Investigating Activision Blizzard, Inc. (NASDAQ:ATVI) for Potential Securities Violations and Breach of Fiduciary Duty",0.273,0.093,0.83,0.077
6,"LAWSUITS FILED AGAINST ATHA, PLL and ATVI - Jakubowitz Law Pursues Shareholders Claims",-0.991,0.061,0.815,0.124
7,"SHAREHOLDER ACTION NOTICE: The Schall Law Firm Reminds Investors of a Class Action Lawsuit Against Activision Blizzard, Inc. and Encourages Investors with Losses in Excess of $100,000 to Contact the Firm",-0.967,0.067,0.815,0.119
