﻿,Titles,Polarity,Positive,Neutral,Negative
0,"Activision Blizzard, Inc (ATVI) Stock Moves -1.88%: What You Should Know",0.982,0.078,0.9,0.022
1,"Activision Blizzard responds to harassment allegations, slams media and California civil rights agency",-0.542,0.0,0.829,0.171
2,Activision Blizzard's Independent Board Gives Its Officers Clean Chit Against Denial Of Harassment Claims,0.095,0.123,0.764,0.113
3,Take-Two Interactive (TTWO) Launches OlliOlli World Expansion,0.981,0.069,0.905,0.026
4,UPDATE 1-Activision board says no evidence senior execs ignored harassment cases,-0.963,0.033,0.842,0.126
5,Activision Blizzard says review found no evidence senior execs ignored or downplayed gender harassment,-0.917,0.013,0.809,0.178
6,Activision board says no evidence senior execs ignored harassment cases,-0.963,0.033,0.839,0.128
7,Activision board says no evidence senior execs ignored harassment reports,-0.951,0.0,0.841,0.159
