﻿,Titles,Polarity,Positive,Neutral,Negative
0,Activision Publishes Diversity Report and Aims to ‘Do Better’,-0.505,0.054,0.879,0.067
1,Top 10 Stock Picks of George Soros,0.999,0.115,0.864,0.021
2,A Letter from Chief Operating Officer Daniel Alegre Regarding Activision Blizzard’s 2021 Representation Data,0.999,0.134,0.841,0.025
3,"VIP Communication Services Portfolio Buys Uber Technologies Inc, Sea, T-Mobile US Inc, Sells ...",1.0,0.142,0.855,0.004
4,"Point72 Asset Management Buys International Business Machines Corp, Activision Blizzard Inc, ...",0.999,0.062,0.932,0.005
