﻿,Titles,Polarity,Positive,Neutral,Negative
0,"Nikko Asset Management Americas, Inc. Buys Roku Inc, Zoom Video Communications Inc, Twilio Inc, ...",0.999,0.093,0.901,0.006
1,"Seizert Capital Partners, Llc Buys First Horizon Corp, Bristol-Myers Squibb Co, eBay Inc, Sells ...",0.997,0.063,0.934,0.003
2,"Fwl Investment Management, Llc Buys E2open Parent Holdings Inc, Cheniere Energy Inc, SPDR ...",0.995,0.066,0.929,0.005
3,"Boyer &amp; Corporon Wealth Management, LLC Buys The Walt Disney Co, iShares MSCI Brazil ETF, ...",0.999,0.129,0.861,0.01
4,"CCLA Investment Management Ltd Buys PepsiCo Inc, PayPal Holdings Inc, Brookfield Renewable ...",0.99,0.061,0.933,0.005
5,Microsoft’s Strength in the Metaverse Goes Far Beyond the HoloLens,0.998,0.106,0.875,0.019
6,"Buckhead Capital Management Llc Buys Activision Blizzard Inc, Delta Air Lines Inc, Atmos Energy ...",0.988,0.061,0.933,0.006
7,Take-Two Stock Falls. CEO Sees No ‘Significant Impact’ From Microsoft-Activision Merger.,-0.06,0.0,0.947,0.053
8,7 Stocks to Buy After January’s Wild Market Rout,1.0,0.163,0.777,0.061
9,"Harfst &amp; Associates, Inc. Buys Cummins Inc, Raytheon Technologies Corp, ResMed Inc, Sells ...",0.996,0.066,0.928,0.006
