﻿,Titles,Polarity,Positive,Neutral,Negative
0,"ATVI ALERT - Nationally Ranked Shareholder Rights Firm Labaton Sucharow is Investigating Activision Blizzard, Inc. (NASDAQ:ATVI) for Potential Securities Violations and Breach of Fiduciary Duty",0.273,0.093,0.83,0.077
1,Why Activision Blizzard Stock’s Decline Might Be a Buying Opportunity,0.477,0.186,0.702,0.112
2,"LAWSUITS FILED AGAINST SRAC, DIDI and ATVI - Jakubowitz Law Pursues Shareholders Claims",-0.987,0.071,0.816,0.112
3,"ATVI FILING DEADLINE: Bernstein Liebhard LLP Reminds Investors of the Deadline to File a Lead Plaintiff Motion in a Securities Class Action Lawsuit Against Activision Blizzard, Inc.",0.983,0.127,0.798,0.074
4,Why GameStop Is Heading Lower Today,0.14,0.092,0.823,0.086
5,"CLASS ACTION UPDATE for BZ, PLL and ATVI: Levi &amp; Korsinsky, LLP Reminds Investors of Class Actions on Behalf of Shareholders",-0.993,0.04,0.846,0.114
6,"SHAREHOLDER ACTION NOTICE: The Schall Law Firm Reminds Investors of a Class Action Lawsuit Against Activision Blizzard, Inc. and Encourages Investors with Losses in Excess of $100,000 to Contact the Firm",-0.967,0.067,0.815,0.119
7,"ATVI Investor Alert: Bronstein, Gewirtz &amp; Grossman, LLC Reminds Activision Blizzard, Inc. Investors of Class Action and Encourages Shareholders to Contact the Firm",-0.973,0.075,0.797,0.128
8,"ATVI ALERT - Nationally Ranked Shareholder Rights Firm Labaton Sucharow is Investigating Activision Blizzard, Inc. (NASDAQ:ATVI) for Potential Securities Violations and Breach of Fiduciary Duty",0.273,0.093,0.83,0.077
9,"The Klein Law Firm Reminds Investors of Class Actions on Behalf of Shareholders of JRVR, YMM and ATVI",-0.995,0.052,0.817,0.13
10,"SHAREHOLDER ALERT: Activision Blizzard, Inc. (ATVI) Officers and Directors Under Investigation for Possible False Statements and Discrimination",-0.727,0.072,0.847,0.081
11,Activision stock gains after upgrade at Citi,-0.202,0.096,0.774,0.13
12,"SHAREHOLDER ACTION NOTICE: The Schall Law Firm Reminds Investors of a Class Action Lawsuit Against Activision Blizzard, Inc. and Encourages Investors with Losses in Excess of $100,000 to Contact the Firm",-0.972,0.063,0.817,0.121
13,"The Gross Law Firm Announces Class Actions on Behalf of Shareholders of HMPT, YMM and ATVI",-0.99,0.069,0.808,0.123
14,"Disney Rises Premarket; Airbnb, Doordash Fall",0.972,0.124,0.821,0.055
15,"ACTIVISION BLIZZARD INVESTOR NOTICE BY FORMER LOUISIANA ATTORNEY GENERAL: Kahn Swick &amp; Foti, LLC Reminds Shareholders of Lead Plaintiff Deadline in Class Action Lawsuit Against Activision Blizzard, Inc. - ATVI",-0.95,0.085,0.798,0.117
