﻿,Titles,Polarity,Positive,Neutral,Negative
0,"Activision Blizzard, Inc (ATVI) Tops Q3 Earnings and Revenue Estimates",0.994,0.098,0.893,0.009
1,"Activision Blizzard earnings beat expectations on bottom line, miss on Q4 outlook",0.0,0.0,1.0,0.0
2,"Activision Blizzard stock rises on earnings beat, safe workplace commitments",0.681,0.216,0.784,0.0
3,Activision Beats Estimates on Game Strength Outweighing Lawsuit,-0.957,0.074,0.83,0.097
4,Activision Beats Estimates on Game Strength Outweighing Lawsuit,-0.957,0.074,0.83,0.097
5,"Activision Blizzard earnings beat expectations on bottom line, but miss on Q4 outlook",0.644,0.095,0.823,0.082
6,Activision forecasts fourth-quarter adjusted sales below expectations,0.318,0.067,0.872,0.061
7,"Activision shares fall on dismal holiday forecast, change in Blizzard leadership",0.785,0.054,0.925,0.021
8,Activision forecasts fourth-quarter adjusted sales below expectations,0.318,0.067,0.873,0.06
9,Activision Blizzard Announces Third-Quarter 2021 Financial Results,1.0,0.11,0.85,0.041
10,"Rivian IPO, Supply Chain Torment, Musk Tweet on Hertz - What's Moving Markets",0.901,0.054,0.904,0.042
11,"Gaming Profits Flow to Apple (AAPL), at Least for Now",0.468,0.192,0.808,0.0
