﻿,Titles,Polarity,Positive,Neutral,Negative
0,Roblox set to report first earnings as a public company,0.96,0.066,0.912,0.022
1,Was The Smart Money Right About Colgate-Palmolive Company (CL)?,0.999,0.128,0.844,0.028
2,Was The Smart Money Right About Colgate-Palmolive Company (CL)?,0.999,0.128,0.844,0.028
3,18 Words From Corsair Gaming CEO Could Spell Monster Returns for Investors,0.9,0.138,0.847,0.014
4,3 Reasons to Be Excited About Activision Blizzard After Its Q1 Results,0.402,0.076,0.924,0.0
5,Weekly Stock List,0.981,0.16,0.804,0.037
