﻿,Titles,Polarity,Positive,Neutral,Negative
0,‘Everyone wanted to be a gamer because there was nothing else to do:’ FaZe Clan gamer ‘SWAGG’ on pandemic boom,1,0.191,0.786,0.022
1,Saudi Arabia Invested Billions of Dollars in Videogame Stocks,0,0.0,1.0,0.0
2,"CEOs of GameStop, FansUnite, ESE and Activision Blizzard Driving New Trends in E-Sports, I-Gaming and Digital Entertainment",1,0.157,0.837,0.006
3,"CEOs of GameStop, FansUnite, ESE and Activision Blizzard Driving New Trends in E-Sports, I-Gaming and Digital Entertainment",1,0.157,0.837,0.006
