﻿,Titles,Polarity,Positive,Neutral,Negative
0,Activision Blizzard Agrees to Pay $18 Million to Settle EEOC Probe,-0.178,0.12,0.73,0.15
1,Activision Agrees to Pay Harassment Victims in Face of Suit,-0.571,0.086,0.825,0.089
2,"Activision Blizzard Commits to Expanded Workplace Initiatives, Reaches Agreement with the EEOC",0.999,0.181,0.774,0.045
3,Activision Deadline Alert,0.764,0.112,0.794,0.095
4,"ATVI ALERT: The Klein Law Firm Announces a Lead Plaintiff Deadline of October 4, 2021 in the Class Action Filed on Behalf of Activision Blizzard, Inc. Limited Shareholders",-0.974,0.077,0.797,0.126
5,ATVI Investor Alert: Shareholder Lawsuit Filed,-0.63,0.067,0.851,0.082
6,"CLASS ACTION UPDATE for ATVI, YALA and SESN: Levi &amp; Korsinsky, LLP Reminds Investors of Class Actions on Behalf of Shareholders",-0.996,0.042,0.828,0.13
7,"INVESTOR ALERT BY FORMER LOUISIANA ATTORNEY GENERAL: Class Action Lawsuits filed on behalf of ATVI, SESN, WDH Investors, Lead Plaintiff Deadlines Set",-0.746,0.065,0.859,0.076
8,"LAWSUITS FILED AGAINST ATVI, KPLT and SAM - Jakubowitz Law Pursues Shareholders Claims",-0.979,0.074,0.809,0.117
9,"ATVI 7-DAY DEADLINE ALERT: Hagens Berman Encourages Activision Blizzard (ATVI) Investors with Significant Losses to Contact Firm’s Attorneys Now, OCTOBER 4TH APPLICATION DEADLINE in Securities Class Action",-0.61,0.089,0.82,0.091
10,10 Best Stocks to Buy According to George Soros,0.999,0.108,0.872,0.02
11,SHAREHOLDER ALERT: ATVI ZY SLQT: The Law Offices of Vincent Wong Reminds Investors of Important Class Action Deadlines,-0.992,0.046,0.828,0.126
12,"7 DAY DEADLINE ALERT - Nationally Ranked Shareholder Rights Firm Labaton Sucharow is Investigating Activision Blizzard, Inc. (NASDAQ:ATVI) for Potential Securities Violations and Breach of Fiduciary Duty",0.273,0.093,0.83,0.077
13,"ATVI Looming Deadline: Bronstein, Gewirtz &amp; Grossman, LLC Reminds Activision Blizzard, Inc. Investors of Class Action and Lead Plaintiff Deadline: October 4, 2021",-0.969,0.079,0.794,0.127
14,"SHAREHOLDER ALERT: Lowey Dannenberg, P.C., Reminds Investors of Important October 4 Deadline in Securities Class Action Lawsuit Against Activision Blizzard, Inc., and Encourages Investors Who Lost More than $100,000 to Contact the Firm",-0.986,0.056,0.83,0.114
15,"SHAREHOLDER ALERT: Lowey Dannenberg, P.C., Reminds Investors of Important October 4 Deadline in Securities Class Action Lawsuit Against Activision Blizzard, Inc., and Encourages Investors Who Lost More than $100,000 to Contact the Firm",-0.986,0.056,0.83,0.114
16,"7-DAY DEADLINE ALERT: The Schall Law Firm Reminds Investors of a Class Action Lawsuit Against Activision Blizzard, Inc. and Encourages Investors with Losses in Excess of $100,000 to Contact the Firm",-0.972,0.063,0.817,0.121
17,"SHAREHOLDER ALERT: Levi &amp; Korsinsky, LLP Notifies Shareholders of Activision Blizzard, Inc. of a Class Action Lawsuit and a Lead Plaintiff Deadline of October 4, 2021 - ATVI",0.807,0.097,0.825,0.078
