﻿,Titles,Polarity,Positive,Neutral,Negative
0,"ATVI 10-DAY DEADLINE ALERT: Hagens Berman Encourages Activision Blizzard (ATVI) Investors with Significant Losses to Contact Firm’s Attorneys Now, Securities Fraud Class Action Filed",-0.61,0.089,0.82,0.091
1,"INVESTOR ALERT - Labaton Sucharow is Investigating Activision Blizzard, Inc. (NASDAQ:ATVI) for Potential Securities Violations and Breach of Fiduciary Duty",0.273,0.093,0.83,0.077
2,"ATVI ALERT: The Klein Law Firm Announces a Lead Plaintiff Deadline of October 4, 2021 in the Class Action Filed on Behalf of Activision Blizzard, Inc. Limited Shareholders",-0.974,0.077,0.797,0.126
3,"The Volatility may Allow Activision Blizzard, Inc. (NASDAQ:ATVI) to Converge Down to Value",0.998,0.137,0.832,0.031
4,ATVI INVESTOR ALERT: Shareholder Class Action Lawsuit Filed,-0.591,0.067,0.853,0.08
5,10 Large-Cap Stocks to Buy According to Anand Parekh’s Alyeska Investment Group,0.996,0.059,0.933,0.008
6,"The Klein Law Firm Reminds Investors of Class Actions on Behalf of Shareholders of ATVI, ITRM and PHG",-0.995,0.047,0.825,0.128
7,"OCTOBER 4, 2021 ATVI SHAREHOLDER CLASS ACTION DEADLINE: Bernstein Liebhard LLP Reminds Investors of the Deadline to File a Lead Plaintiff Motion in a Securities Class Action Lawsuit Against Activision Blizzard, Inc.",0.986,0.13,0.798,0.073
8,"CLASS ACTION UPDATE for ATVI, ZY and VIEW: Levi &amp; Korsinsky, LLP Reminds Investors of Class Actions on Behalf of Shareholders",-0.987,0.044,0.856,0.1
9,"ATVI ALERT - Nationally Ranked Shareholder Rights Firm Labaton Sucharow is Investigating Activision Blizzard, Inc. (NASDAQ:ATVI) for Potential Securities Violations and Breach of Fiduciary Duty",0.273,0.093,0.83,0.077
10,"ATVI Upcoming Deadline: Bronstein, Gewirtz &amp; Grossman, LLC Reminds Activision Blizzard, Inc. Investors of Class Action and Lead Plaintiff Deadline: October 4, 2021",-0.973,0.076,0.794,0.13
11,"SHAREHOLDER ALERT: Levi &amp; Korsinsky, LLP Notifies Shareholders of Activision Blizzard, Inc. of a Class Action Lawsuit and a Lead Plaintiff Deadline of October 4, 2021 - ATVI",0.807,0.097,0.825,0.078
12,"INVESTOR ACTION REMINDER: The Schall Law Firm Reminds Investors of a Class Action Lawsuit Against Activision Blizzard, Inc. and Encourages Investors with Losses in Excess of $100,000 to Contact the Firm",-0.972,0.063,0.816,0.121
13,"ATVI LAWSUIT FILED: Jakubowitz Law Pursues Claims on Behalf of Activision Blizzard, Inc. Shareholders",-0.974,0.081,0.77,0.149
14,"ATVI, SESN, WDH SHAREHOLDERS - ALERT BY FORMER LOUISIANA ATTORNEY GENERAL: Class Action lawsuits filed on behalf of Investors, Lead Plaintiff Deadlines Set",-0.746,0.065,0.859,0.076
15,ATVI Investor Alert: Shareholder Lawsuit Filed,-0.224,0.073,0.848,0.079
16,"SHAREHOLDER ALERT: Pomerantz Law Firm Investigates Claims On Behalf of Investors of Activision Blizzard, Inc. - ATVI",-0.94,0.093,0.773,0.133
17,"SHAREHOLDER ALERT: Pomerantz Law Firm Investigates Claims On Behalf of Investors of Activision Blizzard, Inc. - ATVI",-0.94,0.093,0.774,0.133
