﻿,Titles,Polarity,Positive,Neutral,Negative
0,"SHAREHOLDER ALERT: The Gross Law Firm Notifies Shareholders of Activision Blizzard, Inc. of a Class Action Lawsuit and a Lead Plaintiff Deadline of October 4, 2021 - (ATVI)",-0.99,0.079,0.781,0.14
1,"Bragar Eagel &amp; Squire, P.C. Reminds Investors That Class Action Lawsuits Have Been Filed Against CarLotz, Ardelyx, Activision Blizzard, and SelectQuote and Encourages Investors to Contact the Firm",-0.954,0.074,0.843,0.083
2,"Bragar Eagel &amp; Squire, P.C. Reminds Investors That Class Action Lawsuits Have Been Filed Against CarLotz, Ardelyx, Activision Blizzard, and SelectQuote and Encourages Investors to Contact the Firm",-0.954,0.074,0.843,0.083
3,Activision Deadline Alert,0.764,0.112,0.793,0.095
4,"ROSEN, TOP RANKED GLOBAL INVESTOR COUNSEL, Encourages Activision Blizzard, Inc. Investors with Losses Exceeding $100K to Secure Counsel Before Important Deadline in Securities Class Action First Filed by Firm – ATVI",0.898,0.098,0.824,0.078
5,"ROSEN, TOP RANKED GLOBAL INVESTOR COUNSEL, Encourages Activision Blizzard, Inc. Investors with Losses Exceeding $100K to Secure Counsel Before Important Deadline in Securities Class Action First Filed by Firm – ATVI",0.898,0.098,0.824,0.078
6,"SHAREHOLDER ALERT: Levi &amp; Korsinsky, LLP Notifies Shareholders of Activision Blizzard, Inc. of a Class Action Lawsuit and a Lead Plaintiff Deadline of October 4, 2021 - ATVI",0.807,0.097,0.825,0.078
7,"INVESTOR ALERT - Labaton Sucharow is Investigating Activision Blizzard, Inc. (NASDAQ:ATVI) for Potential Securities Violations and Breach of Fiduciary Duty",0.273,0.093,0.83,0.077
8,"ATVI LAWSUIT: The Law Offices of Vincent Wong Notify Investors of a Class Action Lawsuit Involving Activision Blizzard, Inc.",-0.988,0.048,0.801,0.151
9,"INVESTOR ACTION NOTICE: The Schall Law Firm Reminds Investors of a Class Action Lawsuit Against Activision Blizzard, Inc. and Encourages Investors with Losses in Excess of $100,000 to Contact the Firm",-0.972,0.063,0.817,0.121
10,"ATVI ALERT: The Klein Law Firm Announces a Lead Plaintiff Deadline of October 4, 2021 in the Class Action Filed on Behalf of Activision Blizzard, Inc. Limited Shareholders",-0.974,0.077,0.797,0.126
11,ATVI INVESTOR ALERT: Shareholder Lawsuit Filed,-0.591,0.067,0.853,0.08
12,"ARDX &amp; ATVI Shareholder Class Actions and Upcoming Deadline Reminders: Bronstein, Gewirtz &amp; Grossman LLC",-0.983,0.054,0.834,0.112
13,"ATVI ALERT - Nationally Ranked Shareholder Rights Firm Labaton Sucharow is Investigating Activision Blizzard, Inc. (NASDAQ:ATVI) for Potential Securities Violations and Breach of Fiduciary Duty",0.273,0.093,0.83,0.077
14,"The Gross Law Firm Announces Class Actions on Behalf of Shareholders of ATVI, ATIP and SESN",-0.993,0.077,0.79,0.133
15,"FILING DEADLINE--Kuznicki Law PLLC Announces Class Actions on Behalf of Shareholders of ANVS, ATVI, SESN and ZY",0.523,0.105,0.813,0.082
16,"SHAREHOLDER ALERT: Pomerantz Law Firm Investigates Claims On Behalf of Investors of Activision Blizzard, Inc. - ATVI",-0.94,0.093,0.774,0.133
17,"SHAREHOLDER ALERT: Pomerantz Law Firm Investigates Claims On Behalf of Investors of Activision Blizzard, Inc. - ATVI",-0.94,0.093,0.774,0.133
