﻿,Titles,Polarity,Positive,Neutral,Negative
0,"Dow Jones Jumps 100 Points, Nears All-Time High; Nike Nears Buy Point; Johnson &amp; Johnson Jumps On Vaccine News",0.586,0.128,0.872,0.0
1,"Dow Jones Jumps 100 Points, Nears All-Time High; Nike Nears Buy Point; Johnson &amp; Johnson Jumps On Vaccine News",0.586,0.128,0.872,0.0
2,"Dow Rallies As J&amp;J Gains, Senate OKs Budget Plan For Biden Stimulus Bill",0.71,0.237,0.763,0.0
3,"Dow Rallies As J&amp;J Gains, Senate OKs Budget Plan For Biden Stimulus Bill",0.71,0.237,0.763,0.0
4,"Stock Market Up As Activision, J&amp;J, Ubiquiti Lead Upside; Should Investors Take Profits In Peloton, Unity Software?",-0.273,0.0,0.913,0.087
