﻿,Titles,Polarity,Positive,Neutral,Negative
0,Activision Blizzard Is Too Risky To Go Long on at This Time,0.998,0.143,0.819,0.038
1,Activision plans to delay a new ‘Call of Duty’ release for the first time in nearly two decades,-0.153,0.031,0.92,0.049
2,Activision Gives Microsoft Costly New Ammunition,-0.318,0.162,0.539,0.299
3,Peloton Isn’t the ONLY Takeover Target. What Companies Could Be Bought Out in 2022?,0.999,0.104,0.862,0.034
4,Activision's mobile gaming unit to see leadership changes ahead of Microsoft deal,-0.296,0.037,0.903,0.06
5,7 Safe Stocks to Buy If You Fear the Bear,1.0,0.112,0.866,0.022
6,Activision Undergoes Executive Shakeup at Its Division That Makes Candy Crush,0.896,0.065,0.893,0.042
7,King Announces Leadership Changes,0.999,0.194,0.802,0.004
8,"Europe, U.S. Levy Financial Sanctions Against Russia",0.527,0.134,0.866,0.0
9,Call of Duty's Planned 2023 Release Delayed By Activision: Bloomberg,-0.718,0.023,0.927,0.05
10,2 Top Metaverse Stocks Ready for a Bull Run,0.937,0.204,0.796,0.0
11,"Russia Sanctions, Activision, Palo Alto Networks, Tesla and Stocks - Five Things You Must Know",0.128,0.148,0.732,0.12
12,Warren Buffett Just Bought These 7 Stocks. Should You?,0.625,0.177,0.823,0.0
13,Should You Now Consider Selling Your Activision Blizzard (ATVI) Stake?,0.975,0.096,0.848,0.056
14,Activision stock shakes off report of ‘Call of Duty’ delay in 2023,-0.226,0.0,0.929,0.071
