﻿,Titles,Polarity,Positive,Neutral,Negative
0,"SHAREHOLDER ALERT: Pomerantz Law Firm Investigates Claims On Behalf of Investors of Activision Blizzard, Inc. - ATVI",-0.914,0.098,0.775,0.127
1,"The Klein Law Firm Reminds Investors of Class Actions on Behalf of Shareholders of CRMD, ATVI and SESN",-0.996,0.057,0.803,0.14
2,Activision Shareholder Alert,0.764,0.112,0.793,0.095
3,"INVESTOR ALERT: Kirby McInerney LLP Reminds Investors That Securities Class Action Lawsuits Have Been Filed Against Stable Road Acquisition Corp. (MNTS), CorMedix Inc. (CRMD), Piedmont Lithium Inc. f/k/a Piedmont Lithium Limited (PLL), and Activision Blizzard (ATVI) and Encourages Investors to Contact the Firm",-0.982,0.079,0.815,0.106
4,"INVESTOR ALERT: Kirby McInerney LLP Reminds Investors That Securities Class Action Lawsuits Have Been Filed Against Stable Road Acquisition Corp. (MNTS), CorMedix Inc. (CRMD), Piedmont Lithium Inc. f/k/a Piedmont Lithium Limited (PLL), and Activision Blizzard (ATVI) and Encourages Investors to Contact the Firm",-0.982,0.079,0.815,0.106
5,"CLASS ACTION UPDATE for ATVI, SLQT and SPPI: Levi &amp; Korsinsky, LLP Reminds Investors of Class Actions on Behalf of Shareholders",-0.987,0.048,0.846,0.106
6,"INVESTOR ALERT - Labaton Sucharow is Investigating Activision Blizzard, Inc. (NASDAQ:ATVI) for Potential Securities Violations and Breach of Fiduciary Duty",0.273,0.093,0.83,0.077
7,SHAREHOLDER ALERT: COIN ARDX ATVI: The Law Offices of Vincent Wong Reminds Investors of Important Class Action Deadlines,-0.99,0.044,0.842,0.114
8,"The Law Offices of Frank R. Cruz Continues Investigation of Activision Blizzard, Inc. (ATVI) on Behalf of Investors",0.929,0.08,0.912,0.008
9,"ATVI LAWSUIT FILED: Jakubowitz Law Pursues Claims on Behalf of Activision Blizzard, Inc. Shareholders",-0.974,0.081,0.77,0.149
10,"Why Is Activision Blizzard, Inc (ATVI) Up 1% Since Last Earnings Report?",0.997,0.089,0.899,0.013
11,"ATVI DEADLINE: ROSEN, A LEADING INVESTOR RIGHTS LAW FIRM, Encourages Activision Blizzard, Inc. Investors with Losses Exceeding $100K to Secure Counsel Before Important Deadline in Securities Class Action First Filed by Firm - ATVI",0.898,0.096,0.827,0.077
12,"ATVI ALERT - Nationally Ranked Shareholder Rights Firm Labaton Sucharow is Investigating Activision Blizzard, Inc. (NASDAQ:ATVI) for Potential Securities Violations and Breach of Fiduciary Duty",0.273,0.093,0.83,0.077
13,"ATVI Shareholder Alert: Bronstein, Gewirtz &amp; Grossman, LLC Reminds Activision Blizzard, Inc. Investors of Class Action and Lead Plaintiff Deadline: October 4, 2021",-0.969,0.079,0.794,0.127
14,"SHAREHOLDER ALERT: Activision Blizzard, Inc. (ATVI) Officers and Directors Under Investigation for Possible False Statements and Discrimination (UPDATED)",-0.91,0.067,0.841,0.091
15,3 Video Game Stocks You Can Buy at a Discount,0.0,0.0,1.0,0.0
16,"Lawsuits Filed Against COIN, ATVI and SAVA - Jakubowitz Law Pursues Shareholders Claims",-0.971,0.081,0.803,0.117
17,"SHAREHOLDER ALERT: CLAIMSFILER REMINDS ANVS, ATVI, SESN, ZY INVESTORS of Lead Plaintiff Deadline in Class Action Lawsuits",0.974,0.148,0.791,0.061
