﻿,Titles,Polarity,Positive,Neutral,Negative
0,"Franklin Street Advisors Inc  Buys Lowe's Inc, Genuine Parts Co, Dollar General Corp, Sells ...",0.967,0.048,0.929,0.023
1,The Great Resignation helped boost Microsoft’s profits,0.859,0.349,0.603,0.048
2,7 Worst SPACs for Smart Investors to Skip in 2022,0.964,0.077,0.858,0.065
3,10 Stocks to Buy That Could Make You a Millionaire in 2022,1.0,0.143,0.831,0.026
4,"Independence Bank of Kentucky Buys PayPal Holdings Inc, iShares S&amp;P Global Clean Energy ...",0.995,0.054,0.939,0.007
5,Microsoft Is Getting More Than Just Games With Its Activision Buyout,0.718,0.297,0.65,0.053
6,"Microsoft earnings show company ‘firing on all cylinders,’ analyst says",0.0,0.0,1.0,0.0
7,"180 Wealth Advisors, Llc Buys TJX Inc, UiPath Inc, Lockheed Martin Corp, Sells Dollar General ...",0.999,0.103,0.89,0.006
8,Next Three 'Call of Duty' Games Will be Released on Sony's PlayStation,0.0,0.0,1.0,0.0
9,Meta Platforms (FB) to Launch World's Fastest AI Computer,0.997,0.115,0.881,0.004
10,Deal Market’s Worries About a Tougher Regulatory Environment Grow,0.971,0.076,0.882,0.042
11,Roku Faces a New World That Doesn’t Have Time for All Streaming Options,0.993,0.112,0.837,0.051
12,Activision Teases New Survival Game for 2025 Amid Microsoft Controversies,0.0,0.0,1.0,0.0
13,Is Microsoft's Activision Acquisition Good News for Shiba Inu?,0.844,0.159,0.841,0.0
14,Activision Staff Seeking Union Election Face Company Opposition,-0.979,0.036,0.878,0.086
