﻿,Titles,Polarity,Positive,Neutral,Negative
0,Microsoft’s 10 Biggest Acquisitions of All Time,0.997,0.071,0.926,0.004
1,‘Seismic shift at a glacial pace’ — Microsoft is walking into one of the weirdest times ever for a big merger,0.0,0.0,1.0,0.0
2,"JBS-Pilgrim’s Pride deal falls through, Activision Blizzard probe expands, cargo ship catches fire",0.153,0.103,0.809,0.088
3,Microsoft's Activision Acquisition Triggers Regulatory Subpoenas Over Workplace Harassment,0.671,0.052,0.925,0.022
4,Buffett Says Berkshire Had ‘No Prior Knowledge’ of Microsoft’s Deal for Activision,0.66,0.221,0.779,0.0
5,"Once Again, Microsoft Stock Is the Easiest Stock to Recommend",0.98,0.09,0.863,0.048
6,"Zacks Value Trader Highlights: Mastercard, Visa, Chevron and AbbVie",0.999,0.117,0.87,0.013
7,Buffett Says Berkshire Had No Advance Word of Activision Deal,0.922,0.086,0.87,0.044
8,Buffett says Berkshire's Activision purchase was 'no bonanza',0.778,0.073,0.882,0.045
