﻿,Titles,Polarity,Positive,Neutral,Negative
0,"ATVI ALERT: The Klein Law Firm Announces a Lead Plaintiff Deadline of October 4, 2021 in the Class Action Filed on Behalf of Activision Blizzard, Inc. Limited Shareholders",-0.974,0.077,0.797,0.126
1,"ATVI Investor Notice: Rosen, Leading Investor Counsel, Encourages Activision Blizzard, Inc. Investors with Losses to Secure Counsel Before Important October 4 Deadline in Securities Class Action - ATVI",0.922,0.099,0.824,0.077
2,"ATVI CLASS ACTION FILING DEADLINE: Bernstein Liebhard LLP Reminds Investors of the Deadline to File a Lead Plaintiff Motion in a Securities Class Action Lawsuit Against Activision Blizzard, Inc.",0.983,0.129,0.796,0.075
3,"ATVI CLASS ACTION FILING DEADLINE: Bernstein Liebhard LLP Reminds Investors of the Deadline to File a Lead Plaintiff Motion in a Securities Class Action Lawsuit Against Activision Blizzard, Inc.",0.983,0.13,0.795,0.076
4,"SHAREHOLDER ALERT: Levi &amp; Korsinsky, LLP Notifies Shareholders of Activision Blizzard, Inc. of a Class Action Lawsuit and a Lead Plaintiff Deadline of October 4, 2021 - ATVI",0.807,0.097,0.825,0.078
5,"ATVI ALERT - Nationally Ranked Shareholder Rights Firm Labaton Sucharow is Investigating Activision Blizzard, Inc. (NASDAQ:ATVI) for Potential Securities Violations and Breach of Fiduciary Duty",0.273,0.093,0.83,0.077
6,"The Klein Law Firm Reminds Investors of Class Actions on Behalf of Shareholders of ATVI, SLQT and SPPI",-0.994,0.055,0.807,0.138
7,ATVI INVESTOR ALERT: Shareholder Lawsuit Filed,-0.591,0.067,0.853,0.08
8,"The Gross Law Firm Announces Class Actions on Behalf of Shareholders of ATVI, VIEW and SESN",-0.995,0.068,0.791,0.141
9,"Shareholder Reminders: ARDX &amp; ATVI Class Actions and Upcoming Deadlines - Bronstein, Gewirtz &amp; Grossman LLC",-0.982,0.054,0.835,0.111
10,Why Electronic Arts' Stock Price Took a Dive on Wednesday,0.527,0.12,0.82,0.06
11,"CLASS ACTION UPDATE for ATVI, ZY and KPLT: Levi &amp; Korsinsky, LLP Reminds Investors of Class Actions on Behalf of Shareholders",-0.978,0.053,0.852,0.095
12,"INVESTOR ACTION NOTICE: The Schall Law Firm Reminds Investors of a Class Action Lawsuit Against Activision Blizzard, Inc. and Encourages Investors with Losses in Excess of $100,000 to Contact the Firm",-0.972,0.063,0.817,0.121
13,SHAREHOLDER ALERT: BLCT ATVI SLQT: The Law Offices of Vincent Wong Reminds Investors of Important Class Action Deadlines,-0.992,0.045,0.828,0.127
14,"全球備受尊崇的投資者法律顧問 ROSEN 鼓勵損失超過 10 萬美元的 Activision Blizzard, Inc. 投資者在 10 月 4 日證券集體訴訟重要截止日期前尋求法律意見 - ATVI",0.727,0.037,0.963,0.0
15,"Investor Alert by Former Louisiana Attorney General: Class Action Lawsuits Filed on Behalf of ATVI, COIN, ZY Investors, Lead Plaintiff Deadlines Set",-0.715,0.062,0.868,0.07
16,"INVESTOR ALERT - Labaton Sucharow is Investigating Activision Blizzard, Inc. (NASDAQ:ATVI) for Potential Securities Violations and Breach of Fiduciary Duty",0.273,0.093,0.83,0.077
