﻿,Titles,Polarity,Positive,Neutral,Negative
0,"Rosen, Global Investor Counsel, Encourages Activision Blizzard, Inc. Investors with Losses Exceeding $100K to Secure Counsel Before Important October 4 Deadline in Securities Class Action Commenced by the Firm - ATVI",0.922,0.098,0.826,0.076
1,Activision Shareholder Notice,-0.778,0.102,0.774,0.124
2,"The Law Offices of Frank R. Cruz Announces Investigation of Activision Blizzard, Inc. (ATVI) on Behalf of Investors",0.929,0.08,0.912,0.008
3,"ATVI ALERT - Nationally Ranked Shareholder Rights Firm Labaton Sucharow is Investigating Activision Blizzard, Inc. (NASDAQ:ATVI) for Potential Securities Violations and Breach of Fiduciary Duty",0.273,0.093,0.83,0.077
4,"SHAREHOLDER ACTION REMINDER: The Schall Law Firm Reminds Investors of a Class Action Lawsuit Against Activision Blizzard, Inc. and Encourages Investors with Losses in Excess of $100,000 to Contact the Firm",-0.972,0.063,0.817,0.121
5,Activision Director Peter Nolan Buys the Stock Dip,0.296,0.128,0.872,0.0
6,"The Klein Law Firm Reminds Investors of Class Actions on Behalf of Shareholders of YMM, ATVI and SLQT",-0.994,0.053,0.81,0.137
7,"SHAREHOLDER ACTION REMINDER: The Schall Law Firm Reminds Investors of a Class Action Lawsuit Against Activision Blizzard, Inc. and Encourages Investors with Losses in Excess of $100,000 to Contact the Firm",-0.967,0.067,0.815,0.119
8,"CLASS ACTION UPDATE for ATVI, PHG and ATIP: Levi &amp; Korsinsky, LLP Reminds Investors of Class Actions on Behalf of Shareholders",-0.983,0.05,0.856,0.094
9,"The Gross Law Firm Announces Class Actions on Behalf of Shareholders of DIDI, ATVI and ANVS",-0.989,0.071,0.807,0.123
10,"ATVI ALERT - Nationally Ranked Shareholder Rights Firm Labaton Sucharow is Investigating Activision Blizzard, Inc. (NASDAQ:ATVI) for Potential Securities Violations and Breach of Fiduciary Duty",0.273,0.093,0.83,0.077
11,ACTIVISION BLIZZARD INVESTOR ALERT: Shareholder Lawsuit Filed,-0.591,0.067,0.853,0.08
12,SHAREHOLDER ALERT: CRMD CXO ATVI: The Law Offices of Vincent Wong Reminds Investors of Important Class Action Deadlines,-0.992,0.053,0.827,0.12
13,"ACTIVISION BLIZZARD SHAREHOLDER ALERT BY FORMER LOUISIANA ATTORNEY GENERAL: Kahn Swick &amp; Foti, LLC Reminds Investors with Losses in Excess Of $100,000 of Lead Plaintiff Deadline in Class Action Lawsuit Against Activision Blizzard, Inc. - ATVI",-0.934,0.086,0.801,0.113
14,"SHAREHOLDER ALERT: Pomerantz Law Firm Investigates Claims On Behalf of Investors of Activision Blizzard, Inc. - ATVI",-0.943,0.099,0.762,0.139
