﻿,Titles,Polarity,Positive,Neutral,Negative
0,How Activision's CEO Will Benefit From Microsoft Buyout,-0.691,0.0,0.913,0.087
1,"Goldman’s Koch Sees Recession, Hopes It’s Shallow: Milken Update",0.998,0.095,0.855,0.05
2,Activision Blizzard Unveils Warcraft Mobile Game and Cancels Another,0.867,0.07,0.881,0.049
3,Blizzard Entertainment to Bring Action-Packed Strategy to Mobile with Warcraft® Arclight Rumble™,0.998,0.147,0.813,0.04
4,Follow Warren Buffett With These ETFs,0.996,0.111,0.855,0.034
