﻿,Titles,Polarity,Positive,Neutral,Negative
0,Should I Avoid Mercadolibre Inc (MELI)?,0.998,0.109,0.866,0.025
1,Should I Avoid Mercadolibre Inc (MELI)?,0.998,0.109,0.866,0.025
2,Activision Blizzard Announces Results of Annual Meeting of Shareholders and Adjournment With Respect to Say-on-Pay Proposal,0.998,0.121,0.85,0.029
3,"Hedge Funds Have Never Been This Bullish On Baidu, Inc. (BIDU)",0.998,0.098,0.887,0.015
4,"Do Hedge Funds Love Activision Blizzard, Inc. (ATVI)?",0.999,0.102,0.874,0.024
5,Activision (ATVI) Unveils Latest Remake Diablo II: Resurrected,0.998,0.155,0.817,0.028
