﻿,Titles,Polarity,Positive,Neutral,Negative
0,"Activision Blizzard, Inc (ATVI) Stock Moves -0.99%: What You Should Know",0.989,0.094,0.89,0.016
1,Investors Should Be Wary of Roblox’s Threats and Weaknesses,0.992,0.118,0.823,0.058
2,Investment Opportunity Breakdown: Video Game Stocks,1.0,0.132,0.829,0.039
3,"These S&amp;P 500 stocks have cratered, but analysts think 12 can turn it around with rebounds of up to 70%",0.527,0.172,0.723,0.105
4,"McElhenny Sheffield Capital Management, LLC Buys PowerShares QQQ Trust Ser 1, Technology Select ...",0.999,0.066,0.931,0.003
5,Top Video Game Stocks for Q1 2022,0.586,0.118,0.848,0.034
