﻿,Titles,Polarity,Positive,Neutral,Negative
0,Blizzard Entertainment Acquires This Boston-Based Studio For Undisclosed Terms,0.987,0.141,0.835,0.025
1,Blizzard Entertainment Acquires Boston-Based Studio Proletariat to Expand Development Pipeline for World of Warcraft ®,0.999,0.156,0.824,0.02
2,3 Undervalued Blue-Chip Stocks to Buy in July 2022,0.996,0.088,0.892,0.019
3,3 Warren Buffett Stocks to Buy Hand Over Fist in July,0.941,0.18,0.82,0.0
4,Activision Stock Is a Bet on Microsoft’s Takeover. It’s One Worth Making.,-0.511,0.0,0.83,0.17
