﻿,Titles,Polarity,Positive,Neutral,Negative
0,Apple Employees in Oklahoma City Petition to Unionize Store,0.993,0.104,0.871,0.025
1,"UK regulators concerned about Microsoft-Activision Blizzard deal, more parents buying Apple Watches",0.996,0.111,0.867,0.022
2,Microsoft’s deal to buy Activision Blizzard facing U.K. challenge,-0.273,0.068,0.873,0.06
3,U.K. Regulator Has Concerns About Microsoft Purchase of Activision,-0.71,0.049,0.717,0.234
4,"Microsoft’s Activision Deal Raises Competition Concerns, Says U.K. Watchdog",-0.494,0.042,0.844,0.114
5,Microsoft’s $69bn Call of Duty deal faces investigation over impact on PlayStation fans,-0.238,0.052,0.895,0.054
6,Microsoft’s $75bn Activision deal threatened with in-depth UK competition probe,-0.898,0.037,0.821,0.141
7,Activision CEO still sees Microsoft deal closing by June,0.077,0.017,0.983,0.0
8,A Letter from CEO Bobby Kotick Regarding Activision Blizzard’s Merger With Microsoft,0.947,0.077,0.876,0.047
9,U.K. says an in-depth probe is needed for Microsoft's planned Activision purchase,-0.153,0.017,0.957,0.025
10,"UPDATE 4-Microsoft's $69 bln Activision deal could harm competition, UK says",0.991,0.11,0.858,0.032
11,"Microsoft's $69 billion Activision deal could harm competition, UK says",0.991,0.115,0.851,0.034
12,U.K. Competition Authority Warns Microsoft of Potential Activision Deal Probe,-0.519,0.041,0.913,0.046
