﻿,Titles,Polarity,Positive,Neutral,Negative
0,"SHAREHOLDER ALERT: The Gross Law Firm Notifies Shareholders of Activision Blizzard, Inc. of a Class Action Lawsuit and a Lead Plaintiff Deadline of October 4, 2021 - (ATVI)",-0.99,0.079,0.781,0.14
1,Will Activision ETFs Shine Bright on Strong Q2 Results?,0.989,0.077,0.899,0.024
2,"ATVI ALERT - Nationally Ranked Shareholder Rights Firm Labaton Sucharow is Investigating Activision Blizzard, Inc. (NASDAQ:ATVI) for Potential Securities Violations and Breach of Fiduciary Duty",0.273,0.093,0.83,0.077
3,"ATVI LAWSUIT: The Law Offices of Vincent Wong Notify Investors of a Class Action Lawsuit Involving Activision Blizzard, Inc.",-0.988,0.048,0.801,0.151
4,"SHAREHOLDER ACTION ALERT: The Schall Law Firm Reminds Investors of a Class Action Lawsuit Against Activision Blizzard, Inc. and Encourages Investors with Losses in Excess of $100,000 to Contact the Firm",-0.972,0.063,0.817,0.121
5,"SHAREHOLDER ALERT: Levi &amp; Korsinsky, LLP Notifies Shareholders of Activision Blizzard, Inc. of a Class Action Lawsuit and a Lead Plaintiff Deadline of October 4, 2021 - ATVI",0.807,0.097,0.825,0.078
6,"ATVI CLASS ACTION DEADLINE: Bernstein Liebhard LLP Reminds Investors of the Deadline to File a Lead Plaintiff Motion in a Securities Class Action Lawsuit Against Activision Blizzard, Inc.",0.983,0.127,0.799,0.074
7,"The Call of Duty™ Endowment Opens Its 2021 ""Seal of Distinction"" Submissions for U.S. Organizations",0.997,0.135,0.862,0.003
8,"SHAREHOLDER ALERT BY FORMER LOUISIANA ATTORNEY GENERAL: KSF REMINDS ATVI, COIN, DIDI, LOTZ INVESTORS of Lead Plaintiff Deadline in Class Action Lawsuits",-0.88,0.071,0.841,0.088
9,"ATVI Investor Alert: Bronstein, Gewirtz &amp; Grossman, LLC Reminds Activision Blizzard, Inc. Shareholders of Class Action and Encourages Investors to Contact the Firm",-0.973,0.075,0.797,0.128
10,Were Hedge Funds Right About Mercadolibre Inc (MELI)?,0.996,0.084,0.901,0.015
11,"ATVI ALERT - Nationally Ranked Shareholder Rights Firm Labaton Sucharow is Investigating Activision Blizzard, Inc. (NASDAQ:ATVI) for Potential Securities Violations and Breach of Fiduciary Duty",0.273,0.093,0.83,0.077
12,"Were Hedge Funds Right About Activision Blizzard, Inc. (ATVI)?",0.998,0.099,0.886,0.015
13,"INVESTOR ACTION REMINDER: The Schall Law Firm Reminds Investors of a Class Action Lawsuit Against Activision Blizzard, Inc. and Encourages Investors with Losses in Excess of $100,000 to Contact the Firm",-0.967,0.067,0.815,0.119
14,"Were Hedge Funds Right About Baidu, Inc. (BIDU)?",0.996,0.081,0.904,0.015
15,"ATVI ALERT: The Klein Law Firm Announces a Lead Plaintiff Deadline of October 4, 2021 in the Class Action Filed on Behalf of Activision Blizzard, Inc. Limited Shareholders",-0.974,0.077,0.797,0.126
16,ATVI INVESTOR ALERT: Shareholder Lawsuit Filed,-0.796,0.061,0.857,0.083
