﻿,Titles,Polarity,Positive,Neutral,Negative
0,Activision’s Kotick Could See $520 Million on Microsoft Deal,0.052,0.08,0.836,0.084
1,US STOCKS-Wall Street up before Fed meet as tech buying punctuates volatile trade,0.926,0.078,0.862,0.059
2,US STOCKS-Wall Street ends higher amid topsy-turvy trade before Fed meeting,0.207,0.064,0.872,0.064
3,10 Market-Moving Stocks to Watch on Monday,0.975,0.059,0.916,0.025
4,Warren Buffett praises Apple CEO Tim Cook in annual shareholders letter,0.178,0.116,0.794,0.09
5,"US STOCKS-Wall Street drops as Fed focus takes hold, 10-yr Treasuries breach 3%",-0.918,0.061,0.862,0.078
6,US STOCKS-Wall Street falls in volatile trading as focus turns to Fed meet,-0.76,0.053,0.872,0.075
7,Stock Market Today: Dow Ends Higher as Wild Tech Swings Continue,0.94,0.093,0.862,0.045
8,11 Best Video Game Stocks To Invest in Now,1.0,0.123,0.866,0.012
9,Activision shares rise after Buffett reveals Berkshire took 9.5% stake,0.947,0.097,0.89,0.013
10,"Berkshire Hathaway May Have Sold Verizon in Q1, Bought $10 Billion of Financials",0.0,0.0,1.0,0.0
11,US STOCKS-Wall Street inches higher as growth stocks rebound,-0.744,0.056,0.872,0.072
12,"Buffett blasts Wall Street, announces Activision stake at Berkshire annual meeting",0.671,0.151,0.849,0.0
13,These 2 Nasdaq Stocks Have Warren Buffett's Full Attention,0.277,0.04,0.945,0.015
14,Activision Stock Rises as Warren Buffett Scoops Up More Shares,0.0,0.0,1.0,0.0
15,"Midday Stock Movers: Roku, Activision Blizzard, Global Payments",0.843,0.065,0.903,0.032
16,Activision Stock Jumps As Warren Buffett Reveals $5.6 Billion Stake Ahead of Microsoft Takeover,0.0,0.0,1.0,0.0
17,Amazon Deepens Gloom for Battered E-Commerce Stocks,0.902,0.081,0.854,0.064
18,"Stocks Higher, Week Ahead, Buffett, Activision And Moderna - Five Things You Must Know",0.919,0.25,0.75,0.0
19,Warren Buffett reminds the world about 3 legendary investing tips: Morning Brief,0.999,0.108,0.843,0.049
