﻿,Titles,Polarity,Positive,Neutral,Negative
0,Starbucks Workers at One Store Vote to Unionize. What More Could Be in Store.,0.0,0.0,1.0,0.0
1,One Starbucks Location Votes to Unionize. Here’s What Could Be in Store.,0.0,0.0,1.0,0.0
2,Activision Blizzard Workers Take First Steps Toward Unionizing,-0.791,0.058,0.858,0.083
3,UPDATE 1-Shareholder objects to Activision CEO Kotick's renomination to Coca-Cola board,-0.91,0.038,0.861,0.101
4,Shareholder objects to Activision CEO Kotick's renomination to Coca-Cola board,-0.91,0.04,0.855,0.105
5,Investor Group Asks Coca-Cola to Oust Activision CEO From Board,-0.765,0.07,0.853,0.078
6,Shareholder objects to Activision CEO Kotick's renomination to Coca-Cola board,-0.91,0.04,0.856,0.105
7,Hedge Funds Aren’t Crazy About Boston Scientific Corporation (BSX) Anymore,0.999,0.122,0.849,0.028
8,"Hedge Funds Are Souring On Waste Management, Inc. (WM)",0.992,0.089,0.879,0.032
