﻿,Titles,Polarity,Positive,Neutral,Negative
0,Microsoft Says Call of Duty Is Staying on PlayStation. Activision Stock Rose.,0.599,0.164,0.836,0.0
1,Zynga Revenue Beats Estimates on Omicron Surge,0.992,0.118,0.847,0.035
2,Microsoft appeals to regulators ahead of $70 billion Activision-Blizzard deal,0.987,0.099,0.867,0.034
3,UPDATE 1-Microsoft announces app store principles as it woos regulators on deal,0.92,0.071,0.922,0.007
4,Microsoft Lays Out New App Store Rules as It Seeks Approval of Its Activision Deal,0.973,0.088,0.854,0.057
5,Microsoft announces app store principles as it woos regulators on deal,0.92,0.076,0.917,0.007
6,7 Tempting Sin Stocks to Profit From the Pandemic’s Most Popular Vices,0.999,0.096,0.866,0.038
7,3 Reasons Activision Blizzard's Sale to Microsoft Is a Masterstroke,-0.2,0.0,0.887,0.113
8,"SHAREHOLDER NOTICE: Halper Sadeh LLP Investigates VCRA, APR, RCM, ATVI",0.906,0.087,0.873,0.04
