﻿,Titles,Polarity,Positive,Neutral,Negative
0,Was The Smart Money Right About CME Group Inc (CME)?,0.997,0.088,0.897,0.015
1,"Got $5,000? Buy These 3 Stocks to Double Your Money",0.914,0.157,0.843,0.0
2,"Got $2,000? Here Are 2 Smart Stocks to Buy Now",0.915,0.206,0.794,0.0
3,Dell Technologies Inc. (DELL): Were Hedge Funds Right About This Stock?,0.999,0.109,0.869,0.022
4,3 Stocks to Avoid This Week,0.807,0.119,0.856,0.025
5,Were Hedge Funds Right About Mercadolibre Inc (MELI)?,0.999,0.115,0.867,0.018
