﻿,Titles,Polarity,Positive,Neutral,Negative
0,"ATVI ALERT: The Klein Law Firm Announces a Lead Plaintiff Deadline of October 4, 2021 in the Class Action Filed on Behalf of Activision Blizzard, Inc. Limited Shareholders",-0.974,0.077,0.797,0.126
1,"SHAREHOLDER ALERT: Lowey Dannenberg, P.C., Investigates Claims on Behalf of Investors of Activision Blizzard, Inc. and Encourages Investors Who Lost More than $100,000 to Contact the Firm",-0.785,0.08,0.823,0.097
2,"SHAREHOLDER ALERT: Lowey Dannenberg, P.C., Investigates Claims on Behalf of Investors of Activision Blizzard, Inc. and Encourages Investors Who Lost More than $100,000 to Contact the Firm",-0.785,0.08,0.823,0.097
3,"ATVI, COIN, DIDI, LOTZ SHAREHOLDERS - ALERT BY FORMER LOUISIANA ATTORNEY GENERAL: Class Action lawsuits filed on behalf of Investors, Lead Plaintiff Deadlines Set",-0.88,0.071,0.841,0.088
4,"SHAREHOLDER ALERT: Levi &amp; Korsinsky, LLP Notifies Shareholders of Activision Blizzard, Inc. of a Class Action Lawsuit and a Lead Plaintiff Deadline of October 4, 2021 - ATVI",0.807,0.097,0.825,0.078
5,ATVI INVESTOR ALERT: Shareholder Class Action Lawsuit Filed,-0.796,0.061,0.857,0.083
6,"INVESTOR ACTION ALERT: The Schall Law Firm Reminds Investors of a Class Action Lawsuit Against Activision Blizzard, Inc. and Encourages Investors with Losses in Excess of $100,000 to Contact the Firm",-0.967,0.067,0.815,0.119
7,"LAWSUITS FILED AGAINST QFIN, ATVI and ZY - Jakubowitz Law Pursues Shareholders Claims",-0.993,0.056,0.811,0.133
8,"ATVI ALERT - Nationally Ranked Shareholder Rights Firm Labaton Sucharow is Investigating Activision Blizzard, Inc. (NASDAQ:ATVI) for Potential Securities Violations and Breach of Fiduciary Duty",0.273,0.093,0.83,0.077
9,"ATVI FILING DEADLINE: Bernstein Liebhard LLP Reminds Investors of the Deadline to File a Lead Plaintiff Motion in a Securities Class Action Lawsuit Against Activision Blizzard, Inc.",0.986,0.131,0.796,0.073
10,"The Gross Law Firm Announces Class Actions on Behalf of Shareholders of RKT, DKNG and ATVI",-0.979,0.088,0.79,0.122
