﻿,Titles,Polarity,Positive,Neutral,Negative
0,Why Sony Should Buy Final Fantasy Maker Square Enix,0.361,0.091,0.909,0.0
1,Ken Fisher is Selling These 10 Stocks in 2022,0.996,0.091,0.885,0.023
2,3 Buffett Stocks That Are Screaming Buys in May,-0.898,0.024,0.729,0.247
3,Sony Should Buy Final Fantasy Maker Square Enix Soon. Here’s Why.,0.361,0.091,0.909,0.0
4,New York City Sues Activision Blizzard,0.402,0.15,0.85,0.0
5,"SAP Wrestles With Concerns Over Treatment of Women, Female Exits",-0.998,0.054,0.846,0.1
