﻿,Titles,Polarity,Positive,Neutral,Negative
0,Blizzard fires 50 employees in live events as pandemic roils business,0.226,0.09,0.829,0.081
1,"Activision Blizzard, Inc (ATVI) Gains As Market Dips: What You Should Know",0.989,0.091,0.902,0.007
2,Activision Blizzard Lays Off 50 Esports Employees as In-Person Live Events Remain Stalled,0.981,0.093,0.88,0.027
3,Is Becton Dickinson (BDX) Stock A Buy or Sell?,0.997,0.086,0.896,0.019
4,"The Activision Blizzard (NASDAQ:ATVI) Share Price Has Gained 189%, So Why Not Pay It Some Attention?",0.998,0.176,0.81,0.014
