﻿,Titles,Polarity,Positive,Neutral,Negative
0,"Formidable Asset Management, LLC Buys Flux Power Holdings Inc, BP PLC, BHP Group, Sells Eaton ...",0.999,0.104,0.891,0.005
1,Big Tech Looks To Buy Beaten Down Innovation-Fueled Entrants,0.993,0.159,0.831,0.01
2,'Grand Theft Auto' Game Maker Take-Two Mugs Wall Street's Earnings Target,-0.422,0.0,0.865,0.135
3,Take-Two Stock Falls on Earnings. The CEO Sees No ‘Significant Impact’ From Microsoft-Activision Merger.,-0.06,0.0,0.947,0.053
4,Take-Two Revenue Forecast Misses Estimates on Thin Game Slate,0.976,0.098,0.846,0.055
5,"Parsons Capital Management Inc Buys iShares Silver Trust, VanEck Gold Miners ETF, SPDR ...",0.995,0.055,0.936,0.009
6,"Did The Smart Money Get VMware, Inc. (VMW) Right?",0.999,0.126,0.855,0.02
7,"McKinley Carter Wealth Services, Inc. Buys Vanguard Tax-Exempt Bond ETF, Schwab International ...",0.999,0.106,0.887,0.007
8,"Montrusco Bolton Investments Inc. Buys Workday Inc, Envista Holdings Corp, Lamb Weston Holdings ...",0.991,0.054,0.941,0.005
9,7 Tech Stocks to Add to Your Buy List After Their A+ Earnings,0.998,0.103,0.842,0.055
