﻿,Titles,Polarity,Positive,Neutral,Negative
0,7 China Tech Stocks to Buy on Any Dip,0.998,0.098,0.864,0.038
1,Activision Blizzard says court indicates approval of settlement with EEOC,0.422,0.123,0.877,0.0
2,"Activision, EEOC win judge's approval of sex bias settlement",-0.987,0.037,0.848,0.115
3,Court to Approve Activision Agreement With EEOC,0.998,0.128,0.833,0.039
4,Activision Blizzard to pay $18 million to victims of harassment and discrimination,-0.97,0.068,0.839,0.093
5,Sony Edges Higher on Plans to Launch New PlayStation Service,0.94,0.071,0.929,0.0
6,Why Warren Buffett's Spending Spree Could Continue With This 1 Stock,0.332,0.031,0.969,0.0
