﻿,Titles,Polarity,Positive,Neutral,Negative
0,UPDATE 2-Xbox chief evaluating console maker's relationship with embattled Activision,-0.943,0.05,0.822,0.128
1,Xbox Chief Says He’s Evaluating Relationship With Activision,-0.954,0.052,0.86,0.088
2,Xbox chief evaluating relationship with Activision - Bloomberg News,-0.966,0.025,0.827,0.148
3,Activision Blizzard stock downgraded as misconduct charges bring a ‘significant amount of uncertainty’,0.44,0.109,0.891,0.0
4,"Activision Employees, Shareholders, Sony Demand CEO Resignation",-0.875,0.022,0.907,0.071
5,"JPMorgan Knocks Off Activision Blizzard Price Target By 12%, Downgrades To Neutral",0.281,0.084,0.846,0.069
6,Activision Blizzard Slides Further Following JPMorgan Downgrade,-0.16,0.073,0.858,0.069
7,5 Top Stock Decliners for Thursday Still Wobbly on Inflation,0.296,0.055,0.945,0.0
8,"Activision Shares Fall, as J.P. Morgan Downgrades to Neutral",0.0,0.0,1.0,0.0
