﻿,Titles,Polarity,Positive,Neutral,Negative
0,"Activision Blizzard, Inc (ATVI) Gains As Market Dips: What You Should Know",0.988,0.079,0.909,0.012
1,Ignore the metaverse. The real value in gaming is intellectual property,0.928,0.445,0.555,0.0
2,"An Underwater Expedition Awaits in the Newest Hearthstone® Expansion, Voyage to the Sunken City™, Live Today",0.998,0.127,0.845,0.027
3,SCUF Gaming Renews Partnership With Call of Duty League™,0.998,0.138,0.862,0.0
4,Should Direxion NASDAQ100 Equal Weighted Index Shares (QQQE) Be on Your Investing Radar?,0.998,0.156,0.811,0.033
