﻿,Titles,Polarity,Positive,Neutral,Negative
0,California Lawsuit Alleges Discrimination and Sexual Harassment at Activision Blizzard,-0.542,0.0,0.877,0.123
1,Ex-Activision Blizzard employee: It’s 'as bad as described' in bombshell harassment suit,-0.996,0.049,0.829,0.121
2,10 Stocks with Over 10 Years of Dividend Increases,0.999,0.078,0.901,0.021
3,"SHAREHOLDER ALERT: Lowey Dannenberg Is Investigating Activision Blizzard, Inc. for Potential Breaches of Fiduciary Duty by Its Board of Directors",-0.863,0.06,0.834,0.106
4,"SHAREHOLDER ALERT: Lowey Dannenberg Is Investigating Activision Blizzard, Inc. for Potential Breaches of Fiduciary Duty by Its Board of Directors",-0.863,0.06,0.834,0.106
5,"Why Activision Blizzard, Inc (ATVI) Could Beat Earnings Estimates Again",0.994,0.129,0.852,0.019
6,"Blizzard Botched Warcraft III Remake After Internal Fights, Pressure Over Costs",0.987,0.109,0.8,0.091
7,Activision Blizzard Falls Amid Accusations of 'Frat Boy' Culture,-0.572,0.0,0.844,0.156
8,"Activision Blizzard Sued by California Over Sexual Harassment, Unequal Pay in ‘Pervasive Frat Boy’ Culture",-0.263,0.108,0.774,0.118
9,"Tesla and Bitcoin, Activision, AT&amp;T, Chembio - 5 Things You Must Know Thursday",0.813,0.237,0.763,0.0
