﻿,Titles,Polarity,Positive,Neutral,Negative
0,"Activision Blizzard, Inc (ATVI) Dips More Than Broader Markets: What You Should Know",0.988,0.09,0.9,0.009
1,5 Stocks to Teach You Rule Breaker Investing,0.823,0.133,0.833,0.034
2,Call of Duty: Mobile World Championship Tournament Is Back – More Than $2 Million in Prizes Up For Grabs!,0.979,0.071,0.901,0.029
3,Is BEKE Stock A Buy or Sell?,0.995,0.078,0.902,0.02
4,Is BEKE Stock A Buy or Sell?,0.995,0.078,0.902,0.02
5,4 Stocks to Watch Amid the Growing Popularity of Mobile Gaming,0.999,0.132,0.862,0.007
6,4 Stocks to Watch Amid the Growing Popularity of Mobile Gaming,0.999,0.132,0.862,0.007
