﻿,Titles,Polarity,Positive,Neutral,Negative
0,"INVESTOR ALERT - Labaton Sucharow is Investigating Activision Blizzard, Inc. (NASDAQ:ATVI) for Potential Securities Violations and Breach of Fiduciary Duty",0.273,0.093,0.83,0.077
1,Activision Shareholder Notice,0.764,0.112,0.793,0.095
2,"SHAREHOLDER ALERT: Levi &amp; Korsinsky, LLP Notifies Shareholders of Activision Blizzard, Inc. of a Class Action Lawsuit and a Lead Plaintiff Deadline of October 4, 2021 - ATVI",0.807,0.097,0.825,0.078
3,"ATVI INVESTOR FILING DEADLINE: Bernstein Liebhard LLP Reminds Investors of the Deadline to File a Lead Plaintiff Motion in a Securities Class Action Lawsuit Against Activision Blizzard, Inc.",0.986,0.129,0.798,0.073
4,ATVI Investor Alert: Shareholder Lawsuit Filed,-0.63,0.067,0.851,0.082
5,"The Klein Law Firm Reminds Investors of Class Actions on Behalf of Shareholders of BZ, ATVI and ANVS",-0.995,0.053,0.805,0.142
6,GameStop says it isn't just selling video games — it's also 'evolving' into a tech company,0.996,0.133,0.822,0.045
7,3 Bargain Stocks You Can Buy Today and Hold Forever,0.44,0.057,0.943,0.0
8,"INVESTOR ALERT: Kirby McInerney LLP Reminds Investors that Securities Class Action Lawsuits Have Been Filed on Behalf of HyreCar Inc. (HYRE), Katapult Holdings, Inc. (KPLT), Sesen Bio, Inc. (SESN), and Activision Blizzard, Inc. (ATVI) and Encourages Investors to Contact the Firm",-0.996,0.058,0.822,0.121
9,"The Gross Law Firm Announces Class Actions on Behalf of Shareholders of BZ, ATVI and ATIP",-0.988,0.075,0.801,0.124
10,"INVESTOR ALERT: Kirby McInerney LLP Reminds Investors that Securities Class Action Lawsuits Have Been Filed on Behalf of HyreCar Inc. (HYRE), Katapult Holdings, Inc. (KPLT), Sesen Bio, Inc. (SESN), and Activision Blizzard, Inc. (ATVI) and Encourages Investors to Contact the Firm",-0.996,0.058,0.821,0.121
11,"ARDX &amp; ATVI Investor Class Actions and Looming Deadlines: Bronstein, Gewirtz &amp; Grossman LLC",-0.982,0.054,0.835,0.111
12,"ATVI ALERT - Nationally Ranked Shareholder Rights Firm Labaton Sucharow is Investigating Activision Blizzard, Inc. (NASDAQ:ATVI) for Potential Securities Violations and Breach of Fiduciary Duty",0.273,0.093,0.83,0.077
13,"CLASS ACTION UPDATE for ARDX, ATVI and KPLT: Levi &amp; Korsinsky, LLP Reminds Investors of Class Actions on Behalf of Shareholders",-0.982,0.051,0.851,0.097
14,"INVESTOR ACTION NOTICE: The Schall Law Firm Reminds Investors of a Class Action Lawsuit Against Activision Blizzard, Inc. and Encourages Investors with Losses in Excess of $100,000 to Contact the Firm",-0.967,0.067,0.815,0.119
15,3 Top Entertainment Stocks to Watch in September,0.796,0.114,0.886,0.0
16,"LAWSUITS FILED AGAINST PLL, ATVI and LIVE - JAKUBOWITZ LAW PURSUES SHAREHOLDERS CLAIMS",-0.975,0.079,0.812,0.11
17,Tencent Leads $60 Billion Selloff As Gaming Crackdown Fears Grow,0.832,0.065,0.897,0.038
18,"ANVS, ATVI, SESN, ZY SHAREHOLDERS - ALERT BY FORMER LOUISIANA ATTORNEY GENERAL: Class Action lawsuits filed on behalf of Investors, Lead Plaintiff Deadlines Set",-0.837,0.07,0.846,0.084
