﻿,Titles,Polarity,Positive,Neutral,Negative
0,How Are Activision ETFs Reacting to Q3 Earnings Results?,0.994,0.082,0.902,0.016
1,Buying The Earnings Dip!,0.999,0.193,0.783,0.024
2,Why Activision Blizzard's Shares Plunged 12.7% This Week,0.914,0.177,0.823,0.0
3,FIFA Is Looking for More Video Game Partners Than Just EA. Could These 2 Stocks Benefit?,0.494,0.065,0.91,0.024
4,Call of Duty®: Vanguard Available Now Worldwide,0.446,0.067,0.872,0.061
5,Is This the Beginning of a Turnaround for Activision Blizzard?,0.128,0.047,0.911,0.042
