﻿,Titles,Polarity,Positive,Neutral,Negative
0,Why Activision Blizzard Stock Popped Today,0.612,0.11,0.86,0.03
1,"Activision Blizzard stock is gaining, but analysts fret about a drawback in pandemic videogames boom",0.141,0.099,0.815,0.085
2,"Nasdaq Bounces as Activision Levels Up, Caesars Sees Casino Boom Ahead",0.932,0.173,0.785,0.042
3,Activision Blizzard Raises Full-Year Outlook After Record Q1,0.995,0.146,0.827,0.027
4,Dow Notches Record Highs as Strength in Cyclicals Offset Tech Drag,0.967,0.12,0.79,0.09
5,Activision Blizzard: Momentum Set to Continue Into the Post-Pandemic Era,0.985,0.095,0.882,0.023
6,Activision (ATVI) Q1 Earnings Up Y/Y on Solid Top-Line Growth,0.998,0.109,0.874,0.017
7,"Dow Remains Near Record Highs as Cyclical Rally, Tech Rebounds",0.801,0.097,0.819,0.084
8,Activision Stock Is Soaring. What Was Behind Its Earnings Beat and Raise.,0.671,0.297,0.703,0.0
9,12 Best Video Game Stocks to Invest in Now,1.0,0.127,0.857,0.016
10,12 Best Video Game Stocks to Invest in Now,1.0,0.127,0.857,0.016
11,"Pool Corp, Clorox, T-Mobile and Activision Blizzard highlighted as Zacks Bull and Bear of the Day",1.0,0.126,0.841,0.033
12,Activision Blizzard (ATVI) Q1 2021 Earnings Call Transcript,0.0,0.0,1.0,0.0
13,"What You Need To Know About Activision Blizzard, Inc.'s (NASDAQ:ATVI) Investor Composition",0.983,0.073,0.897,0.03
