﻿,Titles,Polarity,Positive,Neutral,Negative
0,How The Activision Blizzard Purchase Helps Microsoft Stock,0.996,0.096,0.879,0.025
1,Exclusive: Charlie Munger discusses inflation and crypto with Yahoo Finance,0.128,0.045,0.955,0.0
2,Exclusive: Charlie Munger: Apple is one of the strongest companies in the world,0.996,0.168,0.818,0.015
3,"Earnings: Roblox misses, Airbnb reports strong Q4, Hilton beats estimates",0.0,0.0,1.0,0.0
4,Roblox stock is crashing because kids are returning to the real world,0.932,0.079,0.896,0.025
5,Big Tech Has a New Ally: The U.S. Chamber of Commerce,-0.974,0.055,0.872,0.073
6,Is Activision Blizzard (NASDAQ:ATVI) A Risky Investment?,-0.52,0.124,0.74,0.135
