﻿,Titles,Polarity,Positive,Neutral,Negative
0,Activision Deadline Alert,0.764,0.112,0.793,0.095
1,"ROSEN, TOP RANKED GLOBAL INVESTOR COUNSEL, Encourages Activision Blizzard, Inc. Investors with Losses Over $100K to Secure Counsel Before Important Deadline in Securities Class Action First Filed by Firm – ATVI",0.898,0.098,0.824,0.078
2,"ROSEN, TOP RANKED GLOBAL INVESTOR COUNSEL, Encourages Activision Blizzard, Inc. Investors with Losses Over $100K to Secure Counsel Before Important Deadline in Securities Class Action First Filed by Firm – ATVI",0.898,0.097,0.824,0.078
3,"SHAREHOLDER ALERT BY FORMER LOUISIANA ATTORNEY GENERAL: KSF REMINDS ANVS, ATVI, ZY INVESTORS of Lead Plaintiff Deadline in Class Action Lawsuits",-0.746,0.065,0.86,0.075
4,"ATVI ALERT - Nationally Ranked Shareholder Rights Firm Labaton Sucharow is Investigating Activision Blizzard, Inc. (NASDAQ:ATVI) for Potential Securities Violations and Breach of Fiduciary Duty",0.273,0.093,0.83,0.077
5,"INVESTOR ACTION ALERT: The Schall Law Firm Reminds Investors of a Class Action Lawsuit Against Activision Blizzard, Inc. and Encourages Investors with Losses in Excess of $100,000 to Contact the Firm",-0.967,0.067,0.815,0.119
6,"SHAREHOLDER ALERT: CLAIMSFILER REMINDS ATVI, ZY, ANVS, SESN INVESTORS of Lead Plaintiff Deadline in Class Action Lawsuits",0.974,0.148,0.791,0.061
