﻿,Titles,Polarity,Positive,Neutral,Negative
0,"SHAREHOLDER ALERT: Levi &amp; Korsinsky, LLP Notifies Shareholders of Activision Blizzard, Inc. of a Class Action Lawsuit and a Lead Plaintiff Deadline of October 4, 2021 - ATVI",0.807,0.097,0.825,0.078
1,Buy These 2 Growth Stocks on the Dip,0.978,0.31,0.69,0.0
2,"INVESTOR ALERT - Labaton Sucharow is Investigating Activision Blizzard, Inc. (NASDAQ:ATVI) for Potential Securities Violations and Breach of Fiduciary Duty",0.273,0.093,0.83,0.077
3,"The Klein Law Firm Reminds Investors of Class Actions on Behalf of Shareholders of ATVI, KPLT and SAVA",-0.986,0.077,0.795,0.127
4,"ATVI INVESTOR FILING DEADLINE: Bernstein Liebhard LLP Reminds Investors of the Deadline to File a Lead Plaintiff Motion in a Securities Class Action Lawsuit Against Activision Blizzard, Inc.",0.986,0.131,0.796,0.073
5,"Lawsuits Filed Against BZ, OTLY and ATVI - Jakubowitz Law Pursues Shareholders Claims",-0.99,0.065,0.803,0.132
6,"ATVI ALERT - Nationally Ranked Shareholder Rights Firm Labaton Sucharow is Investigating Activision Blizzard, Inc. (NASDAQ:ATVI) for Potential Securities Violations and Breach of Fiduciary Duty",0.273,0.093,0.83,0.077
7,"ARDX &amp; ATVI Investor Class Actions and Upcoming Deadlines: Bronstein, Gewirtz &amp; Grossman LLC",-0.982,0.054,0.835,0.111
8,"CLASS ACTION UPDATE for COIN, ATVI and KPLT: Levi &amp; Korsinsky, LLP Reminds Investors of Class Actions on Behalf of Shareholders",-0.973,0.054,0.855,0.091
9,"SHAREHOLDER ACTION ALERT: The Schall Law Firm Reminds Investors of a Class Action Lawsuit Against Activision Blizzard, Inc. and Encourages Investors with Losses in Excess of $100,000 to Contact the Firm",-0.967,0.067,0.815,0.119
10,Why You Should Watch These 3 Strong Stocks That Are Down Over 20% From 52-Week Highs,0.422,0.091,0.87,0.039
11,SHAREHOLDER ALERT: BLCT ATVI ZY: The Law Offices of Vincent Wong Reminds Investors of Important Class Action Deadlines,-0.993,0.043,0.835,0.122
12,"INVESTOR ALERT BY FORMER LOUISIANA ATTORNEY GENERAL: Class Action Lawsuits filed on behalf of ANVS, ATVI, ZY Investors, Lead Plaintiff Deadlines Set",-0.746,0.065,0.86,0.075
13,"ATVI ALERT: The Klein Law Firm Announces a Lead Plaintiff Deadline of October 4, 2021 in the Class Action Filed on Behalf of Activision Blizzard, Inc. Limited Shareholders",-0.974,0.077,0.797,0.126
