﻿,Titles,Polarity,Positive,Neutral,Negative
0,"Gamers spent billions more on videogames during the pandemic, but what happens now?",0.0,0.0,1.0,0.0
1,"Markets Skid on Yellen Comment: ""Interest Rates May Rise""",0.998,0.144,0.842,0.014
2,"‘Call of Duty’ juices Activision Blizzard earnings, stock price",0.422,0.07,0.93,0.0
3,"Activision Blizzard, Inc (ATVI) Q1 Earnings and Revenues Surpass Estimates",0.994,0.098,0.893,0.009
4,Activision Raised Earnings Guidance and Candy Crushed Estimates. The Stock Is Soaring.,0.671,0.256,0.744,0.0
5,"Video Game Publisher Activision Tops Targets, Guides Higher For Full Year",0.0,0.0,1.0,0.0
6,Activision Blizzard stock rises as ‘Call of Duty’ drives revenue gains,0.296,0.075,0.925,0.0
7,"Activision Blizzard up after-hours following EPS, revenue beat",0.99,0.124,0.849,0.027
8,This Week's 5 Hottest Earnings Charts,0.999,0.194,0.778,0.029
9,Activision Blizzard raises annual sales forecast on 'Call of Duty' boost,0.735,0.067,0.889,0.043
10,Activision Blizzard raises annual sales forecast on 'Call of Duty' boost,0.735,0.067,0.89,0.043
11,Activision Blizzard earnings crush expectations thanks to ‘Call of Duty’ and mobile growth,0.971,0.087,0.874,0.038
12,Activision Blizzard Announces First-Quarter 2021 Financial Results,1.0,0.099,0.875,0.026
13,"Activision Blizzard, Inc. to Host Earnings Call",0.727,0.039,0.961,0.0
14,"Activision Blizzard Tops Estimates, Hikes Outlook on Call of Duty",0.361,0.143,0.857,0.0
15,Activision Blizzard earnings preview,0.0,0.0,1.0,0.0
16,Videogame publishers hope thrill remains after blockbuster 2020,0.986,0.079,0.891,0.029
17,Activision and Other Videogame Companies Are About to Report Earnings. Here’s What to Expect.,0.153,0.078,0.922,0.0
18,Videogame Companies Are About to Report Earnings. Here’s What to Expect.,0.153,0.078,0.922,0.0
19,"Reopening Trades, CO2 Record, Pfizer, Aramco Earnings - What's Moving Markets",-0.742,0.05,0.894,0.056
