﻿,Titles,Polarity,Positive,Neutral,Negative
0,Hearthstone® Mercenaries is Live Today—Experience an All-New Way to Play the Smash-Hit Digital Card game,0.999,0.173,0.803,0.024
1,"SHAREHOLDER ALERT: Purcell Julie &amp; Lefkowitz LLP Is Investigating Activision Blizzard, Inc. for Potential Breaches of Fiduciary Duty By Its Board of Directors",0.744,0.097,0.848,0.055
2,Hedge Funds Are Crazy About Canadian National Railway Company (CNI),0.996,0.082,0.914,0.005
3,Should I Buy Duke Energy Corporation (DUK)?,0.996,0.084,0.911,0.005
