﻿,Titles,Polarity,Positive,Neutral,Negative
0,"The Gross Law Firm Announces Class Actions on Behalf of Shareholders of PLL, ATVI and YALA",-0.995,0.057,0.795,0.148
1,Activision Deadline Alert,0.764,0.112,0.793,0.095
2,"Activision Blizzard, Inc (ATVI) Stock Sinks As Market Gains: What You Should Know",0.991,0.103,0.879,0.018
3,"Lawsuits Filed Against SRAC, ATVI and ZY - Jakubowitz Law Pursues Shareholders Claims",-0.989,0.069,0.812,0.118
4,"SHAREHOLDER ALERT BY FORMER LOUISIANA ATTORNEY GENERAL: KSF REMINDS ATVI, ZY INVESTORS of Lead Plaintiff Deadline in Class Action Lawsuits",-0.577,0.062,0.87,0.068
5,Is This the Best Gaming Stock to Buy Now?,0.44,0.054,0.946,0.0
6,"The Klein Law Firm Reminds Investors of Class Actions on Behalf of Shareholders of ARDX, ATVI and ZY",-0.995,0.048,0.82,0.131
7,"ATVI ALERT - Nationally Ranked Shareholder Rights Firm Labaton Sucharow is Investigating Activision Blizzard, Inc. (NASDAQ:ATVI) for Potential Securities Violations and Breach of Fiduciary Duty",0.273,0.093,0.83,0.077
8,"SHAREHOLDER ACTION REMINDER: The Schall Law Firm Reminds Investors of a Class Action Lawsuit Against Activision Blizzard, Inc. and Encourages Investors with Losses in Excess of $100,000 to Contact the Firm",-0.967,0.067,0.815,0.119
9,"Investor Reminders: ARDX &amp; ATVI Class Actions and Upcoming Deadlines - Bronstein, Gewirtz &amp; Grossman LLC",-0.983,0.055,0.83,0.115
10,"Investor Reminders: ARDX &amp; ATVI Class Actions and Upcoming Deadlines - Bronstein, Gewirtz &amp; Grossman LLC",-0.983,0.055,0.832,0.113
11,"SHAREHOLDER ALERT: Levi &amp; Korsinsky, LLP Notifies Shareholders of Activision Blizzard, Inc. of a Class Action Lawsuit and a Lead Plaintiff Deadline of October 4, 2021 - ATVI",0.807,0.097,0.825,0.078
12,ATVI Investor Alert: Class Action Lawsuit Filed,-0.224,0.073,0.848,0.079
