﻿,Titles,Polarity,Positive,Neutral,Negative
0,"Activision Blizzard, Inc (ATVI) Stock Moves -0.01%: What You Should Know",0.989,0.089,0.894,0.017
1,Meta’s Sheryl Sandberg reportedly sought to quash article about Activision CEO,-0.765,0.0,0.761,0.239
2,"Amazon challenges Shopify, Activision Blizzard diversifies board, Skechers signs pickleball winners",0.994,0.1,0.86,0.041
3,Activision Blizzard Dodges Another Bullet,-0.872,0.0,0.853,0.147
4,Activision (ATVI) to Report Q1 Earnings: What's in Store?,0.997,0.132,0.85,0.018
5,Activision Blizzard Plans to Add Two Women to Its Board,0.273,0.1,0.9,0.0
6,Facebook's Sandberg allegedly pressured tabloid to drop story about Activision CEO Bobby Kotick: WSJ,-0.459,0.0,0.886,0.114
7,Activision Blizzard Diversifies Board by Adding Two Women,-0.886,0.054,0.86,0.086
8,"Activision Blizzard will add two women to its board, sources say",-0.153,0.0,0.966,0.034
9,1 Growth Stock Down 58% to Buy Now and Hold,0.511,0.109,0.836,0.055
10,Activision Blizzard Announces Board Developments: Lulu Cheng Meservey Elected and Kerry Carr Nominated for Election,0.998,0.1,0.876,0.024
11,Meta Stock Slips as Sandberg Allegations Raise Fresh Governance Concerns,-0.972,0.031,0.875,0.094
