﻿,Titles,Polarity,Positive,Neutral,Negative
0,"Bronstein, Gewirtz &amp; Grossman, LLC Notifies Shareholders of Activision Blizzard, Inc. (NASDAQ:ATVI) Investigation",-0.925,0.073,0.813,0.114
1,"ATVI ALERT - Nationally Ranked Shareholder Rights Firm Labaton Sucharow is Investigating Activision Blizzard, Inc. (NASDAQ:ATVI) for Potential Securities Violations and Breach of Fiduciary Duty",0.44,0.091,0.838,0.071
2,"Activision Blizzard, Inc. (ATVI) Accused of Sexual Harassment Against Female Employees",-0.541,0.08,0.835,0.085
3,"ONGOING INVESTIGATION ALERT: The Schall Law Firm Announces it is Investigating Claims Against Activision Blizzard, Inc. and Encourages Investors with Losses to Contact the Firm",-0.949,0.058,0.824,0.118
4,Activision Shareholder Alert,-0.778,0.102,0.774,0.124
