﻿,Titles,Polarity,Positive,Neutral,Negative
0,Activision Shareholder Alert,0.764,0.112,0.793,0.095
1,"ATVI LAWSUIT: The Law Offices of Vincent Wong Notify Investors of a Class Action Lawsuit Involving Activision Blizzard, Inc.",-0.988,0.048,0.801,0.151
2,Activision Blizzard’s Labor Woes Grow on Union Complaint to NLRB,-0.898,0.073,0.822,0.105
3,Activision Blizzard hit with federal labor complaint alleging mistreatment of protesting employees,-0.727,0.0,0.747,0.253
4,Activision Blizzard Hires Disney’s Julie Hodges as HR Chief in Wake of Sex Harassment Scandal,0.993,0.141,0.824,0.035
5,Activision Blizzard Hires Senior Executives from Disney and Delta,1.0,0.199,0.775,0.026
6,"SHAREHOLDER ALERT BY FORMER LOUISIANA ATTORNEY GENERAL: KSF REMINDS ATVI, PYPL, ZY INVESTORS of Lead Plaintiff Deadline in Class Action Lawsuits",-0.746,0.065,0.859,0.076
7,3 Growth Stocks Immune From Supply Chain Shortages,0.598,0.146,0.777,0.078
8,"ATVI ALERT: The Klein Law Firm Announces a Lead Plaintiff Deadline of October 4, 2021 in the Class Action Filed on Behalf of Activision Blizzard, Inc. Limited Shareholders",-0.974,0.077,0.797,0.126
9,"Activision Blizzard, Inc. Investors: Last Days to Participate Actively in the Class Action Lawsuit; Portnoy Law Firm",-0.565,0.085,0.828,0.087
10,"Activision Blizzard, Inc. Investors: Last Days to Participate Actively in the Class Action Lawsuit; Portnoy Law Firm",-0.565,0.085,0.828,0.087
11,"SHAREHOLDER ALERT: Levi &amp; Korsinsky, LLP Notifies Shareholders of Activision Blizzard, Inc. of a Class Action Lawsuit and a Lead Plaintiff Deadline of October 4, 2021 - ATVI",0.807,0.097,0.825,0.078
12,"SHAREHOLDER ACTION NOTICE: The Schall Law Firm Reminds Investors of a Class Action Lawsuit Against Activision Blizzard, Inc. and Encourages Investors with Losses in Excess of $100,000 to Contact the Firm",-0.967,0.067,0.815,0.119
13,Why Gaming Stocks Like Roblox and Activision Jumped on Friday,-0.077,0.069,0.844,0.087
14,"ATVI ALERT - Nationally Ranked Shareholder Rights Firm Labaton Sucharow is Investigating Activision Blizzard, Inc. (NASDAQ:ATVI) for Potential Securities Violations and Breach of Fiduciary Duty",0.273,0.093,0.83,0.077
15,3 Stocks to Buy and Hold for the Long Term,0.802,0.59,0.41,0.0
16,"The Gross Law Firm Announces Class Actions on Behalf of Shareholders of COIN, PLL and ATVI",-0.993,0.062,0.809,0.129
17,"SHAREHOLDER ALERT BY FORMER LOUISIANA ATTORNEY GENERAL: KSF REMINDS ATVI, COIN, SAVA INVESTORS of Lead Plaintiff Deadline in Class Action Lawsuits",-0.746,0.068,0.854,0.078
18,"SHAREHOLDER ALERT: Pomerantz Law Firm Investigates Claims On Behalf of Investors of Activision Blizzard, Inc. - ATVI",-0.914,0.098,0.775,0.127
19,"ATVI NOTICE: ROSEN, TRUSTED NATIONAL TRIAL COUNSEL, Encourages Activision Blizzard, Inc. Investors with Losses to Secure Counsel Before Important Deadline in Securities Class Action - ATVI",0.922,0.098,0.825,0.076
