﻿,Titles,Polarity,Positive,Neutral,Negative
0,US probes Activision Blizzard CEO’s brunch meeting with trader before Microsoft deal,0.941,0.122,0.878,0.0
1,"Goldman Sachs to offer home improvement loans, Blackberry stock falls, Activision investigated",0.637,0.215,0.785,0.0
2,Microsoft/Activision Deal Hits a Potential Game Changer,0.681,0.089,0.882,0.029
3,Activision-Blizzard Stock Is a Buy Despite Negative Media Attention,0.479,0.056,0.903,0.041
4,$18M settlement reached in Activision Blizzard sexual discrimination lawsuit,-0.153,0.0,0.926,0.074
5,Why You Should Buy the Dip in Microsoft,0.994,0.11,0.857,0.033
