﻿,Titles,Polarity,Positive,Neutral,Negative
0,Activision Shareholder Notice,0.764,0.112,0.793,0.095
1,"ROSEN, A LEADING AND TOP RANKED LAW FIRM, Encourages Activision Blizzard, Inc. Investors with Losses Over $100K to Secure Counsel Before Important Deadline in Securities Class Action - ATVI",0.922,0.098,0.826,0.076
2,"SHAREHOLDER ALERT: Levi &amp; Korsinsky, LLP Notifies Shareholders of Activision Blizzard, Inc. of a Class Action Lawsuit and a Lead Plaintiff Deadline of October 4, 2021 - ATVI",0.807,0.097,0.825,0.078
3,"ATVI ALERT - Nationally Ranked Shareholder Rights Firm Labaton Sucharow is Investigating Activision Blizzard, Inc. (NASDAQ:ATVI) for Potential Securities Violations and Breach of Fiduciary Duty",0.273,0.093,0.83,0.077
4,"INVESTOR ACTION ALERT: The Schall Law Firm Reminds Investors of a Class Action Lawsuit Against Activision Blizzard, Inc. and Encourages Investors with Losses in Excess of $100,000 to Contact the Firm",-0.967,0.067,0.815,0.119
5,"SHAREHOLDER ALERT: Lowey Dannenberg, P.C., Investigates Claims on Behalf of Investors of Activision Blizzard, Inc. and Encourages Investors Who Lost More than $100,000 to Contact the Firm",-0.986,0.056,0.83,0.114
6,"SHAREHOLDER ALERT: Lowey Dannenberg, P.C., Investigates Claims on Behalf of Investors of Activision Blizzard, Inc. and Encourages Investors Who Lost More than $100,000 to Contact the Firm",-0.986,0.056,0.83,0.114
7,3 Stocks to Buy While They Are on Sale,0.468,0.06,0.94,0.0
8,ATVI INVESTOR ALERT: Shareholder Class Action Lawsuit Filed,-0.796,0.061,0.856,0.083
9,"ATVI LAWSUIT FILED: Jakubowitz Law Pursues Claims on Behalf of Activision Blizzard, Inc. Shareholders",-0.974,0.081,0.77,0.149
10,Activision Union Files Unfair-Labor-Practice Charges,-0.557,0.0,0.685,0.315
11,Electronic Arts and 2 Other Videogame Stocks to Buy Ahead of the Holiday Season,0.361,0.108,0.836,0.056
12,"FILING DEADLINE--Kuznicki Law PLLC Announces Class Actions on Behalf of Shareholders of ATVI, SAVA and ZY",0.716,0.106,0.818,0.076
13,"SHAREHOLDER ALERT: The Gross Law Firm Notifies Shareholders of Activision Blizzard, Inc. of a Class Action Lawsuit and a Lead Plaintiff Deadline of October 4, 2021 - (ATVI)",-0.99,0.079,0.781,0.14
14,"INVESTOR ALERT - Labaton Sucharow is Investigating Activision Blizzard, Inc. (NASDAQ:ATVI) for Potential Securities Violations and Breach of Fiduciary Duty",0.273,0.093,0.83,0.077
