﻿,Titles,Polarity,Positive,Neutral,Negative
0,Microsoft deal to deliver $390 million payday for Activision's embattled CEO,0.838,0.098,0.822,0.081
1,Microsoft deal to deliver $390 mln payday for Activision's embattled CEO,0.838,0.097,0.823,0.08
2,"Microsoft’s Activision Buy Highlights Push Toward Mobile, Metaverse",0.296,0.078,0.922,0.0
3,Microsoft to Buy Activision Blizzard in All-Cash Deal Valued at $75 Billion,0.402,0.09,0.872,0.037
4,"Chiron Capital Management, Llc Buys Kellogg Co, Activision Blizzard Inc, Fidelity National ...",0.993,0.051,0.946,0.004
5,"InTrack Investment Management Inc Buys Dow Inc, Target Corp, PayPal Holdings Inc, Sells ...",0.989,0.046,0.946,0.008
6,Microsoft Gaming makes big move into Los Angeles video game landscape,0.599,0.163,0.837,0.0
7,Microsoft’s purchase of Activision Blizzard gives it the clear lead in the metaverse,0.0,0.0,1.0,0.0
8,Microsoft’s Activision Deal Set to Test Biden’s Antitrust Regime,0.982,0.081,0.869,0.05
9,Nasdaq Leads Downward Spiral As Stocks Dive And Yields Rise; Goldman And Microsoft Fall,0.0,0.0,1.0,0.0
10,Will the Microsoft-Activision Deal Get Done? Wall Street Gives It Just a 60% Chance.,-0.103,0.0,0.915,0.085
11,Activision’s Embattled CEO Is Already Complicating Microsoft’s Acquisition,0.226,0.15,0.769,0.081
12,"Activision CEO stands to reap nearly $400 million in Microsoft deal, and that may be just the start",0.0,0.0,1.0,0.0
13,"US STOCKS-Wall St sinks as yields spike, financials fall after Goldman miss",0.758,0.07,0.88,0.05
14,"The Microsoft-Activision deal will ‘raise a lot of questions from regulators,’ analyst says",0.296,0.081,0.919,0.0
15,"Microsoft’s Activision Bid Has Fans, but Wall Street Is Wary of Regulators",-0.128,0.094,0.789,0.116
16,Microsoft makes a bullish move to buy Activision as tech investors run for cover,0.0,0.0,1.0,0.0
17,"Microsoft could have just kicked off a Big Tech gold rush, which helps videogame stocks but maybe not gamers",0.637,0.123,0.877,0.0
18,What Microsoft's $68B deal for Activision signals for Epic Games,0.527,0.206,0.794,0.0
19,Dow Jones Dives As Yields Rise; Microsoft Stock Falls On Activision Deal; This Sector Gushes Higher,-0.296,0.0,0.909,0.091
20,"Gaming Stocks Alert: Why Are ATVI, RBLX, EA, TTWO Stocks Leveling Up Today?",0.995,0.114,0.857,0.028
21,"Goldman Sachs, GameStop, AMC sink amid larger market rout",0.0,0.0,1.0,0.0
22,"Cramer's Mad Money Recap 1/18: Microsoft, Activision Blizzard, Goldman Sachs",0.666,0.301,0.699,0.0
23,Decline in Stocks Accelerates on Interest Rate Fears,0.459,0.13,0.87,0.0
24,"Trinity Street Asset Management LLP Buys Activision Blizzard Inc, Terminix Global Holdings Inc, ...",0.996,0.158,0.842,0.0
25,"Addison Capital Co Buys Coterra Energy Inc, Intel Corp, General Motors Co, Sells iShares ...",0.997,0.07,0.926,0.004
26,"Ellsworth Advisors, LLC Buys Coliseum Acquisition Corp, Activision Blizzard Inc, Fiserv Inc, ...",0.994,0.053,0.941,0.006
27,"CHICAGO TRUST Co NA Buys Mastercard Inc, The Home Depot Inc, Boston Scientific Corp, Sells ...",0.999,0.12,0.875,0.005
28,"Ridgewood Investments LLC Buys Vale SA, Activision Blizzard Inc, Calavo Growers Inc, Sells ...",0.997,0.058,0.938,0.004
29,Activision's Takeover Signals More Big Buys Ahead,-0.452,0.022,0.92,0.058
30,"How Activision Blizzard Makes Money: Console, PC, and Mobile games",0.0,0.0,1.0,0.0
31,Five Reasons Microsoft Is Making Activision Blizzard Its Biggest Deal Ever,0.989,0.081,0.893,0.026
32,BLNK Stock: 9 Things for Blink Charging Investors to Know About the GM Deal,0.984,0.084,0.905,0.011
33,Why Activision Blizzard Stock Jumped Today,0.727,0.169,0.78,0.051
34,Microsoft Is About to Get a Close Look From Regulators. Its Free Pass Is Over.,0.202,0.112,0.804,0.084
35,"Microsoft acquiring Activision ‘is a great extension’ and ‘smart timing,’ tech analyst says",-0.402,0.0,0.93,0.07
36,Microsoft to acquire video game giant Activision Blizzard in $69B all-cash deal,0.0,0.0,1.0,0.0
37,"Stock Market Sinks As Techs, Financials Slide; 3 Energy Stocks Top Buy Points",0.068,0.179,0.652,0.169
38,Why AMC and GameStop Are Tumbling Today,0.788,0.114,0.851,0.036
39,Microsoft Is Acquiring Activision Blizzard,0.226,0.112,0.888,0.0
40,"Microsoft-Activision Blizzard deal: 'The industrial logic is there,' analyst says",0.999,0.097,0.893,0.01
41,Microsoft-Activision Blizzard deal will have a ‘ripple effect across broader tech': Analyst,0.998,0.084,0.902,0.014
42,"Microsoft (MSFT) Set to Buy Activision, Expands Gaming Footprint",0.996,0.126,0.863,0.011
43,Stocks Fall to Start Week; Microsoft Buying Activision,0.459,0.13,0.87,0.0
44,What Roblox Bulls Are Saying as RBLX Stock Trends Today,0.993,0.103,0.872,0.025
45,Activision is clearing out problematic staff before Microsoft’s $70 billion takeover,0.0,0.0,1.0,0.0
46,Stock Market Slides As Yields Keep Rising; 3 Stocks In Energy Sector Top Buy Points,0.068,0.179,0.652,0.169
47,Game On: Microsoft’s Activision Deal Ignites M&amp;A Talk in Rivals,0.781,0.076,0.875,0.049
48,Activision Blizzard shares skyrocket on acquisition by Microsoft,0.99,0.081,0.886,0.033
49,Microsoft To Buy Video Game Giant Activision For $69 Billion In Cash,0.599,0.17,0.83,0.0
