﻿,Titles,Polarity,Positive,Neutral,Negative
0,"Activision, ‘Battlefield 2042’ woes slam videogame stocks",0.052,0.116,0.776,0.108
1,Activision Stock Is Falling. Another Wall Street Analyst Calls For CEO’s Departure.,-0.026,0.122,0.751,0.127
2,Activision Blizzard CEO might step down amid sexual harassment scandal,-0.394,0.063,0.874,0.063
3,10 Biggest Price Target Changes For Monday,0.973,0.112,0.869,0.019
4,Activision Downgraded to Sell by MKM on Sexual-Misconduct Matter,0.0,0.0,1.0,0.0
5,Activision CEO Reportedly Says He Would Consider Leaving if Culture Can’t Be Fixed,-0.226,0.0,0.917,0.083
6,"Premarket Movers Monday - Activation Blizzard, Bluebird Bio, Astra Space",0.649,0.094,0.906,0.0
7,Rivian Falls Premarket; Tesla and Uber Rise,0.671,0.042,0.939,0.018
8,"China Easing Hints, Kotick Exit, Europe Covid Riots - What's Moving Markets",-0.995,0.043,0.85,0.107
9,"Tesla, Activision, Fed Chair Choice and Stock Markets - 5 Things You Must Know",0.34,0.047,0.953,0.0
10,Activision Gains on Report CEO Kotick May Quit if Issues Not Fixed Soon,-0.776,0.047,0.867,0.086
11,"Activision CEO Tells Staff He’d Consider Leaving, Dow Jones Says",-0.988,0.084,0.784,0.131
12,Activision CEO Kotick would consider leaving if he can’t quickly fix problems – WSJ,-0.971,0.051,0.834,0.115
