﻿,Titles,Polarity,Positive,Neutral,Negative
0,"Microsoft, Nintendo, Ubisoft Gear Up For 2021 Virtual E3 Gaming Showcase: Bloomberg",0.987,0.084,0.907,0.009
1,"Microsoft, Nintendo, Ubisoft Gear Up For 2021 Virtual E3 Gaming Showcase: Bloomberg",0.987,0.084,0.907,0.009
2,Will GameStop be saved by former Amazon executives who served under Jeff Bezos?,0.994,0.107,0.842,0.051
3,"Microsoft, Nintendo Ready Game Announcements for Subdued, Virtual E3",0.996,0.085,0.896,0.019
4,"Microsoft, Nintendo Ready Game Announcements for Subdued, Virtual E3",0.996,0.085,0.896,0.019
