﻿,Titles,Polarity,Positive,Neutral,Negative
0,"After-hours movers: Pinterest, Activision Blizzard, Avis Budget Group, ZoomInfo",0.989,0.125,0.862,0.013
1,"Activision Blizzard, Inc (ATVI) Surpasses Q2 Earnings and Revenue Estimates",0.996,0.095,0.9,0.005
2,"Stocks moving in after hours: Activision Blizzard, Pinterest, ZoomInfo, Avis",0.915,0.073,0.908,0.019
3,Microsoft’s acquisition of Activision Blizzard may have ‘more bumps in the road’: Analyst,1.0,0.142,0.836,0.022
4,Activision Blizzard stock rises amid mixed earnings beat,0.0,0.0,1.0,0.0
5,Activision Blizzard Revenue Falls on Weak Call of Duty Release,-0.958,0.063,0.847,0.089
6,Activision Blizzard Profit Slumps as Sales Shrink,0.382,0.11,0.89,0.0
7,Activision Blizzard reports higher-than-expected sales as Microsoft close awaited,0.077,0.142,0.761,0.097
8,Activision Blizzard beats revenue expectations despite gaming industry slowdown,0.984,0.076,0.894,0.03
9,Activision Blizzard Announces Second Quarter 2022 Financial Results,1.0,0.108,0.845,0.047
10,Activision Blizzard Reports In-Line EPS as Revenue Tops Estimates in Q2,0.785,0.091,0.862,0.047
11,"Starbucks, PayPal, Robinhood, AMC to report earnings this week",0.361,0.161,0.839,0.0
12,"Manufacturing Data, Corporate Earnings: What to Watch on Monday",0.527,0.052,0.948,0.0
13,2 Buffett Stocks to Buy More of in August,0.802,0.19,0.725,0.084
14,Dow Futures Falls Just 10 Pts; ISM Manufacturing PMI Data Due,-0.668,0.056,0.877,0.067
15,"Brace Yourself for Another Deluge of Tech Earnings: Arista, EA, Uber, and More",-0.592,0.073,0.731,0.195
