﻿,Titles,Polarity,Positive,Neutral,Negative
0,3 Video Game Stocks to Watch as Deals Hit Record Highs,0.997,0.093,0.891,0.015
1,10 Stocks US Senators Are Selling,1.0,0.118,0.844,0.038
2,Activision to convert over thousand temporary workers to full-time roles,-0.202,0.041,0.908,0.051
3,"Activision Blizzard Makes 1,100 Game Testers Full-Time Employees",0.836,0.077,0.856,0.066
4,"What Amazon’s first union means for Google, Activision Blizzard, and other tech companies",0.0,0.0,1.0,0.0
5,"Roblox Analysts, Cathie Wood Defy Pessimism on Stock",0.992,0.098,0.843,0.059
6,Why I'm Buying Take-Two Interactive Stock,0.859,0.208,0.792,0.0
