﻿,Titles,Polarity,Positive,Neutral,Negative
0,"ATVI ALERT - Nationally Ranked Shareholder Rights Firm Labaton Sucharow is Investigating Activision Blizzard, Inc. (NASDAQ:ATVI) for Potential Securities Violations and Breach of Fiduciary Duty",0.273,0.093,0.83,0.077
1,ATVI Option Traders Confident After Earnings Beat,0.687,0.261,0.739,0.0
2,"SHAREHOLDER ALERT: Levi &amp; Korsinsky, LLP Notifies Shareholders of Activision Blizzard, Inc. of a Class Action Lawsuit and a Lead Plaintiff Deadline of October 4, 2021 - ATVI",0.807,0.097,0.825,0.078
3,Gainey McKenna &amp; Egleston Announces A Class Action Lawsuit Has Been Filed Against Activision Blizzard Inc. (ATVI),0.827,0.102,0.823,0.075
4,Gainey McKenna &amp; Egleston Announces A Class Action Lawsuit Has Been Filed Against Activision Blizzard Inc. (ATVI),0.872,0.103,0.829,0.069
5,"INVESTOR ACTION ALERT: The Schall Law Firm Reminds Investors of a Class Action Lawsuit Against Activision Blizzard, Inc. and Encourages Investors with Losses in Excess of $100,000 to Contact the Firm",-0.972,0.063,0.817,0.121
6,"The Klein Law Firm Reminds Investors of Class Actions on Behalf of Shareholders of CRMD, CXO and ATVI",-0.995,0.057,0.811,0.131
7,ATVI Investor Alert: Shareholder Lawsuit Filed,-0.224,0.073,0.848,0.079
8,"SHAREHOLDER ACTION REMINDER: The Schall Law Firm Reminds Investors of a Class Action Lawsuit Against Activision Blizzard, Inc. and Encourages Investors with Losses in Excess of $100,000 to Contact the Firm",-0.967,0.067,0.815,0.119
9,"ATVI Investor Alert: Bronstein, Gewirtz &amp; Grossman, LLC Reminds Activision Blizzard, Inc. Shareholders of Class Action and Encourages Shareholders to Contact the Firm",-0.973,0.076,0.794,0.13
10,"ATVI CLASS ACTION DEADLINE: Bernstein Liebhard LLP Reminds Investors of the Deadline to File a Lead Plaintiff Motion in a Securities Class Action Lawsuit Against Activision Blizzard, Inc.",0.983,0.127,0.799,0.074
11,"CLASS ACTION UPDATE for CCIV, ATVI and ITRM: Levi &amp; Korsinsky, LLP Reminds Investors of Class Actions on Behalf of Shareholders",-0.99,0.047,0.841,0.112
12,"ATVI ALERT - Nationally Ranked Shareholder Rights Firm Labaton Sucharow is Investigating Activision Blizzard, Inc. (NASDAQ:ATVI) for Potential Securities Violations and Breach of Fiduciary Duty",0.273,0.093,0.829,0.078
13,"Activision Blizzard, Inc. (NASDAQ:ATVI) Seems to be Peaking Growth in the Short Term, but their Value lies in High Margins",0.998,0.145,0.819,0.035
14,SHAREHOLDER ALERT: HMPT LOTZ ATVI: The Law Offices of Vincent Wong Reminds Investors of Important Class Action Deadlines,-0.992,0.054,0.824,0.122
15,"SHAREHOLDER ALERT: Pomerantz Law Firm Investigates Claims On Behalf of Investors of Activision Blizzard, Inc. - ATVI",-0.943,0.099,0.762,0.139
16,"SHAREHOLDER ALERT BY FORMER LOUISIANA ATTORNEY GENERAL: KSF REMINDS ATVI, COIN, DIDI, LOTZ INVESTORS of Lead Plaintiff Deadline in Class Action Lawsuits",-0.88,0.073,0.838,0.09
17,"ROSEN, A TOP RANKED LAW FIRM, Encourages Activision Blizzard, Inc. Investors with Losses Exceeding $100K to Secure Counsel Before Important October 4 Deadline - ATVI",0.9,0.097,0.826,0.077
18,"CLASS ACTION UPDATE for JRVR, CRMD and ATVI: Levi &amp; Korsinsky, LLP Reminds Investors of Class Actions on Behalf of Shareholders",-0.987,0.049,0.85,0.101
19,"Bragar Eagel &amp; Squire, P.C. Reminds Investors That Class Action Lawsuits Have Been Filed Against CarLotz, Ardelyx, and Activision Blizzard and Encourages Investors to Contact the Firm",-0.945,0.072,0.846,0.082
20,"Bragar Eagel &amp; Squire, P.C. Reminds Investors That Class Action Lawsuits Have Been Filed Against CarLotz, Ardelyx, and Activision Blizzard and Encourages Investors to Contact the Firm",-0.945,0.072,0.846,0.082
