﻿,Titles,Polarity,Positive,Neutral,Negative
0,"Activision Blizzard, Inc (ATVI) Stock Sinks As Market Gains: What You Should Know",0.988,0.086,0.896,0.018
1,"Franklin Global Market Neutral Fund Buys Barclays PLC, AEON Mall Co, MetLife Inc, Sells Seven ...",0.995,0.043,0.955,0.003
2,7 CEOs That Ought to Follow Jack Dorsey Out the Door,1.0,0.118,0.841,0.042
3,"If Activision Blizzard's CEO Steps Down, Who Should Replace Him? 3 Investors Weigh In",-0.44,0.0,0.892,0.108
4,"Hedge Funds Are Coming Back To VMware, Inc. (VMW)",0.996,0.09,0.889,0.021
5,"Simplify Exchange Traded Funds Buys Twitter Inc, Amazon. ...",0.986,0.064,0.914,0.023
6,Could Web 3.0 Disrupt Established Video Game Companies?,0.34,0.091,0.909,0.0
