﻿,Titles,Polarity,Positive,Neutral,Negative
0,8 Metaverse Stocks to Buy to Become a Virtual Millionaire,1.0,0.121,0.858,0.021
1,Charlie Munger on Activision Blizzard: 'I like Bobby Kotick a lot',-0.932,0.079,0.823,0.097
2,7 Stocks With Earnings Reports Next Week,0.984,0.067,0.891,0.042
3,8 Software Stocks to Snap Up After the Sharp Selloff,1.0,0.168,0.815,0.017
4,What’s Wrong With the Video Game Industry? 10 Stocks to Watch,1.0,0.128,0.82,0.052
5,How Microsoft's Latest Acquisition Will Shape Its Future in Gaming,0.077,0.043,0.919,0.039
