﻿,Titles,Polarity,Positive,Neutral,Negative
0,"ROSEN, A LONGSTANDING AND TRUSTED LAW FIRM, Encourages Activision Blizzard, Inc. Investors with Losses to Secure Counsel Before Important Deadline in Securities Class Action – ATVI",0.898,0.098,0.824,0.078
1,Buy Roblox Stock to Invest in Strong Platform Growth,0.999,0.142,0.823,0.035
2,"SHAREHOLDER ALERT: Levi &amp; Korsinsky, LLP Notifies Shareholders of Activision Blizzard, Inc. of a Class Action Lawsuit and a Lead Plaintiff Deadline of October 4, 2021 - ATVI",0.807,0.097,0.825,0.078
3,"ATVI Investor Alert: Bronstein, Gewirtz &amp; Grossman, LLC Reminds Activision Blizzard, Inc. Shareholders of Class Action and Lead Plaintiff Deadline: October 4, 2021",-0.973,0.075,0.796,0.129
4,"CLASS ACTION UPDATE for RKT, ATVI and LIVE: Levi &amp; Korsinsky, LLP Reminds Investors of Class Actions on Behalf of Shareholders",-0.739,0.08,0.832,0.088
5,"ATVI ALERT - Nationally Ranked Shareholder Rights Firm Labaton Sucharow is Investigating Activision Blizzard, Inc. (NASDAQ:ATVI) for Potential Securities Violations and Breach of Fiduciary Duty",0.273,0.093,0.83,0.077
6,It's Time For 9 Stalled Stock Winners To Rally (Tesla Isn't One),0.0,0.0,1.0,0.0
7,"ATVI LAWSUIT: The Law Offices of Vincent Wong Notify Investors of a Class Action Lawsuit Involving Activision Blizzard, Inc.",-0.988,0.048,0.8,0.151
8,"ACTIVISION BLIZZARD INVESTOR NOTICE BY FORMER LOUISIANA ATTORNEY GENERAL: Kahn Swick &amp; Foti, LLC Reminds Shareholders of Lead Plaintiff Deadline in Class Action Lawsuit Against Activision Blizzard, Inc. - ATVI",-0.95,0.085,0.798,0.117
