﻿,Titles,Polarity,Positive,Neutral,Negative
0,Activision Blizzard hires former Accenture exec Kristen Hines as chief diversity officer,0.382,0.098,0.902,0.0
1,"Activision appoints Kristen Hines as chief diversity, equity and inclusion officer",-0.402,0.046,0.893,0.062
2,"Activision Blizzard Appoints Kristen Hines as Chief Diversity, Equity, and Inclusion Officer",0.998,0.137,0.835,0.028
3,"Activision Blizzard to Release First Quarter 2022 Financial Results on April 25, 2022",0.999,0.136,0.828,0.036
4,Top 9 Stocks Billionaire Larry Robbins Just Added to His Portfolio,0.997,0.094,0.884,0.021
5,"Singapore’s Coda Nears Funding at $2.5 Billion Value, Sources Say",-0.477,0.046,0.911,0.043
