﻿,Titles,Polarity,Positive,Neutral,Negative
0,"Activision Blizzard, Inc (ATVI) Dips More Than Broader Markets: What You Should Know",0.985,0.08,0.897,0.023
1,"ATVI LAWSUIT: The Law Offices of Vincent Wong Notify Investors of a Class Action Lawsuit Involving Activision Blizzard, Inc.",-0.989,0.047,0.805,0.148
2,"FINAL DEADLINE ALERT: The Schall Law Firm Reminds Investors of a Class Action Lawsuit Against Activision Blizzard, Inc. and Encourages Investors with Losses in Excess of $100,000 to Contact the Firm",-0.967,0.067,0.815,0.119
3,"ATVI ALERT: The Klein Law Firm Announces a Lead Plaintiff Deadline of October 4, 2021 in the Class Action Filed on Behalf of Activision Blizzard, Inc. Limited Shareholders",-0.974,0.077,0.797,0.126
4,"Last Few Hours for Shareholders to Actively Participate in Activision Blizzard, Inc. (ATVI) Class Action- Bronstein, Gewirtz &amp; Grossman, LLC",-0.973,0.075,0.796,0.129
5,"SHAREHOLDER ALERT: Levi &amp; Korsinsky, LLP Notifies Shareholders of Activision Blizzard, Inc. of a Class Action Lawsuit and a Lead Plaintiff Deadline of October 4, 2021 - ATVI",0.807,0.097,0.825,0.078
6,"DEADLINE TODAY - Labaton Sucharow is Investigating Activision Blizzard, Inc. (NASDAQ:ATVI) for Potential Securities Violations and Breach of Fiduciary Duty",0.273,0.093,0.83,0.077
7,"ATVI Final Deadline Today: Rosen, a Global and Leading Law Firm, Encourages Activision Blizzard, Inc. Investors with Losses to Secure Counsel Before Important October 4 Deadline in Securities Class Action - ATVI",0.922,0.099,0.824,0.077
8,"DEADLINE TODAY: The Schall Law Firm Reminds Investors of a Class Action Lawsuit Against Activision Blizzard, Inc. and Encourages Investors with Losses in Excess of $100,000 to Contact the Firm",-0.972,0.063,0.817,0.121
9,"The Gross Law Firm Announces Class Actions on Behalf of Shareholders of ATVI, LIVE and ATIP",-0.86,0.095,0.802,0.103
10,ATVI INVESTOR ALERT: Shareholder Lawsuit Deadline Approaching,-0.796,0.061,0.856,0.083
