﻿,Titles,Polarity,Positive,Neutral,Negative
0,"Tempus Wealth Planning, LLC Buys SPDR S&amp;P Global Natural Resources ETF, GlaxoSmithKline ...",0.999,0.149,0.845,0.005
1,"Jackson Hole Capital Partners, LLC Buys Rent-A-Center Inc, Direxion Daily S&amp;P 500 Bear 3X ...",0.994,0.054,0.938,0.008
2,"Were Hedge Funds Illusioned With Autodesk, Inc. (ADSK)?",0.997,0.096,0.877,0.027
3,"Were Hedge Funds Right About Activision Blizzard, Inc. (ATVI)?",0.993,0.074,0.921,0.005
4,Did Hedge Funds Catch A Break With Workday Inc (WDAY)?,0.999,0.112,0.872,0.016
5,7 Web 3.0 Plays That Could Be the Best Plays You Ever Make,1.0,0.175,0.805,0.02
6,How Sony's Bungie Acquisition Affects Microsoft Gaming,0.0,0.0,1.0,0.0
7,Gaming earnings: EA forecast misses expectations,0.0,0.0,1.0,0.0
8,"Did Hedge Funds Catch A Break With Illumina, Inc. (ILMN)?",0.997,0.105,0.874,0.02
9,Better Buy: Microsoft vs. Sony,0.361,0.063,0.937,0.0
10,"Cim Investment Management Inc Buys iShares Core S&amp;P 500 ETF, iShares Core S&amp;P Mid-Cap ...",0.996,0.058,0.937,0.005
11,Why Sea Limited Is a Stock Worth Watching,-0.052,0.072,0.84,0.088
12,How long can the Microsoft and Sony gaming truce last?,-0.372,0.086,0.812,0.102
13,Why Sony's Jump for Bungie Makes Videogame Sense,0.0,0.0,1.0,0.0
14,Sony Raises Forecast After Profit Beats on Spider-Man Boost,-0.726,0.058,0.879,0.063
