﻿,Titles,Polarity,Positive,Neutral,Negative
0,"Cambiar Investors Llc Buys iShares MSCI EAFE ETF, Barclays PLC, Constellation Brands Inc, Sells ...",0.997,0.065,0.931,0.004
1,"Activision Blizzard, Inc (ATVI) Reports Next Week: Wall Street Expects Earnings Growth",0.996,0.119,0.835,0.046
2,"Close Asset Management Ltd Buys Avantor Inc, Costco Wholesale Corp, Moody's Corporation, Sells ...",0.999,0.094,0.902,0.004
3,"Seascape Capital Management Buys PIMCO Dynamic Income Fund, Sony Group Corp, Canadian Pacific ...",0.997,0.082,0.913,0.005
4,"Manning &amp; Napier Group, Llc Buys Activision Blizzard Inc, Anaplan Inc, United Parcel ...",0.995,0.052,0.943,0.006
5,"Plimoth Trust Co Llc Buys iShares MSCI Intl Quality Factor ETF, The Walt Disney Co, Activision ...",0.999,0.117,0.877,0.006
6,"Hunter Perkins Capital Management, LLC Buys Canadian Pacific Railway, U.S. ...",0.997,0.076,0.918,0.006
7,"Meridian Financial Partners LLC Buys Telos Corp, WisdomTree U.S. ...",0.995,0.062,0.934,0.004
8,7 Metaverse Stocks That Future-Thinking Investors Need to Know About,1.0,0.118,0.867,0.014
9,"SHAREHOLDER INVESTIGATION: Halper Sadeh LLP Investigates VCRA, ATVI, FLMN; Shareholders are Encouraged to Contact the Firm",0.46,0.089,0.84,0.071
10,4 Stock Winners and 4 Losers in the Microsoft-Activision Deal,0.998,0.109,0.84,0.051
11,Shufro Rose &amp; Co Llc Buys Distillate U.S. ...,0.998,0.069,0.928,0.003
12,"First Merchants Corp Buys Communication Services Select Sector SPDR Fund, Vanguard Short-Term ...",0.997,0.051,0.946,0.003
13,Microsoft Should Play Antitrust Game Well,-0.572,0.0,0.887,0.113
14,Why Activision Blizzard Is Worth Buying Even After the Microsoft Acquisition,0.625,0.267,0.733,0.0
15,Investors Are Getting Increasingly Nervous About Microsoft’s Activision Deal,0.649,0.249,0.751,0.0
16,Investors Are Getting More Nervous About Microsoft’s Activision Deal,0.649,0.249,0.751,0.0
