﻿,Titles,Polarity,Positive,Neutral,Negative
0,Microsoft reaches deal with Activision Blizzard employees on union efforts,0.0,0.0,1.0,0.0
1,Microsoft Gets New Support for Activision Deal. Why a Big Union Went From Critic to Advocate.,0.052,0.097,0.814,0.089
2,Microsoft Agrees to Make It Easier for Activision Employees to Unionize,0.772,0.251,0.749,0.0
3,"Microsoft, union enter into labor neutrality agreement",0.955,0.1,0.893,0.007
4,Video Game Studios Embrace Transparent Pay to Battle Wage Discrimination,0.994,0.099,0.842,0.059
5,Mobile Game Developer King Acquires Artificial Intelligence Company Peltarion,0.999,0.12,0.867,0.013
6,4 Stable Blue-Chip Stocks to Buy for Today’s Volatile Market,0.996,0.097,0.87,0.034
