﻿,Titles,Polarity,Positive,Neutral,Negative
0,"LAWSUITS FILED AGAINST ATHA, AHCO and ATVI - Jakubowitz Law Pursues Shareholders Claims",-0.984,0.074,0.806,0.12
1,"ATVI ALERT - Nationally Ranked Shareholder Rights Firm Labaton Sucharow is Investigating Activision Blizzard, Inc. (NASDAQ:ATVI) for Potential Securities Violations and Breach of Fiduciary Duty",0.273,0.093,0.83,0.077
2,"SHAREHOLDER ALERT: The Gross Law Firm Notifies Shareholders of Activision Blizzard, Inc. of a Class Action Lawsuit and a Lead Plaintiff Deadline of October 4, 2021 - (ATVI)",-0.99,0.079,0.781,0.14
3,"Data: Blockchain-based gaming booms with help from Axie Infinity, outpacing NFTs, DeFi",0.988,0.097,0.884,0.019
4,ATVI Investor Alert: Class Action Lawsuit Filed,-0.63,0.067,0.851,0.082
5,"SHAREHOLDER ALERT: Levi &amp; Korsinsky, LLP Notifies Shareholders of Activision Blizzard, Inc. of a Class Action Lawsuit and a Lead Plaintiff Deadline of October 4, 2021 - ATVI",0.807,0.097,0.825,0.078
6,"INVESTOR ACTION NOTICE: The Schall Law Firm Reminds Investors of a Class Action Lawsuit Against Activision Blizzard, Inc. and Encourages Investors with Losses in Excess of $100,000 to Contact the Firm",-0.967,0.067,0.815,0.119
7,"ATVI LAWSUIT: The Law Offices of Vincent Wong Notify Investors of a Class Action Lawsuit Involving Activision Blizzard, Inc.",-0.988,0.048,0.801,0.151
8,"ATVI ALERT - Nationally Ranked Shareholder Rights Firm Labaton Sucharow is Investigating Activision Blizzard, Inc. (NASDAQ:ATVI) for Potential Securities Violations and Breach of Fiduciary Duty",0.273,0.093,0.83,0.077
9,3 Growth Stocks That Are Generating Tons of Free Cash,0.848,0.192,0.736,0.071
10,"ATVI LAWSUIT FILED: Jakubowitz Law Pursues Claims on Behalf of Activision Blizzard, Inc. Shareholders",-0.974,0.081,0.77,0.149
11,Gaming Is an Increasingly Difficult Sector for Investors to Play,0.459,0.063,0.915,0.022
12,"FILING DEADLINE--Kuznicki Law PLLC Announces Class Actions on Behalf of Shareholders of ATHA, ATVI and RKT",0.523,0.11,0.804,0.086
13,"Activision Blizzard, Inc Investors: Last Days to Participate Actively in the Class Action Lawsuit; Portnoy Law Firm",-0.544,0.084,0.83,0.086
14,"Activision Blizzard, Inc Investors: Last Days to Participate Actively in the Class Action Lawsuit; Portnoy Law Firm",-0.544,0.084,0.83,0.086
