﻿,Titles,Polarity,Positive,Neutral,Negative
0,"Activision Blizzard, Inc (ATVI) Dips More Than Broader Markets: What You Should Know",0.993,0.107,0.877,0.016
1,Hedge Funds Cashing Out Of CSX Corporation (CSX),0.999,0.128,0.834,0.037
2,Hedge Funds Cashing Out Of CSX Corporation (CSX),0.999,0.128,0.834,0.037
3,Why You Should Pay Close Attention To The 5% Buy Zone After A Breakout,-0.052,0.074,0.846,0.081
4,"Video Game Stocks To Buy And Watch, Including Esports Stocks",0.727,0.228,0.772,0.0
5,New Investor? Here Are 3 Great Tech Stocks,0.44,0.033,0.967,0.0
6,New Investor? Here Are 3 Great Tech Stocks,0.44,0.033,0.967,0.0
7,US CEO pay: shareholders have woken up to excess,0.866,0.194,0.762,0.044
