﻿,Titles,Polarity,Positive,Neutral,Negative
0,"The Gross Law Firm Announces Class Actions on Behalf of Shareholders of COIN, ATVI and SESN",-0.995,0.068,0.796,0.136
1,Activision Deadline Alert,0.764,0.112,0.793,0.095
2,"ATVI ALERT - Nationally Ranked Shareholder Rights Firm Labaton Sucharow is Investigating Activision Blizzard, Inc. (NASDAQ:ATVI) for Potential Securities Violations and Breach of Fiduciary Duty",0.273,0.093,0.83,0.077
3,"INVESTOR ALERT BY FORMER LOUISIANA ATTORNEY GENERAL: Class Action Lawsuits filed on behalf of ANVS, ATVI, ZY Investors, Lead Plaintiff Deadlines Set",-0.746,0.065,0.859,0.076
4,"INVESTOR ALERT BY FORMER LOUISIANA ATTORNEY GENERAL: Class Action Lawsuits filed on behalf of ANVS, ATVI, PYPL, ZY Investors, Lead Plaintiff Deadlines Set",-0.837,0.069,0.849,0.082
5,"SHAREHOLDER ALERT: Levi &amp; Korsinsky, LLP Notifies Shareholders of Activision Blizzard, Inc. of a Class Action Lawsuit and a Lead Plaintiff Deadline of October 4, 2021 - ATVI",0.807,0.097,0.825,0.078
6,"ARDX &amp; ATVI Investor Class Actions and Deadline Reminders: Bronstein, Gewirtz &amp; Grossman LLC",-0.982,0.054,0.836,0.111
7,"The Klein Law Firm Reminds Investors of Class Actions on Behalf of Shareholders of RKT, ARDX and ATVI",-0.99,0.069,0.808,0.123
8,"ATVI ALERT - Nationally Ranked Shareholder Rights Firm Labaton Sucharow is Investigating Activision Blizzard, Inc. (NASDAQ:ATVI) for Potential Securities Violations and Breach of Fiduciary Duty",0.273,0.093,0.829,0.078
9,"INVESTOR ACTION ALERT: The Schall Law Firm Reminds Investors of a Class Action Lawsuit Against Activision Blizzard, Inc. and Encourages Investors with Losses in Excess of $100,000 to Contact the Firm",-0.967,0.067,0.815,0.119
10,"Lawsuits Filed Against AHCO, ATVI and ANVS - Jakubowitz Law Pursues Shareholders Claims",-0.987,0.072,0.796,0.132
11,"ANVS, ATVI, ZY INVESTOR ALERT: CLAIMSFILER REMINDS SHAREHOLDERS of Lead Plaintiff Deadline in Class Action Lawsuits",0.978,0.152,0.795,0.052
12,"SHAREHOLDER ALERT: Pomerantz Law Firm Investigates Claims On Behalf of Investors of Activision Blizzard, Inc. - ATVI",-0.94,0.093,0.774,0.133
