﻿,Titles,Polarity,Positive,Neutral,Negative
0,"The Gross Law Firm Announces Class Actions on Behalf of Shareholders of YMM, BZ and ATVI",-0.991,0.066,0.808,0.126
1,"INVESTOR ALERT - Labaton Sucharow is Investigating Activision Blizzard, Inc. (NASDAQ:ATVI) for Potential Securities Violations and Breach of Fiduciary Duty",0.273,0.093,0.83,0.077
2,"SHAREHOLDER ACTION NOTICE: The Schall Law Firm Reminds Investors of a Class Action Lawsuit Against Activision Blizzard, Inc. and Encourages Investors with Losses in Excess of $100,000 to Contact the Firm",-0.967,0.067,0.815,0.119
3,16 Most Valuable Entertainment Companies in the World,1.0,0.158,0.821,0.021
4,"CLASS ACTION UPDATE for BLCT, ATVI and SPPI: Levi &amp; Korsinsky, LLP Reminds Investors of Class Actions on Behalf of Shareholders",-0.985,0.047,0.856,0.097
5,ATVI Investor Alert: Shareholder Class Action Lawsuit Filed,-0.63,0.067,0.851,0.082
6,"ARDX &amp; ATVI Shareholder Class Actions and Looming Deadlines: Bronstein, Gewirtz &amp; Grossman LLC",-0.983,0.055,0.83,0.115
7,"ARDX &amp; ATVI Shareholder Class Actions and Looming Deadlines: Bronstein, Gewirtz &amp; Grossman LLC",-0.983,0.055,0.832,0.113
8,"ATVI ALERT - Nationally Ranked Shareholder Rights Firm Labaton Sucharow is Investigating Activision Blizzard, Inc. (NASDAQ:ATVI) for Potential Securities Violations and Breach of Fiduciary Duty",0.273,0.093,0.83,0.077
9,Why Unity Software Is a Great Video Game Stock,0.0,0.0,1.0,0.0
10,China's JD.com withdraws sale of unapproved gaming titles -state media,0.805,0.057,0.906,0.037
11,"SHAREHOLDER ALERT BY FORMER LOUISIANA ATTORNEY GENERAL: KSF REMINDS ATVI, ZY INVESTORS of Lead Plaintiff Deadline in Class Action Lawsuits",-0.577,0.062,0.87,0.068
