﻿,Titles,Polarity,Positive,Neutral,Negative
0,Why GameStop is destined to become another Blockbuster video,0.999,0.122,0.837,0.041
1,Why GameStop is destined to become another Blockbuster video,0.999,0.122,0.837,0.041
2,"Playing to WIN: CEO’s of DraftKings, FansUnite, ESE and Activision Blizzard Embracing Trillion Dollar Millennials Demand for E-Sports &amp; I-Gaming",1.0,0.152,0.84,0.009
3,"Playing to WIN: CEO’s of DraftKings, FansUnite, ESE and Activision Blizzard Embracing Trillion Dollar Millennials Demand for E-Sports & I-Gaming",1.0,0.152,0.839,0.009
4,"Playing to WIN: CEO’s of DraftKings, FansUnite, ESE and Activision Blizzard Embracing Trillion Dollar Millennials Demand for E-Sports &amp; I-Gaming",1.0,0.152,0.84,0.009
