﻿,Titles,Polarity,Positive,Neutral,Negative
0,"ROSEN, NATIONAL TRIAL LAWYERS, Encourages Activision Blizzard, Inc. Investors with Losses Exceeding $100K to Secure Counsel Before Important October 4 Deadline in Securities Class Action - ATVI",0.922,0.099,0.825,0.077
1,"SHAREHOLDER ALERT: Levi &amp; Korsinsky, LLP Notifies Shareholders of Activision Blizzard, Inc. of a Class Action Lawsuit and a Lead Plaintiff Deadline of October 4, 2021 - ATVI",0.807,0.097,0.825,0.078
2,ATVI Investor Alert: Shareholder Lawsuit Deadline Approaching,-0.63,0.067,0.851,0.082
3,Activision Blizzard Stock Rises on Bullish Jefferies Stance,0.0,0.0,1.0,0.0
4,"OCTOBER 4, 2021 ACTIVISION BLIZZARD INC. (NASDAQ: ATVI) SHAREHOLDER CLASS ACTION DEADLINE: Bernstein Liebhard LLP Reminds Investors of the Deadline to File a Lead Plaintiff Motion in a Securities Class Action Lawsuit Against Activision Blizzard, Inc.",0.983,0.127,0.799,0.074
5,"The Klein Law Firm Reminds Investors of Class Actions on Behalf of Shareholders of ATVI, ZY and SLQT",-0.995,0.051,0.81,0.139
6,"MONDAY DEADLINE ALERT - Nationally Ranked Shareholder Rights Firm Labaton Sucharow is Investigating Activision Blizzard, Inc. (NASDAQ:ATVI) for Potential Securities Violations and Breach of Fiduciary Duty",0.273,0.093,0.83,0.077
7,"ATVI 5-DAY DEADLINE ALERT: Hagens Berman Encourages Activision Blizzard (ATVI) Investors with $100K+ Losses to Contact Firm Now, EEOC Settlement Strengthens Securities Fraud Claims",-0.772,0.095,0.803,0.102
8,"ATVI 5-DAY DEADLINE ALERT: Hagens Berman Encourages Activision Blizzard (ATVI) Investors with $100K+ Losses to Contact Firm Now, EEOC Settlement Strengthens Securities Fraud Claims",-0.818,0.094,0.802,0.104
9,"ATVI ALERT: The Klein Law Firm Announces a Lead Plaintiff Deadline of October 4, 2021 in the Class Action Filed on Behalf of Activision Blizzard, Inc. Limited Shareholders",-0.974,0.077,0.797,0.126
10,"MONDAY DEADLINE REMINDER: The Schall Law Firm Reminds Investors of a Class Action Lawsuit Against Activision Blizzard, Inc. and Encourages Investors with Losses in Excess of $100,000 to Contact the Firm",-0.972,0.063,0.817,0.121
11,"The Gross Law Firm Announces Class Actions on Behalf of Shareholders of ATVI, ZY and ANVS",-0.99,0.069,0.801,0.13
12,ATVI INVESTOR ALERT: Class Action Lawsuit Deadline Approaching,-0.591,0.067,0.853,0.08
13,"FILING DEADLINE--Kuznicki Law PLLC Announces Class Actions on Behalf of Shareholders of ATVI, PYPL and SAVA",0.682,0.11,0.809,0.081
14,"ATVI ALERT - Nationally Ranked Shareholder Rights Firm Labaton Sucharow is Investigating Activision Blizzard, Inc. (NASDAQ:ATVI) for Potential Securities Violations and Breach of Fiduciary Duty",0.273,0.093,0.83,0.077
