﻿,Titles,Polarity,Positive,Neutral,Negative
0,ATVI INVESTOR ALERT: Thornton Law Firm Announces Investigation,-0.891,0.068,0.84,0.092
1,"INVESTIGATION NOTICE: The Schall Law Firm Announces it is Investigating Claims Against Activision Blizzard, Inc. and Encourages Investors with Losses to Contact the Firm",-0.949,0.058,0.824,0.118
2,"ATVI ALERT - Nationally Ranked Shareholder Rights Firm Labaton Sucharow is Investigating Activision Blizzard, Inc. (NASDAQ:ATVI) for Potential Securities Violations and Breach of Fiduciary Duty",0.44,0.091,0.838,0.071
3,Activision (ATVI) to Report Q2 Earnings: What's in Store?,0.996,0.139,0.836,0.025
4,Should You Buy Activision Blizzard Stock Ahead of Q2 Earnings?,0.077,0.096,0.814,0.09
