﻿,Titles,Polarity,Positive,Neutral,Negative
0,SHAREHOLDER ALERT: RLX ARDX ATVI: The Law Offices of Vincent Wong Reminds Investors of Important Class Action Deadlines,-0.99,0.04,0.845,0.114
1,Activision Stock Is Jumping After Earnings. Management Is Upbeat.,0.361,0.111,0.889,0.0
2,"SHAREHOLDER ALERT: Pomerantz Law Firm Investigates Claims On Behalf of Investors of Activision Blizzard, Inc. - ATVI",-0.943,0.099,0.762,0.139
3,"Activision Blizzard, Inc (ATVI) Tops Q2 Earnings and Revenue Estimates",0.994,0.097,0.894,0.009
4,Activision Blizzard Q2 earnings top estimates,0.0,0.0,1.0,0.0
5,"Activision, Battling Sexism Complaints, Tops Quarterly Views",0.941,0.085,0.852,0.062
6,Activision Blizzard stock rises as results top Street view,0.296,0.109,0.891,0.0
7,Activision Blizzard annual sales forecast disappoints,0.954,0.12,0.819,0.061
8,UPDATE 1-Activision Blizzard annual sales forecast disappoints,0.954,0.118,0.822,0.06
9,China Denounces Online Videogames. Why It Could Boost Big Tech Stocks.,0.7,0.225,0.775,0.0
10,Activision Blizzard annual sales forecast disappoints,0.926,0.135,0.791,0.075
11,Activision Blizzard Announces Second-Quarter 2021 Financial Results,1.0,0.097,0.876,0.026
12,"LAWSUITS FILED AGAINST QFIN, CXO and ATVI - Jakubowitz Law Pursues Shareholders Claims",-0.994,0.059,0.802,0.139
13,Why Activision Blizzard Stock Dropped 4% Today,0.44,0.06,0.912,0.028
14,"SHAREHOLDER ACTION ALERT: The Schall Law Firm Reminds Investors of a Class Action Lawsuit Against Activision Blizzard, Inc. and Encourages Investors With Losses in Excess of $100,000 to Contact the Firm",-0.972,0.063,0.814,0.123
15,"Bronstein, Gewirtz &amp; Grossman, LLC Notifies Shareholders of Activision Blizzard, Inc. (ATVI) Investigation",-0.872,0.083,0.806,0.11
16,Activision Stock Rebounds as 'Call Of Duty' Playing Hours Rise,0.268,0.094,0.906,0.0
17,This Week's 5 Hottest Earnings Charts,0.994,0.142,0.83,0.028
18,Stock Market Reverses Higher; This Industry Is Hit With Bad News,0.402,0.124,0.876,0.0
19,"Activision Blizzard to report Q2 earnings amid harassment scandal, C-Suite shakeup",-0.979,0.032,0.886,0.082
20,"ATVI INVESTOR ALERT: ROSEN, A LEADING AND LONGSTANDING LAW FIRM, Files Securities Class Action Lawsuit Against Activision Blizzard, Inc. – ATVI",-0.217,0.098,0.803,0.099
21,"ONGOING INVESTIGATION NOTICE: The Schall Law Firm Announces it is Investigating Claims Against Activision Blizzard, Inc. and Encourages Investors with Losses to Contact the Firm",-0.949,0.058,0.824,0.118
22,Blizzard President Departs as Game Maker Faces Labor Lawsuit,0.927,0.099,0.858,0.043
23,Blizzard President Departs as Game Maker Faces Labor Lawsuit,0.927,0.099,0.858,0.043
24,Activision Blizzard Under Pressure Ahead of Report,-0.994,0.085,0.75,0.165
25,Blizzard President J. Allen Brack Exits Amid Sexual Harassment and Discrimination Allegations Against Company,0.964,0.104,0.844,0.051
26,Activision Blizzard names Jen Oneal and Mike Ybarra co-leaders of Blizzard Entertainment,0.785,0.098,0.902,0.0
27,A Letter From President and Chief Operating Officer Daniel Alegre Regarding Blizzard Entertainment,0.994,0.136,0.837,0.026
28,"SHAREHOLDER ALERT: Kaskela Law LLC Announces Shareholder Investigation of Activision Blizzard, Inc. (ATVI) and Encourages Investors to Contact the Firm",-0.844,0.096,0.782,0.121
29,Blizzard Entertainment President Stepping Down Amid Lawsuit,0.077,0.034,0.924,0.042
30,"Mask Mandates, Chinese Gaming Shock, API Inventories - What's Moving Markets",-0.962,0.043,0.893,0.064
31,Activision Investor Alert,-0.778,0.102,0.774,0.124
