﻿,Titles,Polarity,Positive,Neutral,Negative
0,"Buffett Remains Bullish On Oil, Adds to Chevron, Occidental Stakes",0.354,0.159,0.841,0.0
1,"Stocks moving in after-hours trading: Apple, Activision Blizzard, Ally Financial and more",0.961,0.077,0.897,0.026
2,Microsoft Makes an Embarrassing Admission,-0.599,0.0,0.897,0.103
3,"Berkshire Bought Apple, Chevron, and More Stock in the Second Quarter, Filing Should Show",-0.128,0.0,0.946,0.054
4,T-Mobile Surprises as Tech Winner in Tough Stock Market,0.995,0.13,0.813,0.057
