﻿,Titles,Polarity,Positive,Neutral,Negative
0,"SHAREHOLDER ALERT: Pomerantz Law Firm Investigates Claims On Behalf of Investors of Activision Blizzard, Inc. - ATVI",-0.914,0.098,0.775,0.127
1,"ATVI ALERT: The Klein Law Firm Announces a Lead Plaintiff Deadline of October 4, 2021 in the Class Action Filed on Behalf of Activision Blizzard, Inc. Limited Shareholders",-0.974,0.077,0.797,0.126
2,Activision Investor Alert,-0.778,0.102,0.774,0.124
3,"ATVI ALERT - Nationally Ranked Shareholder Rights Firm Labaton Sucharow is Investigating Activision Blizzard, Inc. (NASDAQ:ATVI) for Potential Securities Violations and Breach of Fiduciary Duty",0.273,0.093,0.83,0.077
4,"INVESTOR ALERT BY FORMER LOUISIANA ATTORNEY GENERAL: Class Action Lawsuits filed on behalf of ATVI, COIN, DIDI, LOTZ Investors, Lead Plaintiff Deadlines Set",-0.88,0.071,0.841,0.088
5,"SHAREHOLDER ALERT: The Gross Law Firm Notifies Shareholders of Activision Blizzard, Inc. of a Class Action Lawsuit and a Lead Plaintiff Deadline of October 4, 2021 - (ATVI)",-0.99,0.079,0.781,0.14
6,"ROSEN, RESPECTED INVESTOR COUNSEL, Encourages Activision Blizzard, Inc. Investors With Losses Over $100K to Secure Counsel Before Important October 4 Deadline in First Filed Securities Class Action Commenced by the Firm - ATVI",0.922,0.099,0.824,0.077
7,"SHAREHOLDER ALERT: Levi &amp; Korsinsky, LLP Notifies Shareholders of Activision Blizzard, Inc. of a Class Action Lawsuit and a Lead Plaintiff Deadline of October 4, 2021 - ATVI",0.807,0.097,0.825,0.078
8,"INVESTOR ACTION REMINDER: The Schall Law Firm Reminds Investors of a Class Action Lawsuit Against Activision Blizzard, Inc. and Encourages Investors with Losses in Excess of $100,000 to Contact the Firm",-0.967,0.067,0.815,0.119
9,"ARDX &amp; ATVI Class Actions and Deadline Reminders: Bronstein, Gewirtz &amp; Grossman LLC",-0.983,0.054,0.834,0.112
10,"ATVI ALERT - Nationally Ranked Shareholder Rights Firm Labaton Sucharow is Investigating Activision Blizzard, Inc. (NASDAQ:ATVI) for Potential Securities Violations and Breach of Fiduciary Duty",0.273,0.093,0.83,0.077
11,This Is the Only Video Game Stock You Need,0.706,0.084,0.916,0.0
12,"ATVI LAWSUIT: The Law Offices of Vincent Wong Notify Investors of a Class Action Lawsuit Involving Activision Blizzard, Inc.",-0.988,0.048,0.8,0.151
13,Saudi Activision Blizzard Stake Rises Again Amid Controversy,0.989,0.133,0.834,0.032
14,"SHAREHOLDER ALERT BY FORMER LOUISIANA ATTORNEY GENERAL: KSF REMINDS ATHA, ATVI, RKT INVESTORS of Lead Plaintiff Deadline in Class Action Lawsuits",-0.837,0.074,0.836,0.09
