﻿,Titles,Polarity,Positive,Neutral,Negative
0,"Activision Blizzard, Inc (ATVI) Gains As Market Dips: What You Should Know",0.987,0.088,0.894,0.018
1,"CLASS ACTION UPDATE for ATVI, LIVE and HNST: Levi &amp; Korsinsky, LLP Reminds Investors of Class Actions on Behalf of Shareholders",-0.372,0.076,0.843,0.081
2,"SHAREHOLDER ALERT BY FORMER LOUISIANA ATTORNEY GENERAL: KSF REMINDS ATVI, HNST, SAM INVESTORS of Lead Plaintiff Deadline in Class Action Lawsuits",-0.465,0.074,0.852,0.074
3,"ATVI 6-DAY DEADLINE ALERT: Hagens Berman Alerts Activision Blizzard (ATVI) Investors of Monday, Oct. 4 Deadline, Advises Investors with $100K+ Losses to Contact Firm Now - EEOC Settlement Strengthens Securities Fraud Claims",-0.88,0.088,0.807,0.105
4,"SHAREHOLDER ALERT: Levi &amp; Korsinsky, LLP Notifies Shareholders of Activision Blizzard, Inc. of a Class Action Lawsuit and a Lead Plaintiff Deadline of October 4, 2021 - ATVI",0.807,0.097,0.825,0.078
5,"ROSEN, RESPECTED INVESTOR COUNSEL, Encourages Activision Blizzard, Inc. Investors to Secure Counsel Before Important October 4 Deadline in Securities Class Action - ATVI",0.922,0.099,0.824,0.077
6,"The Gross Law Firm Announces Class Actions on Behalf of Shareholders of ATVI, LIVE and SAVA",-0.577,0.104,0.789,0.106
7,"ACTIVISION BLIZZARD INC. (NASDAQ: ATVI) OCTOBER 4, 2021 INVESTOR FILING DEADLINE: Bernstein Liebhard LLP Reminds Investors of the Deadline to File a Lead Plaintiff Motion in a Securities Class Action Lawsuit Against Activision Blizzard, Inc.",0.983,0.129,0.796,0.075
8,"ACTIVISION BLIZZARD INC. (NASDAQ: ATVI) OCTOBER 4, 2021 INVESTOR FILING DEADLINE: Bernstein Liebhard LLP Reminds Investors of the Deadline to File a Lead Plaintiff Motion in a Securities Class Action Lawsuit Against Activision Blizzard, Inc.",0.983,0.13,0.795,0.076
9,"UPCOMING DEADLINE ALERT - Labaton Sucharow is Investigating Activision Blizzard, Inc. (NASDAQ:ATVI) for Potential Securities Violations and Breach of Fiduciary Duty",0.273,0.093,0.83,0.077
10,Only 47 stocks in the S&amp;P 500 have fallen over the past year — Wall Street predicts they will climb up to 54% in 12 months,0.802,0.171,0.829,0.0
11,"The Klein Law Firm Reminds Investors of Class Actions on Behalf of Shareholders of ATVI, ZY and SAVA",-0.991,0.067,0.804,0.129
12,"Activision’s $18 million settlement, Merck nears purchase of Acceleron Pharma, Bridgerton leads in Netflix views",0.0,0.0,1.0,0.0
13,"ATVI FINAL NOTICE: Hagens Berman Alerts Activision Blizzard (ATVI) Investors to APPLICATION DEADLINE in Securities Class Action, Advises Investors with $100K+ Losses to Contact Firm's Attorneys Now",-0.398,0.094,0.815,0.091
14,Is Dell Technologies Inc. (DELL) Going to Burn These Hedge Funds?,0.995,0.076,0.918,0.006
15,CME Group Inc (CME): Hedge Funds Are Bullish,0.996,0.076,0.912,0.012
16,"LAWSUITS FILED AGAINST ATVI, ITRM and KPLT - Jakubowitz Law Pursues Shareholders Claims",-0.979,0.072,0.815,0.113
17,Here's What Investors Need to Know About Activision Blizzard,0.649,0.27,0.73,0.0
18,"MONDAY DEADLINE ALERT: The Schall Law Firm Reminds Investors of a Class Action Lawsuit Against Activision Blizzard, Inc. and Encourages Investors with Losses in Excess of $100,000 to Contact the Firm",-0.972,0.063,0.817,0.121
19,Key Takeaways From Activision Blizzard's EEOC Agreement On Workplace Harassment,0.939,0.158,0.791,0.051
20,"ATVI LAWSUIT: The Law Offices of Vincent Wong Notify Investors of a Class Action Lawsuit Involving Activision Blizzard, Inc.",-0.988,0.048,0.8,0.151
21,"SHAREHOLDER ALERT BY FORMER LOUISIANA ATTORNEY GENERAL: KSF REMINDS ATVI, SAVA, ZY INVESTORS of Lead Plaintiff Deadline in Class Action Lawsuits",-0.746,0.067,0.855,0.078
22,"Activision Blizzard, U.S. employment watchdog reach agreement in sexual harassment and discrimination case",0.717,0.127,0.77,0.103
23,"SHAREHOLDER ALERT: Pomerantz Law Firm Investigates Claims On Behalf of Investors of Activision Blizzard, Inc. - ATVI",-0.94,0.093,0.774,0.133
24,"UPCOMING DEADLINE ALERT - Labaton Sucharow is Investigating Activision Blizzard, Inc. (NASDAQ:ATVI) for Potential Securities Violations and Breach of Fiduciary Duty",0.273,0.093,0.83,0.077
