﻿,Titles,Polarity,Positive,Neutral,Negative
0,"Gamers spent billions more on videogames during the pandemic, but what happens now?",0.511,0.099,0.901,0.0
1,Checking In on 3 Stock Samplers,0.25,0.042,0.929,0.029
2,Checking In on 3 Stock Samplers,0.25,0.042,0.929,0.029
3,"Uber, Pfizer, ViacomCBS, General Motors, and Other Stocks to Watch This Week",0.0,0.0,1.0,0.0
4,"The Zacks Analyst Blog Highlights: Mattel, Google, Playtika Holding, Activision Blizzard and Zynga",0.999,0.105,0.884,0.011
5,"The Zacks Analyst Blog Highlights: Mattel, Google, Playtika Holding, Activision Blizzard and Zynga",0.999,0.105,0.884,0.011
