﻿,Titles,Polarity,Positive,Neutral,Negative
0,"Baskin Financial Services Inc. Buys CoStar Group Inc, Watsco Inc, Tricon Residential Inc, Sells ...",0.987,0.062,0.931,0.006
1,The 5 Best S&amp;P 500 Stocks So Far in 2022? Think Oil and M&amp;A.,0.0,0.0,1.0,0.0
2,"Rothschild Investment Corp  Buys American Tower Corp, Grayscale Bitcoin Trust, Diamondback ...",0.996,0.058,0.937,0.005
3,January’s Tech-Stock Winners Are the Takeover Targets,0.542,0.191,0.809,0.0
4,GameStop and AMC Stocks Continue Their Meme-Trade Selloff,-0.382,0.0,0.874,0.126
5,Will Activision Boost Microsoft's Metaverse Ambitions?,0.0,0.0,1.0,0.0
6,Tech Stocks Roundup: The Battle for the Metaverse — Let the Games Begin,0.612,0.222,0.778,0.0
7,5 Stocks in Nasdaq ETF That Are Still Up YTD,0.996,0.1,0.879,0.021
8,Microsoft's Activision Blizzard Deal Won't Hurt Sony's PlayStation Business,-0.273,0.0,0.967,0.033
9,7 Hot Stocks to Buy That Definitely Are Worth the Love,0.999,0.118,0.865,0.017
