﻿,Titles,Polarity,Positive,Neutral,Negative
0,Activision Blizzard pulls out a win on say-on-pay proposal after delaying vote for a week,-0.527,0.0,0.866,0.134
1,Activision Blizzard pulls out a win on say-on-pay proposal that includes $150 million CEO pay package,-0.527,0.0,0.866,0.134
2,UPDATE 1-Shareholders narrowly approve videogame maker Activision Blizzard CEO's $155 mln pay,0.955,0.088,0.855,0.057
3,UPDATE 1-Shareholders narrowly approve videogame maker Activision Blizzard CEO's $155 mln pay,0.955,0.088,0.855,0.057
4,Shareholders narrowly approve videogame maker Activision Blizzard CEO's $155 million pay,0.955,0.091,0.851,0.058
5,Shareholders narrowly approve videogame maker Activision Blizzard CEO's $155 million pay,0.955,0.091,0.851,0.058
6,ATVI Bull Signal Shows Fresh Highs Could Be Ahead,0.987,0.118,0.862,0.021
7,ATVI Bull Signal Shows Fresh Highs Could Be Ahead,0.987,0.118,0.862,0.021
8,3 Growth Stocks That Could Strengthen Your Portfolio During A High-Interest-Rate Market,0.778,0.116,0.864,0.02
9,3 Growth Stocks That Could Strengthen Your Portfolio During A High-Interest-Rate Market,0.778,0.116,0.864,0.02
10,Activision Blizzard CEO’s $155m pay package approved after delay,-0.889,0.065,0.739,0.196
11,Activision Blizzard CEO’s $155m pay package approved after delay,-0.889,0.065,0.739,0.196
