﻿,Titles,Polarity,Positive,Neutral,Negative
0,Microsoft’s Activision Blizzard bid faces U.K. antitrust investigation,0.0,0.0,1.0,0.0
1,Microsoft’s $69 billion takeover of Activision hits possible antitrust roadblock,0.026,0.058,0.899,0.043
2,U.K. Flexes New Muscle in Antitrust Probes Over Microsoft and Amazon,0.527,0.167,0.833,0.0
3,7 Best Warren Buffett Stocks to Buy Now in July 2022,1.0,0.164,0.815,0.021
4,Microsoft-Activision merger faces UK antitrust probe,0.0,0.0,1.0,0.0
5,"Microsoft’s Activision Deal, Amazon’s Use of Data Face U.K. Regulatory Probes",0.527,0.173,0.827,0.0
6,The Kroger and Activision Blizzard have been highlighted as Zacks Bull and Bear of the Day,1.0,0.139,0.816,0.045
7,"Blizzard's new boss wants to have fun with games. But first, his company is in a crisis",0.999,0.108,0.816,0.076
8,Microsoft’s Activision Takeover Faces Trouble in the UK,0.077,0.044,0.956,0.0
9,UPDATE 1-UK watchdog probes Microsoft's $68.7 billion Activision buyout deal,0.178,0.019,0.981,0.0
10,UK watchdog probes Microsoft's $68.7 billion Activision buyout deal,0.178,0.019,0.981,0.0
11,Activision Shares Edge Lower as U.K. Competition Watchdog Probes Microsoft Merger,0.991,0.183,0.795,0.022
12,Bear of the Day: Activision Blizzard (ATVI),0.975,0.092,0.866,0.042
13,"DoorDash, Uber, VMware Fall Premarket; Altria, Rocket Companies Rise",-0.869,0.049,0.878,0.073
