﻿,Titles,Polarity,Positive,Neutral,Negative
0,"Microsoft stock turns green after strong sales forecast, reversing a post-earnings decline",0.654,0.196,0.804,0.0
1,"Activision Blizzard, Inc (ATVI) Stock Moves -1.06%: What You Should Know",0.987,0.085,0.896,0.019
2,"Atalanta Sosnoff Capital, Llc Buys McDonald's Corp, Salesforce. ...",0.994,0.054,0.942,0.004
3,"Arbor Wealth Management, LLC Buys Wells Fargo, Activision Blizzard Inc, Amcor PLC, Sells Altice ...",0.999,0.139,0.853,0.008
4,"Kistler-Tiffany Companies, LLC Buys Vanguard S&amp;P 500 ETF, PowerShares QQQ Trust Ser 1, ...",0.997,0.058,0.937,0.005
5,"Meyer Handelman Co Buys Activision Blizzard Inc, Edwards Lifesciences Corp, Kyndryl Holdings ...",0.991,0.052,0.941,0.007
6,"Burleson &amp; Company, LLC Buys Block Inc, ARK Innovation ETF, Twitter Inc, Sells Airbnb Inc, ...",0.992,0.056,0.932,0.012
7,Activision’s Next Three Call of Duty Games Will Be on PlayStation and Xbox,0.935,0.062,0.908,0.03
8,Microsoft’s Slowing Cloud Growth Casts Shadow Over Report,0.992,0.101,0.856,0.042
9,"Microsoft tops $50 billion in quarterly sales for first time as earnings top estimates, but stock falls in late trading",0.654,0.196,0.804,0.0
10,7 Dividend Paying Stocks With Large Share Buyback Programs,1.0,0.1,0.889,0.011
11,"Anderson Hoagland &amp; Co Buys BTC iShares MSCI USA Min Vol Factor ETF, JPMorgan Ultra-Short ...",0.993,0.053,0.943,0.004
12,"Exane Asset Management Buys JPMorgan Chase, Stellantis NV, Airbnb Inc, Sells Linde PLC, ...",0.997,0.124,0.87,0.006
13,Nvidia preparing to abandon $40 billion ARM deal,0.0,0.0,1.0,0.0
14,7 Best Technology Stocks to Buy After the Big Dip,0.999,0.112,0.863,0.025
15,Microsoft Slides Ahead of Earnings,0.296,0.091,0.909,0.0
16,The Story Just Keeps Getting Worse for GameStop,0.996,0.113,0.848,0.039
17,MKM Partners Cuts Electronic Arts Price Target By 6%; Remains Bullish,0.974,0.13,0.837,0.033
18,"Deltec Asset Management Llc Buys EQT Corp, Occidental Petroleum Corp, Caesars Entertainment ...",0.999,0.106,0.89,0.003
19,"Argus Investors' Counsel, Inc. Buys Netflix Inc, Broadcom Inc, Intuitive Surgical Inc, Sells ...",0.988,0.051,0.944,0.005
20,Microsoft to announce first earnings report news of Activision Blizzard deal,0.906,0.061,0.902,0.038
21,The Best-Performing S&amp;P 500 Stocks So Far in 2022? Think Oil and M&amp;A.,0.0,0.0,1.0,0.0
22,"Microsoft's Purchase of Activision Blizzard Isn't a ""Metaverse"" Play",0.052,0.032,0.939,0.029
23,Microsoft Just Delivered a Knockout Punch to the PlayStation 5,-0.013,0.041,0.902,0.057
24,"Selloff to Resume, Microsoft Earnings, German Confidence - What's Moving Markets",-0.797,0.064,0.865,0.071
25,"Hotaling Investment Management, LLC Buys Johnson &amp; Johnson, Pfizer Inc, ON Semiconductor ...",0.994,0.052,0.945,0.004
