﻿,Titles,Polarity,Positive,Neutral,Negative
0,Can Electronic Arts Reach a Higher Level in 2022?,0.316,0.076,0.874,0.05
1,Why Roblox Stock Dove 34% in April,0.128,0.077,0.853,0.07
2,6 ‘Merger-Arbitrage’ Plays Like the One Warren Buffett Just Bought,0.625,0.225,0.727,0.048
3,Here's Why Buffett's Activision Arbitrage Play Isn't Really a Gamble,-0.153,0.063,0.845,0.092
4,Warren Buffett Sees a Big Opportunity in Activision’s Acquisition. Here Are 6 Similar Bets.,0.625,0.225,0.727,0.048
5,PRESS DIGEST- New York Times business news - May 5,-0.361,0.06,0.878,0.062
