﻿,Titles,Polarity,Positive,Neutral,Negative
0,"SHAREHOLDER ALERT: The Gross Law Firm Notifies Shareholders of Activision Blizzard, Inc. of a Class Action Lawsuit and a Lead Plaintiff Deadline of October 4, 2021 - (ATVI)",-0.99,0.079,0.781,0.14
1,"INVESTOR ALERT - Labaton Sucharow is Investigating Activision Blizzard, Inc. (NASDAQ:ATVI) for Potential Securities Violations and Breach of Fiduciary Duty",0.273,0.093,0.83,0.077
2,"SHAREHOLDER ALERT: Levi &amp; Korsinsky, LLP Notifies Shareholders of Activision Blizzard, Inc. of a Class Action Lawsuit and a Lead Plaintiff Deadline of October 4, 2021 - ATVI",0.807,0.097,0.825,0.078
3,"LAWSUITS FILED AGAINST BZ, ATVI and ZY - Jakubowitz Law Pursues Shareholders Claims",-0.991,0.06,0.816,0.125
4,"SHAREHOLDER DEADLINE ALERT: The Schall Law Firm Reminds Investors of a Class Action Lawsuit Against Activision Blizzard, Inc. and Encourages Investors with Losses in Excess of $100,000 to Contact the Firm",-0.972,0.063,0.817,0.121
5,"The Klein Law Firm Reminds Investors of Class Actions on Behalf of Shareholders of ATVI, PHG and VIEW",-0.995,0.044,0.823,0.133
6,"ATVI Shareholder Alert: Bronstein, Gewirtz &amp; Grossman, LLC Reminds Activision Blizzard, Inc. Shareholders of Class Action and Lead Plaintiff Deadline: October 4, 2021",-0.973,0.075,0.797,0.128
7,"ATVI ALERT - Nationally Ranked Shareholder Rights Firm Labaton Sucharow is Investigating Activision Blizzard, Inc. (NASDAQ:ATVI) for Potential Securities Violations and Breach of Fiduciary Duty",0.273,0.093,0.83,0.077
8,"ATVI LAWSUIT: The Law Offices of Vincent Wong Notify Investors of a Class Action Lawsuit Involving Activision Blizzard, Inc.",-0.988,0.048,0.8,0.151
9,"INVESTOR ALERT BY FORMER LOUISIANA ATTORNEY GENERAL: Class Action Lawsuits filed on behalf of ANVS, ATVI, SESN, ZY Investors, Lead Plaintiff Deadlines Set",-0.837,0.07,0.846,0.084
10,"The Gross Law Firm Announces Class Actions on Behalf of Shareholders of LOTZ, AHCO and ATVI",-0.988,0.079,0.793,0.128
