﻿,Titles,Polarity,Positive,Neutral,Negative
0,"HAGENS BERMAN, NATIONAL TRIAL ATTORNEYS, Encourages Activision Blizzard (ATVI) Investors with Significant Losses to Contact Firm’s Attorneys Now, Securities Fraud Case Filed, SEC Investigating",-0.491,0.091,0.82,0.089
1,"HAGENS BERMAN, NATIONAL TRIAL ATTORNEYS, Encourages Activision Blizzard (ATVI) Investors with Significant Losses to Contact Firm’s Attorneys Now, Securities Fraud Case Filed, SEC Investigating",-0.61,0.091,0.817,0.093
2,"The Klein Law Firm Reminds Investors of Class Actions on Behalf of Shareholders of OTLY, AHCO and ATVI",-0.994,0.059,0.798,0.143
3,Activision Deadline Alert,0.764,0.112,0.794,0.095
4,Activision Says the SEC Is Probing Its Workplace Issues,-0.899,0.055,0.866,0.079
5,UPDATE 1-U.S. securities regulator probes Activision over workplace practices - WSJ,-0.836,0.044,0.879,0.076
6,U.S. securities regulator probes Activision over workplace practices - WSJ,-0.836,0.046,0.874,0.08
7,U.S. securities regulator probing Activision over workplace practices - WSJ,0.681,0.08,0.92,0.0
8,"LAWSUITS FILED AGAINST CRMD, ATVI and YALA - Jakubowitz Law Pursues Shareholders Claims",-0.988,0.062,0.813,0.125
9,"CLASS ACTION UPDATE for OTLY, ARDX and ATVI: Levi &amp; Korsinsky, LLP Reminds Investors of Class Actions on Behalf of Shareholders",-0.989,0.045,0.847,0.108
10,ATVI Investor Alert: Class Action Lawsuit Filed,-0.63,0.067,0.851,0.082
11,"The Crush is On! Khloé Kardashian To Host First Ever Candy Crush All Stars U.S. Tournament, Launching September 23",0.998,0.128,0.828,0.044
12,"ATVI ALERT - Nationally Ranked Shareholder Rights Firm Labaton Sucharow is Investigating Activision Blizzard, Inc. (NASDAQ:ATVI) for Potential Securities Violations and Breach of Fiduciary Duty",0.273,0.093,0.83,0.077
13,SHAREHOLDER ALERT: ATVI KPLT SAVA: The Law Offices of Vincent Wong Reminds Investors of Important Class Action Deadlines,-0.965,0.077,0.812,0.111
14,"SHAREHOLDER ACTION ALERT: The Schall Law Firm Reminds Investors of a Class Action Lawsuit Against Activision Blizzard, Inc. and Encourages Investors with Losses in Excess of $100,000 to Contact the Firm",-0.972,0.063,0.817,0.121
