﻿,Titles,Polarity,Positive,Neutral,Negative
0,"Quality assurance workers at Activision Blizzard subsidiary unionize, a first at a major U.S. gaming company",0.899,0.07,0.876,0.054
1,Activision Blizzard Employees Win Union Vote,0.422,0.073,0.884,0.044
2,Workers at Activision Blizzard-owned game publisher vote to unionize,0.637,0.191,0.809,0.0
3,Activision Union Gets Legal Recognition in Gaming First,0.965,0.089,0.853,0.057
4,UPDATE 1-Workers at 'Call of Duty' creator Activision Blizzard vote to join union,0.995,0.129,0.85,0.021
5,Workers at 'Call of Duty' creator Activision Blizzard vote to join union,0.995,0.128,0.852,0.021
6,Workers at 'Call of Duty' creator Activision Blizzard vote to join union,0.982,0.113,0.882,0.005
7,"UPDATE 2-Videogame publisher Activision illegally threatened staff, U.S. agency says",0.861,0.071,0.887,0.042
8,"Videogame publisher Activision illegally threatened staff, U.S. agency says",0.821,0.073,0.875,0.052
9,"Activision Illegally Threatened Staff, Labor Officials Find",-0.891,0.054,0.875,0.07
10,Electronic Arts Stock Jumps On Report of Takeover Interest In FIFA Video Game Maker,-0.402,0.0,0.903,0.097
11,Billionaire George Soros is Selling These 10 Stocks in 2022,0.999,0.099,0.88,0.021
12,EA Stock Rises on Reports the Videogame Maker is Pursuing a Sale or Merger,0.092,0.055,0.908,0.037
