﻿,Titles,Polarity,Positive,Neutral,Negative
0,"SHAREHOLDER ALERT: Levi &amp; Korsinsky, LLP Notifies Shareholders of Activision Blizzard, Inc. of a Class Action Lawsuit and a Lead Plaintiff Deadline of October 4, 2021 - ATVI",0.807,0.097,0.825,0.078
1,"ATVI INVESTOR ALERT: Bernstein Liebhard LLP Announces that a Securities Class Action Lawsuit Has Been Filed Against Activision Blizzard, Inc.",0.986,0.132,0.795,0.074
2,"The Gross Law Firm Announces Class Actions on Behalf of Shareholders of SRAC, ATHA and ATVI",-0.983,0.083,0.801,0.116
3,Why Activision Blizzard Stock Bounced Higher on Wednesday,0.44,0.157,0.74,0.102
4,"ACTIVISION BLIZZARD SHAREHOLDER ALERT by Former Louisiana Attorney General: Kahn Swick &amp; Foti, LLC Reminds Investors With Losses in Excess of $100,000 of Lead Plaintiff Deadline in Class Action Lawsuit Against Activision Blizzard, Inc. - ATVI",-0.947,0.085,0.798,0.117
5,"Shareholder Alert: Robbins LLP Announces that Activision Blizzard, Inc. (ATVI) is Being Sued for Misleading Shareholders",-0.912,0.077,0.819,0.104
6,10 Stocks Reddit is Piling Into Before Earnings,0.999,0.07,0.92,0.01
7,"CLASS ACTION UPDATE for SRAC, PLL and ATVI: Levi &amp; Korsinsky, LLP Reminds Investors of Class Actions on Behalf of Shareholders",-0.992,0.052,0.84,0.109
8,"INVESTOR ACTION NOTICE: The Schall Law Firm Reminds Investors of a Class Action Lawsuit Against Activision Blizzard, Inc. and Encourages Investors with Losses in Excess of $100,000 to Contact the Firm",-0.972,0.063,0.817,0.121
9,"ATVI Investor Alert: Bronstein, Gewirtz &amp; Grossman, LLC Notifies Activision Blizzard, Inc. Investors of Class Action and Encourages Investors to Contact the Firm",-0.973,0.075,0.798,0.127
10,SHAREHOLDER ALERT: SRAC JRVR ATVI: The Law Offices of Vincent Wong Reminds Investors of Important Class Action Deadlines,-0.991,0.058,0.824,0.117
11,"ATVI: ROSEN, FIRST FILING TO RANKED INVESTOR COUNSEL, Encourages Activision Blizzard, Inc. Investors with Losses Exceeding $100K to Secure Counsel Before Important Deadline In Class Action Seeking Recovery of Losses - ATVI",0.948,0.106,0.806,0.088
12,Why Activision Blizzard Slumped 12.5% in July,0.34,0.116,0.787,0.098
13,Activision Blizzard executives to leave company amid harassment lawsuit ,0.422,0.113,0.887,0.0
14,"SHAREHOLDER ACTION REMINDER: The Schall Law Firm Reminds Investors of a Class Action Lawsuit Against Activision Blizzard, Inc. and Encourages Investors with Losses in Excess of $100,000 to Contact the Firm",-0.967,0.067,0.815,0.119
15,"Bronstein, Gewirtz &amp; Grossman, LLC Reminds Investors of Activision Blizzard, Inc. (ATVI) Investigation",-0.925,0.072,0.814,0.114
16,Activision (ATVI) Q2 Earnings Up Y/Y on Steady Top-Line Growth,0.997,0.092,0.897,0.011
17,"The Klein Law Firm Reminds Investors of Class Actions on Behalf of Shareholders of BLCT, COIN and ATVI",-0.995,0.049,0.817,0.135
18,ACTIVISION BLIZZARD INVESTOR ALERT: Shareholder Lawsuit Filed,-0.796,0.061,0.857,0.083
19,"ATVI ALERT - Nationally Ranked Shareholder Rights Firm Labaton Sucharow is Investigating Activision Blizzard, Inc. (NASDAQ:ATVI) for Potential Securities Violations and Breach of Fiduciary Duty",0.44,0.091,0.838,0.071
20,Activision Blizzard (ATVI) Q2 2021 Earnings Call Transcript,0.0,0.0,1.0,0.0
21,Activision Stock Jumps After Earnings. It’s  Welcome Break From Lawsuits.,0.361,0.111,0.889,0.0
22,"GM,  Kraft Heinz Fall Premarket; Live Nation, Robinhood Rise",0.989,0.128,0.812,0.061
23,Activision Blizzard Stock Gains on Earnings as Analysts Look Past Harassment Suit,-0.459,0.086,0.719,0.194
24,"NYC Vaccine Mandate, Clarida Speech, ADP; GM Earnings - What's Moving Markets",-0.988,0.047,0.871,0.082
25,"CLASS ACTION UPDATE for RLX, HMPT and ATVI: Levi &amp; Korsinsky, LLP Reminds Investors of Class Actions on Behalf of Shareholders",-0.98,0.046,0.863,0.091
26,"ATVI INVESTOR NOTICE: ROSEN, NATIONAL TRIAL LAWYERS, Files Securities Class Action Lawsuit Against Activision Blizzard, Inc.; Encourages Investors with Losses Exceeding $100K to Contact Firm - ATVI",0.113,0.099,0.804,0.097
27,"ACTIVISION BLIZZARD ALERT: Bragar Eagel &amp; Squire, P.C. Announces That a Class Action Lawsuit Has Been Filed Against Activision Blizzard, Inc. and Encourages Investors to Contact the Firm",-0.961,0.069,0.824,0.107
