﻿,Titles,Polarity,Positive,Neutral,Negative
0,Activision Deadline Alert,0.764,0.112,0.794,0.095
1,"ATVI ALERT: The Klein Law Firm Announces a Lead Plaintiff Deadline of October 4, 2021 in the Class Action Filed on Behalf of Activision Blizzard, Inc. Limited Shareholders",-0.974,0.077,0.797,0.126
2,"ATVI 4-DAY DEADLINE ALERT: Hagens Berman Alerts Activision Blizzard (ATVI) Investors to Application Deadline in Securities Fraud Class Action, Encourages Investors with $100K+ Losses to Contact Firm's Attorney Now",-0.835,0.093,0.801,0.106
3,"MONDAY DEADLINE ALERT - Labaton Sucharow is Investigating Activision Blizzard, Inc. (NASDAQ:ATVI) for Potential Securities Violations and Breach of Fiduciary Duty",0.273,0.093,0.83,0.077
4,"ATVI Deadline Alert: Bronstein, Gewirtz &amp; Grossman, LLC Reminds Activision Blizzard, Inc. Investors of Class Action and Lead Plaintiff Deadline: October 4, 2021",-0.973,0.075,0.796,0.129
5,Electronic Arts (EA) Announces Expanded FIFA ESPORTS Program,0.996,0.116,0.875,0.01
6,"LAWSUITS FILED AGAINST ATVI, ITRM and WDH - Jakubowitz Law Pursues Shareholders Claims",-0.992,0.063,0.819,0.119
7,"MONDAY DEADLINE NOTICE: The Schall Law Firm Reminds Investors of a Class Action Lawsuit Against Activision Blizzard, Inc. and Encourages Investors with Losses in Excess of $100,000 to Contact the Firm",-0.972,0.063,0.817,0.121
8,"ATVI LAWSUIT: The Law Offices of Vincent Wong Notify Investors of a Class Action Lawsuit Involving Activision Blizzard, Inc.",-0.988,0.048,0.801,0.151
9,"SHAREHOLDER ALERT: Pomerantz Law Firm Investigates Claims On Behalf of Investors of Activision Blizzard, Inc. - ATVI",-0.943,0.099,0.762,0.139
10,"ATVI, SAVA, ZY INVESTOR ALERT: CLAIMSFILER REMINDS SHAREHOLDERS of Lead Plaintiff Deadline in Class Action Lawsuits",0.978,0.152,0.795,0.052
11,"MONDAY DEADLINE REMINDER - Labaton Sucharow is Investigating Activision Blizzard, Inc. (NASDAQ:ATVI) for Potential Securities Violations and Breach of Fiduciary Duty",0.273,0.093,0.83,0.077
