﻿,Titles,Polarity,Positive,Neutral,Negative
0,"Activision Blizzard, Inc (ATVI) Outpaces Stock Market Gains: What You Should Know",0.993,0.099,0.895,0.006
1,Microsoft’s Activision Deal Could Be Entering Its ‘Final Stage’. How to Cash In.,0.44,0.155,0.794,0.051
2,An Iconic Villain Reborn—World of Warcraft®: Wrath of the Lich King Classic™ Launches September 26,0.996,0.109,0.842,0.049
3,Activison stock upgraded on ‘increasingly compelling’ merger-arbitrage opportunity,0.519,0.146,0.8,0.054
4,"Activision Blizzard, Inc (ATVI) Expected to Beat Earnings Estimates: Can the Stock Move Higher?",0.999,0.134,0.821,0.045
5,Why Microsoft Put an End to Minecraft's NFT Games,0.149,0.102,0.812,0.086
