﻿,Titles,Polarity,Positive,Neutral,Negative
0,Activision Shareholder Alert,0.764,0.112,0.794,0.095
1,"SHAREHOLDER ALERT: Levi &amp; Korsinsky, LLP Notifies Shareholders of Activision Blizzard, Inc. of a Class Action Lawsuit and a Lead Plaintiff Deadline of October 4, 2021 - ATVI",0.807,0.097,0.825,0.078
2,Is policing sexual harassment the SEC’s job? Agency probe of Activision allegations ramps up debate,0.671,0.213,0.733,0.054
3,Blizzard Executive Overseeing Hit Game Is Leaving,0.923,0.071,0.882,0.047
4,"SHAREHOLDER ALERT BY FORMER LOUISIANA ATTORNEY GENERAL: KSF REMINDS ATVI, SESN, WDH INVESTORS of Lead Plaintiff Deadline in Class Action Lawsuits",-0.746,0.065,0.859,0.076
5,Why Activision Blizzard Shares Are Trading Lower Today,0.487,0.048,0.928,0.024
6,"The Klein Law Firm Reminds Investors of Class Actions on Behalf of Shareholders of ATVI, ZY and HNST",-0.992,0.062,0.811,0.127
7,GameStop stock is enduring an awful September,0.979,0.106,0.845,0.05
8,"HAGENS BERMAN, NATIONAL TRIAL ATTORNEYS, Encourages Activision Blizzard (ATVI) Investors with Significant Losses to Contact Firm's Attorneys Now, Securities Fraud Case Filed, SEC Investigating",-0.398,0.094,0.815,0.091
9,Activision Is Getting Investigated By SEC. Here’s What It Means For The Stock.,0.0,0.0,1.0,0.0
10,"CLASS ACTION UPDATE for PLL, ATVI and LIVE: Levi &amp; Korsinsky, LLP Reminds Investors of Class Actions on Behalf of Shareholders",-0.979,0.061,0.843,0.096
11,"ATVI ALERT - Nationally Ranked Shareholder Rights Firm Labaton Sucharow is Investigating Activision Blizzard, Inc. (NASDAQ:ATVI) for Potential Securities Violations and Breach of Fiduciary Duty",0.273,0.093,0.83,0.077
12,Why Activision Blizzard Stock Is Under Pressure Today,0.993,0.16,0.769,0.072
13,SEC opens investigation into Activision Blizzard,-0.494,0.0,0.906,0.094
14,4 Stocks I'm Watching This Week as Potential Buys,0.25,0.077,0.923,0.0
15,"The Gross Law Firm Announces Class Actions on Behalf of Shareholders of PLL, ATVI and KPLT",-0.991,0.07,0.8,0.13
16,Is It Too Late to Get in on This Growth Stock?,0.805,0.096,0.888,0.016
17,"SHAREHOLDER ACTION REMINDER: The Schall Law Firm Reminds Investors of a Class Action Lawsuit Against Activision Blizzard, Inc. and Encourages Investors with Losses in Excess of $100,000 to Contact the Firm",-0.972,0.063,0.817,0.121
18,Activision says working with regulators to address workplace complaints,-0.92,0.057,0.811,0.132
19,UPDATE 1-Activision says working with regulators to address workplace complaints,-0.92,0.055,0.818,0.127
20,Activision Blizzard cooperating with SEC investigation into workplace complaints,0.527,0.135,0.81,0.054
21,Activision continues to work with regulators to address workplace complaints,0.296,0.094,0.863,0.043
22,China Has the Means to Contain Evergrande. The Question Is the Will.,0.103,0.163,0.688,0.15
23,"LAWSUITS FILED AGAINST ATVI, KPLT and WDH - JAKUBOWITZ LAW PURSUES SHAREHOLDERS CLAIMS",-0.989,0.069,0.813,0.117
24,"SHAREHOLDER ALERT: CLAIMSFILER REMINDS ATVI, ZY INVESTORS of Lead Plaintiff Deadline in Class Action Lawsuits",0.982,0.157,0.802,0.042
25,"ATVI INVESTOR ALERT: ROSEN, NATIONAL TRIAL LAWYERS, Encourages Activision Blizzard, Inc. Investors with Losses Exceeding $100K to Secure Counsel Before Important October 4 Deadline in Securities Class Action First Filed by Firm - ATVI",0.922,0.099,0.825,0.077
