﻿,Titles,Polarity,Positive,Neutral,Negative
0,"ATVI ALERT: The Klein Law Firm Announces a Lead Plaintiff Deadline of October 4, 2021 in the Class Action Filed on Behalf of Activision Blizzard, Inc. Limited Shareholders",-0.974,0.077,0.797,0.126
1,"INVESTOR ACTION NOTICE: The Schall Law Firm Reminds Investors of a Class Action Lawsuit Against Activision Blizzard, Inc. and Encourages Investors with Losses in Excess of $100,000 to Contact the Firm",-0.972,0.063,0.817,0.121
2,"The Klein Law Firm Reminds Investors of Class Actions on Behalf of Shareholders of COIN, ATVI and ZY",-0.995,0.049,0.821,0.13
3,"ATVI Investor Alert: Bronstein, Gewirtz &amp; Grossman, LLC Reminds Activision Blizzard, Inc. Shareholders of Class Action and Encourages Shareholders to Contact the Firm",-0.973,0.075,0.797,0.128
4,"ATVI ALERT - Nationally Ranked Shareholder Rights Firm Labaton Sucharow is Investigating Activision Blizzard, Inc. (NASDAQ:ATVI) for Potential Securities Violations and Breach of Fiduciary Duty",0.273,0.093,0.83,0.077
5,"Lawsuits Filed Against SRAC, QFIN and ATVI - Jakubowitz Law Pursues Shareholders Claims",-0.991,0.068,0.804,0.128
6,"SHAREHOLDER ACTION ALERT: The Schall Law Firm Reminds Investors of a Class Action Lawsuit Against Activision Blizzard, Inc. and Encourages Investors with Losses in Excess of $100,000 to Contact the Firm",-0.967,0.067,0.815,0.119
7,1 Reason Electronic Arts Is a Screaming Buy,0.715,0.107,0.864,0.029
8,SHAREHOLDER ALERT: ATHA RKT ATVI: The Law Offices of Vincent Wong Reminds Investors of Important Class Action Deadlines,-0.978,0.072,0.82,0.108
9,"FILING DEADLINE--Kuznicki Law PLLC Announces Class Actions on Behalf of Shareholders of ATVI, COIN, DIDI and LOTZ",0.283,0.104,0.809,0.087
