﻿,Titles,Polarity,Positive,Neutral,Negative
0,‘We will not return to silence’: Activision Blizzard workers walk out over toxic workplace culture,-0.44,0.0,0.878,0.122
1,"SHAREHOLDER ALERT: Pomerantz Law Firm Investigates Claims On Behalf of Investors of Activision Blizzard, Inc. - ATVI",-0.943,0.099,0.762,0.139
2,Activision Investor Alert,-0.778,0.102,0.774,0.124
3,"Bronstein, Gewirtz &amp; Grossman, LLC Notifies Shareholders of Activision Blizzard, Inc. (NASDAQ:ATVI) Investigation",-0.925,0.072,0.814,0.114
4,"Activision Blizzard Employees Strike, Fans Call for Boycott",-0.014,0.092,0.803,0.105
5,Activision Blizzard lashed out when accused of sexism. Workers don't like that response,-0.954,0.042,0.88,0.078
6,"INVESTIGATION REMINDER: The Schall Law Firm Announces it is Investigating Claims Against Activision Blizzard, Inc. and Encourages Investors with Losses to Contact the Firm",-0.949,0.058,0.824,0.118
7,"Deutsche Bank tops estimates, Barclays pays out more to shareholders, Activision Blizzard worker protest",-0.898,0.072,0.685,0.242
8,Thornton Law Firm Announces Investigation Into ATVI,-0.852,0.077,0.829,0.094
9,"ATVI ALERT - Nationally Ranked Shareholder Rights Firm Labaton Sucharow is Investigating Activision Blizzard, Inc. (NASDAQ:ATVI) for Potential Securities Violations and Breach of Fiduciary Duty",0.44,0.091,0.838,0.071
10,"Activision Blizzard, Inc.'s (NASDAQ:ATVI) Institutional Shareholders Should Provide Some Stability Amid Harassment Allegations",0.99,0.101,0.829,0.07
11,"Blizzard, Inc. Investors: Company Investigated by the Portnoy Law Firm",-0.66,0.084,0.831,0.085
12,"Activision Blizzard CEO admits ‘tone deaf’ response to allegations, ahead of employee walkout",0.0,0.0,1.0,0.0
13,A Letter From CEO Bobby Kotick to All Employees,0.999,0.176,0.783,0.041
