﻿,Titles,Polarity,Positive,Neutral,Negative
0,"ATVI ALERT: The Klein Law Firm Announces a Lead Plaintiff Deadline of October 4, 2021 in the Class Action Filed on Behalf of Activision Blizzard, Inc. Limited Shareholders",-0.974,0.077,0.797,0.126
1,Activision Shareholder Notice,0.764,0.112,0.793,0.095
2,ATVI Investor Alert: Shareholder Lawsuit Filed,-0.63,0.067,0.851,0.082
3,"The Klein Law Firm Reminds Investors of Class Actions on Behalf of Shareholders of QFIN, AHCO and ATVI",-0.995,0.051,0.805,0.144
4,"ROSEN, A LEADING INVESTOR RIGHTS LAW FIRM, Encourages Activision Blizzard, Inc. Investors with Losses Exceeding $100K to Secure Counsel Before Important October 4 Deadline in Securities Class Action Commenced by the Firm - ATVI",0.922,0.098,0.825,0.076
5,"CLASS ACTION UPDATE for ATVI, ITRM and PHG: Levi &amp; Korsinsky, LLP Reminds Investors of Class Actions on Behalf of Shareholders",-0.99,0.04,0.858,0.101
6,"LEAD PLAINTIFF DEADLINE ALERT: The Schall Law Firm Reminds Investors of a Class Action Lawsuit Against Activision Blizzard, Inc. and Encourages Investors with Losses in Excess of $100,000 to Contact the Firm",-0.972,0.063,0.817,0.121
7,"INVESTOR ACTION REMINDER: The Schall Law Firm Reminds Investors of a Class Action Lawsuit Against Activision Blizzard, Inc. and Encourages Investors with Losses in Excess of $100,000 to Contact the Firm",-0.967,0.067,0.814,0.119
8,SHAREHOLDER ALERT: COIN ATVI PHG: The Law Offices of Vincent Wong Reminds Investors of Important Class Action Deadlines,-0.992,0.04,0.844,0.116
9,"Bragar Eagel &amp; Squire, P.C. Reminds Investors That Class Action Lawsuits Have Been Filed Against CarLotz, Ardelyx, Activision Blizzard, and SelectQuote and Encourages Investors to Contact the Firm",-0.954,0.074,0.843,0.083
10,"Bragar Eagel &amp; Squire, P.C. Reminds Investors That Class Action Lawsuits Have Been Filed Against CarLotz, Ardelyx, Activision Blizzard, and SelectQuote and Encourages Investors to Contact the Firm",-0.954,0.074,0.843,0.083
11,"ATVI Investor Alert: Bronstein, Gewirtz &amp; Grossman, LLC Reminds Activision Blizzard, Inc. Shareholders of Class Action and Encourages Shareholders to Contact the Firm",-0.973,0.077,0.792,0.131
12,"ATVI ALERT - Nationally Ranked Shareholder Rights Firm Labaton Sucharow is Investigating Activision Blizzard, Inc. (NASDAQ:ATVI) for Potential Securities Violations and Breach of Fiduciary Duty",0.273,0.093,0.83,0.077
13,"ATVI Investor Alert: Bronstein, Gewirtz &amp; Grossman, LLC Reminds Activision Blizzard, Inc. Shareholders of Class Action and Encourages Shareholders to Contact the Firm",-0.973,0.076,0.794,0.13
14,"SHAREHOLDER ALERT: Levi &amp; Korsinsky, LLP Notifies Shareholders of Activision Blizzard, Inc. of a Class Action Lawsuit and a Lead Plaintiff Deadline of October 4, 2021 - ATVI",0.807,0.097,0.825,0.078
15,"SHAREHOLDER ALERT BY FORMER LOUISIANA ATTORNEY GENERAL: KSF REMINDS ANVS, ATVI, SESN, ZY INVESTORS of Lead Plaintiff Deadline in Class Action Lawsuits",-0.837,0.07,0.846,0.084
