﻿,Titles,Polarity,Positive,Neutral,Negative
0,13 Stocks to Buy Amid Rising Inflation,1.0,0.131,0.848,0.021
1,13 Stocks to Buy Amid Rising Inflation,1.0,0.131,0.848,0.021
2,Better Buy: Sea Limited vs. Activision Blizzard,0.026,0.092,0.801,0.106
3,Better Buy: Sea Limited vs. Activision Blizzard,0.026,0.092,0.801,0.106
4,4 Stocks to Make the Most of Solid Demand for Mobile Gaming,0.999,0.156,0.838,0.006
5,4 Stocks to Make the Most of Solid Demand for Mobile Gaming,0.999,0.156,0.838,0.006
6,"Even after Biden tax hike, U.S. firms would pay less than foreign rivals",0.999,0.112,0.846,0.042
7,"Even after Biden tax hike, U.S. firms would pay less than foreign rivals",0.999,0.112,0.846,0.042
8,"INSIGHT-Even after Biden tax hike, US firms would pay less than foreign rivals",0.999,0.112,0.846,0.042
9,"INSIGHT-Even after Biden tax hike, US firms would pay less than foreign rivals",0.999,0.112,0.846,0.042
