﻿,Titles,Polarity,Positive,Neutral,Negative
0,"SHAREHOLDER ALERT: The Gross Law Firm Notifies Shareholders of Activision Blizzard, Inc. of a Class Action Lawsuit and a Lead Plaintiff Deadline of October 4, 2021 - (ATVI)",-0.99,0.079,0.781,0.14
1,Activision Shareholder Alert,0.764,0.112,0.794,0.095
2,"ATVI INVESTOR OCTOBER 4, 2021 FILING DEADLINE: Bernstein Liebhard LLP Reminds Investors of the Deadline to File a Lead Plaintiff Motion in a Securities Class Action Lawsuit Against Activision Blizzard, Inc.",0.986,0.131,0.796,0.073
3,"HAGENS BERMAN, NATIONAL TRIAL ATTORNEYS, Encourages Activision Blizzard (ATVI) Investors with Significant Losses to Contact Firm's Attorneys Now, Securities Fraud Class Action Pending",-0.398,0.094,0.815,0.091
4,"ATVI LAWSUIT: The Law Offices of Vincent Wong Notify Investors of a Class Action Lawsuit Involving Activision Blizzard, Inc.",-0.988,0.048,0.801,0.151
5,"ATVI ALERT - Nationally Ranked Shareholder Rights Firm Labaton Sucharow is Investigating Activision Blizzard, Inc. (NASDAQ:ATVI) for Potential Securities Violations and Breach of Fiduciary Duty",0.273,0.093,0.83,0.077
6,"ATVI ALERT: The Klein Law Firm Announces a Lead Plaintiff Deadline of October 4, 2021 in the Class Action Filed on Behalf of Activision Blizzard, Inc. Limited Shareholders",-0.974,0.077,0.797,0.126
7,The Gates of Hell are Open: Diablo® II: Resurrected™ Now Live,0.997,0.123,0.852,0.025
8,"Shareholder Alerts: ARDX &amp; ATVI Class Actions and Upcoming Deadlines - Bronstein, Gewirtz &amp; Grossman LLC",-0.982,0.054,0.835,0.111
9,"SHAREHOLDER ALERT: Levi &amp; Korsinsky, LLP Notifies Shareholders of Activision Blizzard, Inc. of a Class Action Lawsuit and a Lead Plaintiff Deadline of October 4, 2021 - ATVI",0.807,0.097,0.825,0.078
10,"INVESTOR ACTION ALERT: The Schall Law Firm Reminds Investors of a Class Action Lawsuit Against Activision Blizzard, Inc. and Encourages Investors with Losses in Excess of $100,000 to Contact the Firm",-0.972,0.063,0.817,0.121
11,"LAWSUITS FILED AGAINST ATVI, SESN and HNST - JAKUBOWITZ LAW PURSUES SHAREHOLDERS CLAIMS",-0.992,0.071,0.797,0.132
12,"INVESTOR ALERT BY FORMER LOUISIANA ATTORNEY GENERAL: Class Action Lawsuits filed on behalf of ATVI, ZY Investors, Lead Plaintiff Deadlines Set",-0.577,0.064,0.866,0.07
13,"INVESTOR ALERT - Labaton Sucharow is Investigating Activision Blizzard, Inc. (NASDAQ:ATVI) for Potential Securities Violations and Breach of Fiduciary Duty",0.273,0.093,0.83,0.077
