﻿,Titles,Polarity,Positive,Neutral,Negative
0,"Activision Blizzard, Inc (ATVI) Stock Sinks As Market Gains: What You Should Know",0.988,0.093,0.88,0.027
1,"SHAREHOLDER ALERT: Scott+Scott Attorneys at Law LLP Investigates Activision Blizzard, Inc.’s Directors and Officers for Breach of Fiduciary Duties – ATVI",0.669,0.103,0.821,0.076
2,"SHAREHOLDER ALERT: Scott+Scott Attorneys at Law LLP Investigates Activision Blizzard, Inc.’s Directors and Officers for Breach of Fiduciary Duties – ATVI",0.669,0.103,0.821,0.076
3,Activision Blizzard Staff Sign Petition Supporting Labor Lawsuit,-0.891,0.134,0.726,0.14
