﻿,Titles,Polarity,Positive,Neutral,Negative
0,"ATVI LAWSUIT: The Law Offices of Vincent Wong Notify Investors of a Class Action Lawsuit Involving Activision Blizzard, Inc.",-0.988,0.048,0.801,0.151
1,"ATVI ALERT - Nationally Ranked Shareholder Rights Firm Labaton Sucharow is Investigating Activision Blizzard, Inc. (NASDAQ:ATVI) for Potential Securities Violations and Breach of Fiduciary Duty",0.273,0.093,0.83,0.077
2,"INVESTOR ALERT BY FORMER LOUISIANA ATTORNEY GENERAL: Class Action Lawsuits filed on behalf of ATVI, COIN, DIDI, LOTZ Investors, Lead Plaintiff Deadlines Set",-0.88,0.071,0.841,0.088
3,"SHAREHOLDER ALERT: Levi &amp; Korsinsky, LLP Notifies Shareholders of Activision Blizzard, Inc. of a Class Action Lawsuit and a Lead Plaintiff Deadline of October 4, 2021 - ATVI",0.807,0.097,0.825,0.078
4,"SHAREHOLDER ACTION NOTICE: The Schall Law Firm Announces it is Investigating Claims Against Activision Blizzard, Inc. and Encourages Investors with Losses to Contact the Firm",-0.958,0.051,0.829,0.119
5,"ATVI ALERT - Nationally Ranked Shareholder Rights Firm Labaton Sucharow is Investigating Activision Blizzard, Inc. (NASDAQ:ATVI) for Potential Securities Violations and Breach of Fiduciary Duty",0.273,0.093,0.83,0.077
6,"ATVI Investor Alert: Bronstein, Gewirtz &amp; Grossman, LLC Reminds Activision Blizzard, Inc. Shareholders of Class Action and Encourages Shareholders to Contact the Firm",-0.973,0.076,0.793,0.131
7,"ATVI Investor Alert: Bronstein, Gewirtz &amp; Grossman, LLC Reminds Activision Blizzard, Inc. Shareholders of Class Action and Encourages Shareholders to Contact the Firm",-0.973,0.076,0.795,0.129
8,"INVESTOR ACTION NOTICE: The Schall Law Firm Announces it is Investigating Claims Against Activision Blizzard, Inc. and Encourages Investors with Losses to Contact the Firm",-0.949,0.058,0.824,0.118
9,Activision Blizzard Investor Alert: Class Action Lawsuit Filed,-0.63,0.067,0.851,0.082
10,"ATVI ALERT: The Klein Law Firm Announces a Lead Plaintiff Deadline of October 4, 2021 in the Class Action Filed on Behalf of Activision Blizzard, Inc. Limited Shareholders",-0.974,0.077,0.797,0.126
11,Activision Blizzard Earnings: Another Beat and Raise,0.527,0.149,0.737,0.114
12,Activision Blizzard (ATVI) Long-Term Investor Alert: Contact Johnson Fistel Regarding Investigation,0.18,0.093,0.826,0.081
13,"ATVI LAWSUIT FILED: Jakubowitz Law Pursues Claims on Behalf of Activision Blizzard, Inc. Shareholders",-0.974,0.081,0.77,0.149
14,"SHAREHOLDER ALERT: CLAIMSFILER REMINDS ATVI, COIN, DIDI, LOTZ INVESTORS of Lead Plaintiff Deadline in Class Action Lawsuits",0.97,0.147,0.786,0.068
15,Activision Shareholder Notice,-0.778,0.102,0.774,0.124
16,"SHAREHOLDER ALERT: Pomerantz Law Firm Investigates Claims On Behalf of Investors of Activision Blizzard, Inc. - ATVI",-0.914,0.098,0.775,0.127
