﻿,Titles,Polarity,Positive,Neutral,Negative
0,"D.B. Root &amp; Company, LLC Buys JPMorgan Core Plus Bond ETF, Barrick Gold Corp, Harsco Corp, ...",0.996,0.06,0.932,0.008
1,EA Revenue Forecast Misses Estimates After Battlefield Flop,0.88,0.092,0.822,0.086
2,"Gaming acquisitions: Sony ‘vastly overpaid’ for Bungie, analyst says",0.743,0.154,0.846,0.0
3,"Tiaa, Fsb Buys iShares MBS ETF, Palo Alto Networks Inc, Oracle Corp, Sells Altria Group Inc, ...",0.998,0.079,0.916,0.005
4,"Traynor Capital Management, Inc. Buys Advanced Micro Devices Inc, Vale SA, Intuitive Surgical ...",0.996,0.057,0.938,0.005
5,"Capital Investment Advisory Services, LLC Buys WisdomTree U.S. ...",0.995,0.044,0.949,0.007
6,Activision (ATVI) to Report Q4 Earnings: What's in Store?,0.997,0.129,0.86,0.011
7,Microsoft’s Activision deal will be subject to FTC review: report,0.0,0.0,1.0,0.0
8,"SHAREHOLDER NOTICE: Halper Sadeh LLP Investigates EXTN, ASPA, NEOG, ATVI",0.977,0.125,0.821,0.054
9,5 Stocks in S&amp;P 500 ETF That Gained Double Digits in January,0.999,0.147,0.832,0.021
10,"Wakefield Asset Management LLLP Buys ProShares Short S&amp;P500, Regeneron Pharmaceuticals Inc, ...",0.999,0.109,0.887,0.004
11,"Microsoft Falls on Report FTC, and Not DoJ, Will Review Activision Deal",0.86,0.07,0.897,0.033
12,Sony Gains on Buying Destiny-Owner Bungie for $3.6 Billion,0.977,0.103,0.873,0.024
13,UPDATE 2-U.S. FTC to review Microsoft's $68.7 bln deal for Activision - Bloomberg News,0.937,0.068,0.909,0.022
14,U.S. FTC to review Microsoft's $68.7 billion deal for Activision - Bloomberg News,0.937,0.07,0.908,0.023
