﻿,Titles,Polarity,Positive,Neutral,Negative
0,UPDATE 1-Workers at Activision Blizzard-owned studio say they have formed union,0.988,0.122,0.846,0.032
1,Workers at Activision Blizzard-owned game studio Raven Software vote to unionize,0.989,0.081,0.882,0.037
2,"Exane Asset Management Buys JPMorgan Chase, Stellantis NV, Airbnb Inc, Sells Linde PLC, ...",0.997,0.124,0.87,0.006
3,GameStop apes are all talk: Webull CEO,0.442,0.064,0.877,0.059
4,Can Microsoft acquisition cure Activision Blizzard’s toxic workplace?,-0.44,0.0,0.919,0.081
5,Why Activision Blizzard Stock Popped This Week,0.852,0.13,0.87,0.0
6,Workers at Activision Blizzard-owned studio Raven say they have formed union,0.988,0.123,0.845,0.032
7,Microsoft has ‘meaningful building blocks’ for the metaverse: Super League Gaming CEO,0.9,0.229,0.771,0.0
8,"Activision Employee Group Forms Union, a First in Video Games",0.475,0.07,0.873,0.057
9,Workers at Activision Blizzard-owned studio Raven say they have formed union,-0.459,0.028,0.915,0.058
10,Activision Union Efforts Grow As Microsoft Deal Heats Up,0.0,0.0,1.0,0.0
11,"Stock Market Enters Correction As Bond Yields, Oil Prices Soar; Microsoft Buys Activision, Netflix Dives: Weekly Review",0.402,0.185,0.711,0.104
12,2 Reasons Activision Shareholders Shouldn't Be Quick to Sell Ahead of a Microsoft Deal,0.834,0.318,0.682,0.0
13,"U.S. Capital Wealth Advisors, LLC Buys ClearShares Piton Intermediate Fixed Income ETF, ...",1.0,0.106,0.893,0.002
14,"Telos Capital Management, Inc. Buys Illumina Inc, United Parcel Service Inc, Newell Brands Inc, ...",0.995,0.059,0.937,0.004
15,"Bedrijfstakpensioenfonds Voor De Media Pno Buys ServiceNow Inc, The Home Depot Inc, Stryker ...",0.982,0.066,0.927,0.007
16,"Moore Kuehn Encourages ATVI, ZGNX, DNAC, and VHAQ Investors to Contact Law Firm",0.971,0.116,0.84,0.044
17,Microsoft is ready for its biggest antitrust battle in decades after Activision deal,0.265,0.062,0.887,0.051
18,Why Microsoft Shouldn't Have Bought Activision Blizzard,0.542,0.065,0.916,0.019
19,"Why the Sony Selloff Isn't Warranted, and Where It Heads Next",0.0,0.0,1.0,0.0
20,"Sciencast Management LP Buys Royal Caribbean Group, United Rentals Inc, AutoZone Inc, Sells ...",0.994,0.042,0.95,0.008
21,"FPA Crescent Fund Buys Activision Blizzard Inc, Amazon. ...",0.993,0.051,0.945,0.004
