﻿,Titles,Polarity,Positive,Neutral,Negative
0,"Old Second National Bank Of Aurora Buys iShares Core S&amp;P Mid-Cap ETF, Regeneron ...",0.995,0.051,0.946,0.003
1,7 Best Gaming Stocks for You to Play Now,0.999,0.105,0.873,0.022
2,Metaverse will disrupt human life — here are 7 companies that may win big,0.986,0.073,0.903,0.023
3,Activision’s Call of Duty Game Testers Plan Walkout Over Job Cuts,0.928,0.082,0.862,0.056
4,Should You Still Consider Investing in Activision Blizzard (ATVI)?,0.975,0.101,0.876,0.022
5,Girls Who Code CEO Tarika Barrett on what causes tech’s gender gap,-0.665,0.067,0.72,0.213
