﻿,Titles,Polarity,Positive,Neutral,Negative
0,"SHAREHOLDER ALERT: Lowey Dannenberg, P.C., Investigates Claims on Behalf of Investors of Activision Blizzard, Inc. and Encourages Investors Who Lost More than $100,000 to Contact the Firm",-0.785,0.08,0.823,0.097
1,"SHAREHOLDER ALERT: Lowey Dannenberg, P.C., Investigates Claims on Behalf of Investors of Activision Blizzard, Inc. and Encourages Investors Who Lost More than $100,000 to Contact the Firm",-0.785,0.08,0.823,0.097
2,"Earnings Preview: Activision Blizzard, Inc (ATVI) Q2 Earnings Expected to Decline",0.996,0.119,0.839,0.042
3,"INVESTIGATION ALERT: The Schall Law Firm Announces it is Investigating Claims Against Activision Blizzard, Inc. and Encourages Investors with Losses to Contact the Firm",-0.958,0.052,0.826,0.122
4,Why Activision Blizzard Is Tumbling Today,-0.772,0.078,0.75,0.171
5,Blizzard Employees Call For Strike After Discrimination Lawsuit,-0.943,0.064,0.835,0.102
6,"Shareholder Alert: Robbins LLP is Investigating Activision Blizzard, Inc. (ATVI) for Shareholders",-0.69,0.078,0.832,0.09
7,"ATVI INVESTOR ALERT: Rosen Law Firm Encourages Activision Blizzard, Inc. Investors with Losses to Inquire About Class Action Investigation – ATVI",0.984,0.126,0.814,0.06
8,Activision Blizzard stock drops as employees decry response to sexual harassment lawsuit,-0.625,0.101,0.75,0.149
9,Activision Blizzard Employees Plan Walkout Wednesday,-0.802,0.0,0.859,0.141
10,"SHAREHOLDER ALERT: Lowey Dannenberg Reminds Investors of its Investigation of Activision Blizzard, Inc. for Potential Breaches of Fiduciary Duty by Its Board of Directors",-0.863,0.06,0.833,0.106
11,"SHAREHOLDER ALERT: Lowey Dannenberg Reminds Investors of its Investigation of Activision Blizzard, Inc. for Potential Breaches of Fiduciary Duty by Its Board of Directors",-0.863,0.06,0.833,0.106
12,"Got $1,000? Here Are 3 Video Game Stocks to Buy Right Now",0.402,0.04,0.96,0.0
