﻿,Titles,Polarity,Positive,Neutral,Negative
0,Video Game Publisher EA Beats June-Quarter Targets But Guides Low,-0.422,0.0,0.887,0.113
1,Simon Sadler’s Segantii Capital is Bullish on These 10 Stocks,1.0,0.144,0.834,0.022
2,"Microsoft-Activision merger: ‘I think this deal closes,’ analyst says",0.999,0.157,0.81,0.033
3,"The Game is Afoot in the Newest Hearthstone® Expansion, Murder at Castle Nathria™",0.993,0.115,0.826,0.059
4,"Activision (ATVI) Q2 Earnings Beat Estimates, Revenues Decline",0.993,0.064,0.925,0.011
5,"Investors Put Forward More Proposals, Dialing Up Pressure on Companies",0.077,0.084,0.843,0.073
