﻿,Titles,Polarity,Positive,Neutral,Negative
0,"Ford Motor, Activision Blizzard, Apple: Stocks That Defined the Week",0.0,0.0,1.0,0.0
1,Five Overrated Growth Stocks to Avoid Now,0.999,0.163,0.759,0.078
2,"Apple speeds up autonomous car project, crypto group outbid for Constitution copy, Activision allegations draw Xbox concern",0.0,0.0,1.0,0.0
3,Activision Really Needs to Hit the Reset Button,0.361,0.181,0.734,0.085
4,Activision Blizzard is clinging to its embattled CEO,0.604,0.225,0.775,0.0
5,The Apple Car Is Coming and Tesla Had Better Watch Out,0.958,0.084,0.873,0.043
6,"Foot Locker, Applied Materials Fall Premarket; Intuit Rises",0.34,0.073,0.857,0.07
7,"Dems Spending Bill, Europe Lockdowns, Fed Speeches - What's Moving Markets",-0.915,0.049,0.888,0.064
8,"Activision Steadies After Fresh Slump on Pressure From Sony, Microsoft",-0.927,0.032,0.887,0.081
