﻿,Titles,Polarity,Positive,Neutral,Negative
0,Xbox Chief Says ‘Call of Duty’ Will Remain on PlayStation,0.94,0.086,0.89,0.024
1,Why GameStop Couldn't Hold Onto Its Gains Today,-0.586,0.034,0.906,0.06
2,Microsoft Jumps After Bullish Pre-Earnings Assessments,0.296,0.109,0.891,0.0
3,Microsoft (MSFT) Stakes Claim In Metaverse With $75 billion Activision Blizzard (ATVI) Purchase,0.979,0.106,0.889,0.005
4,"Penn Davis Mcfarland Inc Buys Lockheed Martin Corp, Activision Blizzard Inc, Despegar. ...",0.986,0.074,0.919,0.008
5,"‘Call of Duty’ will stay on Sony’s PlayStation console after Activision deal, Xbox boss promises",-0.34,0.05,0.851,0.099
6,Analysis-Microsoft faces challenge cleaning up Activision Blizzard’s culture,0.992,0.105,0.842,0.053
7,"With Activision Blizzard deal, Microsoft’s Game Pass is now a huge problem for Sony",0.979,0.078,0.888,0.035
8,What does the Microsoft-Activision deal mean for Sony?,0.625,0.141,0.859,0.0
9,"Herold Advisors, Inc. Buys Avantis International Equity ETF, Verizon Communications Inc, The ...",0.991,0.041,0.952,0.007
10,"Midwest Wealth Management Inc. Buys Elanco Animal Health Inc, Olin Corp, ConocoPhillips, Sells ...",0.999,0.134,0.859,0.007
11,Why GameStop Stock Is Rising Today,0.691,0.115,0.838,0.047
12,Microsoft 'pulled up a megayacht' for Activision Blizzard employees,0.958,0.1,0.83,0.07
13,Morgan Stanley Picks Sony As 'Research Tactical Idea',0.475,0.07,0.88,0.05
14,What the Microsoft-Activision mega deal means for Big Tech regulation,0.422,0.128,0.872,0.0
15,This Is the Best Thing to Happen to Activision,0.876,0.178,0.797,0.025
16,GameStop stock suffers another 7-day losing streak as Microsoft-Activision merger poses ‘walled garden’ risk,-0.296,0.072,0.784,0.144
17,3 Red Flags for Microsoft's Future,0.691,0.069,0.931,0.0
18,Microsoft Shows Meta Won’t Own the ‘Verse,0.0,0.0,1.0,0.0
19,Microsoft-Activision deal gives merger speculators a new darling,0.985,0.112,0.852,0.036
20,"Sony Expects Activision Games to Remain on PlayStation, WSJ Reports",0.911,0.076,0.888,0.036
21,UPDATE 1-World Bank chief takes swipe at Microsoft's $69 bln gaming deal as poor countries struggle,0.936,0.087,0.851,0.062
