﻿,Titles,Polarity,Positive,Neutral,Negative
0,"Hills Bank &amp; Trust Co Buys Vanguard FTSE Developed Markets ETF, WillScot Mobile Mini ...",0.999,0.12,0.875,0.005
1,"Markel Gayner Asset Management Corp Buys Activision Blizzard Inc, Dollar General Corp, ...",0.997,0.086,0.91,0.004
2,"Pzena Investment Management LLC Buys SS&amp;C Technologies Holdings Inc, Fresenius Medical Care ...",0.998,0.059,0.938,0.003
3,Skillz Stock is a Risky Speculative Play,0.999,0.148,0.802,0.051
4,7 Best Quantum Computing Stocks to Buy in 2022,0.999,0.095,0.889,0.016
5,"Pictet North America Advisors SA Buys Fidelity National Information Services Inc, Johnson ...",0.995,0.068,0.927,0.005
6,Microsoft’s Videogame Boss and the Long Battle to Reinvent the Company,0.0,0.0,1.0,0.0
7,Activision (ATVI) Q4 Earnings Rise Y/Y Despite Top-Line Decline,0.994,0.074,0.923,0.003
8,"Destination Wealth Management Buys Schwab US Aggregate Bond ETF, Global X Autonomous &amp; ...",0.999,0.116,0.882,0.002
9,"Cohen Capital Management, Inc. Buys Visa Inc, Butterfly Network Inc, Activision Blizzard Inc, ...",0.984,0.05,0.95,0.0
10,"Bank Hapoalim Bm Buys iShares MSCI ACWI Index Fund, SPDR S&amp;P Regional Banking ETF, First ...",0.997,0.063,0.93,0.007
11,"Resources Management Corp  Buys ViacomCBS Inc, PayPal Holdings Inc, XPO Logistics Inc, Sells ...",0.995,0.046,0.951,0.003
