﻿,Titles,Polarity,Positive,Neutral,Negative
0,My Take: 4 Strong Growth Stocks to Buy This Week,0.178,0.116,0.884,0.0
1,My Take: 4 Strong Growth Stocks to Buy This Week,0.178,0.116,0.884,0.0
2,Take Two (TTWO) Unveils Latest Kerbal Space Program for Consoles,0.998,0.138,0.836,0.026
3,Take Two (TTWO) Unveils Latest Kerbal Space Program for Consoles,0.998,0.138,0.836,0.026
4,Duke Energy Corporation (DUK) Fell Out Of Favor With Hedge Funds,0.999,0.14,0.835,0.025
5,Duke Energy Corporation (DUK) Fell Out Of Favor With Hedge Funds,0.999,0.14,0.835,0.025
6,Here is What Hedge Funds Think About PNC Financial Services Group Inc. (PNC),0.999,0.128,0.859,0.014
7,Here is What Hedge Funds Think About PNC Financial Services Group Inc. (PNC),0.999,0.128,0.859,0.014
