﻿,Titles,Polarity,Positive,Neutral,Negative
0,"MONDAY DEADLINE REMINDER - Labaton Sucharow is Investigating Activision Blizzard, Inc. (NASDAQ:ATVI) for Potential Securities Violations and Breach of Fiduciary Duty",0.273,0.093,0.83,0.077
1,ATVI INVESTOR ALERT: Class Action Lawsuit Deadline Approaching,-0.591,0.067,0.853,0.08
2,"SHAREHOLDER ALERT: Pomerantz Law Firm Investigates Claims On Behalf of Investors of Activision Blizzard, Inc. - ATVI",-0.914,0.098,0.775,0.127
3,"CLASS ACTION UPDATE for ATVI, ZY and ANVS: Levi &amp; Korsinsky, LLP Reminds Investors of Class Actions on Behalf of Shareholders",-0.986,0.048,0.848,0.104
4,"ATVI Final Deadline Monday: Rosen, Leading Investor Counsel, Encourages Activision Blizzard, Inc. Investors with Losses Exceeding $100K to Secure Counsel Before Important October 4 Deadline in Securities Class Action - ATVI",0.922,0.099,0.824,0.077
5,SHAREHOLDER ALERT: ATVI ZY VIEW: The Law Offices of Vincent Wong Reminds Investors of Important Class Action Deadlines,-0.992,0.044,0.835,0.122
6,"Monday Deadline Alert for Shareholders to Actively Participate in Activision Blizzard, Inc. (ATVI) Class Action- Bronstein, Gewirtz &amp; Grossman, LLC",-0.973,0.075,0.796,0.129
7,"DEADLINE ALERT - Nationally Ranked Shareholder Rights Firm Labaton Sucharow is Investigating Activision Blizzard, Inc. (NASDAQ:ATVI) for Potential Securities Violations and Breach of Fiduciary Duty",0.273,0.093,0.83,0.077
8,"ATVI 3-DAY DEADLINE ALERT: Hagens Berman Encourages Activision Blizzard (ATVI) Investors with $100K+ Losses to Contact Firm Now, Application Deadline Approaching in Securities Fraud Class Action",-0.88,0.088,0.807,0.106
9,"Activision Blizzard to Release Third Quarter 2021 Financial Results on November 2, 2021",0.996,0.155,0.819,0.026
10,"DEADLINE MONDAY ALERT: The Schall Law Firm Reminds Investors of a Class Action Lawsuit Against Activision Blizzard, Inc. and Encourages Investors with Losses in Excess of $100,000 to Contact the Firm",-0.972,0.063,0.817,0.121
11,"SHAREHOLDER ALERT: The Gross Law Firm Notifies Shareholders of Activision Blizzard, Inc. of a Class Action Lawsuit and a Lead Plaintiff Deadline of October 4, 2021 - (ATVI)",-0.99,0.079,0.781,0.14
12,"ATVI, HNST, SAM SHAREHOLDERS - ALERT BY FORMER LOUISIANA ATTORNEY GENERAL: Class Action lawsuits filed on behalf of Investors, Lead Plaintiff Deadlines Set",-0.465,0.074,0.852,0.074
13,"SHAREHOLDER ALERT: Levi &amp; Korsinsky, LLP Notifies Shareholders of Activision Blizzard, Inc. of a Class Action Lawsuit and a Lead Plaintiff Deadline of October 4, 2021 - ATVI",0.807,0.097,0.825,0.078
