﻿,Titles,Polarity,Positive,Neutral,Negative
0,"Activision (ATVI) Q1 Earnings Lag Estimates, Revenues Decline",0.991,0.067,0.922,0.012
1,Stock Market Today: Dow in Turnaround as Tech Dip Finds Buyers Ahead of Earnings,-0.975,0.05,0.841,0.109
2,Activision Misses Estimates on Lackluster Call of Duty,-0.994,0.061,0.805,0.134
3,"Activision Blizzard, Inc (ATVI) Q1 Earnings and Revenues Lag Estimates",0.994,0.09,0.895,0.015
4,Activision Blizzard’s Earnings Miss. Investors Care More About the Microsoft Merger.,-0.296,0.0,0.901,0.099
5,Activision Blizzard Posts an Earnings Miss. Investors Care More About Microsoft Merger.,-0.296,0.0,0.901,0.099
6,Activision Misses Earnings Estimates on Lackluster Call of Duty,-0.991,0.061,0.819,0.12
7,Diablo ® Immortal™ Unleashes Hell on Mobile and PC on June 2,0.999,0.126,0.841,0.033
8,Activision Blizzard Announces First Quarter 2022 Financial Results,1.0,0.11,0.845,0.046
9,Activision Blizzard Misses Earnings Expectations As 'Call of Duty' Demand Declines,-0.802,0.041,0.881,0.079
10,"Zacks Investment Ideas feature highlights: Apple, Amazon, Alphabet, Activision Blizzard and Microsoft",0.999,0.12,0.861,0.018
11,CEO-Bonus Scrutiny Grows as Millions Paid Out Even in Down Years,1.0,0.152,0.796,0.052
12,"Twitter, Coca-Cola, Penn National Gaming Rise Premarket; Philips Slumps",0.25,0.061,0.878,0.061
