﻿,Titles,Polarity,Positive,Neutral,Negative
0,"People are still playing a lot of videogames, but how much?",0.115,0.151,0.716,0.134
1,"ATVI ALERT: The Klein Law Firm Announces a Lead Plaintiff Deadline of October 4, 2021 in the Class Action Filed on Behalf of Activision Blizzard, Inc. Limited Shareholders",-0.974,0.077,0.797,0.126
2,"ATVI ALERT - Nationally Ranked Shareholder Rights Firm Labaton Sucharow is Investigating Activision Blizzard, Inc. (NASDAQ:ATVI) for Potential Securities Violations and Breach of Fiduciary Duty",0.273,0.093,0.83,0.077
3,"SHAREHOLDER ALERT: Levi &amp; Korsinsky, LLP Notifies Shareholders of Activision Blizzard, Inc. of a Class Action Lawsuit and a Lead Plaintiff Deadline of October 4, 2021 - ATVI",0.807,0.097,0.825,0.078
4,"SHAREHOLDER ALERT: Kaskela Law LLC Announces Class Action Lawsuit Against Activision Blizzard, Inc. (NASDAQ:ATVI) and Encourages Investors to Contact the Firm",-0.891,0.084,0.8,0.116
5,ATVI Investor Alert: Class Action Lawsuit Filed,-0.224,0.073,0.848,0.079
6,"ROSEN, RESPECTED INVESTOR COUNSEL, Files Securities Class Action Lawsuit Against Activision Blizzard, Inc.; Encourages Investors With Losses Over $100K to Contact Firm Before Important October 4 Deadline - ATVI",0.836,0.094,0.823,0.083
7,"LAWSUITS FILED AGAINST YMM, CRMD and ATVI - Jakubowitz Law Pursues Shareholders Claims",-0.985,0.065,0.823,0.113
8,"INVESTOR ACTION ALERT: The Schall Law Firm Reminds Investors of a Class Action Lawsuit Against Activision Blizzard, Inc. and Encourages Investors with Losses in Excess of $100,000 to Contact the Firm",-0.967,0.067,0.815,0.119
9,"The Klein Law Firm Reminds Investors of Class Actions on Behalf of Shareholders of OCGN, QFIN and ATVI",-0.996,0.047,0.805,0.148
10,"ATVI Investor Alert: Bronstein, Gewirtz &amp; Grossman, LLC Notifies Activision Blizzard, Inc. Shareholders of Class Action and Encourages Investors to Contact the Firm",-0.973,0.075,0.798,0.128
11,"ATVI CLASS ACTION DEADLINE: Bernstein Liebhard LLP Reminds Investors of the Deadline to File a Lead Plaintiff Motion in a Securities Class Action Lawsuit Against Activision Blizzard, Inc.",0.983,0.127,0.799,0.074
12,Blizzard Turned Game Developers Into Rock Stars. Misbehavior Followed,-0.989,0.083,0.823,0.095
13,"ATVI ALERT - Nationally Ranked Shareholder Rights Firm Labaton Sucharow is Investigating Activision Blizzard, Inc. (NASDAQ:ATVI) for Potential Securities Violations and Breach of Fiduciary Duty",0.273,0.093,0.83,0.077
14,"The Gross Law Firm Announces Class Actions on Behalf of Shareholders of ATHA, BZ and ATVI",-0.989,0.07,0.805,0.125
15,"SHAREHOLDER ACTION NOTICE: The Schall Law Firm Reminds Investors of a Class Action Lawsuit Against Activision Blizzard, Inc. and Encourages Investors with Losses in Excess of $100,000 to Contact the Firm",-0.972,0.063,0.817,0.121
16,"Activision Blizzard Investor Notice by Former Louisiana Attorney General: Kahn Swick &amp; Foti, LLC Reminds Investors of Lead Plaintiff Deadline in Class Action Lawsuit Against Activision Blizzard, Inc. - ATVI",-0.95,0.085,0.798,0.117
17,Activision Deadline Alert,0.764,0.112,0.793,0.095
