﻿,Titles,Polarity,Positive,Neutral,Negative
0,Activision Shareholder Alert,-0.778,0.102,0.774,0.124
1,"ATVI ALERT - Nationally Ranked Shareholder Rights Firm Labaton Sucharow is Investigating Activision Blizzard, Inc. (NASDAQ:ATVI) for Potential Securities Violations and Breach of Fiduciary Duty",0.273,0.093,0.83,0.077
2,"Beijing’s Big Tech, Refiner Crackdown Sends Clean Energy Stocks Flying",0.97,0.1,0.829,0.072
3,"Rise on Every Front, Call of Duty®: Vanguard to Launch November 5",-0.684,0.035,0.924,0.04
4,"ROSEN, A TOP RANKED LAW FIRM, Encourages Activision Blizzard, Inc. Investors With Losses Exceeding $100K to Secure Counsel Before Important October 4 Deadline in Securities Class Action Commenced by the Firm – ATVI",0.898,0.098,0.824,0.078
5,"ROSEN, A TOP RANKED LAW FIRM, Encourages Activision Blizzard, Inc. Investors With Losses Exceeding $100K to Secure Counsel Before Important October 4 Deadline in Securities Class Action Commenced by the Firm – ATVI",0.898,0.097,0.824,0.078
6,"The Klein Law Firm Reminds Investors of Class Actions on Behalf of Shareholders of OTLY, ATVI and LIVE",-0.985,0.076,0.807,0.117
7,"SHAREHOLDER ACTION ALERT: The Schall Law Firm Reminds Investors of a Class Action Lawsuit Against Activision Blizzard, Inc. and Encourages Investors with Losses in Excess of $100,000 to Contact the Firm",-0.967,0.067,0.815,0.119
8,"SHAREHOLDER ACTION ALERT: The Schall Law Firm Reminds Investors of a Class Action Lawsuit Against Activision Blizzard, Inc. and Encourages Investors with Losses in Excess of $100,000 to Contact the Firm",-0.972,0.063,0.817,0.121
9,"ATVI ALERT - Nationally Ranked Shareholder Rights Firm Labaton Sucharow is Investigating Activision Blizzard, Inc. (NASDAQ:ATVI) for Potential Securities Violations and Breach of Fiduciary Duty",0.273,0.093,0.83,0.077
10,"CLASS ACTION UPDATE for YMM, ATVI and PHG: Levi &amp; Korsinsky, LLP Reminds Investors of Class Actions on Behalf of Shareholders",-0.987,0.043,0.862,0.095
11,Best Stocks to Buy Now September 2021,0.999,0.188,0.793,0.019
12,"ATVI FILING DEADLINE: Bernstein Liebhard LLP Reminds Investors of the Deadline to File a Lead Plaintiff Motion in a Securities Class Action Lawsuit Against Activision Blizzard, Inc.",0.986,0.131,0.796,0.073
13,SHAREHOLDER ALERT: ATHA ATVI LIVE: The Law Offices of Vincent Wong Reminds Investors of Important Class Action Deadlines,-0.944,0.076,0.828,0.096
14,"SHAREHOLDER ALERT: CLAIMSFILER REMINDS ATHA, ATVI, RKT INVESTORS of Lead Plaintiff Deadline in Class Action Lawsuits",0.974,0.156,0.78,0.064
