﻿,Titles,Polarity,Positive,Neutral,Negative
0,"Activision Blizzard, Inc (ATVI) Stock Moves -0.19%: What You Should Know",0.986,0.084,0.894,0.021
1,World Bank chief takes swipe at Microsoft's $69 billion gaming deal as poor countries struggle,0.942,0.094,0.843,0.062
2,World Bank chief takes swipe at Microsoft's $69 bln gaming deal as poor countries struggle,0.942,0.093,0.845,0.062
3,Sony Stock Has Tumbled. Why Investors Are Worried About Microsoft’s Activision Deal.,-0.273,0.0,0.9,0.1
4,Metaverse barriers to entry are ‘rather high:’ CoinDesk Global Macro Editor,-0.148,0.05,0.909,0.04
5,Why Microsoft's Activision Blizzard deal could be bad for gamers,0.987,0.084,0.884,0.032
6,Microsoft's bid for Activision Blizzard comes with 2 big legal hurdles,-0.979,0.047,0.893,0.06
7,"Orser Capital Management, Llc Buys Zscaler Inc, Johnson Controls International PLC, Unity ...",0.987,0.05,0.935,0.015
8,Microsoft's Activision Acquisition: What Happens Next?,0.0,0.0,1.0,0.0
9,Facebook may be forced to respond to Microsoft's acquisition of Activision: analyst,0.385,0.048,0.918,0.034
10,GameStop stock sinks toward 11-month low as Microsoft-Activision merger poses ‘walled garden’ risk,-0.296,0.07,0.791,0.139
11,Microsoft-Activision deal expected to close in FY 2023,0.0,0.0,1.0,0.0
12,3 Key Questions About Microsoft’s Deal to Buy Activision—Including Who It Could Hurt,0.077,0.053,0.947,0.0
13,"Apple, Amazon, Disney Could Snatch Up Game Makers EA, Take-Two",0.422,0.045,0.955,0.0
14,SONY Stock: Why Sony Is Being Called a ‘Loser’ of the Microsoft-Activision Deal,-0.925,0.036,0.906,0.058
15,"S&amp;P 500 Ends Lower as Tech Recovery Fades, Banks Slump",0.802,0.081,0.856,0.063
16,5 ETFs to Cash in on Microsoft-Activision Deal,0.997,0.101,0.875,0.024
17,"Bobby Kotick, the Call of Duty billionaire forced to sell up by a sexual harassment bombshell",-0.978,0.05,0.879,0.071
18,"Microsoft 'is looking forward' with Activision Blizzard acquisition, analyst explains",0.999,0.12,0.851,0.029
19,The Metaverse Investment Playbook,0.998,0.115,0.872,0.013
20,"Sony stock slides after Microsoft deal, SoFi stock pops after U.S. regulator approves bank charter",0.996,0.112,0.868,0.02
21,"Beech Hill Advisors, Inc. Buys Block Inc, The Walt Disney Co, Activision Blizzard Inc, Sells ...",0.989,0.054,0.934,0.012
22,"Symphony Financial, Ltd. Co. Buys SPDR Portfolio S&amp;P 1500 Composite Stock Market ETF, ...",0.994,0.048,0.946,0.005
23,Why the Microsoft-Activision Merger Is Bad News for GameStop,-0.103,0.096,0.789,0.114
24,Are Options Traders Betting on a Big Move in Activision (ATVI) Stock?,0.984,0.097,0.877,0.025
25,Videogame Sales Continue to Thrive: 3 Solid Stocks to Buy,0.999,0.173,0.815,0.012
26,Sony Shares Fall Sharply After News of Microsoft Deal for Activision Blizzard,0.178,0.074,0.875,0.051
27,Microsoft’s Activision Bid Is a Hit With Wall Street. Here’s What Analysts Are Saying.,-0.128,0.094,0.789,0.116
28,Why Microsoft's Activision Blizzard deal could mean better games,0.947,0.105,0.814,0.081
29,Microsoft Is Becoming the Berkshire Hathaway of Tech,0.0,0.0,1.0,0.0
30,Activision Blizzard could be paid up to $3 billion if Microsoft buyout deal is terminated,0.34,0.041,0.924,0.035
31,"The Zacks Analyst Blog Highlights: Microsoft, Activision Blizzard, Tencent and Sony",0.998,0.117,0.866,0.017
32,The Microsoft-Activision Deal Is Far From Done. The Winners and Losers Are Already Emerging.,0.153,0.116,0.784,0.1
33,Microsoft buying Activision Blizzard could really hurt GameStop: analyst,0.866,0.067,0.898,0.035
34,7 Hyper-Growth Stocks That Could Melt Up in Q1,0.999,0.122,0.858,0.02
35,Sony Braces for Microsoft’s ‘Pay-to-Win’ Strategy,0.296,0.115,0.885,0.0
36,Sony Stock Falls as Pressure Builds to Match Microsoft In Future of Gaming,0.71,0.156,0.771,0.073
37,Wall Street Opens Higher As Market Recovers Nerve; Dow up 150 Pts,0.988,0.111,0.843,0.046
38,Saudi Fund’s Activision Bet to Get $1 Billion Microsoft Lift,0.958,0.104,0.844,0.052
39,Activision Blizzard's Deal With Microsoft Perks Up a Portfolio of Losers,-0.318,0.0,0.905,0.095
40,"Morgan Stanley, BofA Rise in Premarket After Earnings; Cisco Falls",0.805,0.084,0.864,0.051
41,Analysis-Sony faces deep-pocketed rivals in war over future of gaming,0.81,0.071,0.871,0.059
42,"""Inflation Everywhere"", P&amp;G Earnings, Sony in Shock - What's Moving Markets",-0.949,0.042,0.898,0.06
43,PRESS DIGEST- New York Times business news - Jan. 19,-0.681,0.063,0.856,0.081
44,Sony Slumps Most in 13 Years as Microsoft Goes for Call of Duty,0.912,0.081,0.889,0.03
45,"Microsoft Corporation -- Moody's affirms Microsoft Corporation's Aaa senior unsecured rating following announced acquisition of Activision Blizzard, Inc., outlook stable",1.0,0.133,0.808,0.06
46,Activision Misconduct Fallout Prompted Microsoft to Pursue Deal,0.909,0.065,0.886,0.049
47,Sony shares fall sharply in Japan after news of Microsoft deal for Activision,0.735,0.188,0.812,0.0
48,"Activision Blizzard, Inc. -- Moody's places Activision Blizzard's Baa1 senior unsecured ratings on review for upgrade",1.0,0.146,0.795,0.059
49,Sony Falls Most in Almost Two Years on Microsoft-Activision Deal,0.972,0.087,0.876,0.037
