﻿,Highest Category,Polarity,PosOrNeg
1/4/2021,Neutral,0.499,Positive
1/5/2021,Neutral,0.991,Positive
1/6/2021,Neutral,0.991,Positive
1/7/2021,Neutral,0.202,Positive
1/8/2021,Neutral,0.999,Positive
1/11/2021,Neutral,0.962,Positive
1/12/2021,Neutral,0.962,Positive
1/13/2021,Neutral,0.962,Positive
1/14/2021,Neutral,0.962,Positive
1/15/2021,Neutral,0.494,Positive
1/19/2021,Neutral,0.494,Positive
1/20/2021,Neutral,0.494,Positive
1/21/2021,Neutral,0.718,Positive
1/22/2021,Neutral,0.967,Positive
1/25/2021,Neutral,0.1476666666666667,Positive
1/26/2021,Neutral,0.987,Positive
1/27/2021,Neutral,0.9996,Positive
1/28/2021,Neutral,0.9996,Positive
1/29/2021,Neutral,0.9996,Positive
2/1/2021,Neutral,0.9996,Positive
2/2/2021,Neutral,0.727,Positive
2/3/2021,Neutral,0.727,Positive
2/4/2021,Neutral,0.6236666666666667,Positive
2/5/2021,Neutral,0.4637999999999999,Positive
2/8/2021,Neutral,0.998,Positive
2/9/2021,Neutral,0.0,Positive
2/10/2021,Neutral,0.0,Positive
2/11/2021,Neutral,0.0,Positive
2/12/2021,Neutral,0.0,Positive
2/16/2021,Neutral,0.75,Positive
2/17/2021,Neutral,0.983,Positive
2/18/2021,Neutral,0.983,Positive
2/19/2021,Neutral,0.983,Positive
2/22/2021,Neutral,0.983,Positive
2/23/2021,Neutral,0.997,Positive
2/24/2021,Neutral,0.997,Positive
2/25/2021,Neutral,0.951,Positive
2/26/2021,Neutral,0.951,Positive
3/1/2021,Neutral,0.951,Positive
3/2/2021,Neutral,0.92425,Positive
3/3/2021,Neutral,0.7453333333333334,Positive
3/4/2021,Neutral,0.7453333333333334,Positive
3/5/2021,Neutral,0.202,Positive
3/8/2021,Neutral,1.0,Positive
3/9/2021,Neutral,1.0,Positive
3/10/2021,Neutral,0.9943333333333332,Positive
3/11/2021,Neutral,0.9943333333333332,Positive
3/12/2021,Neutral,0.9943333333333332,Positive
3/15/2021,Neutral,1.0,Positive
3/16/2021,Neutral,0.8382,Positive
3/17/2021,Neutral,0.8135,Positive
3/18/2021,Neutral,0.8135,Positive
3/19/2021,Neutral,0.999,Positive
3/22/2021,Neutral,0.995,Positive
3/23/2021,Neutral,0.586,Positive
3/24/2021,Neutral,0.586,Positive
3/25/2021,Neutral,0.8815,Positive
3/26/2021,Neutral,0.8815,Positive
3/29/2021,Neutral,0.7575,Positive
3/30/2021,Neutral,0.997,Positive
3/31/2021,Neutral,0.998,Positive
4/1/2021,Neutral,0.998,Positive
4/2/2021,Neutral,0.998,Positive
4/5/2021,Neutral,0.557,Positive
4/6/2021,Neutral,0.557,Positive
4/7/2021,Neutral,0.998,Positive
4/8/2021,Neutral,0.989,Positive
4/9/2021,Neutral,0.989,Positive
4/12/2021,Neutral,0.999,Positive
4/13/2021,Neutral,0.999,Positive
4/14/2021,Neutral,0.9682857142857142,Positive
4/15/2021,Neutral,0.989,Positive
4/16/2021,Neutral,0.989,Positive
4/19/2021,Neutral,0.637,Positive
4/20/2021,Neutral,0.637,Positive
4/21/2021,Neutral,0.982,Positive
4/22/2021,Neutral,0.66625,Positive
4/23/2021,Neutral,0.4716666666666667,Positive
4/26/2021,Neutral,0.9056000000000001,Positive
4/27/2021,Neutral,0.995,Positive
4/28/2021,Neutral,-0.494,Negative
4/29/2021,Neutral,0.997,Positive
4/30/2021,Neutral,0.9239999999999999,Positive
5/3/2021,Neutral,0.5015000000000001,Positive
5/4/2021,Neutral,0.5224500000000001,Positive
5/5/2021,Neutral,0.7917857142857143,Positive
5/6/2021,Neutral,0.852,Positive
5/7/2021,Neutral,0.39199999999999996,Positive
5/10/2021,Neutral,0.8734999999999999,Positive
5/11/2021,Neutral,0.517,Positive
5/12/2021,Neutral,0.0,Positive
5/13/2021,Neutral,1.0,Positive
5/14/2021,Neutral,0.8705,Positive
5/17/2021,Neutral,0.859,Positive
5/18/2021,Neutral,0.992,Positive
5/19/2021,Neutral,0.743,Positive
5/20/2021,Neutral,0.16833333333333333,Positive
5/21/2021,Neutral,0.61375,Positive
5/24/2021,Neutral,0.348,Positive
5/25/2021,Neutral,0.348,Positive
5/26/2021,Neutral,0.348,Positive
5/27/2021,Neutral,0.999,Positive
5/28/2021,Neutral,0.835,Positive
6/1/2021,Neutral,0.998,Positive
6/2/2021,Neutral,0.997,Positive
6/3/2021,Neutral,0.9492,Positive
6/4/2021,Neutral,1.0,Positive
6/7/2021,Neutral,0.9525,Positive
6/8/2021,Neutral,0.757,Positive
6/9/2021,Neutral,0.7116,Positive
6/10/2021,Neutral,0.992,Positive
6/11/2021,Neutral,0.994,Positive
6/14/2021,Neutral,0.9981666666666666,Positive
6/15/2021,Neutral,0.9936666666666666,Positive
6/16/2021,Neutral,0.6765,Positive
6/17/2021,Neutral,0.7239999999999999,Positive
6/21/2021,Neutral,0.37650000000000006,Negative
6/22/2021,Neutral,0.8046,Positive
6/23/2021,Neutral,0.8046,Positive
6/24/2021,Neutral,0.993,Positive
6/25/2021,Neutral,0.993,Positive
6/28/2021,Neutral,0.7935,Positive
6/29/2021,Neutral,0.7935,Positive
6/30/2021,Neutral,0.9975,Positive
7/1/2021,Neutral,0.999,Positive
7/2/2021,Neutral,0.717,Positive
7/6/2021,Neutral,0.758,Positive
7/7/2021,Neutral,0.758,Positive
7/8/2021,Neutral,0.758,Positive
7/9/2021,Neutral,0.991,Positive
7/12/2021,Neutral,0.9964999999999999,Positive
7/13/2021,Neutral,0.8300000000000001,Positive
7/14/2021,Neutral,-0.586,Negative
7/15/2021,Neutral,0.98,Positive
7/16/2021,Neutral,1.0,Positive
7/19/2021,Neutral,0.994,Positive
7/20/2021,Neutral,0.994,Positive
7/21/2021,Neutral,0.992,Positive
7/22/2021,Neutral,-0.030600000000000026,Negative
7/23/2021,Neutral,-0.02499999999999998,Negative
7/26/2021,Neutral,0.35875,Positive
7/27/2021,Neutral,-0.43876923076923074,Negative
7/28/2021,Neutral,-0.356,Negative
7/29/2021,Neutral,-0.06539999999999999,Positive
7/30/2021,Neutral,-0.5506,Negative
8/2/2021,Neutral,0.002785714285714312,Positive
8/3/2021,Neutral,0.10656249999999999,Positive
8/4/2021,Neutral,-0.21425,Negative
8/5/2021,Neutral,-0.6074347826086955,Negative
8/6/2021,Neutral,-0.3255,Negative
8/9/2021,Neutral,-0.013411764705882326,Positive
8/10/2021,Neutral,-0.4094705882352941,Negative
8/11/2021,Neutral,-0.5578999999999998,Negative
8/12/2021,Neutral,-0.19966666666666666,Positive
8/13/2021,Neutral,-0.35237500000000005,Negative
8/16/2021,Neutral,-0.463,Negative
8/17/2021,Neutral,-0.2894,Negative
8/18/2021,Neutral,-0.16333333333333336,Negative
8/19/2021,Neutral,-0.0030666666666666546,Positive
8/20/2021,Neutral,-0.42999999999999994,Negative
8/23/2021,Neutral,-0.40312499999999996,Negative
8/24/2021,Neutral,-0.33453846153846156,Negative
8/25/2021,Neutral,-0.2417272727272727,Negative
8/26/2021,Neutral,-0.5278125,Negative
8/27/2021,Neutral,-0.07477777777777776,Negative
8/30/2021,Neutral,-0.29174999999999995,Negative
8/31/2021,Neutral,-0.580090909090909,Negative
9/1/2021,Neutral,-0.32461111111111113,Negative
9/2/2021,Neutral,-0.25372222222222224,Negative
9/3/2021,Neutral,-0.31375,Negative
9/7/2021,Neutral,0.2991428571428572,Positive
9/8/2021,Neutral,0.26185714285714284,Positive
9/9/2021,Neutral,-0.16742105263157894,Negative
9/10/2021,Neutral,-0.2765714285714286,Positive
9/13/2021,Neutral,-0.26446153846153847,Negative
9/14/2021,Neutral,-0.15005,Positive
9/15/2021,Neutral,-0.11146666666666667,Negative
9/16/2021,Neutral,0.5022222222222221,Positive
9/17/2021,Neutral,-0.15870588235294114,Negative
9/20/2021,Neutral,-0.43293333333333334,Negative
9/21/2021,Neutral,0.053115384615384634,Positive
9/22/2021,Neutral,0.10518749999999999,Positive
9/23/2021,Neutral,-0.19807142857142854,Negative
9/24/2021,Neutral,-0.31072222222222223,Negative
9/27/2021,Neutral,-0.37483333333333324,Negative
9/28/2021,Neutral,0.08072000000000001,Positive
9/29/2021,Neutral,-0.18679999999999997,Negative
9/30/2021,Neutral,-0.28274999999999995,Negative
10/1/2021,Neutral,-0.3208571428571428,Negative
10/4/2021,Neutral,-0.3221818181818181,Negative
10/5/2021,Neutral,0.98575,Positive
10/6/2021,Neutral,0.758,Positive
10/7/2021,Neutral,0.055999999999999994,Positive
10/8/2021,Neutral,1.0,Positive
10/12/2021,Neutral,0.93375,Positive
10/13/2021,Neutral,0.9895,Positive
10/14/2021,Neutral,0.991,Positive
10/15/2021,Neutral,0.999,Positive
10/18/2021,Neutral,0.999,Positive
10/19/2021,Neutral,-0.88975,Negative
10/20/2021,Neutral,0.12866666666666668,Positive
10/21/2021,Neutral,0.9696666666666668,Positive
10/22/2021,Neutral,0.4995,Positive
10/25/2021,Neutral,0.4995,Positive
10/26/2021,Neutral,-0.137,Negative
10/27/2021,Neutral,0.5690000000000001,Positive
10/28/2021,Neutral,0.4473333333333333,Positive
10/29/2021,Neutral,-0.856,Negative
11/1/2021,Neutral,0.9385,Positive
11/2/2021,Neutral,0.34958333333333336,Positive
11/3/2021,Neutral,0.4966285714285715,Positive
11/4/2021,Neutral,0.449,Positive
11/5/2021,Neutral,0.6625,Positive
11/8/2021,Neutral,0.2615,Positive
11/9/2021,Neutral,-0.201,Negative
11/10/2021,Neutral,0.72825,Positive
11/12/2021,Neutral,0.35600000000000004,Positive
11/15/2021,Neutral,0.35600000000000004,Positive
11/16/2021,Neutral,0.06161538461538463,Positive
11/17/2021,Neutral,-0.22666666666666668,Negative
11/18/2021,Neutral,-0.3201111111111111,Negative
11/19/2021,Neutral,0.1577777777777777,Positive
11/22/2021,Neutral,-0.13007692307692306,Negative
11/23/2021,Neutral,0.342,Positive
11/24/2021,Neutral,-0.27699999999999997,Positive
11/26/2021,Neutral,0.986,Positive
11/29/2021,Neutral,0.318,Positive
11/30/2021,Neutral,0.995,Positive
12/1/2021,Neutral,0.995,Positive
12/2/2021,Neutral,0.996,Positive
12/3/2021,Neutral,0.996,Positive
12/6/2021,Neutral,0.703,Positive
12/7/2021,Neutral,0.998,Positive
12/8/2021,Neutral,0.6990000000000001,Positive
12/9/2021,Neutral,-0.255,Negative
12/10/2021,Neutral,0.6950000000000001,Positive
12/13/2021,Neutral,0.999,Positive
12/14/2021,Neutral,0.5245000000000001,Positive
12/15/2021,Neutral,0.9515,Positive
12/16/2021,Neutral,0.6984,Positive
12/17/2021,Neutral,0.758,Positive
12/20/2021,Neutral,0.998,Positive
12/21/2021,Neutral,0.996,Positive
12/22/2021,Neutral,0.999,Positive
12/23/2021,Neutral,0.5,Positive
12/27/2021,Neutral,0.47,Positive
12/28/2021,Neutral,0.537,Positive
12/29/2021,Neutral,0.5715,Positive
12/30/2021,Neutral,0.881,Positive
1/3/2022,Neutral,0.8896666666666667,Positive
1/4/2022,Neutral,0.9824999999999999,Positive
1/5/2022,Neutral,0.9956666666666667,Positive
1/6/2022,Neutral,0.86175,Positive
1/7/2022,Neutral,0.23975,Positive
1/10/2022,Neutral,0.978,Positive
1/11/2022,Neutral,0.998,Positive
1/12/2022,Neutral,0.5786666666666666,Positive
1/13/2022,Neutral,0.8488333333333333,Positive
1/14/2022,Neutral,0.7885,Positive
1/18/2022,Neutral,0.49939999999999996,Positive
1/19/2022,Neutral,0.46568,Positive
1/20/2022,Neutral,0.6140909090909091,Positive
1/21/2022,Neutral,0.6231818181818182,Positive
1/24/2022,Neutral,0.44769999999999993,Positive
1/25/2022,Neutral,0.7145769230769231,Positive
1/26/2022,Neutral,0.6218666666666668,Positive
1/27/2022,Neutral,0.8105294117647058,Positive
1/28/2022,Neutral,0.7936,Positive
1/31/2022,Neutral,0.696625,Positive
2/1/2022,Neutral,0.8860666666666667,Positive
2/2/2022,Neutral,0.4790666666666666,Positive
2/3/2022,Neutral,0.664142857142857,Positive
2/4/2022,Neutral,0.9129999999999998,Positive
2/7/2022,Neutral,0.7468,Positive
2/8/2022,Neutral,0.8902000000000001,Positive
2/9/2022,Neutral,0.7884444444444445,Positive
2/10/2022,Neutral,0.0040000000000000036,Positive
2/11/2022,Neutral,0.789,Positive
2/14/2022,Neutral,0.8846666666666666,Positive
2/15/2022,Neutral,0.5952500000000001,Positive
2/16/2022,Neutral,0.22257142857142861,Positive
2/17/2022,Neutral,0.5215,Positive
2/18/2022,Neutral,0.6844444444444444,Positive
2/22/2022,Neutral,0.8610000000000001,Positive
2/23/2022,Neutral,0.42486666666666667,Positive
2/24/2022,Neutral,0.9944999999999999,Positive
2/25/2022,Neutral,0.659,Positive
2/28/2022,Neutral,0.772,Positive
3/1/2022,Neutral,0.6905,Positive
3/2/2022,Neutral,0.6905,Positive
3/3/2022,Neutral,0.999,Positive
3/4/2022,Neutral,0.0,Positive
3/7/2022,Neutral,0.9964999999999999,Positive
3/8/2022,Neutral,0.9864999999999999,Positive
3/9/2022,Neutral,0.48774999999999996,Positive
3/10/2022,Neutral,0.9684999999999999,Positive
3/11/2022,Neutral,0.9684999999999999,Positive
3/14/2022,Neutral,0.81075,Positive
3/15/2022,Neutral,0.9969999999999999,Positive
3/16/2022,Neutral,0.986,Positive
3/17/2022,Neutral,0.9583333333333334,Positive
3/18/2022,Neutral,0.9583333333333334,Positive
3/21/2022,Neutral,0.9605,Positive
3/22/2022,Neutral,0.9605,Positive
3/23/2022,Neutral,0.9605,Positive
3/24/2022,Neutral,0.999,Positive
3/25/2022,Neutral,-0.917,Negative
3/28/2022,Neutral,0.9957499999999999,Positive
3/29/2022,Neutral,0.24757142857142858,Positive
3/30/2022,Neutral,-0.273,Negative
3/31/2022,Neutral,-0.11500000000000002,Negative
4/1/2022,Neutral,0.5964999999999999,Positive
4/4/2022,Neutral,0.4935,Positive
4/5/2022,Neutral,0.463,Positive
4/6/2022,Neutral,0.99,Positive
4/7/2022,Neutral,0.6402857142857142,Positive
4/8/2022,Neutral,0.6402857142857142,Positive
4/11/2022,Neutral,0.41616666666666663,Positive
4/12/2022,Neutral,0.982,Positive
4/13/2022,Neutral,0.4206666666666667,Positive
4/14/2022,Neutral,-0.613,Negative
4/15/2022,Neutral,0.586,Positive
4/18/2022,Neutral,0.999,Positive
4/19/2022,Neutral,0.6017999999999999,Positive
4/20/2022,Neutral,0.33266666666666667,Positive
4/21/2022,Neutral,0.05458333333333334,Negative
4/22/2022,Neutral,0.5293333333333333,Positive
4/25/2022,Neutral,0.14453846153846153,Positive
4/26/2022,Neutral,0.54925,Positive
4/27/2022,Neutral,0.23800000000000002,Positive
4/28/2022,Neutral,0.41133333333333333,Positive
4/29/2022,Neutral,-0.16299999999999998,Positive
5/2/2022,Neutral,0.3706999999999999,Positive
5/3/2022,Neutral,0.6335999999999999,Positive
5/4/2022,Neutral,-0.691,Negative
5/5/2022,Neutral,0.19666666666666666,Positive
5/6/2022,Neutral,0.03733333333333333,Positive
5/9/2022,Neutral,0.998,Positive
5/10/2022,Neutral,0.948,Positive
5/11/2022,Neutral,0.474,Positive
5/12/2022,Neutral,0.474,Positive
5/13/2022,Neutral,0.76325,Positive
5/16/2022,Neutral,0.765,Positive
5/17/2022,Neutral,0.926,Positive
5/18/2022,Neutral,0.393,Positive
5/19/2022,Neutral,0.382,Positive
5/20/2022,Neutral,0.7404999999999999,Positive
5/23/2022,Neutral,0.5673076923076923,Positive
5/24/2022,Neutral,0.6213333333333333,Positive
5/25/2022,Neutral,-0.273,Negative
5/26/2022,Neutral,0.997,Positive
5/27/2022,Neutral,0.99475,Positive
5/31/2022,Neutral,1.0,Positive
6/1/2022,Neutral,1.0,Positive
6/2/2022,Neutral,0.6086,Positive
6/3/2022,Neutral,0.49275,Positive
6/6/2022,Neutral,0.49275,Positive
6/7/2022,Neutral,0.382,Positive
6/8/2022,Neutral,0.7342500000000001,Positive
6/9/2022,Neutral,0.8649999999999999,Positive
6/10/2022,Neutral,0.903625,Positive
6/13/2022,Neutral,0.6811428571428572,Positive
6/14/2022,Neutral,0.997,Positive
6/15/2022,Neutral,0.9944999999999999,Positive
6/16/2022,Neutral,-0.28474999999999995,Negative
6/17/2022,Neutral,-0.28474999999999995,Negative
6/21/2022,Neutral,0.5983333333333333,Positive
6/22/2022,Neutral,0.36424999999999996,Positive
6/23/2022,Neutral,0.36424999999999996,Positive
6/24/2022,Neutral,0.73275,Positive
6/27/2022,Neutral,0.557,Positive
6/28/2022,Neutral,0.0,Positive
6/29/2022,Neutral,0.716,Positive
6/30/2022,Neutral,0.9936666666666666,Positive
7/1/2022,Neutral,0.6824,Positive
7/5/2022,Neutral,0.519,Positive
7/6/2022,Neutral,0.40064285714285713,Positive
7/7/2022,Neutral,0.6626666666666666,Positive
7/8/2022,Neutral,0.9995,Positive
7/11/2022,Neutral,0.921,Positive
7/12/2022,Neutral,0.1745,Positive
7/13/2022,Neutral,0.999,Positive
7/14/2022,Neutral,0.9935,Positive
7/15/2022,Neutral,0.8755,Positive
7/18/2022,Neutral,0.7866666666666667,Positive
7/19/2022,Neutral,0.91225,Positive
7/20/2022,Neutral,0.1205,Negative
7/21/2022,Neutral,0.9226666666666666,Positive
7/22/2022,Neutral,0.0,Positive
7/25/2022,Neutral,0.6826666666666666,Positive
7/26/2022,Neutral,0.6826666666666666,Positive
7/27/2022,Neutral,0.75025,Positive
7/28/2022,Neutral,0.99,Positive
7/29/2022,Neutral,0.9375,Positive
8/1/2022,Neutral,0.4125,Positive
8/2/2022,Neutral,0.6066666666666666,Positive
8/3/2022,Neutral,0.17140000000000005,Negative
8/4/2022,Neutral,0.14850000000000002,Positive
8/5/2022,Neutral,0.14850000000000002,Positive
8/8/2022,Neutral,0.459,Positive
8/9/2022,Neutral,0.7573333333333334,Positive
8/10/2022,Neutral,-0.723,Negative
8/11/2022,Neutral,-0.723,Negative
8/12/2022,Neutral,-0.723,Negative
8/15/2022,Neutral,0.3166,Positive
8/16/2022,Neutral,0.6345000000000001,Positive
8/17/2022,Neutral,0.2906666666666667,Positive
8/18/2022,Neutral,0.997,Positive
8/19/2022,Neutral,0.22966666666666669,Positive
8/22/2022,Neutral,0.755,Positive
8/23/2022,Neutral,0.755,Positive
8/24/2022,Neutral,0.996,Positive
8/25/2022,Neutral,0.999,Positive
8/26/2022,Neutral,0.731,Positive
8/29/2022,Neutral,0.963,Positive
8/30/2022,Neutral,0.8265,Positive
8/31/2022,Neutral,0.9775,Positive
9/1/2022,Neutral,0.1315384615384615,Positive
9/2/2022,Neutral,0.929,Positive
9/6/2022,Neutral,0.929,Positive
9/7/2022,Neutral,0.6523333333333333,Positive
9/8/2022,Neutral,-0.852,Negative
9/9/2022,Neutral,0.6165,Positive
9/12/2022,Neutral,0.999,Positive
9/13/2022,Neutral,0.8460000000000001,Positive
9/14/2022,Neutral,0.21775,Positive
9/15/2022,Neutral,0.4311111111111111,Positive
9/16/2022,Neutral,0.7016666666666668,Positive
9/19/2022,Neutral,0.992,Positive
9/20/2022,Neutral,-0.461,Negative
